episode,reward,steps,train_success,train_collision,train_timeout,final_distance,exploration_noise
0,9.336789783297458,200,0,0,1,17.657176693310735,0.05
1,15.009739896327757,200,0,0,1,8.070077293497237,0.05
2,20.193401264908925,200,0,0,1,7.452531186960709,0.05
3,28.35124608665284,200,0,0,1,7.892514592515811,0.05
4,-29.589070580370247,200,0,0,1,5.508380645319914,0.05
5,-94.84531911700215,70,0,0,0,15.249884429092434,0.05
6,-186.72864265346942,41,0,0,0,21.168174530890035,0.05
7,-202.82739641645873,64,0,0,0,30.000037359240707,0.05
8,-162.11670104221344,52,0,0,0,27.343677674867607,0.05
9,-286.56723543630767,58,0,0,0,33.070429494841946,0.05
10,-90.9516530142101,38,0,0,0,15.533834693657349,0.05
11,-182.44078357054974,155,0,0,0,22.361131351953762,0.05
12,-212.05363912141823,104,0,0,0,18.106550618050644,0.05
13,-113.99800796950052,180,0,0,0,18.323076158583376,0.05
14,18.228259109355403,200,0,0,1,6.030586730902209,0.05
15,-11.88856277280462,200,0,0,1,12.299303941752882,0.05
16,-72.11139222189205,137,0,0,0,11.89614981645665,0.05
17,-42.6189442987956,93,0,0,0,9.80387910928492,0.05
18,199.94394317799328,38,1,0,0,1.3190056767510048,0.05
19,-1.3472202571693828,153,0,0,0,8.294807362738915,0.05
20,-9.41006950349108,132,0,0,0,8.229606144833939,0.05
21,73.96723313404655,200,0,0,1,4.804602677106372,0.05
22,8.173915642467978,200,0,0,1,7.393254515504992,0.05
23,25.039978784346328,200,0,0,1,6.058192449063189,0.05
24,20.47959105729873,200,0,0,1,5.1438844343757,0.05
25,37.070733798606526,200,0,0,1,3.797614869558522,0.05
26,62.68911427313238,200,0,0,1,6.271137534580918,0.05
27,54.003024126016285,200,0,0,1,3.9382705149829698,0.05
28,114.76946559874624,200,0,0,1,3.793654954023614,0.05
29,51.7874015364853,200,0,0,1,2.2319249219396173,0.05
30,24.909480259415815,200,0,0,1,3.6128760131272775,0.05
31,60.29223742564377,200,0,0,1,4.365376717015956,0.05
32,40.15014005992199,200,0,0,1,3.779358748072714,0.05
33,17.222005626917916,200,0,0,1,4.764747110324373,0.05
34,138.28871955273834,195,1,0,0,1.4837663100724399,0.05
35,41.42850925460152,200,0,0,1,7.251669515065606,0.05
36,154.56542673163347,30,1,0,0,1.464822456985432,0.05
37,27.646056257976518,200,0,0,1,3.9135426403201916,0.05
38,47.788468496559965,200,0,0,1,3.289197134228981,0.05
39,146.88424319416492,136,1,0,0,1.453378346594394,0.05
40,18.87257629330515,200,0,0,1,5.685924762211307,0.05
41,48.57900083116365,200,0,0,1,6.085706174794006,0.05
42,133.40165908179046,20,1,0,0,1.486947099473326,0.05
43,55.83456703861466,200,0,0,1,3.7483364305706752,0.05
44,71.31606604381157,200,0,0,1,4.53064527289745,0.05
45,89.3414221901051,200,0,0,1,3.705118792324863,0.05
46,40.47240296995271,200,0,0,1,5.0993561177412845,0.05
47,162.02728860186156,141,1,0,0,1.477463108600209,0.05
48,201.0709284639674,57,1,0,0,1.4793455577176258,0.05
49,24.63738255641327,200,0,0,1,4.872498535149914,0.05
50,78.51193340618003,200,0,0,1,2.027843313217534,0.05
51,-8.096861858393304,93,0,0,0,6.36442804183931,0.05
52,81.91060759334444,200,0,0,1,5.059766684008261,0.05
53,67.2179667698373,200,0,0,1,6.824600654431231,0.05
54,152.0941530187858,15,1,0,0,1.4501888485994303,0.05
55,63.530040091446615,200,0,0,1,7.240920645007102,0.05
56,61.45492308234532,200,0,0,1,4.809100195957501,0.05
57,38.959736992662904,200,0,0,1,6.0139152471685735,0.05
58,66.67263615043908,200,0,0,1,3.4170411430430754,0.05
59,43.89996333736506,200,0,0,1,3.394068047821225,0.05
60,117.97400521207332,200,0,0,1,4.567574116439933,0.05
61,35.46623604527804,200,0,0,1,2.1756313292941942,0.05
62,43.98085737330553,200,0,0,1,4.206319111653256,0.05
63,165.68863335283604,157,1,0,0,1.4307502919031319,0.05
64,139.3669989458489,78,1,0,0,1.411620163850422,0.05
65,77.40583154291676,200,0,0,1,2.549741387700363,0.05
66,170.6000258267543,84,1,0,0,1.4982985638060802,0.05
67,98.64275065769844,200,0,0,1,5.268885667653015,0.05
68,158.8015491113926,31,1,0,0,1.4192256905980747,0.05
69,25.440770680851603,200,0,0,1,5.157633500464556,0.05
70,37.966679740024304,200,0,0,1,3.829385608962718,0.05
71,113.62278177998066,200,0,0,1,3.285357574331071,0.05
72,65.07466600578269,200,0,0,1,3.7379236499498925,0.05
73,106.99522493404525,6,1,0,0,1.4706568663411486,0.05
74,122.92878715921914,200,0,0,1,2.6080553190465934,0.05
75,71.53485589251567,200,0,0,1,2.895947002127046,0.05
76,44.19464622163447,200,0,0,1,3.453657751369342,0.05
77,192.74354617681928,53,1,0,0,1.4586678999470282,0.05
78,95.087909731166,200,0,0,1,2.1217345502529685,0.05
79,186.62564956587076,130,1,0,0,1.4484128135143846,0.05
80,85.14537964176067,200,0,0,1,4.118330553217934,0.05
81,182.84025494755682,37,1,0,0,1.4577719982193431,0.05
82,9.970169583866806,200,0,0,1,4.280975733240913,0.05
83,226.4385514945618,81,1,0,0,1.4335072398745863,0.05
84,161.73092797479495,21,1,0,0,1.4437549124810907,0.05
85,54.813836429242336,200,0,0,1,2.3421418953298865,0.05
86,47.46933230940702,200,0,0,1,2.7077475609148993,0.05
87,15.493947432719265,200,0,0,1,2.919660514475656,0.05
88,49.498420557718184,200,0,0,1,3.330566879592468,0.05
89,120.61786288017639,200,0,0,1,2.0202231969772293,0.05
90,72.9483321532137,200,0,0,1,1.5971754539203804,0.05
91,88.83186637891346,200,0,0,1,2.6511118757263783,0.05
92,73.73964505778059,200,0,0,1,2.840554283431356,0.05
93,154.84995906984568,25,1,0,0,1.458756559580002,0.05
94,173.20535823552655,61,1,0,0,1.44446544713838,0.05
95,170.9725223492605,23,1,0,0,1.4934237382755413,0.05
96,69.93249696667708,200,0,0,1,4.436104347037924,0.05
97,146.6872128745525,106,1,0,0,1.4626823550593813,0.05
98,52.10017720766678,200,0,0,1,3.120794000470782,0.05
99,106.75408094798121,200,0,0,1,3.245058975234893,0.05
100,67.74100859007477,200,0,0,1,3.0984660110106113,0.05
101,132.58270752627175,140,1,0,0,1.4836908300130296,0.05
102,128.4243171252682,11,1,0,0,1.3981849419515795,0.05
103,159.99182179188782,175,1,0,0,1.4484953186002514,0.05
104,177.1685480513894,46,1,0,0,1.4738439301054114,0.05
105,149.1880942223073,182,1,0,0,1.4558813212758897,0.05
106,46.06366885962983,200,0,0,1,6.467395659057578,0.05
107,46.80647831658652,200,0,0,1,5.30408630547266,0.05
108,124.38430638233083,178,1,0,0,1.475673984339802,0.05
109,61.99072079211436,200,0,0,1,6.381761819131539,0.05
110,49.58527476256193,200,0,0,1,4.426389065626478,0.05
111,148.8381634900035,104,1,0,0,1.4941835589677033,0.05
112,83.3452211821312,200,0,0,1,2.7304087829761703,0.05
113,48.07983644493498,200,0,0,1,3.027364289352842,0.05
114,185.40442558936235,21,1,0,0,1.4466672301912349,0.05
115,66.83778307049445,200,0,0,1,3.498804261841018,0.05
116,43.04388623840672,200,0,0,1,3.4302263973601765,0.05
117,132.45717132640763,200,0,0,1,3.3595173277890944,0.05
118,79.36671362073292,200,0,0,1,5.154663043507502,0.05
119,166.78769132227671,151,1,0,0,1.4112975225857343,0.05
120,91.13441515968907,200,0,0,1,8.821415679266758,0.05
121,160.42502626426494,31,1,0,0,1.4282615848953688,0.05
122,264.4537447795096,64,1,0,0,1.432300036458453,0.05
123,175.06935405868848,23,1,0,0,1.405334647233525,0.05
124,58.602700592178614,200,0,0,1,6.781326319176591,0.05
125,19.466409799797738,200,0,0,1,4.797880071929162,0.05
126,107.36853995246172,200,0,0,1,3.5628418419598926,0.05
127,177.86927689753705,35,1,0,0,1.4472398987917992,0.05
128,5.516311959525993,200,0,0,1,2.984294967829598,0.05
129,9.84195567888539,200,0,0,1,7.202163429594892,0.05
130,18.201436075289287,200,0,0,1,3.6697588873673608,0.05
131,191.39468132747692,66,1,0,0,1.451645893721132,0.05
132,104.61303221720742,2,1,0,0,1.3915354716750836,0.05
133,183.743155401619,55,1,0,0,1.4705351878078978,0.05
134,173.78176474428034,29,1,0,0,1.4494485793448422,0.05
135,20.904438102040338,200,0,0,1,6.915896083941348,0.05
136,155.63019306429265,32,1,0,0,1.4503096948082805,0.05
137,150.3450777491456,21,1,0,0,1.4135861111020405,0.05
138,20.818696942228897,200,0,0,1,4.081001270521184,0.05
139,214.57085067568727,38,1,0,0,1.4227929803743733,0.05
140,109.74632038097326,4,1,0,0,1.484834444163831,0.05
141,172.3624601346345,36,1,0,0,1.4906241965533373,0.05
142,191.1049664571634,41,1,0,0,1.4853540754684327,0.05
143,18.633703658906057,200,0,0,1,3.2607610770693967,0.05
144,18.30453328095636,200,0,0,1,2.9392818659487396,0.05
145,171.84241490733348,28,1,0,0,1.4147162612647375,0.05
146,90.65807122927069,200,0,0,1,4.0727749391517545,0.05
147,141.53986604336126,70,1,0,0,1.4621506963441673,0.05
148,73.94164469481531,200,0,0,1,2.8710298469628226,0.05
149,144.9371436841484,113,1,0,0,1.4851955629851763,0.05
150,178.96148770086074,28,1,0,0,1.3311984953933542,0.05
151,36.28843528590663,200,0,0,1,4.825334807841855,0.05
152,171.95628984809605,42,1,0,0,1.4385871298031048,0.05
153,214.23482601719365,35,1,0,0,1.4898911206214458,0.05
154,114.52449840013819,12,1,0,0,1.4859348501997618,0.05
155,65.9614080121826,200,0,0,1,4.67455241869395,0.05
156,58.25236423531505,200,0,0,1,3.0855048580025946,0.05
157,26.975994165254576,200,0,0,1,4.1352312247533565,0.05
158,46.48899942569711,200,0,0,1,3.553047103808076,0.05
159,168.0697486428728,30,1,0,0,1.3826462904934356,0.05
160,123.8694479720235,7,1,0,0,1.486529499753204,0.05
161,37.074683120979564,200,0,0,1,5.991624238971755,0.05
162,18.606433753692286,200,0,0,1,2.7877948164759943,0.05
163,19.718401947023175,200,0,0,1,5.726699126546481,0.05
164,35.03358358901689,200,0,0,1,2.4541864521229497,0.05
165,69.89483058622044,200,0,0,1,2.3889883179596874,0.05
166,119.12145150652279,8,1,0,0,1.4645003682348263,0.05
167,33.28706986092693,200,0,0,1,2.562748295731895,0.05
168,210.9408198835302,43,1,0,0,1.4969111497075427,0.05
169,146.20154047268954,18,1,0,0,1.4778422187486493,0.05
170,124.5834189616974,11,1,0,0,1.3697452587343342,0.05
171,119.27107187972972,6,1,0,0,1.2750485448327251,0.05
172,200.36699605348159,127,1,0,0,1.4980693945116657,0.05
173,46.0115503687166,200,0,0,1,3.6506830651870437,0.05
174,68.38284694264013,200,0,0,1,3.0732557043832682,0.05
175,191.8296998898026,37,1,0,0,1.399306806028978,0.05
176,133.39272574858083,123,1,0,0,1.4960269934580335,0.05
177,191.0097986494527,107,1,0,0,1.4903422187635817,0.05
178,37.185801343330716,200,0,0,1,1.6857211223303907,0.05
179,32.461682073322,200,0,0,1,3.7270072238539287,0.05
180,138.3519105101431,116,1,0,0,1.495340879549181,0.05
181,178.34976663448276,20,1,0,0,1.47352452385787,0.05
182,67.84298019961405,200,0,0,1,4.4502885234836125,0.05
183,161.99081327105867,22,1,0,0,1.4457849697688057,0.05
184,121.562815626736,9,1,0,0,1.2533938677921503,0.05
185,21.00755882368513,200,0,0,1,2.96156908403162,0.05
186,52.435377533093025,200,0,0,1,2.1420259331925466,0.05
187,255.03723264332552,117,1,0,0,1.493730117273547,0.05
188,198.62116831769387,175,1,0,0,1.4761033668041226,0.05
189,184.29904636918033,23,1,0,0,1.381143434718928,0.05
190,59.16163685448806,200,0,0,1,2.9610537804522346,0.05
191,179.78580907290927,67,1,0,0,1.4879734733918641,0.05
192,162.15603261437641,22,1,0,0,1.324060908066499,0.05
193,100.0,1,1,0,0,1.0096385933248082,0.05
194,177.1073645461468,85,1,0,0,1.468163875638166,0.05
195,148.72782714686377,18,1,0,0,1.43402441928055,0.05
196,133.40757270611664,10,1,0,0,1.3580808098476416,0.05
197,152.13606387052153,18,1,0,0,1.4988462326928533,0.05
198,181.8824219843959,23,1,0,0,1.4865243492421734,0.05
199,202.04930553694174,32,1,0,0,1.362818467628371,0.05
200,133.83175591386654,200,0,0,1,3.4018725623218837,0.05
201,141.66692850123027,120,1,0,0,1.4879408218952352,0.05
202,177.51077531161536,42,1,0,0,1.4802001960061715,0.05
203,165.90645564786337,18,1,0,0,1.4143125605323126,0.05
204,153.13674786731508,20,1,0,0,1.435040632659781,0.05
205,151.33172455226557,19,1,0,0,1.4653713651227003,0.05
206,175.08813023715305,27,1,0,0,1.478868132197894,0.05
207,164.71476248688646,24,1,0,0,1.364813365152044,0.05
208,67.25749937012735,200,0,0,1,2.1709128889911247,0.05
209,55.53017918459243,200,0,0,1,2.4912945864004294,0.05
210,187.70124914032624,27,1,0,0,1.3304132197842535,0.05
211,40.666568027012055,200,0,0,1,1.7443874101176031,0.05
212,176.1422226923006,23,1,0,0,1.4007806876601592,0.05
213,175.60787402528211,27,1,0,0,1.480493004438171,0.05
214,170.6442552192558,19,1,0,0,1.3840513215947605,0.05
215,100.63420499692987,200,0,0,1,2.346697919441402,0.05
216,168.94747272521874,23,1,0,0,1.4678564297875176,0.05
217,69.5186924423068,200,0,0,1,2.614543343400235,0.05
218,93.80703355076967,200,0,0,1,1.7727495832453424,0.05
219,175.12571565140098,20,1,0,0,1.4064050268611448,0.05
220,159.93431675926803,46,1,0,0,1.4717680208853225,0.05
221,159.38499880114875,27,1,0,0,1.43344562429007,0.05
222,77.72053657473897,200,0,0,1,2.0283930769131473,0.05
223,184.1539767611511,36,1,0,0,1.4790367152928574,0.05
224,159.9204146977413,200,0,0,1,2.5057421610148096,0.05
225,157.4721724513897,21,1,0,0,1.4421988570045003,0.05
226,193.4850969797626,57,1,0,0,1.4948377389890308,0.05
227,199.26250327121153,33,1,0,0,1.3741407188029884,0.05
228,66.17010867064481,200,0,0,1,3.4306033952213735,0.05
229,155.48542631617892,14,1,0,0,1.1418480519533982,0.05
230,177.6021169922443,22,1,0,0,1.487340589349237,0.05
231,180.43151704059431,22,1,0,0,1.3023013368781111,0.05
232,179.10068073011485,26,1,0,0,1.3577020626474992,0.05
233,185.04809607500596,19,1,0,0,1.4415554747701986,0.05
234,147.58556120098206,16,1,0,0,1.3893630160365045,0.05
235,159.93807459234336,181,1,0,0,1.4805228137807915,0.05
236,208.20222272556518,27,1,0,0,1.44780106179658,0.05
237,178.18030780252363,20,1,0,0,1.3007721164053156,0.05
238,127.32606349927988,36,1,0,0,1.4793260500612142,0.05
239,67.73155782566006,200,0,0,1,3.567632223398497,0.05
240,66.78154120932226,200,0,0,1,2.9960304612849793,0.05
241,85.01713203299292,200,0,0,1,3.9691005031057234,0.05
242,100.0,1,1,0,0,1.2460817586755089,0.05
243,207.26381584175573,154,1,0,0,1.476818222879833,0.05
244,143.1783506982885,21,1,0,0,1.489069426746198,0.05
245,153.47273356542505,22,1,0,0,1.4299387087489812,0.05
246,166.39570795859646,28,1,0,0,1.4248605962375849,0.05
247,85.04764591584154,200,0,0,1,3.1545478648888925,0.05
248,179.31159359239712,70,1,0,0,1.4593628791434836,0.05
249,156.47814329282755,37,1,0,0,1.4955926736984009,0.05
250,171.2341783934844,61,1,0,0,1.4581282338911712,0.05
251,48.36149651582314,200,0,0,1,2.731846733711184,0.05
252,148.82218797725375,17,1,0,0,1.4795212240209095,0.05
253,109.35424816347627,10,1,0,0,1.4800092140443857,0.05
254,130.4656124912695,16,1,0,0,1.4254890216369827,0.05
255,194.27898342465812,37,1,0,0,1.4489832677510408,0.05
256,131.15231682017952,14,1,0,0,1.463306739832042,0.05
257,163.95553756239156,35,1,0,0,1.4076570136701947,0.05
258,186.8622910612287,31,1,0,0,1.3415824147777984,0.05
259,164.8158354980041,22,1,0,0,1.4469834398523072,0.05
260,110.17206548822932,7,1,0,0,1.4170726704994343,0.05
261,163.2444087898503,23,1,0,0,1.4333175024940472,0.05
262,88.8556723119953,200,0,0,1,2.3217313007614053,0.05
263,88.00552487630638,200,0,0,1,2.1412398430136648,0.05
264,77.56499117309438,200,0,0,1,1.7190586491631283,0.05
265,137.63672606153523,10,1,0,0,1.4304356496464752,0.05
266,156.09859050823002,22,1,0,0,1.4525111465822536,0.05
267,177.47047643500878,25,1,0,0,1.3011906274609149,0.05
268,124.92058057578942,12,1,0,0,1.3621309766542986,0.05
269,70.17543071295614,200,0,0,1,2.596735087564263,0.05
270,85.05668914455109,200,0,0,1,3.828861938868101,0.05
271,193.19798984799655,85,1,0,0,1.493105595609498,0.05
272,127.97017254236329,200,0,0,1,3.8620048563554903,0.05
273,222.0733393233651,90,1,0,0,1.471023375469152,0.05
274,158.62381995239656,108,1,0,0,1.452543106156298,0.05
275,59.51578793101265,200,0,0,1,2.9757017469295084,0.05
276,135.86072561404416,20,1,0,0,1.4641186336480811,0.05
277,175.0890398811755,37,1,0,0,1.4371337096113332,0.05
278,104.75872564353077,200,0,0,1,1.7150407908742569,0.05
279,225.4281907249137,111,1,0,0,1.4593444206037953,0.05
280,139.03230882077503,11,1,0,0,1.3943062231235586,0.05
281,151.738753699812,44,1,0,0,1.4852713444322547,0.05
282,157.94266054433103,16,1,0,0,1.2988856248587382,0.05
283,173.24423804801881,166,1,0,0,1.4692033018301163,0.05
284,191.49840683008176,20,1,0,0,1.2803203047294782,0.05
285,184.30926586000626,22,1,0,0,1.4840228054357634,0.05
286,125.51880790364908,7,1,0,0,1.2120725265910035,0.05
287,170.03397840231722,20,1,0,0,1.4670112869880307,0.05
288,157.5103123054974,21,1,0,0,1.2252500685694454,0.05
289,176.7700023944319,23,1,0,0,1.288273663039271,0.05
290,159.6618097332271,18,1,0,0,1.341320271867182,0.05
291,37.016109922477035,200,0,0,1,2.9528912194308066,0.05
292,143.99242399114843,24,1,0,0,1.4894730100561129,0.05
293,101.3703219835948,200,0,0,1,1.988926031878657,0.05
294,215.8701082506073,33,1,0,0,1.43824958014918,0.05
295,79.44642120079583,200,0,0,1,1.8991307400440904,0.05
296,230.79093102412295,133,1,0,0,1.494370082193846,0.05
297,172.49703786006853,25,1,0,0,1.4541584678729411,0.05
298,131.51358832433166,200,0,0,1,2.4658308566794496,0.05
299,43.08314588046312,200,0,0,1,2.218634952581895,0.05
300,52.85800898034548,200,0,0,1,3.97780415435592,0.05
301,173.06840932894772,25,1,0,0,1.4978632891535815,0.05
302,173.03561710314364,117,1,0,0,1.471539061281885,0.05
303,222.30443059207687,49,1,0,0,1.4767790332687118,0.05
304,141.10465921819372,174,1,0,0,1.4749494098507652,0.05
305,214.06395010043155,39,1,0,0,1.4003088934837338,0.05
306,180.93164109089582,30,1,0,0,1.4654831550028227,0.05
307,200.5940939815213,38,1,0,0,1.4883116545664954,0.05
308,154.0485126431469,17,1,0,0,1.4706817569388728,0.05
309,158.0829150506471,136,1,0,0,1.4980888468866118,0.05
310,134.82705381450904,9,1,0,0,1.332911839132197,0.05
311,177.25741258799496,134,1,0,0,1.4974920943036125,0.05
312,193.3077117262191,33,1,0,0,1.3613163889058522,0.05
313,248.84507624173355,53,1,0,0,1.4626792565971507,0.05
314,187.36723645012836,109,1,0,0,1.4494370355521273,0.05
315,248.5987848458918,68,1,0,0,1.4516971292700591,0.05
316,111.54631274515195,4,1,0,0,1.17602387554417,0.05
317,162.90371932186804,16,1,0,0,1.3687475316820947,0.05
318,154.60058738655457,18,1,0,0,1.4235066987355767,0.05
319,60.0355442736214,200,0,0,1,3.733136037489926,0.05
320,166.54088419754714,19,1,0,0,1.40059666998544,0.05
321,198.43411639923985,28,1,0,0,1.2672123209054365,0.05
322,114.55824242996593,6,1,0,0,1.348427927258488,0.05
323,145.8217897575658,19,1,0,0,1.4526973370961311,0.05
324,192.29600286694574,50,1,0,0,1.4993543684561328,0.05
325,181.4963239247534,99,1,0,0,1.44883468563006,0.05
326,118.81210089298699,7,1,0,0,1.2605599930866416,0.05
327,157.8506200161651,21,1,0,0,1.3279917120028015,0.05
328,163.5134752296097,63,1,0,0,1.4986150730374022,0.05
329,155.21056638704914,22,1,0,0,1.4380869714250082,0.05
330,161.80794579256764,18,1,0,0,1.2176898158789595,0.05
331,115.20743175740772,5,1,0,0,1.417594290737987,0.05
332,183.90515431210383,26,1,0,0,1.498738132444813,0.05
333,175.55756627199634,58,1,0,0,1.4489922120134604,0.05
334,249.25983512373395,161,1,0,0,1.4976709729302322,0.05
335,237.37417013138756,49,1,0,0,1.465455135155392,0.05
336,183.35904309282836,28,1,0,0,1.4570952504200183,0.05
337,65.58672484815287,200,0,0,1,3.3624713610117993,0.05
338,154.70889815649997,59,1,0,0,1.4774699464825427,0.05
339,191.85185176433575,106,1,0,0,1.4689780281575433,0.05
340,166.87162788959543,32,1,0,0,1.4992336505641215,0.05
341,187.87945961936325,67,1,0,0,1.494407690594666,0.05
342,132.21623064859924,10,1,0,0,1.3566807960704144,0.05
343,147.78670522366278,14,1,0,0,1.2909744954197049,0.05
344,136.2995272662703,200,0,0,1,2.6299093900764494,0.05
345,178.93154453130438,29,1,0,0,1.325744366449644,0.05
346,154.27631024176708,17,1,0,0,1.3553862261656244,0.05
347,110.43755877533073,4,1,0,0,1.2918620272209649,0.05
348,184.51957477400543,23,1,0,0,1.4691410271201728,0.05
349,173.82438851403532,24,1,0,0,1.4103394942825316,0.05
350,148.5343553115865,19,1,0,0,1.3962842243291262,0.05
351,154.74579929602336,21,1,0,0,1.381553139544097,0.05
352,98.85662509690859,200,0,0,1,1.6788416862032385,0.05
353,153.76439551819448,24,1,0,0,1.4800409513905728,0.05
354,162.10125497786075,19,1,0,0,1.4174296302012974,0.05
355,114.64992791603186,5,1,0,0,1.3398436216363399,0.05
356,185.75583144783187,28,1,0,0,1.3831232644017861,0.05
357,169.305519390408,18,1,0,0,1.3881892918654177,0.05
358,121.05922812152089,8,1,0,0,1.410629620180399,0.05
359,164.30158796999862,183,1,0,0,1.499015028271959,0.05
360,159.73533888085234,24,1,0,0,1.442275147587735,0.05
361,146.54425577458872,21,1,0,0,1.471899660881909,0.05
362,188.34756768048135,44,1,0,0,1.467732568953884,0.05
363,249.25934316437935,52,1,0,0,1.4599091127402437,0.05
364,175.59931999393802,26,1,0,0,1.496334222560026,0.05
365,149.84762136092846,19,1,0,0,1.4608761137532387,0.05
366,158.20400019869768,62,1,0,0,1.4935367435534608,0.05
367,117.71483345283555,5,1,0,0,1.2647663726105078,0.05
368,152.11989779533698,18,1,0,0,1.2890957336739537,0.05
369,175.53334832201773,82,1,0,0,1.4833852099591185,0.05
370,158.21762825711295,18,1,0,0,1.2494424814791683,0.05
371,109.77953546463797,200,0,0,1,2.9847691514649113,0.05
372,172.2944415986442,134,1,0,0,1.4988425846524829,0.05
373,110.98713039810782,4,1,0,0,1.303090117867005,0.05
374,156.16418783756157,24,1,0,0,1.3491396499696,0.05
375,59.88313747317448,200,0,0,1,2.280392836584015,0.05
376,206.57113159977615,39,1,0,0,1.4548007394469813,0.05
377,174.91495191244206,19,1,0,0,1.3302179087607822,0.05
378,121.78280312187088,8,1,0,0,1.287113527350904,0.05
379,156.94981199066444,17,1,0,0,1.4276951994993583,0.05
380,35.6166057790817,200,0,0,1,2.390155893503855,0.05
381,46.11425848147756,200,0,0,1,3.567463465620219,0.05
382,165.87505055953028,17,1,0,0,1.2910024660700208,0.05
383,188.73837375851588,38,1,0,0,1.4681562236580852,0.05
384,151.5428343383026,94,1,0,0,1.4346871611486627,0.05
385,73.25437025814077,200,0,0,1,2.596485483401207,0.05
386,157.13082756614432,25,1,0,0,1.4510627921947938,0.05
387,253.71702977790716,78,1,0,0,1.4575480516331047,0.05
388,178.69835372870062,22,1,0,0,1.4658135643153027,0.05
389,186.1281489230351,37,1,0,0,1.441711815571435,0.05
390,121.59662945462962,200,0,0,1,2.966997654870837,0.05
391,182.7999398972912,174,1,0,0,1.4791059089742578,0.05
392,166.68481219366112,22,1,0,0,1.2438822892813306,0.05
393,144.8874733982683,16,1,0,0,1.413378759386776,0.05
394,190.14365395598062,26,1,0,0,1.4485183732812932,0.05
395,190.61759936878298,29,1,0,0,1.3566016446599127,0.05
396,144.31546257678832,17,1,0,0,1.4801110299802558,0.05
397,130.84513806296914,200,0,0,1,2.634113050576728,0.05
398,189.65984829451065,23,1,0,0,1.3404607336405048,0.05
399,-6.045149423173756,200,0,0,1,2.9968688582025504,0.05
400,125.5984082387002,8,1,0,0,1.3926479330930748,0.05
401,202.8574406690206,28,1,0,0,1.464035072605534,0.05
402,154.8396527873288,13,1,0,0,1.4529671004558053,0.05
403,187.71496625036735,29,1,0,0,1.439495385491161,0.05
404,109.83485484880758,200,0,0,1,3.47513615562344,0.05
405,146.67054448053983,14,1,0,0,1.4176156229236598,0.05
406,183.05454020334193,29,1,0,0,1.4833671353175548,0.05
407,133.21010683856252,12,1,0,0,1.4332196601207066,0.05
408,186.03178199000243,24,1,0,0,1.408185464956158,0.05
409,128.61822831782214,14,1,0,0,1.4955943062195423,0.05
410,149.65497863827147,21,1,0,0,1.4335868909997471,0.05
411,222.67708870055264,43,1,0,0,1.4908628350680768,0.05
412,153.88657854879395,23,1,0,0,1.4333778433545818,0.05
413,223.47544698669935,65,1,0,0,1.4751814205970724,0.05
414,230.01701180200703,126,1,0,0,1.475014309366876,0.05
415,78.08831404539802,200,0,0,1,2.5531503539994245,0.05
416,134.11070133229146,14,1,0,0,1.3863477125121066,0.05
417,172.23873741515155,23,1,0,0,1.2133638486809515,0.05
418,16.886618727462128,200,0,0,1,4.234909150887694,0.05
419,126.362136379163,9,1,0,0,1.35813515113466,0.05
420,121.75081431937825,8,1,0,0,1.4401066968341003,0.05
421,181.41106807243006,36,1,0,0,1.491689957110882,0.05
422,191.5747148069881,158,1,0,0,1.4712158616050275,0.05
423,92.9477762316133,200,0,0,1,2.9910672542826924,0.05
424,132.97169584240385,11,1,0,0,1.4808713230620951,0.05
425,121.89204787129371,8,1,0,0,1.372085179461796,0.05
426,171.20367486900267,37,1,0,0,1.4590555062282498,0.05
427,161.60365398859747,20,1,0,0,1.4992292284044975,0.05
428,139.83202360164194,28,1,0,0,1.4928738682594933,0.05
429,202.95185378064292,30,1,0,0,1.472433463690208,0.05
430,215.03133971068732,86,1,0,0,1.4336108004316905,0.05
431,147.9426872077844,15,1,0,0,1.3898380290943084,0.05
432,171.16913642392637,20,1,0,0,1.3684176479162924,0.05
433,73.57577785588039,200,0,0,1,2.151600665528713,0.05
434,90.92973457272426,200,0,0,1,2.646178747145138,0.05
435,176.95838723565817,34,1,0,0,1.4357759625680282,0.05
436,255.38556607277013,95,1,0,0,1.4936570735366068,0.05
437,141.90568881833545,200,0,0,1,2.130490155430828,0.05
438,76.26242105844527,200,0,0,1,2.981070090511033,0.05
439,188.31449929193826,102,1,0,0,1.4679647720356794,0.05
440,172.96030988940367,23,1,0,0,1.3962395770624298,0.05
441,165.98049499014866,31,1,0,0,1.4759062566223304,0.05
442,109.52545991402326,4,1,0,0,1.4801760401464987,0.05
443,184.08736411687931,27,1,0,0,1.4244200454336295,0.05
444,103.97696409963517,200,0,0,1,3.923539810779972,0.05
445,12.955462951719623,200,0,0,1,2.4879505868978415,0.05
446,81.26370964870128,200,0,0,1,3.143734988100041,0.05
447,64.05622708750839,200,0,0,1,3.8168772016938854,0.05
448,67.41188180710523,200,0,0,1,2.2627033802716747,0.05
449,90.69080890920064,200,0,0,1,2.3292477612682543,0.05
450,161.6827073486819,47,1,0,0,1.491346226138926,0.05
451,180.24226721800835,32,1,0,0,1.4516775653337906,0.05
452,152.18282795867722,13,1,0,0,1.3823635320604724,0.05
453,148.26829593978718,121,1,0,0,1.4878889930165553,0.05
454,149.01958622658046,15,1,0,0,1.4945503315088178,0.05
455,104.80060634190144,2,1,0,0,1.2412482232064184,0.05
456,118.48781599350421,200,0,0,1,1.8775475137818027,0.05
457,169.5088338655915,23,1,0,0,1.4634045972332217,0.05
458,40.28438112668785,200,0,0,1,2.222220393600511,0.05
459,225.92687641319935,140,1,0,0,1.4944536242206434,0.05
460,174.80678931930998,25,1,0,0,1.4560126074455297,0.05
461,165.7883013918674,25,1,0,0,1.3998926717105638,0.05
462,145.03137085393612,16,1,0,0,1.4357038184863933,0.05
463,185.65730534572222,58,1,0,0,1.4310013631565486,0.05
464,62.25579771610344,200,0,0,1,2.563230330254477,0.05
465,139.427315034986,11,1,0,0,1.2255312373902496,0.05
466,51.197354674382915,200,0,0,1,1.7866077962122169,0.05
467,99.30920350202999,200,0,0,1,2.3128991563719463,0.05
468,127.67897280588983,9,1,0,0,1.4413129191401066,0.05
469,148.394891896201,14,1,0,0,1.4851791396579592,0.05
470,136.7533675204327,14,1,0,0,1.2640175485710106,0.05
471,156.75313138881336,124,1,0,0,1.4758481431650776,0.05
472,44.95220817320918,200,0,0,1,2.312541094479479,0.05
473,131.99542602161236,12,1,0,0,1.3925620968103571,0.05
474,30.689009264418797,200,0,0,1,2.225014606178833,0.05
475,131.41710550281078,12,1,0,0,1.4648035988589552,0.05
476,156.40454866745188,17,1,0,0,1.3118933692267951,0.05
477,139.73990388331106,12,1,0,0,1.4440228233155026,0.05
478,116.14151920238386,200,0,0,1,2.990141613841759,0.05
479,170.00264324689076,18,1,0,0,1.482055174449804,0.05
480,183.99944039773527,27,1,0,0,1.4855564577457434,0.05
481,17.175104006453203,200,0,0,1,1.6863075144664466,0.05
482,165.36055729660507,26,1,0,0,1.4652065553033624,0.05
483,175.59261026472274,27,1,0,0,1.4288534459278868,0.05
484,167.7851978392095,21,1,0,0,1.340151184278556,0.05
485,38.93481102576292,200,0,0,1,2.1393872869853117,0.05
486,203.20971082453116,62,1,0,0,1.4972174512087946,0.05
487,203.1234732554694,30,1,0,0,1.381941608561471,0.05
488,205.6636922976845,49,1,0,0,1.4979801494822695,0.05
489,158.5849181883317,16,1,0,0,1.4740736633329208,0.05
490,162.84433803543237,19,1,0,0,1.2238359427302692,0.05
491,185.21159957674593,27,1,0,0,1.253094697292187,0.05
492,156.3683644996264,20,1,0,0,1.2704310049131766,0.05
493,176.83399210360852,157,1,0,0,1.4936385984444809,0.05
494,155.30437483350377,15,1,0,0,1.4026946752125733,0.05
495,162.39316814716602,19,1,0,0,1.3536645578707123,0.05
496,72.76448412291064,200,0,0,1,2.778691961373142,0.05
497,144.43138575959267,134,1,0,0,1.4991485232094626,0.05
498,160.73307063401109,21,1,0,0,1.2137125983727848,0.05
499,170.3877388654903,26,1,0,0,1.3860081827639166,0.05
500,153.073680653912,200,0,0,1,3.5385440133224377,0.05
501,175.19183865334617,71,1,0,0,1.4868336241482794,0.05
502,93.35043818436462,200,0,0,1,2.079818307421263,0.05
503,14.551997928122365,200,0,0,1,3.5294986637900583,0.05
504,120.74068847574716,70,1,0,0,1.4864574793392848,0.05
505,136.70505167947601,42,1,0,0,1.4853504851958492,0.05
506,163.51939585581044,23,1,0,0,1.4255216356790834,0.05
507,106.71421277206885,200,0,0,1,1.9809459174567292,0.05
508,189.6476673307884,42,1,0,0,1.4742008643477547,0.05
509,116.93156463190407,200,0,0,1,2.2138631166008813,0.05
510,103.40794462786266,27,1,0,0,1.4932670045037604,0.05
511,53.289492793582546,200,0,0,1,2.4298853595106866,0.05
512,210.6394126502799,64,1,0,0,1.466432228801831,0.05
513,194.39729928183357,30,1,0,0,1.3891785684211255,0.05
514,86.33287822238397,200,0,0,1,1.9758367870041658,0.05
515,166.95518022320437,18,1,0,0,1.3263978960138665,0.05
516,126.73942408734031,200,0,0,1,3.1819797350496057,0.05
517,206.18163633398905,184,1,0,0,1.4991721522944186,0.05
518,247.73977068538485,93,1,0,0,1.4700017986760978,0.05
519,111.84797530875812,4,1,0,0,1.4745694239614713,0.05
520,127.11783785130604,9,1,0,0,1.3551558074478849,0.05
521,165.84561895445324,146,1,0,0,1.4965642547827118,0.05
522,114.53051798515256,6,1,0,0,1.4591455733692515,0.05
523,41.46065511786896,200,0,0,1,3.3030944852789084,0.05
524,178.31643979388502,26,1,0,0,1.4410051342522614,0.05
525,45.53777237135979,200,0,0,1,3.0093536220068375,0.05
526,11.459415633257663,200,0,0,1,2.450522685503726,0.05
527,130.8314747427345,88,1,0,0,1.4986553656790367,0.05
528,147.0332172344539,18,1,0,0,1.3950878852671316,0.05
529,54.61557333045731,200,0,0,1,3.7821237076878056,0.05
530,165.6759745492393,144,1,0,0,1.454921404570669,0.05
531,244.18624119177673,57,1,0,0,1.449655530002749,0.05
532,119.04807108920217,10,1,0,0,1.477751888675871,0.05
533,174.73947332485633,28,1,0,0,1.4476922630895837,0.05
534,46.068925607138,200,0,0,1,2.920985309287809,0.05
535,168.1983047052663,18,1,0,0,1.2355142036716393,0.05
536,58.940156335144486,200,0,0,1,2.407748219104392,0.05
537,210.460246025263,28,1,0,0,1.4921984660410892,0.05
538,129.42799418905727,8,1,0,0,1.3518568205925776,0.05
539,159.77777503068836,13,1,0,0,1.1789219626744394,0.05
540,65.89466973694633,200,0,0,1,3.48044179065185,0.05
541,62.47134379141107,200,0,0,1,3.945116698550934,0.05
542,188.6729863376636,68,1,0,0,1.486044764297651,0.05
543,199.3032786563345,36,1,0,0,1.4415935476224189,0.05
544,80.15602262907974,200,0,0,1,3.0318915651613696,0.05
545,95.13990459973917,200,0,0,1,3.0174127156674038,0.05
546,81.59375693761633,200,0,0,1,4.422167359857603,0.05
547,27.095787336068142,200,0,0,1,2.6580818439118814,0.05
548,1.7992007524288316,200,0,0,1,3.743417081555729,0.05
549,62.53881460322467,200,0,0,1,1.882338356126089,0.05
550,157.50813192946993,19,1,0,0,1.4574897904223194,0.05
551,46.73861151970522,200,0,0,1,2.429767526025378,0.05
552,76.11054058819916,200,0,0,1,2.6136318156778384,0.05
553,191.14756775352953,83,1,0,0,1.4868130706992755,0.05
554,148.5745742082354,19,1,0,0,1.4923941366459186,0.05
555,36.833273132477906,200,0,0,1,2.795352678207674,0.05
556,65.79601524298042,200,0,0,1,2.2442273899729073,0.05
557,48.00979394212837,200,0,0,1,1.9639041059743108,0.05
558,161.81608895463557,39,1,0,0,1.4730706368470692,0.05
559,77.1013076579574,200,0,0,1,2.947563826263382,0.05
560,140.59497689468034,16,1,0,0,1.3944630252017962,0.05
561,168.93912132470052,17,1,0,0,1.4487045853719067,0.05
562,52.77140180695148,200,0,0,1,1.8612255679182166,0.05
563,165.66188325208748,28,1,0,0,1.484843356841507,0.05
564,151.39967447676167,21,1,0,0,1.4643354649094393,0.05
565,159.18756677360835,67,1,0,0,1.4939006547112244,0.05
566,120.80814104384366,8,1,0,0,1.206570762752777,0.05
567,75.30250322895027,200,0,0,1,3.075393195349912,0.05
568,175.10389954378059,195,1,0,0,1.4942233786007963,0.05
569,109.75828141535457,5,1,0,0,1.447996417775355,0.05
570,51.10457781039656,200,0,0,1,2.21460521773074,0.05
571,194.80098360994188,165,1,0,0,1.4939242080867237,0.05
572,73.76647395619871,200,0,0,1,2.915506264554389,0.05
573,167.31026581743947,26,1,0,0,1.4915707271631666,0.05
574,63.44673565728211,200,0,0,1,3.0608010006467397,0.05
575,113.96385465411798,12,1,0,0,1.4525320549798793,0.05
576,165.3405382722238,24,1,0,0,1.2785015070625008,0.05
577,157.86935157940144,51,1,0,0,1.4636959431020182,0.05
578,170.80564761862897,26,1,0,0,1.4731155386364192,0.05
579,-214.66827464482992,67,0,0,0,27.279033581425054,0.05
580,169.7843662198788,25,1,0,0,1.422729898190797,0.05
581,155.92925256548972,16,1,0,0,1.3376672438374713,0.05
582,162.7518164439792,33,1,0,0,1.488370772689691,0.05
583,222.79079408975548,42,1,0,0,1.4849986677444118,0.05
584,169.28805113426864,20,1,0,0,1.4788954984729281,0.05
585,200.1962667393854,23,1,0,0,1.3867363035734235,0.05
586,183.51068593623097,27,1,0,0,1.4369924575746629,0.05
587,185.82650809016718,21,1,0,0,1.2925647898883281,0.05
588,182.27226616155656,29,1,0,0,1.4347256642334338,0.05
589,142.57299703332495,200,0,0,1,2.217405348985857,0.05
590,163.34353569927936,17,1,0,0,1.2805827545845954,0.05
591,126.16990024644065,7,1,0,0,1.4827584543166161,0.05
592,119.53667392358122,9,1,0,0,1.2335704997045074,0.05
593,156.31372952759696,18,1,0,0,1.3889439713103429,0.05
594,45.985090488918736,200,0,0,1,2.069612239947119,0.05
595,205.0729746922533,31,1,0,0,1.4802372849617427,0.05
596,163.08082593157283,30,1,0,0,1.4440962226411465,0.05
597,250.24081115739617,60,1,0,0,1.4720596206151428,0.05
598,204.16248916494123,35,1,0,0,1.42560981796307,0.05
599,139.3226453355884,13,1,0,0,1.251654918097572,0.05
600,160.07201602390103,22,1,0,0,1.392939607523135,0.05
601,-55.292888807585214,152,0,0,0,13.218100240647543,0.05
602,44.05218740103866,200,0,0,1,2.3481671318946034,0.05
603,228.61449554737578,92,1,0,0,1.4887628726826452,0.05
604,197.99954360436172,129,1,0,0,1.4855351229441864,0.05
605,175.6715775599074,85,1,0,0,1.459308949074107,0.05
606,163.8792896412163,17,1,0,0,1.4288704150943043,0.05
607,155.02609820762433,16,1,0,0,1.2804221873507247,0.05
608,178.96985122581862,29,1,0,0,1.1781058897996997,0.05
609,161.29667742249308,17,1,0,0,1.2552865014163368,0.05
610,188.44271001890922,23,1,0,0,1.231051366908982,0.05
611,135.2267447180218,10,1,0,0,1.2246028900355939,0.05
612,135.86495826650344,15,1,0,0,1.429843065702266,0.05
613,155.00803816860352,110,1,0,0,1.4742075400447479,0.05
614,195.55736887264698,23,1,0,0,1.2780015688035862,0.05
615,189.7708781254148,36,1,0,0,1.4713105537288522,0.05
616,121.04218256734268,7,1,0,0,1.4737604368329296,0.05
617,164.0484575128126,21,1,0,0,1.4890174849350668,0.05
618,50.920843886516394,200,0,0,1,2.2891639639376455,0.05
619,156.12323221597046,17,1,0,0,1.4038458014199948,0.05
620,177.30134412867048,22,1,0,0,1.4376791995689662,0.05
621,146.71524866419742,14,1,0,0,1.4722762693697262,0.05
622,100.58675364278068,200,0,0,1,2.228466899596087,0.05
623,166.31054155747992,19,1,0,0,1.4024188665072823,0.05
624,203.0655015278123,29,1,0,0,1.4570830661006244,0.05
625,179.63308523679706,20,1,0,0,1.3482659250379463,0.05
626,172.68770290310079,24,1,0,0,1.4678553934958614,0.05
627,186.67075424233286,30,1,0,0,1.4607201874222093,0.05
628,151.1667389971037,129,1,0,0,1.49209252847048,0.05
629,78.57733143931388,200,0,0,1,1.7933546719766094,0.05
630,145.74300513443146,18,1,0,0,1.106745558503177,0.05
631,156.1904635134565,21,1,0,0,1.4987024271091476,0.05
632,179.86300209737954,62,1,0,0,1.494556749727972,0.05
633,142.08252433302727,14,1,0,0,1.417241557235873,0.05
634,142.52557659288254,12,1,0,0,1.3915095451010968,0.05
635,111.4958095337242,4,1,0,0,1.3822950606233657,0.05
636,118.1595356280761,6,1,0,0,1.490779420164793,0.05
637,164.05110194018727,17,1,0,0,1.448756068009855,0.05
638,174.48761063838626,21,1,0,0,1.292694665140235,0.05
639,191.53013419964623,190,1,0,0,1.4853397761789993,0.05
640,183.5727044021451,30,1,0,0,1.4956808046155317,0.05
641,157.60602978742094,20,1,0,0,1.4616120640393504,0.05
642,164.8534154729232,37,1,0,0,1.482704797559107,0.05
643,183.5215729436602,22,1,0,0,1.4349748370769755,0.05
644,157.97952817308388,22,1,0,0,1.4568213743976222,0.05
645,156.80754451113475,21,1,0,0,1.4824697674436482,0.05
646,205.91136610083214,57,1,0,0,1.4738851595572426,0.05
647,149.6528248581371,15,1,0,0,1.4271137995833938,0.05
648,146.51517978502898,19,1,0,0,1.48851750214628,0.05
649,167.70300937076752,26,1,0,0,1.2785345265674293,0.05
650,186.36468902266932,25,1,0,0,1.4751604310232853,0.05
651,194.16997548256617,51,1,0,0,1.4871285088172188,0.05
652,188.9279422836115,26,1,0,0,1.4956484021955456,0.05
653,164.85292235149643,23,1,0,0,1.2053931437609668,0.05
654,138.9372439631101,14,1,0,0,1.3378502802209988,0.05
655,167.9881820579659,16,1,0,0,1.217148975421032,0.05
656,75.65775795521829,200,0,0,1,1.617882361675862,0.05
657,197.6588966313784,30,1,0,0,1.3906302666771975,0.05
658,166.90533932061322,24,1,0,0,1.3457892130706224,0.05
659,83.29129078277788,200,0,0,1,3.002194147717103,0.05
660,181.03847873196057,23,1,0,0,1.4615981393896669,0.05
661,161.13253734539268,23,1,0,0,1.4875004244236938,0.05
662,158.13896631222747,47,1,0,0,1.4757066045927782,0.05
663,221.07677006354749,29,1,0,0,1.2890695216526373,0.05
664,171.181827386692,23,1,0,0,1.2172324033342192,0.05
665,199.1412905562346,25,1,0,0,1.2214714520754144,0.05
666,174.22015397838112,22,1,0,0,1.4928299834399796,0.05
667,178.65340090908433,29,1,0,0,1.2163561255196147,0.05
668,187.18012161733532,51,1,0,0,1.4786147979506978,0.05
669,155.03848870739,20,1,0,0,1.4760272715571192,0.05
670,203.16902909894836,138,1,0,0,1.4868899294762075,0.05
671,187.9219972779999,27,1,0,0,1.338519762152095,0.05
672,165.1116368613403,23,1,0,0,1.172142212032591,0.05
673,263.07474105264373,82,1,0,0,1.4719010559797985,0.05
674,179.01103039019927,24,1,0,0,1.3333728067338417,0.05
675,171.52636126155926,25,1,0,0,1.467510085347556,0.05
676,179.80382074733564,18,1,0,0,1.3674198232047896,0.05
677,121.63362127086558,7,1,0,0,1.289189918195474,0.05
678,113.0696157991453,4,1,0,0,1.48591040173554,0.05
679,259.227168039406,85,1,0,0,1.4898072841159227,0.05
680,171.5274520461161,40,1,0,0,1.4700396702036733,0.05
681,122.29959476461433,9,1,0,0,1.427427167068459,0.05
682,164.493523845024,90,1,0,0,1.490097724754097,0.05
683,137.06708122320157,14,1,0,0,1.4180589898392253,0.05
684,138.90202445103884,10,1,0,0,1.4968297611188357,0.05
685,207.04368336565904,71,1,0,0,1.475672875560924,0.05
686,172.9693851742496,21,1,0,0,1.2452398978937425,0.05
687,161.90702806514454,39,1,0,0,1.4496554907645856,0.05
688,222.24144947146547,47,1,0,0,1.4467008508417427,0.05
689,112.38050879673591,4,1,0,0,1.4678735965362832,0.05
690,253.4703199004583,124,1,0,0,1.4889586530936523,0.05
691,162.16920760210473,23,1,0,0,1.2509482773794967,0.05
692,196.89342149464017,31,1,0,0,1.453547796755395,0.05
693,176.96697690449292,116,1,0,0,1.4849411936641241,0.05
694,213.23383960573852,32,1,0,0,1.363814406797451,0.05
695,176.6438372810769,25,1,0,0,1.392722317534627,0.05
696,219.54957274472994,41,1,0,0,1.3419947430539978,0.05
697,205.98505032935003,38,1,0,0,1.3364007052026226,0.05
698,180.8395210087823,25,1,0,0,1.2215548470631936,0.05
699,173.2355072663101,82,1,0,0,1.422247705591421,0.05
700,183.0802445609413,26,1,0,0,1.3723503951057252,0.05
701,168.91106235427048,21,1,0,0,1.40264734308111,0.05
702,199.68595088687871,125,1,0,0,1.4967327761913525,0.05
703,149.77826266468247,17,1,0,0,1.463556828389935,0.05
704,192.9261629135679,30,1,0,0,1.4606625967479012,0.05
705,158.63162702269818,23,1,0,0,1.3590745040012835,0.05
706,200.13406958763662,39,1,0,0,1.4078870934702195,0.05
707,184.44472148670081,27,1,0,0,1.449303454469153,0.05
708,157.381300943273,19,1,0,0,1.497665174645924,0.05
709,170.08671666371907,22,1,0,0,1.3907425153265465,0.05
710,158.15308799603417,21,1,0,0,1.4707367530265165,0.05
711,159.48912501180348,20,1,0,0,1.4057747518173314,0.05
712,67.09368982962214,200,0,0,1,2.348140604338168,0.05
713,161.4021093357503,19,1,0,0,1.4005547602605422,0.05
714,161.36459200004597,21,1,0,0,1.1891350932976694,0.05
715,153.77409445152188,20,1,0,0,1.4735601062357357,0.05
716,145.00856387316094,15,1,0,0,1.2834326226777535,0.05
717,196.22576715342697,32,1,0,0,1.246525785140388,0.05
718,197.85952467311233,26,1,0,0,1.498529395066423,0.05
719,174.82586972527653,23,1,0,0,1.264937983202591,0.05
720,154.95023896554864,16,1,0,0,1.3440569007611347,0.05
721,181.90966855377408,21,1,0,0,1.3824721418784056,0.05
722,228.2173550435469,51,1,0,0,1.4291847856541706,0.05
723,110.88795406021625,4,1,0,0,1.3946187927969604,0.05
724,189.32331260270706,34,1,0,0,1.4910131178282255,0.05
725,185.93040679889964,22,1,0,0,1.3590820750448864,0.05
726,167.58510723612886,19,1,0,0,1.4192986271886614,0.05
727,181.939696645546,22,1,0,0,1.4567654911177113,0.05
728,136.2288064480101,10,1,0,0,1.1093012163023925,0.05
729,167.97271140160765,23,1,0,0,1.3376039615055053,0.05
730,175.4020642994156,24,1,0,0,1.420656874279602,0.05
731,167.39589909513998,20,1,0,0,1.3587714835246747,0.05
732,214.4721893628522,28,1,0,0,1.297700808457715,0.05
733,168.6725628128118,18,1,0,0,1.4945422369352277,0.05
734,169.08870249040953,24,1,0,0,1.489440872348922,0.05
735,161.85335338570155,18,1,0,0,1.3651334409228073,0.05
736,160.39564088759488,18,1,0,0,1.2725331885854145,0.05
737,148.26238892259641,14,1,0,0,1.3487103482880156,0.05
738,162.27327739732203,57,1,0,0,1.4916716208325738,0.05
739,100.0,1,1,0,0,1.4095610666309433,0.05
740,197.17192786815951,29,1,0,0,1.4092153487249413,0.05
741,145.41473862318713,13,1,0,0,1.3263312135654708,0.05
742,151.2054303873511,17,1,0,0,1.4206987896278667,0.05
743,188.54261155827896,29,1,0,0,1.4816634320362367,0.05
744,72.26877516438826,200,0,0,1,1.9035196982122937,0.05
745,216.9425146099181,35,1,0,0,1.3467917940746672,0.05
746,177.32964644776942,21,1,0,0,1.3359425711257635,0.05
747,161.62769913300335,20,1,0,0,1.2452801376835807,0.05
748,180.73925869268575,23,1,0,0,1.3716995584451703,0.05
749,245.5953408428618,52,1,0,0,1.4851659316590702,0.05
750,258.57608360474075,48,1,0,0,1.4373488228246556,0.05
751,196.41711701078748,22,1,0,0,1.4812031968400892,0.05
752,169.42943075998846,18,1,0,0,1.435481635550211,0.05
753,229.28109809467946,42,1,0,0,1.4440366147078532,0.05
754,165.69190305330187,24,1,0,0,1.2894877425767872,0.05
755,190.48558070200568,20,1,0,0,1.278510810881016,0.05
756,213.59774065074396,38,1,0,0,1.4399692481608255,0.05
757,193.96024404360918,25,1,0,0,1.3441313001000414,0.05
758,166.1174081262041,22,1,0,0,1.3195769384447216,0.05
759,189.01788304052718,23,1,0,0,1.408597023067272,0.05
760,118.34895467487306,6,1,0,0,1.452356513685829,0.05
761,114.5870898586204,5,1,0,0,1.2097067132415007,0.05
762,163.58854771256676,21,1,0,0,1.2714502753234356,0.05
763,166.93257666263992,19,1,0,0,1.289023696958659,0.05
764,231.91069216920246,38,1,0,0,1.3299686059841243,0.05
765,158.76605172400502,19,1,0,0,1.4099614261319593,0.05
766,193.77173107898548,24,1,0,0,1.3388539340739394,0.05
767,179.31102465351825,23,1,0,0,1.4324893745232996,0.05
768,127.42946515703147,13,1,0,0,1.3502336849087049,0.05
769,127.5273379082243,8,1,0,0,1.1501829686346414,0.05
770,176.1211955060307,21,1,0,0,1.3231560679590695,0.05
771,198.88520115059967,23,1,0,0,1.437466599763208,0.05
772,143.25521940283122,14,1,0,0,1.315189788676795,0.05
773,190.9814044246677,24,1,0,0,1.445676717727036,0.05
774,165.64181932623626,21,1,0,0,1.1785031764915357,0.05
775,114.13497765031335,4,1,0,0,1.3452398154049519,0.05
776,140.33033242134775,11,1,0,0,1.2172725402214593,0.05
777,184.7745320386042,61,1,0,0,1.4748037306728357,0.05
778,200.57178187091847,61,1,0,0,1.3508726436115297,0.05
779,185.22667189005728,21,1,0,0,1.1479037175996893,0.05
780,193.83679092901096,35,1,0,0,1.3850212332649807,0.05
781,266.7355166658512,54,1,0,0,1.4077102471506646,0.05
782,152.64136680604952,18,1,0,0,1.3910470911191906,0.05
783,147.43387000293075,13,1,0,0,1.3423589140834316,0.05
784,180.4476527548449,28,1,0,0,1.4012543122278869,0.05
785,165.11923073642527,24,1,0,0,1.4079240888298754,0.05
786,157.59141103059966,16,1,0,0,1.331379274194722,0.05
787,194.0311804790425,23,1,0,0,1.4505480017435697,0.05
788,135.51340891785873,35,1,0,0,1.4896069595516148,0.05
789,175.1749314115729,20,1,0,0,1.2974596496701074,0.05
790,141.7226601921125,13,1,0,0,1.1364730687399436,0.05
791,177.54260123872126,22,1,0,0,1.246193115740425,0.05
792,160.98450727762548,17,1,0,0,1.3064565608779524,0.05
793,166.56838773989628,20,1,0,0,1.3318226837882214,0.05
794,242.77861931919134,47,1,0,0,1.2772780360419256,0.05
795,168.40471853842894,25,1,0,0,1.2715254704669139,0.05
796,267.72903500405835,54,1,0,0,1.3618060814426949,0.05
797,108.31103983753485,3,1,0,0,1.3866775081179181,0.05
798,201.19633180745853,32,1,0,0,1.4468802242192853,0.05
799,172.04959684834793,22,1,0,0,1.4629083408107104,0.05
800,94.22967990496902,200,0,0,1,1.9127835602105392,0.05
801,181.1250862246294,20,1,0,0,1.3141752241416056,0.05
802,177.86895930199643,21,1,0,0,1.342730685050289,0.05
803,203.24642580850616,27,1,0,0,1.3913776064840313,0.05
804,155.54477075428645,15,1,0,0,1.4916148712417245,0.05
805,126.98282103426307,9,1,0,0,1.3987532102640339,0.05
806,103.99763303522393,4,1,0,0,1.2564452421798402,0.05
807,145.04737987472626,47,1,0,0,1.4864564178999613,0.05
808,177.58619321529812,21,1,0,0,1.4920124059731905,0.05
809,177.12325054529956,20,1,0,0,1.2322654003823614,0.05
810,187.97651733754458,19,1,0,0,1.4176885464779176,0.05
811,110.85074482796296,4,1,0,0,1.4882737109312847,0.05
812,115.8602882474463,5,1,0,0,1.4791901781483487,0.05
813,44.01197196739362,200,0,0,1,3.0125698883595042,0.05
814,132.59935404737732,10,1,0,0,1.43472292903452,0.05
815,198.68683946796997,22,1,0,0,1.3782796207476666,0.05
816,262.874813130275,56,1,0,0,1.4051067267502824,0.05
817,182.58756608387313,23,1,0,0,1.372413171395583,0.05
818,239.05397552029402,39,1,0,0,1.197256769843057,0.05
819,164.56314233736109,18,1,0,0,1.4727394988880786,0.05
820,169.3079839948138,18,1,0,0,1.289687320356445,0.05
821,142.15748910615582,14,1,0,0,1.402699644999025,0.05
822,193.35314736985157,26,1,0,0,1.3585203900020872,0.05
823,147.29129712104452,14,1,0,0,1.4849668551517712,0.05
824,174.2727322102735,26,1,0,0,1.3775631838234816,0.05
825,155.32656240663133,16,1,0,0,1.3260539512357241,0.05
826,153.7853509358961,16,1,0,0,1.2672007025751053,0.05
827,179.39859778950267,18,1,0,0,1.3451869603237012,0.05
828,184.84011797552532,20,1,0,0,1.455855931394214,0.05
829,174.9825649527648,21,1,0,0,1.2755580489266558,0.05
830,140.38186289210915,12,1,0,0,1.0302380983203474,0.05
831,166.07934789409887,20,1,0,0,1.39125987052748,0.05
832,260.88802958777467,48,1,0,0,1.4659502958492283,0.05
833,173.6528918047529,22,1,0,0,1.3880360976466166,0.05
834,178.9511857229483,22,1,0,0,1.4731979930723094,0.05
835,142.9631670804875,10,1,0,0,1.398540870922064,0.05
836,192.4661948512424,34,1,0,0,1.3136480533950228,0.05
837,172.6140292506824,21,1,0,0,1.459766186697474,0.05
838,127.51174243090972,8,1,0,0,1.3246392482014109,0.05
839,145.11520042136297,17,1,0,0,1.2954132202465998,0.05
840,194.6016988069919,21,1,0,0,1.4571046056456596,0.05
841,157.3087765423736,18,1,0,0,1.3749952898206337,0.05
842,172.9731743526404,17,1,0,0,1.2626397535117722,0.05
843,149.59270056787693,14,1,0,0,1.1888409944971912,0.05
844,179.26106793795464,22,1,0,0,1.3754846916403072,0.05
845,191.17567726000271,20,1,0,0,1.1728916068057926,0.05
846,201.50129967092937,70,1,0,0,1.47176589037604,0.05
847,225.28819502823438,42,1,0,0,1.46312945670364,0.05
848,142.7875208509418,13,1,0,0,1.32054336222005,0.05
849,158.21374084823265,17,1,0,0,1.2572965684096598,0.05
850,262.73225929002376,51,1,0,0,1.3138394392667154,0.05
851,177.006675033382,25,1,0,0,1.4304562780469674,0.05
852,162.62009137701745,23,1,0,0,1.381867957062194,0.05
853,184.41175305099569,21,1,0,0,1.177421898869081,0.05
854,189.10969850202662,20,1,0,0,1.4619580033050454,0.05
855,123.35022423356835,6,1,0,0,1.2564032079469882,0.05
856,135.35168573666317,11,1,0,0,1.3310022930708365,0.05
857,181.48416421179303,22,1,0,0,1.233751290942487,0.05
858,160.77776882616328,17,1,0,0,1.220361745923194,0.05
859,259.6608230761151,56,1,0,0,1.4652775042224169,0.05
860,136.20420319084565,14,1,0,0,1.2290909140416986,0.05
861,145.92877523237985,16,1,0,0,1.4874869660174037,0.05
862,213.47336631828426,28,1,0,0,1.396985495633758,0.05
863,196.71304898321245,22,1,0,0,1.3987102229190436,0.05
864,127.92004916055413,11,1,0,0,1.460408655950994,0.05
865,168.9049475823934,172,1,0,0,1.4791567053407289,0.05
866,155.44439697298654,16,1,0,0,1.4718904845761334,0.05
867,174.61987028983003,19,1,0,0,1.337612065882284,0.05
868,159.39737644496094,21,1,0,0,1.4974183335488562,0.05
869,137.12247104122883,18,1,0,0,1.348457812459941,0.05
870,146.76761130204056,11,1,0,0,1.3745327952331194,0.05
871,141.40709664927556,14,1,0,0,1.3468296981516303,0.05
872,171.37855781908723,18,1,0,0,1.231890164956713,0.05
873,194.47243114732777,31,1,0,0,1.4704809051450891,0.05
874,138.39294877049295,14,1,0,0,1.4733809191933727,0.05
875,161.11190856953766,127,1,0,0,1.471377423255999,0.05
876,203.55295737960944,34,1,0,0,1.4225335044019403,0.05
877,155.5725097197369,21,1,0,0,1.3211268436988433,0.05
878,164.97084683394837,20,1,0,0,1.1782395170593036,0.05
879,161.79369437972102,24,1,0,0,1.440007116302492,0.05
880,169.7475663572123,30,1,0,0,1.2199559104242033,0.05
881,173.76023914686917,23,1,0,0,1.3132092962594066,0.05
882,118.85136328284024,200,0,0,1,2.9624414961208054,0.05
883,167.91881819583338,20,1,0,0,1.4668963312931038,0.05
884,160.42342540678587,15,1,0,0,1.2663058113958188,0.05
885,213.7682181537794,41,1,0,0,1.3110561323782324,0.05
886,169.71123998678905,24,1,0,0,1.3491069063292545,0.05
887,150.96632612494528,16,1,0,0,1.2561505848137062,0.05
888,177.98941875168157,21,1,0,0,1.4703260008403316,0.05
889,259.2072999342407,46,1,0,0,1.4658706553317085,0.05
890,211.54178003769152,41,1,0,0,1.3946868986188594,0.05
891,165.44371434213764,22,1,0,0,1.465334056008565,0.05
892,243.2063510646696,44,1,0,0,1.384016495127557,0.05
893,181.54146876136053,30,1,0,0,1.3287251722025075,0.05
894,206.1006312901716,29,1,0,0,1.3772287548292406,0.05
895,160.3994888933028,18,1,0,0,1.127295238080534,0.05
896,182.4944329890739,26,1,0,0,1.4024061996998631,0.05
897,154.81068660432285,16,1,0,0,1.3407356275045512,0.05
898,176.0919500178815,22,1,0,0,1.4478153726719232,0.05
899,170.3242895484115,23,1,0,0,1.449098285713091,0.05
900,188.49545669450637,26,1,0,0,1.4856237917013262,0.05
901,155.89890556433565,18,1,0,0,1.239973129435757,0.05
902,172.59836772767534,20,1,0,0,1.4243012863904712,0.05
903,214.521028415312,68,1,0,0,1.464102113342172,0.05
904,227.470666813368,59,1,0,0,1.475474896206918,0.05
905,179.22100148803867,30,1,0,0,1.388690305706549,0.05
906,172.7762475519716,20,1,0,0,1.4290779943897418,0.05
907,244.860619009125,49,1,0,0,1.4453205539485847,0.05
908,156.19436681904037,19,1,0,0,1.483022305360058,0.05
909,153.12568445111475,17,1,0,0,1.1862346873039387,0.05
910,124.34813009725454,6,1,0,0,1.2396492931722332,0.05
911,179.2207214227402,19,1,0,0,1.207139485627488,0.05
912,173.74872200144944,137,1,0,0,1.4748393200941463,0.05
913,197.2729538586368,24,1,0,0,1.2417005189715837,0.05
914,223.95022784644542,44,1,0,0,1.3338565847335055,0.05
915,131.6389484620244,10,1,0,0,1.4366833861921762,0.05
916,170.70337107982058,25,1,0,0,1.476767749502715,0.05
917,166.08317534652662,39,1,0,0,1.479093057436948,0.05
918,131.52460695791336,10,1,0,0,1.4009484512673578,0.05
919,143.07055814766866,49,1,0,0,1.498181297961301,0.05
920,165.0795842957105,19,1,0,0,1.469478280144874,0.05
921,119.16725623418259,5,1,0,0,1.4851648775457247,0.05
922,183.75292696126007,24,1,0,0,1.2683373432109708,0.05
923,170.8559667542425,24,1,0,0,1.442731081418144,0.05
924,127.81884273213839,10,1,0,0,1.4654141791571982,0.05
925,151.35337815657056,13,1,0,0,1.484404643596469,0.05
926,161.97211059722662,16,1,0,0,1.3710564781007102,0.05
927,176.3154030332766,22,1,0,0,1.4899785646984562,0.05
928,208.88012357096594,34,1,0,0,1.4074647777390776,0.05
929,129.4403382441028,7,1,0,0,1.4998719680427604,0.05
930,175.54855203772456,24,1,0,0,1.3734234670003107,0.05
931,179.71154278337954,26,1,0,0,1.471712730320482,0.05
932,178.54111289962015,24,1,0,0,1.4600061621098022,0.05
933,188.36209909461257,19,1,0,0,1.3942848425930183,0.05
934,272.93909600015684,192,1,0,0,1.4866530183562463,0.05
935,140.5013542399451,18,1,0,0,1.4192651233577096,0.05
936,167.6604684866004,21,1,0,0,1.4200000324492603,0.05
937,136.030106567774,10,1,0,0,1.4712733513828,0.05
938,259.39519752664864,54,1,0,0,1.23283570078257,0.05
939,165.40421003589938,18,1,0,0,1.4592675918491222,0.05
940,183.16613805148353,29,1,0,0,1.3520690237896176,0.05
941,246.29399302986357,43,1,0,0,1.4886028091359664,0.05
942,208.6468021494019,37,1,0,0,1.2697137070255342,0.05
943,160.96614272521367,23,1,0,0,1.4089323681643062,0.05
944,162.06381555013579,18,1,0,0,1.37965057655511,0.05
945,232.07926780863565,46,1,0,0,1.4534991392879302,0.05
946,190.99094436680974,22,1,0,0,1.4683332367738557,0.05
947,123.55309212562202,33,1,0,0,1.490863649151355,0.05
948,140.8543804769652,22,1,0,0,1.4741187686815094,0.05
949,224.7759009192078,46,1,0,0,1.48348000261814,0.05
950,171.39509963450425,16,1,0,0,1.499532512441017,0.05
951,127.66043780243953,13,1,0,0,1.4765546701965175,0.05
952,218.7884978586925,38,1,0,0,1.4292987578473189,0.05
953,142.8170546012633,33,1,0,0,1.4813098667162128,0.05
954,146.04739575139342,22,1,0,0,1.3991631292169948,0.05
955,143.59404067639548,14,1,0,0,1.453581574167477,0.05
956,214.76171108095315,25,1,0,0,1.4178382025275367,0.05
957,175.27028884856702,25,1,0,0,1.3520751117512855,0.05
958,145.35274226468613,77,1,0,0,1.4295295712298886,0.05
959,176.264268446225,24,1,0,0,1.4715528220634648,0.05
960,149.55279752370282,17,1,0,0,1.4936234018306016,0.05
961,165.40935162604939,16,1,0,0,1.3383471371139264,0.05
962,167.71069881156643,43,1,0,0,1.4644567772739763,0.05
963,209.02388125079813,28,1,0,0,1.1597063807560692,0.05
964,192.79217140170417,26,1,0,0,1.1874484666009109,0.05
965,221.62631928352988,33,1,0,0,1.4625920893587754,0.05
966,237.13889000007066,44,1,0,0,1.2532968311484238,0.05
967,138.37022824589206,11,1,0,0,1.335752133947191,0.05
968,131.5889551046804,8,1,0,0,1.4405680160734233,0.05
969,-29.906077058250926,141,0,0,0,7.499536150109262,0.05
970,178.87872073291663,25,1,0,0,1.3600741844236277,0.05
971,184.26988107737935,30,1,0,0,1.450812743514718,0.05
972,191.53764040668364,25,1,0,0,1.369046248664854,0.05
973,169.07133869666436,25,1,0,0,1.4946235062855153,0.05
974,225.9338862294377,39,1,0,0,1.4862776545074072,0.05
975,123.78788443856658,7,1,0,0,1.2676161281795415,0.05
976,191.41349719435317,27,1,0,0,1.3955383570525024,0.05
977,172.9183536726669,29,1,0,0,1.4623585504636385,0.05
978,174.72958812384758,22,1,0,0,1.2815898833588704,0.05
979,148.04746472031263,13,1,0,0,1.361640373422713,0.05
980,197.45095920876847,29,1,0,0,1.4641527273179278,0.05
981,127.75978370777135,58,1,0,0,1.4868774416126656,0.05
982,233.37417990563063,44,1,0,0,1.349503419368212,0.05
983,154.06795453657557,56,1,0,0,1.4794571164832577,0.05
984,199.4408223097176,49,1,0,0,1.4937947304604038,0.05
985,158.55590270553358,18,1,0,0,1.2231251708361763,0.05
986,166.04049863551342,24,1,0,0,1.1503225577532055,0.05
987,159.776670607426,20,1,0,0,1.302603510975994,0.05
988,167.81550224502763,21,1,0,0,1.257805835452086,0.05
989,166.23903053095364,189,1,0,0,1.4833590548562066,0.05
990,158.30233340868097,21,1,0,0,1.2335216037845673,0.05
991,143.53160798262806,16,1,0,0,1.3889482139950915,0.05
992,178.38081996475395,23,1,0,0,1.3251608543989135,0.05
993,238.7845836877796,43,1,0,0,1.460629352039539,0.05
994,30.334232450378078,200,0,0,1,2.7612048100714244,0.05
995,163.83513966637025,18,1,0,0,1.4313631543227259,0.05
996,187.82610299242077,79,1,0,0,1.4919701530879377,0.05
997,132.3628584403522,39,1,0,0,1.490505000218645,0.05
998,145.6713568451785,14,1,0,0,1.4128414891556689,0.05
999,137.57010134921688,19,1,0,0,1.4876566893699135,0.05
1000,193.37608013761127,23,1,0,0,1.3990369591122143,0.05
1001,-13.034162413412886,15,0,1,0,2.8869845883480965,0.05
1002,174.19926890553094,26,1,0,0,1.3600090742459299,0.05
1003,185.72966431919724,27,1,0,0,1.404025796112906,0.05
1004,0.6527003994769487,94,0,1,0,2.315691119567302,0.05
1005,-50.0,1,0,1,0,2.9891141509148746,0.05
1006,210.2650592710866,34,1,0,0,1.2524413947968152,0.05
1007,-6.382132386671998,18,0,1,0,8.880051917451844,0.05
1008,232.62877811000516,43,1,0,0,1.485464656839056,0.05
1009,2.0239045115840497,13,0,1,0,2.851457629565848,0.05
1010,174.99990188647212,35,1,0,0,1.4992557062886245,0.05
1011,-31.77623664867944,5,0,1,0,6.484688119519468,0.05
1012,19.374082538641176,27,0,1,0,7.990638753672897,0.05
1013,167.9578976632668,101,1,0,0,1.4562058198563625,0.05
1014,-36.28065691192723,6,0,1,0,4.235743995020648,0.05
1015,116.65189097549056,6,1,0,0,1.3288159977804672,0.05
1016,170.98551347218668,36,1,0,0,1.4815030247531757,0.05
1017,1.2810888768734685,16,0,1,0,3.73037358324428,0.05
1018,71.40533477948813,200,0,0,1,3.422170878991944,0.05
1019,250.80335399166617,44,1,0,0,1.392505257864925,0.05
1020,10.37298127783275,34,0,1,0,3.228940141214525,0.05
1021,-38.058303605409115,4,0,1,0,7.25838636776206,0.05
1022,184.6484857698414,26,1,0,0,1.4173859915151308,0.05
1023,-50.0,1,0,1,0,3.158304059361666,0.05
1024,100.0,1,1,0,0,1.2858078755007063,0.05
1025,-18.900016231982825,10,0,1,0,3.5222932593981424,0.05
1026,174.0383691401378,23,1,0,0,1.3026105497668832,0.05
1027,35.923023550617664,200,0,0,1,2.1277584421367917,0.05
1028,161.6372698484301,19,1,0,0,1.3474121784678357,0.05
1029,152.28601219378336,21,1,0,0,1.4526041780305363,0.05
1030,157.20695861255547,19,1,0,0,1.299633183316354,0.05
1031,-2.948448912734932,11,0,1,0,7.390582189373582,0.05
1032,149.55923422729427,19,1,0,0,1.3168855693758639,0.05
1033,209.4568916717135,38,1,0,0,1.2589541662033414,0.05
1034,-32.128203563318245,6,0,1,0,7.608184180285007,0.05
1035,-50.0,1,0,1,0,5.200268194768255,0.05
1036,-10.001248675473889,16,0,1,0,4.2738845408016966,0.05
1037,179.94138396347068,135,1,0,0,1.4724654071687011,0.05
1038,192.34100400805184,34,1,0,0,1.492370263681276,0.05
1039,96.7460380876794,200,0,0,1,6.106490507120102,0.05
1040,184.69629759510372,30,1,0,0,1.4629498377553434,0.05
1041,194.21162317197644,36,1,0,0,1.4943174200949836,0.05
1042,111.3604734799571,4,1,0,0,1.4961635947118892,0.05
1043,99.45865752205356,200,0,0,1,2.7780468678369346,0.05
1044,142.91954434357814,15,1,0,0,1.4857310761237212,0.05
1045,53.55117941864621,200,0,0,1,2.72461308639502,0.05
1046,38.89076448177655,200,0,0,1,2.6799425849408767,0.05
1047,166.37301757291374,19,1,0,0,1.4804246186223953,0.05
1048,-50.0,1,0,1,0,5.588176009710537,0.05
1049,-37.57505349378873,4,0,1,0,9.331679837464149,0.05
1050,-39.195922897530835,5,0,1,0,5.05679262785939,0.05
1051,-50.0,1,0,1,0,5.203155102495884,0.05
1052,24.26807852248679,24,0,1,0,4.908951209965785,0.05
1053,150.5532233584995,19,1,0,0,1.4151893153638797,0.05
1054,-38.525771369276896,4,0,1,0,3.3931983593767767,0.05
1055,-50.27616772588561,2,0,1,0,2.012456734264716,0.05
1056,162.10199609930314,28,1,0,0,1.419551906250954,0.05
1057,172.01976547429214,200,0,0,1,2.6940124819451707,0.05
1058,-38.80815198917935,4,0,1,0,2.8455938431533716,0.05
1059,27.374783581522607,200,0,0,1,3.547264064807539,0.05
1060,167.0865154509034,24,1,0,0,1.4455742925867279,0.05
1061,215.1959112060798,43,1,0,0,1.419303349479469,0.05
1062,2.7817647556637937,20,0,1,0,2.982860097487541,0.05
1063,148.75593001427163,148,1,0,0,1.410444427599947,0.05
1064,157.99594159621836,20,1,0,0,1.2561311190794135,0.05
1065,77.75822354552288,200,0,0,1,2.3403680049714723,0.05
1066,-44.952716463096735,4,0,1,0,3.7309614601696834,0.05
1067,151.96211410843605,200,0,0,1,2.185362870551467,0.05
1068,149.58086211839202,18,1,0,0,1.2878278820327511,0.05
1069,148.25478917767833,11,1,0,0,1.2759748087430944,0.05
1070,149.4487801884464,16,1,0,0,1.4999960940463632,0.05
1071,268.6962534205777,59,1,0,0,1.4405542101631603,0.05
1072,153.4596831168508,17,1,0,0,1.4649450497850796,0.05
1073,141.8629839302966,200,0,0,1,2.807877660264398,0.05
1074,187.0521105437847,34,1,0,0,1.483239517451385,0.05
1075,127.65795212390485,8,1,0,0,1.2655003941336747,0.05
1076,156.2933654445269,14,1,0,0,1.260639801873961,0.05
1077,137.43497909774476,13,1,0,0,1.1682018685410376,0.05
1078,-8.579066956266729,12,0,1,0,5.85935341378587,0.05
1079,109.28537001501431,6,1,0,0,1.3656306550894377,0.05
1080,99.39933855793586,200,0,0,1,1.793994040144132,0.05
1081,126.16925209420579,9,1,0,0,1.399467270085839,0.05
1082,186.85142019806867,29,1,0,0,1.2881200846916767,0.05
1083,160.3711082887615,27,1,0,0,1.4588974417203227,0.05
1084,145.65721730951836,12,1,0,0,1.25250223882828,0.05
1085,149.91113508698925,97,1,0,0,1.4654033660513053,0.05
1086,-50.0,1,0,1,0,9.880475410920871,0.05
1087,-26.103867025074294,18,0,1,0,2.430529047147337,0.05
1088,156.77857104731717,17,1,0,0,1.437997604004127,0.05
1089,201.0188189216954,38,1,0,0,1.4764756183199808,0.05
1090,81.63265669606419,200,0,0,1,3.572697452129396,0.05
1091,124.69002997617088,19,1,0,0,1.4093479234104287,0.05
1092,175.27440716472714,26,1,0,0,1.3099673101205538,0.05
1093,180.0591693324704,23,1,0,0,1.4206636654671154,0.05
1094,158.16440736198925,25,1,0,0,1.4455071824732595,0.05
1095,193.7126820328584,35,1,0,0,1.481444849618409,0.05
1096,-15.210754971976883,11,0,1,0,5.670881973562039,0.05
1097,216.06158565319467,37,1,0,0,1.4611102546369208,0.05
1098,163.17003547686488,24,1,0,0,1.2696432556467487,0.05
1099,207.46094280484408,36,1,0,0,1.4419047792412973,0.05
1100,-42.16056798188614,4,0,1,0,5.7856945670611335,0.05
1101,143.2618064183884,14,1,0,0,1.4277665602256682,0.05
1102,-46.33439436185303,3,0,1,0,3.9696050561012775,0.05
1103,16.103245292704415,17,0,1,0,4.041062571760031,0.05
1104,145.26153561670074,16,1,0,0,1.4470013090384466,0.05
1105,154.67767020793727,145,1,0,0,1.48759269879302,0.05
1106,149.07418485928454,29,1,0,0,1.4246356045777828,0.05
1107,145.78250784476018,103,1,0,0,1.4792979156758685,0.05
1108,-50.0,1,0,1,0,5.163065387370074,0.05
1109,212.14612742286488,66,1,0,0,1.3784583071206884,0.05
1110,158.98272165916399,25,1,0,0,1.311276349727328,0.05
1111,153.2036410171221,26,1,0,0,1.3032556263321358,0.05
1112,181.79330027869963,27,1,0,0,1.3762910848548,0.05
1113,148.82847859485497,18,1,0,0,1.2874358456094452,0.05
1114,-20.262452619878893,9,0,1,0,4.288473773969006,0.05
1115,122.65506714190104,81,1,0,0,1.489388555895976,0.05
1116,100.0,1,1,0,0,0.22874166317300512,0.05
1117,234.05717870912596,57,1,0,0,1.472111429880424,0.05
1118,154.51690848254074,20,1,0,0,1.3219957402301996,0.05
1119,192.6719735587538,150,1,0,0,1.4772269486980933,0.05
1120,143.08926436617725,13,1,0,0,1.4648636529859766,0.05
1121,191.7742520353055,30,1,0,0,1.2890036005827759,0.05
1122,214.5911909496526,38,1,0,0,1.3461581836420886,0.05
1123,66.10539919799271,200,0,0,1,1.7595542827062276,0.05
1124,-37.670530950487795,5,0,1,0,5.81411700555033,0.05
1125,163.4382365963203,22,1,0,0,1.45033258551466,0.05
1126,-45.246123185901865,13,0,1,0,9.375404361544229,0.05
1127,261.92274393190917,52,1,0,0,1.334123194328373,0.05
1128,-30.246121194449536,7,0,1,0,5.666821640478377,0.05
1129,192.05425872543324,82,1,0,0,1.275529678039362,0.05
1130,158.99619083602414,24,1,0,0,1.3368714083750826,0.05
1131,-34.19564568767147,8,0,1,0,4.644735918870131,0.05
1132,182.00686052300983,32,1,0,0,1.3254224371639607,0.05
1133,163.24767439741737,187,1,0,0,1.4816879976402972,0.05
1134,150.3148142722842,17,1,0,0,1.4886453125527241,0.05
1135,116.15299124440975,11,1,0,0,1.3505391755651086,0.05
1136,269.28822907711344,76,1,0,0,1.3402545602421612,0.05
1137,153.3587669602328,22,1,0,0,1.3110258450061487,0.05
1138,187.3734910350518,25,1,0,0,1.4036993546231409,0.05
1139,225.36112662561655,41,1,0,0,1.3714510065736143,0.05
1140,157.76879189368535,32,1,0,0,1.4209013841431586,0.05
1141,76.93381478400084,200,0,0,1,3.418308897011489,0.05
1142,35.62226153794414,75,0,1,0,2.2003961657182085,0.05
1143,149.6720639147202,20,1,0,0,1.4198182895982432,0.05
1144,185.15277650002335,35,1,0,0,1.3477914510296496,0.05
1145,-21.569875152058135,14,0,1,0,8.443711396697362,0.05
1146,150.13256292216113,38,1,0,0,1.4305914661171566,0.05
1147,179.4884713399166,109,1,0,0,1.4725007232216971,0.05
1148,123.9780105736627,8,1,0,0,1.3625485238684485,0.05
1149,203.6540665690673,82,1,0,0,1.494274362809409,0.05
1150,197.9288113944524,28,1,0,0,1.2305040831439216,0.05
1151,162.5211204801634,20,1,0,0,1.4657883744427647,0.05
1152,157.1318811307475,24,1,0,0,1.4252045770179462,0.05
1153,161.27523124442303,200,0,0,1,2.4513786380099183,0.05
1154,147.87056384114527,21,1,0,0,1.4763080113266465,0.05
1155,214.7309164506007,83,1,0,0,1.4182476633824252,0.05
1156,189.86956319596004,77,1,0,0,1.4738803689081235,0.05
1157,187.16875855147487,24,1,0,0,1.222394055453122,0.05
1158,251.452546997502,84,1,0,0,1.462129091707466,0.05
1159,77.60913572388955,200,0,0,1,2.548365050960533,0.05
1160,130.72573768034505,11,1,0,0,1.2686636057303404,0.05
1161,-12.465488931221781,200,0,0,1,8.43059407910982,0.05
1162,68.5345597662891,200,0,0,1,3.1132607499125036,0.05
1163,175.81060091867457,24,1,0,0,1.439487451577081,0.05
1164,76.11284501926717,200,0,0,1,2.109952963279372,0.05
1165,153.09531601464516,27,1,0,0,1.4729665028160204,0.05
1166,215.07299681515013,137,1,0,0,1.482245156396743,0.05
1167,93.6065525270901,200,0,0,1,2.0674950393194216,0.05
1168,97.06417797694837,200,0,0,1,2.318670768423708,0.05
1169,142.88466589320205,16,1,0,0,1.4519377577260935,0.05
1170,176.20281275444552,41,1,0,0,1.2974510787963283,0.05
1171,185.65169787096784,36,1,0,0,1.3352630972260007,0.05
1172,152.91023514470956,145,1,0,0,1.4852093714919528,0.05
1173,178.67036794749373,38,1,0,0,1.4992027692925034,0.05
1174,113.06294778960836,5,1,0,0,1.4503706837096724,0.05
1175,182.75193822234857,67,1,0,0,1.3232742793062693,0.05
1176,-37.38528292086608,9,0,1,0,6.427850448781154,0.05
1177,218.4312070196604,71,1,0,0,1.491931054385658,0.05
1178,-50.0,1,0,1,0,8.162165371596233,0.05
1179,71.47797870960497,200,0,0,1,2.4359916471118486,0.05
1180,162.14116599771052,23,1,0,0,1.3621088762891964,0.05
1181,200.12940598283996,48,1,0,0,1.4813596358313348,0.05
1182,212.29464778658593,78,1,0,0,1.4888233595945186,0.05
1183,182.9712610531675,49,1,0,0,1.4492188665277146,0.05
1184,12.057231635944023,200,0,0,1,2.7736706965984985,0.05
1185,104.71920855578577,49,1,0,0,1.4872836135926357,0.05
1186,176.62607217607683,41,1,0,0,1.4537468262802429,0.05
1187,183.65904436440502,43,1,0,0,1.286891495957413,0.05
1188,176.849368143763,60,1,0,0,1.4998925929382,0.05
1189,129.5775717948854,12,1,0,0,1.4641807627403463,0.05
1190,215.84805844986204,37,1,0,0,1.2393844627593102,0.05
1191,52.96163333672673,200,0,0,1,1.8512984469264875,0.05
1192,184.47991681727135,33,1,0,0,1.3497014017630609,0.05
1193,-50.0,1,0,1,0,5.14030596313301,0.05
1194,188.26902383312841,36,1,0,0,1.472290113047615,0.05
1195,186.79193848229923,66,1,0,0,1.474331908595939,0.05
1196,-38.47697207254031,7,0,1,0,7.994546219360082,0.05
1197,158.84132361661324,34,1,0,0,1.3083821272184588,0.05
1198,0.24949444883746708,14,0,1,0,4.5465262972760385,0.05
1199,184.97477052380924,33,1,0,0,1.3915361696820443,0.05
1200,37.68953265469742,200,0,0,1,3.097783619392839,0.05
1201,208.86046349274855,47,1,0,0,1.3314642988777783,0.05
1202,140.66836380667152,72,1,0,0,1.4879469825271419,0.05
1203,82.2549658006968,200,0,0,1,2.549405342731416,0.05
1204,66.6414301158726,200,0,0,1,2.523598154081358,0.05
1205,124.3614280217596,9,1,0,0,1.424427436991496,0.05
1206,188.7457258326769,27,1,0,0,1.3016144380563015,0.05
1207,209.8269151881346,105,1,0,0,1.4884115042502735,0.05
1208,58.61477563180894,200,0,0,1,2.1239068580126172,0.05
1209,107.82196986853441,55,1,0,0,1.4768759018827498,0.05
1210,69.17676865141163,200,0,0,1,2.563672489284514,0.05
1211,190.02447712871862,30,1,0,0,1.3401663280479443,0.05
1212,-48.78788692093525,2,0,1,0,5.308767278119212,0.05
1213,266.152054991604,96,1,0,0,1.4649746666815862,0.05
1214,184.6893535734316,27,1,0,0,1.404943689506283,0.05
1215,185.831405039119,34,1,0,0,1.3970647459765417,0.05
1216,159.84933068908975,37,1,0,0,1.354971069256116,0.05
1217,155.57898596154126,154,1,0,0,1.45937053791305,0.05
1218,44.6584658590002,200,0,0,1,2.911432816980655,0.05
1219,194.64830203938368,53,1,0,0,1.495963210821729,0.05
1220,177.36530098951349,196,1,0,0,1.4972291631874095,0.05
1221,-20.281896873328964,11,0,1,0,1.3200060540590763,0.05
1222,153.71125815798428,61,1,0,0,1.3903416067039642,0.05
1223,177.13192550435178,135,1,0,0,1.45881240349516,0.05
1224,178.08740482798834,66,1,0,0,1.4860309160924203,0.05
1225,159.15551098911092,17,1,0,0,1.4861025317498446,0.05
1226,166.32590199050145,20,1,0,0,1.4719302111343442,0.05
1227,82.20950126820112,200,0,0,1,2.6253865036361512,0.05
1228,191.68524640826098,31,1,0,0,1.403266445001347,0.05
1229,190.50781990802716,28,1,0,0,1.4775077718021559,0.05
1230,171.42970742028967,29,1,0,0,1.4125737164181653,0.05
1231,119.79014729300705,7,1,0,0,1.494471508327863,0.05
1232,147.36390090264183,23,1,0,0,1.4662181979315294,0.05
1233,235.06892727801412,68,1,0,0,1.490603161635337,0.05
1234,2.765798594305501,25,0,1,0,5.673633254300425,0.05
1235,200.90849734957908,31,1,0,0,1.444103774848994,0.05
1236,152.3655144614822,28,1,0,0,1.3375035819443641,0.05
1237,157.2582796825421,61,1,0,0,1.391710652509007,0.05
1238,118.63830882457086,6,1,0,0,1.2257025872263534,0.05
1239,167.96983809769716,23,1,0,0,1.2892570162241201,0.05
1240,192.15063422083475,40,1,0,0,1.2673052104690248,0.05
1241,167.08865917491687,87,1,0,0,1.4986089948111052,0.05
1242,193.62352086504595,28,1,0,0,1.4556431846779654,0.05
1243,220.56642776821252,53,1,0,0,1.212104454329472,0.05
1244,134.29147138692923,32,1,0,0,1.4711817143857884,0.05
1245,199.27964932729884,33,1,0,0,1.468455548268227,0.05
1246,170.61018307340927,20,1,0,0,1.3808875844930406,0.05
1247,234.38181750860392,52,1,0,0,1.3749042868578312,0.05
1248,159.63332284935808,22,1,0,0,1.4990289162224755,0.05
1249,178.36636360323303,28,1,0,0,1.4476150466080298,0.05
1250,162.54014596979755,153,1,0,0,1.489959659584097,0.05
1251,148.0254519743351,15,1,0,0,1.2511668870348167,0.05
1252,181.30417792892257,37,1,0,0,1.4126448317488014,0.05
1253,168.41656023427947,29,1,0,0,1.2756351408529274,0.05
1254,-50.0,1,0,1,0,5.305215630662498,0.05
1255,91.17298820229497,200,0,0,1,1.765062344595241,0.05
1256,156.24592311857526,19,1,0,0,1.2907630214913324,0.05
1257,132.73548369992753,34,1,0,0,1.3395843340767164,0.05
1258,136.21286943727478,17,1,0,0,1.4839124041271927,0.05
1259,130.0101218764001,200,0,0,1,2.0946861965589774,0.05
1260,89.48477363388405,200,0,0,1,2.950165936896093,0.05
1261,185.4165032625229,29,1,0,0,1.3980142630323344,0.05
1262,67.68800601226926,200,0,0,1,2.3653172770758792,0.05
1263,36.32697222796656,200,0,0,1,3.535346525158538,0.05
1264,166.78991192511393,39,1,0,0,1.4671983939120299,0.05
1265,175.13389769804974,22,1,0,0,1.2849124036551645,0.05
1266,165.36737025669868,27,1,0,0,1.2809675550542423,0.05
1267,44.93719030419947,200,0,0,1,2.4008354857486456,0.05
1268,190.131607321821,34,1,0,0,1.4463593712333351,0.05
1269,134.8785120786962,200,0,0,1,2.302672818310554,0.05
1270,141.63992450075617,16,1,0,0,1.3930182778500828,0.05
1271,151.86396356471198,25,1,0,0,1.4546262449884393,0.05
1272,191.69673704860935,46,1,0,0,1.3893549164273826,0.05
1273,-37.771889113326445,200,0,0,1,3.520817604191956,0.05
1274,174.9117399174316,27,1,0,0,1.3852767687683658,0.05
1275,133.6614157713158,24,1,0,0,1.4381092271727358,0.05
1276,171.87243325932926,30,1,0,0,1.4624748133439425,0.05
1277,42.244801102141565,200,0,0,1,3.718901607579671,0.05
1278,31.154475270365516,200,0,0,1,1.7936381069061607,0.05
1279,158.78788998463853,18,1,0,0,1.4910268227445949,0.05
1280,149.53054687699947,82,1,0,0,1.4617220796830683,0.05
1281,204.28868410173166,35,1,0,0,1.410619736065464,0.05
1282,130.49054340594157,38,1,0,0,1.4894130314684917,0.05
1283,134.00446902003029,19,1,0,0,1.479013079675258,0.05
1284,28.54464997218539,200,0,0,1,2.65249695470141,0.05
1285,194.66567634534334,50,1,0,0,1.4669937009753407,0.05
1286,133.9380500897195,13,1,0,0,1.4564302178265032,0.05
1287,141.88800315630732,20,1,0,0,1.3727811538421544,0.05
1288,167.6581119375107,131,1,0,0,1.4737879484313214,0.05
1289,158.47031777680536,36,1,0,0,1.4109673548305137,0.05
1290,164.90413077860984,32,1,0,0,1.3465412403038834,0.05
1291,137.68187483183436,15,1,0,0,1.476530096757062,0.05
1292,42.181457900337506,200,0,0,1,1.9122353736119588,0.05
1293,44.43749152677994,200,0,0,1,3.2834830808944075,0.05
1294,155.43618376296723,24,1,0,0,1.4926336115963117,0.05
1295,183.59283205937157,30,1,0,0,1.260802423739978,0.05
1296,142.07448764340438,19,1,0,0,1.4414841546504387,0.05
1297,128.25022557760983,12,1,0,0,1.4061499928459773,0.05
1298,155.2859769774036,17,1,0,0,1.313215154634837,0.05
1299,126.00325211766935,8,1,0,0,1.4361113148047457,0.05
1300,43.34022092014577,200,0,0,1,4.107308310315793,0.05
1301,66.94703266042684,200,0,0,1,3.0314149048621606,0.05
1302,24.401808658366047,200,0,0,1,4.747183178224455,0.05
1303,-2.780187232195653,200,0,0,1,2.7002353793734124,0.05
1304,116.50673291762565,7,1,0,0,1.3352598420897697,0.05
1305,105.85876645232591,97,1,0,0,1.4221444514859896,0.05
1306,185.36341903175463,29,1,0,0,1.434557179629269,0.05
1307,55.61532874051717,200,0,0,1,2.4735560060926325,0.05
1308,155.82068271555715,20,1,0,0,1.3899001688869468,0.05
1309,17.881381981002153,200,0,0,1,2.7283548435123106,0.05
1310,142.19761338277766,86,1,0,0,1.337964896196904,0.05
1311,174.8299823735645,49,1,0,0,1.4248642143106152,0.05
1312,154.26808919522702,24,1,0,0,1.3982543815906883,0.05
1313,163.91323509412933,27,1,0,0,1.3277502254181281,0.05
1314,129.99837120831435,14,1,0,0,1.4519482003415314,0.05
1315,164.74275510926708,43,1,0,0,1.4513514938140422,0.05
1316,179.67858808057665,34,1,0,0,1.3367656429788397,0.05
1317,141.1944348146858,24,1,0,0,1.4634329209931423,0.05
1318,179.93501277093117,49,1,0,0,1.3757780492837783,0.05
1319,187.2608761603355,65,1,0,0,1.4894823824357915,0.05
1320,50.37310905823597,200,0,0,1,3.0275116343087447,0.05
1321,147.49546502741987,19,1,0,0,1.3711696859574745,0.05
1322,156.25422117210385,31,1,0,0,1.4924416115465307,0.05
1323,172.443249701402,25,1,0,0,1.4996791562967604,0.05
1324,180.3419262482429,32,1,0,0,1.275485801206579,0.05
1325,167.54501549582866,19,1,0,0,1.2515870255732668,0.05
1326,150.08859757627056,23,1,0,0,1.4267509073701277,0.05
1327,207.18952417807543,184,1,0,0,1.491605004646833,0.05
1328,138.93377233815278,40,1,0,0,1.4854082168765472,0.05
1329,118.38174833079914,15,1,0,0,1.4610456246131593,0.05
1330,171.74684393676972,107,1,0,0,1.4845640781098381,0.05
1331,136.45222528731264,12,1,0,0,1.4426891608805872,0.05
1332,109.8644037618598,4,1,0,0,1.3791444965537265,0.05
1333,203.30779068395987,47,1,0,0,1.2871247278851277,0.05
1334,149.8931567946794,17,1,0,0,1.4080932240265482,0.05
1335,171.00081444326383,47,1,0,0,1.4548090626075925,0.05
1336,144.70333351367398,120,1,0,0,1.2952032169340413,0.05
1337,114.18782783133226,54,1,0,0,1.4916886010653592,0.05
1338,170.8935555223952,25,1,0,0,1.2606757442301266,0.05
1339,93.6773372597665,200,0,0,1,2.822301100349076,0.05
1340,182.03515613664274,28,1,0,0,1.4449674243719355,0.05
1341,90.38512335744942,200,0,0,1,3.1595217992645623,0.05
1342,196.16391020415207,35,1,0,0,1.326473020089005,0.05
1343,13.513224409465733,200,0,0,1,2.9248379057509175,0.05
1344,193.60365774992914,28,1,0,0,1.2669825510660047,0.05
1345,201.29934609215945,111,1,0,0,1.4785945560087868,0.05
1346,109.5400060780888,138,1,0,0,1.46543409610842,0.05
1347,245.63157073752225,47,1,0,0,1.4958858071490195,0.05
1348,138.16573489105514,38,1,0,0,1.377917631852892,0.05
1349,187.00595762941725,27,1,0,0,1.4396490206382122,0.05
1350,234.03641354251724,47,1,0,0,1.3853165375084002,0.05
1351,173.86030621445252,28,1,0,0,1.4677565352699555,0.05
1352,149.927170080286,18,1,0,0,1.4104966634508018,0.05
1353,181.2395541090363,48,1,0,0,1.4721336718319487,0.05
1354,122.95528287789395,84,1,0,0,1.4800179476732445,0.05
1355,184.71321037485177,24,1,0,0,1.2433585633222424,0.05
1356,166.02379812312472,37,1,0,0,1.370614998027872,0.05
1357,193.95232771777302,32,1,0,0,1.3420858602622885,0.05
1358,136.9168571313902,15,1,0,0,1.46956076990068,0.05
1359,154.7597288938909,28,1,0,0,1.4206739649007771,0.05
1360,195.25223622191277,40,1,0,0,1.430663424868945,0.05
1361,197.59567391933888,36,1,0,0,1.280188725994413,0.05
1362,179.49252602296312,36,1,0,0,1.3628396044958357,0.05
1363,1.4992892805661637,200,0,0,1,7.215598741330944,0.05
1364,136.51145200665886,10,1,0,0,1.2586440990160008,0.05
1365,11.967687016443255,200,0,0,1,2.0586164535133844,0.05
1366,131.7322443825067,10,1,0,0,1.4582966165233877,0.05
1367,158.37367565996226,35,1,0,0,1.4976848161416845,0.05
1368,75.45634486669371,200,0,0,1,2.016586992878171,0.05
1369,-50.0,1,0,1,0,7.340674361456047,0.05
1370,147.29948019343934,23,1,0,0,1.1886346904125542,0.05
1371,141.04564023618155,17,1,0,0,1.4336329094281897,0.05
1372,180.45942487532227,24,1,0,0,1.472068309693353,0.05
1373,133.57352206128934,12,1,0,0,1.3667897260578683,0.05
1374,167.1895223399552,90,1,0,0,1.408622033952972,0.05
1375,-12.385017804102448,200,0,0,1,7.095088760790213,0.05
1376,-50.0,1,0,1,0,5.0631653138366515,0.05
1377,204.6859281517011,38,1,0,0,1.3376281301299795,0.05
1378,148.34703116822413,18,1,0,0,1.3538540358516025,0.05
1379,227.7571403650908,53,1,0,0,1.4196609688903878,0.05
1380,123.81676893062138,8,1,0,0,1.288471254471174,0.05
1381,22.673066761399276,200,0,0,1,4.1181412192732445,0.05
1382,209.04415150200015,32,1,0,0,1.369053590904809,0.05
1383,169.1840152378664,26,1,0,0,1.333745810689469,0.05
1384,160.06256425804025,29,1,0,0,1.4323776127335957,0.05
1385,106.02527819830293,3,1,0,0,1.4023711964253391,0.05
1386,92.27994983688673,200,0,0,1,1.8460527038106707,0.05
1387,13.750750355004712,115,0,0,0,3.8182609117508926,0.05
1388,156.2542141375793,15,1,0,0,1.4003274530768455,0.05
1389,170.23106024645398,24,1,0,0,1.3400997757660862,0.05
1390,45.95590232030966,200,0,0,1,2.9686852013398752,0.05
1391,274.18312900609726,75,1,0,0,1.4968073678382638,0.05
1392,171.9916103447365,25,1,0,0,1.430831983258807,0.05
1393,175.7469150771906,49,1,0,0,1.4244275427262496,0.05
1394,240.0597559195187,76,1,0,0,1.4942066370161993,0.05
1395,149.52281975413598,36,1,0,0,1.446586628608469,0.05
1396,172.36759556814292,26,1,0,0,1.412213718524743,0.05
1397,162.2570897422195,33,1,0,0,1.3458689882259003,0.05
1398,173.89198800898063,23,1,0,0,1.4310539989349877,0.05
1399,123.16772455708923,11,1,0,0,1.449756578283878,0.05
1400,158.4115830979377,27,1,0,0,1.419530241512814,0.05
1401,161.97935681658407,84,1,0,0,1.450649276609197,0.05
1402,168.75176152713655,27,1,0,0,1.4961299901812517,0.05
1403,186.0594207365674,26,1,0,0,1.4607081257874348,0.05
1404,133.9770271765339,14,1,0,0,1.4209124367372796,0.05
1405,218.45875047751588,39,1,0,0,1.4333777261909681,0.05
1406,137.67444371775326,29,1,0,0,1.4996214147805174,0.05
1407,143.67275612072697,15,1,0,0,1.3219446253962979,0.05
1408,182.09475983052428,32,1,0,0,1.332109238934942,0.05
1409,185.0801566892078,29,1,0,0,1.3990011025229974,0.05
1410,179.17944063110343,41,1,0,0,1.306035740512445,0.05
1411,160.99385531571286,56,1,0,0,1.415132966428923,0.05
1412,134.97942512668104,22,1,0,0,1.2147854767261026,0.05
1413,-5.86383246464414,12,0,1,0,2.0801692352826495,0.05
1414,206.16908231681316,34,1,0,0,1.442036980549177,0.05
1415,129.94183748814282,16,1,0,0,1.4567336383201361,0.05
1416,205.17588129833217,96,1,0,0,1.4994193529541848,0.05
1417,164.05977152346492,22,1,0,0,1.490837429289659,0.05
1418,182.7567381441008,34,1,0,0,1.3075017647362441,0.05
1419,143.64432521630323,147,1,0,0,1.3810946748636395,0.05
1420,145.69906885982004,27,1,0,0,1.3841458940528002,0.05
1421,151.18728689582005,19,1,0,0,1.4104486912826621,0.05
1422,78.16495321201907,200,0,0,1,1.8907425129537903,0.05
1423,146.3287316518448,30,1,0,0,1.429221059064592,0.05
1424,156.12857452489854,30,1,0,0,1.3494967576474268,0.05
1425,162.20266404151587,22,1,0,0,1.4205056197811479,0.05
1426,16.185906280688286,80,0,0,0,7.28007025111555,0.05
1427,160.81916739903468,74,1,0,0,1.4217501323915056,0.05
1428,155.47811762555648,157,1,0,0,1.4501254792516223,0.05
1429,154.11463135057005,47,1,0,0,1.4204030606546536,0.05
1430,162.42689367546967,76,1,0,0,1.3081728815469131,0.05
1431,160.7926534078046,31,1,0,0,1.4370959467754991,0.05
1432,188.30023107976993,34,1,0,0,1.4619315220875853,0.05
1433,203.93972636565218,96,1,0,0,1.4644501499289522,0.05
1434,145.3519857408705,39,1,0,0,1.140885723292549,0.05
1435,172.41418667392185,17,1,0,0,1.3924385932443908,0.05
1436,195.2399934030072,26,1,0,0,1.2759586941063956,0.05
1437,175.49863441993736,28,1,0,0,1.318209503410082,0.05
1438,182.61122092517712,18,1,0,0,1.496816834746533,0.05
1439,205.15932542001178,26,1,0,0,1.4370966275856552,0.05
1440,135.4701112172517,10,1,0,0,1.3164406326421376,0.05
1441,172.21196785295598,33,1,0,0,1.49881774426918,0.05
1442,153.70968712504708,48,1,0,0,1.457719852956297,0.05
1443,174.9486774205473,22,1,0,0,1.481124403027106,0.05
1444,117.60004151378877,11,1,0,0,1.3437272007695273,0.05
1445,31.856355746203935,200,0,0,1,2.6061722234291302,0.05
1446,233.55511305914732,41,1,0,0,1.4805104292764657,0.05
1447,52.505185368768196,200,0,0,1,2.486801787545607,0.05
1448,42.52920588168873,200,0,0,1,1.7313899751821922,0.05
1449,175.5392223021883,22,1,0,0,1.4454338186748334,0.05
1450,173.17822406309526,169,1,0,0,1.366741890067156,0.05
1451,211.36420654486267,91,1,0,0,1.4047606534665822,0.05
1452,160.40018992172418,23,1,0,0,1.4341433334727116,0.05
1453,148.57627373284743,146,1,0,0,1.4900158940976693,0.05
1454,113.88937079320681,5,1,0,0,1.3237905867420994,0.05
1455,222.46650633741473,42,1,0,0,1.271056813646082,0.05
1456,72.40995769225499,200,0,0,1,2.194144846783722,0.05
1457,176.41638531710936,23,1,0,0,1.2513894237767982,0.05
1458,103.34336531853666,2,1,0,0,1.4542500035277206,0.05
1459,149.34802558220238,23,1,0,0,1.1894008882597824,0.05
1460,175.55898707494657,152,1,0,0,1.4890591337427934,0.05
1461,46.27959564371976,200,0,0,1,1.947328778254386,0.05
1462,156.99691890722772,29,1,0,0,1.4929430830602115,0.05
1463,-7.140817760497461,200,0,0,1,9.115821118541934,0.05
1464,219.3772740925545,38,1,0,0,1.3490361763487826,0.05
1465,230.67934572009443,52,1,0,0,1.3794716512332508,0.05
1466,136.76373990926405,16,1,0,0,1.2457416962938226,0.05
1467,163.25695049819254,22,1,0,0,1.3428274640054387,0.05
1468,164.62903863781074,50,1,0,0,1.4428604973843782,0.05
1469,182.89530520442992,30,1,0,0,1.3346403127929263,0.05
1470,134.86654192050835,59,1,0,0,1.3507635248641905,0.05
1471,128.08839249615673,10,1,0,0,1.2884125523596017,0.05
1472,216.2615507982075,38,1,0,0,1.3448934748263561,0.05
1473,124.57388361737651,14,1,0,0,1.4609608924631905,0.05
1474,166.78182562932227,37,1,0,0,1.4670320871497324,0.05
1475,143.48848899547224,59,1,0,0,1.3033415944409126,0.05
1476,15.545461894338715,46,0,0,0,4.548011046905892,0.05
1477,206.627362369864,50,1,0,0,1.2675938158146098,0.05
1478,142.18419030508596,18,1,0,0,1.3003818300851198,0.05
1479,105.26699215299051,3,1,0,0,1.3661919341318538,0.05
1480,145.06095394634954,20,1,0,0,1.456629586456288,0.05
1481,221.4380319482571,46,1,0,0,1.3740439868947691,0.05
1482,159.61566978214904,23,1,0,0,1.2805624243458238,0.05
1483,213.8925625374202,43,1,0,0,1.342269058582879,0.05
1484,171.14675309266187,28,1,0,0,1.4486832796503617,0.05
1485,203.74656687518976,28,1,0,0,1.440168174203456,0.05
1486,41.92587068350741,200,0,0,1,2.3892646023341912,0.05
1487,187.34092141386517,23,1,0,0,1.3001940423647091,0.05
1488,156.67966222763994,27,1,0,0,1.370739076189824,0.05
1489,186.22127393728272,35,1,0,0,1.4099874486262558,0.05
1490,164.6997096608916,97,1,0,0,1.4916144779182423,0.05
1491,177.51744173347987,47,1,0,0,1.4848235428381378,0.05
1492,170.13173827451442,33,1,0,0,1.4009654315337636,0.05
1493,155.93109283337913,32,1,0,0,1.466796550537407,0.05
1494,200.19002132032378,28,1,0,0,1.204245802380315,0.05
1495,170.5558441651747,159,1,0,0,1.4519055187809131,0.05
1496,189.25115540011916,23,1,0,0,1.3661918729828404,0.05
1497,179.48922610213233,137,1,0,0,1.47550509495167,0.05
1498,229.33230908880608,43,1,0,0,1.4551992062184644,0.05
1499,119.16620321484788,12,1,0,0,1.376117302389137,0.05
1500,127.25452230040838,10,1,0,0,1.3762571142804285,0.05
1501,148.87167868571996,25,1,0,0,1.257662086091731,0.05
1502,184.98904145901994,23,1,0,0,1.3235956612994024,0.05
1503,133.7405699154429,15,1,0,0,1.4475566153538986,0.05
1504,171.23026079799212,20,1,0,0,1.2927548924984056,0.05
1505,19.115562878743212,200,0,0,1,3.218931033355992,0.05
1506,142.46203608529134,14,1,0,0,1.4491848718448772,0.05
1507,192.91881607914212,27,1,0,0,1.411405046643861,0.05
1508,172.92216384992304,37,1,0,0,1.4941107731674654,0.05
1509,182.35735826668076,38,1,0,0,1.493098755927885,0.05
1510,151.68694054712066,16,1,0,0,1.1599630432811852,0.05
1511,119.67740875302187,10,1,0,0,1.4151681766930315,0.05
1512,212.24799441552358,32,1,0,0,1.4639581927806813,0.05
1513,179.82233027025092,27,1,0,0,1.3195216047020957,0.05
1514,173.44748289909728,22,1,0,0,1.3416058349998956,0.05
1515,-15.478577054854078,169,0,0,0,6.254821335553219,0.05
1516,164.6907791066164,21,1,0,0,1.4132486200427052,0.05
1517,161.54436060102634,28,1,0,0,1.4576193246533902,0.05
1518,82.4792227199082,200,0,0,1,2.1185696416776136,0.05
1519,77.94513457459406,200,0,0,1,3.4352352232139514,0.05
1520,10.690233436715218,200,0,0,1,2.986858090606491,0.05
1521,160.38264071456555,19,1,0,0,1.3378638163861543,0.05
1522,167.26701862983208,19,1,0,0,1.470642878476446,0.05
1523,153.1594208406591,20,1,0,0,1.4992978745579564,0.05
1524,185.47830355836408,31,1,0,0,1.2973457554970138,0.05
1525,184.35043319908982,26,1,0,0,1.1549643178984956,0.05
1526,169.28821320666464,31,1,0,0,1.4484422105615624,0.05
1527,169.70640941328844,25,1,0,0,1.4037604703981323,0.05
1528,199.53597180100036,31,1,0,0,1.368845790668726,0.05
1529,26.382722799334505,200,0,0,1,6.277517024010289,0.05
1530,-50.0,1,0,1,0,1.556355101747166,0.05
1531,124.60515374706492,197,1,0,0,1.4398704479988744,0.05
1532,151.4648882533523,15,1,0,0,1.4290443237970665,0.05
1533,183.06205361566253,82,1,0,0,1.426203809183615,0.05
1534,31.572561447428445,200,0,0,1,3.009214957338756,0.05
1535,188.20960018779695,28,1,0,0,1.397297123262139,0.05
1536,170.17273043002092,26,1,0,0,1.4840299254248566,0.05
1537,190.41166462827326,25,1,0,0,1.4146822716980874,0.05
1538,175.69972568423594,21,1,0,0,1.3835245246632766,0.05
1539,225.31691779108775,50,1,0,0,1.396336125633384,0.05
1540,168.14568950401897,34,1,0,0,1.4356207204277929,0.05
1541,168.17543751226134,26,1,0,0,1.3696453603644385,0.05
1542,178.11286380078457,23,1,0,0,1.1673200519664568,0.05
1543,116.17903475108358,6,1,0,0,1.360785653609552,0.05
1544,158.79289991056874,25,1,0,0,1.4177944242952558,0.05
1545,191.2518614826084,27,1,0,0,1.4951612851126366,0.05
1546,-50.0,1,0,1,0,5.979727321190745,0.05
1547,182.95262843797653,130,1,0,0,1.4846424895121342,0.05
1548,271.9924800503799,61,1,0,0,1.3773527873407925,0.05
1549,155.44704857911177,42,1,0,0,1.4813820168302338,0.05
1550,254.54026909040707,53,1,0,0,1.2171816809453104,0.05
1551,168.8462946126558,18,1,0,0,1.2827012035445455,0.05
1552,137.86790165260368,11,1,0,0,1.441574713971914,0.05
1553,161.18015255747332,24,1,0,0,1.4577912060406106,0.05
1554,161.4656368622772,25,1,0,0,1.145525101146003,0.05
1555,-26.33403833552748,200,0,0,1,4.57452123342557,0.05
1556,48.88291610363892,200,0,0,1,5.698627089645183,0.05
1557,17.191114570233367,200,0,0,1,3.741610031399902,0.05
1558,142.25399342895275,52,1,0,0,1.4735624337621505,0.05
1559,158.74960990960372,17,1,0,0,1.428162891583343,0.05
1560,149.4687706878525,130,1,0,0,1.463539039213262,0.05
1561,60.32864504188728,200,0,0,1,2.1300534750965525,0.05
1562,179.43717986492865,36,1,0,0,1.497414584895112,0.05
1563,185.5671647829488,23,1,0,0,1.2775427783477495,0.05
1564,145.73375337631083,16,1,0,0,1.4023888983764365,0.05
1565,214.70484671767792,46,1,0,0,1.3611787169223608,0.05
1566,180.09003323427652,25,1,0,0,1.4314316493638506,0.05
1567,160.36012767161088,48,1,0,0,1.4936749167244672,0.05
1568,205.03299592864357,38,1,0,0,1.3114338684246656,0.05
1569,127.74319829617771,18,1,0,0,1.4056363327850319,0.05
1570,157.88443336086436,21,1,0,0,1.3325013893126905,0.05
1571,162.38326500850624,22,1,0,0,1.4220069959375625,0.05
1572,140.5446348342416,11,1,0,0,1.4189656059328384,0.05
1573,192.89611918709613,36,1,0,0,1.1204001963663177,0.05
1574,164.21436771254253,29,1,0,0,1.4653487562180505,0.05
1575,189.9477942043224,26,1,0,0,1.1640142352684333,0.05
1576,183.049688661801,25,1,0,0,1.451935080783201,0.05
1577,176.67105985976494,24,1,0,0,1.4346419994966593,0.05
1578,199.1187573830617,26,1,0,0,1.4768981491103943,0.05
1579,165.6306616779728,19,1,0,0,1.2438577757470377,0.05
1580,156.87335980499896,25,1,0,0,1.346094089737686,0.05
1581,146.8181292417279,17,1,0,0,1.181854705014365,0.05
1582,140.60258758927287,11,1,0,0,1.2947643322961029,0.05
1583,171.1311890835274,28,1,0,0,1.4294661731559568,0.05
1584,158.25116952003367,19,1,0,0,1.3960645102829725,0.05
1585,155.09082917284724,22,1,0,0,1.2310844440963447,0.05
1586,121.08879008208648,15,1,0,0,1.424158093335482,0.05
1587,167.38915994523228,22,1,0,0,1.3626135603931722,0.05
1588,179.9051412400613,23,1,0,0,1.408377012554873,0.05
1589,188.91149693616762,23,1,0,0,1.4101635134614643,0.05
1590,162.4586576634108,23,1,0,0,1.4435835549452931,0.05
1591,137.76360020363097,23,1,0,0,1.403620617824366,0.05
1592,225.16298507788645,41,1,0,0,1.2931312837511313,0.05
1593,114.82395250124077,24,1,0,0,1.4874146672496225,0.05
1594,161.9857573163236,16,1,0,0,1.1930653731296625,0.05
1595,250.87853925894584,53,1,0,0,1.2334478311527919,0.05
1596,137.44933627806395,27,1,0,0,1.4284336112979512,0.05
1597,155.63891270324714,26,1,0,0,1.4769700672052164,0.05
1598,175.77686663140992,24,1,0,0,1.3610905783467933,0.05
1599,211.0803690027264,36,1,0,0,1.460067283818773,0.05
1600,222.73045701123064,37,1,0,0,1.4986979740544506,0.05
1601,135.0587750561517,31,1,0,0,1.4962763870697182,0.05
1602,43.79047892441325,200,0,0,1,4.396208525578628,0.05
1603,161.9151333401869,28,1,0,0,1.4011709779527233,0.05
1604,127.81322032050242,11,1,0,0,1.3127727694558513,0.05
1605,168.06421904585395,17,1,0,0,1.4568136742277797,0.05
1606,141.3421169560438,13,1,0,0,1.405775153463075,0.05
1607,138.26268013790104,13,1,0,0,1.3291796463752843,0.05
1608,122.83763677543615,12,1,0,0,1.206569940758117,0.05
1609,43.606542179849065,200,0,0,1,1.960646511166933,0.05
1610,192.20136068819806,29,1,0,0,1.2922728718043286,0.05
1611,147.07055793469283,21,1,0,0,1.3826609636477176,0.05
1612,158.18774067401594,18,1,0,0,1.364102190428288,0.05
1613,132.220084209934,10,1,0,0,1.4733281958318758,0.05
1614,188.86538969415489,28,1,0,0,1.4948630742269349,0.05
1615,254.24156418199368,87,1,0,0,1.480248301648612,0.05
1616,-1.3644558940112703,200,0,0,1,3.043644513717413,0.05
1617,201.95053694493214,29,1,0,0,1.417850705546029,0.05
1618,23.21075732953166,200,0,0,1,1.953278922295018,0.05
1619,185.528066162249,29,1,0,0,1.1333578708193452,0.05
1620,116.35533702345145,5,1,0,0,1.4518615614932249,0.05
1621,176.50931410061807,22,1,0,0,1.078079160214484,0.05
1622,121.24126803969519,28,1,0,0,1.4873268408235183,0.05
1623,140.5968968028367,149,1,0,0,1.2527791219342845,0.05
1624,141.4506211292199,28,1,0,0,1.1770528951551322,0.05
1625,179.9035736300571,21,1,0,0,1.3694377613311515,0.05
1626,154.3995000452012,15,1,0,0,1.4143077943081128,0.05
1627,236.13647952139007,65,1,0,0,1.2669534653392132,0.05
1628,113.8693499347877,10,1,0,0,1.4403749274818716,0.05
1629,170.53540164053277,27,1,0,0,1.437058591007715,0.05
1630,190.7741303878758,23,1,0,0,1.3121619163634435,0.05
1631,172.26310467613288,22,1,0,0,1.4305889513856729,0.05
1632,161.67111583099697,24,1,0,0,1.315426333255543,0.05
1633,169.71731765965987,19,1,0,0,1.415464331122888,0.05
1634,169.0852401601994,28,1,0,0,1.4704145674414368,0.05
1635,217.46086622116277,40,1,0,0,1.3675337883420702,0.05
1636,154.70876370481386,23,1,0,0,1.4932276648200316,0.05
1637,176.43294719822282,31,1,0,0,1.3847458275762325,0.05
1638,145.6450422239414,53,1,0,0,1.3729645899376337,0.05
1639,142.5430840954751,27,1,0,0,1.4549743798775807,0.05
1640,157.44138878144875,16,1,0,0,1.2984845925156934,0.05
1641,133.63002425711954,11,1,0,0,1.1589645494629408,0.05
1642,136.06575513567503,122,1,0,0,1.118581035275091,0.05
1643,168.712479975939,26,1,0,0,1.498922993549055,0.05
1644,184.95331736607878,27,1,0,0,1.3334164768463872,0.05
1645,171.58346397508942,28,1,0,0,1.3970499315116711,0.05
1646,133.2137732900067,12,1,0,0,1.4815226656865945,0.05
1647,111.67323580946098,14,1,0,0,1.381653976017786,0.05
1648,192.26506082957656,28,1,0,0,1.322016276889471,0.05
1649,179.40745482486474,31,1,0,0,1.4156945853673497,0.05
1650,165.24801345687192,23,1,0,0,1.3180839018960067,0.05
1651,204.50129422861306,25,1,0,0,1.22662724976437,0.05
1652,174.34987755167717,26,1,0,0,1.4906812294009308,0.05
1653,190.7290873423858,37,1,0,0,1.1871577654613712,0.05
1654,193.5429947777185,22,1,0,0,1.4050015655282184,0.05
1655,265.07826373745735,54,1,0,0,1.35051150861022,0.05
1656,190.25986333042923,31,1,0,0,1.3469269975246325,0.05
1657,199.63552885455545,27,1,0,0,1.4444979676195264,0.05
1658,255.62279610973283,62,1,0,0,1.477846486482431,0.05
1659,128.16723676295155,57,1,0,0,1.4997242885785866,0.05
1660,183.8766231747506,23,1,0,0,1.288857064638135,0.05
1661,208.63858500422816,37,1,0,0,1.401473635735339,0.05
1662,154.4977225802708,20,1,0,0,1.4941851274279234,0.05
1663,167.28511973103653,30,1,0,0,1.4312184072685066,0.05
1664,145.79400017364506,22,1,0,0,1.3915073054216816,0.05
1665,206.67609213919744,39,1,0,0,1.223782363437469,0.05
1666,191.3562318194044,26,1,0,0,1.2959159653809977,0.05
1667,129.95843887203313,11,1,0,0,1.2907939608601597,0.05
1668,188.18809527511644,36,1,0,0,1.257120145999604,0.05
1669,145.386640274293,15,1,0,0,1.4860813338633905,0.05
1670,123.97279890740626,49,1,0,0,1.4036722090141418,0.05
1671,183.30593642670573,20,1,0,0,1.433594799530841,0.05
1672,165.57416502080434,33,1,0,0,1.3044168763857917,0.05
1673,202.80116714280553,37,1,0,0,1.3235335916093929,0.05
1674,149.34398540477588,14,1,0,0,1.4823272585060947,0.05
1675,178.1297068493516,53,1,0,0,1.4835474739446566,0.05
1676,169.29450954444508,25,1,0,0,1.462047875415856,0.05
1677,200.3333622397565,47,1,0,0,1.4525430899769012,0.05
1678,184.00636078890034,30,1,0,0,1.2847644175717934,0.05
1679,179.9161854325548,46,1,0,0,1.4570337954355028,0.05
1680,167.54942032136466,35,1,0,0,1.4097856111308376,0.05
1681,186.34281889979235,40,1,0,0,1.3563599247637728,0.05
1682,163.9784325693955,72,1,0,0,1.493060883476064,0.05
1683,154.5115637176513,15,1,0,0,1.4862170870718483,0.05
1684,141.85552734341218,17,1,0,0,1.362420817871856,0.05
1685,144.01242496982405,21,1,0,0,1.3294440700459,0.05
1686,224.51047373522277,40,1,0,0,1.4624375077575469,0.05
1687,184.65789515069417,23,1,0,0,1.4372532346180726,0.05
1688,232.87620373464117,42,1,0,0,1.3987169371855377,0.05
1689,118.71863861302744,10,1,0,0,1.4503301597097573,0.05
1690,224.80238241099016,46,1,0,0,1.4889447477545648,0.05
1691,104.05976374948533,10,1,0,0,1.3260837189435484,0.05
1692,183.1821564959228,33,1,0,0,1.4085743566481697,0.05
1693,179.39185724592699,48,1,0,0,1.2860400516584671,0.05
1694,148.2171548731452,19,1,0,0,1.2878194886896799,0.05
1695,162.82709357780027,21,1,0,0,1.3077483586215584,0.05
1696,167.5334504639014,18,1,0,0,1.4868314669785692,0.05
1697,260.7592948403833,52,1,0,0,1.4810881784025505,0.05
1698,146.80347686686707,17,1,0,0,1.4512245673510664,0.05
1699,161.24421589822873,30,1,0,0,1.437087562586582,0.05
1700,154.41530119928632,75,1,0,0,1.3869456930168347,0.05
1701,178.58718835354938,31,1,0,0,1.206584458842897,0.05
1702,181.8293479802876,36,1,0,0,1.4927249436211916,0.05
1703,151.55808865306705,22,1,0,0,1.2567986976104752,0.05
1704,119.44134371421264,57,1,0,0,1.3177745595066688,0.05
1705,163.63150703070738,73,1,0,0,1.4594677907683684,0.05
1706,164.19929787346666,21,1,0,0,1.3319789223322516,0.05
1707,160.37400752357257,30,1,0,0,1.3604997864764794,0.05
1708,192.52029075699048,25,1,0,0,1.4671222296644595,0.05
1709,162.37806586323487,20,1,0,0,1.3947264640047445,0.05
1710,221.71704785105655,28,1,0,0,1.284642686429134,0.05
1711,154.9759104419204,20,1,0,0,1.2728640927699755,0.05
1712,191.86439943438808,31,1,0,0,1.4857685464134964,0.05
1713,203.80474951021742,49,1,0,0,1.4769974410439695,0.05
1714,63.45593446325951,200,0,0,1,1.6058539841409654,0.05
1715,146.1391697035001,20,1,0,0,1.4999925520140198,0.05
1716,158.110799834047,66,1,0,0,1.4931903088439893,0.05
1717,169.9215893666947,24,1,0,0,1.2724473544165575,0.05
1718,188.49613696951317,34,1,0,0,1.3747008193440902,0.05
1719,167.6882503889214,19,1,0,0,1.3716673367232595,0.05
1720,191.976112042139,27,1,0,0,1.4736532410790664,0.05
1721,169.65044468697852,26,1,0,0,1.4945934287595293,0.05
1722,162.5034364653906,25,1,0,0,1.1969723791258695,0.05
1723,172.90744067257214,28,1,0,0,1.4609673563611387,0.05
1724,137.14250330520247,62,1,0,0,1.3238502402019403,0.05
1725,197.82659379015874,41,1,0,0,1.4433421068799985,0.05
1726,161.66344971396,18,1,0,0,1.2678579311072546,0.05
1727,149.18773381115088,22,1,0,0,1.4489502118519082,0.05
1728,199.5758435687162,27,1,0,0,1.4091806242566842,0.05
1729,164.93995496785095,71,1,0,0,1.3681680091721233,0.05
1730,91.71888697706821,200,0,0,1,1.6445466782739822,0.05
1731,158.72204363136225,15,1,0,0,1.3076850696724847,0.05
1732,151.54456899742166,25,1,0,0,1.4061272549873094,0.05
1733,26.347695801772687,200,0,0,1,5.430065442507494,0.05
1734,122.70917838722787,21,1,0,0,1.3412826663554498,0.05
1735,156.88171578843128,43,1,0,0,1.4591803870152247,0.05
1736,195.49482310417386,27,1,0,0,1.1559548723443807,0.05
1737,192.87949029212322,33,1,0,0,1.4427872932610515,0.05
1738,173.86677674047894,21,1,0,0,1.367587757204535,0.05
1739,-50.0,1,0,1,0,2.7006805264874734,0.05
1740,145.68449017089333,13,1,0,0,1.4911416929952213,0.05
1741,157.90885753430834,16,1,0,0,1.3393083663050735,0.05
1742,205.2948531253254,30,1,0,0,1.4582380914218387,0.05
1743,176.31252853289598,23,1,0,0,1.2082795369769093,0.05
1744,167.20842074061835,23,1,0,0,1.140962525504915,0.05
1745,183.6656574209835,23,1,0,0,1.263881962370414,0.05
1746,150.2685373454536,24,1,0,0,1.4323251924796867,0.05
1747,201.56938401436446,36,1,0,0,1.3618040312795767,0.05
1748,150.78100382066867,19,1,0,0,1.3087750867788128,0.05
1749,151.50584259724744,14,1,0,0,1.2308262350020744,0.05
1750,172.04467017703297,23,1,0,0,1.423192483216419,0.05
1751,203.05791167628757,39,1,0,0,1.281862005374666,0.05
1752,207.77053974773835,124,1,0,0,1.4779571289355176,0.05
1753,167.31049395824078,18,1,0,0,1.4488712884253254,0.05
1754,139.9348120326752,20,1,0,0,1.475216698742984,0.05
1755,169.69617132664555,19,1,0,0,1.2914441101986867,0.05
1756,198.62589266315604,31,1,0,0,1.4141229609463946,0.05
1757,182.36975743226512,27,1,0,0,1.2856009156741974,0.05
1758,170.13945364368738,19,1,0,0,1.4852232994399426,0.05
1759,201.9161850265936,30,1,0,0,1.4228017586390622,0.05
1760,185.39046221408705,21,1,0,0,1.4214698576984848,0.05
1761,183.11116171387852,26,1,0,0,1.42575836948339,0.05
1762,155.5718670454224,25,1,0,0,1.216992295251517,0.05
1763,154.86717132244274,19,1,0,0,1.2616171249751564,0.05
1764,271.77370246366166,59,1,0,0,1.374333760173945,0.05
1765,178.93995491056197,23,1,0,0,1.2410962451118155,0.05
1766,197.56246369621402,27,1,0,0,1.477022542205438,0.05
1767,140.1363020778632,15,1,0,0,1.3711937113122854,0.05
1768,160.0335560275926,23,1,0,0,1.3231439197230492,0.05
1769,212.05277060743066,37,1,0,0,1.3102196835547495,0.05
1770,206.03812960617455,36,1,0,0,1.4445435004156721,0.05
1771,138.94446114221734,16,1,0,0,1.389044972975655,0.05
1772,188.51994850463373,24,1,0,0,1.4095721984110217,0.05
1773,162.7248427228763,19,1,0,0,1.1988415185141128,0.05
1774,166.65957919584045,21,1,0,0,1.3449797805797825,0.05
1775,169.53238362164612,57,1,0,0,1.4926096202385977,0.05
1776,150.2540895718042,16,1,0,0,1.4987318233784177,0.05
1777,177.8971771785798,23,1,0,0,1.2579634300790512,0.05
1778,166.18911876516412,22,1,0,0,1.4898508001760464,0.05
1779,178.6589456174113,29,1,0,0,1.4378260912138072,0.05
1780,112.9050280392002,8,1,0,0,1.3763904396609097,0.05
1781,165.48658482189137,89,1,0,0,1.4474400927760396,0.05
1782,124.54553052567475,12,1,0,0,1.3401330461627727,0.05
1783,172.43054907675867,21,1,0,0,1.4712549933534032,0.05
1784,203.2829554443349,36,1,0,0,1.377481194160548,0.05
1785,171.34917784058158,31,1,0,0,1.4528378263210204,0.05
1786,197.75150923350913,24,1,0,0,1.4305974638968046,0.05
1787,172.03428932242707,17,1,0,0,1.3630798584824768,0.05
1788,201.0013476796359,33,1,0,0,1.440357977613787,0.05
1789,201.7126614933719,28,1,0,0,1.3879165717287725,0.05
1790,259.5986870187062,51,1,0,0,1.4544211668060323,0.05
1791,175.3258491902484,21,1,0,0,1.3230337650452617,0.05
1792,140.9411321418973,13,1,0,0,1.1951007923161874,0.05
1793,169.80472192203587,21,1,0,0,1.1643657203508164,0.05
1794,60.170693992920235,200,0,0,1,3.638325610309378,0.05
1795,174.2812059803595,21,1,0,0,1.495541715623906,0.05
1796,160.71101850498968,30,1,0,0,1.3330562394747387,0.05
1797,174.353185295007,24,1,0,0,1.3183833162131378,0.05
1798,209.33769417962816,85,1,0,0,1.4762010982064644,0.05
1799,173.40991333164925,36,1,0,0,1.4344485662553739,0.05
1800,166.29748940038718,29,1,0,0,1.449660224525397,0.05
1801,161.0545511753156,35,1,0,0,1.4327284860608147,0.05
1802,226.8447375585131,43,1,0,0,1.4078118801554083,0.05
1803,136.90691067818875,17,1,0,0,1.4475182771842399,0.05
1804,126.61564559083138,22,1,0,0,1.494563356960344,0.05
1805,136.39645371106099,31,1,0,0,1.4821733113894786,0.05
1806,164.07611940451125,18,1,0,0,1.3268063385866022,0.05
1807,179.96599754142756,34,1,0,0,1.4795749529172293,0.05
1808,122.36794427159931,7,1,0,0,1.2838119220436297,0.05
1809,132.3590685470663,12,1,0,0,1.390769291294535,0.05
1810,204.98311016654847,28,1,0,0,1.3838236050744483,0.05
1811,190.29463220172175,26,1,0,0,1.4946477683920067,0.05
1812,156.08754934757326,108,1,0,0,1.4810768120962137,0.05
1813,180.02586273550725,25,1,0,0,1.2925303589004602,0.05
1814,155.1946520984078,16,1,0,0,1.0532781910582518,0.05
1815,122.89555519180874,10,1,0,0,1.4626337315521674,0.05
1816,100.90057147659874,10,1,0,0,1.462255813085004,0.05
1817,158.5107549724916,29,1,0,0,1.246529383641466,0.05
1818,150.14887775959522,13,1,0,0,1.315557291896895,0.05
1819,131.8645803842501,23,1,0,0,1.4436404294158618,0.05
1820,146.8577602610217,18,1,0,0,1.4615303221036984,0.05
1821,103.22880026216147,5,1,0,0,1.380701293176938,0.05
1822,153.8369439991527,19,1,0,0,1.3226176383352193,0.05
1823,123.88350147345687,19,1,0,0,1.1986957418946569,0.05
1824,174.692194312335,28,1,0,0,1.3497569398566076,0.05
1825,162.9233124819339,24,1,0,0,1.1559322876978415,0.05
1826,37.59833486967602,200,0,0,1,1.9467158613114564,0.05
1827,166.68640407064322,22,1,0,0,1.4936303854816557,0.05
1828,163.23949955672924,16,1,0,0,1.4098431607538904,0.05
1829,154.10924337603825,16,1,0,0,1.4222534675842462,0.05
1830,-50.0,1,0,1,0,5.926558899276256,0.05
1831,180.51665801462283,28,1,0,0,1.465806949632762,0.05
1832,172.2367675039862,21,1,0,0,1.2993866732164543,0.05
1833,135.77617262424872,13,1,0,0,1.2373069966591597,0.05
1834,172.38602127237849,22,1,0,0,1.288674462043369,0.05
1835,224.56034124704405,88,1,0,0,1.490834856986854,0.05
1836,216.2320138479164,34,1,0,0,1.4648518261511607,0.05
1837,181.922825188733,41,1,0,0,1.4144636678450628,0.05
1838,137.3818591032902,14,1,0,0,1.4646476037974805,0.05
1839,158.74600976272131,15,1,0,0,1.3842717857267166,0.05
1840,149.4364105506053,140,1,0,0,1.310965113469621,0.05
1841,167.80440025647397,21,1,0,0,1.4845774248763666,0.05
1842,143.4783964295133,14,1,0,0,1.4893226393851229,0.05
1843,171.9944003674936,22,1,0,0,1.3679687016432682,0.05
1844,194.77326721234897,32,1,0,0,1.3314257695729022,0.05
1845,161.76135371502417,79,1,0,0,1.4296218118569404,0.05
1846,163.22954380598065,37,1,0,0,1.3432227660696805,0.05
1847,212.85544669147382,34,1,0,0,1.4780630813181717,0.05
1848,174.61597709588727,22,1,0,0,1.4882148148107197,0.05
1849,166.01183282028023,25,1,0,0,1.4218356764086655,0.05
1850,155.0055151785241,20,1,0,0,1.4841299626515887,0.05
1851,234.1714179828477,34,1,0,0,1.4608662187162127,0.05
1852,247.9380318546606,82,1,0,0,1.4955732593674347,0.05
1853,155.67304471399967,20,1,0,0,1.409829593922512,0.05
1854,173.35734281013694,20,1,0,0,1.4541195564374834,0.05
1855,169.6490383553505,23,1,0,0,1.4797809360053942,0.05
1856,204.58973186280292,39,1,0,0,1.1549899430711004,0.05
1857,119.63184834601729,23,1,0,0,1.3423277275038747,0.05
1858,134.4669300961816,10,1,0,0,1.3961793271404888,0.05
1859,148.73870345615225,15,1,0,0,1.471313327221861,0.05
1860,188.20160438358317,26,1,0,0,1.485783298778317,0.05
1861,177.3401167107706,31,1,0,0,1.2287621603921206,0.05
1862,181.77551881120803,26,1,0,0,1.3792162777593315,0.05
1863,176.96052262424627,20,1,0,0,1.4670634273738934,0.05
1864,131.75049075417266,12,1,0,0,1.3172243735820233,0.05
1865,183.88248479077126,24,1,0,0,1.3320527967920763,0.05
1866,152.78787777382132,16,1,0,0,1.3592902860032476,0.05
1867,162.51354044583522,19,1,0,0,1.230904480819236,0.05
1868,187.61779952380203,25,1,0,0,1.3943782545192476,0.05
1869,160.2933224306405,18,1,0,0,1.4051613634354019,0.05
1870,147.09387777473205,21,1,0,0,1.4903464004436415,0.05
1871,183.2044044665609,23,1,0,0,1.4142104360520096,0.05
1872,188.88100594788287,25,1,0,0,1.156149683229021,0.05
1873,142.12995826002833,16,1,0,0,1.224116146722262,0.05
1874,148.61765493413154,15,1,0,0,1.324748013902504,0.05
1875,158.303292513513,16,1,0,0,1.4881695535605395,0.05
1876,170.9170299684465,29,1,0,0,1.4352121646486777,0.05
1877,170.91231821955742,19,1,0,0,1.1884655790770189,0.05
1878,195.80504880748418,32,1,0,0,1.3270889457936859,0.05
1879,132.35493337232793,84,1,0,0,1.4950988575511834,0.05
1880,122.45990610933225,9,1,0,0,1.3047172807427336,0.05
1881,164.12959144916158,22,1,0,0,1.485331459029072,0.05
1882,168.68696285760163,18,1,0,0,1.3365285402406781,0.05
1883,175.6853364501024,95,1,0,0,1.4997893442977885,0.05
1884,197.00797481708364,35,1,0,0,1.4468775527326392,0.05
1885,178.12763726143413,30,1,0,0,1.326421474543171,0.05
1886,167.61939312241725,23,1,0,0,1.405193533401098,0.05
1887,176.05976987522303,20,1,0,0,1.2755894052676713,0.05
1888,202.59059364834056,32,1,0,0,1.2895245018039974,0.05
1889,171.72653856404128,41,1,0,0,1.4808677058851891,0.05
1890,198.64925613672727,22,1,0,0,1.3470278875888284,0.05
1891,158.97094948940574,21,1,0,0,1.3212756556983656,0.05
1892,141.65239491414246,97,1,0,0,1.4386908096494329,0.05
1893,-15.454343368748642,200,0,0,1,4.473695272052125,0.05
1894,194.77773103418133,27,1,0,0,1.3082580761828024,0.05
1895,80.65647798096253,200,0,0,1,2.1172398793656453,0.05
1896,187.64698942568816,32,1,0,0,1.3326568128490979,0.05
1897,152.94398344954067,30,1,0,0,1.1685317881242603,0.05
1898,146.36207454510082,14,1,0,0,1.2708514580556785,0.05
1899,267.3768712217759,56,1,0,0,1.3637597013462943,0.05
1900,172.69149499283094,25,1,0,0,1.2419213823742565,0.05
1901,169.22293768465934,23,1,0,0,1.4196026713610173,0.05
1902,196.30312053624363,30,1,0,0,1.3254581807820052,0.05
1903,181.2946816684095,54,1,0,0,1.467572605775591,0.05
1904,147.08579599390174,19,1,0,0,1.4999422974688592,0.05
1905,176.7696228413585,21,1,0,0,1.2795431553893009,0.05
1906,170.35808465262707,69,1,0,0,1.4825432107230851,0.05
1907,161.57822016523738,24,1,0,0,1.4352573823365438,0.05
1908,200.12363638047498,26,1,0,0,1.1944399352184154,0.05
1909,171.5971579970602,26,1,0,0,1.3171484987609414,0.05
1910,167.99977579975038,19,1,0,0,1.3343832921601797,0.05
1911,177.4696865909609,27,1,0,0,1.4891792337830199,0.05
1912,197.4631867213919,25,1,0,0,1.228546127234233,0.05
1913,153.19685067569839,32,1,0,0,1.2958537158883197,0.05
1914,138.65095978192687,33,1,0,0,1.259430756602847,0.05
1915,166.52707114765008,29,1,0,0,1.4069479045601798,0.05
1916,189.3181998541754,29,1,0,0,1.265368233515534,0.05
1917,10.223610660585296,200,0,0,1,2.7909820585637632,0.05
1918,159.45697836901337,23,1,0,0,1.4788401970953637,0.05
1919,163.5822003802317,24,1,0,0,1.391814823062042,0.05
1920,158.55166193607823,24,1,0,0,1.4787715328026136,0.05
1921,170.39071164600682,18,1,0,0,1.277082253498928,0.05
1922,173.23978022119235,23,1,0,0,1.465401063317994,0.05
1923,152.20805880274168,12,1,0,0,1.4334606842477966,0.05
1924,213.20174764430806,37,1,0,0,1.4606418732189006,0.05
1925,179.3204438863184,24,1,0,0,1.3092885436910104,0.05
1926,183.1952293759544,29,1,0,0,1.2578048657948382,0.05
1927,199.75470905317962,23,1,0,0,1.4369503130951042,0.05
1928,193.9734861882427,28,1,0,0,1.2810997713480519,0.05
1929,168.70616289648876,25,1,0,0,1.2998909127300176,0.05
1930,161.1668679522682,28,1,0,0,1.4592339854040037,0.05
1931,94.25704415447314,200,0,0,1,2.272344307682056,0.05
1932,167.84610757003543,68,1,0,0,1.4993120872203562,0.05
1933,167.35972481615107,19,1,0,0,1.4244055170897996,0.05
1934,166.5117471231778,18,1,0,0,1.3582033641149507,0.05
1935,158.32475097906263,17,1,0,0,1.2072456840066579,0.05
1936,123.05171421622319,9,1,0,0,1.480531194208038,0.05
1937,123.08603187822621,6,1,0,0,1.4365368947108805,0.05
1938,141.6057509801914,17,1,0,0,1.4295699714614432,0.05
1939,182.91728122511182,27,1,0,0,1.2368288005923895,0.05
1940,157.3189797848215,23,1,0,0,1.4604011791414084,0.05
1941,168.59255216848948,23,1,0,0,1.3258963408148665,0.05
1942,148.48979227769928,23,1,0,0,1.4442435642304934,0.05
1943,183.89193133578834,21,1,0,0,1.113030833814287,0.05
1944,158.65330746404456,135,1,0,0,1.3877692216181634,0.05
1945,89.78749872762874,200,0,0,1,1.872407205365384,0.05
1946,210.29552596021944,41,1,0,0,1.2059037909240433,0.05
1947,170.5539576997043,17,1,0,0,1.2681951114263113,0.05
1948,23.269113907817108,200,0,0,1,2.1951241591284836,0.05
1949,141.66426374382354,13,1,0,0,1.360253439813705,0.05
1950,181.1085339489369,23,1,0,0,1.4835266463382997,0.05
1951,162.45707340206314,27,1,0,0,1.2865228880423294,0.05
1952,241.68110704906218,50,1,0,0,1.3256799139155602,0.05
1953,173.53063088453644,29,1,0,0,1.2445292567487591,0.05
1954,189.03482960842,35,1,0,0,1.392464755308804,0.05
1955,182.7818897827951,28,1,0,0,1.2676071612150426,0.05
1956,159.4025230692745,22,1,0,0,1.4698532229150025,0.05
1957,172.6891774888802,26,1,0,0,1.4793882631598363,0.05
1958,162.029228954521,22,1,0,0,1.2303461711853632,0.05
1959,126.92581709590722,22,1,0,0,1.2783850246661557,0.05
1960,160.9923365298565,19,1,0,0,1.3627069209454672,0.05
1961,153.264295596718,20,1,0,0,1.0466364979614533,0.05
1962,145.89273426385972,17,1,0,0,1.4315122887116771,0.05
1963,278.3686125775886,60,1,0,0,1.4500126049284905,0.05
1964,133.5468075264076,11,1,0,0,1.4972328534513264,0.05
1965,169.7096686689796,23,1,0,0,1.3171464331334133,0.05
1966,205.55561561333883,25,1,0,0,1.487276107204711,0.05
1967,127.5387928127564,10,1,0,0,1.4542495471423431,0.05
1968,230.60342602721673,44,1,0,0,1.4123626373459102,0.05
1969,124.6263748218511,11,1,0,0,1.4394877893873996,0.05
1970,149.55466305515714,19,1,0,0,1.4936268605595981,0.05
1971,151.32330185478475,17,1,0,0,1.2493044167046476,0.05
1972,132.90475430548295,141,1,0,0,1.4136793129598304,0.05
1973,161.10546280129324,23,1,0,0,1.385525839190377,0.05
1974,165.98535886244744,16,1,0,0,1.4893896461752971,0.05
1975,153.2912866170384,25,1,0,0,1.1580321125333928,0.05
1976,150.70729901032306,17,1,0,0,1.4282008276492635,0.05
1977,241.63376425231536,43,1,0,0,1.4295320302483017,0.05
1978,197.6757261186218,32,1,0,0,1.4344205595211803,0.05
1979,179.39306774542226,23,1,0,0,1.3039375111091,0.05
1980,145.15331576348393,14,1,0,0,1.300874786053773,0.05
1981,145.6619629165827,19,1,0,0,1.4515022584206339,0.05
1982,167.22028618773598,22,1,0,0,1.2669169988420588,0.05
1983,179.5960724829978,130,1,0,0,1.4693767820854249,0.05
1984,151.32561414277887,23,1,0,0,1.2721672586316617,0.05
1985,163.54619958883453,19,1,0,0,1.4160576815671602,0.05
1986,158.6839977840112,16,1,0,0,1.2633919339508792,0.05
1987,192.56067520959544,28,1,0,0,1.2980672131293105,0.05
1988,166.06948575457346,18,1,0,0,1.2482864584209343,0.05
1989,165.41991515776425,19,1,0,0,1.4635914836001438,0.05
1990,180.7739491576267,21,1,0,0,1.3843263567743707,0.05
1991,196.38331166692112,23,1,0,0,1.2843810924335703,0.05
1992,200.94130706443386,32,1,0,0,1.4370729682217254,0.05
1993,137.24938264157274,17,1,0,0,1.4568140742463744,0.05
1994,220.79199701807,38,1,0,0,1.2721596722488686,0.05
1995,148.87873323928025,17,1,0,0,1.4940244997688903,0.05
1996,152.465417087679,16,1,0,0,1.4169285498829765,0.05
1997,226.74030198414937,45,1,0,0,1.3758456924130962,0.05
1998,169.7191991587893,22,1,0,0,1.405810121303011,0.05
1999,187.7409966584491,23,1,0,0,1.3925618466807996,0.05
2000,206.5544895135954,25,1,0,0,1.413402164662747,0.05
2001,201.26630044745036,34,1,0,0,1.491374865531753,0.05
2002,27.863647083852523,200,0,0,1,3.4270451899635797,0.05
2003,165.01983022486093,24,1,0,0,1.350176640409453,0.05
2004,200.04310937245288,34,1,0,0,1.4553573293666304,0.05
2005,183.03909231815686,31,1,0,0,1.3693320011931456,0.05
2006,58.01932539594263,200,0,0,1,1.6912374241273307,0.05
2007,134.50495260732976,18,1,0,0,1.4453102007865546,0.05
2008,173.26559609819046,28,1,0,0,1.3849684690662358,0.05
2009,171.33753305830072,19,1,0,0,1.0721248102827088,0.05
2010,94.45515066195549,200,0,0,1,1.9953936383183999,0.05
2011,183.48436728757292,23,1,0,0,1.4140031307327803,0.05
2012,132.1143400003404,200,0,0,1,3.3961128833976066,0.05
2013,186.4265638185451,21,1,0,0,1.4397669586587496,0.05
2014,78.83969501752787,200,0,0,1,1.9096820503817693,0.05
2015,138.6180832868533,67,1,0,0,1.2236894456438205,0.05
2016,181.70796381713473,23,1,0,0,1.3363093584565884,0.05
2017,178.26763545644695,28,1,0,0,1.2152409628962675,0.05
2018,120.46185392362776,7,1,0,0,1.128430281090069,0.05
2019,146.8825955015941,17,1,0,0,1.351511232082188,0.05
2020,220.2051877892393,43,1,0,0,1.493770558546809,0.05
2021,180.50924804478558,20,1,0,0,1.108689282364846,0.05
2022,138.73534710209017,16,1,0,0,1.3637806768551968,0.05
2023,191.63798606531174,24,1,0,0,1.2366324182474118,0.05
2024,119.66049740023706,9,1,0,0,1.322248505204347,0.05
2025,167.40370804471706,27,1,0,0,1.4167811187152584,0.05
2026,269.6533866252421,139,1,0,0,1.483809036046974,0.05
2027,139.35482781911705,12,1,0,0,1.29462758285151,0.05
2028,198.56748835747902,32,1,0,0,1.2739010109050455,0.05
2029,181.71692398231187,115,1,0,0,1.4832759094648704,0.05
2030,200.91727929958716,26,1,0,0,1.4279160979100358,0.05
2031,122.47966038150138,40,1,0,0,1.4883644688085425,0.05
2032,173.43990917675396,24,1,0,0,1.2979158932400798,0.05
2033,-50.0,1,0,1,0,3.5351812131180256,0.05
2034,158.8410834957699,16,1,0,0,1.370238889119112,0.05
2035,178.72589022211776,21,1,0,0,1.3380311992123306,0.05
2036,180.5267196666057,36,1,0,0,1.363090091802217,0.05
2037,125.45373996567793,10,1,0,0,1.3748571869880655,0.05
2038,138.00516344669262,11,1,0,0,1.2815403290943086,0.05
2039,145.00859754837393,15,1,0,0,1.252385792377587,0.05
2040,171.17038382360596,20,1,0,0,1.479056279287518,0.05
2041,138.7319014971966,17,1,0,0,1.2862877039583804,0.05
2042,200.4019072743865,27,1,0,0,1.3944088334645595,0.05
2043,153.66792933658044,31,1,0,0,1.4609073988878707,0.05
2044,166.64550253105267,18,1,0,0,1.3865061613365555,0.05
2045,158.6880670190147,19,1,0,0,1.4066074745997534,0.05
2046,139.88892456403784,13,1,0,0,1.188803085772728,0.05
2047,161.45079628815193,25,1,0,0,1.4003265990461755,0.05
2048,217.8202286027909,41,1,0,0,1.2000415439672936,0.05
2049,206.62128938380476,32,1,0,0,1.3659166187459864,0.05
2050,181.27845443132475,25,1,0,0,1.4274841835950136,0.05
2051,182.94571228396842,34,1,0,0,1.2458627194317167,0.05
2052,201.9504472536143,26,1,0,0,1.3173633719434532,0.05
2053,141.7287702333799,13,1,0,0,1.3126983211383996,0.05
2054,128.8330107960664,184,1,0,0,1.493184726090865,0.05
2055,212.44985090635805,28,1,0,0,1.4664313665131232,0.05
2056,163.55603933136115,23,1,0,0,1.2342374652294135,0.05
2057,169.2326450108315,31,1,0,0,1.4063420643831719,0.05
2058,196.18434399252882,28,1,0,0,1.1774253440426394,0.05
2059,169.50585114233235,30,1,0,0,1.4956708792807394,0.05
2060,100.0,1,1,0,0,1.1674343967375318,0.05
2061,160.27134842517253,19,1,0,0,1.4205971588011908,0.05
2062,161.93905100584706,24,1,0,0,1.3217293913902084,0.05
2063,116.09098211633216,6,1,0,0,1.4150776127574822,0.05
2064,137.74523117169232,19,1,0,0,1.3728308250237198,0.05
2065,159.26621261189686,91,1,0,0,1.4015936656614774,0.05
2066,12.532716653200666,55,0,0,0,10.843049068047174,0.05
2067,148.5525246556376,19,1,0,0,1.4422691798525369,0.05
2068,153.56384572272032,18,1,0,0,1.3804411997178427,0.05
2069,159.94998895109904,28,1,0,0,1.2903336980976159,0.05
2070,121.94835329698088,9,1,0,0,1.204049736534769,0.05
2071,56.89419827477237,200,0,0,1,2.3832142815894137,0.05
2072,223.81642577639514,35,1,0,0,1.463781259900314,0.05
2073,176.35541381855683,128,1,0,0,1.487941878487412,0.05
2074,191.80625338688404,30,1,0,0,1.20193738188168,0.05
2075,150.82072341126835,16,1,0,0,1.30080985085739,0.05
2076,152.48385841652737,12,1,0,0,1.4563166082317853,0.05
2077,155.7214075590059,21,1,0,0,1.4795824740737387,0.05
2078,119.24150650383228,30,1,0,0,1.47033161983716,0.05
2079,170.19444719343613,28,1,0,0,1.4589778034948937,0.05
2080,171.29134208339133,26,1,0,0,1.445934399766967,0.05
2081,137.1508775804493,16,1,0,0,1.451904908329935,0.05
2082,209.1664720539673,25,1,0,0,1.18570421245382,0.05
2083,216.7736549646836,40,1,0,0,1.3057769965912123,0.05
2084,216.19336521874607,33,1,0,0,1.2652540309888798,0.05
2085,97.55400910469268,200,0,0,1,2.2215441082758183,0.05
2086,154.92981796836338,22,1,0,0,1.4445282107462418,0.05
2087,208.25944366965996,75,1,0,0,1.241580258405844,0.05
2088,253.41930614773807,49,1,0,0,1.433118409725179,0.05
2089,226.2614637450518,38,1,0,0,1.2506382228484956,0.05
2090,163.50582793281893,21,1,0,0,1.4578079217213435,0.05
2091,18.83209337693056,200,0,0,1,2.32778367343138,0.05
2092,212.6425356088807,36,1,0,0,1.3240479044191156,0.05
2093,164.9469724089019,23,1,0,0,1.4662977655959606,0.05
2094,226.94545616369345,40,1,0,0,1.2797716521977522,0.05
2095,178.84326632484778,25,1,0,0,1.4150650427560258,0.05
2096,132.32519110152774,8,1,0,0,1.4283809853664389,0.05
2097,186.19277161352102,23,1,0,0,1.398033401024732,0.05
2098,193.56740199692572,24,1,0,0,1.3410244527306174,0.05
2099,174.9534122773387,28,1,0,0,1.4114583316249953,0.05
2100,163.53554232481483,20,1,0,0,1.207649998395835,0.05
2101,147.72295497049103,16,1,0,0,1.1377458980294635,0.05
2102,49.448833101625006,200,0,0,1,5.0857380584438685,0.05
2103,238.0903358139485,49,1,0,0,1.4587298384253733,0.05
2104,181.79463682796103,22,1,0,0,1.3872832992397757,0.05
2105,150.87938847790247,40,1,0,0,1.4400240291170783,0.05
2106,130.2881910554632,10,1,0,0,1.2722896310708087,0.05
2107,174.25401946223357,61,1,0,0,1.499979714886432,0.05
2108,148.34948083758272,19,1,0,0,1.2474897868155477,0.05
2109,207.15321960062482,29,1,0,0,1.217346903214977,0.05
2110,156.30393404893897,20,1,0,0,1.447243412031485,0.05
2111,217.9552925763424,40,1,0,0,1.3325635926069643,0.05
2112,164.5310249289953,61,1,0,0,1.4883306522689677,0.05
2113,216.2036348804044,133,1,0,0,1.4865757732216272,0.05
2114,115.3163809949647,5,1,0,0,1.4954141766547226,0.05
2115,163.1211980935587,26,1,0,0,1.3639284836746841,0.05
2116,223.65421701496012,43,1,0,0,1.3603467771939906,0.05
2117,187.6323866824358,35,1,0,0,1.336493277298203,0.05
2118,162.81883829925562,20,1,0,0,1.4807885810658281,0.05
2119,35.72086311531652,200,0,0,1,1.919828520779443,0.05
2120,177.8597146512546,17,1,0,0,1.2918487823561355,0.05
2121,183.83396266713865,25,1,0,0,1.3376902843734872,0.05
2122,191.2525421272827,22,1,0,0,1.3341782762900378,0.05
2123,185.6463322133153,36,1,0,0,1.4427342077732954,0.05
2124,147.27242482749563,49,1,0,0,1.4897280711641194,0.05
2125,177.06113153878232,29,1,0,0,1.4466025256836041,0.05
2126,204.61616178541192,26,1,0,0,1.4084748629696378,0.05
2127,159.497557518807,16,1,0,0,1.2953577161389418,0.05
2128,149.98045954279291,19,1,0,0,1.3128289436175675,0.05
2129,204.41819830740053,38,1,0,0,1.3943357442633177,0.05
2130,182.87190419104456,29,1,0,0,1.4404322262467415,0.05
2131,177.66114087362692,24,1,0,0,1.3649753544806982,0.05
2132,139.76683207218426,19,1,0,0,1.390135778126655,0.05
2133,166.7379849951998,18,1,0,0,1.3471521719134465,0.05
2134,193.12140163494865,23,1,0,0,1.2575216161261116,0.05
2135,124.59888886107606,16,1,0,0,1.4704766222368229,0.05
2136,209.7884059413172,37,1,0,0,1.4083620726118533,0.05
2137,75.84218953454645,200,0,0,1,1.7750948504400954,0.05
2138,169.72030543152778,25,1,0,0,1.4674910384934479,0.05
2139,193.7505054770931,28,1,0,0,1.394983116807937,0.05
2140,70.37563160999149,200,0,0,1,2.509906023442915,0.05
2141,153.83108858990036,42,1,0,0,1.451441056459265,0.05
2142,122.92119197245505,12,1,0,0,1.4883616697445927,0.05
2143,120.99651071471114,9,1,0,0,1.2534876803290207,0.05
2144,125.31500829286983,18,1,0,0,1.4759450490987505,0.05
2145,187.38911403086462,62,1,0,0,1.4566629268189624,0.05
2146,107.11670443939221,5,1,0,0,1.4453416828110293,0.05
2147,216.26062794868272,31,1,0,0,1.4329875650639279,0.05
2148,129.1983113598871,11,1,0,0,1.2793626781987584,0.05
2149,171.17757210800949,25,1,0,0,1.144243109049884,0.05
2150,210.3393879173768,37,1,0,0,1.4848235400584864,0.05
2151,216.3707655079078,58,1,0,0,1.2243921713000696,0.05
2152,142.55940121889648,17,1,0,0,1.2766244436860228,0.05
2153,143.10739283849801,17,1,0,0,1.3568031507934515,0.05
2154,165.2926137669031,33,1,0,0,1.482778878375403,0.05
2155,130.26997654161505,21,1,0,0,1.4990252237926993,0.05
2156,149.145680154833,21,1,0,0,1.4361016049553914,0.05
2157,178.2423295364739,25,1,0,0,1.2326643332760696,0.05
2158,160.553877331884,20,1,0,0,1.4482219612836171,0.05
2159,140.68010353408806,25,1,0,0,1.3230669093689165,0.05
2160,173.64060509653834,21,1,0,0,1.2968342384586586,0.05
2161,201.40175041029192,26,1,0,0,1.4517881867956732,0.05
2162,112.66773929213252,11,1,0,0,1.3116116737849806,0.05
2163,234.29957957326766,62,1,0,0,1.4925701018350874,0.05
2164,29.91467591243716,200,0,0,1,4.112297513460884,0.05
2165,105.89400790172884,4,1,0,0,1.4949697193373963,0.05
2166,185.73756494861814,20,1,0,0,1.3475234658416104,0.05
2167,-41.141946847558195,70,0,0,0,5.961866384839862,0.05
2168,173.13743389262876,19,1,0,0,1.3791622221223883,0.05
2169,197.38759909752204,26,1,0,0,1.4522076317254566,0.05
2170,160.4642051045196,74,1,0,0,1.4707657366897602,0.05
2171,164.7113589861587,23,1,0,0,1.493053387863539,0.05
2172,109.77502254508326,4,1,0,0,1.4117456664682806,0.05
2173,184.94524026633914,67,1,0,0,1.4846151468366016,0.05
2174,206.59652734810962,25,1,0,0,1.1729669336928221,0.05
2175,206.13929113337002,24,1,0,0,1.2906028304257242,0.05
2176,155.40109690970905,76,1,0,0,1.337220174991959,0.05
2177,218.72274358128885,38,1,0,0,1.4995234878292405,0.05
2178,157.89077954928217,18,1,0,0,1.4243823033620826,0.05
2179,64.89143807476847,200,0,0,1,2.1673454372374605,0.05
2180,159.00130527798814,23,1,0,0,1.391886637959632,0.05
2181,150.64710655609633,15,1,0,0,1.3981014501400324,0.05
2182,204.81865640636676,42,1,0,0,1.179467788081521,0.05
2183,146.9117653480597,13,1,0,0,1.1987575051431192,0.05
2184,214.95971430222366,30,1,0,0,1.4151589319796842,0.05
2185,133.48337882611037,16,1,0,0,1.4199860963974387,0.05
2186,139.60690031067216,12,1,0,0,1.3477727786024896,0.05
2187,146.7634272494869,17,1,0,0,1.2246082740353592,0.05
2188,188.62921959088297,103,1,0,0,1.4875347102549497,0.05
2189,214.19903209804812,33,1,0,0,1.2841194472316608,0.05
2190,165.4671319414693,44,1,0,0,1.49450489384046,0.05
2191,190.37044536050325,36,1,0,0,1.2241563374350939,0.05
2192,157.80972045983276,16,1,0,0,1.4325199088515017,0.05
2193,162.7195418521729,18,1,0,0,1.3759211768109658,0.05
2194,158.99350563917505,17,1,0,0,1.4280744640512208,0.05
2195,147.16301276966678,14,1,0,0,1.465799961705984,0.05
2196,100.37313900793197,200,0,0,1,2.2400147790913483,0.05
2197,205.29844278418477,29,1,0,0,1.438591131985339,0.05
2198,169.99208878596005,19,1,0,0,1.444497018940727,0.05
2199,193.23749889791242,27,1,0,0,1.4480199930562436,0.05
2200,36.195143283334396,200,0,0,1,1.9797665423125355,0.05
2201,154.15420011822079,20,1,0,0,1.262765180823624,0.05
2202,162.41844681906463,19,1,0,0,1.4405614234036648,0.05
2203,142.37895753358626,19,1,0,0,1.4658819918262394,0.05
2204,192.58781963826493,24,1,0,0,1.428998080807908,0.05
2205,-2.2221345575007856,200,0,0,1,2.741788072000484,0.05
2206,50.575445017317776,200,0,0,1,3.504948193769463,0.05
2207,127.92171353662633,103,1,0,0,1.473208334740912,0.05
2208,180.49773840155865,26,1,0,0,1.3871100123295987,0.05
2209,168.66243079982837,22,1,0,0,1.4822143322971846,0.05
2210,126.62862019478652,10,1,0,0,1.443403632971344,0.05
2211,149.33318722295027,17,1,0,0,1.3952336588873862,0.05
2212,143.60623391901498,19,1,0,0,1.2908421888316988,0.05
2213,171.07862242641642,50,1,0,0,1.4391483227823705,0.05
2214,199.27924442043133,31,1,0,0,1.427656050110209,0.05
2215,155.25911580733936,16,1,0,0,1.4573128795688832,0.05
2216,196.53816541620824,22,1,0,0,1.4599768011791807,0.05
2217,203.76204438349987,63,1,0,0,1.3393452421619545,0.05
2218,163.50722244005615,17,1,0,0,1.3256138594836988,0.05
2219,122.74179350765641,17,1,0,0,1.4803972354594908,0.05
2220,10.677529026102784,200,0,0,1,2.4949571521098917,0.05
2221,161.52537982716217,17,1,0,0,1.3670945077791998,0.05
2222,182.53732231398703,23,1,0,0,1.4890665382327324,0.05
2223,123.73041722784706,8,1,0,0,1.4519823057246128,0.05
2224,-50.0,1,0,1,0,6.906527751975128,0.05
2225,162.82391178419118,22,1,0,0,1.3193144260598453,0.05
2226,137.43101796951836,11,1,0,0,1.4961677934019428,0.05
2227,183.26150734683853,22,1,0,0,1.417591471117275,0.05
2228,184.75382488167133,22,1,0,0,1.048116272997265,0.05
2229,149.6541187595355,21,1,0,0,1.4222986349377424,0.05
2230,147.0926165180784,44,1,0,0,1.4456193756590414,0.05
2231,143.30287182077024,18,1,0,0,1.3712342500635055,0.05
2232,141.57074237810744,12,1,0,0,1.3018379155587982,0.05
2233,134.58109921972823,10,1,0,0,1.1223288517252512,0.05
2234,171.02488838434317,19,1,0,0,1.4570254819654906,0.05
2235,186.75292368935305,28,1,0,0,1.3089809796837326,0.05
2236,230.81522211197736,38,1,0,0,1.2132039864045958,0.05
2237,152.95586180891812,16,1,0,0,1.49116162568825,0.05
2238,135.42494727238838,18,1,0,0,1.3377265661465811,0.05
2239,182.41346040648892,32,1,0,0,1.2914925964227408,0.05
2240,151.4365034829895,20,1,0,0,1.4345174362118844,0.05
2241,189.63966101265856,22,1,0,0,1.4125457685600298,0.05
2242,144.48883017675445,17,1,0,0,1.2696773967107104,0.05
2243,161.32665078642646,42,1,0,0,1.4538789644845564,0.05
2244,123.42621770753178,83,1,0,0,1.4902068363033736,0.05
2245,142.9302395933302,18,1,0,0,1.3495664882564788,0.05
2246,164.96626199503112,82,1,0,0,1.4996673163110343,0.05
2247,234.08300168819122,48,1,0,0,1.4931628001162172,0.05
2248,186.89936020398903,20,1,0,0,1.1789052952057248,0.05
2249,259.17804025350745,55,1,0,0,1.4288113284550912,0.05
2250,132.05306498030183,120,1,0,0,1.4529687750985476,0.05
2251,62.46752436362381,200,0,0,1,3.2468644388092978,0.05
2252,139.93546332808694,15,1,0,0,1.1956213175004182,0.05
2253,192.133553376027,34,1,0,0,1.3938602103594129,0.05
2254,147.21261631724127,18,1,0,0,1.4681025136460175,0.05
2255,173.6636573185629,19,1,0,0,1.3968281272009693,0.05
2256,173.84310705857848,30,1,0,0,1.4017730043166081,0.05
2257,185.16142901381917,32,1,0,0,1.4585543570534154,0.05
2258,218.03621021844103,87,1,0,0,1.4185874078603735,0.05
2259,61.45673446021197,200,0,0,1,2.7482879996458,0.05
2260,172.66297978118723,42,1,0,0,1.489765489522101,0.05
2261,185.7222003265553,23,1,0,0,1.4017745030112756,0.05
2262,171.2565105219305,25,1,0,0,1.390088993527761,0.05
2263,181.97339277557546,23,1,0,0,1.4910533734522908,0.05
2264,196.56191562385095,43,1,0,0,1.4516906151850753,0.05
2265,200.21525611468047,43,1,0,0,1.433943761110528,0.05
2266,193.74652716836687,36,1,0,0,1.4616366476018139,0.05
2267,156.5969187864406,17,1,0,0,1.482136365156781,0.05
2268,190.890700445534,27,1,0,0,1.2266753272988569,0.05
2269,198.86953263703367,77,1,0,0,1.4941416666700018,0.05
2270,189.11394577813036,27,1,0,0,1.3058424362036924,0.05
2271,209.0595750800798,66,1,0,0,1.4891885125523805,0.05
2272,225.3682589634542,41,1,0,0,1.2811617551228898,0.05
2273,168.27859419526385,24,1,0,0,1.308998032155743,0.05
2274,258.91419069407254,52,1,0,0,1.4091526623884238,0.05
2275,135.9387450576087,10,1,0,0,1.4248409485214601,0.05
2276,168.3275805143433,30,1,0,0,1.3982452409278392,0.05
2277,127.7028660524776,13,1,0,0,1.304898612165827,0.05
2278,220.9671671885343,38,1,0,0,1.4957637592008894,0.05
2279,200.57362617513502,36,1,0,0,1.3746812023735318,0.05
2280,191.46051740094697,27,1,0,0,1.456228220906669,0.05
2281,251.5512198144735,51,1,0,0,1.3532872063807375,0.05
2282,186.15162626116745,26,1,0,0,1.3409835434078967,0.05
2283,54.744892046087045,200,0,0,1,2.63453735588196,0.05
2284,154.4645602109117,28,1,0,0,1.499410130888492,0.05
2285,166.00150829992998,17,1,0,0,1.3446271606274491,0.05
2286,183.2195422173341,36,1,0,0,1.3878134827718587,0.05
2287,120.74957682738297,9,1,0,0,1.47502225397125,0.05
2288,190.2858153850745,101,1,0,0,1.4934952322182515,0.05
2289,115.06624374073947,10,1,0,0,1.4620940871643324,0.05
2290,197.43460486487834,25,1,0,0,1.4843704759513325,0.05
2291,92.93956631168025,200,0,0,1,2.462897747361836,0.05
2292,172.03126214846287,43,1,0,0,1.4931988080863259,0.05
2293,170.14164382351368,23,1,0,0,1.3574478054291965,0.05
2294,167.85709787908328,19,1,0,0,1.2182034348465625,0.05
2295,157.12967049811863,49,1,0,0,1.3694767862572281,0.05
2296,182.06581644104637,28,1,0,0,1.286160723486536,0.05
2297,147.04772711913535,93,1,0,0,1.4164273468736501,0.05
2298,254.2918555294715,46,1,0,0,1.4823773725404876,0.05
2299,-3.7799510511005465,200,0,0,1,3.1885124853726357,0.05
2300,152.7375464235625,27,1,0,0,1.4772536642752996,0.05
2301,142.5263180015205,30,1,0,0,1.3514119588636886,0.05
2302,126.37051452458397,15,1,0,0,1.2388864545180218,0.05
2303,151.29863703117329,17,1,0,0,1.4707557680854089,0.05
2304,140.1894600265337,16,1,0,0,1.4686663811032077,0.05
2305,173.35268768753193,29,1,0,0,1.321071230875101,0.05
2306,155.46505009944215,16,1,0,0,1.3520704970412762,0.05
2307,204.5722500972511,31,1,0,0,1.3974542603493372,0.05
2308,51.32986376514839,200,0,0,1,2.1685123774133683,0.05
2309,42.687964709827945,200,0,0,1,2.3169076174894596,0.05
2310,171.35944205194858,55,1,0,0,1.478974851703323,0.05
2311,156.4774404076688,25,1,0,0,1.4953817811594703,0.05
2312,179.27844567474386,20,1,0,0,1.2476358440909974,0.05
2313,52.966754309587984,148,0,0,0,4.427143399747928,0.05
2314,165.94259642020006,183,1,0,0,1.465399831346704,0.05
2315,193.8609283890701,106,1,0,0,1.487605486810774,0.05
2316,148.2006617321824,17,1,0,0,1.3145112055158163,0.05
2317,154.3420572696116,26,1,0,0,1.4702107444666606,0.05
2318,161.91588827143244,24,1,0,0,1.285625340741484,0.05
2319,171.1421352244181,21,1,0,0,1.4385401610639306,0.05
2320,154.083052323191,76,1,0,0,1.4580514174315902,0.05
2321,51.136582983614566,200,0,0,1,2.4162076429900483,0.05
2322,156.3988140294353,74,1,0,0,1.4632030647923533,0.05
2323,161.27357890198246,32,1,0,0,1.3531087194663751,0.05
2324,211.27199159903807,34,1,0,0,1.269824810749198,0.05
2325,120.68875680748891,30,1,0,0,1.475698977261225,0.05
2326,135.8579450979721,46,1,0,0,1.4404122635784837,0.05
2327,187.31066399887055,27,1,0,0,1.3511053745878943,0.05
2328,171.0481320481699,71,1,0,0,1.4520381000956706,0.05
2329,162.57035501189395,21,1,0,0,1.422343900994512,0.05
2330,200.43013550944073,24,1,0,0,1.2577563633372004,0.05
2331,139.3877829052294,20,1,0,0,1.1542544100517649,0.05
2332,210.90711081761395,40,1,0,0,1.4983684189231046,0.05
2333,157.89187182305588,19,1,0,0,1.4080072433229145,0.05
2334,190.06379633327865,25,1,0,0,1.4167646140415502,0.05
2335,140.9892093412629,10,1,0,0,1.3398737329009833,0.05
2336,180.41938910585554,23,1,0,0,1.3665818672841223,0.05
2337,167.28690638348345,38,1,0,0,1.4460332875540463,0.05
2338,139.0973587475058,12,1,0,0,1.3388214546196175,0.05
2339,163.2842022674573,21,1,0,0,1.35556480273749,0.05
2340,172.50600790140857,23,1,0,0,1.4600776717874973,0.05
2341,159.1448050686413,18,1,0,0,1.4993387312461206,0.05
2342,136.97570645808221,36,1,0,0,1.4327984515535845,0.05
2343,156.9292862042164,13,1,0,0,1.4005251462036634,0.05
2344,183.93968365002416,59,1,0,0,1.4937441198511894,0.05
2345,254.3327622088743,49,1,0,0,1.3571677614831075,0.05
2346,202.00816931461907,35,1,0,0,1.4458885906043872,0.05
2347,132.6001249250833,10,1,0,0,1.4709782829843203,0.05
2348,182.39148047020873,27,1,0,0,1.3575321169294343,0.05
2349,135.82647018103808,15,1,0,0,1.4284494197577997,0.05
2350,131.65847370946054,14,1,0,0,1.249685761063705,0.05
2351,190.70439590658162,24,1,0,0,1.3489599881340921,0.05
2352,179.35458658430878,30,1,0,0,1.4363521012431018,0.05
2353,190.0618668560386,61,1,0,0,1.4926188019396374,0.05
2354,161.442398618479,17,1,0,0,1.492482811064937,0.05
2355,166.9612698778593,22,1,0,0,1.4060284851237153,0.05
2356,182.7422502794592,36,1,0,0,1.3831077082113528,0.05
2357,161.495261677633,25,1,0,0,1.4221862321129535,0.05
2358,125.97827616334123,11,1,0,0,1.2453123800951884,0.05
2359,170.90844183609613,22,1,0,0,1.2858157428450212,0.05
2360,125.90267116236797,8,1,0,0,1.4433927584296,0.05
2361,178.42556120609993,195,1,0,0,1.4956026768822757,0.05
2362,263.79602326384827,54,1,0,0,1.393833547471475,0.05
2363,154.26772304102957,17,1,0,0,1.4836389086648318,0.05
2364,152.99065105600138,128,1,0,0,1.488945749800191,0.05
2365,69.7880906875479,200,0,0,1,2.2804613011682138,0.05
2366,135.44255675319633,13,1,0,0,1.296808271633301,0.05
2367,149.74596350890164,17,1,0,0,1.1556705001518173,0.05
2368,189.861837062341,30,1,0,0,1.4548179628576379,0.05
2369,136.00564512450302,18,1,0,0,1.3693696868647327,0.05
2370,206.12635829413392,39,1,0,0,1.3815389613805442,0.05
2371,55.45122819806893,200,0,0,1,3.529010212606783,0.05
2372,180.62863942519868,86,1,0,0,1.2898894121060556,0.05
2373,175.0865802867756,78,1,0,0,1.1332026086396834,0.05
2374,191.18739600426596,26,1,0,0,1.4483731372209256,0.05
2375,186.37964486812032,22,1,0,0,1.313279806611189,0.05
2376,173.36418275944618,81,1,0,0,1.3328530001462695,0.05
2377,116.5722658282707,16,1,0,0,1.4688728591847589,0.05
2378,57.803959340084575,200,0,0,1,2.38576782924728,0.05
2379,135.13507697458866,9,1,0,0,1.4601500847324145,0.05
2380,172.95504931921693,21,1,0,0,1.4063218024687847,0.05
2381,179.33994061316704,26,1,0,0,1.2571677193784723,0.05
2382,100.0,1,1,0,0,1.3100706575423682,0.05
2383,179.49473763778758,24,1,0,0,1.4992656723664481,0.05
2384,216.51661718605004,39,1,0,0,1.4112728418137699,0.05
2385,168.58879787493174,23,1,0,0,1.4448896345831084,0.05
2386,269.2891874131618,56,1,0,0,1.3960714771406357,0.05
2387,188.1173279838497,32,1,0,0,1.4722993140521907,0.05
2388,133.54581022409894,11,1,0,0,1.2413162859411682,0.05
2389,208.67901596787368,29,1,0,0,1.393964416264052,0.05
2390,190.06759862344393,22,1,0,0,1.4321581148960627,0.05
2391,189.55992886349463,27,1,0,0,1.3753505436204478,0.05
2392,188.75888129365012,29,1,0,0,1.1479581592074743,0.05
2393,197.55828801368102,27,1,0,0,1.3263001434410675,0.05
2394,176.18021380852602,28,1,0,0,1.3361326787548917,0.05
2395,230.05384752227167,51,1,0,0,1.398305271845704,0.05
2396,200.6153235733529,23,1,0,0,1.4357374884835248,0.05
2397,140.81296401575787,14,1,0,0,1.3933336996225838,0.05
2398,114.55702436813432,47,1,0,0,1.4629221179034415,0.05
2399,242.52328033899576,51,1,0,0,1.1928534987756891,0.05
2400,-50.0,1,0,1,0,4.151684948970481,0.05
2401,102.27619458595355,7,1,0,0,1.1539193961550087,0.05
2402,187.4394177766888,33,1,0,0,1.416307809606213,0.05
2403,143.68079243750242,24,1,0,0,1.4020069967237658,0.05
2404,168.9549707077083,22,1,0,0,1.41070414818013,0.05
2405,142.6849669900257,15,1,0,0,1.4366408484514308,0.05
2406,174.97497543101522,65,1,0,0,1.4505821735113897,0.05
2407,30.049194000111108,200,0,0,1,3.2178072961962685,0.05
2408,164.12863640507567,19,1,0,0,1.3106572464495294,0.05
2409,162.0513390010755,25,1,0,0,1.47611831574973,0.05
2410,181.30740733769193,30,1,0,0,1.4331697577360076,0.05
2411,198.41014142254528,25,1,0,0,1.4520820676030102,0.05
2412,118.31329333942504,6,1,0,0,1.3645711299439867,0.05
2413,137.85599057498843,13,1,0,0,1.3965247780021792,0.05
2414,226.8625457287819,45,1,0,0,1.4542950244960389,0.05
2415,176.04239203030588,21,1,0,0,1.4166662220241408,0.05
2416,152.46942619117058,19,1,0,0,1.2782233273513532,0.05
2417,206.83516241706795,33,1,0,0,1.2477578321365796,0.05
2418,256.363352772124,51,1,0,0,1.2386890326296902,0.05
2419,163.37814373627785,24,1,0,0,1.4896852389706465,0.05
2420,137.68809607393933,15,1,0,0,1.4359480073104767,0.05
2421,211.409526645207,32,1,0,0,1.3571224172602232,0.05
2422,201.764597325235,30,1,0,0,1.1467746684161952,0.05
2423,158.6431241843576,23,1,0,0,1.3010013647585266,0.05
2424,145.90419304830561,19,1,0,0,1.2934829400311052,0.05
2425,154.050711792036,24,1,0,0,1.4184873929712216,0.05
2426,164.90330900133182,24,1,0,0,1.207781274107138,0.05
2427,150.37434028730897,194,1,0,0,1.477159614943447,0.05
2428,192.14669746410323,21,1,0,0,1.4407855452672829,0.05
2429,116.17843633087574,152,1,0,0,1.4907076050199721,0.05
2430,121.35446822697473,13,1,0,0,1.4150044597945202,0.05
2431,182.2672761534452,139,1,0,0,1.469711169011599,0.05
2432,150.4602565588153,12,1,0,0,1.1950971397266026,0.05
2433,174.6524946339626,24,1,0,0,1.461377681464195,0.05
2434,137.9994327316884,14,1,0,0,1.2020949940784793,0.05
2435,145.72055356364007,32,1,0,0,1.4350996509034926,0.05
2436,181.53731913928942,24,1,0,0,1.2085730616490002,0.05
2437,141.18192799236516,16,1,0,0,1.376082065752037,0.05
2438,190.61589958649702,21,1,0,0,1.4937098447191386,0.05
2439,177.297922071342,19,1,0,0,1.433919882162246,0.05
2440,169.0460543242093,25,1,0,0,1.297069884147645,0.05
2441,-2.0598532429859913,200,0,0,1,2.188375865801621,0.05
2442,174.7414463611705,18,1,0,0,1.2164613341697064,0.05
2443,165.06941361205475,20,1,0,0,1.3191287271253425,0.05
2444,171.54515958859525,19,1,0,0,1.4266243694939085,0.05
2445,165.27817369615155,23,1,0,0,1.319328510115736,0.05
2446,155.8068496661083,18,1,0,0,1.440187798552133,0.05
2447,199.6124030632446,31,1,0,0,1.2693858819897865,0.05
2448,152.48537615396557,19,1,0,0,1.3757999458842096,0.05
2449,33.27997568412445,200,0,0,1,2.1659474833694965,0.05
2450,185.3631341513399,37,1,0,0,1.228347374585502,0.05
2451,161.18376492784265,21,1,0,0,1.4834546956489445,0.05
2452,172.1768475087281,30,1,0,0,1.2881917638279432,0.05
2453,166.967636858663,24,1,0,0,1.3964373109974895,0.05
2454,153.06567937077693,14,1,0,0,1.401816432725936,0.05
2455,153.9505109036902,19,1,0,0,1.4006627967779064,0.05
2456,198.9306271499033,25,1,0,0,1.3443762065360134,0.05
2457,219.5275576299572,41,1,0,0,1.4741433813937377,0.05
2458,187.4903563832179,22,1,0,0,1.4321163671286052,0.05
2459,165.71145839899458,23,1,0,0,1.4199217400109534,0.05
2460,57.98245738793568,200,0,0,1,2.0048310166750607,0.05
2461,44.16968538405023,200,0,0,1,3.390159490885979,0.05
2462,153.7349698367322,92,1,0,0,1.4385297630330087,0.05
2463,154.9374363278168,25,1,0,0,1.3791422531687454,0.05
2464,121.8548955141074,6,1,0,0,1.452492551267682,0.05
2465,142.93079108153887,16,1,0,0,1.3973358823949344,0.05
2466,144.1844752074159,17,1,0,0,1.2256024966547645,0.05
2467,169.34350862476202,21,1,0,0,1.0471621538009348,0.05
2468,126.66780231859107,15,1,0,0,1.4874901375096055,0.05
2469,216.14977417705524,35,1,0,0,1.3611764748044413,0.05
2470,182.02844220105953,26,1,0,0,1.4103970448870757,0.05
2471,182.6753298260117,23,1,0,0,1.3042578760794037,0.05
2472,250.97128699833323,52,1,0,0,1.3999017655921868,0.05
2473,113.26315197797057,49,1,0,0,1.4072427121766562,0.05
2474,169.6857165041901,23,1,0,0,1.4589049712296558,0.05
2475,165.47731148353523,21,1,0,0,1.4182241469370258,0.05
2476,155.33939006657255,20,1,0,0,1.331090778490125,0.05
2477,234.84762608932846,38,1,0,0,1.3840415689996217,0.05
2478,202.27766317632,55,1,0,0,1.4672646384717691,0.05
2479,127.84364270607043,10,1,0,0,1.3039477306789606,0.05
2480,184.10704490390071,21,1,0,0,1.204664472970452,0.05
2481,166.9419963326849,25,1,0,0,1.4691960483436612,0.05
2482,133.03438148394713,110,1,0,0,1.4636276654685776,0.05
2483,167.35829789265404,27,1,0,0,1.4761457096227775,0.05
2484,116.50903195884855,13,1,0,0,1.2874953757382426,0.05
2485,168.35767877829983,35,1,0,0,1.4317515831137833,0.05
2486,172.42905940928216,30,1,0,0,1.4532843903466097,0.05
2487,195.1222329991146,26,1,0,0,1.394397590897326,0.05
2488,274.16099945482864,59,1,0,0,1.2869351113183523,0.05
2489,189.1561235623669,24,1,0,0,1.14945151682583,0.05
2490,175.62608862974542,74,1,0,0,1.432326344424084,0.05
2491,247.1466229811998,49,1,0,0,1.3996904575494589,0.05
2492,132.90031023872262,11,1,0,0,1.4466112408424838,0.05
2493,212.12733952632993,35,1,0,0,1.2642419622715757,0.05
2494,188.5661086381064,24,1,0,0,1.2020036506306635,0.05
2495,176.61814365664512,30,1,0,0,1.409034134623011,0.05
2496,0.8268868262226803,200,0,0,1,4.05579877142558,0.05
2497,122.63948856127367,9,1,0,0,1.4626894981036977,0.05
2498,213.46682544121336,35,1,0,0,1.3980399717606982,0.05
2499,236.3750807981159,56,1,0,0,1.4842352291708258,0.05
2500,27.740215323041642,200,0,0,1,6.44556224731806,0.05
2501,188.9172086461794,31,1,0,0,1.369344353935782,0.05
2502,143.07740562571806,17,1,0,0,1.2910965323553512,0.05
2503,269.5192337678516,54,1,0,0,1.347634742606274,0.05
2504,164.98693791874015,22,1,0,0,1.2938554669757056,0.05
2505,171.10930292504065,23,1,0,0,1.1310330897371415,0.05
2506,162.81232980230433,20,1,0,0,1.4941666617563556,0.05
2507,172.51354686608374,27,1,0,0,1.3151832856444354,0.05
2508,100.0,1,1,0,0,1.0674292716950213,0.05
2509,179.11794992678023,20,1,0,0,1.2768724517027825,0.05
2510,193.70235406252021,76,1,0,0,1.4357585307246488,0.05
2511,250.35207903598848,48,1,0,0,1.324901249658463,0.05
2512,229.43183210298176,40,1,0,0,1.422839377798893,0.05
2513,208.85131726476936,39,1,0,0,1.2016336519050659,0.05
2514,176.16597507090012,22,1,0,0,1.4636478356395792,0.05
2515,165.80313121229113,25,1,0,0,1.442996376105874,0.05
2516,207.72171673146988,36,1,0,0,1.4176355570607773,0.05
2517,147.52908100879563,17,1,0,0,1.4815975536800925,0.05
2518,190.89850383670685,26,1,0,0,1.397134150382902,0.05
2519,181.27131615849027,27,1,0,0,1.3368522163492216,0.05
2520,154.188335583015,22,1,0,0,1.4690077124667604,0.05
2521,187.23002784571503,24,1,0,0,1.4045873007930652,0.05
2522,100.0,1,1,0,0,1.165465506781986,0.05
2523,167.76684813950078,21,1,0,0,1.3332168664831563,0.05
2524,184.21791488605822,28,1,0,0,1.4429832030221663,0.05
2525,163.58004646187302,18,1,0,0,1.313345117180399,0.05
2526,152.4617101116854,14,1,0,0,1.4147543110328693,0.05
2527,189.90441072058456,36,1,0,0,1.387743619899541,0.05
2528,151.19623759492302,46,1,0,0,1.3442036651092633,0.05
2529,187.68581125379802,23,1,0,0,1.3191201060661535,0.05
2530,178.59956705125404,30,1,0,0,1.4450955533085421,0.05
2531,203.72813616015776,37,1,0,0,1.31784643952811,0.05
2532,110.50133324184335,73,1,0,0,1.4893286797531107,0.05
2533,258.18439117373964,53,1,0,0,1.3927396324285666,0.05
2534,181.609833202795,34,1,0,0,1.4906504957297673,0.05
2535,147.67445076462383,22,1,0,0,1.201572693190745,0.05
2536,130.7772092222303,13,1,0,0,1.4602360570959931,0.05
2537,169.74871976647296,18,1,0,0,1.0866092000539698,0.05
2538,175.28340973305984,31,1,0,0,1.4718813306368825,0.05
2539,126.68905710206856,8,1,0,0,1.2546426532701322,0.05
2540,200.90394793947138,81,1,0,0,1.3436169747750049,0.05
2541,139.46088135766152,16,1,0,0,1.2840553348848778,0.05
2542,130.23350703850673,12,1,0,0,1.2929996289037413,0.05
2543,175.34566577245033,23,1,0,0,1.2992094620309778,0.05
2544,-50.0,1,0,1,0,6.47209257121368,0.05
2545,215.60554093452527,31,1,0,0,1.283535827130638,0.05
2546,187.9125451692277,25,1,0,0,1.322095419680011,0.05
2547,206.3786559663704,28,1,0,0,1.3355151747431184,0.05
2548,199.72940364639257,23,1,0,0,1.2402680754041113,0.05
2549,183.07875833266064,18,1,0,0,1.261250733055064,0.05
2550,127.9518499224505,21,1,0,0,1.3102201520829408,0.05
2551,125.13922776796436,10,1,0,0,1.2142410127282715,0.05
2552,120.12414984585581,7,1,0,0,1.4705706474631275,0.05
2553,217.86849975387952,39,1,0,0,1.493094601250849,0.05
2554,171.9956950209041,19,1,0,0,1.3321911448330492,0.05
2555,155.0053972436418,15,1,0,0,1.2314027097706344,0.05
2556,156.03251865461334,20,1,0,0,1.2097920100162582,0.05
2557,164.88866578669194,24,1,0,0,1.1263627080588863,0.05
2558,182.43283096430622,21,1,0,0,1.162040769099127,0.05
2559,160.84855990762546,27,1,0,0,1.4129438559750527,0.05
2560,-50.0,1,0,1,0,3.0507522766868345,0.05
2561,184.2404362066482,26,1,0,0,1.1626629933660253,0.05
2562,196.1369789632454,31,1,0,0,1.2919019328088261,0.05
2563,255.82073989459346,55,1,0,0,1.4231766075522951,0.05
2564,187.8484105750835,26,1,0,0,1.282377088306327,0.05
2565,161.65817174125004,26,1,0,0,1.4880314366090934,0.05
2566,128.96232845370892,11,1,0,0,1.1097878392181386,0.05
2567,181.80300457669503,26,1,0,0,1.4990685427215347,0.05
2568,198.28936848752483,23,1,0,0,1.4618432106588328,0.05
2569,199.48567878536824,92,1,0,0,1.4794130938186203,0.05
2570,194.85716978041484,30,1,0,0,1.486635781616543,0.05
2571,172.7865198314072,23,1,0,0,1.2651860844386837,0.05
2572,145.3233437834834,16,1,0,0,1.2648768993577686,0.05
2573,119.6460944535662,7,1,0,0,1.4300671271230454,0.05
2574,193.39969849513153,25,1,0,0,1.4310889876832633,0.05
2575,159.39756088440902,22,1,0,0,1.3363678986637653,0.05
2576,263.8222081820077,56,1,0,0,1.4756728748027113,0.05
2577,228.56920782693058,43,1,0,0,1.3738033801891578,0.05
2578,160.6517468958424,20,1,0,0,1.4341872126050004,0.05
2579,145.70669878955522,37,1,0,0,1.463406618392946,0.05
2580,-23.13668606007903,200,0,0,1,3.4023007254160755,0.05
2581,153.66644710139002,19,1,0,0,1.4388706955433719,0.05
2582,142.038218669368,12,1,0,0,1.2960838388688827,0.05
2583,164.48414225945533,20,1,0,0,1.3288244524631687,0.05
2584,167.35871220199988,23,1,0,0,1.168262207128578,0.05
2585,139.1484041648311,15,1,0,0,1.2628908622143904,0.05
2586,164.56875522906373,15,1,0,0,1.1912105020045265,0.05
2587,194.7891734890087,29,1,0,0,1.2350457446894536,0.05
2588,164.03032118856078,19,1,0,0,1.424394555517257,0.05
2589,128.492526426374,10,1,0,0,1.215739697348368,0.05
2590,113.63769783975415,7,1,0,0,1.3964703369377838,0.05
2591,144.45635888762038,15,1,0,0,1.4306940137567412,0.05
2592,198.86709732676024,32,1,0,0,1.322021793245527,0.05
2593,167.90483855310924,17,1,0,0,1.4154554707981268,0.05
2594,159.66963002275753,23,1,0,0,1.3235675166291687,0.05
2595,141.99682068628786,13,1,0,0,1.3285549660280482,0.05
2596,145.25217133821175,16,1,0,0,1.4477754933960512,0.05
2597,188.54286903771526,28,1,0,0,1.3193564701224887,0.05
2598,146.3374080974355,12,1,0,0,1.4579467162563249,0.05
2599,189.9343920948144,28,1,0,0,1.371738482065205,0.05
2600,144.82122179126102,16,1,0,0,1.1556543911572343,0.05
2601,173.26634546924032,32,1,0,0,1.4806720015283839,0.05
2602,141.7308764412279,13,1,0,0,1.4300964610596831,0.05
2603,161.20777221886436,16,1,0,0,1.3344308270887126,0.05
2604,130.35966903152627,9,1,0,0,1.2939245389621143,0.05
2605,198.26860913456187,25,1,0,0,1.3302621950457538,0.05
2606,170.7732334952871,29,1,0,0,1.066245576144529,0.05
2607,155.79026521520362,17,1,0,0,1.2987328913157572,0.05
2608,108.517840734863,129,1,0,0,1.390766845394185,0.05
2609,175.49284383705256,22,1,0,0,1.3893237604039963,0.05
2610,140.62907193170844,16,1,0,0,1.4177886722530255,0.05
2611,136.0774590058721,16,1,0,0,1.3525575526395872,0.05
2612,241.85041091279484,51,1,0,0,1.4348436384793934,0.05
2613,135.5988477793867,14,1,0,0,1.425460464514497,0.05
2614,149.78916841255221,14,1,0,0,1.4744831081586574,0.05
2615,119.80309015737707,6,1,0,0,1.3605319302416585,0.05
2616,199.52833413297077,28,1,0,0,1.4320956391558664,0.05
2617,176.14321340673928,18,1,0,0,1.1017934996710375,0.05
2618,221.1153433755569,39,1,0,0,1.2604219017364129,0.05
2619,193.23896694081793,24,1,0,0,1.4348730910582819,0.05
2620,181.2021001087595,26,1,0,0,1.342848125064838,0.05
2621,5.170941504538019,200,0,0,1,1.74666408760542,0.05
2622,189.40977802921535,25,1,0,0,1.177682429474649,0.05
2623,164.53226101389535,18,1,0,0,1.473814060078776,0.05
2624,255.37904015186024,56,1,0,0,1.1303038918906725,0.05
2625,137.9248058824945,14,1,0,0,1.3083787401925988,0.05
2626,168.43996469954232,26,1,0,0,1.3301257369028738,0.05
2627,186.99977378721158,25,1,0,0,1.2819256925493683,0.05
2628,176.1380568060465,89,1,0,0,1.4922523873574824,0.05
2629,207.57010469529087,37,1,0,0,1.3303499868869284,0.05
2630,150.38343063923946,14,1,0,0,1.2563068403993203,0.05
2631,31.102667376199918,200,0,0,1,1.628992293157935,0.05
2632,180.15428286617595,25,1,0,0,1.460074046160225,0.05
2633,275.10061499851486,53,1,0,0,1.3002408387529831,0.05
2634,177.96117641241545,31,1,0,0,1.3682181729461147,0.05
2635,196.00037277651904,29,1,0,0,1.3242872235076537,0.05
2636,150.84235785177546,20,1,0,0,1.2965715498618309,0.05
2637,166.30565891606727,20,1,0,0,1.2074103414717021,0.05
2638,115.39054232727271,9,1,0,0,1.3924716150525844,0.05
2639,145.92640967479005,14,1,0,0,1.29733977774131,0.05
2640,158.60509216480588,19,1,0,0,1.4987829428158124,0.05
2641,161.21942390612827,43,1,0,0,1.4535257168767948,0.05
2642,198.00209843899938,23,1,0,0,1.3200010540623157,0.05
2643,182.594257934781,29,1,0,0,1.4132415467280373,0.05
2644,223.56692639995407,34,1,0,0,1.244964039698551,0.05
2645,175.85414134722342,21,1,0,0,1.2998092374560806,0.05
2646,155.5739230747645,19,1,0,0,1.3194935431552166,0.05
2647,168.81124364297503,18,1,0,0,1.3490787642359034,0.05
2648,172.47490269454994,41,1,0,0,1.2463446635908653,0.05
2649,159.7940027716673,22,1,0,0,1.2813634092420452,0.05
2650,196.3702831562574,35,1,0,0,1.4198826633288097,0.05
2651,178.79205425179373,21,1,0,0,1.291301093703044,0.05
2652,195.55829984519033,31,1,0,0,1.404495289927854,0.05
2653,145.1052043163839,14,1,0,0,1.3246582918862608,0.05
2654,148.28941956957638,15,1,0,0,1.363695692399363,0.05
2655,149.13434303872984,13,1,0,0,1.1840457420325512,0.05
2656,175.9237510497596,27,1,0,0,1.28825220258757,0.05
2657,175.3423449284416,22,1,0,0,1.4259911651743689,0.05
2658,165.69377350838516,29,1,0,0,1.3625411085951475,0.05
2659,165.10183795084444,79,1,0,0,1.467118853443374,0.05
2660,232.13404660724723,44,1,0,0,1.408080345591214,0.05
2661,147.89051688872286,14,1,0,0,1.3846932575242967,0.05
2662,189.60766253530983,26,1,0,0,1.3621210298712891,0.05
2663,280.7033472753152,60,1,0,0,1.3628287235157537,0.05
2664,161.32819056039796,29,1,0,0,1.341142351144223,0.05
2665,163.85605544841627,30,1,0,0,1.442053814663359,0.05
2666,182.1960894084255,18,1,0,0,1.293224414095694,0.05
2667,154.97528372268815,18,1,0,0,1.293319447290438,0.05
2668,197.6235623628461,26,1,0,0,1.4148948388982947,0.05
2669,233.17535569402,43,1,0,0,1.4593431754297617,0.05
2670,133.47880156117623,63,1,0,0,1.4648910326238362,0.05
2671,202.0194910787642,36,1,0,0,1.4940631747014996,0.05
2672,190.08343917725642,26,1,0,0,1.1706170757222387,0.05
2673,235.85025759823824,43,1,0,0,1.3693939879571024,0.05
2674,185.67829694665903,29,1,0,0,1.313398777536063,0.05
2675,140.6062962297032,15,1,0,0,1.2103802069723986,0.05
2676,104.94581781089589,5,1,0,0,1.4423369278546647,0.05
2677,179.9894152895124,29,1,0,0,1.306177742323708,0.05
2678,102.83557942394212,5,1,0,0,1.387234701141014,0.05
2679,139.8296596112279,20,1,0,0,1.30937451410656,0.05
2680,218.54247790580115,39,1,0,0,1.3004148594481963,0.05
2681,211.9807018733665,40,1,0,0,1.4883196168400243,0.05
2682,158.6632139442356,19,1,0,0,1.2532052812011925,0.05
2683,168.81200923271743,20,1,0,0,1.4798769679775527,0.05
2684,146.51040665961767,14,1,0,0,1.3762887244617428,0.05
2685,184.55869611896833,21,1,0,0,1.1370410389154364,0.05
2686,188.94268204882266,28,1,0,0,1.2527368767654896,0.05
2687,153.51683787526414,19,1,0,0,1.2884607780263118,0.05
2688,184.99286147415773,22,1,0,0,1.0995153885422522,0.05
2689,164.62700237095862,19,1,0,0,1.334371830729167,0.05
2690,231.59727666802632,47,1,0,0,1.240353754355361,0.05
2691,166.83966081844028,22,1,0,0,1.288414366043263,0.05
2692,175.20587805509723,24,1,0,0,1.4091119821548277,0.05
2693,186.58835736221326,27,1,0,0,1.4493217361102966,0.05
2694,121.96667674489541,9,1,0,0,1.089522557777475,0.05
2695,189.96139460943402,27,1,0,0,1.4476077477190465,0.05
2696,160.76254562620397,21,1,0,0,1.3977946847210865,0.05
2697,189.8776242700671,26,1,0,0,1.2162243440307032,0.05
2698,204.83181464548122,30,1,0,0,1.3719630659062756,0.05
2699,230.90743484917581,42,1,0,0,1.3003541438068205,0.05
2700,171.84641999711613,23,1,0,0,1.333519334888148,0.05
2701,168.6548067224172,43,1,0,0,1.4966238048170413,0.05
2702,167.69907203169456,18,1,0,0,1.1873325918639568,0.05
2703,188.11861684759253,27,1,0,0,1.4911499117733622,0.05
2704,214.02528764857175,31,1,0,0,1.216857156518082,0.05
2705,170.74850964959245,21,1,0,0,1.4690678654702047,0.05
2706,232.7138291401408,40,1,0,0,1.2841444125602681,0.05
2707,168.85897936725638,25,1,0,0,1.369081764168857,0.05
2708,131.25861076926475,20,1,0,0,1.474345372692521,0.05
2709,164.32926757764483,17,1,0,0,1.4053096957148223,0.05
2710,119.59499874572062,7,1,0,0,1.3086100372698195,0.05
2711,198.70658096187844,21,1,0,0,1.1127373353884886,0.05
2712,156.81856943514222,16,1,0,0,1.445567928621391,0.05
2713,164.9201961576874,18,1,0,0,1.3298051799398112,0.05
2714,117.69556405149666,9,1,0,0,1.3142016749828984,0.05
2715,151.7243757573738,14,1,0,0,1.3952500756448742,0.05
2716,136.30259271920931,19,1,0,0,1.2300521058473701,0.05
2717,149.0333860778966,20,1,0,0,1.2840209709691095,0.05
2718,186.3895552458613,27,1,0,0,1.4362829339362475,0.05
2719,156.48905192129632,16,1,0,0,1.468224867575391,0.05
2720,169.26104126802065,22,1,0,0,1.3309591503856082,0.05
2721,170.4295249540977,28,1,0,0,1.3554418773096808,0.05
2722,213.02836731256005,41,1,0,0,1.4975289801652067,0.05
2723,159.75332906219265,28,1,0,0,1.2509021426438371,0.05
2724,119.43722814480819,9,1,0,0,1.4428515007619092,0.05
2725,179.04915615960044,24,1,0,0,1.2885268247236057,0.05
2726,159.66854089812483,22,1,0,0,1.4441671542192216,0.05
2727,182.48235787460646,20,1,0,0,1.3565466799253136,0.05
2728,199.0992808292773,24,1,0,0,1.4062941936951172,0.05
2729,173.62069854176895,23,1,0,0,1.2789680802273216,0.05
2730,163.6244364703702,19,1,0,0,1.4971792205961805,0.05
2731,159.66696807577804,18,1,0,0,1.4518827024476375,0.05
2732,183.4339541100196,20,1,0,0,1.3071422649317967,0.05
2733,140.43381548169936,16,1,0,0,1.3652880404164547,0.05
2734,138.79527344895286,77,1,0,0,1.466840623311028,0.05
2735,181.12157593242347,21,1,0,0,1.3356017667006836,0.05
2736,164.20846757115117,24,1,0,0,1.3402374228580134,0.05
2737,39.62498094686704,200,0,0,1,3.2596903089567975,0.05
2738,174.11127085943008,20,1,0,0,1.1855168196057824,0.05
2739,159.33765824381325,23,1,0,0,1.3579630352156535,0.05
2740,170.92200750794123,23,1,0,0,1.4843912957049847,0.05
2741,151.86539960330043,19,1,0,0,1.4491193944309526,0.05
2742,209.00383994434543,34,1,0,0,1.410540964767234,0.05
2743,151.99931420657532,17,1,0,0,1.4115549001198113,0.05
2744,147.03823982020097,72,1,0,0,1.3966476612700358,0.05
2745,181.84789029276766,21,1,0,0,1.1709090392296109,0.05
2746,198.54305253532152,29,1,0,0,1.2010054926098612,0.05
2747,174.04574235338862,31,1,0,0,1.4848304794487432,0.05
2748,221.39350725937345,29,1,0,0,1.321708267343499,0.05
2749,153.35962828503412,21,1,0,0,1.483275085178503,0.05
2750,155.09337923157673,20,1,0,0,1.484196998840957,0.05
2751,182.055155675119,48,1,0,0,1.207083322744796,0.05
2752,139.31921730343737,18,1,0,0,1.3782395597716244,0.05
2753,160.56247096797784,17,1,0,0,1.1847482200546853,0.05
2754,166.60625833026327,19,1,0,0,1.4707297976192384,0.05
2755,194.4852633223745,29,1,0,0,1.293946643992051,0.05
2756,174.00318654018463,35,1,0,0,1.205126358957509,0.05
2757,170.52453131346778,22,1,0,0,1.3696159772830467,0.05
2758,162.7512674469541,21,1,0,0,1.499709290947737,0.05
2759,183.63643835571003,22,1,0,0,1.3961450240015103,0.05
2760,160.847242500372,30,1,0,0,1.4174273088926344,0.05
2761,132.90758226916822,17,1,0,0,1.423965149931278,0.05
2762,185.65854678257264,27,1,0,0,1.4322387456494952,0.05
2763,201.72763787274832,35,1,0,0,1.3858696245685094,0.05
2764,13.025393247343558,200,0,0,1,1.6716478372802217,0.05
2765,191.14516443035436,27,1,0,0,1.4440833621169402,0.05
2766,182.38920368197017,29,1,0,0,1.3410504483750594,0.05
2767,158.3142346502934,22,1,0,0,1.4132896730589426,0.05
2768,130.6510103571455,13,1,0,0,1.124864709807543,0.05
2769,148.91404342806112,12,1,0,0,1.1595085911368028,0.05
2770,154.98241019475063,15,1,0,0,1.4902162121963924,0.05
2771,189.9840791087717,24,1,0,0,1.2025250029171977,0.05
2772,150.15301506992913,96,1,0,0,1.4481933313383728,0.05
2773,-50.0,1,0,1,0,6.926728788435242,0.05
2774,151.53832876639305,14,1,0,0,1.436557204891281,0.05
2775,145.5954522363007,13,1,0,0,1.308296906767485,0.05
2776,177.2276135220855,21,1,0,0,1.49610026942691,0.05
2777,211.87553758738719,34,1,0,0,1.4456152974240977,0.05
2778,168.67809231800044,26,1,0,0,1.3880246670930922,0.05
2779,155.73849481207276,17,1,0,0,1.2657250879142974,0.05
2780,-50.0,1,0,1,0,2.683929944195868,0.05
2781,206.15787228602355,24,1,0,0,1.261333428919495,0.05
2782,165.67800144620225,18,1,0,0,1.3766070533678647,0.05
2783,240.1456272386387,40,1,0,0,1.2048600561650145,0.05
2784,99.16830903845383,101,1,0,0,1.4814357060554557,0.05
2785,185.49659697056157,26,1,0,0,1.2648947465314082,0.05
2786,161.4297798736058,18,1,0,0,1.3858711611029582,0.05
2787,185.31763178790118,27,1,0,0,1.4579737903919798,0.05
2788,151.49710782141466,16,1,0,0,1.2908473757258616,0.05
2789,218.6488844372137,30,1,0,0,1.370776624633595,0.05
2790,183.0519594827942,25,1,0,0,1.3605535481995301,0.05
2791,160.39112379607602,197,1,0,0,1.4620563648196812,0.05
2792,211.7476355747359,25,1,0,0,1.1369982841651076,0.05
2793,184.39492818057585,33,1,0,0,1.3517258326076698,0.05
2794,106.84043396514777,9,1,0,0,1.4518023887324538,0.05
2795,199.6142946613225,28,1,0,0,1.24102815086866,0.05
2796,166.3218394001526,20,1,0,0,1.3089759453012355,0.05
2797,247.52807015856902,49,1,0,0,1.2713448217225514,0.05
2798,170.1380609138309,32,1,0,0,1.233723261390803,0.05
2799,189.23566629293288,23,1,0,0,1.342576558018654,0.05
2800,184.44057992308873,23,1,0,0,1.385052064984858,0.05
2801,204.3707565851101,32,1,0,0,1.4669051432027331,0.05
2802,181.50990120449234,22,1,0,0,1.3061403787263643,0.05
2803,166.88365589813822,62,1,0,0,1.4415707926372436,0.05
2804,126.03948521739859,11,1,0,0,1.2334985590995904,0.05
2805,136.54634472570714,17,1,0,0,1.381367806521539,0.05
2806,181.96439454730302,30,1,0,0,1.4429498088735864,0.05
2807,189.60206910238503,31,1,0,0,1.239101308239752,0.05
2808,195.76009076705282,27,1,0,0,1.4074182861732538,0.05
2809,187.60236108259602,24,1,0,0,1.2931680170871687,0.05
2810,237.17350377199557,48,1,0,0,1.4063728393316441,0.05
2811,210.0732070005492,37,1,0,0,1.3745556124674498,0.05
2812,262.11917017154195,55,1,0,0,1.3316400732419462,0.05
2813,148.01816430222985,17,1,0,0,1.3317727300851885,0.05
2814,169.44344963432525,24,1,0,0,1.3225207587660222,0.05
2815,215.78043804143522,34,1,0,0,1.2523102553392023,0.05
2816,-50.0,1,0,1,0,6.267786978918953,0.05
2817,161.3307651171548,20,1,0,0,1.170879506364633,0.05
2818,163.39556312752234,22,1,0,0,1.4530141297936825,0.05
2819,161.20598721115658,19,1,0,0,1.4142310288725535,0.05
2820,198.14654722503553,26,1,0,0,1.448538090394024,0.05
2821,134.52128156455046,11,1,0,0,1.2083269123679876,0.05
2822,178.23504675982457,50,1,0,0,1.4908550255355386,0.05
2823,159.99349805867882,26,1,0,0,1.4982399269147557,0.05
2824,180.47113562316918,23,1,0,0,1.2710922039113066,0.05
2825,150.92174109601098,16,1,0,0,1.3235487951104035,0.05
2826,149.764548246618,32,1,0,0,1.4978673894311207,0.05
2827,188.96731822528642,20,1,0,0,1.4795450095251381,0.05
2828,157.3632396417069,21,1,0,0,1.4589237770013284,0.05
2829,166.44124453021746,20,1,0,0,1.4379629674164607,0.05
2830,168.9649994763212,24,1,0,0,1.3547704049898739,0.05
2831,193.2946011354823,28,1,0,0,1.2921613858057923,0.05
2832,140.2665463623718,16,1,0,0,1.30368607569167,0.05
2833,179.15169246971584,27,1,0,0,1.3904480645060477,0.05
2834,112.53407594256105,27,1,0,0,1.1811445966682248,0.05
2835,235.81203013184577,39,1,0,0,1.3467674940737804,0.05
2836,18.303463186835874,200,0,0,1,3.1990140966019296,0.05
2837,71.21452909731819,200,0,0,1,1.5670207915009498,0.05
2838,160.13858705245823,25,1,0,0,1.3101266278633303,0.05
2839,196.1837138678667,23,1,0,0,1.2236623708523007,0.05
2840,131.62718615052373,8,1,0,0,1.4774599166156466,0.05
2841,162.58098615070796,21,1,0,0,1.4270794495312549,0.05
2842,109.0425258686473,4,1,0,0,1.2952642699555945,0.05
2843,99.6198986371803,39,1,0,0,1.4031906687478886,0.05
2844,201.98224452881703,25,1,0,0,1.1307871417592121,0.05
2845,134.6991278904731,13,1,0,0,1.4371680432113767,0.05
2846,118.19972963173682,39,1,0,0,1.4978580999536868,0.05
2847,166.12718442658024,20,1,0,0,1.4113080234550277,0.05
2848,186.6554206671019,30,1,0,0,1.3643810895419506,0.05
2849,156.1203815930221,17,1,0,0,1.0481949565180333,0.05
2850,160.00973247618523,21,1,0,0,1.4138012276228988,0.05
2851,138.93183335454614,14,1,0,0,1.4279481017242366,0.05
2852,158.44299109736139,15,1,0,0,1.240568530757577,0.05
2853,165.5303413555914,17,1,0,0,1.2078993077021225,0.05
2854,156.55174938211337,16,1,0,0,1.2352347295522763,0.05
2855,180.06391745252773,64,1,0,0,1.474415946398576,0.05
2856,155.64609852856412,18,1,0,0,1.4614425712710195,0.05
2857,257.91436719349645,51,1,0,0,1.4756238298269626,0.05
2858,199.07135212713334,26,1,0,0,1.2935566497954412,0.05
2859,156.68206484141848,23,1,0,0,1.1376730699375686,0.05
2860,180.48684451646108,19,1,0,0,1.3123920825950888,0.05
2861,178.71427644908002,23,1,0,0,1.4494183856728404,0.05
2862,168.97014455123826,21,1,0,0,1.4936013696144295,0.05
2863,150.1939358778414,15,1,0,0,1.3729313604909048,0.05
2864,-50.0,1,0,1,0,3.102966321171609,0.05
2865,194.76931148278732,27,1,0,0,1.4895193738655834,0.05
2866,77.54681188892387,200,0,0,1,2.1655360101284864,0.05
2867,129.45742425052276,31,1,0,0,1.37172870987286,0.05
2868,160.60232485071992,19,1,0,0,1.224520448365183,0.05
2869,183.38232629889544,25,1,0,0,1.4461840570813596,0.05
2870,129.40462515858786,68,1,0,0,1.46734848504159,0.05
2871,116.91921053360578,7,1,0,0,1.4485979153761313,0.05
2872,161.20258342073586,19,1,0,0,1.3420442580107979,0.05
2873,166.60598554639733,65,1,0,0,1.490862353917376,0.05
2874,164.26853839272394,31,1,0,0,1.4122422022082788,0.05
2875,201.97598633942962,29,1,0,0,1.4689513813358128,0.05
2876,183.4735467197478,23,1,0,0,1.4856779580422024,0.05
2877,161.28464584341768,31,1,0,0,1.48658257697951,0.05
2878,151.517454114383,16,1,0,0,1.2547695987920278,0.05
2879,176.53448983407978,21,1,0,0,1.4048870481784543,0.05
2880,147.97526213246573,19,1,0,0,1.3417870018893232,0.05
2881,155.22188760153293,61,1,0,0,1.418773764132638,0.05
2882,171.61650167261263,21,1,0,0,1.3419454885170319,0.05
2883,193.1565951276052,32,1,0,0,1.255108510670252,0.05
2884,157.38921301051124,18,1,0,0,1.264137794208912,0.05
2885,173.44967322205716,21,1,0,0,1.2454652584433807,0.05
2886,134.0369472776809,16,1,0,0,1.487666461000271,0.05
2887,169.9703122305756,22,1,0,0,1.3207508980641394,0.05
2888,168.0269743450652,28,1,0,0,1.4824444302139248,0.05
2889,-50.0,1,0,1,0,5.700548634493053,0.05
2890,173.55369244011126,75,1,0,0,1.4891474457409621,0.05
2891,185.42864237734892,25,1,0,0,1.2598450598458526,0.05
2892,155.906640033504,21,1,0,0,1.4116350183247868,0.05
2893,176.06616443607246,23,1,0,0,1.362383741307459,0.05
2894,171.6690559218439,25,1,0,0,1.315135700674585,0.05
2895,153.70350545984238,59,1,0,0,1.4438722458150772,0.05
2896,130.04323981930997,171,1,0,0,1.4879934244535622,0.05
2897,132.04428273236326,9,1,0,0,1.421882535606465,0.05
2898,156.2760548947479,24,1,0,0,1.4928674418374501,0.05
2899,139.73559466832734,26,1,0,0,1.2894934709140262,0.05
2900,160.73029188177765,21,1,0,0,1.2160367134103716,0.05
2901,167.30161763646527,23,1,0,0,1.42254698698116,0.05
2902,183.77352378305127,31,1,0,0,1.3620989800321066,0.05
2903,174.80977894112385,23,1,0,0,1.4821058252472006,0.05
2904,194.2652275155687,37,1,0,0,1.4386724001684656,0.05
2905,157.40831147535926,22,1,0,0,1.3472899371105749,0.05
2906,152.32298797912972,15,1,0,0,1.2077074677673711,0.05
2907,158.5169828188623,19,1,0,0,1.1765738995245378,0.05
2908,169.06128677391206,26,1,0,0,1.1576844798671242,0.05
2909,151.31748303969894,20,1,0,0,1.2876069232955896,0.05
2910,194.14930993714754,35,1,0,0,1.498484833360676,0.05
2911,153.33473332707607,15,1,0,0,1.2957337023272146,0.05
2912,159.9690575289937,20,1,0,0,1.2019921009628742,0.05
2913,129.17783275709152,8,1,0,0,1.453591410417886,0.05
2914,118.51992425214742,11,1,0,0,1.3525952797836995,0.05
2915,149.20024374840705,13,1,0,0,1.4455115420043467,0.05
2916,171.31295591744998,21,1,0,0,1.2763416168254338,0.05
2917,179.0675125654529,50,1,0,0,1.4541778266533354,0.05
2918,228.37603588337808,40,1,0,0,1.4692400945632198,0.05
2919,37.39996742519237,200,0,0,1,3.8575303754264665,0.05
2920,207.49059133561687,105,1,0,0,1.3197258982303635,0.05
2921,169.05416883909092,20,1,0,0,1.3652552529117739,0.05
2922,190.97498432691953,32,1,0,0,1.4560108249490085,0.05
2923,203.22893652860432,25,1,0,0,1.4944859596791533,0.05
2924,193.65738897379157,23,1,0,0,1.2109937805118216,0.05
2925,158.71935556736352,22,1,0,0,1.4278555994762485,0.05
2926,179.64061736401578,21,1,0,0,1.4410980834787193,0.05
2927,157.6710040132055,16,1,0,0,1.1964829607319654,0.05
2928,124.51698587798357,15,1,0,0,1.4461971271650251,0.05
2929,143.03057438898617,22,1,0,0,1.4336892882542676,0.05
2930,83.50620044559547,200,0,0,1,1.6553052851950922,0.05
2931,172.59448225094803,20,1,0,0,1.3333499035383904,0.05
2932,35.85287902417901,200,0,0,1,2.0691791478474713,0.05
2933,179.66018948078295,20,1,0,0,1.3001522541649342,0.05
2934,187.86349942643517,21,1,0,0,1.4304943406564727,0.05
2935,145.22865885486237,13,1,0,0,1.1360654679312168,0.05
2936,156.2663977180021,15,1,0,0,1.4322460467238716,0.05
2937,144.597980201138,14,1,0,0,1.4079715965358164,0.05
2938,196.20388071818587,29,1,0,0,1.4112920411955867,0.05
2939,211.09209171934893,25,1,0,0,1.424463238419789,0.05
2940,266.57535443758513,57,1,0,0,1.3633328285715145,0.05
2941,186.6551821143653,21,1,0,0,1.2421286834559617,0.05
2942,121.5606374996697,9,1,0,0,1.4820988527064782,0.05
2943,166.72598704757849,25,1,0,0,1.3487359066043623,0.05
2944,159.51085839392186,17,1,0,0,1.446929446833288,0.05
2945,202.68157788163032,31,1,0,0,1.375200359085861,0.05
2946,176.2721708746121,21,1,0,0,1.4786771327766575,0.05
2947,186.0874971844458,24,1,0,0,1.3179739777269837,0.05
2948,170.94431810746352,35,1,0,0,1.2773677583405072,0.05
2949,163.75911630964396,23,1,0,0,1.3615591325840768,0.05
2950,242.23062056693212,40,1,0,0,1.425520382000314,0.05
2951,226.65045338715117,38,1,0,0,1.403474147248314,0.05
2952,178.6237431524712,32,1,0,0,1.3548524928326655,0.05
2953,143.6989173380271,57,1,0,0,1.4944328045010538,0.05
2954,62.10648106523541,200,0,0,1,1.7227766415497012,0.05
2955,166.06011944786417,22,1,0,0,1.3584425577711903,0.05
2956,49.01073035728984,200,0,0,1,1.540252540231172,0.05
2957,140.73223976908514,21,1,0,0,1.3301122684904034,0.05
2958,180.11874398605534,23,1,0,0,1.4155073336186228,0.05
2959,274.39233602628485,57,1,0,0,1.4936700069127335,0.05
2960,202.37484922044047,24,1,0,0,1.4213582613361766,0.05
2961,165.58060970475603,18,1,0,0,1.4186459745166133,0.05
2962,165.5743392177373,20,1,0,0,1.090032566539355,0.05
2963,39.595747168526906,200,0,0,1,4.261034300194191,0.05
2964,195.45168742066133,141,1,0,0,1.4744115402171252,0.05
2965,197.19620758111537,34,1,0,0,1.4720017232061844,0.05
2966,179.6630126735119,26,1,0,0,1.4440709464189254,0.05
2967,224.12757774238258,35,1,0,0,1.3609514007356152,0.05
2968,157.2612335351837,14,1,0,0,1.2300051315224605,0.05
2969,190.17968531188495,27,1,0,0,1.4598701638573284,0.05
2970,134.8428395713206,12,1,0,0,1.436575307137977,0.05
2971,164.31998237271773,27,1,0,0,1.4850426934692644,0.05
2972,116.5278815148941,6,1,0,0,1.36766069041223,0.05
2973,144.28354487085477,16,1,0,0,1.366545959805166,0.05
2974,178.08561917121756,22,1,0,0,1.4584199120802845,0.05
2975,190.80187827892343,29,1,0,0,1.4372300847532657,0.05
2976,136.9439125431038,21,1,0,0,1.2541707917551876,0.05
2977,65.74093206658465,200,0,0,1,2.32815122006537,0.05
2978,149.1229168634193,17,1,0,0,1.3171175426904114,0.05
2979,177.74042703843008,24,1,0,0,1.4261869542028298,0.05
2980,196.9124365335904,26,1,0,0,1.3078869580842496,0.05
2981,149.94423138680145,16,1,0,0,1.4647339768936969,0.05
2982,126.80024398242861,11,1,0,0,1.3012414785596804,0.05
2983,212.91992232404695,28,1,0,0,1.272016353764497,0.05
2984,191.79417769832372,25,1,0,0,1.4092291290316021,0.05
2985,160.2689860118116,17,1,0,0,1.3561343413139046,0.05
2986,175.66260108548573,21,1,0,0,1.2999439213794626,0.05
2987,208.70751656524195,38,1,0,0,1.4482449751337794,0.05
2988,148.93607001336596,12,1,0,0,1.1532204499323113,0.05
2989,151.99828387857812,19,1,0,0,1.468838651251804,0.05
2990,218.71242348768075,30,1,0,0,1.2373265306567387,0.05
2991,149.85704142057705,13,1,0,0,1.4276742755994491,0.05
2992,174.74385180215413,27,1,0,0,1.3125594625601253,0.05
2993,175.13747990715856,25,1,0,0,1.4589922696680928,0.05
2994,206.33029235446577,24,1,0,0,1.323454899808784,0.05
2995,146.8467484496764,14,1,0,0,1.4131468792488948,0.05
2996,178.63924256146782,21,1,0,0,1.4426577855519962,0.05
2997,148.10263050372544,25,1,0,0,1.4810967947429046,0.05
2998,158.73399803438008,24,1,0,0,1.4281770711722839,0.05
2999,277.07330110953046,59,1,0,0,1.4079800216769291,0.05
3000,168.49755550414423,20,1,0,0,1.3988569931925563,0.05
3001,135.74724002051508,12,1,0,0,1.4823458769339652,0.05
3002,184.2782881916733,22,1,0,0,1.2494566804493052,0.05
3003,25.273401560703288,200,0,0,1,1.7662240525286383,0.05
3004,150.87222709978803,28,1,0,0,1.2538680094142671,0.05
3005,255.10569221167563,49,1,0,0,1.291851496390874,0.05
3006,126.25937044444271,19,1,0,0,1.4282600724350503,0.05
3007,146.355837471728,17,1,0,0,1.3018739597462112,0.05
3008,160.93879901061217,21,1,0,0,1.3734771022589953,0.05
3009,130.55393326821286,10,1,0,0,1.4331236047595168,0.05
3010,162.08399241515332,25,1,0,0,1.4386465359319178,0.05
3011,202.85915590723368,34,1,0,0,1.4010411192803847,0.05
3012,159.74449356047484,24,1,0,0,1.163947799893268,0.05
3013,10.712358439778209,200,0,0,1,4.322171186975138,0.05
3014,125.97636562532776,13,1,0,0,1.3190736297265127,0.05
3015,201.00346741639152,30,1,0,0,1.465525995701176,0.05
3016,161.87200298846108,22,1,0,0,1.318711967149886,0.05
3017,22.438866396528184,200,0,0,1,4.016710544354838,0.05
3018,44.155302516301944,200,0,0,1,1.9937931902295067,0.05
3019,155.31535842620897,27,1,0,0,1.4541137422214794,0.05
3020,204.45760172654022,36,1,0,0,1.256759732942255,0.05
3021,124.46094306053567,101,1,0,0,1.4312093698031063,0.05
3022,128.8336973928352,16,1,0,0,1.2642310582340865,0.05
3023,176.15280186887856,23,1,0,0,1.2739697832200993,0.05
3024,171.58774040475504,19,1,0,0,1.4299926412610986,0.05
3025,195.6791733911318,57,1,0,0,1.4893785105547623,0.05
3026,134.80858483156243,13,1,0,0,1.1920855173197962,0.05
3027,163.6129110189945,31,1,0,0,1.3366858029535882,0.05
3028,-50.0,1,0,1,0,4.005725934739223,0.05
3029,176.9542618225109,55,1,0,0,1.2431982154441872,0.05
3030,181.82677765872614,25,1,0,0,1.2202781411213819,0.05
3031,134.33398767074908,51,1,0,0,1.3044165976816902,0.05
3032,186.92800684943353,34,1,0,0,1.4587861482576128,0.05
3033,184.18309874565995,23,1,0,0,1.2366996288583592,0.05
3034,206.48377187830346,27,1,0,0,1.4969527225381547,0.05
3035,175.3138267792093,24,1,0,0,1.4953230257913999,0.05
3036,37.80056256933467,200,0,0,1,2.573363240905672,0.05
3037,169.2745688790249,24,1,0,0,1.4819104338076876,0.05
3038,181.5019332135719,30,1,0,0,1.2632529204510943,0.05
3039,117.01540844011592,11,1,0,0,1.4636144181617026,0.05
3040,47.12532893568862,200,0,0,1,2.2479214951126547,0.05
3041,171.17577199709183,20,1,0,0,1.1862708062250447,0.05
3042,147.0575161705527,25,1,0,0,1.4189701374070993,0.05
3043,-50.0,1,0,1,0,4.582660398217593,0.05
3044,168.87186963202458,29,1,0,0,1.4798415541165626,0.05
3045,158.1181036091565,22,1,0,0,1.201781575609668,0.05
3046,154.11787002139343,19,1,0,0,1.4857936913426004,0.05
3047,119.76332203153284,13,1,0,0,1.479882203887373,0.05
3048,201.39324059775888,29,1,0,0,1.357246130024723,0.05
3049,165.20635580137434,26,1,0,0,1.386546727136941,0.05
3050,161.50065722044553,23,1,0,0,1.4537039777962304,0.05
3051,195.99169737543076,60,1,0,0,1.411082756727019,0.05
3052,165.09195721148194,26,1,0,0,1.4696019916332537,0.05
3053,35.22767076354261,200,0,0,1,2.5827919477944437,0.05
3054,137.3022485436986,153,1,0,0,1.3587102783619438,0.05
3055,139.6532227357797,17,1,0,0,1.4704094143851065,0.05
3056,181.59007607170605,32,1,0,0,1.40603371587354,0.05
3057,150.1857445207155,19,1,0,0,1.4807298695066604,0.05
3058,-27.515695284453123,200,0,0,1,4.142250183529681,0.05
3059,211.76590004302483,39,1,0,0,1.492362284110338,0.05
3060,124.9305032020869,12,1,0,0,1.4236880779873295,0.05
3061,201.6528342045429,29,1,0,0,1.4927825563031683,0.05
3062,-50.0,1,0,1,0,4.741194385824914,0.05
3063,176.18936640585667,24,1,0,0,1.2855728750019448,0.05
3064,174.17623864075685,31,1,0,0,1.4526778975595822,0.05
3065,136.31497907482634,18,1,0,0,1.4374110271543794,0.05
3066,186.30610676141853,25,1,0,0,1.4805086178078888,0.05
3067,120.78662956358454,10,1,0,0,1.485499815076965,0.05
3068,56.92316124046733,200,0,0,1,2.1888017671013826,0.05
3069,153.535855240816,21,1,0,0,1.2593703306959028,0.05
3070,179.97939485034348,31,1,0,0,1.482157537736521,0.05
3071,-50.0,1,0,1,0,5.66799178052359,0.05
3072,183.61625666558868,22,1,0,0,1.088484287964998,0.05
3073,188.99746581150004,23,1,0,0,1.092188227315344,0.05
3074,191.6035936171113,26,1,0,0,1.297325355839914,0.05
3075,198.17572018886995,41,1,0,0,1.3913313748154086,0.05
3076,135.25655276950985,84,1,0,0,1.4760489804943215,0.05
3077,164.42152234997576,19,1,0,0,1.4615917552540447,0.05
3078,227.50003900930943,43,1,0,0,1.2743369458390408,0.05
3079,139.48611519399097,24,1,0,0,1.4177528024097032,0.05
3080,150.13820844792338,24,1,0,0,1.4913784213019556,0.05
3081,208.97256773831907,30,1,0,0,1.4987893620018935,0.05
3082,190.22267479718715,30,1,0,0,1.3362023726100272,0.05
3083,111.5500990619232,39,1,0,0,1.4720578465808865,0.05
3084,140.08287966745812,22,1,0,0,1.4505681314267957,0.05
3085,182.93375599448697,29,1,0,0,1.4178239237444255,0.05
3086,174.21153305054062,25,1,0,0,1.47966417207837,0.05
3087,105.18521278198148,42,1,0,0,1.4030438093880266,0.05
3088,172.1522687746396,21,1,0,0,1.4082086784321015,0.05
3089,165.78913478156886,25,1,0,0,1.3733637555397085,0.05
3090,175.18257846267932,24,1,0,0,1.4800834766074955,0.05
3091,210.79714205488176,36,1,0,0,1.3891838075313672,0.05
3092,164.1160624974931,18,1,0,0,1.4005615772519633,0.05
3093,144.16140488759333,20,1,0,0,1.4015977252482863,0.05
3094,245.70718935063803,46,1,0,0,1.3676614785595949,0.05
3095,225.62982930729902,73,1,0,0,1.4881453536581746,0.05
3096,229.5646771799939,45,1,0,0,1.35505964627142,0.05
3097,152.88873167831878,35,1,0,0,1.2075576290094407,0.05
3098,170.0507802188612,26,1,0,0,1.167641389040115,0.05
3099,106.40842212009552,3,1,0,0,1.4652405539733782,0.05
3100,146.09644530733303,19,1,0,0,1.2870695119822515,0.05
3101,149.99699919592263,17,1,0,0,1.3502247653118236,0.05
3102,222.2063655846427,38,1,0,0,1.4671231664214384,0.05
3103,212.2410130917757,32,1,0,0,1.3691607625528046,0.05
3104,178.43587567266303,23,1,0,0,1.3691903661860778,0.05
3105,162.7084104336745,34,1,0,0,1.2464828124434288,0.05
3106,243.81332610144435,50,1,0,0,1.4536696596095013,0.05
3107,207.64790429397632,35,1,0,0,1.4223503027753226,0.05
3108,191.7091410166064,28,1,0,0,1.2614473610037462,0.05
3109,190.57737429808685,33,1,0,0,1.4562435051826308,0.05
3110,163.75338416689323,19,1,0,0,1.364547135578295,0.05
3111,197.0839690986486,33,1,0,0,1.2650815655478789,0.05
3112,173.6086979338772,23,1,0,0,1.2168787375345909,0.05
3113,191.9926897489422,24,1,0,0,1.4146492953143497,0.05
3114,160.3640810210814,18,1,0,0,1.2421019851715558,0.05
3115,184.46195403078775,36,1,0,0,1.193008678365935,0.05
3116,177.86949200090731,35,1,0,0,1.392639928870211,0.05
3117,119.32322718870351,21,1,0,0,1.438753026589586,0.05
3118,154.114376453082,22,1,0,0,1.4786458106435174,0.05
3119,158.52428119107472,16,1,0,0,1.335010748464896,0.05
3120,8.857950020898329,200,0,0,1,2.5257416585252566,0.05
3121,189.5443447880305,34,1,0,0,1.3777524044651117,0.05
3122,150.62527614205618,26,1,0,0,1.3982743907770827,0.05
3123,162.86859676747957,24,1,0,0,1.3468708757531715,0.05
3124,146.30385910568953,35,1,0,0,1.3763311526768978,0.05
3125,103.06019529504917,2,1,0,0,1.278942754731004,0.05
3126,192.23652012024218,33,1,0,0,1.272811933420778,0.05
3127,166.75323921067218,22,1,0,0,1.4574447287184948,0.05
3128,162.82006178690574,134,1,0,0,1.4997919994958124,0.05
3129,261.8478549406748,50,1,0,0,1.3816100903368538,0.05
3130,166.92181334693495,18,1,0,0,1.1687491195227642,0.05
3131,28.386656811230903,200,0,0,1,2.5002948070200572,0.05
3132,181.2192543001442,30,1,0,0,1.4540289076422757,0.05
3133,163.23156007241937,20,1,0,0,1.3425706688395258,0.05
3134,166.8114318467929,20,1,0,0,1.2754501933638043,0.05
3135,146.24570495213078,18,1,0,0,1.2974883390935386,0.05
3136,176.4149553111076,24,1,0,0,1.3019929063783056,0.05
3137,-50.0,1,0,1,0,2.194872574757748,0.05
3138,70.93295921883276,200,0,0,1,1.9586176415904222,0.05
3139,161.53170417971714,40,1,0,0,1.41093463904102,0.05
3140,259.3339006807879,63,1,0,0,1.4925413060310073,0.05
3141,157.15276280498995,21,1,0,0,1.4001215944329513,0.05
3142,158.1364893729646,16,1,0,0,1.3474834919419316,0.05
3143,180.4507001717251,24,1,0,0,1.4477296572725482,0.05
3144,161.83740426563986,23,1,0,0,1.1522287795530757,0.05
3145,171.34180874670957,26,1,0,0,1.3693185413919076,0.05
3146,171.5114564673965,43,1,0,0,1.3876609678167122,0.05
3147,221.47137030318117,38,1,0,0,1.3276332333425467,0.05
3148,179.72640033404923,28,1,0,0,1.4791890672545949,0.05
3149,140.43405914030285,23,1,0,0,1.4110155865858114,0.05
3150,177.71594147751046,41,1,0,0,1.465220959129711,0.05
3151,240.3495859101464,47,1,0,0,1.3645146589365522,0.05
3152,130.48767454276552,21,1,0,0,1.2704273365614143,0.05
3153,141.71582663132028,22,1,0,0,1.285690003069088,0.05
3154,174.7626850488215,30,1,0,0,1.3844817727816254,0.05
3155,193.0287790406964,28,1,0,0,1.3777344633346191,0.05
3156,140.08176873567447,31,1,0,0,1.1836749994080276,0.05
3157,206.3988477430727,30,1,0,0,1.4417823303616457,0.05
3158,144.75525087422523,52,1,0,0,1.4925010201218354,0.05
3159,199.17982426609598,29,1,0,0,1.3183034412515944,0.05
3160,132.19081402414577,12,1,0,0,1.3038628859564638,0.05
3161,195.14182691124097,29,1,0,0,1.1587688876802285,0.05
3162,204.15516402263052,35,1,0,0,1.4974571109825867,0.05
3163,185.50977469443535,26,1,0,0,1.4842278922586887,0.05
3164,100.0,1,1,0,0,1.1396542772988056,0.05
3165,194.71008824534977,83,1,0,0,1.4745810937288284,0.05
3166,198.1078974855604,34,1,0,0,1.3124817752379323,0.05
3167,151.05912194374181,20,1,0,0,1.171935971571462,0.05
3168,238.15439932815042,44,1,0,0,1.4506260005178329,0.05
3169,140.98460867949586,15,1,0,0,1.2895177025792666,0.05
3170,156.34725504797058,20,1,0,0,1.4163841383691111,0.05
3171,177.76861859700153,170,1,0,0,1.4956454962232455,0.05
3172,188.078885237248,28,1,0,0,1.1742361222145064,0.05
3173,135.53083914771284,19,1,0,0,1.4261305335683183,0.05
3174,19.23876030003663,200,0,0,1,2.03020019069509,0.05
3175,175.27847367347027,25,1,0,0,1.2422505011187122,0.05
3176,173.20918683191996,23,1,0,0,1.2713029951942634,0.05
3177,154.46647689768147,59,1,0,0,1.4614022135404845,0.05
3178,66.09995504804398,200,0,0,1,3.917621061157442,0.05
3179,262.2668142198024,50,1,0,0,1.4277891759343513,0.05
3180,150.74638047160997,22,1,0,0,1.499526660152551,0.05
3181,203.87856176689328,27,1,0,0,1.4554420638351437,0.05
3182,230.1371707789413,44,1,0,0,1.4846627179391423,0.05
3183,175.3524032687978,23,1,0,0,1.312223390342719,0.05
3184,153.44966044871396,35,1,0,0,1.454805715681372,0.05
3185,153.49106815656785,18,1,0,0,1.332357247157879,0.05
3186,59.85533468840704,200,0,0,1,1.9024057147986726,0.05
3187,165.28419846630857,52,1,0,0,1.4450394879396613,0.05
3188,207.0627802308383,77,1,0,0,1.464975526285419,0.05
3189,196.94312933763237,25,1,0,0,1.2479207352898056,0.05
3190,177.3782781877791,22,1,0,0,1.4654012552629816,0.05
3191,201.482785045178,27,1,0,0,1.4398921141573884,0.05
3192,158.38936435398895,19,1,0,0,1.4378844070330081,0.05
3193,160.43669138813817,23,1,0,0,1.3242825448670639,0.05
3194,193.34830051070702,25,1,0,0,1.4489565983539896,0.05
3195,199.07737161315174,33,1,0,0,1.4187598636335257,0.05
3196,179.45565691403016,25,1,0,0,1.352580828418063,0.05
3197,257.43598580254326,58,1,0,0,1.4897902360293693,0.05
3198,165.4520636608881,19,1,0,0,1.4592606831141797,0.05
3199,199.03320994176212,52,1,0,0,1.488120727097505,0.05
3200,194.4997784441686,33,1,0,0,1.4921722040304584,0.05
3201,205.93248507876436,35,1,0,0,1.0750371963735703,0.05
3202,165.02843747521396,21,1,0,0,1.3814478664983014,0.05
3203,157.65634971923416,22,1,0,0,1.2817057919172432,0.05
3204,249.4170837383891,48,1,0,0,1.4951446247998152,0.05
3205,168.3620221993084,24,1,0,0,1.3687848443295467,0.05
3206,160.732278642922,18,1,0,0,1.3505499858036067,0.05
3207,-50.0,1,0,1,0,5.127921493635914,0.05
3208,264.01586964292994,55,1,0,0,1.4774182583746134,0.05
3209,101.75250504397718,8,1,0,0,1.3436497768143507,0.05
3210,102.248824651765,11,1,0,0,1.454607801582298,0.05
3211,168.29052314143053,25,1,0,0,1.3032006306936461,0.05
3212,173.67070542231411,67,1,0,0,1.4315425658630192,0.05
3213,181.00890180135934,49,1,0,0,1.4479497360414573,0.05
3214,-50.0,1,0,1,0,7.470069201976473,0.05
3215,126.60469607349248,12,1,0,0,1.3944388128670562,0.05
3216,66.94271934314209,200,0,0,1,1.8812250786488536,0.05
3217,199.20932575879417,35,1,0,0,1.370404545781284,0.05
3218,204.18792507515622,33,1,0,0,1.3096235908946803,0.05
3219,184.74566627328318,30,1,0,0,1.4766427662077077,0.05
3220,135.28098282063115,16,1,0,0,1.4379440093829579,0.05
3221,187.4690722485085,26,1,0,0,1.250222414010239,0.05
3222,152.10038857284616,20,1,0,0,1.4703518609498782,0.05
3223,162.51857680572604,25,1,0,0,1.4111672592988946,0.05
3224,-50.0,1,0,1,0,5.170458443569738,0.05
3225,162.66765029682068,26,1,0,0,1.4787883639047639,0.05
3226,183.78178901281348,25,1,0,0,1.4274747957010818,0.05
3227,174.0791749297129,29,1,0,0,1.412039120673522,0.05
3228,223.91695081181123,38,1,0,0,1.4527201165968024,0.05
3229,142.62862456600786,19,1,0,0,1.2185711011543532,0.05
3230,219.44982817323995,44,1,0,0,1.4464558365563587,0.05
3231,161.62305173942045,18,1,0,0,1.268853964726826,0.05
3232,-8.119493253307565,200,0,0,1,2.666467221741861,0.05
3233,155.78021590465738,18,1,0,0,1.3534976012997215,0.05
3234,-0.28688082720560976,200,0,0,1,2.930271301284803,0.05
3235,198.24684810467016,27,1,0,0,1.2218195647610992,0.05
3236,166.51746244831557,25,1,0,0,1.3838821210079115,0.05
3237,215.488229305098,35,1,0,0,1.4232001042013562,0.05
3238,235.2573002923818,40,1,0,0,1.3414935611893561,0.05
3239,178.90603109493568,31,1,0,0,1.2873234381795926,0.05
3240,172.7809130378534,24,1,0,0,1.4712212321597626,0.05
3241,137.37575245578802,113,1,0,0,1.4596316078276697,0.05
3242,168.54691631563065,21,1,0,0,1.4429008539693922,0.05
3243,157.73630071615523,22,1,0,0,1.4180730885631396,0.05
3244,218.9506672579713,42,1,0,0,1.478261626590059,0.05
3245,173.8660923880237,40,1,0,0,1.27758899629579,0.05
3246,160.24851435688134,91,1,0,0,1.4951589497495392,0.05
3247,153.31312049290847,21,1,0,0,1.4038211204003754,0.05
3248,157.55399089033335,21,1,0,0,1.4448638709542376,0.05
3249,225.0161095227791,47,1,0,0,1.2967206065422099,0.05
3250,209.39365627376856,28,1,0,0,1.3346969857752164,0.05
3251,155.6171678309066,19,1,0,0,1.4363474461991101,0.05
3252,148.04544339946176,19,1,0,0,1.3960363192067449,0.05
3253,153.79724437121934,17,1,0,0,1.0674245197917582,0.05
3254,144.12770039484477,19,1,0,0,1.3483126143960842,0.05
3255,165.7484016459447,15,1,0,0,1.300291493866799,0.05
3256,166.02053749843586,41,1,0,0,1.439396868305523,0.05
3257,195.1391441071654,22,1,0,0,1.403393853819484,0.05
3258,168.72317098578787,19,1,0,0,1.438806499884536,0.05
3259,177.41266654919562,36,1,0,0,1.4355566175713161,0.05
3260,172.00181461904305,24,1,0,0,1.430106037962527,0.05
3261,149.02414436451022,18,1,0,0,1.226885780347769,0.05
3262,149.13050617829177,24,1,0,0,1.3845659233480303,0.05
3263,179.25452289427434,22,1,0,0,1.29389511656058,0.05
3264,175.0459761187916,29,1,0,0,1.4227262019822284,0.05
3265,202.7334641719296,27,1,0,0,1.281277270218611,0.05
3266,185.99900717420763,38,1,0,0,1.438364292554673,0.05
3267,149.08187920643974,20,1,0,0,1.1036254655577786,0.05
3268,168.07759735772268,24,1,0,0,1.4179998780033707,0.05
3269,148.98222387649156,25,1,0,0,1.3937076515195521,0.05
3270,196.82232723561947,61,1,0,0,1.442298417507716,0.05
3271,40.98315515640991,200,0,0,1,1.9644544898019094,0.05
3272,272.0030144324959,54,1,0,0,1.2619363020201908,0.05
3273,161.86369188958696,21,1,0,0,1.4857953825791155,0.05
3274,149.2544059963115,26,1,0,0,1.329299124421924,0.05
3275,114.12177246390277,5,1,0,0,1.4895660560616744,0.05
3276,177.28890059463203,22,1,0,0,1.2875158339188852,0.05
3277,228.6210363893373,42,1,0,0,1.3491803730587564,0.05
3278,98.29592276438318,200,0,0,1,1.9864280966470267,0.05
3279,156.99281041046473,14,1,0,0,1.2167380593999924,0.05
3280,159.04525775603648,19,1,0,0,1.3426003174882182,0.05
3281,160.1387181680119,61,1,0,0,1.304307384969277,0.05
3282,171.54200796669488,25,1,0,0,1.3525800374791337,0.05
3283,236.45508749863603,44,1,0,0,1.343913622143913,0.05
3284,214.97472263610183,31,1,0,0,1.2185706617427292,0.05
3285,186.6922674205644,24,1,0,0,1.2899113636433182,0.05
3286,202.83619880963454,89,1,0,0,1.495106466998384,0.05
3287,164.56970635032644,20,1,0,0,1.4466490126113256,0.05
3288,142.16796337183456,17,1,0,0,1.3726394500231565,0.05
3289,173.46165675965602,24,1,0,0,1.4441558703457664,0.05
3290,193.0176689266566,33,1,0,0,1.4246015255363487,0.05
3291,134.50703294600896,13,1,0,0,1.4019610735721117,0.05
3292,176.85967704132804,23,1,0,0,1.2926771644656083,0.05
3293,200.1932748667905,26,1,0,0,1.2576942910191309,0.05
3294,167.02303780545583,22,1,0,0,1.490357092922179,0.05
3295,189.5041610197535,28,1,0,0,1.310304908948173,0.05
3296,182.1638406263492,25,1,0,0,1.4788764017797442,0.05
3297,159.5258329059851,29,1,0,0,1.3440651765523264,0.05
3298,187.6741244793863,23,1,0,0,1.2177338295378384,0.05
3299,155.83919961893534,20,1,0,0,1.4475413080441706,0.05
3300,152.13164359093707,22,1,0,0,1.173813064924773,0.05
3301,224.64347012181398,43,1,0,0,1.4353751868024036,0.05
3302,193.22016874477268,33,1,0,0,1.325683435523958,0.05
3303,197.13366190468622,25,1,0,0,1.4124872562652668,0.05
3304,93.5479814133049,200,0,0,1,2.0080413010633595,0.05
3305,144.71939162889382,35,1,0,0,1.4552013520392473,0.05
3306,147.8577915330268,14,1,0,0,1.1290807954035724,0.05
3307,24.26780866218217,200,0,0,1,5.387942586015393,0.05
3308,199.431189384954,28,1,0,0,1.4772425948674894,0.05
3309,159.1624888795372,16,1,0,0,1.4065750646031268,0.05
3310,187.88256863528292,69,1,0,0,1.485495142157992,0.05
3311,229.4548130655359,44,1,0,0,1.2994798151658666,0.05
3312,164.28503914286568,30,1,0,0,1.3848472876557159,0.05
3313,161.8813846166582,41,1,0,0,1.4410639284451818,0.05
3314,153.73508073710997,13,1,0,0,1.4662321476060736,0.05
3315,163.7313541260067,24,1,0,0,1.4257941315557334,0.05
3316,158.63787272428556,25,1,0,0,1.4796111199562578,0.05
3317,161.24990979767153,21,1,0,0,1.4646429104043883,0.05
3318,176.92388398772025,86,1,0,0,1.433994438548286,0.05
3319,32.95353383491022,200,0,0,1,2.383563892261311,0.05
3320,203.6405545745879,26,1,0,0,1.4298990299321437,0.05
3321,144.53896137170378,29,1,0,0,1.4832160808085293,0.05
3322,232.31358479969663,45,1,0,0,1.4801552049536704,0.05
3323,155.66190823250724,28,1,0,0,1.1244162581415587,0.05
3324,168.83779717233017,18,1,0,0,1.3792963510995233,0.05
3325,178.59075078391635,23,1,0,0,1.3595960590285678,0.05
3326,190.300544252206,28,1,0,0,1.4825435536801792,0.05
3327,134.4961894095366,11,1,0,0,1.3587215651367444,0.05
3328,205.39684283734078,35,1,0,0,1.4240078485796537,0.05
3329,182.84566129126344,29,1,0,0,1.3408895675151056,0.05
3330,199.5646313255971,26,1,0,0,1.3050263432962397,0.05
3331,142.0257087004855,48,1,0,0,1.3692676730119773,0.05
3332,156.95133445318288,17,1,0,0,1.499098424383034,0.05
3333,118.25824616061367,23,1,0,0,1.4517149789536994,0.05
3334,166.16863815158464,20,1,0,0,1.3494952981665709,0.05
3335,169.77778770855292,21,1,0,0,1.302121466006126,0.05
3336,258.32782546611475,54,1,0,0,1.3146145474460635,0.05
3337,172.5656736111995,21,1,0,0,1.4306228411452462,0.05
3338,151.17246262817923,18,1,0,0,1.4538910749023635,0.05
3339,178.52319828751286,23,1,0,0,1.2612517239452865,0.05
3340,147.91236054236495,26,1,0,0,1.3478257720070244,0.05
3341,218.70203089581037,40,1,0,0,1.4863890796192971,0.05
3342,240.76244527135336,42,1,0,0,1.470304027048601,0.05
3343,185.77593751686908,25,1,0,0,1.2875811370743495,0.05
3344,156.89333778449324,16,1,0,0,1.4504427129843278,0.05
3345,167.0053442692037,20,1,0,0,1.2816826508595205,0.05
3346,195.15808815758538,26,1,0,0,1.4252453720250535,0.05
3347,129.94118268223733,13,1,0,0,1.3297403637751168,0.05
3348,229.50936642420504,38,1,0,0,1.333309692594218,0.05
3349,185.58118292201488,26,1,0,0,1.3908970581500668,0.05
3350,105.96213546923943,196,1,0,0,1.2686183848369985,0.05
3351,167.08762048378387,29,1,0,0,1.4433955043803368,0.05
3352,177.20673530071534,23,1,0,0,1.4530902812394373,0.05
3353,194.38737974406047,26,1,0,0,1.4420664702862718,0.05
3354,187.48291936285284,27,1,0,0,1.4467483420598284,0.05
3355,153.47073223913156,16,1,0,0,1.2134260860454809,0.05
3356,15.31522322049235,200,0,0,1,2.655466814758763,0.05
3357,236.9011601232951,41,1,0,0,1.4483051203433324,0.05
3358,202.17812492045584,29,1,0,0,1.4651290745893526,0.05
3359,195.35123559833863,23,1,0,0,1.222153332180023,0.05
3360,231.81411943641132,43,1,0,0,1.3355033105995604,0.05
3361,159.75779858463096,24,1,0,0,1.322333207542461,0.05
3362,187.53842474565494,27,1,0,0,1.3384427749368664,0.05
3363,170.15240344438786,29,1,0,0,1.4457645008360978,0.05
3364,189.36430300361957,53,1,0,0,1.4991141094989302,0.05
3365,152.83298869033567,16,1,0,0,1.3367973063032184,0.05
3366,127.08101746198733,124,1,0,0,1.3092351612188375,0.05
3367,225.82496527500587,38,1,0,0,1.4913148270911674,0.05
3368,149.64849732602676,26,1,0,0,1.3308798938181279,0.05
3369,158.35507121117615,19,1,0,0,1.3573496378857408,0.05
3370,177.09464664416925,25,1,0,0,1.2049055720614184,0.05
3371,148.92815985678487,21,1,0,0,1.346101977211741,0.05
3372,181.5407283279996,27,1,0,0,1.4927246750493044,0.05
3373,180.43807943883317,26,1,0,0,1.248770060750873,0.05
3374,251.2364860546322,47,1,0,0,1.4462243690977752,0.05
3375,179.20565950543542,27,1,0,0,1.4368740525222852,0.05
3376,57.72126874929148,200,0,0,1,3.5914604226016817,0.05
3377,163.29341947424513,22,1,0,0,1.2828736899938908,0.05
3378,198.62976026759546,33,1,0,0,1.326663350716062,0.05
3379,169.50184568166515,25,1,0,0,1.4876066941619426,0.05
3380,189.5966562921592,28,1,0,0,1.3831497244751363,0.05
3381,124.75476342155018,13,1,0,0,1.4311773669850232,0.05
3382,206.2139304008164,28,1,0,0,1.4330770777041342,0.05
3383,176.54898172364474,21,1,0,0,1.4317335009916217,0.05
3384,205.37464440843772,36,1,0,0,1.4265800512491091,0.05
3385,160.25930042015398,76,1,0,0,1.4962543725378503,0.05
3386,188.6064459808287,28,1,0,0,1.4900736373329875,0.05
3387,184.67622617761342,27,1,0,0,1.4579652310334326,0.05
3388,108.84837540379151,3,1,0,0,1.2649223082288215,0.05
3389,153.78477614897582,25,1,0,0,1.3608238941791149,0.05
3390,192.93214864978327,28,1,0,0,1.2311916418737834,0.05
3391,107.49121208314443,7,1,0,0,1.4652958428957779,0.05
3392,194.27864341066976,36,1,0,0,1.3456985936461683,0.05
3393,173.41040700609554,25,1,0,0,1.3976538697572936,0.05
3394,258.0496777152156,50,1,0,0,1.4698373780363507,0.05
3395,186.56424063752414,28,1,0,0,1.2297375753136974,0.05
3396,222.37456454267056,44,1,0,0,1.3807220275543246,0.05
3397,179.00321417159904,21,1,0,0,1.4205389480901465,0.05
3398,188.37644921841797,25,1,0,0,1.4770811327169115,0.05
3399,180.09150870909866,24,1,0,0,1.259471632933621,0.05
3400,181.94921527414863,25,1,0,0,1.327519842068434,0.05
3401,162.47924493742096,19,1,0,0,1.2550325607963366,0.05
3402,191.61185325019608,29,1,0,0,1.461318426320298,0.05
3403,203.14368148032895,23,1,0,0,1.3499546168907424,0.05
3404,149.27968761821762,21,1,0,0,1.4022779974178787,0.05
3405,155.96006094506038,16,1,0,0,1.4685049603254237,0.05
3406,70.76267274021053,200,0,0,1,1.5871048601408477,0.05
3407,171.16962139537026,46,1,0,0,1.4919580363544325,0.05
3408,143.9986230568705,25,1,0,0,1.499796135990241,0.05
3409,150.86613441879626,21,1,0,0,1.4654365834593073,0.05
3410,185.76087923958892,36,1,0,0,1.3778315284752574,0.05
3411,151.27650453527085,13,1,0,0,1.4028749643119578,0.05
3412,246.21196349548836,45,1,0,0,1.4479399264172967,0.05
3413,220.25888303424082,36,1,0,0,1.395177159286356,0.05
3414,238.4052524823308,48,1,0,0,1.3750252610329508,0.05
3415,157.27501668008307,22,1,0,0,1.2867837614020137,0.05
3416,238.60894457428356,51,1,0,0,1.466686324275204,0.05
3417,162.05443264752506,20,1,0,0,1.138516417646096,0.05
3418,124.50887977820857,12,1,0,0,1.3839808621629013,0.05
3419,118.55543669198093,11,1,0,0,1.18252856338268,0.05
3420,255.34785964828396,51,1,0,0,1.493697807221203,0.05
3421,164.270169103345,85,1,0,0,1.3717661091163733,0.05
3422,173.91902819530907,28,1,0,0,1.332618963621983,0.05
3423,158.07005348227628,22,1,0,0,1.464255688484367,0.05
3424,156.87470474726877,22,1,0,0,1.4350491925332516,0.05
3425,131.22707423467895,18,1,0,0,1.3246570999393088,0.05
3426,155.9641714259048,15,1,0,0,1.4438988705491291,0.05
3427,30.38209744052933,200,0,0,1,2.0463947881170133,0.05
3428,139.8736441796775,22,1,0,0,1.3922357750798808,0.05
3429,248.55661303720834,44,1,0,0,1.4876774131593469,0.05
3430,185.42935941076323,31,1,0,0,1.4361484612505406,0.05
3431,191.59937336263562,34,1,0,0,1.3954576350846255,0.05
3432,228.1931142803934,37,1,0,0,1.3898261550447064,0.05
3433,160.6824049926721,31,1,0,0,1.3534785329351877,0.05
3434,178.5580442072768,26,1,0,0,1.17920970584607,0.05
3435,156.23591404819854,16,1,0,0,1.4807010050150278,0.05
3436,169.72452199271763,26,1,0,0,1.4751721027969271,0.05
3437,177.10524071443376,27,1,0,0,1.3729112261587857,0.05
3438,232.77006570752758,38,1,0,0,1.4976493164423816,0.05
3439,134.09529938824966,10,1,0,0,1.2476582442060102,0.05
3440,205.22984735279607,29,1,0,0,1.3435402385317428,0.05
3441,13.550127041286553,200,0,0,1,3.6344379861153446,0.05
3442,183.16714911143816,23,1,0,0,1.265336665898838,0.05
3443,218.0011399623081,39,1,0,0,1.3385100126631226,0.05
3444,142.07817830423642,13,1,0,0,1.3637402756627113,0.05
3445,180.54579322747924,29,1,0,0,1.3582753378161845,0.05
3446,146.4220016612395,16,1,0,0,1.2240327126945587,0.05
3447,161.95287770005885,28,1,0,0,1.3931922386568312,0.05
3448,159.70219754885704,24,1,0,0,1.4359264201951802,0.05
3449,125.02607992966738,15,1,0,0,1.4081287836807361,0.05
3450,158.24278579859015,20,1,0,0,1.4328206418987421,0.05
3451,188.35796364806555,27,1,0,0,1.442673001671243,0.05
3452,169.70326909213088,26,1,0,0,1.4753476286638127,0.05
3453,138.41234682040874,14,1,0,0,1.3433900945575354,0.05
3454,180.99788827303323,26,1,0,0,1.4867234340475737,0.05
3455,116.10827994406661,97,1,0,0,1.4979354250230987,0.05
3456,238.47660259374618,47,1,0,0,1.405481593677791,0.05
3457,66.22532474880843,200,0,0,1,2.4615371585632126,0.05
3458,175.25175808284595,23,1,0,0,1.2415374875290937,0.05
3459,133.05985035408312,15,1,0,0,1.4281455520571018,0.05
3460,225.66456747350753,40,1,0,0,1.4689616159197907,0.05
3461,174.5001115882597,22,1,0,0,1.383662175714633,0.05
3462,222.93922956804067,37,1,0,0,1.311081869463208,0.05
3463,152.66584293901377,21,1,0,0,1.2619041376270121,0.05
3464,180.02075847639463,25,1,0,0,1.3169983886596792,0.05
3465,170.1156774356468,18,1,0,0,1.4974011402614789,0.05
3466,-48.76352258748736,4,0,1,0,6.3399514302792666,0.05
3467,176.7025718703465,24,1,0,0,1.4226773566919877,0.05
3468,108.73521410550825,8,1,0,0,1.435152361177794,0.05
3469,170.07130240371367,21,1,0,0,1.1895950196693958,0.05
3470,127.31322627553769,19,1,0,0,1.469562388856898,0.05
3471,165.33355583599752,18,1,0,0,1.0546726179619192,0.05
3472,135.63962425203377,14,1,0,0,1.4034473323135899,0.05
3473,189.78160716481256,25,1,0,0,1.4171355197035274,0.05
3474,181.56683408937596,33,1,0,0,1.384323886175494,0.05
3475,162.78203305254527,17,1,0,0,1.4370648986609682,0.05
3476,163.6148622111376,22,1,0,0,1.3120321143883031,0.05
3477,133.2449001221358,19,1,0,0,1.3422363762583933,0.05
3478,191.7529251586049,25,1,0,0,1.264346421364773,0.05
3479,199.5968898692819,36,1,0,0,1.1796374768611866,0.05
3480,204.3232113057742,67,1,0,0,1.4609903112907,0.05
3481,156.28559258981306,23,1,0,0,1.3533797867941602,0.05
3482,196.8036841802651,35,1,0,0,1.4839055108094377,0.05
3483,209.78346141479938,41,1,0,0,1.4829667385007166,0.05
3484,181.0991554812558,106,1,0,0,1.4856716641855816,0.05
3485,133.42708118399014,12,1,0,0,1.1901056346839136,0.05
3486,157.25461329469707,18,1,0,0,1.4223705947825727,0.05
3487,157.07860044585948,20,1,0,0,1.3057725878008586,0.05
3488,176.920814617793,21,1,0,0,1.170312767318344,0.05
3489,182.26133989318305,21,1,0,0,1.2107310667822497,0.05
3490,196.76576287886093,27,1,0,0,1.496007968332446,0.05
3491,109.68760264122852,5,1,0,0,1.3199043099383791,0.05
3492,143.4225928012099,16,1,0,0,1.4484356676336532,0.05
3493,182.12539872683556,31,1,0,0,1.3893271124580922,0.05
3494,152.35895299197418,17,1,0,0,1.3400979155299797,0.05
3495,243.37508254919047,47,1,0,0,1.4309382602475023,0.05
3496,222.78695296964025,43,1,0,0,1.476223429053796,0.05
3497,140.69507020249648,10,1,0,0,1.1350995309743146,0.05
3498,166.1808562629934,21,1,0,0,1.3193619387017168,0.05
3499,126.89357098165925,31,1,0,0,1.4979095136363094,0.05
3500,212.89558389875128,42,1,0,0,1.2563192267357013,0.05
3501,268.77141985994973,55,1,0,0,1.4237490574622926,0.05
3502,199.31385107575693,26,1,0,0,1.3830522362237196,0.05
3503,212.77173566480042,31,1,0,0,1.43170722105512,0.05
3504,163.31953608890495,17,1,0,0,1.4944729890200288,0.05
3505,176.21390068491976,22,1,0,0,1.47603837837024,0.05
3506,176.47988952791061,24,1,0,0,1.3845316784860622,0.05
3507,188.5267295694623,31,1,0,0,1.3493489024188101,0.05
3508,143.04869167084254,15,1,0,0,1.4770307982442805,0.05
3509,260.1792576974001,61,1,0,0,1.4788149028506021,0.05
3510,200.1408112393326,27,1,0,0,1.4233534161891872,0.05
3511,145.22220653585234,20,1,0,0,1.4086276108661544,0.05
3512,157.38788622429036,15,1,0,0,1.3714170077625565,0.05
3513,121.29726582796334,8,1,0,0,1.214958683478179,0.05
3514,154.47576208563586,41,1,0,0,1.4041064827661462,0.05
3515,161.27938101089393,23,1,0,0,1.301481044885244,0.05
3516,165.38246006445507,15,1,0,0,1.4602550896109538,0.05
3517,139.797850371891,26,1,0,0,1.371594137877638,0.05
3518,149.28354014825584,59,1,0,0,1.2527857382674876,0.05
3519,159.8191168206454,19,1,0,0,1.2771817148740177,0.05
3520,178.7679702359162,28,1,0,0,1.3753789675313224,0.05
3521,178.63998130174366,25,1,0,0,1.2366829449225072,0.05
3522,153.50082317650737,24,1,0,0,1.4090028702815172,0.05
3523,235.8194865065453,42,1,0,0,1.456001368385689,0.05
3524,129.22663916454212,12,1,0,0,1.1930209623375063,0.05
3525,190.60821452415047,25,1,0,0,1.4437720916434822,0.05
3526,140.50872066411966,18,1,0,0,1.1938103419425266,0.05
3527,185.43801497508446,109,1,0,0,1.4847087635607878,0.05
3528,137.89998501869638,12,1,0,0,1.4064810648826664,0.05
3529,181.92064028689322,23,1,0,0,1.3040859590670586,0.05
3530,193.59151468088191,30,1,0,0,1.485573403724668,0.05
3531,246.57240223697576,47,1,0,0,1.3989141918554986,0.05
3532,155.82597428707092,20,1,0,0,1.2817751498353684,0.05
3533,125.70634553868362,14,1,0,0,1.4922630370507104,0.05
3534,170.7718376918501,18,1,0,0,1.2343236472326498,0.05
3535,208.2288606559871,34,1,0,0,1.3033615375044159,0.05
3536,134.09827594504364,16,1,0,0,1.2278553379672905,0.05
3537,168.50905290488993,20,1,0,0,1.4231121596307363,0.05
3538,171.72580478832487,26,1,0,0,1.4990145827468677,0.05
3539,227.66718338667476,39,1,0,0,1.4165316931632466,0.05
3540,192.70372968205322,23,1,0,0,1.337825383919656,0.05
3541,157.8145499571689,20,1,0,0,1.4073501680722593,0.05
3542,207.15863449293914,35,1,0,0,1.34428887435216,0.05
3543,178.70289442442134,25,1,0,0,1.2676678235705292,0.05
3544,155.15577806838172,21,1,0,0,1.4065918447765497,0.05
3545,-50.0,1,0,1,0,4.733234961601527,0.05
3546,147.59983001450883,38,1,0,0,1.2989651027664815,0.05
3547,153.27912373651324,23,1,0,0,1.3880051151799584,0.05
3548,157.2430949889575,30,1,0,0,1.251305049929492,0.05
3549,204.95016159643382,32,1,0,0,1.4367501488794807,0.05
3550,178.78065188670348,21,1,0,0,1.420112531737639,0.05
3551,195.21679855507858,33,1,0,0,1.412997316706374,0.05
3552,175.59008958505024,23,1,0,0,1.2008933326298752,0.05
3553,93.49261839377758,63,1,0,0,1.1329724215277321,0.05
3554,210.50723871187478,34,1,0,0,1.3868549436138193,0.05
3555,177.94537632593693,22,1,0,0,1.4886250416984486,0.05
3556,125.14620286447001,13,1,0,0,1.1286303198428593,0.05
3557,173.10768994285553,21,1,0,0,1.4994766105124158,0.05
3558,203.541522973148,28,1,0,0,1.3567213465060834,0.05
3559,139.5338655276512,17,1,0,0,1.2816907958631167,0.05
3560,218.5238597550307,42,1,0,0,1.3609730574812482,0.05
3561,135.29093094505632,23,1,0,0,1.30299303044712,0.05
3562,171.83664949233568,38,1,0,0,1.4358777652663555,0.05
3563,161.8840312018718,22,1,0,0,1.4310044830069206,0.05
3564,164.0430792127272,19,1,0,0,1.3558941355199527,0.05
3565,146.4156762479999,27,1,0,0,1.4390858285326462,0.05
3566,169.13985111140937,19,1,0,0,1.3126613140424739,0.05
3567,140.94795703826674,17,1,0,0,1.3945068173177249,0.05
3568,192.05572810182372,33,1,0,0,1.2490940830735684,0.05
3569,231.02480569645755,38,1,0,0,1.3828937817516684,0.05
3570,-50.0,1,0,1,0,5.5695301620365525,0.05
3571,133.45891863020353,111,1,0,0,1.4966129679584328,0.05
3572,116.98752984470282,5,1,0,0,1.4271919465165452,0.05
3573,194.4625136210216,29,1,0,0,1.3613277176508505,0.05
3574,9.299701089566605,200,0,0,1,2.540118879241685,0.05
3575,179.51930007740887,25,1,0,0,1.34772522512217,0.05
3576,214.74917885593345,39,1,0,0,1.490653592975445,0.05
3577,203.0239344541879,26,1,0,0,1.3998343293108388,0.05
3578,171.674198780725,25,1,0,0,1.3177886467849975,0.05
3579,135.46302317616045,18,1,0,0,1.3708974353998875,0.05
3580,198.15298713165936,34,1,0,0,1.4133099943192011,0.05
3581,139.5810847569336,20,1,0,0,1.4895603434455533,0.05
3582,115.6512708305153,58,1,0,0,1.461006478072129,0.05
3583,154.9776706937423,20,1,0,0,1.3763765918416084,0.05
3584,167.60590606794506,19,1,0,0,1.1965966464950657,0.05
3585,170.68053389860222,22,1,0,0,1.4273305445853306,0.05
3586,119.20121305726026,17,1,0,0,1.469625509353697,0.05
3587,215.04312195683775,28,1,0,0,1.3518860782530007,0.05
3588,228.5874390262321,40,1,0,0,1.3682268217862859,0.05
3589,159.8865494314421,20,1,0,0,1.1978416097840732,0.05
3590,162.76270139451026,23,1,0,0,1.3559200009992471,0.05
3591,149.4052172276479,19,1,0,0,1.3218628634101703,0.05
3592,152.9447678717791,19,1,0,0,1.42654185556184,0.05
3593,211.90310948068307,33,1,0,0,1.4833552160657868,0.05
3594,166.53724790418704,20,1,0,0,1.456500711157209,0.05
3595,183.5548014141791,32,1,0,0,1.3534275528690698,0.05
3596,239.34178136602938,48,1,0,0,1.498170583802226,0.05
3597,147.97233617386047,20,1,0,0,1.473953752624041,0.05
3598,159.8933853056032,23,1,0,0,1.2539585620861688,0.05
3599,151.72123272546395,19,1,0,0,1.30267595496747,0.05
3600,168.85911053436888,23,1,0,0,1.0863892756453122,0.05
3601,167.3327402193891,25,1,0,0,1.1326507963004018,0.05
3602,213.32222788149392,44,1,0,0,1.474822321727768,0.05
3603,219.9205713963047,37,1,0,0,1.4929252703168836,0.05
3604,190.42317784288332,27,1,0,0,1.4320129711880993,0.05
3605,251.6503275637925,52,1,0,0,1.425857288959701,0.05
3606,175.9656337750785,23,1,0,0,1.3116478892498125,0.05
3607,183.22485593539258,23,1,0,0,1.482177384722199,0.05
3608,126.70954298886264,19,1,0,0,1.4250612533038856,0.05
3609,44.045614799922305,200,0,0,1,2.8597320605270604,0.05
3610,230.00924838854172,42,1,0,0,1.414387814727343,0.05
3611,213.5244679151034,33,1,0,0,1.3334131560687938,0.05
3612,195.18581292683479,25,1,0,0,1.3995543315930887,0.05
3613,133.14126248377394,9,1,0,0,1.1227824426475188,0.05
3614,138.47749857975032,25,1,0,0,1.3757233686875514,0.05
3615,150.5498129150751,20,1,0,0,1.1702206230796843,0.05
3616,235.53093479473736,46,1,0,0,1.4560628269226172,0.05
3617,171.47674961743587,26,1,0,0,1.342700499764191,0.05
3618,176.24848536588811,28,1,0,0,1.2803094386295872,0.05
3619,174.93254616509222,20,1,0,0,1.4246654876206901,0.05
3620,153.4143789389002,16,1,0,0,1.3398369895363174,0.05
3621,-50.0,1,0,1,0,3.6610100717788296,0.05
3622,168.57167105120442,22,1,0,0,1.2891509775889387,0.05
3623,162.40910727464495,23,1,0,0,1.3450024250904458,0.05
3624,171.8644343218486,21,1,0,0,1.24446802111594,0.05
3625,191.86505484782992,30,1,0,0,1.3042099393579185,0.05
3626,165.01848520186584,24,1,0,0,1.2575353944599998,0.05
3627,171.41458361593587,29,1,0,0,1.4027226399690422,0.05
3628,156.20266426204353,17,1,0,0,1.3432550605563716,0.05
3629,196.23097652708321,52,1,0,0,1.4991782388433783,0.05
3630,202.00904045669475,34,1,0,0,1.4678912363500185,0.05
3631,218.05678539101,37,1,0,0,1.4975785592485231,0.05
3632,170.63559552935715,20,1,0,0,1.4947166974003385,0.05
3633,166.74355966210933,24,1,0,0,1.4958775545073881,0.05
3634,171.9013087682742,25,1,0,0,1.4016910276392025,0.05
3635,134.68080225890404,23,1,0,0,1.3581189175129107,0.05
3636,200.54629831904356,33,1,0,0,1.4285628000868997,0.05
3637,172.60826941078398,170,1,0,0,1.4454624760199941,0.05
3638,136.14125135053212,21,1,0,0,1.337047881395867,0.05
3639,151.0718743945154,16,1,0,0,1.2601552327974392,0.05
3640,167.30939237308138,21,1,0,0,1.2210062598831668,0.05
3641,167.59077438964664,24,1,0,0,1.3247324196827612,0.05
3642,147.65447062514843,18,1,0,0,1.3305021696497472,0.05
3643,-50.0,1,0,1,0,3.833550473107291,0.05
3644,193.5811170838269,119,1,0,0,1.4882104342649423,0.05
3645,227.94561140170737,40,1,0,0,1.4946331841812075,0.05
3646,123.335723443419,157,1,0,0,1.4581124019735259,0.05
3647,212.38464471908253,37,1,0,0,1.4572319173013712,0.05
3648,-50.0,1,0,1,0,3.5504862215016413,0.05
3649,-3.7449408710366296,200,0,0,1,3.173660211119459,0.05
3650,179.4166025536876,28,1,0,0,1.3521797588337332,0.05
3651,156.5756173914039,20,1,0,0,1.4977005120457958,0.05
3652,123.00139451936927,9,1,0,0,1.3336019579972846,0.05
3653,120.87803027338211,12,1,0,0,1.4818490495699763,0.05
3654,190.3584811802208,27,1,0,0,1.2623998404324566,0.05
3655,181.71027741938676,34,1,0,0,1.4959823134555172,0.05
3656,159.5109933260399,21,1,0,0,1.393515384658339,0.05
3657,160.3772435530322,19,1,0,0,1.3814293591031044,0.05
3658,219.0505661190267,35,1,0,0,1.4566902832890138,0.05
3659,15.369116445336827,200,0,0,1,2.292903987919503,0.05
3660,187.90974836782186,23,1,0,0,1.3884352238983408,0.05
3661,265.5074464995875,48,1,0,0,1.4394432557230954,0.05
3662,207.25907237531013,39,1,0,0,1.330164519010438,0.05
3663,156.63039987050595,200,0,0,1,2.076818976125159,0.05
3664,146.2062449713256,18,1,0,0,1.485988060924612,0.05
3665,147.49751886114538,15,1,0,0,1.2561857122448448,0.05
3666,195.6120393257484,30,1,0,0,1.480526264128568,0.05
3667,149.13146346330865,28,1,0,0,1.4330922915838007,0.05
3668,150.565045800717,20,1,0,0,1.468155258633542,0.05
3669,183.58628218171287,25,1,0,0,1.3566230473344179,0.05
3670,165.1165435124438,30,1,0,0,1.2734155086853793,0.05
3671,185.98881246526352,21,1,0,0,1.409795858219966,0.05
3672,158.7124020914871,28,1,0,0,1.1918841540363445,0.05
3673,-50.0,1,0,1,0,5.971384084464328,0.05
3674,182.34946632014632,26,1,0,0,1.4590403152798785,0.05
3675,175.40696893153643,27,1,0,0,1.3171768140621731,0.05
3676,24.488371011276993,200,0,0,1,2.6176372512178916,0.05
3677,-6.599830840282292,200,0,0,1,2.441789134050737,0.05
3678,178.29178270913212,22,1,0,0,1.4169701227215044,0.05
3679,178.17495087765712,27,1,0,0,1.172495993933371,0.05
3680,172.64260650633332,24,1,0,0,1.267564803518204,0.05
3681,164.4054204834067,33,1,0,0,1.4568908321409872,0.05
3682,192.0092860566499,30,1,0,0,1.1863658736469131,0.05
3683,180.42368446719757,27,1,0,0,1.2849140339507572,0.05
3684,160.86879169222914,25,1,0,0,1.4769765554476624,0.05
3685,182.45769112664425,25,1,0,0,1.3279422554241296,0.05
3686,212.1555006166864,36,1,0,0,1.3311778402844798,0.05
3687,108.98937414995828,81,1,0,0,1.4644317715033315,0.05
3688,156.33702188223197,54,1,0,0,1.4956149720517675,0.05
3689,175.08259356342498,68,1,0,0,1.4801283101516827,0.05
3690,159.09903290903415,24,1,0,0,1.4800024425281257,0.05
3691,177.6587302932982,23,1,0,0,1.2720446433033512,0.05
3692,203.04613191742027,35,1,0,0,1.4105492124118704,0.05
3693,171.6217566474594,26,1,0,0,1.414076714474399,0.05
3694,146.75001950567517,18,1,0,0,1.494687709608242,0.05
3695,140.0583163117482,13,1,0,0,1.42229601008196,0.05
3696,167.8728818185895,18,1,0,0,1.3918874988794556,0.05
3697,168.45500010160077,25,1,0,0,1.3955167957578922,0.05
3698,160.8300679424274,22,1,0,0,1.2475137809026897,0.05
3699,136.19020203186892,9,1,0,0,1.4663170513496528,0.05
3700,-50.0,1,0,1,0,1.975553592430618,0.05
3701,144.3085052377963,14,1,0,0,1.4251793547379297,0.05
3702,136.12416450661811,17,1,0,0,1.4147318872022008,0.05
3703,175.36894282061508,24,1,0,0,1.2722794697193955,0.05
3704,9.616773398791402,17,0,1,0,2.870166610494546,0.05
3705,201.45214628011885,88,1,0,0,1.466752460157376,0.05
3706,169.19119651878054,22,1,0,0,1.428750048914241,0.05
3707,247.9451321144883,45,1,0,0,1.331963723953689,0.05
3708,156.17849383566033,22,1,0,0,1.3622691957916533,0.05
3709,132.61997799985232,16,1,0,0,1.3241745552615134,0.05
3710,197.83660108535332,28,1,0,0,1.44564701947234,0.05
3711,182.57792990784307,23,1,0,0,1.1448089538721617,0.05
3712,169.7501229997274,20,1,0,0,1.200808748507258,0.05
3713,121.65474191346895,8,1,0,0,1.1510694318639092,0.05
3714,173.90266014514577,26,1,0,0,1.1875911815741842,0.05
3715,152.8097634109427,16,1,0,0,1.4373426823777713,0.05
3716,167.3808238602096,24,1,0,0,1.3253215558919251,0.05
3717,188.1890007415009,22,1,0,0,1.4719383129507695,0.05
3718,178.55715822457503,48,1,0,0,1.4619314573509832,0.05
3719,187.46643134812732,27,1,0,0,1.3719569592608623,0.05
3720,160.61718502154167,22,1,0,0,1.4068661337087636,0.05
3721,185.06487425256557,21,1,0,0,1.3864781947588791,0.05
3722,177.15244288788023,29,1,0,0,1.4109498665217957,0.05
3723,159.56163001191248,21,1,0,0,1.4266427249368847,0.05
3724,181.55122957334908,29,1,0,0,1.3210678378949914,0.05
3725,219.73214906938534,38,1,0,0,1.4323007382710857,0.05
3726,224.27218281272627,46,1,0,0,1.3904657762423864,0.05
3727,146.6145639815859,15,1,0,0,1.4889193829269387,0.05
3728,246.23446672561826,47,1,0,0,1.4522792962104476,0.05
3729,165.5998808297919,27,1,0,0,1.400828525838362,0.05
3730,165.85487278671758,90,1,0,0,1.4745005541141127,0.05
3731,155.1774302708717,15,1,0,0,1.4163861108154197,0.05
3732,125.3208546694499,11,1,0,0,1.4168402021999764,0.05
3733,110.68786386364751,7,1,0,0,1.2480856578697432,0.05
3734,157.95006875606148,22,1,0,0,1.4552919835887426,0.05
3735,190.11451484067422,20,1,0,0,1.4978723877497342,0.05
3736,145.49689045476276,23,1,0,0,1.4108319352211425,0.05
3737,189.4524106297127,33,1,0,0,1.2646813220028867,0.05
3738,177.90577762305804,21,1,0,0,1.2301608767304708,0.05
3739,199.77262105329737,29,1,0,0,1.4559380415288457,0.05
3740,155.4065472278558,19,1,0,0,1.1578465200985508,0.05
3741,142.70119429741771,15,1,0,0,1.353560506070144,0.05
3742,177.52704105396185,36,1,0,0,1.42069975181569,0.05
3743,172.0757745994328,19,1,0,0,1.4671696155171716,0.05
3744,186.35747846846465,23,1,0,0,1.2677392701260306,0.05
3745,169.65711190435806,21,1,0,0,1.296023521241787,0.05
3746,139.89705290533243,19,1,0,0,1.2842519198111313,0.05
3747,157.35574480275326,19,1,0,0,1.3253723656381262,0.05
3748,177.21351742914237,22,1,0,0,1.3599140625717163,0.05
3749,123.23687980303683,6,1,0,0,1.123100995776101,0.05
3750,183.49400261209666,25,1,0,0,1.433774746257125,0.05
3751,149.9379232274249,18,1,0,0,1.2775165825575847,0.05
3752,183.18408623236098,24,1,0,0,1.375311070719389,0.05
3753,11.047671085564605,200,0,0,1,2.586919834139978,0.05
3754,158.20197657890057,21,1,0,0,1.410268892915686,0.05
3755,158.88406622009353,66,1,0,0,1.497332322534735,0.05
3756,53.23447879205142,200,0,0,1,1.9880897555943242,0.05
3757,192.7819904995416,33,1,0,0,1.4978108142417648,0.05
3758,168.10453046600855,24,1,0,0,1.380637105414513,0.05
3759,189.09000236202598,28,1,0,0,1.3925527591840818,0.05
3760,183.74078608969089,25,1,0,0,1.486059522039714,0.05
3761,155.62371338484598,17,1,0,0,1.2554878522823096,0.05
3762,195.40146256329894,32,1,0,0,1.2665569890857833,0.05
3763,157.02026940951288,22,1,0,0,1.1801157937769733,0.05
3764,211.14839168974453,30,1,0,0,1.4155792991581249,0.05
3765,154.81385802124322,22,1,0,0,1.4087612655674486,0.05
3766,172.6639653793815,30,1,0,0,1.4705752748448535,0.05
3767,147.70415190951996,22,1,0,0,1.4374494856932745,0.05
3768,250.4835703498492,50,1,0,0,1.34893885544214,0.05
3769,190.57568634666188,30,1,0,0,1.2930882060190936,0.05
3770,170.25127129035798,22,1,0,0,1.4626162371285607,0.05
3771,167.44345172132756,19,1,0,0,1.152606577064566,0.05
3772,125.9266123219233,8,1,0,0,1.4673591149288945,0.05
3773,156.20829686119208,25,1,0,0,1.4811167566760677,0.05
3774,182.72097737104085,26,1,0,0,1.4099398561684944,0.05
3775,154.0388926104948,21,1,0,0,1.427379651857521,0.05
3776,159.40535462502402,23,1,0,0,1.408558365176311,0.05
3777,261.5759305387123,55,1,0,0,1.4785983347005587,0.05
3778,205.88138507928358,32,1,0,0,1.319432717005704,0.05
3779,180.53906869607096,25,1,0,0,1.3136201856441256,0.05
3780,143.45701187269782,69,1,0,0,1.4403105377531642,0.05
3781,176.02225951171772,20,1,0,0,1.4893120624516016,0.05
3782,181.38880448104766,24,1,0,0,1.4860960817918172,0.05
3783,158.41937448493184,51,1,0,0,1.494189773034767,0.05
3784,200.93464226398788,30,1,0,0,1.4146032457996278,0.05
3785,111.31799759693955,4,1,0,0,1.078714582149992,0.05
3786,126.91301958993819,13,1,0,0,1.2430007314200817,0.05
3787,240.6856211378099,48,1,0,0,1.4499316491076812,0.05
3788,151.6657478044382,20,1,0,0,1.3306946065548946,0.05
3789,178.92866466309,22,1,0,0,1.1808678442255867,0.05
3790,125.08985093748866,16,1,0,0,1.2746662823919999,0.05
3791,164.96453220187692,26,1,0,0,1.2692580607690067,0.05
3792,170.77934985357714,30,1,0,0,1.4046249754554738,0.05
3793,107.56736290777937,3,1,0,0,1.3055020539175548,0.05
3794,232.2311566825201,46,1,0,0,1.3850608571637724,0.05
3795,155.58983767240858,21,1,0,0,1.4646205495532771,0.05
3796,176.92204326760984,23,1,0,0,1.4236139420641862,0.05
3797,177.54016574790796,47,1,0,0,1.4532920869454686,0.05
3798,181.36118567697616,32,1,0,0,1.3833599685745888,0.05
3799,156.5239826937237,20,1,0,0,1.4252607963892285,0.05
3800,222.68356629562444,38,1,0,0,1.2775656342445714,0.05
3801,146.36514211247928,14,1,0,0,1.3650578835715763,0.05
3802,177.79815953446152,21,1,0,0,1.239810849436298,0.05
3803,140.94945217236892,19,1,0,0,1.1842405070516342,0.05
3804,239.83555109099834,49,1,0,0,1.4972094094077844,0.05
3805,-50.0,1,0,1,0,3.9325445973152595,0.05
3806,193.0365245031963,32,1,0,0,1.4892292783540533,0.05
3807,177.86377075419597,130,1,0,0,1.493205307003325,0.05
3808,199.66918188423688,29,1,0,0,1.3560138797195915,0.05
3809,187.06945101620923,26,1,0,0,1.36768332355127,0.05
3810,197.43556964716407,29,1,0,0,1.3286289737609824,0.05
3811,266.6722832587968,52,1,0,0,1.4111798837222318,0.05
3812,166.86466395682442,21,1,0,0,1.4925691713697262,0.05
3813,182.76020071113007,25,1,0,0,1.2036162063716884,0.05
3814,184.65929937961437,23,1,0,0,1.3091814291672563,0.05
3815,159.64393752623417,46,1,0,0,1.3779063795344992,0.05
3816,185.20011562750454,22,1,0,0,1.144133534234077,0.05
3817,197.34608796602475,52,1,0,0,1.488095892679388,0.05
3818,-50.0,1,0,1,0,6.250208030850278,0.05
3819,154.40360747061015,19,1,0,0,1.4211867724195995,0.05
3820,-50.0,1,0,1,0,3.668593444605821,0.05
3821,220.2812047276139,39,1,0,0,1.4577953877305674,0.05
3822,183.43965214523394,29,1,0,0,1.3691220335600314,0.05
3823,182.19882773930266,56,1,0,0,1.4683379408936492,0.05
3824,162.64060117403395,27,1,0,0,1.223843322965066,0.05
3825,181.52978454914322,28,1,0,0,1.4948603206458286,0.05
3826,181.20423157617415,25,1,0,0,1.2554172627005191,0.05
3827,161.08268201967974,20,1,0,0,1.4478396201715005,0.05
3828,165.16928820239747,19,1,0,0,1.4318248129793363,0.05
3829,126.38531795558715,10,1,0,0,1.1756625689496665,0.05
3830,159.3355881029837,19,1,0,0,1.4696861805395163,0.05
3831,148.50687055706723,23,1,0,0,1.4066079643004852,0.05
3832,186.7550494445802,27,1,0,0,1.464591171766629,0.05
3833,182.6098437060214,28,1,0,0,1.472217988901242,0.05
3834,136.23517418660987,14,1,0,0,1.3301355947959193,0.05
3835,154.90265425226957,28,1,0,0,1.4418521427279685,0.05
3836,184.027657391967,21,1,0,0,1.4051975416862084,0.05
3837,166.623845262852,21,1,0,0,1.4696074523279763,0.05
3838,111.62176992731163,15,1,0,0,1.3528339526706756,0.05
3839,168.36093924472044,21,1,0,0,1.3610512134203707,0.05
3840,165.4406736241149,23,1,0,0,1.2168891351207303,0.05
3841,152.15995538681233,26,1,0,0,1.4637528793696473,0.05
3842,136.5609632214237,13,1,0,0,1.379427417478892,0.05
3843,156.70213583412237,22,1,0,0,1.3215696495058438,0.05
3844,168.4149197519647,21,1,0,0,1.445937570802546,0.05
3845,180.21752150355718,31,1,0,0,1.3474856734162188,0.05
3846,194.14543377466464,84,1,0,0,1.441071950359157,0.05
3847,228.99342206976294,40,1,0,0,1.4579761643053795,0.05
3848,174.44998355598648,22,1,0,0,1.436087077475987,0.05
3849,206.93137430704212,29,1,0,0,1.3640012046397527,0.05
3850,174.3953459701192,24,1,0,0,1.4655969473579484,0.05
3851,165.0283248628436,54,1,0,0,1.4448307971981817,0.05
3852,245.14630349887832,49,1,0,0,1.3656129351786852,0.05
3853,273.49565200217484,52,1,0,0,1.4726857196691947,0.05
3854,155.99774922337565,25,1,0,0,1.49375199510429,0.05
3855,179.22387593653892,24,1,0,0,1.3302331562406589,0.05
3856,160.8858579895155,20,1,0,0,1.4529803699616965,0.05
3857,150.2916569651104,20,1,0,0,1.427747505807506,0.05
3858,158.63408832894856,22,1,0,0,1.2743363547575386,0.05
3859,179.9689364478404,31,1,0,0,1.4824063324312409,0.05
3860,186.1333351385422,27,1,0,0,1.4616195327888302,0.05
3861,161.1797680664302,35,1,0,0,1.4681022969312463,0.05
3862,135.80812742509127,43,1,0,0,1.4939106465246335,0.05
3863,-50.0,1,0,1,0,4.03955579342972,0.05
3864,160.66612718521606,19,1,0,0,1.4932769876145493,0.05
3865,208.1573070538381,78,1,0,0,1.467927072884916,0.05
3866,247.977467397004,44,1,0,0,1.4569732631241554,0.05
3867,0.6510501564532922,200,0,0,1,4.059753174212237,0.05
3868,166.83057785673356,18,1,0,0,1.3119919899413275,0.05
3869,170.503435371948,22,1,0,0,1.2577824187391775,0.05
3870,156.39192729657216,18,1,0,0,1.3544407200703283,0.05
3871,191.66925154405354,23,1,0,0,1.470005267013803,0.05
3872,109.87434438927546,14,1,0,0,1.4030894661652304,0.05
3873,178.8530267575403,33,1,0,0,1.4397003140486195,0.05
3874,144.6759661527299,78,1,0,0,1.4810141426126708,0.05
3875,186.55822330313333,26,1,0,0,1.3665188251404123,0.05
3876,-50.0,1,0,1,0,7.511694984474342,0.05
3877,167.23140433943786,19,1,0,0,1.1370909911914004,0.05
3878,144.29043504764553,19,1,0,0,1.3901758830741846,0.05
3879,158.1942372901897,22,1,0,0,1.4247832908715312,0.05
3880,16.086990709989937,200,0,0,1,2.56595256358618,0.05
3881,171.9380379045291,22,1,0,0,1.3265266653902312,0.05
3882,168.6955498338222,20,1,0,0,1.1554259335652102,0.05
3883,141.97771789907586,16,1,0,0,1.4983199378653715,0.05
3884,168.03726908129642,27,1,0,0,1.4488461013140264,0.05
3885,181.00561497530055,37,1,0,0,1.3280183787923605,0.05
3886,177.34136048311785,22,1,0,0,1.3823879277476399,0.05
3887,158.95446548221256,21,1,0,0,1.3849121209624269,0.05
3888,152.74312513432974,21,1,0,0,1.4812572893688656,0.05
3889,149.89880348514322,20,1,0,0,1.0388214926283885,0.05
3890,259.12841745640185,58,1,0,0,1.4882283180414004,0.05
3891,137.8306689801065,70,1,0,0,1.44884586656416,0.05
3892,226.2179815769389,73,1,0,0,1.365420090780201,0.05
3893,161.7453268601225,25,1,0,0,1.2913181191469678,0.05
3894,174.8880948088364,24,1,0,0,1.373998857786653,0.05
3895,185.3970630422516,20,1,0,0,1.3588619161984805,0.05
3896,132.47872320066125,11,1,0,0,1.1560002168108205,0.05
3897,223.28291886494486,43,1,0,0,1.488816085907456,0.05
3898,201.34120979906686,30,1,0,0,1.3744332658830507,0.05
3899,200.74080893823862,40,1,0,0,1.4949389778223676,0.05
3900,221.0110320711286,38,1,0,0,1.4474699095039805,0.05
3901,165.87326868243193,20,1,0,0,1.382331605840713,0.05
3902,194.8330897751564,46,1,0,0,1.3770454789078976,0.05
3903,175.9493882636892,25,1,0,0,1.2471165113696958,0.05
3904,130.72110092354544,44,1,0,0,1.4772870824467588,0.05
3905,168.53678985681682,22,1,0,0,1.2016776832930607,0.05
3906,188.80714862265702,27,1,0,0,1.2899860724876864,0.05
3907,180.22946639139158,28,1,0,0,1.4071341232554904,0.05
3908,151.5659497770684,74,1,0,0,1.3150478957905583,0.05
3909,-50.174970804654045,3,0,1,0,5.358385920773676,0.05
3910,162.37109673983,23,1,0,0,1.378876871672532,0.05
3911,179.87514312321213,22,1,0,0,1.3785063991972215,0.05
3912,199.37592734276404,39,1,0,0,1.4276831836882036,0.05
3913,153.8834679216817,23,1,0,0,1.337715601073858,0.05
3914,168.21482081991718,26,1,0,0,1.2407305636618446,0.05
3915,151.8215970359184,24,1,0,0,1.3096418695509926,0.05
3916,174.32404897828943,23,1,0,0,1.3398158426583207,0.05
3917,7.00151046987059,200,0,0,1,5.439318694068254,0.05
3918,157.97164663698643,31,1,0,0,1.2751287581373765,0.05
3919,177.42859396025295,22,1,0,0,1.344049769123366,0.05
3920,166.30174916351336,16,1,0,0,1.362207577416736,0.05
3921,185.0870764969484,25,1,0,0,1.2968251258772583,0.05
3922,168.7863024439391,21,1,0,0,1.2962536950509258,0.05
3923,191.78157930921654,25,1,0,0,1.391089507674165,0.05
3924,167.75893840644994,23,1,0,0,1.36319419613129,0.05
3925,154.44724215910205,21,1,0,0,1.3013452484330088,0.05
3926,197.95445775913595,25,1,0,0,1.267032761218927,0.05
3927,158.76897729723072,19,1,0,0,1.4519306505170617,0.05
3928,148.62296554633778,17,1,0,0,1.3316924515437862,0.05
3929,143.64232922449938,43,1,0,0,1.3723525860853496,0.05
3930,164.21633382527648,19,1,0,0,1.128599887764853,0.05
3931,181.1984988476052,31,1,0,0,1.3841191917561004,0.05
3932,123.8489148469907,15,1,0,0,1.4047851753995524,0.05
3933,278.9948052198497,58,1,0,0,1.4633050142638342,0.05
3934,176.67348254024506,22,1,0,0,1.4933956759849496,0.05
3935,164.13771976063111,17,1,0,0,1.3107560683179404,0.05
3936,171.29031533420076,25,1,0,0,1.2743121614980042,0.05
3937,143.30709996388774,14,1,0,0,1.2472208541173129,0.05
3938,168.4507501605891,27,1,0,0,1.1573354447769018,0.05
3939,154.77721052969514,20,1,0,0,1.2668483034560125,0.05
3940,165.9870529483162,27,1,0,0,1.415201126228793,0.05
3941,195.6245753485074,31,1,0,0,1.4771301371156313,0.05
3942,160.83045404728318,55,1,0,0,1.48972036698287,0.05
3943,221.57429096366647,40,1,0,0,1.3505126736971511,0.05
3944,174.41740013342385,22,1,0,0,1.42848727128593,0.05
3945,175.79692091123866,23,1,0,0,1.2371360442372954,0.05
3946,247.34754191621172,47,1,0,0,1.4980175710666848,0.05
3947,253.45536120578174,55,1,0,0,1.497554932916458,0.05
3948,107.34773837063531,12,1,0,0,1.2509564168366665,0.05
3949,186.25745375745842,39,1,0,0,1.4540085946536543,0.05
3950,126.11886421395761,14,1,0,0,1.3607245482286752,0.05
3951,193.52666338294142,26,1,0,0,1.4117432591386048,0.05
3952,211.08629020727582,39,1,0,0,1.3164235803369082,0.05
3953,154.83083656867464,15,1,0,0,1.3227170925970073,0.05
3954,191.7713547464811,25,1,0,0,1.362619486190402,0.05
3955,186.41578451554994,30,1,0,0,1.4886777616838727,0.05
3956,189.32640786653798,52,1,0,0,1.4849066270136784,0.05
3957,180.4372205448688,18,1,0,0,1.1603767269743923,0.05
3958,97.91900518564404,7,1,0,0,1.4292364668285147,0.05
3959,212.95276897700734,39,1,0,0,1.468281679839788,0.05
3960,175.0699036193165,22,1,0,0,1.4919065675779586,0.05
3961,177.95220405286398,19,1,0,0,1.4303510685307448,0.05
3962,194.4259485852167,31,1,0,0,1.2100947830572295,0.05
3963,137.6301143456079,13,1,0,0,1.2248271345000814,0.05
3964,184.3876306695194,27,1,0,0,1.354107673061981,0.05
3965,180.7733185224992,22,1,0,0,1.2681329560969614,0.05
3966,160.17709167501403,20,1,0,0,1.4454770924345626,0.05
3967,123.71996307614529,16,1,0,0,1.4394094285976546,0.05
3968,123.6538603098041,15,1,0,0,1.3818548310645664,0.05
3969,154.1222506964989,15,1,0,0,1.3343961854339144,0.05
3970,171.09375062406014,24,1,0,0,1.4801550728476367,0.05
3971,171.08748239663748,25,1,0,0,1.3520601386868931,0.05
3972,175.736262051253,20,1,0,0,1.416402463289295,0.05
3973,192.18527916672872,32,1,0,0,1.4699075102535224,0.05
3974,161.35806479053832,52,1,0,0,1.491316697124704,0.05
3975,126.84308429501903,25,1,0,0,1.3788451572977896,0.05
3976,165.03595031086587,24,1,0,0,1.2971570392269693,0.05
3977,252.98767288464214,54,1,0,0,1.462980924392583,0.05
3978,160.8669561133255,17,1,0,0,1.0763250601689023,0.05
3979,146.80428761947965,18,1,0,0,1.299449794204445,0.05
3980,161.63485477112746,20,1,0,0,1.3747942049737794,0.05
3981,147.42449228225493,27,1,0,0,1.45045020877684,0.05
3982,195.1550475770281,28,1,0,0,1.3395861931578643,0.05
3983,153.10805210306194,22,1,0,0,1.3494593849850178,0.05
3984,218.1105868656599,42,1,0,0,1.3909689864535355,0.05
3985,125.63764301944899,21,1,0,0,1.123291598953502,0.05
3986,165.06599455939843,21,1,0,0,1.3324896127582162,0.05
3987,192.33364475080856,34,1,0,0,1.3413094371912442,0.05
3988,178.43673117340006,25,1,0,0,1.4202736212380378,0.05
3989,169.37065643624393,25,1,0,0,1.1037528299399333,0.05
3990,149.8671910298749,16,1,0,0,1.4341723319652606,0.05
3991,186.4799942949158,33,1,0,0,1.4294712528747684,0.05
3992,145.5726227434809,16,1,0,0,1.4987590804172246,0.05
3993,-6.416866255614418,200,0,0,1,1.7965827399755252,0.05
3994,210.19400966477696,27,1,0,0,1.4825710014708304,0.05
3995,179.02571214786508,22,1,0,0,1.4384168067379663,0.05
3996,188.54314076895287,29,1,0,0,1.2347052288796496,0.05
3997,96.51286227692742,200,0,0,1,2.915930173271834,0.05
3998,154.7108773672464,17,1,0,0,1.4514402767499799,0.05
3999,171.2420021285563,23,1,0,0,1.4237763215394592,0.05
4000,182.35810178975612,26,1,0,0,1.4296845232307067,0.05
4001,152.32070731552983,22,1,0,0,1.313149656853816,0.05
4002,205.7462355896302,38,1,0,0,1.4476022000952198,0.05
4003,164.40403698036903,23,1,0,0,1.4492279059208037,0.05
4004,168.54114314234477,27,1,0,0,1.2116113961620356,0.05
4005,115.92646831657466,125,1,0,0,1.4841986063529489,0.05
4006,206.4450645815213,26,1,0,0,1.3586290301522,0.05
4007,152.95745451164737,29,1,0,0,1.2827699830922297,0.05
4008,32.952279904860106,200,0,0,1,3.4107430511647223,0.05
4009,183.59500441440227,30,1,0,0,1.2839220287922588,0.05
4010,134.83279947015419,41,1,0,0,1.1317076805792599,0.05
4011,216.45745716856908,41,1,0,0,1.209932429893719,0.05
4012,176.6656421465512,24,1,0,0,1.3996113163099582,0.05
4013,204.83183013491015,34,1,0,0,1.3228562679041234,0.05
4014,20.343839663616986,200,0,0,1,3.1158386942096596,0.05
4015,178.52842010388838,23,1,0,0,1.4691064431038208,0.05
4016,187.6433768799119,24,1,0,0,1.3481076677405466,0.05
4017,165.39631227444812,23,1,0,0,1.4120278343650423,0.05
4018,188.07951661412113,24,1,0,0,1.1713494749565752,0.05
4019,157.25806283097944,93,1,0,0,1.444613210455262,0.05
4020,127.1555865222115,19,1,0,0,1.45079785970214,0.05
4021,181.58803194431187,26,1,0,0,1.4058858670765866,0.05
4022,170.2154658901132,22,1,0,0,1.4072248586561276,0.05
4023,171.05595432230592,41,1,0,0,1.4891062246012263,0.05
4024,173.52171563223783,22,1,0,0,1.2291292293172336,0.05
4025,161.11011133485164,26,1,0,0,1.4383096506888644,0.05
4026,155.3014735721478,24,1,0,0,1.4948544935461607,0.05
4027,106.13012865547746,3,1,0,0,1.1920451329415342,0.05
4028,176.76881399670717,23,1,0,0,1.4238754743100042,0.05
4029,213.32620906033276,37,1,0,0,1.2190032108521565,0.05
4030,160.14352085082962,17,1,0,0,1.376298709833007,0.05
4031,170.6274762438362,20,1,0,0,1.4294482043986203,0.05
4032,127.96876618060648,14,1,0,0,1.39260138221698,0.05
4033,187.82992440011793,27,1,0,0,1.263558340956924,0.05
4034,104.84883365169999,7,1,0,0,1.2135972577606795,0.05
4035,177.52050895969228,25,1,0,0,1.3675601211412007,0.05
4036,114.34823137996706,9,1,0,0,1.4075569415995568,0.05
4037,165.0841712726344,24,1,0,0,1.179215178868333,0.05
4038,188.4006927960886,24,1,0,0,1.3488504162602926,0.05
4039,185.38919884273082,35,1,0,0,1.4996189931200028,0.05
4040,120.48538475643187,14,1,0,0,1.183432325374302,0.05
4041,29.588695276161083,200,0,0,1,3.4252925213130374,0.05
4042,216.6057053912204,35,1,0,0,1.458824172346968,0.05
4043,276.2396765709901,58,1,0,0,1.4020846905521527,0.05
4044,172.66941317984032,23,1,0,0,1.3714256813506185,0.05
4045,166.4485475141085,23,1,0,0,1.4610322958140958,0.05
4046,176.63658269802843,25,1,0,0,1.399129285402099,0.05
4047,147.21139802856365,16,1,0,0,1.3181348863907483,0.05
4048,178.93367607252708,23,1,0,0,1.2662473543381165,0.05
4049,182.77287919674708,27,1,0,0,1.4713750625452326,0.05
4050,140.0922554652267,18,1,0,0,1.2520883679345667,0.05
4051,-50.0,1,0,1,0,5.279296407181958,0.05
4052,141.65841540459968,19,1,0,0,1.474179119185488,0.05
4053,151.54669040582897,17,1,0,0,1.2283931960916117,0.05
4054,235.06936186074114,167,1,0,0,1.4977291062468343,0.05
4055,157.8800310026206,18,1,0,0,1.1654106395072723,0.05
4056,193.59830755053906,31,1,0,0,1.2487125220915922,0.05
4057,-33.23957581641564,7,0,1,0,7.2423796863831065,0.05
4058,174.5278874317542,30,1,0,0,1.3672362367647597,0.05
4059,144.23473397993698,16,1,0,0,1.4715142412891475,0.05
4060,169.5006579454477,21,1,0,0,1.309089056330523,0.05
4061,154.6395117069136,19,1,0,0,1.2818006166072076,0.05
4062,114.8127234044836,8,1,0,0,1.3378376393391989,0.05
4063,160.91438758408881,25,1,0,0,1.440766808720895,0.05
4064,109.60291815719215,4,1,0,0,1.365217452148151,0.05
4065,180.40871144778822,120,1,0,0,1.2924906688008488,0.05
4066,140.50857180397193,23,1,0,0,1.2389990658301975,0.05
4067,163.2630461770904,21,1,0,0,1.3246010419028524,0.05
4068,174.22767725943976,24,1,0,0,1.4986151691239082,0.05
4069,172.95217786360232,23,1,0,0,1.4427389552281351,0.05
4070,184.3626036197174,25,1,0,0,1.3997348797502454,0.05
4071,137.81909964304157,15,1,0,0,1.1888797219760996,0.05
4072,194.50147997984345,28,1,0,0,1.3588601751509903,0.05
4073,134.15894447731853,19,1,0,0,1.4857450659781648,0.05
4074,190.71817420439822,23,1,0,0,1.4322266608543868,0.05
4075,154.98385647466108,33,1,0,0,1.2982940511358667,0.05
4076,170.34950967035843,19,1,0,0,1.4554348535236747,0.05
4077,180.37181472986873,21,1,0,0,1.1495632076997302,0.05
4078,95.28499821032858,114,1,0,0,1.4361857808805092,0.05
4079,1.8102666933999971,200,0,0,1,2.657399386712576,0.05
4080,63.80404275724628,200,0,0,1,2.4641355219639762,0.05
4081,160.72954579942171,19,1,0,0,1.183980203036227,0.05
4082,158.05977226861273,21,1,0,0,1.4028135442476088,0.05
4083,137.19557262994664,14,1,0,0,1.366338714611197,0.05
4084,188.9269982902129,25,1,0,0,1.2064176878963042,0.05
4085,184.22919948756947,25,1,0,0,1.427115028030197,0.05
4086,141.96337281423098,18,1,0,0,1.3406500374863612,0.05
4087,185.87130565950827,26,1,0,0,1.2308310613572109,0.05
4088,168.99211487533236,18,1,0,0,1.247949053345885,0.05
4089,136.2186015684298,14,1,0,0,1.216485487177118,0.05
4090,177.89810655329035,22,1,0,0,1.1057082973936596,0.05
4091,208.0979427646788,35,1,0,0,1.3535788206326937,0.05
4092,176.79675813018122,33,1,0,0,1.4215175901935206,0.05
4093,156.62100599814505,22,1,0,0,1.4302076084858084,0.05
4094,177.03360612345296,19,1,0,0,1.2546908903846226,0.05
4095,133.3409661723301,69,1,0,0,1.400661653091292,0.05
4096,100.0,1,1,0,0,0.7211563378097726,0.05
4097,165.81006337609364,16,1,0,0,1.3887841825629452,0.05
4098,181.83388900522374,23,1,0,0,1.2855702384228835,0.05
4099,100.0,1,1,0,0,0.760255502496297,0.05
4100,-50.0,1,0,1,0,4.641806442132136,0.05
4101,36.85935932264506,200,0,0,1,3.143358490039718,0.05
4102,160.5836984636697,19,1,0,0,1.224134933331018,0.05
4103,-0.688396869740986,200,0,0,1,2.174066621247051,0.05
4104,167.91983211649773,21,1,0,0,1.1842549725924774,0.05
4105,215.83607377658984,33,1,0,0,1.4061960068418868,0.05
4106,180.2447312082749,22,1,0,0,1.3632319719837034,0.05
4107,172.73658181923867,23,1,0,0,1.4141959737716925,0.05
4108,137.44879872876598,12,1,0,0,1.4148077502842444,0.05
4109,191.6476967008947,28,1,0,0,1.3089701147521227,0.05
4110,199.81649536592067,25,1,0,0,1.438284943243622,0.05
4111,148.92131089407434,62,1,0,0,1.4490855860435135,0.05
4112,232.68707444389707,41,1,0,0,1.3429803232252593,0.05
4113,189.16919301758355,27,1,0,0,1.351298822392843,0.05
4114,172.91122299990857,19,1,0,0,1.4555792588483198,0.05
4115,146.2971682316315,13,1,0,0,1.278691698034279,0.05
4116,150.42493381960176,40,1,0,0,1.3239773719126744,0.05
4117,147.98167906908853,20,1,0,0,1.4978731952621163,0.05
4118,146.11370875325355,26,1,0,0,1.249988071497116,0.05
4119,173.92064902313166,19,1,0,0,1.2708029672130625,0.05
4120,166.67195809943246,21,1,0,0,1.3898799292814408,0.05
4121,174.53528441625127,23,1,0,0,1.369199806259352,0.05
4122,188.02490771334777,26,1,0,0,1.2038208105106412,0.05
4123,183.01061195470922,24,1,0,0,1.4760300826319204,0.05
4124,178.7579321970456,24,1,0,0,1.489568835746751,0.05
4125,187.51121386802208,31,1,0,0,1.4453496473066703,0.05
4126,179.97671807029667,24,1,0,0,1.2126469820377228,0.05
4127,157.3120028806237,19,1,0,0,1.317480515918741,0.05
4128,141.22530635435703,38,1,0,0,1.4585604997567638,0.05
4129,172.89710903575323,22,1,0,0,1.4670002901705015,0.05
4130,104.9610700738192,7,1,0,0,1.3937437931546752,0.05
4131,175.37618535204797,21,1,0,0,1.4620597618334326,0.05
4132,175.19871789128842,20,1,0,0,1.302913421215351,0.05
4133,193.752911351629,24,1,0,0,1.2246601534138408,0.05
4134,188.27800169158152,22,1,0,0,1.2647335214910345,0.05
4135,167.57489120066742,23,1,0,0,1.2651670490033358,0.05
4136,200.46687870849038,28,1,0,0,1.4735074649659594,0.05
4137,136.86358940015845,10,1,0,0,1.4286226259839976,0.05
4138,209.6723703051128,35,1,0,0,1.328909866232523,0.05
4139,186.25190915186135,22,1,0,0,1.4607282157590546,0.05
4140,134.11880351907507,21,1,0,0,1.4839802185225504,0.05
4141,174.19621564017024,23,1,0,0,1.3960019461851116,0.05
4142,134.74371652666252,13,1,0,0,1.237334266510234,0.05
4143,197.9615796151013,27,1,0,0,1.2452361155421263,0.05
4144,165.84569106920782,21,1,0,0,1.4703316667960369,0.05
4145,148.29672925704577,43,1,0,0,1.4944844352271547,0.05
4146,158.52777144312634,20,1,0,0,1.3113491323995652,0.05
4147,212.3772479639242,35,1,0,0,1.3821459157780653,0.05
4148,131.27920854159024,25,1,0,0,1.4129182759538172,0.05
4149,237.3799464356566,43,1,0,0,1.4683593541225515,0.05
4150,136.10595218476527,173,1,0,0,1.3546023803193652,0.05
4151,175.08044352515435,23,1,0,0,1.384430974519269,0.05
4152,244.18033046032485,49,1,0,0,1.484107629119821,0.05
4153,149.88590143925424,14,1,0,0,1.3914614459611827,0.05
4154,152.59088544911845,17,1,0,0,1.4956996648372984,0.05
4155,123.29353702089222,14,1,0,0,1.1862491969273525,0.05
4156,137.09111046997504,200,0,0,1,2.4252430791291446,0.05
4157,110.16638718059433,200,0,0,1,2.7876367045062764,0.05
4158,193.7733414541893,28,1,0,0,1.442015069862587,0.05
4159,153.3149050031921,59,1,0,0,1.4753479238955889,0.05
4160,224.98908457738497,43,1,0,0,1.474672410568752,0.05
4161,258.5111259513249,55,1,0,0,1.4833262589361433,0.05
4162,182.06515896802125,20,1,0,0,1.374981092308269,0.05
4163,180.83747947207533,25,1,0,0,1.2910879859446889,0.05
4164,187.92323871777214,29,1,0,0,1.446474437159082,0.05
4165,199.92320267009273,36,1,0,0,1.4656649675604854,0.05
4166,195.73501755378692,33,1,0,0,1.3129334409348374,0.05
4167,189.78468143378834,29,1,0,0,1.480876946925091,0.05
4168,151.2736936542516,18,1,0,0,1.319561824956782,0.05
4169,138.5667802945972,18,1,0,0,1.4938596042393708,0.05
4170,151.0261168440162,26,1,0,0,1.4791226686523273,0.05
4171,175.06895610958998,28,1,0,0,1.4651561075968864,0.05
4172,161.38043477095854,18,1,0,0,1.413817134517806,0.05
4173,168.66829954920865,17,1,0,0,1.4410536920733388,0.05
4174,195.46506262643072,31,1,0,0,1.2715515185362347,0.05
4175,62.653008948486196,200,0,0,1,2.129900587374621,0.05
4176,139.6120529038053,12,1,0,0,1.2742301730567156,0.05
4177,141.55804752734662,22,1,0,0,1.4718365391703245,0.05
4178,83.50375369024403,200,0,0,1,4.630634703612324,0.05
4179,172.81900617369928,20,1,0,0,1.4522783281109541,0.05
4180,-50.0,1,0,1,0,4.3506475209895825,0.05
4181,159.5123047973158,25,1,0,0,1.4289722969120304,0.05
4182,170.13120345792703,29,1,0,0,1.3649989353003462,0.05
4183,184.89485476000687,30,1,0,0,1.4999909556648443,0.05
4184,100.0,1,1,0,0,1.2727831833478263,0.05
4185,200.44641755354328,63,1,0,0,1.4951062460445874,0.05
4186,154.06314184667053,21,1,0,0,1.3608875237275542,0.05
4187,182.12581000266283,27,1,0,0,1.4966978354293827,0.05
4188,187.46614148477056,32,1,0,0,1.481455144426267,0.05
4189,158.83969250245227,20,1,0,0,1.4578203365213012,0.05
4190,147.62237556173815,22,1,0,0,1.2191496588378627,0.05
4191,128.80450490117335,11,1,0,0,1.1831308101250557,0.05
4192,180.3740640537997,35,1,0,0,1.332434408987238,0.05
4193,180.86415827164228,46,1,0,0,1.4466669974500044,0.05
4194,138.96132383987083,20,1,0,0,1.2009188657995087,0.05
4195,207.6380374248563,32,1,0,0,1.2860004803217506,0.05
4196,134.66896810663437,12,1,0,0,1.413878780537823,0.05
4197,160.6990907435515,17,1,0,0,1.4653957984168189,0.05
4198,172.9280840304629,22,1,0,0,1.4838448360142915,0.05
4199,192.1007306927175,24,1,0,0,1.1034659925336503,0.05
4200,213.68775641762986,38,1,0,0,1.4722241098441964,0.05
4201,170.16399345932248,21,1,0,0,1.3517205426172583,0.05
4202,209.39871248948856,42,1,0,0,1.4979815401922518,0.05
4203,145.01309832796312,18,1,0,0,1.4289137343047935,0.05
4204,229.8243853453603,41,1,0,0,1.4186376215886605,0.05
4205,160.8357079923511,16,1,0,0,1.1807403105701328,0.05
4206,149.39986216668132,17,1,0,0,1.3155794119397306,0.05
4207,140.10848254001564,16,1,0,0,1.4098527223610005,0.05
4208,191.50827878077024,27,1,0,0,1.316991035183336,0.05
4209,165.35126670985906,16,1,0,0,1.3915381871857018,0.05
4210,176.86330464730926,20,1,0,0,1.340008095677372,0.05
4211,198.65648457610826,27,1,0,0,1.355048490192541,0.05
4212,21.65526478092353,200,0,0,1,2.9612071256253616,0.05
4213,134.1817598938244,11,1,0,0,1.355974261894475,0.05
4214,185.17670128014214,26,1,0,0,1.310387322954531,0.05
4215,165.803657407638,22,1,0,0,1.3288705169064354,0.05
4216,205.93955488235898,36,1,0,0,1.351343207111062,0.05
4217,-18.857907977688527,200,0,0,1,5.406237255300323,0.05
4218,183.56554695286758,20,1,0,0,1.1260303829657599,0.05
4219,142.1423015723596,22,1,0,0,1.403016401377497,0.05
4220,179.87853846682876,22,1,0,0,1.4752656706979193,0.05
4221,176.81327216551955,20,1,0,0,1.337338192362165,0.05
4222,183.2489111485669,42,1,0,0,1.4756347813823985,0.05
4223,174.96923834019918,48,1,0,0,1.4411649255016967,0.05
4224,248.11421995601862,40,1,0,0,1.4242099142440547,0.05
4225,195.42817906538363,24,1,0,0,1.3727224064851515,0.05
4226,-50.0,1,0,1,0,7.0854976417147855,0.05
4227,196.2943375515167,23,1,0,0,1.1303766983356718,0.05
4228,165.46381413559317,19,1,0,0,1.294786286303694,0.05
4229,181.08622467613225,22,1,0,0,1.3349009427312162,0.05
4230,168.93334158666096,30,1,0,0,1.452296876635166,0.05
4231,199.02320707279517,30,1,0,0,1.4113146661756446,0.05
4232,165.3669290954605,20,1,0,0,1.4405699338917497,0.05
4233,0.08278000809047648,200,0,0,1,2.5714633364256825,0.05
4234,211.12498987902717,33,1,0,0,1.472884587346668,0.05
4235,195.86104776938083,32,1,0,0,1.4944333986523415,0.05
4236,136.02320544367825,19,1,0,0,1.4256026406074287,0.05
4237,114.72170550493429,7,1,0,0,1.4860154583778482,0.05
4238,186.8948837228474,28,1,0,0,1.1427660808618452,0.05
4239,174.6769231624877,22,1,0,0,1.3852186029756994,0.05
4240,176.4802296988023,23,1,0,0,1.4973212308383745,0.05
4241,143.17369457434648,14,1,0,0,1.4378111531591038,0.05
4242,148.98630919050805,17,1,0,0,1.3647916239178581,0.05
4243,177.26222549887484,20,1,0,0,1.2771915960870808,0.05
4244,209.73105765206765,28,1,0,0,1.4892582366521745,0.05
4245,196.17262149324227,27,1,0,0,1.4875454446046128,0.05
4246,149.0662797387436,34,1,0,0,1.3713577788078937,0.05
4247,182.31085410734204,25,1,0,0,1.3263565570981934,0.05
4248,116.45092877869789,11,1,0,0,1.4651453249226953,0.05
4249,230.19869193510294,40,1,0,0,1.3379208795000892,0.05
4250,-50.0,1,0,1,0,9.618669352660293,0.05
4251,260.896584874458,119,1,0,0,1.4766254133752088,0.05
4252,159.28772362820996,16,1,0,0,1.4234145766494442,0.05
4253,180.67346569232834,22,1,0,0,1.4416964320387322,0.05
4254,135.7340558760759,12,1,0,0,1.2726818518299325,0.05
4255,141.5677113662369,67,1,0,0,1.413151744994241,0.05
4256,164.14744180926073,17,1,0,0,1.1298144233745313,0.05
4257,166.98158716413695,21,1,0,0,1.4371330136145433,0.05
4258,187.04504885353242,27,1,0,0,1.4821163858278417,0.05
4259,198.60675455328112,32,1,0,0,1.4802382567668468,0.05
4260,192.39915206991103,26,1,0,0,1.4154221399816007,0.05
4261,173.94297585402245,27,1,0,0,1.4287073682462592,0.05
4262,186.20915621580662,27,1,0,0,1.4128399293172271,0.05
4263,174.16798319957212,28,1,0,0,1.2078497999375901,0.05
4264,159.0840104627248,18,1,0,0,1.2289718271604422,0.05
4265,175.84571487580394,22,1,0,0,1.390133682431248,0.05
4266,169.89548721051202,25,1,0,0,1.3397678869847225,0.05
4267,178.15636344231575,20,1,0,0,1.4746581214821397,0.05
4268,205.7544059943502,37,1,0,0,1.4880909647121765,0.05
4269,100.0,1,1,0,0,1.2622868460438827,0.05
4270,161.51495847692124,20,1,0,0,1.37028905781389,0.05
4271,143.7988532811105,12,1,0,0,1.333049068934548,0.05
4272,184.41724136247532,29,1,0,0,1.4991599439349657,0.05
4273,145.28778717396614,30,1,0,0,1.4207908891774506,0.05
4274,202.8377182866546,25,1,0,0,1.2903890548188208,0.05
4275,170.23530992336828,23,1,0,0,1.485126054172364,0.05
4276,150.65814523737941,16,1,0,0,1.3260900449770563,0.05
4277,241.76976681950828,47,1,0,0,1.38245285073942,0.05
4278,188.3371207573582,26,1,0,0,1.4098720857085396,0.05
4279,199.84373540758523,33,1,0,0,1.4720023459150058,0.05
4280,126.56318087106791,24,1,0,0,1.2213274954267834,0.05
4281,185.85055966400586,34,1,0,0,1.4784848114554738,0.05
4282,173.90851123813331,30,1,0,0,1.2250113533327063,0.05
4283,177.43163820690228,32,1,0,0,1.4902614144469597,0.05
4284,241.1661032685253,49,1,0,0,1.3922502391450597,0.05
4285,149.66611752245186,16,1,0,0,1.3675272316145768,0.05
4286,194.51121695449447,33,1,0,0,1.2773702234990383,0.05
4287,212.9430359672726,35,1,0,0,1.2818609124280396,0.05
4288,175.6266062663866,30,1,0,0,1.4595624876328452,0.05
4289,139.78810612680851,16,1,0,0,1.2801596433844498,0.05
4290,186.90932501414824,41,1,0,0,1.4932342736222595,0.05
4291,118.33306223534849,10,1,0,0,1.2264285331139866,0.05
4292,169.29832945684933,18,1,0,0,1.4226006426661784,0.05
4293,182.29957274506722,23,1,0,0,1.3197597273483948,0.05
4294,159.0583671580135,23,1,0,0,1.463393266401229,0.05
4295,152.91120561881496,20,1,0,0,1.3029440882385344,0.05
4296,150.30819865946086,15,1,0,0,1.403890739954841,0.05
4297,189.07021693321553,23,1,0,0,1.1783433526207778,0.05
4298,165.0143282245024,21,1,0,0,1.1489242289541268,0.05
4299,201.9968646709689,36,1,0,0,1.3671209364428274,0.05
4300,202.35494969778398,35,1,0,0,1.3121514282583904,0.05
4301,151.9073190162792,19,1,0,0,1.1249453974562824,0.05
4302,195.92641893428825,32,1,0,0,1.3172869267954266,0.05
4303,140.97247992569504,34,1,0,0,1.4404247140908844,0.05
4304,173.558557239546,22,1,0,0,1.391340594404929,0.05
4305,159.97725971852378,24,1,0,0,1.2970689073634523,0.05
4306,180.49881555220813,36,1,0,0,1.4858852686506308,0.05
4307,159.73992111847596,22,1,0,0,1.4696269459083866,0.05
4308,230.7849932079943,44,1,0,0,1.3807991656090475,0.05
4309,204.24873049599987,24,1,0,0,1.4990770337713606,0.05
4310,166.8333234390436,25,1,0,0,1.3923546206239552,0.05
4311,174.92017260176075,21,1,0,0,1.498986024169402,0.05
4312,180.7508899214656,23,1,0,0,1.4586463301674468,0.05
4313,146.3179923622099,14,1,0,0,1.3828492813329387,0.05
4314,197.23635927989025,30,1,0,0,1.2735241173675576,0.05
4315,164.25291735317347,17,1,0,0,1.39652242265463,0.05
4316,185.58949281510564,38,1,0,0,1.3932391260858705,0.05
4317,166.16845694444592,18,1,0,0,1.3394257676422439,0.05
4318,180.99784992219725,26,1,0,0,1.3263926352292728,0.05
4319,177.63334546469758,22,1,0,0,1.2685815340738407,0.05
4320,142.57050289386402,15,1,0,0,1.4625728581050015,0.05
4321,168.33315136760336,25,1,0,0,1.3272095550355414,0.05
4322,171.83039105222292,19,1,0,0,1.4965313528774784,0.05
4323,176.79308707842603,22,1,0,0,1.2103469694222704,0.05
4324,148.05179738715722,16,1,0,0,1.2997767642686404,0.05
4325,184.64050140680743,30,1,0,0,1.2838426855351925,0.05
4326,221.07322616304464,39,1,0,0,1.4283706680849688,0.05
4327,166.60826488763638,23,1,0,0,1.4135280216598012,0.05
4328,186.89311155713614,23,1,0,0,1.24925404513766,0.05
4329,187.27650647574805,26,1,0,0,1.425424227099735,0.05
4330,167.687379119923,19,1,0,0,1.4434676021580974,0.05
4331,166.50219695959368,22,1,0,0,1.3527718160214288,0.05
4332,190.71701027794782,62,1,0,0,1.4627435866273593,0.05
4333,140.58774149086526,12,1,0,0,1.375330157079407,0.05
4334,158.94458632917303,18,1,0,0,1.4269434234560499,0.05
4335,224.88717071183152,42,1,0,0,1.4650190860954444,0.05
4336,183.12627628471427,23,1,0,0,1.327262657583128,0.05
4337,204.27996906917332,27,1,0,0,1.3804022486576328,0.05
4338,188.11647551493422,22,1,0,0,1.4879344660746543,0.05
4339,181.49780348746287,24,1,0,0,1.4261087596786552,0.05
4340,-50.0,1,0,1,0,9.251207359521866,0.05
4341,143.3378031468174,19,1,0,0,1.3648874383210239,0.05
4342,128.7188758897257,13,1,0,0,1.4495088894781818,0.05
4343,178.951072422968,20,1,0,0,1.295737877246152,0.05
4344,144.69818235394695,14,1,0,0,1.4681448605772123,0.05
4345,197.54685721362102,27,1,0,0,1.3466869265224122,0.05
4346,186.75660946208416,25,1,0,0,1.4667058479861523,0.05
4347,192.19951640380629,29,1,0,0,1.236694227982144,0.05
4348,162.36402518851992,23,1,0,0,1.220143070566221,0.05
4349,131.15300345980202,20,1,0,0,1.3511202424006743,0.05
4350,154.51369251677826,19,1,0,0,1.3287675688156906,0.05
4351,230.93740549032626,41,1,0,0,1.3283219049033501,0.05
4352,157.12393677776132,84,1,0,0,1.3461343904173233,0.05
4353,16.742494218566183,200,0,0,1,3.7503156599666667,0.05
4354,137.07657674368548,19,1,0,0,1.418485436343635,0.05
4355,192.00525847214095,22,1,0,0,1.1561465173665857,0.05
4356,188.85034098330496,25,1,0,0,1.445962669088424,0.05
4357,178.5971576729884,21,1,0,0,1.2007323752929706,0.05
4358,205.5577972557423,33,1,0,0,1.3265754850205163,0.05
4359,157.61432753825068,20,1,0,0,1.3664935378726102,0.05
4360,131.0352524587822,13,1,0,0,1.4060373722153718,0.05
4361,190.52673739550795,27,1,0,0,1.3041931050688462,0.05
4362,188.96824679292737,42,1,0,0,1.4992783185231728,0.05
4363,155.77161673679257,21,1,0,0,1.3446579400515102,0.05
4364,162.03627325068646,24,1,0,0,1.458986579818895,0.05
4365,146.38967575245755,12,1,0,0,1.485270438733691,0.05
4366,11.719759887757796,200,0,0,1,2.2965856815361723,0.05
4367,192.4742260261204,25,1,0,0,1.3136135027459004,0.05
4368,207.98324605641238,30,1,0,0,1.3247240193277494,0.05
4369,175.18251829001835,24,1,0,0,1.290900902263699,0.05
4370,117.00108607506417,80,1,0,0,1.4653496197229745,0.05
4371,152.1706854088382,71,1,0,0,1.4994209999539194,0.05
4372,187.93155525179944,27,1,0,0,1.2152080250435862,0.05
4373,178.501326759427,30,1,0,0,1.306152052976161,0.05
4374,184.40609364206722,28,1,0,0,1.226501931007215,0.05
4375,116.23053340508076,8,1,0,0,1.488826282641834,0.05
4376,198.30402392783577,35,1,0,0,1.403053310727564,0.05
4377,139.87554260760425,13,1,0,0,1.3356483981474798,0.05
4378,229.70894988788623,58,1,0,0,1.4898707644964522,0.05
4379,164.47922852265202,17,1,0,0,1.4570991600119083,0.05
4380,206.16702079018506,36,1,0,0,1.3291958332504024,0.05
4381,121.70596990098122,9,1,0,0,1.2425458751972238,0.05
4382,182.0612305148614,19,1,0,0,1.2665053713639947,0.05
4383,137.406303469378,12,1,0,0,1.394121508110867,0.05
4384,154.8291059635807,20,1,0,0,1.25348241866055,0.05
4385,202.14197470679696,25,1,0,0,1.2752417698580154,0.05
4386,159.53477615176615,22,1,0,0,1.3288009361441098,0.05
4387,143.82243084490108,19,1,0,0,1.2721718946164173,0.05
4388,168.31256014167883,17,1,0,0,1.4500790853945313,0.05
4389,183.94458471872406,33,1,0,0,1.2557341430156268,0.05
4390,156.1396424794165,19,1,0,0,1.4093916940882496,0.05
4391,266.82247232756623,55,1,0,0,1.2142517216358144,0.05
4392,187.0950762703852,27,1,0,0,1.2787195110510503,0.05
4393,163.0410219307619,19,1,0,0,1.333527819844207,0.05
4394,178.32347169306752,21,1,0,0,1.4449497224127181,0.05
4395,172.02289327644326,20,1,0,0,1.426162644124007,0.05
4396,183.99642177798137,23,1,0,0,1.4947884662049296,0.05
4397,136.96993380667507,14,1,0,0,1.4837046967277796,0.05
4398,185.45090098593005,22,1,0,0,1.2254148629264974,0.05
4399,100.0,1,1,0,0,0.6107660114658442,0.05
4400,147.93190842251508,17,1,0,0,1.2617592670748072,0.05
4401,200.7001289093584,35,1,0,0,1.2981288188150029,0.05
4402,198.86030688356826,30,1,0,0,1.2725759307631181,0.05
4403,151.12136250469314,17,1,0,0,1.2579143740923269,0.05
4404,182.41127208680717,25,1,0,0,1.194576780961566,0.05
4405,179.89654774848864,29,1,0,0,1.1603260378946656,0.05
4406,213.0353395869742,26,1,0,0,1.4958858791763614,0.05
4407,165.04437508724232,30,1,0,0,1.2429196470184076,0.05
4408,209.53444457087812,29,1,0,0,1.435746204941491,0.05
4409,177.49407230439607,22,1,0,0,1.49733203197262,0.05
4410,168.58972853514803,24,1,0,0,1.4530701323138504,0.05
4411,135.60784902850656,14,1,0,0,1.4007803303556192,0.05
4412,219.81718125098752,37,1,0,0,1.4026492100100714,0.05
4413,144.2349222433807,17,1,0,0,1.4974263676679511,0.05
4414,187.5395779538481,29,1,0,0,1.2950133244254165,0.05
4415,117.31820958985202,34,1,0,0,1.486804978757005,0.05
4416,170.54160549909386,27,1,0,0,1.4332547360971097,0.05
4417,190.26734723054798,23,1,0,0,1.3020934025940571,0.05
4418,143.29764318201705,16,1,0,0,1.4803827863457222,0.05
4419,190.327745636362,23,1,0,0,1.3012269515966979,0.05
4420,180.2668238768279,23,1,0,0,1.436120499633288,0.05
4421,166.9344284265059,17,1,0,0,1.3014719296989097,0.05
4422,157.86148698345906,22,1,0,0,1.4999526507574585,0.05
4423,165.1787175023203,21,1,0,0,1.440990078889617,0.05
4424,149.8669500016336,26,1,0,0,1.2720590192877146,0.05
4425,164.38066996573275,21,1,0,0,1.3982609066417961,0.05
4426,166.8717394583424,90,1,0,0,1.08990067267478,0.05
4427,127.75099390427437,11,1,0,0,1.3442147605774906,0.05
4428,145.43170822797725,18,1,0,0,1.453381513073923,0.05
4429,156.3501664296331,19,1,0,0,1.4494645350318744,0.05
4430,132.15034514710865,14,1,0,0,1.2213245336370302,0.05
4431,130.6789148508409,14,1,0,0,1.3617507790158934,0.05
4432,171.95016832268502,22,1,0,0,1.2529069799070272,0.05
4433,163.12469956807735,21,1,0,0,1.1663469349805795,0.05
4434,179.9650844693709,33,1,0,0,1.3322247068236976,0.05
4435,177.69719541256282,27,1,0,0,1.3405682644459043,0.05
4436,136.37236033817393,12,1,0,0,1.2581976877303125,0.05
4437,168.40828754893238,27,1,0,0,1.044945065314005,0.05
4438,168.84070768523003,22,1,0,0,1.4030185024408324,0.05
4439,234.3000912753788,47,1,0,0,1.4647916023942822,0.05
4440,175.51815059078194,20,1,0,0,1.4227804859381878,0.05
4441,134.90113389599077,12,1,0,0,1.4471807509597032,0.05
4442,-50.0,1,0,1,0,1.134754572435384,0.05
4443,167.12143155661204,22,1,0,0,1.3519987628549797,0.05
4444,132.69247347638827,14,1,0,0,1.2568432917884849,0.05
4445,141.7602466320297,17,1,0,0,1.4510578368755107,0.05
4446,165.62881308538044,23,1,0,0,1.390450809699161,0.05
4447,143.35324694122346,14,1,0,0,1.3033454942668359,0.05
4448,185.88876114366175,24,1,0,0,1.3940981276890736,0.05
4449,100.0,1,1,0,0,1.2524281961842327,0.05
4450,200.8490503085932,31,1,0,0,1.334397610908772,0.05
4451,165.5038641923535,19,1,0,0,1.4127756875870383,0.05
4452,196.5731449542999,28,1,0,0,1.1987786969605794,0.05
4453,169.22791540128594,22,1,0,0,1.324191616413766,0.05
4454,156.7891308061732,16,1,0,0,1.4901316104194509,0.05
4455,199.91381566124238,24,1,0,0,1.2899091153493827,0.05
4456,206.9150232599057,27,1,0,0,1.3696055064040464,0.05
4457,166.7641912276714,24,1,0,0,1.2350796369448938,0.05
4458,174.00891367044258,22,1,0,0,1.0983185766402053,0.05
4459,112.50245329437243,67,1,0,0,1.49445641319469,0.05
4460,196.24454271601172,34,1,0,0,1.39627756274773,0.05
4461,136.7346350123321,14,1,0,0,1.398544293185687,0.05
4462,230.46344026365915,80,1,0,0,1.4950715509959314,0.05
4463,164.4284517450107,21,1,0,0,1.4644325094708843,0.05
4464,153.24443369272632,18,1,0,0,1.179565987008145,0.05
4465,182.89919707745406,26,1,0,0,1.4204183579330936,0.05
4466,164.99039946900143,19,1,0,0,1.3433594715039132,0.05
4467,144.55763027331676,16,1,0,0,1.270515720818922,0.05
4468,190.91653938880023,32,1,0,0,1.1539454969841838,0.05
4469,195.71167612909463,26,1,0,0,1.495709790511715,0.05
4470,209.16492329582775,27,1,0,0,1.404897545278851,0.05
4471,163.42500361407173,22,1,0,0,1.2686182730781106,0.05
4472,142.6359695430664,11,1,0,0,1.4423336808324299,0.05
4473,170.99648402264103,26,1,0,0,1.413716730230944,0.05
4474,233.34405735798745,44,1,0,0,1.4879371056343447,0.05
4475,105.8369498812314,4,1,0,0,1.2276821606421888,0.05
4476,166.30855468641298,18,1,0,0,1.2597039427020473,0.05
4477,204.77636117992296,29,1,0,0,1.4326046443236562,0.05
4478,28.3064479422859,200,0,0,1,2.38346860554285,0.05
4479,164.66719170610148,19,1,0,0,1.3485240286503777,0.05
4480,132.4589173996575,12,1,0,0,1.453420109887936,0.05
4481,184.01497738047772,24,1,0,0,1.1814136872081797,0.05
4482,201.80664505516276,25,1,0,0,1.4504317834131606,0.05
4483,138.31011066518087,14,1,0,0,1.37281547942099,0.05
4484,137.61031829700732,13,1,0,0,1.4536568705152633,0.05
4485,169.8364766922773,20,1,0,0,1.4527937045648003,0.05
4486,152.33560154723813,18,1,0,0,1.3528049388018288,0.05
4487,142.41935946620447,13,1,0,0,1.3781504371660163,0.05
4488,173.21843855244043,42,1,0,0,1.2360455982556398,0.05
4489,155.09457367885926,18,1,0,0,1.1868060325239975,0.05
4490,156.0358876512407,15,1,0,0,1.2315820260106292,0.05
4491,116.64222844758874,9,1,0,0,1.4271143650890477,0.05
4492,221.41841985188879,42,1,0,0,1.464409930831,0.05
4493,177.81976507048014,17,1,0,0,1.2005627616864687,0.05
4494,182.60107059399706,20,1,0,0,1.33642688522374,0.05
4495,148.9329804534932,15,1,0,0,1.445205880270187,0.05
4496,-50.0,1,0,1,0,6.627038790597278,0.05
4497,152.41610440048808,18,1,0,0,1.1053443065645068,0.05
4498,186.51841900849467,31,1,0,0,1.421412436472809,0.05
4499,157.21436163114612,22,1,0,0,1.2748969830989196,0.05
4500,154.27987800787463,16,1,0,0,1.3218313607092242,0.05
4501,210.27022097956706,34,1,0,0,1.3089002606165188,0.05
4502,49.52130787833466,200,0,0,1,2.0387500293731957,0.05
4503,182.72596245478877,27,1,0,0,1.2786596638310468,0.05
4504,191.40716413228003,31,1,0,0,1.3017616627186037,0.05
4505,157.94082963813636,23,1,0,0,1.1511469070949425,0.05
4506,236.679435610103,44,1,0,0,1.4447338877974867,0.05
4507,174.0575361986816,48,1,0,0,1.3735849598059358,0.05
4508,157.93922878638207,18,1,0,0,1.450115719807459,0.05
4509,167.70510676945204,24,1,0,0,1.379953658108152,0.05
4510,154.44198835680777,27,1,0,0,1.2352780096512952,0.05
4511,137.6046989065144,16,1,0,0,1.1051826465678702,0.05
4512,151.76846362254415,17,1,0,0,1.4041088148218102,0.05
4513,165.83550801735578,22,1,0,0,1.4837327695233686,0.05
4514,179.34532671090045,27,1,0,0,1.4162914716277768,0.05
4515,205.04196081959492,30,1,0,0,1.2415095139843126,0.05
4516,157.7757377847947,20,1,0,0,1.4916722537421725,0.05
4517,204.7273654587024,36,1,0,0,1.3054308085967823,0.05
4518,143.95160957978263,18,1,0,0,1.3556197784159847,0.05
4519,227.23346441480322,37,1,0,0,1.4711030569049628,0.05
4520,167.98918684600284,21,1,0,0,1.3285680976735679,0.05
4521,171.47546563987373,28,1,0,0,1.317020154803967,0.05
4522,186.00082327837066,27,1,0,0,1.2861413840061375,0.05
4523,240.34485591303584,49,1,0,0,1.3586623773130817,0.05
4524,188.93202438103293,28,1,0,0,1.4176601068406436,0.05
4525,184.24768240849056,25,1,0,0,1.380941064588699,0.05
4526,181.96784435755637,23,1,0,0,1.4637621252141946,0.05
4527,196.96120460668817,26,1,0,0,1.314709023178762,0.05
4528,191.97455762871402,24,1,0,0,1.4297449091677237,0.05
4529,132.2211472906696,13,1,0,0,1.3660510807844044,0.05
4530,180.18183893539143,22,1,0,0,1.2486028785119643,0.05
4531,174.79216980132895,21,1,0,0,1.4606784919166114,0.05
4532,-50.0,1,0,1,0,8.68308247402375,0.05
4533,168.13581093641528,22,1,0,0,1.33570612841966,0.05
4534,167.43578585993993,22,1,0,0,1.3049423892130938,0.05
4535,199.60417580689816,27,1,0,0,1.3302117556596973,0.05
4536,141.94564059547912,21,1,0,0,1.2715245502610661,0.05
4537,-50.0,1,0,1,0,2.4258513702549878,0.05
4538,180.60432318145808,26,1,0,0,1.4040968819667754,0.05
4539,170.27052602468302,31,1,0,0,1.397770200207498,0.05
4540,181.00176174387377,23,1,0,0,1.4056668739443472,0.05
4541,42.792738524765134,200,0,0,1,1.9670541537642132,0.05
4542,257.9046108971494,50,1,0,0,1.40373149232409,0.05
4543,196.13408955170104,31,1,0,0,1.4073250089869953,0.05
4544,165.45722680870946,19,1,0,0,1.2396747584109842,0.05
4545,28.117616958006607,200,0,0,1,2.5099475271467675,0.05
4546,181.33917416702408,26,1,0,0,1.4445047567821332,0.05
4547,204.76242850546566,35,1,0,0,1.394426257061179,0.05
4548,213.34846919787304,34,1,0,0,1.3030879628687073,0.05
4549,170.95765347496825,21,1,0,0,1.4486244723837771,0.05
4550,179.89739264431915,24,1,0,0,1.4524525562240498,0.05
4551,187.83288671897432,24,1,0,0,1.2768559205375059,0.05
4552,210.9640102987929,58,1,0,0,1.435006665110733,0.05
4553,159.18509928726013,19,1,0,0,1.3335552953809837,0.05
4554,182.71620618418635,25,1,0,0,1.2638390689187549,0.05
4555,156.07782592841625,24,1,0,0,1.461520092170887,0.05
4556,120.46653305678036,7,1,0,0,1.240715453419672,0.05
4557,161.5827006810647,40,1,0,0,1.2341752078744124,0.05
4558,179.9974186885383,25,1,0,0,1.1748204988037991,0.05
4559,236.00354727208062,41,1,0,0,1.363680121331681,0.05
4560,158.04782610115626,29,1,0,0,1.4357727319515174,0.05
4561,181.6569550623388,22,1,0,0,1.4104111048375418,0.05
4562,170.66132996884568,20,1,0,0,1.3469654668789286,0.05
4563,133.04824839954478,11,1,0,0,1.3898455483107053,0.05
4564,222.9985700399915,42,1,0,0,1.4314557512923347,0.05
4565,239.22080498290418,43,1,0,0,1.2616366690771244,0.05
4566,171.5298689830363,22,1,0,0,1.269537301531687,0.05
4567,185.1640256742532,28,1,0,0,1.1744547071534592,0.05
4568,181.18220129691483,19,1,0,0,1.3242463233802708,0.05
4569,183.13753569608537,22,1,0,0,1.4190513799462872,0.05
4570,125.23709280384459,14,1,0,0,1.287456104715372,0.05
4571,160.31580088423988,15,1,0,0,1.423779528608382,0.05
4572,157.1232333406843,25,1,0,0,1.4605398513852392,0.05
4573,152.45620106438884,14,1,0,0,1.3120763362251076,0.05
4574,159.53943541145836,200,0,0,1,1.9661232679633225,0.05
4575,217.500710246065,33,1,0,0,1.4806613527685488,0.05
4576,160.19380397419144,21,1,0,0,1.4774096738523497,0.05
4577,199.2613751748819,32,1,0,0,1.4287798086959074,0.05
4578,158.01084067561192,26,1,0,0,1.3748664521551757,0.05
4579,141.9982754318487,16,1,0,0,1.208513750199423,0.05
4580,172.58004651308954,22,1,0,0,1.4833222206890073,0.05
4581,150.9479034260569,24,1,0,0,1.4330161263234549,0.05
4582,224.8079954804017,42,1,0,0,1.4405900543639183,0.05
4583,161.30142567911167,17,1,0,0,1.3976317492375878,0.05
4584,165.90397273006494,20,1,0,0,1.3913695701426434,0.05
4585,168.17485279851297,19,1,0,0,1.3477393383810352,0.05
4586,178.5460720199879,25,1,0,0,1.412829989256582,0.05
4587,159.57038383875428,15,1,0,0,1.2656734235781457,0.05
4588,185.36140207770626,23,1,0,0,1.2469558050059857,0.05
4589,173.88117300465896,17,1,0,0,1.4388501148232369,0.05
4590,144.02525638415707,17,1,0,0,1.3972610340690033,0.05
4591,148.27441458348807,14,1,0,0,1.35232624744371,0.05
4592,214.02721639860073,38,1,0,0,1.4750242395030049,0.05
4593,132.27139784929795,20,1,0,0,1.1493925989105553,0.05
4594,171.15510161861806,20,1,0,0,1.4279489140885147,0.05
4595,157.11033039087124,20,1,0,0,1.499609648315038,0.05
4596,122.27172886012866,8,1,0,0,1.1722742333313327,0.05
4597,132.31574912927962,13,1,0,0,1.464789508035018,0.05
4598,158.5458467309321,24,1,0,0,1.1706074866925154,0.05
4599,193.96837183815262,26,1,0,0,1.3765950441676182,0.05
4600,190.8326333527001,30,1,0,0,1.4977270656055133,0.05
4601,155.85363767713824,26,1,0,0,1.4723531027115948,0.05
4602,178.31023703625613,19,1,0,0,1.3859014486353722,0.05
4603,168.84195741022586,49,1,0,0,1.4919413718272156,0.05
4604,134.97054574614097,21,1,0,0,1.291131118226925,0.05
4605,145.73962929545317,18,1,0,0,1.3054409883355413,0.05
4606,149.0946878681068,18,1,0,0,1.3351702928611897,0.05
4607,150.11421320389908,18,1,0,0,1.4445558654215775,0.05
4608,192.273613245697,25,1,0,0,1.4900250128832118,0.05
4609,176.80395641557777,23,1,0,0,1.2291618112896663,0.05
4610,149.3384128071433,16,1,0,0,1.4630337551894594,0.05
4611,196.98354682971893,32,1,0,0,1.2647720786618253,0.05
4612,130.09146991556182,24,1,0,0,1.494835123695864,0.05
4613,165.16661194727595,29,1,0,0,1.232015901641687,0.05
4614,196.16959959572824,31,1,0,0,1.4690644037156428,0.05
4615,169.8758285580665,25,1,0,0,1.2913278429949826,0.05
4616,148.82349934277025,15,1,0,0,1.237115569785123,0.05
4617,224.1819353069377,42,1,0,0,1.3782563976563207,0.05
4618,161.6100287506095,28,1,0,0,1.1808447070594608,0.05
4619,168.24499719679824,23,1,0,0,1.2442947244814448,0.05
4620,135.2987045798531,15,1,0,0,1.2551273280824375,0.05
4621,12.130510456342215,200,0,0,1,2.14542524372149,0.05
4622,173.9082975899641,24,1,0,0,1.3097914795116814,0.05
4623,122.67976123028146,7,1,0,0,1.4180020700760678,0.05
4624,150.6566169795589,23,1,0,0,1.4644275771807127,0.05
4625,235.42796411319793,42,1,0,0,1.4353832647925528,0.05
4626,133.27087806800972,22,1,0,0,1.4956093264923565,0.05
4627,172.5485453357344,23,1,0,0,1.3880028915189044,0.05
4628,124.64128175878645,10,1,0,0,1.452559773451068,0.05
4629,165.77665928213258,17,1,0,0,1.3198545280574385,0.05
4630,153.10254931088988,15,1,0,0,1.122797335114569,0.05
4631,162.3145166363662,19,1,0,0,1.3018165023755357,0.05
4632,234.22313677082101,44,1,0,0,1.3367272326119801,0.05
4633,208.97350216795235,38,1,0,0,1.3539911470300023,0.05
4634,117.73198438484813,8,1,0,0,1.3209892632472429,0.05
4635,177.98811323112895,21,1,0,0,1.235596634387394,0.05
4636,196.46997750989982,29,1,0,0,1.4025170232070823,0.05
4637,143.00003577315,20,1,0,0,1.234260542476313,0.05
4638,257.0289029319003,52,1,0,0,1.4739375906669308,0.05
4639,178.0242378516168,26,1,0,0,1.3493379675930892,0.05
4640,142.66505040170966,17,1,0,0,1.1989333903153887,0.05
4641,206.23301634485355,31,1,0,0,1.294876104160866,0.05
4642,164.0119212512445,30,1,0,0,1.4064802703851915,0.05
4643,154.09410460804708,18,1,0,0,1.324168428856145,0.05
4644,158.97469284265043,18,1,0,0,1.399600001686231,0.05
4645,157.37956574406917,31,1,0,0,1.3465451360220433,0.05
4646,186.2964783968996,25,1,0,0,1.4032397297446333,0.05
4647,123.20360127275822,38,1,0,0,1.4860364176457665,0.05
4648,174.64421118967363,22,1,0,0,1.3341201699429004,0.05
4649,173.91212198016854,27,1,0,0,1.4824056374234174,0.05
4650,193.10194133575985,23,1,0,0,1.3937711290024413,0.05
4651,184.3297092478686,24,1,0,0,1.3068681728949842,0.05
4652,191.46696824571347,27,1,0,0,1.468659558558677,0.05
4653,144.14858496034086,18,1,0,0,1.2698833162272622,0.05
4654,161.08316059303704,19,1,0,0,1.269930056648193,0.05
4655,223.9790942165132,40,1,0,0,1.4167015176158546,0.05
4656,167.78077405293726,19,1,0,0,1.345026145363913,0.05
4657,54.22906136014748,200,0,0,1,2.1107073234090357,0.05
4658,169.9066091539088,29,1,0,0,1.3946085820876308,0.05
4659,130.27701581368294,15,1,0,0,1.3766580259078962,0.05
4660,174.23017256038725,20,1,0,0,1.1837141583924062,0.05
4661,165.03941840206454,22,1,0,0,1.2808974036195782,0.05
4662,162.31844109289727,16,1,0,0,1.3147424674722568,0.05
4663,188.9313612415734,28,1,0,0,1.275872286399929,0.05
4664,196.0648417551775,25,1,0,0,1.2536557762997607,0.05
4665,165.7194675616272,18,1,0,0,1.4435966693669313,0.05
4666,52.861026464138405,200,0,0,1,2.912557379825322,0.05
4667,172.4353111427749,27,1,0,0,1.361251057895867,0.05
4668,166.93991678452153,23,1,0,0,1.2705005604720698,0.05
4669,10.689224549806143,200,0,0,1,2.4649917234778234,0.05
4670,166.82034502151208,24,1,0,0,1.4505983402657259,0.05
4671,161.08224094491266,22,1,0,0,1.3150529936900106,0.05
4672,174.01341249754955,21,1,0,0,1.468351654858918,0.05
4673,179.07515682852173,20,1,0,0,1.1635565226598539,0.05
4674,173.79648931643936,19,1,0,0,1.2683390564261494,0.05
4675,138.76984629743583,15,1,0,0,1.1964494463708737,0.05
4676,206.87464954218635,39,1,0,0,1.4423618158211986,0.05
4677,160.56139132331012,18,1,0,0,1.3594230536382685,0.05
4678,153.2141871561195,17,1,0,0,1.4778062774694138,0.05
4679,194.24121572343358,31,1,0,0,1.373301864253747,0.05
4680,-50.0,1,0,1,0,8.83953188310086,0.05
4681,148.81453367781302,17,1,0,0,1.219057431029868,0.05
4682,261.4590177302066,54,1,0,0,1.3793075532932082,0.05
4683,-50.0,1,0,1,0,5.514367778933914,0.05
4684,136.28148977837333,20,1,0,0,1.4503655234319308,0.05
4685,181.93392286018644,24,1,0,0,1.4292005791360751,0.05
4686,165.27169996984514,27,1,0,0,1.1013333985663203,0.05
4687,150.03349632390862,15,1,0,0,1.245055762193689,0.05
4688,178.61882367841818,21,1,0,0,1.458791330768302,0.05
4689,170.1148909527863,18,1,0,0,1.3851160087612235,0.05
4690,59.38085335112259,200,0,0,1,1.9462536544220457,0.05
4691,186.30171272882848,24,1,0,0,1.486075186938439,0.05
4692,32.77526490450923,200,0,0,1,2.339045032682153,0.05
4693,169.15228631919774,26,1,0,0,1.489108318531843,0.05
4694,197.242652762532,22,1,0,0,1.2367011337107192,0.05
4695,184.6305434625652,22,1,0,0,1.301873189621041,0.05
4696,173.72786468356435,24,1,0,0,1.4745615377378203,0.05
4697,197.07620187246064,25,1,0,0,1.2621486192269262,0.05
4698,174.23134175684544,20,1,0,0,1.3019493552939343,0.05
4699,189.43825289837517,23,1,0,0,1.2795947573287654,0.05
4700,168.57283937838878,20,1,0,0,1.260910551166039,0.05
4701,146.72098088419403,41,1,0,0,1.457331344484496,0.05
4702,187.16959525264696,23,1,0,0,1.377709490501224,0.05
4703,152.5640998475959,18,1,0,0,1.2352243365772424,0.05
4704,240.09861764550877,52,1,0,0,1.4992709416441425,0.05
4705,145.85065602966776,18,1,0,0,1.4607245225963,0.05
4706,215.3133244869457,29,1,0,0,1.2232326617558946,0.05
4707,206.13762134028389,24,1,0,0,1.427252574499002,0.05
4708,212.46679398336735,32,1,0,0,1.4408293300324422,0.05
4709,195.22639035333685,27,1,0,0,1.282259550381639,0.05
4710,190.8487808867472,24,1,0,0,1.402978093676422,0.05
4711,159.15635803101745,19,1,0,0,1.4480455581890435,0.05
4712,228.923005238031,44,1,0,0,1.4409610861558881,0.05
4713,130.68426896280454,16,1,0,0,1.3708778932439236,0.05
4714,168.77453365915974,25,1,0,0,1.1472310542960145,0.05
4715,253.13785082706312,51,1,0,0,1.4316106003806706,0.05
4716,134.95292489239586,14,1,0,0,1.281842187702518,0.05
4717,194.76207065621222,28,1,0,0,1.4717836165988678,0.05
4718,185.81389425563844,23,1,0,0,1.414229076207368,0.05
4719,207.31374052298438,137,1,0,0,1.4543319973384266,0.05
4720,185.14098486246826,32,1,0,0,1.343772503534106,0.05
4721,185.9534858213184,29,1,0,0,1.3818354599338132,0.05
4722,198.31723782925354,26,1,0,0,1.3378947191888433,0.05
4723,148.56660744060136,20,1,0,0,1.4789218976773504,0.05
4724,149.11933430396442,18,1,0,0,1.34195287687004,0.05
4725,243.31699024791294,45,1,0,0,1.3129130525645705,0.05
4726,156.78324921461166,20,1,0,0,1.261778233197998,0.05
4727,254.1922147605409,43,1,0,0,1.2548010580360944,0.05
4728,178.91675586775892,21,1,0,0,1.4838730238983266,0.05
4729,283.7091309217617,70,1,0,0,1.4934684246120171,0.05
4730,279.15488856019635,78,1,0,0,1.4986207471892268,0.05
4731,190.78087934283394,30,1,0,0,1.331219205243326,0.05
4732,127.08880724945807,7,1,0,0,1.249070340973257,0.05
4733,138.43532664470104,11,1,0,0,1.462628918828313,0.05
4734,198.05082354537828,28,1,0,0,1.4917122517372943,0.05
4735,122.16487606344927,7,1,0,0,1.4842345403016077,0.05
4736,187.1934649802712,22,1,0,0,1.2331086183372093,0.05
4737,143.57726689515474,32,1,0,0,1.3836071506170937,0.05
4738,163.7052210328028,20,1,0,0,1.2672007690305316,0.05
4739,194.78246631562396,29,1,0,0,1.3218192454056414,0.05
4740,122.93905742311227,8,1,0,0,1.4517920485978228,0.05
4741,159.4726569041157,23,1,0,0,1.2887355110537415,0.05
4742,165.52265066618247,21,1,0,0,1.3012585170081734,0.05
4743,176.9199286595785,21,1,0,0,1.191820608512413,0.05
4744,191.08259439911018,23,1,0,0,1.4132625526873492,0.05
4745,165.74375419184756,19,1,0,0,1.4854530510550932,0.05
4746,179.10352847179064,20,1,0,0,1.3264945545384315,0.05
4747,157.0141375822112,16,1,0,0,1.4128907342516095,0.05
4748,191.0006334630001,24,1,0,0,1.4761685865988299,0.05
4749,217.1119148333996,39,1,0,0,1.3702688459181143,0.05
4750,187.01279097992602,24,1,0,0,1.4803019392988406,0.05
4751,133.1895321065337,10,1,0,0,1.3716753863734774,0.05
4752,-50.0,1,0,1,0,2.1134163054354627,0.05
4753,153.33820522533745,22,1,0,0,1.361565210321432,0.05
4754,204.81041922470658,32,1,0,0,1.3680832821194298,0.05
4755,169.04080095698225,23,1,0,0,1.4117230101064542,0.05
4756,180.48206666705042,26,1,0,0,1.3583236102247254,0.05
4757,168.0902325859755,22,1,0,0,1.3737492734482901,0.05
4758,143.15287926017743,15,1,0,0,1.2315277189188518,0.05
4759,168.30202973445768,17,1,0,0,1.3898718040163063,0.05
4760,145.05848646837774,43,1,0,0,1.1780648595972187,0.05
4761,25.04802217435044,200,0,0,1,2.5488354943811107,0.05
4762,130.2849291863486,11,1,0,0,1.1152812398586598,0.05
4763,188.3029881316723,30,1,0,0,1.3129982376634084,0.05
4764,144.22554337682445,18,1,0,0,1.3233489781735328,0.05
4765,53.5916792049962,200,0,0,1,2.1777792169134758,0.05
4766,-50.0,1,0,1,0,6.175060524849577,0.05
4767,168.4464268959832,23,1,0,0,1.2516779797832596,0.05
4768,190.7011049057984,24,1,0,0,1.4033453692117455,0.05
4769,187.17786652221628,26,1,0,0,1.169951185380129,0.05
4770,173.60270893981917,19,1,0,0,1.1551451104607164,0.05
4771,121.49968024312044,9,1,0,0,1.307636413373901,0.05
4772,100.3727139782121,3,1,0,0,1.415842077142051,0.05
4773,193.64323400140938,26,1,0,0,1.2929466244248802,0.05
4774,149.48522854328542,17,1,0,0,1.375988121570064,0.05
4775,145.98752174442427,18,1,0,0,1.4282015239317472,0.05
4776,189.48250258637478,26,1,0,0,1.246572990125868,0.05
4777,186.96945948356753,24,1,0,0,1.1755794715516017,0.05
4778,15.189494603477423,200,0,0,1,2.0363982568934946,0.05
4779,109.72448358386285,4,1,0,0,1.3304143297416882,0.05
4780,174.83993509048224,23,1,0,0,1.4448320752969357,0.05
4781,140.21615732348047,13,1,0,0,1.4124975296485658,0.05
4782,155.47176142343997,19,1,0,0,1.3353386754939527,0.05
4783,152.11961327895855,16,1,0,0,1.451219952044341,0.05
4784,102.25175356927139,21,1,0,0,1.4831923395389757,0.05
4785,167.868816422926,26,1,0,0,1.2658756829679627,0.05
4786,174.66294397831467,19,1,0,0,1.3621158900375168,0.05
4787,159.57707697108268,21,1,0,0,1.300541006936324,0.05
4788,153.94187798706986,19,1,0,0,1.3240028288689758,0.05
4789,191.01260703975845,24,1,0,0,1.3490804608513787,0.05
4790,176.91392976447293,21,1,0,0,1.4604672716188403,0.05
4791,159.2044905445086,24,1,0,0,1.3209524644335653,0.05
4792,187.43659714122873,23,1,0,0,1.4103803063764746,0.05
4793,162.43186363627768,23,1,0,0,1.391874401575827,0.05
4794,193.77146577347492,60,1,0,0,1.481424502330234,0.05
4795,184.5523739316725,24,1,0,0,1.4812227000390727,0.05
4796,205.63407709132895,36,1,0,0,1.3708855967310871,0.05
4797,257.01765317965373,58,1,0,0,1.4763634535692338,0.05
4798,164.58195055627036,19,1,0,0,1.346660822111543,0.05
4799,165.23024269104724,19,1,0,0,1.175181173640639,0.05
4800,156.17735744420364,23,1,0,0,1.4954217407863928,0.05
4801,147.82497215055264,19,1,0,0,1.3981602072358295,0.05
4802,167.58765357914723,18,1,0,0,1.4443113258307423,0.05
4803,197.3750115512462,26,1,0,0,1.3035579888341469,0.05
4804,178.398270691556,24,1,0,0,1.3922378475306845,0.05
4805,150.89889818259817,23,1,0,0,1.2689201471550071,0.05
4806,195.97816416940378,22,1,0,0,1.236952686324138,0.05
4807,147.52294745476902,18,1,0,0,1.4958153143707362,0.05
4808,225.78400829219837,36,1,0,0,1.4937619282425905,0.05
4809,147.73389252267413,24,1,0,0,1.4945232633673986,0.05
4810,169.0925470904722,20,1,0,0,1.3890129119501833,0.05
4811,161.29624582503848,19,1,0,0,1.312653124247946,0.05
4812,190.10401496630848,23,1,0,0,1.1578527871343092,0.05
4813,172.75703259933795,23,1,0,0,1.411300049864393,0.05
4814,120.92867854784599,8,1,0,0,1.4516946670191253,0.05
4815,202.4618317388419,24,1,0,0,1.2919333383792666,0.05
4816,278.66554354479797,57,1,0,0,1.4600838907727105,0.05
4817,158.5249498273465,22,1,0,0,1.3855515007409094,0.05
4818,184.37410633184663,27,1,0,0,1.4033025637391348,0.05
4819,133.1280046400971,12,1,0,0,1.3369557459833241,0.05
4820,196.2836995822327,27,1,0,0,1.4463885928022833,0.05
4821,162.22738799407313,22,1,0,0,1.2145470208717062,0.05
4822,189.3027090945809,26,1,0,0,1.3325310095283038,0.05
4823,125.09363593542669,17,1,0,0,1.3053911061737382,0.05
4824,198.3138405708817,27,1,0,0,1.3931652958071152,0.05
4825,195.66679293114396,29,1,0,0,1.3777369991736768,0.05
4826,208.8416912339298,26,1,0,0,1.2749134969321785,0.05
4827,102.94426043780925,2,1,0,0,1.450523222752689,0.05
4828,142.27646177653637,20,1,0,0,1.1640894685956826,0.05
4829,179.06039915837442,66,1,0,0,1.4635263675060592,0.05
4830,164.0293738477389,25,1,0,0,1.4641917124536659,0.05
4831,103.86234828006204,115,1,0,0,1.4975322944768825,0.05
4832,189.33185866095874,24,1,0,0,1.120464221777883,0.05
4833,155.8574378017523,18,1,0,0,1.269404752802916,0.05
4834,202.08999997020663,29,1,0,0,1.2604406616224915,0.05
4835,105.67660714999238,7,1,0,0,1.3415304991458294,0.05
4836,185.11279834836614,26,1,0,0,1.3733274438917051,0.05
4837,190.4922999524586,21,1,0,0,1.2922586181665245,0.05
4838,155.27612493169727,27,1,0,0,1.377151960030002,0.05
4839,149.41287770625203,16,1,0,0,1.4213650559662172,0.05
4840,143.77329414523487,13,1,0,0,1.3752385195075345,0.05
4841,123.42254994742697,10,1,0,0,1.3399953048430524,0.05
4842,134.4858881758942,16,1,0,0,1.4272389914632837,0.05
4843,151.4246216343901,21,1,0,0,1.4700901069187409,0.05
4844,250.30908869106332,52,1,0,0,1.4763676886576147,0.05
4845,164.47602367678707,18,1,0,0,1.2332301265999042,0.05
4846,185.27099576735574,24,1,0,0,1.3118770576887737,0.05
4847,147.14130104734994,19,1,0,0,1.339896411291459,0.05
4848,189.04458617677216,23,1,0,0,1.2819060138260243,0.05
4849,237.50980270457046,46,1,0,0,1.4993056015080173,0.05
4850,4.7519675511938715,200,0,0,1,2.2821843504611508,0.05
4851,225.7982654725791,41,1,0,0,1.2513183810128101,0.05
4852,235.69837737430709,39,1,0,0,1.3455975122283463,0.05
4853,138.87901945638401,13,1,0,0,1.4367477431884679,0.05
4854,175.65562100965712,22,1,0,0,1.4388577050147784,0.05
4855,103.40889843127269,2,1,0,0,1.408641890217269,0.05
4856,154.79816841101535,23,1,0,0,1.2656311812449046,0.05
4857,144.8649105151271,19,1,0,0,1.447471291232875,0.05
4858,151.19039362402668,20,1,0,0,1.3495200449519031,0.05
4859,138.59801624499607,14,1,0,0,1.2742986784313544,0.05
4860,147.20961137675977,16,1,0,0,1.4439691470650944,0.05
4861,109.52735515582953,3,1,0,0,1.3659343509432467,0.05
4862,165.23266066815677,18,1,0,0,1.2402212499447023,0.05
4863,73.17282003763746,200,0,0,1,2.0983120932007036,0.05
4864,186.4089650516729,23,1,0,0,1.3621129772858303,0.05
4865,171.36464837675032,33,1,0,0,1.406763418546135,0.05
4866,158.98145775091808,21,1,0,0,1.4260175716530983,0.05
4867,134.2404095107005,25,1,0,0,1.409142232467581,0.05
4868,207.01544083124455,37,1,0,0,1.4115925217035608,0.05
4869,169.70689455406716,23,1,0,0,1.2183006702454207,0.05
4870,147.65654181899527,18,1,0,0,1.4880687732273412,0.05
4871,185.9754409094686,27,1,0,0,1.3423015860555882,0.05
4872,76.72047665566821,200,0,0,1,2.0432207371255324,0.05
4873,193.91216863734954,23,1,0,0,1.3518776118483158,0.05
4874,209.1518414992158,33,1,0,0,1.3907161013411093,0.05
4875,98.72189134203863,13,1,0,0,1.449889369388051,0.05
4876,144.15571092176253,17,1,0,0,1.367021036199327,0.05
4877,163.41879085353497,21,1,0,0,1.218445798257931,0.05
4878,167.166776879775,21,1,0,0,1.2202866562655978,0.05
4879,166.94908495507133,19,1,0,0,1.3902776826229852,0.05
4880,173.22052341660827,23,1,0,0,1.3864218522081315,0.05
4881,222.14354135775807,36,1,0,0,1.3275239868079094,0.05
4882,190.4797096062862,37,1,0,0,1.4472317687224137,0.05
4883,188.06141944648883,25,1,0,0,1.42232626047467,0.05
4884,123.99012045578962,8,1,0,0,1.27556896178245,0.05
4885,153.41989716962766,19,1,0,0,1.462954834377829,0.05
4886,-9.318327783052487,200,0,0,1,2.5867696320156486,0.05
4887,143.68145052010402,25,1,0,0,1.4322510621882503,0.05
4888,222.63447437755315,33,1,0,0,1.3268932803185995,0.05
4889,148.48168949497537,17,1,0,0,1.4802745404694662,0.05
4890,237.67117561056983,42,1,0,0,1.3802235958466877,0.05
4891,190.29629767708846,26,1,0,0,1.2416194077029166,0.05
4892,254.68395711385,51,1,0,0,1.4869838385391576,0.05
4893,157.9446489666373,19,1,0,0,1.418992553259773,0.05
4894,167.18895156959553,22,1,0,0,1.3156836435092985,0.05
4895,199.8248696520037,26,1,0,0,1.1667183143128208,0.05
4896,177.6549700283111,25,1,0,0,1.3745571045093172,0.05
4897,157.78470630689898,25,1,0,0,1.4094964049962453,0.05
4898,176.81880507390426,25,1,0,0,1.3597036185132214,0.05
4899,210.72167598702418,33,1,0,0,1.4772227197888737,0.05
4900,188.61518219737454,23,1,0,0,1.1376031817293664,0.05
4901,174.76071371317306,21,1,0,0,1.425010473394432,0.05
4902,196.24068968342266,27,1,0,0,1.381690871272055,0.05
4903,182.41152216015414,25,1,0,0,1.3822362950110876,0.05
4904,183.55044841303862,21,1,0,0,1.4462335030188675,0.05
4905,172.96601135769515,22,1,0,0,1.3630447896632851,0.05
4906,208.70448472995938,31,1,0,0,1.4629876908409387,0.05
4907,195.3184053560126,25,1,0,0,1.4482772911933572,0.05
4908,192.38056326121733,24,1,0,0,1.3412598456053495,0.05
4909,170.31502655832548,19,1,0,0,1.1956711008594423,0.05
4910,169.51416944256863,23,1,0,0,1.2631926121947425,0.05
4911,163.8251653369258,21,1,0,0,1.3677344910284517,0.05
4912,153.11702520492332,27,1,0,0,1.2361495355085255,0.05
4913,147.50354674810993,21,1,0,0,1.3955384650303275,0.05
4914,179.10504668622198,20,1,0,0,1.4178962459561253,0.05
4915,204.02200690769985,28,1,0,0,1.288811330440386,0.05
4916,183.5854325754533,23,1,0,0,1.363128018894909,0.05
4917,171.7051576060906,24,1,0,0,1.296689614628111,0.05
4918,145.60645307197464,16,1,0,0,1.2534928525582396,0.05
4919,147.6275459714783,15,1,0,0,1.2722272596784043,0.05
4920,160.79598721642597,24,1,0,0,1.4424930804279796,0.05
4921,193.66781215523088,25,1,0,0,1.4253407767396482,0.05
4922,175.7792503751014,31,1,0,0,1.2544928504984258,0.05
4923,157.87862655228827,22,1,0,0,1.1013255465378702,0.05
4924,205.80762559864883,29,1,0,0,1.4564316890522304,0.05
4925,225.99343007518834,31,1,0,0,1.2999605065075537,0.05
4926,195.20247195777927,31,1,0,0,1.3330170841154774,0.05
4927,145.50667054997768,18,1,0,0,1.0979400009694864,0.05
4928,-50.0,1,0,1,0,5.56518845718988,0.05
4929,174.57621662968776,23,1,0,0,1.353875380867148,0.05
4930,165.47221623237246,19,1,0,0,1.2365015639937307,0.05
4931,165.56912851280288,23,1,0,0,1.352361602153526,0.05
4932,195.52248484147026,24,1,0,0,1.4450374782034432,0.05
4933,175.17053726675522,26,1,0,0,1.2392454830571058,0.05
4934,145.03248117228463,13,1,0,0,1.239151910069337,0.05
4935,155.19545157607638,15,1,0,0,1.4272171205114983,0.05
4936,168.81546711365203,19,1,0,0,1.4735020358294177,0.05
4937,188.53424175736728,28,1,0,0,1.314725497026528,0.05
4938,143.34867898289266,13,1,0,0,1.4389464363113824,0.05
4939,190.9497750121571,22,1,0,0,1.3376614016197166,0.05
4940,154.1459229083302,70,1,0,0,1.493751041357104,0.05
4941,185.63922191194223,25,1,0,0,1.449060582388111,0.05
4942,163.6413918476846,19,1,0,0,1.1841099470730827,0.05
4943,153.69529713938118,16,1,0,0,1.25125659553283,0.05
4944,211.1532900066877,33,1,0,0,1.4242925122023637,0.05
4945,145.58862535590825,16,1,0,0,1.3373481066436643,0.05
4946,119.03307361943062,6,1,0,0,1.1904066537593232,0.05
4947,222.97654760903998,43,1,0,0,1.2691431180221706,0.05
4948,161.45319231763295,21,1,0,0,1.3335013035753698,0.05
4949,137.33607081280422,18,1,0,0,1.3329113675738227,0.05
4950,160.50040729330755,21,1,0,0,1.3767938217823572,0.05
4951,190.9468132938203,26,1,0,0,1.4223963434975222,0.05
4952,153.18729896937498,15,1,0,0,1.2071353593641359,0.05
4953,177.8022039029389,23,1,0,0,1.3128809970174142,0.05
4954,153.23833544147698,22,1,0,0,1.4982552819209327,0.05
4955,157.11343156725854,16,1,0,0,1.416300192051855,0.05
4956,174.38912958717907,26,1,0,0,1.4730031337040947,0.05
4957,174.21650612297458,27,1,0,0,1.3955484441406028,0.05
4958,169.23905493788476,23,1,0,0,1.2463316643723144,0.05
4959,111.09298484697999,5,1,0,0,1.2619573762137568,0.05
4960,185.83105121320924,26,1,0,0,1.4294046385558117,0.05
4961,165.34030532321214,24,1,0,0,1.265486142364278,0.05
4962,139.4125539299351,12,1,0,0,1.3593425431391541,0.05
4963,156.1961566332787,27,1,0,0,1.3602125812415249,0.05
4964,133.24597494759539,35,1,0,0,1.4713864514911488,0.05
4965,177.60682855791904,19,1,0,0,1.1241612721844638,0.05
4966,185.34351956349602,24,1,0,0,1.3291438724153266,0.05
4967,139.36888597469056,12,1,0,0,1.181589529792186,0.05
4968,-50.0,1,0,1,0,9.395025676049091,0.05
4969,118.35956372257485,10,1,0,0,1.118552691310306,0.05
4970,190.23495599012483,24,1,0,0,1.2434236243759618,0.05
4971,178.45241006488652,23,1,0,0,1.332485217111091,0.05
4972,154.67036211428342,15,1,0,0,1.4107393437959352,0.05
4973,188.23136238865362,28,1,0,0,1.4091684133055178,0.05
4974,184.7279623006549,35,1,0,0,1.4584569168723176,0.05
4975,149.7995547703013,19,1,0,0,1.2878267312824554,0.05
4976,9.729184105120222,200,0,0,1,2.6249705801556624,0.05
4977,175.35531421748664,64,1,0,0,1.4501459775918581,0.05
4978,193.11730841640968,39,1,0,0,1.481507063008363,0.05
4979,125.11932040982543,15,1,0,0,1.105311330011898,0.05
4980,119.46896021687633,97,1,0,0,1.432153201667123,0.05
4981,270.8504199170842,51,1,0,0,1.4777393485251549,0.05
4982,162.99208495012863,16,1,0,0,1.302514419336709,0.05
4983,179.52857879681517,19,1,0,0,1.423725984331745,0.05
4984,140.69103641355122,12,1,0,0,1.0959164074762213,0.05
4985,163.71077380062314,16,1,0,0,1.355448130712307,0.05
4986,237.18680664212607,45,1,0,0,1.4758762804496335,0.05
4987,204.79802969448684,27,1,0,0,1.3848241342881376,0.05
4988,128.77675262922276,9,1,0,0,1.430704086182608,0.05
4989,155.22764184332388,24,1,0,0,1.3825671844173009,0.05
4990,181.44742497600987,23,1,0,0,1.4431203800033425,0.05
4991,245.6550874471475,50,1,0,0,1.3229591129117264,0.05
4992,139.37812463292587,18,1,0,0,1.1677715184758637,0.05
4993,-50.0,1,0,1,0,3.229633295372272,0.05
4994,171.30659977869408,22,1,0,0,1.2526136655654718,0.05
4995,146.6570526063593,24,1,0,0,1.4359814334666763,0.05
4996,172.04004835524077,20,1,0,0,1.229909075293753,0.05
4997,160.4037386916692,17,1,0,0,1.451033266881503,0.05
4998,132.42599852121666,15,1,0,0,1.470030190784441,0.05
4999,178.55608633098268,21,1,0,0,1.4833938679416676,0.05
