episode,reward,steps,train_success,train_collision,train_timeout,final_distance,exploration_noise
0,-179.96026235162785,200,0,0,1,20.810858349343597,0.2
1,-133.9675304921141,200,0,0,1,18.68510619013724,0.2
2,-152.43788755399046,200,0,0,1,17.20657535936858,0.2
3,-133.73449917167582,200,0,0,1,20.339688860073352,0.2
4,-200.25233585261907,187,0,0,0,23.603293336462812,0.2
5,-196.9826894038053,82,0,0,0,23.065189204186538,0.2
6,-38.15429934085625,5,0,1,0,6.244076548492707,0.2
7,-80.4432617437505,55,0,0,0,10.74074794432349,0.2
8,-147.9136294476166,53,0,0,0,26.378205672383206,0.2
9,-200.36832210478408,59,0,0,0,22.067702007444396,0.2
10,-187.73394304507005,55,0,0,0,27.265556594518227,0.2
11,-177.0183151941956,59,0,0,0,23.21707676523267,0.2
12,100.0,1,1,0,0,0.21769024295903244,0.2
13,-239.20181704506913,41,0,0,0,20.380689538859954,0.2
14,-185.1005624587181,58,0,0,0,21.653882258144364,0.2
15,-201.66048307617825,44,0,0,0,24.30649673712727,0.2
16,-78.26773535966927,62,0,0,0,11.221780497771338,0.2
17,-94.44994246143838,53,0,0,0,15.865815478489298,0.2
18,-119.24710286174688,57,0,0,0,15.058592940169678,0.2
19,-137.39847547266885,63,0,0,0,18.49709837139644,0.2
20,-14.526678638787956,12,0,1,0,7.646922924898431,0.2
21,-178.17262331056787,67,0,0,0,19.136426464238653,0.2
22,-105.35514654503004,49,0,0,0,12.43911291808489,0.2
23,-30.688075948110487,45,0,0,0,6.6941866775004994,0.2
24,-149.70249460019772,60,0,0,0,15.788170111739268,0.2
25,-94.27478928336134,47,0,0,0,12.239489029059769,0.2
26,-144.9143602552441,41,0,0,0,15.238403641886242,0.2
27,-106.80524073224888,58,0,0,0,16.322549562097603,0.2
28,-102.9436739333436,95,0,0,0,14.00285186187425,0.2
29,7.070262787202613,200,0,0,1,7.208280517437564,0.2
30,-30.037948563525976,9,0,1,0,5.912511448652354,0.2
31,43.41235401590085,200,0,0,1,3.4731258626225627,0.2
32,-50.0,1,0,1,0,2.2905604302146214,0.2
33,-65.04242193753203,30,0,1,0,5.7354174650967105,0.2
34,-2.7777034890814165,200,0,0,1,9.109892339105441,0.2
35,36.23547884813436,200,0,0,1,4.00880080206525,0.2
36,-49.22869333643849,2,0,1,0,2.086871293656899,0.2
37,60.300060077006414,200,0,0,1,4.849300729839047,0.2
38,-49.11344751810926,2,0,1,0,5.27214241337485,0.2
39,190.26452129715,107,1,0,0,1.4687000577520044,0.2
40,82.982601287896,200,0,0,1,2.451979593371955,0.2
41,177.45259837272198,85,1,0,0,1.4844062597934264,0.2
42,66.6985038599258,200,0,0,1,2.761932442555841,0.2
43,35.861678402727655,200,0,0,1,4.729000380374666,0.2
44,68.13159189325863,200,0,0,1,2.219960621378777,0.2
45,86.25647953270328,200,0,0,1,4.382234926278463,0.2
46,0.13193133656605793,200,0,0,1,6.743426766100725,0.2
47,75.47873992369371,200,0,0,1,6.28109886381369,0.2
48,49.321368214385345,200,0,0,1,4.233909745902905,0.2
49,189.762119964746,198,1,0,0,1.48252973449477,0.2
50,110.84414345285569,14,1,0,0,1.4487063791480395,0.2
51,209.91388264806443,76,1,0,0,1.452328350527792,0.2
52,-11.355857766490416,20,0,1,0,6.069540240120869,0.2
53,84.55117966319752,200,0,0,1,4.080890152331435,0.2
54,219.88972955657823,75,1,0,0,1.4364453955459207,0.2
55,159.65874749290032,98,1,0,0,1.4920162096884453,0.2
56,202.00788000383415,103,1,0,0,1.4659491453204962,0.2
57,-78.10099199558395,119,0,1,0,2.762129969198458,0.2
58,33.173845252915044,200,0,0,1,2.4009306392259004,0.2
59,163.46473014655453,104,1,0,0,1.3533548637454447,0.2
60,7.164817098636504,200,0,0,1,6.554668587307021,0.2
61,-12.36303488750179,19,0,1,0,4.139994838859996,0.2
62,-47.832833792733716,109,0,0,0,13.554161018557137,0.2
63,28.559483923822093,200,0,0,1,2.646529235460405,0.2
64,-53.760874574071785,200,0,0,1,7.86448628768946,0.2
65,71.34824561354,200,0,0,1,1.7280293605104347,0.2
66,159.23608587330372,43,1,0,0,1.476890398126164,0.2
67,-31.44042812943375,14,0,1,0,4.989595567224532,0.2
68,-18.442045449626487,200,0,0,1,5.033349812216211,0.2
69,170.4377834976808,46,1,0,0,1.4847185330780783,0.2
70,61.44024214622882,200,0,0,1,3.762614792460257,0.2
71,-58.698197215362605,200,0,0,1,5.786638125394887,0.2
72,163.04440384504397,39,1,0,0,1.4446689274697677,0.2
73,-60.169236167377505,141,0,0,0,10.663331031255558,0.2
74,-75.81557981296399,42,0,1,0,4.005440305451522,0.2
75,152.3266640944917,36,1,0,0,1.3056682580020924,0.2
76,-44.382635396830246,61,0,1,0,4.04788774606824,0.2
77,153.29682997293347,93,1,0,0,1.4619238333618128,0.2
78,-112.48226974736883,69,0,1,0,3.8434523355052286,0.2
79,122.0325197447418,189,1,0,0,1.2751795394769714,0.2
80,-17.54447584165468,98,0,1,0,5.049641915320824,0.2
81,129.7086846473255,176,1,0,0,1.4956912003524363,0.2
82,13.703664784953283,200,0,0,1,6.228006688588643,0.2
83,-41.013646537009464,4,0,1,0,6.488577501813089,0.2
84,33.309089634772306,200,0,0,1,6.316078297804279,0.2
85,-27.934702636572958,130,0,0,0,5.753209727861845,0.2
86,30.21798555900686,200,0,0,1,6.5863116392402725,0.2
87,65.0378312420198,200,0,0,1,3.467941667192256,0.2
88,47.84881516066395,200,0,0,1,5.376818579213634,0.2
89,116.11895385950069,200,0,0,1,3.050677221026913,0.2
90,9.909761294767534,200,0,0,1,5.045137882151753,0.2
91,137.41879202984939,197,1,0,0,1.3848229325807249,0.2
92,141.807362489652,168,1,0,0,1.4476201333998573,0.2
93,121.26453736488098,84,1,0,0,1.4359622181841922,0.2
94,73.1023192870088,200,0,0,1,1.590788737061303,0.2
95,7.1938963902402575,200,0,0,1,2.9433915537115003,0.2
96,49.79872850377656,200,0,0,1,4.319724578183017,0.2
97,67.30220195750049,200,0,0,1,3.192680583867491,0.2
98,154.17041513314152,30,1,0,0,1.4611815501548915,0.2
99,23.086326467466264,65,0,0,0,4.047050754100899,0.2
100,-20.351846590762953,9,0,1,0,4.495427405277173,0.2
101,-10.899672793987477,30,0,1,0,8.932514486017855,0.2
102,163.58490400196823,122,1,0,0,1.462877492945936,0.2
103,241.02867352054642,76,1,0,0,1.4731498177637015,0.2
104,41.75942205677845,200,0,0,1,3.516589648866336,0.2
105,187.53607249807175,78,1,0,0,1.4716231215144555,0.2
106,23.046188275529897,200,0,0,1,3.8521827000438327,0.2
107,33.48315562109466,200,0,0,1,6.138728002123228,0.2
108,165.04129074185033,86,1,0,0,1.3976884361709303,0.2
109,69.38935798971978,200,0,0,1,3.1350609067112214,0.2
110,146.95550191395455,99,1,0,0,1.4958077188281311,0.2
111,174.8402949242512,113,1,0,0,1.385244100434021,0.2
112,151.46926622077302,66,1,0,0,1.3872358737808872,0.2
113,131.5278928230598,62,1,0,0,1.4044854255361512,0.2
114,158.1994569380613,33,1,0,0,1.382875806318804,0.2
115,180.00777696929975,83,1,0,0,1.4968281961807208,0.2
116,158.99229744636477,39,1,0,0,1.4393518872228899,0.2
117,166.59815174838764,110,1,0,0,1.4746046226847953,0.2
118,177.2171394548111,32,1,0,0,1.4957879332499315,0.2
119,196.77622368728714,59,1,0,0,1.3397890223206996,0.2
120,195.33821031001236,151,1,0,0,1.4779819419002929,0.2
121,209.36437924361894,83,1,0,0,1.486526917359487,0.2
122,184.29573367481612,83,1,0,0,1.4936051987521581,0.2
123,141.55613915076927,47,1,0,0,1.464703300608374,0.2
124,184.394457551742,77,1,0,0,1.4003115943006756,0.2
125,157.8737113061251,85,1,0,0,1.49115093936286,0.2
126,238.3875171930939,79,1,0,0,1.3112522758499652,0.2
127,156.4720889249828,73,1,0,0,1.4812262157747542,0.2
128,186.56396888077512,110,1,0,0,1.365425416643142,0.2
129,171.1299892035376,48,1,0,0,1.4326858678742604,0.2
130,23.240382120769983,200,0,0,1,3.0262995078688544,0.2
131,159.06462622121688,63,1,0,0,1.4241431394569608,0.2
132,187.65255506776253,48,1,0,0,1.3974097084461765,0.2
133,148.66628986420244,106,1,0,0,1.468728461426317,0.2
134,227.75458109656756,193,1,0,0,1.4770698441786645,0.2
135,245.02422336974738,149,1,0,0,1.3604467129532163,0.2
136,191.68326350989747,200,1,0,0,1.4945744942193906,0.2
137,189.36855485441572,76,1,0,0,1.4941760482883608,0.2
138,195.7894388882131,42,1,0,0,1.474675488987042,0.2
139,199.03892803304132,48,1,0,0,1.4965057185632256,0.2
140,175.66423684351778,125,1,0,0,1.2887934465918176,0.2
141,146.19488792464605,28,1,0,0,1.445872171691271,0.2
142,151.5374601545059,139,1,0,0,1.4857151660700407,0.2
143,172.57719383323945,30,1,0,0,1.3673645711159783,0.2
144,167.18861078334575,27,1,0,0,1.4808532514808315,0.2
145,123.97818927161967,20,1,0,0,1.415510617958673,0.2
146,122.28934121230068,143,1,0,0,1.2634518232528005,0.2
147,183.9682321998519,33,1,0,0,1.3746944705176498,0.2
148,-6.487224490169165,200,0,0,1,4.096558361293293,0.2
149,187.7121525738648,34,1,0,0,1.4136930844950342,0.2
150,189.026055585301,78,1,0,0,1.4719782766972034,0.2
151,-8.845827861757186,200,0,0,1,3.021446938393853,0.2
152,60.07231237119492,200,0,0,1,2.417101495720936,0.2
153,203.24976111292554,49,1,0,0,1.3963197270088996,0.2
154,121.43300563215946,122,1,0,0,1.4792491379091606,0.2
155,28.339373653721303,200,0,0,1,2.4463823747797564,0.2
156,139.91786627194017,148,1,0,0,1.3235547889260046,0.2
157,167.35494677336334,96,1,0,0,1.4191982780687344,0.2
158,105.76063482378788,200,0,0,1,2.4900753082234792,0.2
159,203.47505778450494,42,1,0,0,1.3396728542827823,0.2
160,206.229116097717,99,1,0,0,1.4409395655086772,0.2
161,156.2915782746519,198,1,0,0,1.430749825859502,0.2
162,153.99363930144494,74,1,0,0,1.418496416074087,0.2
163,207.00487678419825,59,1,0,0,1.301219390349296,0.2
164,136.74960313945778,138,1,0,0,1.4503277763385323,0.2
165,140.27991908091332,22,1,0,0,1.4185398684570059,0.2
166,185.4663378372145,59,1,0,0,1.4669006048560325,0.2
167,172.82176669600346,45,1,0,0,1.440026999187945,0.2
168,190.67295875944689,35,1,0,0,1.4740249117946005,0.2
169,168.75524900198522,26,1,0,0,1.3707865147714389,0.2
170,157.69139594462783,46,1,0,0,1.4741518376002813,0.2
171,163.90576186920555,37,1,0,0,1.4753976758653555,0.2
172,191.95579724128075,197,1,0,0,1.4593656518312672,0.2
173,35.314798652226585,200,0,0,1,2.6838946618601187,0.2
174,169.7015674891727,71,1,0,0,1.4691143169963592,0.2
175,156.73618763833036,20,1,0,0,1.474210405361267,0.2
176,169.1863976772775,47,1,0,0,1.49696088734102,0.2
177,120.19482464396717,182,1,0,0,1.4173851098467167,0.2
178,188.64667123179044,122,1,0,0,1.4657160579501796,0.2
179,150.15897154847613,25,1,0,0,1.4306821854959375,0.2
180,170.20037409305388,25,1,0,0,1.3640318496938866,0.2
181,227.63326309919995,47,1,0,0,1.4864786088758157,0.2
182,143.70043474148116,36,1,0,0,1.4335088805534544,0.2
183,154.93860854608167,30,1,0,0,1.41917826577505,0.2
184,236.84919520097398,55,1,0,0,1.4613135943223858,0.2
185,199.17826065226433,44,1,0,0,1.421234644341568,0.2
186,215.7170722967419,50,1,0,0,1.38490907745631,0.2
187,202.141500136615,40,1,0,0,1.2759221884262937,0.2
188,167.7366373999978,54,1,0,0,1.4954617167302056,0.2
189,152.3128620215939,35,1,0,0,1.4941587815759825,0.2
190,136.73375094974247,92,1,0,0,1.4895953957493966,0.2
191,-50.0,1,0,1,0,1.2134377959512546,0.2
192,200.1286505783844,36,1,0,0,1.3057400627038112,0.2
193,159.52496849908434,28,1,0,0,1.435289103663888,0.2
194,161.39789924069942,31,1,0,0,1.4857822349645076,0.2
195,175.40632579537618,106,1,0,0,1.441078165052374,0.2
196,144.46694894233605,93,1,0,0,1.4552164738248639,0.2
197,142.1607932268657,24,1,0,0,1.2918923020886905,0.2
198,72.6180393671911,200,0,0,1,1.579314275524254,0.2
199,-6.103581256342472,200,0,0,1,3.455732361651506,0.2
200,184.406027644066,46,1,0,0,1.368900250751769,0.2
201,218.5387499659122,39,1,0,0,1.2662898127912656,0.2
202,175.65561555392625,33,1,0,0,1.3611092365615622,0.2
203,151.84663379178195,45,1,0,0,1.4037764408998556,0.2
204,252.93336765186788,62,1,0,0,1.4565608278606694,0.2
205,144.75659120225097,37,1,0,0,1.37936995151876,0.2
206,124.60364787487649,28,1,0,0,1.4650604754978132,0.2
207,125.5737298042763,51,1,0,0,1.3842085998963771,0.2
208,220.0493994922984,68,1,0,0,1.4786224332292532,0.2
209,186.50167611559783,29,1,0,0,1.4059025293264826,0.2
210,-50.0,1,0,1,0,1.9762985689090835,0.2
211,176.66178392711717,33,1,0,0,1.4897148189617764,0.2
212,162.8146038525899,27,1,0,0,1.4769741330114499,0.2
213,184.760588454517,57,1,0,0,1.364362954533508,0.2
214,148.80568225330273,118,1,0,0,1.4860697559102563,0.2
215,165.34099275106396,25,1,0,0,1.4286108886086883,0.2
216,159.53192720006163,66,1,0,0,1.4893665651662387,0.2
217,159.49119487953845,69,1,0,0,1.459058868058873,0.2
218,137.63164717719621,32,1,0,0,1.4374305916963193,0.2
219,114.14303776076554,17,1,0,0,1.446952904040365,0.2
220,140.47957496953444,126,1,0,0,1.3555818057015065,0.2
221,157.72329416952178,31,1,0,0,1.489497708144459,0.2
222,196.3986237706692,72,1,0,0,1.496330626134971,0.2
223,167.8143307717523,42,1,0,0,1.4342010533276621,0.2
224,171.81015213036383,34,1,0,0,1.3174866013627236,0.2
225,117.71480700164842,45,1,0,0,1.4172708242838161,0.2
226,213.93811852432026,38,1,0,0,1.3388787898935444,0.2
227,166.70234066913082,39,1,0,0,1.4897138016471208,0.2
228,182.29819851293433,48,1,0,0,1.4256926160646963,0.2
229,159.34856793701147,24,1,0,0,1.3055491395695797,0.2
230,166.1867483628945,24,1,0,0,1.494676454899412,0.2
231,169.0673684276914,29,1,0,0,1.4050571046854317,0.2
232,189.9251611623398,27,1,0,0,1.3700139660810435,0.2
233,163.49540774254817,36,1,0,0,1.3890475032019343,0.2
234,167.85443543014355,33,1,0,0,1.4497665329339244,0.2
235,182.57760093674122,55,1,0,0,1.425951674316774,0.2
236,203.92838037447154,44,1,0,0,1.4792352603132146,0.2
237,175.63011889188545,38,1,0,0,1.4934288892984424,0.2
238,-2.968301986193936,200,0,0,1,2.8427288574567933,0.2
239,167.23527810494787,27,1,0,0,1.3783476400916008,0.2
240,145.33517422347526,133,1,0,0,1.455465825581724,0.2
241,210.01497653607635,50,1,0,0,1.4257318342596383,0.2
242,189.09017707808772,152,1,0,0,1.4955959023504501,0.2
243,176.5932805220275,36,1,0,0,1.4581477919057795,0.2
244,179.8795597573592,42,1,0,0,1.4822648320065974,0.2
245,134.69357798694259,74,1,0,0,1.4131189368462158,0.2
246,160.22835709215124,39,1,0,0,1.277436766446799,0.2
247,-50.0,1,0,1,0,3.1133146516609136,0.2
248,182.16260139226765,30,1,0,0,1.339397372566212,0.2
249,80.82885114493452,200,0,0,1,3.2046210752367505,0.2
250,43.34459257226667,200,0,0,1,3.0704831860997737,0.2
251,158.25579188465355,27,1,0,0,1.453268573169924,0.2
252,189.92099887829954,27,1,0,0,1.4349930667887958,0.2
253,137.67891056386597,13,1,0,0,1.320433445233882,0.2
254,37.05936029958153,200,0,0,1,3.1511912448009385,0.2
255,174.99538197397783,35,1,0,0,1.390297047358267,0.2
256,136.3344821725977,35,1,0,0,1.4792254304974717,0.2
257,155.3566015788297,34,1,0,0,1.4052150420596101,0.2
258,158.69821640656698,85,1,0,0,1.487904287117695,0.2
259,132.55399758260862,16,1,0,0,1.4788860911927328,0.2
260,183.66133401694196,40,1,0,0,1.4899658744975564,0.2
261,62.45589142266296,200,0,0,1,3.4644093595875676,0.2
262,175.48340568793486,45,1,0,0,1.4923241109736602,0.2
263,166.87221403702816,73,1,0,0,1.434393887969147,0.2
264,162.04448400393497,57,1,0,0,1.4446653128154676,0.2
265,191.72118697903917,60,1,0,0,1.3072438614248154,0.2
266,180.0583965473192,32,1,0,0,1.3748878593218696,0.2
267,168.27367584841602,27,1,0,0,1.4546797751645213,0.2
268,115.80842813111035,9,1,0,0,1.406574862798157,0.2
269,163.11924973821954,30,1,0,0,1.392359755945334,0.2
270,233.078477866331,47,1,0,0,1.4226834196657112,0.2
271,126.46475899187254,28,1,0,0,1.4714486370784456,0.2
272,202.24961855069984,38,1,0,0,1.2229059352985707,0.2
273,-18.712084784226885,200,0,0,1,4.370912103561725,0.2
274,100.98218084092852,2,1,0,0,1.398393309028962,0.2
275,178.82463845962204,44,1,0,0,1.4716628645387455,0.2
276,25.659753167727438,200,0,0,1,2.4129059608828993,0.2
277,149.99601034863989,171,1,0,0,1.4847750487441527,0.2
278,171.02076415582502,38,1,0,0,1.415423789251515,0.2
279,169.9435661681658,28,1,0,0,1.403473617966824,0.2
280,152.49624922473066,77,1,0,0,1.449257181463426,0.2
281,187.56103344264739,33,1,0,0,1.4098406470991556,0.2
282,156.11837675998117,86,1,0,0,1.3992948528547084,0.2
283,179.85293635902352,26,1,0,0,1.3957231401623127,0.2
284,150.85647818523148,113,1,0,0,1.4911995528438033,0.2
285,167.39178437654192,29,1,0,0,1.3804249536234536,0.2
286,220.62978555377032,42,1,0,0,1.303963724544948,0.2
287,214.0891751217231,103,1,0,0,1.4367376260410003,0.2
288,182.89182324420761,76,1,0,0,1.37803975425564,0.2
289,189.2936757567452,115,1,0,0,1.4221860142430678,0.2
290,122.58896951236936,84,1,0,0,1.4853477241161068,0.2
291,-50.0,1,0,1,0,5.217529231645183,0.2
292,129.2305496645483,27,1,0,0,1.3268494659789913,0.2
293,178.28877617236293,33,1,0,0,1.4416485598155375,0.2
294,229.07595139560019,43,1,0,0,1.4306319325811439,0.2
295,35.79257401693124,200,0,0,1,3.2713877498650965,0.2
296,130.0087549689082,71,1,0,0,1.407064906760421,0.2
297,139.7150615059839,60,1,0,0,1.4568110321756698,0.2
298,192.00345847869042,28,1,0,0,1.4024848482312575,0.2
299,193.58138653655442,32,1,0,0,1.4580413956245988,0.2
300,186.91973051478908,32,1,0,0,1.3988177526397663,0.2
301,143.28959763643934,26,1,0,0,1.44190308662429,0.2
302,189.05383680457737,102,1,0,0,1.4446652078792224,0.2
303,149.2038414818222,74,1,0,0,1.430268561016654,0.2
304,176.9976126531262,70,1,0,0,1.455352756001138,0.2
305,119.77286165960868,9,1,0,0,1.3315883278189198,0.2
306,195.00053713171573,33,1,0,0,1.3453586490236489,0.2
307,175.05070525989822,51,1,0,0,1.4248025769150465,0.2
308,154.7214463360397,24,1,0,0,1.4650824914829743,0.2
309,66.73387911103956,200,0,0,1,2.955654753356661,0.2
310,-5.725687669340758,49,0,0,0,3.162945042343934,0.2
311,176.56476810574964,39,1,0,0,1.2743319924335843,0.2
312,135.27089460332593,148,1,0,0,1.489291744822818,0.2
313,155.15169225490888,181,1,0,0,1.4943631096156467,0.2
314,137.9725082229045,174,1,0,0,1.481831182920689,0.2
315,195.3289645482206,60,1,0,0,1.4887247470094567,0.2
316,181.39744968017285,36,1,0,0,1.2636034016184161,0.2
317,171.75173533614077,26,1,0,0,1.3405690923641995,0.2
318,182.52087113188685,71,1,0,0,1.470962720725542,0.2
319,77.758513730104,200,0,0,1,2.328200066368422,0.2
320,120.3876405726481,17,1,0,0,1.4733967227540625,0.2
321,149.04208419243508,34,1,0,0,1.4542825610883252,0.2
322,17.991234323122676,200,0,0,1,2.5849173911563974,0.2
323,175.32496812544616,32,1,0,0,1.499454130707197,0.2
324,190.74713061662806,34,1,0,0,1.4033279228224196,0.2
325,173.22985067343464,28,1,0,0,1.406703431985634,0.2
326,199.86577980589414,28,1,0,0,1.3501392463257045,0.2
327,17.73265057740523,200,0,0,1,2.9903792715735253,0.2
328,206.72662410860664,69,1,0,0,1.4576575125399773,0.2
329,162.5858376332266,27,1,0,0,1.2713730366514389,0.2
330,168.50564552973668,22,1,0,0,1.2152378629528438,0.2
331,143.5043841572031,30,1,0,0,1.4293458316550147,0.2
332,141.61880124361033,66,1,0,0,1.484575096313533,0.2
333,193.7276816215978,188,1,0,0,1.449217343978344,0.2
334,167.44739904887723,30,1,0,0,1.3628641303669213,0.2
335,163.46110613223038,24,1,0,0,1.4568086534553586,0.2
336,8.564741332197713,200,0,0,1,2.85596973679663,0.2
337,168.05253233700626,84,1,0,0,1.4826013088684764,0.2
338,172.29711749119886,57,1,0,0,1.4191672398613329,0.2
339,200.90620014805472,29,1,0,0,1.477138371406191,0.2
340,84.31049040981333,200,0,0,1,1.943421417958528,0.2
341,162.8799185154584,31,1,0,0,1.3861084276209166,0.2
342,210.87347185709623,42,1,0,0,1.3927987698550381,0.2
343,212.79497645344009,42,1,0,0,1.480294276532943,0.2
344,21.547778256874082,41,0,0,0,4.531569546258238,0.2
345,178.8125110300307,22,1,0,0,1.0853996711867377,0.2
346,159.39069438225457,43,1,0,0,1.4473613011468442,0.2
347,-28.215768880948186,200,0,0,1,3.4880670405732,0.2
348,221.37992369999523,41,1,0,0,1.4056387407699025,0.2
349,162.51222540034303,61,1,0,0,1.4810521433689388,0.2
350,166.99720388545393,61,1,0,0,1.4300243710191527,0.2
351,142.53732724749796,60,1,0,0,1.4999784811134622,0.2
352,224.72224387729784,36,1,0,0,1.3895699209204755,0.2
353,226.52691651839547,40,1,0,0,1.3229576097447475,0.2
354,-50.0,1,0,1,0,7.507675786542057,0.2
355,1.8001637451837547,200,0,0,1,3.6087692782611955,0.2
356,240.92196179084107,54,1,0,0,1.4601062220794712,0.2
357,145.22585190291807,23,1,0,0,1.4239589793424947,0.2
358,169.6825249565931,26,1,0,0,1.4705037786740842,0.2
359,212.09167863428218,55,1,0,0,1.4179114428342858,0.2
360,187.9979044996411,70,1,0,0,1.4900267502987947,0.2
361,189.32674024982464,30,1,0,0,1.4952634091432773,0.2
362,164.57403555024158,98,1,0,0,1.350468170112898,0.2
363,183.55909000995325,200,1,0,0,1.4126157992956458,0.2
364,169.35985796238361,136,1,0,0,1.411281528305022,0.2
365,217.44071288122015,43,1,0,0,1.3955850856964764,0.2
366,176.67933044406604,28,1,0,0,1.2867897469227332,0.2
367,100.0,1,1,0,0,1.32209965313326,0.2
368,158.00511631793879,97,1,0,0,1.4463301180426964,0.2
369,46.1151658318247,200,0,0,1,2.993927803002822,0.2
370,174.3195404098206,41,1,0,0,1.4081953993318463,0.2
371,122.10986383350624,76,1,0,0,1.2964198161160079,0.2
372,141.9473513882487,67,1,0,0,1.4855002370439894,0.2
373,140.17924334257688,16,1,0,0,1.485299515992149,0.2
374,168.45450503441828,38,1,0,0,1.4727170293363507,0.2
375,164.6797404458107,87,1,0,0,1.3814843002324968,0.2
376,82.68960950300522,200,0,0,1,2.2765415434739347,0.2
377,23.674384548050426,200,0,0,1,2.87094063554329,0.2
378,163.79333161451478,44,1,0,0,1.2967091599292373,0.2
379,196.35868782882605,33,1,0,0,1.4020499161418074,0.2
380,174.40326813499308,38,1,0,0,1.3763175715637876,0.2
381,163.8741606851211,34,1,0,0,1.301903547440913,0.2
382,100.0,1,1,0,0,0.9984083328699626,0.2
383,167.46411461933357,33,1,0,0,1.4072328929778861,0.2
384,145.14614837992406,43,1,0,0,1.428500461133199,0.2
385,138.2513261968696,20,1,0,0,1.4837507754685642,0.2
386,163.55764478006387,21,1,0,0,1.3566063476839072,0.2
387,-50.0,1,0,1,0,8.048386852189585,0.2
388,166.5349088420549,190,1,0,0,1.4783545726745801,0.2
389,155.80874578688187,32,1,0,0,1.3421205467742983,0.2
390,157.64773260803045,21,1,0,0,1.1363840471328595,0.2
391,190.4925880423212,48,1,0,0,1.3479048699728886,0.2
392,178.09783881102882,28,1,0,0,1.215891946720376,0.2
393,146.01654329505712,28,1,0,0,1.263378302555478,0.2
394,177.12590566384185,30,1,0,0,1.4941564759013304,0.2
395,132.15902747896905,27,1,0,0,1.4918029239917014,0.2
396,161.37135663389898,27,1,0,0,1.4685608622954458,0.2
397,149.9766205121276,28,1,0,0,1.2074434931602667,0.2
398,170.97420587155844,27,1,0,0,1.4064229279671723,0.2
399,158.60781254193762,17,1,0,0,1.3759063994109857,0.2
400,195.81577816449592,30,1,0,0,1.232596002224217,0.2
401,252.38033685779854,63,1,0,0,1.4404550610129037,0.2
402,174.63571665117564,26,1,0,0,1.314718009785945,0.2
403,162.36515806523414,48,1,0,0,1.4887722806940455,0.2
404,193.17605708670487,63,1,0,0,1.450734999122948,0.2
405,190.53399075472174,59,1,0,0,1.4720214383173709,0.2
406,252.71521978625128,47,1,0,0,1.4943620265235091,0.2
407,188.3152836641468,24,1,0,0,1.0595743094289514,0.2
408,202.24561042420282,42,1,0,0,1.366385681816639,0.2
409,214.90926854972773,41,1,0,0,1.3943415126471574,0.2
410,152.45210510173712,43,1,0,0,1.4077873102462748,0.2
411,173.4327367977939,32,1,0,0,1.3502800006875353,0.2
412,168.12204909159448,37,1,0,0,1.3711307996726156,0.2
413,155.54568974478195,24,1,0,0,1.329607399559838,0.2
414,187.41166077835095,83,1,0,0,1.3560234884890274,0.2
415,249.55647076747587,77,1,0,0,1.4974379261551087,0.2
416,183.56231549361348,26,1,0,0,1.1375524329320066,0.2
417,151.17331962820165,24,1,0,0,1.3999389878570663,0.2
418,183.26958385930843,28,1,0,0,1.4189041127552326,0.2
419,156.71881119559453,25,1,0,0,1.19873268012048,0.2
420,163.80062783073407,34,1,0,0,1.475180149014049,0.2
421,177.45710769342685,36,1,0,0,1.20507662170218,0.2
422,204.5341862984522,38,1,0,0,1.44958907446475,0.2
423,141.7111752344666,27,1,0,0,1.3205712336349091,0.2
424,139.4148346812632,29,1,0,0,1.1843955888650977,0.2
425,-0.9526157750593436,200,0,0,1,4.355655756006755,0.2
426,147.0159068780048,30,1,0,0,1.1700237958461706,0.2
427,162.00360613443183,21,1,0,0,1.395687319375266,0.2
428,150.17209970933712,22,1,0,0,1.2577676732731409,0.2
429,29.58430659864623,200,0,0,1,1.8800851470975213,0.2
430,225.01930820894592,42,1,0,0,1.3433401718436988,0.2
431,123.99585507909069,21,1,0,0,1.4586384321285824,0.2
432,223.19071832986643,56,1,0,0,1.4909237533517112,0.2
433,159.6985181497986,30,1,0,0,1.3661130911905734,0.2
434,211.36529511054636,81,1,0,0,1.4613620078547387,0.2
435,179.28494351474694,40,1,0,0,1.4189539518630852,0.2
436,221.14492005421965,87,1,0,0,1.4819747396747986,0.2
437,170.52295984992642,21,1,0,0,1.3136677142619477,0.2
438,229.5270579888596,52,1,0,0,1.4612280738002195,0.2
439,161.8197799209002,39,1,0,0,1.4472890560439788,0.2
440,151.54932164200773,40,1,0,0,1.4664002482459975,0.2
441,190.23767897692284,40,1,0,0,1.265711109679006,0.2
442,162.32239095964255,73,1,0,0,1.3926221264657077,0.2
443,150.9883009272878,33,1,0,0,1.4554350350099616,0.2
444,226.26198060450884,45,1,0,0,1.3994513647660782,0.2
445,128.90066783791644,20,1,0,0,1.3536449028817388,0.2
446,247.74263535991213,96,1,0,0,1.44102733527094,0.2
447,164.06582257415627,21,1,0,0,1.378857625777671,0.2
448,175.50103803928374,118,1,0,0,1.3944888314162718,0.2
449,183.23647785667444,26,1,0,0,1.4555545516371977,0.2
450,191.33705602454017,51,1,0,0,1.4748843454649139,0.2
451,191.2328156109338,36,1,0,0,1.4922338639231711,0.2
452,162.9933647249297,70,1,0,0,1.4890792913544286,0.2
453,149.98778297915354,22,1,0,0,1.3582254877358422,0.2
454,255.91690056381572,72,1,0,0,1.4819952720718155,0.2
455,-50.0,1,0,1,0,3.1605328863115543,0.2
456,176.01019144738441,20,1,0,0,1.4370919361551115,0.2
457,150.81748455089217,34,1,0,0,1.473842438909149,0.2
458,157.33175367893847,36,1,0,0,1.485254587396073,0.2
459,184.59616626475946,28,1,0,0,1.1379523672121408,0.2
460,166.8409529521407,80,1,0,0,1.4580669491656633,0.2
461,167.3669265076445,183,1,0,0,1.4298691244150274,0.2
462,182.62960741343198,27,1,0,0,1.3288542416477416,0.2
463,211.90399014050453,49,1,0,0,1.4228573998341634,0.2
464,178.9359874529408,26,1,0,0,1.3689294285213554,0.2
465,164.72327702855546,29,1,0,0,1.4659329221262334,0.2
466,191.2805798233352,35,1,0,0,1.4620141833281157,0.2
467,242.39953757126935,46,1,0,0,1.3260615280576502,0.2
468,135.56166777769664,53,1,0,0,1.4935872057704362,0.2
469,174.4350077222128,47,1,0,0,1.3382286799550722,0.2
470,37.09352824655826,200,0,0,1,2.131604680425045,0.2
471,187.46570566585638,29,1,0,0,1.4174044627687816,0.2
472,179.58548759285918,36,1,0,0,1.242691047576228,0.2
473,168.10389267331803,29,1,0,0,1.475237609049644,0.2
474,166.49761458002473,24,1,0,0,1.4239256721806548,0.2
475,229.86093211499394,45,1,0,0,1.4807104151949702,0.2
476,188.03245061182776,39,1,0,0,1.379850234319552,0.2
477,140.71195952423122,24,1,0,0,1.453755499306285,0.2
478,174.09774288749122,33,1,0,0,1.474975577987057,0.2
479,136.91199872098844,35,1,0,0,1.3683770013862173,0.2
480,209.75533780095924,37,1,0,0,1.4311145631204534,0.2
481,151.91055440459613,25,1,0,0,1.4922311952222536,0.2
482,183.33426290648927,66,1,0,0,1.486200678533575,0.2
483,226.9740470737474,42,1,0,0,1.4651583943671063,0.2
484,171.74734301664836,49,1,0,0,1.4942093917970538,0.2
485,111.08227912919956,23,1,0,0,1.4066131264687323,0.2
486,204.39839774612122,29,1,0,0,1.3064566018978407,0.2
487,149.45898787352107,63,1,0,0,1.4854746271987072,0.2
488,132.7195887627535,19,1,0,0,1.3832299193680493,0.2
489,148.92403375819504,147,1,0,0,1.3459676260484053,0.2
490,172.6482531155466,27,1,0,0,1.4031882903555135,0.2
491,134.882227984903,18,1,0,0,1.4822797083519592,0.2
492,255.5104124103891,52,1,0,0,1.365702653039031,0.2
493,168.94902344715848,29,1,0,0,1.0795935114281265,0.2
494,186.20081445325786,40,1,0,0,1.2911710642217087,0.2
495,-50.0,1,0,1,0,8.11504837285425,0.2
496,120.21494773585263,91,1,0,0,1.4746026451732999,0.2
497,186.69175107418198,44,1,0,0,1.4353465807554942,0.2
498,194.56203663210385,86,1,0,0,1.4652604127949982,0.2
499,166.0006181842217,29,1,0,0,1.2725170442407174,0.2
500,35.21411135284078,200,0,0,1,2.611589690819127,0.2
501,147.40034119242432,88,1,0,0,1.4747807381599363,0.2
502,151.85972427669304,172,1,0,0,1.479894373226519,0.2
503,151.97580894521167,20,1,0,0,1.4961866668215362,0.2
504,137.11464303406822,23,1,0,0,1.4540758859093952,0.2
505,164.71772189960248,29,1,0,0,1.418440299649652,0.2
506,180.5245926698857,31,1,0,0,1.4927358758982516,0.2
507,225.3520252213769,62,1,0,0,1.4369646693799787,0.2
508,164.46504959721818,30,1,0,0,1.1771594348315697,0.2
509,196.28012740487108,33,1,0,0,1.4635008678981114,0.2
510,171.1914769539936,28,1,0,0,1.3507079365288874,0.2
511,150.0255179932356,44,1,0,0,1.4443844353418636,0.2
512,134.44289393164925,19,1,0,0,1.48253550480655,0.2
513,175.47027493161056,75,1,0,0,1.3769246831473776,0.2
514,145.7815053529368,25,1,0,0,1.4404830397843127,0.2
515,123.92826246457162,140,1,0,0,1.4692934389860612,0.2
516,124.60332990616871,49,1,0,0,1.2598728263538366,0.2
517,136.1669784718663,17,1,0,0,1.0460926825924377,0.2
518,147.73367424927977,17,1,0,0,1.3922384873913876,0.2
519,164.34982434588647,27,1,0,0,1.2115655385522877,0.2
520,161.1360921930838,47,1,0,0,1.4766119114886955,0.2
521,195.55704415085154,57,1,0,0,1.4827110616053985,0.2
522,156.52266628216523,26,1,0,0,1.356061689608519,0.2
523,167.13850153836302,29,1,0,0,1.383067006887191,0.2
524,112.74951425729772,60,1,0,0,1.4636625050983474,0.2
525,155.56439972733452,28,1,0,0,1.4254053838250977,0.2
526,167.57024042601307,24,1,0,0,1.37374676715362,0.2
527,163.84427202270018,35,1,0,0,1.3287375961018772,0.2
528,142.77284548899073,35,1,0,0,1.4733500178769654,0.2
529,150.6279899925971,23,1,0,0,1.4963849229423871,0.2
530,186.31863661806906,51,1,0,0,1.4964215849621292,0.2
531,164.05268444944417,31,1,0,0,1.32909024905996,0.2
532,176.33481396251273,25,1,0,0,1.4929373652191296,0.2
533,230.1411845210382,44,1,0,0,1.4458390720994942,0.2
534,164.74650894463537,35,1,0,0,1.2874316542614033,0.2
535,168.2108866856191,39,1,0,0,1.379710013986105,0.2
536,144.60248614270924,33,1,0,0,1.492118703092807,0.2
537,151.33405820715942,43,1,0,0,1.4868232945220383,0.2
538,170.8364094746964,24,1,0,0,1.3277705596098255,0.2
539,210.37805612503385,44,1,0,0,1.4690149102761683,0.2
540,238.10224291658685,51,1,0,0,1.2659475082289497,0.2
541,190.17006395657194,25,1,0,0,1.3403696086299957,0.2
542,177.1572772289137,33,1,0,0,1.3568256352568473,0.2
543,12.941534423507724,200,0,0,1,2.702753626174868,0.2
544,162.42793889267185,38,1,0,0,1.4833705138611355,0.2
545,159.8489299375841,156,1,0,0,1.2824512041437814,0.2
546,229.92366662020666,67,1,0,0,1.4993403448775464,0.2
547,178.9378211058525,50,1,0,0,1.4773037602288595,0.2
548,223.27642625070786,60,1,0,0,1.4330811861643156,0.2
549,159.27074783886414,22,1,0,0,1.424717354316138,0.2
550,136.02837035083428,72,1,0,0,1.4283069411728204,0.2
551,208.3218546773656,49,1,0,0,1.3593812101350922,0.2
552,136.981776378154,197,1,0,0,1.439302671628333,0.2
553,190.33787715319914,66,1,0,0,1.474607924897066,0.2
554,145.05235789507128,139,1,0,0,1.3921948380400073,0.2
555,178.41328431683814,36,1,0,0,1.325385006729039,0.2
556,202.7767818357886,29,1,0,0,1.4393123146475186,0.2
557,151.31551427013716,20,1,0,0,1.3275626869434665,0.2
558,191.79848387737417,41,1,0,0,1.4768555700570096,0.2
559,190.707540591916,33,1,0,0,1.341090749777169,0.2
560,173.71903624654593,49,1,0,0,1.3252689995734759,0.2
561,219.78808512023727,37,1,0,0,1.1563319455764514,0.2
562,172.74242337440876,33,1,0,0,1.365353258641825,0.2
563,186.2245949425337,30,1,0,0,1.1553354094339061,0.2
564,169.43837933493094,32,1,0,0,1.4027158221598601,0.2
565,133.7705016303411,85,1,0,0,1.4232039302787032,0.2
566,189.1546902365195,31,1,0,0,1.4774673961979885,0.2
567,167.33122399756536,34,1,0,0,1.4733109482174296,0.2
568,181.55293266760867,31,1,0,0,1.4147566274445553,0.2
569,-50.0,1,0,1,0,7.678035889514819,0.2
570,197.16731419323742,31,1,0,0,1.4363374778529778,0.2
571,201.52984370226258,36,1,0,0,1.4788637012768893,0.2
572,163.82341079637018,24,1,0,0,1.4267132520877845,0.2
573,139.1062933577797,23,1,0,0,1.3372597175009957,0.2
574,156.95993066960528,38,1,0,0,1.488924803751849,0.2
575,240.1015183423382,49,1,0,0,1.3970280766473282,0.2
576,161.06299183797572,37,1,0,0,1.4318569575736133,0.2
577,152.32517252991556,61,1,0,0,1.49264280727765,0.2
578,169.6080786815756,24,1,0,0,1.385909366572961,0.2
579,202.3732795115895,32,1,0,0,1.4669201002602787,0.2
580,128.05099870762416,13,1,0,0,1.297489331460495,0.2
581,240.19247545884758,65,1,0,0,1.486763767000169,0.2
582,119.54566491936268,37,1,0,0,1.4875447990227768,0.2
583,174.8503508720445,27,1,0,0,1.4850225005144395,0.2
584,212.46747968153934,45,1,0,0,1.4831150522459373,0.2
585,129.9667192918505,22,1,0,0,1.2521611139427162,0.2
586,176.83069862372398,28,1,0,0,1.467908072513444,0.2
587,114.70935647504045,9,1,0,0,1.3461115076401484,0.2
588,164.06021271768788,65,1,0,0,1.469941938932944,0.2
589,155.3662206300664,20,1,0,0,1.312681080518091,0.2
590,191.58784145948317,26,1,0,0,1.4191275495611742,0.2
591,185.59727755564825,28,1,0,0,1.448038122536077,0.2
592,220.82796134133915,47,1,0,0,1.300718993431496,0.2
593,150.6207448847607,42,1,0,0,1.4907883926083891,0.2
594,186.4836681049195,46,1,0,0,1.46221054742536,0.2
595,152.2863457074937,30,1,0,0,1.4367353915417533,0.2
596,164.3580748277905,31,1,0,0,1.4046382825882422,0.2
597,170.29293383326083,26,1,0,0,1.3425784887586922,0.2
598,209.29506651459576,37,1,0,0,1.2280416155250395,0.2
599,151.44883270683732,23,1,0,0,1.3753273084678035,0.2
600,224.43194703023786,48,1,0,0,1.4719011885646058,0.2
601,166.95084984526642,30,1,0,0,1.4779332888868415,0.2
602,208.2824841662951,33,1,0,0,1.3123556866958854,0.2
603,204.86063905247613,36,1,0,0,1.4756294961398806,0.2
604,145.50458756174135,20,1,0,0,1.477930066455472,0.2
605,134.13168100080975,181,1,0,0,1.4862279935246254,0.2
606,147.3972215335326,91,1,0,0,1.3073236698067443,0.2
607,145.2139139668253,29,1,0,0,1.4939514816708634,0.2
608,169.03275180386868,48,1,0,0,1.4598410573653349,0.2
609,175.028952526923,31,1,0,0,1.4622600005978037,0.2
610,190.86356942312358,34,1,0,0,1.3801461245805722,0.2
611,196.93838660128364,32,1,0,0,1.377264116565242,0.2
612,269.6717073160638,62,1,0,0,1.3054776000072046,0.2
613,209.94519703209278,29,1,0,0,1.4850375909621627,0.2
614,205.81738708275478,32,1,0,0,1.4605254190333095,0.2
615,184.67313980787148,27,1,0,0,1.4504346165301127,0.2
616,63.46030626717993,200,0,0,1,2.4905006718232308,0.2
617,155.48846539815173,22,1,0,0,1.4352343280818893,0.2
618,136.39384042037494,12,1,0,0,1.3752250504279337,0.2
619,150.2119576409102,80,1,0,0,1.4937038635310462,0.2
620,147.69569615992097,18,1,0,0,1.3177847681107993,0.2
621,181.40645393996363,29,1,0,0,1.305427441050384,0.2
622,155.46953702136835,54,1,0,0,1.4295726125290218,0.2
623,175.99341046919892,29,1,0,0,1.3738510261548467,0.2
624,191.41837839253662,33,1,0,0,1.36731872633673,0.2
625,165.13652482210287,28,1,0,0,1.3949998879012102,0.2
626,181.49500115900736,25,1,0,0,1.3370524686885799,0.2
627,229.67457792368558,47,1,0,0,1.3949097145911529,0.2
628,51.82505199222151,200,0,0,1,3.07050066180975,0.2
629,244.8124789110708,60,1,0,0,1.4140277236678132,0.2
630,160.87322088183012,20,1,0,0,1.3387963623562757,0.2
631,149.47314082067066,43,1,0,0,1.339660227349914,0.2
632,166.03792640711404,38,1,0,0,1.378127648115606,0.2
633,155.79914097986307,30,1,0,0,1.1588287013901255,0.2
634,194.9311048374696,32,1,0,0,1.447825792820043,0.2
635,127.55973370433927,29,1,0,0,1.4490694809785865,0.2
636,133.6261349516862,170,1,0,0,1.471350947629137,0.2
637,153.1834349676474,19,1,0,0,1.2021518235483812,0.2
638,204.20095764663145,118,1,0,0,1.461558024911985,0.2
639,167.7027701330149,37,1,0,0,1.1820595604923125,0.2
640,190.00979840657428,32,1,0,0,1.2713870776386342,0.2
641,150.15596219055834,36,1,0,0,1.4716050310504776,0.2
642,146.35131091329885,81,1,0,0,1.4417400906403866,0.2
643,162.7878056426981,23,1,0,0,1.2834670198270481,0.2
644,187.62265125041796,30,1,0,0,1.4771286530489136,0.2
645,161.4400149662564,31,1,0,0,1.493895696965001,0.2
646,3.1705882902193663,200,0,0,1,2.858690434819571,0.2
647,190.84999997315217,35,1,0,0,1.459787989756024,0.2
648,122.07381947769564,14,1,0,0,1.459425978267053,0.2
649,177.13309068673763,23,1,0,0,1.3922527399604578,0.2
650,147.26251155970508,23,1,0,0,1.394892304997879,0.2
651,209.02704117205613,55,1,0,0,1.4743131995613512,0.2
652,153.19700123472316,26,1,0,0,1.4185840252295552,0.2
653,166.6877012124003,18,1,0,0,1.4043491767332839,0.2
654,167.13667548313424,30,1,0,0,1.382554528794753,0.2
655,133.14398784528262,13,1,0,0,1.4458166046229934,0.2
656,172.71599352659075,23,1,0,0,1.4057343199762449,0.2
657,171.83325338646887,26,1,0,0,1.2234355622220343,0.2
658,189.13905603020754,28,1,0,0,1.2769950567282315,0.2
659,173.686520266401,24,1,0,0,1.4341690050391431,0.2
660,231.05216460631996,53,1,0,0,1.3234310781444711,0.2
661,188.98290801182603,44,1,0,0,1.4533026088282934,0.2
662,161.6225335346951,23,1,0,0,1.3564314365494228,0.2
663,151.9854957764905,20,1,0,0,1.439137543438005,0.2
664,144.50464965975414,63,1,0,0,1.480946278260461,0.2
665,220.60665984643333,46,1,0,0,1.3409305005553784,0.2
666,160.67250331201174,15,1,0,0,1.4874664703308813,0.2
667,226.45604823712307,42,1,0,0,1.3770105197004479,0.2
668,228.42500809916365,45,1,0,0,1.3054053070853495,0.2
669,165.21528343043434,33,1,0,0,1.2716481642554307,0.2
670,142.06369320271278,22,1,0,0,1.21648660201047,0.2
671,136.9906628858847,51,1,0,0,1.3156063750712312,0.2
672,107.89386696481311,136,1,0,0,1.455460054213163,0.2
673,157.57457370589705,18,1,0,0,1.395792061939872,0.2
674,131.80871703841547,10,1,0,0,1.2928174726031267,0.2
675,195.124754388131,31,1,0,0,1.184462863360464,0.2
676,139.6037589938478,22,1,0,0,1.2853653833009653,0.2
677,190.87174516156279,57,1,0,0,1.3874593720062693,0.2
678,168.83535642089961,20,1,0,0,1.4019774771093383,0.2
679,168.98387826738713,23,1,0,0,1.425148509956013,0.2
680,183.29697337718983,28,1,0,0,1.3767651724038972,0.2
681,97.37171002340466,115,1,0,0,1.4606576437669714,0.2
682,159.77921608725782,181,1,0,0,1.45210725305164,0.2
683,253.64786543494247,48,1,0,0,1.4140873565640768,0.2
684,185.5027184813367,44,1,0,0,1.416460336839766,0.2
685,168.04508755039677,26,1,0,0,1.476390232554928,0.2
686,133.78426518535204,49,1,0,0,1.4469268410894702,0.2
687,159.95010264049247,83,1,0,0,1.4895340276889018,0.2
688,168.1950129607926,30,1,0,0,1.494561482331403,0.2
689,162.2856274189017,22,1,0,0,1.383255462384556,0.2
690,185.40012376836648,37,1,0,0,1.3922258677966346,0.2
691,183.27107609227465,22,1,0,0,1.4289648389930358,0.2
692,232.25693709842102,44,1,0,0,1.4005019094228426,0.2
693,156.52004025068757,96,1,0,0,1.2903135846050093,0.2
694,167.82556682323508,143,1,0,0,1.2759076780477405,0.2
695,184.0304028366397,42,1,0,0,1.4095651531730877,0.2
696,164.70571126098142,18,1,0,0,1.2139423688885682,0.2
697,235.11564741001942,52,1,0,0,1.4511918518581262,0.2
698,134.4959352752849,13,1,0,0,1.4225844548797884,0.2
699,184.46448242850033,59,1,0,0,1.3817725501773628,0.2
700,-47.81873345797887,2,0,1,0,4.320724977381521,0.2
701,171.55373229094056,19,1,0,0,1.2538676903016297,0.2
702,116.24805549460868,49,1,0,0,1.4991179433466613,0.2
703,140.86287298043007,25,1,0,0,1.3691840009825156,0.2
704,207.35211736765626,40,1,0,0,1.4321417536459307,0.2
705,192.22729256434081,37,1,0,0,1.3538452834892205,0.2
706,181.4676800557434,26,1,0,0,1.4954529434346875,0.2
707,153.1009547188899,17,1,0,0,1.4479429517130087,0.2
708,239.03316186735444,51,1,0,0,1.348531093143638,0.2
709,208.83235690875964,51,1,0,0,1.4213776436244703,0.2
710,139.77729027239855,11,1,0,0,1.4443079449482596,0.2
711,202.3108543617161,29,1,0,0,1.4756678107187293,0.2
712,210.41655107435042,68,1,0,0,1.4622573032320159,0.2
713,189.43559775129825,30,1,0,0,1.4263652793979698,0.2
714,127.31833735179711,20,1,0,0,1.48211207452025,0.2
715,113.95989073572827,10,1,0,0,1.4528273324650913,0.2
716,173.25224474591045,34,1,0,0,1.374866643785238,0.2
717,192.47651372742666,24,1,0,0,1.4544775772230936,0.2
718,128.39174912529128,86,1,0,0,1.4136716186397948,0.2
719,107.07518247173674,10,1,0,0,1.4745608317234877,0.2
720,-50.0,1,0,1,0,7.51934397839508,0.2
721,215.32917891216195,39,1,0,0,1.3437247105049686,0.2
722,131.10607104692266,51,1,0,0,1.2497969594213374,0.2
723,241.6024246682688,54,1,0,0,1.4418471421525294,0.2
724,196.0283851834094,36,1,0,0,1.417575500108677,0.2
725,159.73375749049026,26,1,0,0,1.2837402487526821,0.2
726,141.976563002698,29,1,0,0,1.4171203435257127,0.2
727,225.26973841768182,38,1,0,0,1.3839892690313411,0.2
728,156.76700660217057,139,1,0,0,1.460364858821802,0.2
729,201.64305024029272,39,1,0,0,1.4440013713245359,0.2
730,213.4440873842107,43,1,0,0,1.4523230578670037,0.2
731,213.41676498763766,38,1,0,0,1.2659044700559765,0.2
732,161.3399994890919,22,1,0,0,1.4863415958470103,0.2
733,-5.783638355054064,200,0,0,1,2.747079859454799,0.2
734,180.10969213556405,34,1,0,0,1.4713998627200202,0.2
735,174.20219469717554,44,1,0,0,1.4638940595921024,0.2
736,179.90727634681042,34,1,0,0,1.3994822025406368,0.2
737,136.2441015344836,16,1,0,0,1.4958285884153417,0.2
738,202.61836867262974,35,1,0,0,1.2960549172374214,0.2
739,159.37281952732343,25,1,0,0,1.4201507928741683,0.2
740,156.0241590660341,51,1,0,0,1.4312801315219805,0.2
741,174.850223900655,107,1,0,0,1.2578615453261042,0.2
742,144.08884532708544,13,1,0,0,1.36951470916718,0.2
743,161.62729112675805,30,1,0,0,1.3857201427385755,0.2
744,168.5626457356524,30,1,0,0,1.4861563291432442,0.2
745,40.11230523276328,200,0,0,1,2.901255533611817,0.2
746,-15.070370664353707,200,0,0,1,3.646459442233153,0.2
747,182.8921635697631,39,1,0,0,1.464298786128651,0.2
748,157.88437080640594,194,1,0,0,1.4857202998558727,0.2
749,129.31101182761077,23,1,0,0,1.391327199480791,0.2
750,154.06484951699,83,1,0,0,1.4846999694096692,0.2
751,-50.0,1,0,1,0,3.202512143701403,0.2
752,203.2164459728416,41,1,0,0,1.421425613239294,0.2
753,211.95237132015305,39,1,0,0,1.2433064683937827,0.2
754,158.81201600070733,39,1,0,0,1.393822782487775,0.2
755,155.99377911269997,24,1,0,0,1.444636600408336,0.2
756,158.48935017483623,21,1,0,0,1.465954030032205,0.2
757,175.07767404750837,28,1,0,0,1.1753989440703245,0.2
758,196.13904510033174,30,1,0,0,1.4185463431340273,0.2
759,178.17234005034766,26,1,0,0,1.4277751165265775,0.2
760,175.60440577202553,26,1,0,0,1.3581128759420222,0.2
761,163.59581755401342,23,1,0,0,1.4805764636952607,0.2
762,-3.3995049371512662,200,0,0,1,2.6425666019505125,0.2
763,106.49619946748794,47,1,0,0,1.446741986460479,0.2
764,162.69173795490215,22,1,0,0,1.295213882259428,0.2
765,247.9336135839487,54,1,0,0,1.394191032586985,0.2
766,177.70520711597544,25,1,0,0,1.2325014741005786,0.2
767,150.39570885595464,22,1,0,0,1.491806134948723,0.2
768,239.05177882799327,57,1,0,0,1.452585467137476,0.2
769,169.65254138848138,32,1,0,0,1.2404543471146983,0.2
770,190.55254079665048,25,1,0,0,1.3611701353925945,0.2
771,181.76005428733703,29,1,0,0,1.2892367073790727,0.2
772,145.83914104996438,21,1,0,0,1.2165255813766653,0.2
773,132.3211207351183,15,1,0,0,1.3262076169495307,0.2
774,178.50306094684603,51,1,0,0,1.4634899053681394,0.2
775,153.23280414073906,23,1,0,0,1.4421187425471813,0.2
776,114.5043840682593,16,1,0,0,1.4473772995004588,0.2
777,145.50561021531604,18,1,0,0,1.2451972507259705,0.2
778,142.23913807548433,13,1,0,0,1.4042527202916102,0.2
779,177.8956524233858,31,1,0,0,1.4379992931058343,0.2
780,133.96180940575502,53,1,0,0,1.4886701044103814,0.2
781,167.59550992906046,20,1,0,0,1.1324443041500787,0.2
782,194.9097715363812,90,1,0,0,1.3421105478941417,0.2
783,146.66475293125296,18,1,0,0,1.4320463203858829,0.2
784,165.2634218610908,25,1,0,0,1.3006291880523762,0.2
785,129.57094676677585,29,1,0,0,1.482498497158869,0.2
786,204.76231223013139,39,1,0,0,1.3514835564892353,0.2
787,157.27379391720345,59,1,0,0,1.3896528586157266,0.2
788,167.8452565986077,28,1,0,0,1.4028464281127253,0.2
789,256.04453749985737,58,1,0,0,1.4129590926739923,0.2
790,151.605463488133,17,1,0,0,1.3069810501796488,0.2
791,179.97175127764638,28,1,0,0,1.3872788818769828,0.2
792,226.08717830598601,43,1,0,0,1.4487810022463474,0.2
793,159.64003438637334,24,1,0,0,1.2882030467949097,0.2
794,-50.0,1,0,1,0,8.503728633144608,0.2
795,230.2990910374181,45,1,0,0,1.1649296944657532,0.2
796,140.27464058309067,16,1,0,0,1.4571584975352294,0.2
797,177.28648089859612,27,1,0,0,1.4357078031268617,0.2
798,168.65077934041494,24,1,0,0,1.4302217114368916,0.2
799,183.36697490908256,25,1,0,0,1.3740778407506236,0.2
800,181.6938041387835,46,1,0,0,1.3439886185690884,0.2
801,175.08529285035974,92,1,0,0,1.4651575521526077,0.2
802,174.45045692447601,29,1,0,0,1.4699479909435123,0.2
803,177.06726761313186,60,1,0,0,1.4715812647575814,0.2
804,172.14648231620993,30,1,0,0,1.4224051418274875,0.2
805,159.5248768501025,22,1,0,0,1.3198499844062015,0.2
806,209.2453652848307,35,1,0,0,1.4672518514176154,0.2
807,189.6641434062517,33,1,0,0,1.4716274277357266,0.2
808,174.57073269041175,49,1,0,0,1.4092609461896035,0.2
809,179.33700386851353,23,1,0,0,1.3202580302220173,0.2
810,214.53996579219753,37,1,0,0,1.4941306835440815,0.2
811,159.4456440722321,25,1,0,0,1.3229341775859529,0.2
812,173.23271001621032,27,1,0,0,1.4147213635871259,0.2
813,146.31325131648794,44,1,0,0,1.4930617168732234,0.2
814,159.8999283218388,36,1,0,0,1.3576904705645558,0.2
815,169.59192721664834,23,1,0,0,1.3836198984099726,0.2
816,142.43984106391312,20,1,0,0,1.4366231689833624,0.2
817,174.53823382893987,21,1,0,0,1.4442956222014467,0.2
818,225.70778583274495,44,1,0,0,1.448629559024612,0.2
819,185.79770254341128,32,1,0,0,1.4778445878057085,0.2
820,169.45132719182288,23,1,0,0,1.4892548137142851,0.2
821,160.0323839792639,64,1,0,0,1.4928287576148178,0.2
822,222.8446970849135,50,1,0,0,1.4065380649387516,0.2
823,186.92009919414653,25,1,0,0,1.2974866270426342,0.2
824,195.57841130747303,36,1,0,0,1.4415290460637167,0.2
825,190.34342110727184,26,1,0,0,1.4277825582334336,0.2
826,142.96473832050725,66,1,0,0,1.473993432239923,0.2
827,148.52877889035594,64,1,0,0,1.4877097445457506,0.2
828,180.49005760491286,37,1,0,0,1.419592884284799,0.2
829,216.68608260288354,45,1,0,0,1.3083663669018328,0.2
830,188.63711438787314,33,1,0,0,1.4352340278125786,0.2
831,131.74516079962243,200,0,0,1,1.5041365944845337,0.2
832,185.09981335295575,28,1,0,0,1.4546143525232307,0.2
833,162.95138416533158,43,1,0,0,1.4954119322249266,0.2
834,146.485903000289,16,1,0,0,1.4694511536890762,0.2
835,170.16195025506045,41,1,0,0,1.1712848558778883,0.2
836,164.89378600456212,29,1,0,0,1.385880072426227,0.2
837,118.44634405193948,11,1,0,0,1.3458078172981158,0.2
838,128.66505776547586,22,1,0,0,1.4629363475426476,0.2
839,167.43125784894988,18,1,0,0,1.1804585407791308,0.2
840,-50.0,1,0,1,0,6.127921630594882,0.2
841,45.2083569737969,200,0,0,1,2.111116011943314,0.2
842,225.6008639597617,43,1,0,0,1.2225804861495182,0.2
843,177.5085230288102,40,1,0,0,1.4972499026500625,0.2
844,149.99099538673545,36,1,0,0,1.4650597275681123,0.2
845,187.5601995821319,32,1,0,0,1.4843202648431923,0.2
846,171.79604610205936,31,1,0,0,1.4341316788220126,0.2
847,211.6492315123122,35,1,0,0,1.4893451804936018,0.2
848,189.43945601260185,58,1,0,0,1.4633133559336695,0.2
849,133.73031171094954,23,1,0,0,1.4676753259479052,0.2
850,176.86494557160208,32,1,0,0,1.445811215326174,0.2
851,54.69872510309928,200,0,0,1,2.5171164819701968,0.2
852,127.67139814155124,58,1,0,0,1.378773072212303,0.2
853,266.27888521158565,57,1,0,0,1.3486582843663386,0.2
854,172.18343435829775,149,1,0,0,1.4721809066472236,0.2
855,192.13814801872243,59,1,0,0,1.4346848601907796,0.2
856,162.70325954803775,64,1,0,0,1.4977284390040404,0.2
857,179.75427788902687,26,1,0,0,1.2983573609366073,0.2
858,241.41783816419107,51,1,0,0,1.33830594090867,0.2
859,155.6352093351712,27,1,0,0,1.284460307359368,0.2
860,149.51450029986933,18,1,0,0,1.4608287018513764,0.2
861,131.20088464353574,22,1,0,0,1.4951891714427177,0.2
862,122.8329969442391,9,1,0,0,1.467796389057242,0.2
863,145.31118669062457,27,1,0,0,1.2869561537445748,0.2
864,146.49847374674923,30,1,0,0,1.4905855574462148,0.2
865,144.17350984998052,21,1,0,0,1.4009571315905265,0.2
866,229.18591858333608,46,1,0,0,1.3270005146260018,0.2
867,132.03515648783645,17,1,0,0,1.4771795003789046,0.2
868,146.3103967618272,66,1,0,0,1.4377386226280606,0.2
869,147.2813602365393,24,1,0,0,1.457521704964107,0.2
870,191.63865937684494,35,1,0,0,1.4031189330418965,0.2
871,138.52533546937926,20,1,0,0,1.4137217902003725,0.2
872,165.50997576376477,16,1,0,0,1.3508965843724372,0.2
873,187.29991159265722,96,1,0,0,1.4327507207285375,0.2
874,173.35870673611552,49,1,0,0,1.403529553350626,0.2
875,189.99645051404445,33,1,0,0,1.4860700378891567,0.2
876,153.27150992696633,19,1,0,0,1.3925404148923617,0.2
877,190.6976900131918,34,1,0,0,1.2497015925008654,0.2
878,146.56328906995898,19,1,0,0,1.40472514601444,0.2
879,167.60658246893334,128,1,0,0,1.475485912086177,0.2
880,-50.0,1,0,1,0,5.410041262781658,0.2
881,209.65616065041036,35,1,0,0,1.4426033457757843,0.2
882,173.7055211792038,28,1,0,0,1.4546617107248643,0.2
883,243.60211777288893,54,1,0,0,1.4831072945858585,0.2
884,187.35426420137964,42,1,0,0,1.478611688153243,0.2
885,132.0876874595219,16,1,0,0,1.3186158826541368,0.2
886,198.72176493585806,32,1,0,0,1.333425693412408,0.2
887,117.86442128707273,55,1,0,0,1.4648289475766472,0.2
888,153.5684452101699,18,1,0,0,1.445394346859924,0.2
889,156.07694121844497,18,1,0,0,1.2378291779074844,0.2
890,166.64953642417,30,1,0,0,1.359758713188,0.2
891,232.86848021885078,76,1,0,0,1.48487735815504,0.2
892,3.8438797283591963,200,0,0,1,2.0341219701942626,0.2
893,178.3655424073341,45,1,0,0,1.2945291743529732,0.2
894,159.55462039309333,19,1,0,0,1.2482083420606276,0.2
895,173.8435394944134,28,1,0,0,1.3709386022013013,0.2
896,181.65910315928366,27,1,0,0,1.465329467217527,0.2
897,177.2134537456498,28,1,0,0,1.489694262429496,0.2
898,242.63620542088435,49,1,0,0,1.4024445284686489,0.2
899,-8.157571757707785,200,0,0,1,3.258710170754257,0.2
900,188.1117521214953,44,1,0,0,1.492018679371879,0.2
901,189.32732274141415,95,1,0,0,1.4941603275033053,0.2
902,155.14773742878583,22,1,0,0,1.4600981467856469,0.2
903,123.55848613206138,22,1,0,0,1.4807227861730656,0.2
904,220.4444320854198,37,1,0,0,1.294120445039525,0.2
905,166.37751969173706,26,1,0,0,1.4643546493557462,0.2
906,164.15348204900386,25,1,0,0,1.4776706173489684,0.2
907,199.2267318940664,37,1,0,0,1.4703010212844214,0.2
908,172.84367331815204,71,1,0,0,1.4793988440228147,0.2
909,140.84063687569412,22,1,0,0,1.4118852657176226,0.2
910,163.68873706127636,27,1,0,0,1.3276111224064293,0.2
911,176.03592066170768,25,1,0,0,1.2116384140518406,0.2
912,172.20758226521986,24,1,0,0,1.3565205138645393,0.2
913,152.55246224694608,15,1,0,0,1.4075963360689139,0.2
914,115.85515386933784,6,1,0,0,1.3440996901400883,0.2
915,172.79102989444124,22,1,0,0,1.452265326624922,0.2
916,-24.075462867386335,200,0,0,1,3.046214060815231,0.2
917,176.58221050932963,20,1,0,0,1.4035131215012393,0.2
918,169.76138091555748,45,1,0,0,1.2714271611688546,0.2
919,138.1940275716524,15,1,0,0,1.087888868732192,0.2
920,163.72519682762527,27,1,0,0,1.182295398817987,0.2
921,270.46971488827216,61,1,0,0,1.4589834302694953,0.2
922,141.90084031169908,20,1,0,0,1.4709606276168694,0.2
923,171.32931858785605,125,1,0,0,1.4949268169040157,0.2
924,150.2749333559587,25,1,0,0,1.495656435216495,0.2
925,176.17180993356396,28,1,0,0,1.4869832244715881,0.2
926,179.1829711592444,26,1,0,0,1.345908657339617,0.2
927,131.65217102332247,45,1,0,0,1.404812431517479,0.2
928,200.32233177796508,31,1,0,0,1.1758350023480895,0.2
929,201.3370861129186,34,1,0,0,1.4517904033825335,0.2
930,163.43761472540234,20,1,0,0,1.4521213025633706,0.2
931,135.56917991642194,19,1,0,0,1.414031023892509,0.2
932,176.95355508995618,67,1,0,0,1.3920969312242855,0.2
933,155.32771869208656,29,1,0,0,1.4885077137058913,0.2
934,-50.0,1,0,1,0,4.571608026302749,0.2
935,154.8162311470753,44,1,0,0,1.498227001337634,0.2
936,185.54032266255427,75,1,0,0,1.47647536797297,0.2
937,169.74599395372405,27,1,0,0,1.3603515067654808,0.2
938,156.5239406001443,21,1,0,0,1.4294833058854626,0.2
939,224.51109770683934,43,1,0,0,1.3562486783533314,0.2
940,183.3691310119517,57,1,0,0,1.4760727945991463,0.2
941,107.02848258076233,4,1,0,0,1.3292139171350579,0.2
942,45.995965045035256,200,0,0,1,3.257062468794239,0.2
943,150.42177239605383,27,1,0,0,1.4004138613465158,0.2
944,180.9786079029034,25,1,0,0,1.3493091167302262,0.2
945,175.87663534945915,24,1,0,0,1.406623248548606,0.2
946,184.4514965936876,29,1,0,0,1.4082892502732265,0.2
947,124.69009777748201,54,1,0,0,1.4028810846993955,0.2
948,169.82447296127626,56,1,0,0,1.4759894186176132,0.2
949,135.0250000499354,32,1,0,0,1.319004527251744,0.2
950,183.06837147655045,22,1,0,0,1.3178655272172755,0.2
951,197.97480275888427,27,1,0,0,1.4413150635397294,0.2
952,108.87540134310473,59,1,0,0,1.3591562023543626,0.2
953,262.6370745525251,65,1,0,0,1.4695091212607956,0.2
954,19.18630653370998,200,0,0,1,2.9588274875384215,0.2
955,192.20724465676585,29,1,0,0,1.4698634592734734,0.2
956,185.09170376436134,25,1,0,0,1.4643598460704705,0.2
957,173.9670079314178,33,1,0,0,1.4798073019025781,0.2
958,144.38158143549026,16,1,0,0,1.4332929648120487,0.2
959,77.04216297322569,200,0,0,1,1.9886295741824644,0.2
960,184.97585964496636,25,1,0,0,1.4176561216370236,0.2
961,191.64399804948303,38,1,0,0,1.3995317920798593,0.2
962,182.60800917270743,33,1,0,0,1.475221198840665,0.2
963,132.93224691818747,10,1,0,0,1.4264060359345585,0.2
964,186.8840242834748,25,1,0,0,1.4581423885439595,0.2
965,-7.354392707519778,200,0,0,1,2.7198019842827947,0.2
966,171.22694881024464,35,1,0,0,1.4308512259036794,0.2
967,115.73016718712341,8,1,0,0,1.358828712976,0.2
968,145.36479822936295,25,1,0,0,1.4883259186344098,0.2
969,182.56770945180472,31,1,0,0,1.4719868241996892,0.2
970,147.20611301333716,23,1,0,0,1.1653594637546785,0.2
971,157.97098757049307,161,1,0,0,1.4923526111180279,0.2
972,146.15113633248197,22,1,0,0,1.4663001090868168,0.2
973,142.4019358090063,16,1,0,0,1.4996148704422896,0.2
974,153.56100429412243,25,1,0,0,1.4007491123247424,0.2
975,131.4760666653667,34,1,0,0,1.417799644106334,0.2
976,184.51088847570765,32,1,0,0,1.4505871044561975,0.2
977,178.84878953247045,28,1,0,0,1.4513272941798703,0.2
978,165.39177986858806,28,1,0,0,1.28196891229069,0.2
979,160.3666681285971,22,1,0,0,1.4708484098181318,0.2
980,196.68590331947166,34,1,0,0,1.4260901371866566,0.2
981,150.59816073395373,20,1,0,0,1.1783310762580317,0.2
982,176.59331895285817,34,1,0,0,1.4415890306728125,0.2
983,178.89443679346834,24,1,0,0,1.4490258166253187,0.2
984,164.9602345165214,26,1,0,0,1.2476309352159427,0.2
985,159.16467534584672,65,1,0,0,1.436594540890631,0.2
986,153.92113647899666,21,1,0,0,1.1819170889321124,0.2
987,175.6055110914022,21,1,0,0,1.454527845574637,0.2
988,169.69990107397055,24,1,0,0,1.3289228025939754,0.2
989,206.64968136017387,38,1,0,0,1.3939494940720876,0.2
990,147.08997644877627,13,1,0,0,1.31716009496796,0.2
991,175.76474586716532,21,1,0,0,1.4440678997175316,0.2
992,155.04482515754586,19,1,0,0,1.3012328187778217,0.2
993,18.97020884295909,200,0,0,1,3.155930464739707,0.2
994,113.38739101652166,17,1,0,0,1.4016515227973956,0.2
995,147.11536008312254,14,1,0,0,1.3937613622937821,0.2
996,38.55022068701499,200,0,0,1,2.510533732700555,0.2
997,206.48664263740704,35,1,0,0,1.3734040738624262,0.2
998,154.2998981168525,26,1,0,0,1.3502759602990606,0.2
999,153.94035560792986,28,1,0,0,1.4899989219581353,0.2
1000,163.65719800587297,35,1,0,0,1.3593576270322703,0.2
1001,183.72518164767996,42,1,0,0,1.408161133652467,0.2
1002,191.75569379796104,32,1,0,0,1.4112354620804675,0.2
1003,165.63566988711978,24,1,0,0,1.2913882966273602,0.2
1004,134.40978125189733,17,1,0,0,1.4064393473296661,0.2
1005,106.37957847158373,3,1,0,0,1.1675114714630244,0.2
1006,183.3635269144297,37,1,0,0,1.4991537597601408,0.2
1007,181.72656120905845,24,1,0,0,1.4054068062475393,0.2
1008,179.93628829267666,30,1,0,0,1.4749884598221001,0.2
1009,136.50038231839974,12,1,0,0,1.4642924513042537,0.2
1010,190.62874199314842,26,1,0,0,1.4342170175436786,0.2
1011,174.2142622327048,29,1,0,0,1.306383880918163,0.2
1012,126.43668549220666,104,1,0,0,1.4548538486155103,0.2
1013,163.78786260716328,30,1,0,0,1.402303217188088,0.2
1014,163.476728373627,21,1,0,0,1.4020362197222171,0.2
1015,141.92169889717775,30,1,0,0,1.4640406656998401,0.2
1016,154.0333891509667,28,1,0,0,1.440015909763701,0.2
1017,197.13363550247027,34,1,0,0,1.2606984419836358,0.2
1018,160.13308688129942,47,1,0,0,1.4622718538982038,0.2
1019,190.56128052411788,35,1,0,0,1.4329186449205353,0.2
1020,210.37169464596246,41,1,0,0,1.4728783025759227,0.2
1021,205.67378634089653,37,1,0,0,1.448110944312829,0.2
1022,253.499642377071,55,1,0,0,1.324850485669189,0.2
1023,160.50578578974603,42,1,0,0,1.3872031827332123,0.2
1024,141.35058130413182,30,1,0,0,1.4750814686846825,0.2
1025,148.7936784532028,27,1,0,0,1.2966443515368642,0.2
1026,154.27411369907983,24,1,0,0,1.3439422090913078,0.2
1027,209.21642087436413,36,1,0,0,1.4581585846020022,0.2
1028,170.0226370457638,26,1,0,0,1.1942447504844025,0.2
1029,-50.0,1,0,1,0,2.6486588786192606,0.2
1030,166.69346334417872,19,1,0,0,1.3065168775546352,0.2
1031,58.23703257400711,200,0,0,1,3.7261528731219067,0.2
1032,218.39564910617133,33,1,0,0,1.3195511556028496,0.2
1033,132.51435106095337,130,1,0,0,1.4568546145927803,0.2
1034,137.90288213923372,13,1,0,0,1.4577518000115384,0.2
1035,145.8048897771139,20,1,0,0,1.3442870991023486,0.2
1036,137.2259027713572,81,1,0,0,1.4210253133009747,0.2
1037,166.64327412290513,21,1,0,0,1.3319039467498912,0.2
1038,131.51356926437305,66,1,0,0,1.4647384345908028,0.2
1039,233.94737983014733,49,1,0,0,1.3370321329380266,0.2
1040,163.36000112049618,18,1,0,0,1.4261184262047906,0.2
1041,-50.0,1,0,1,0,4.963480958632829,0.2
1042,142.60674010956026,200,0,0,1,3.319854955228592,0.2
1043,156.4419545295635,37,1,0,0,1.3642974378667916,0.2
1044,159.49972012996034,20,1,0,0,1.3979951649414817,0.2
1045,172.14805026801952,38,1,0,0,1.4287228411330233,0.2
1046,-9.712480178478017,14,0,1,0,4.277705331644434,0.2
1047,173.1072298870693,33,1,0,0,1.4899450817336817,0.2
1048,230.3893568973012,38,1,0,0,1.4126600777317808,0.2
1049,91.60294988335686,200,0,0,1,1.8813733248540894,0.2
1050,118.63895233645981,15,1,0,0,1.4169884065232112,0.2
1051,244.3609383586115,52,1,0,0,1.4118426251773588,0.2
1052,110.14589004858261,9,1,0,0,1.162942480385133,0.2
1053,179.58522543302828,27,1,0,0,1.4901473379361052,0.2
1054,166.43210741173095,26,1,0,0,1.4622298753624938,0.2
1055,189.63461352213264,33,1,0,0,1.4848229146374503,0.2
1056,175.92585530805033,25,1,0,0,1.1716893038384002,0.2
1057,104.5930349806347,4,1,0,0,1.4591376857156524,0.2
1058,120.62361421684585,15,1,0,0,1.3271762616490685,0.2
1059,114.26343840900773,43,1,0,0,1.4837291202601532,0.2
1060,25.74808075482491,200,0,0,1,1.8475594498028336,0.2
1061,216.71630500211143,39,1,0,0,1.4065202775051553,0.2
1062,165.87789008522952,23,1,0,0,1.416654088553883,0.2
1063,187.71724908615872,27,1,0,0,1.28533511330729,0.2
1064,218.00172861438415,44,1,0,0,1.3930302718539074,0.2
1065,192.01458728186785,85,1,0,0,1.3567996451089668,0.2
1066,160.00125682308152,25,1,0,0,1.3091166941568388,0.2
1067,152.1994289727943,26,1,0,0,1.4647614976121601,0.2
1068,196.7649165471057,29,1,0,0,1.315483370185598,0.2
1069,151.00888152594288,30,1,0,0,1.4186769369813907,0.2
1070,238.0362470083725,47,1,0,0,1.3943646032088708,0.2
1071,-50.0,1,0,1,0,4.46738311559826,0.2
1072,159.8550014102271,29,1,0,0,1.4986431365405901,0.2
1073,182.4102071940921,28,1,0,0,1.4117258879487506,0.2
1074,195.2689493334026,28,1,0,0,1.381419191133273,0.2
1075,185.76491237878113,38,1,0,0,1.3570524460104443,0.2
1076,255.28939611875603,52,1,0,0,1.466997501734342,0.2
1077,212.36030423670167,31,1,0,0,1.3395711453745105,0.2
1078,194.57532174637169,55,1,0,0,1.4179730904609131,0.2
1079,177.69437648641502,45,1,0,0,1.420194617559982,0.2
1080,180.16787204664635,28,1,0,0,1.3672351715921476,0.2
1081,217.08341229539778,84,1,0,0,1.4973360984133863,0.2
1082,158.99656242972492,45,1,0,0,1.4589139635731665,0.2
1083,152.05337838826867,26,1,0,0,1.429005002822896,0.2
1084,161.2019591041065,22,1,0,0,1.4247749093207411,0.2
1085,146.56825236552788,18,1,0,0,1.4199228959216683,0.2
1086,101.04362636520847,85,1,0,0,1.3207612446810082,0.2
1087,162.46287786478467,18,1,0,0,1.4589032195272318,0.2
1088,140.6111913444062,23,1,0,0,1.3397157073187396,0.2
1089,176.88726795342467,24,1,0,0,1.3269427840713663,0.2
1090,149.57683453922317,28,1,0,0,1.4109163864048369,0.2
1091,191.65159156749831,26,1,0,0,1.3121250023509274,0.2
1092,76.34858178607178,200,0,0,1,3.5471996934486736,0.2
1093,225.84334209201705,37,1,0,0,1.3775864033144463,0.2
1094,196.32040381428584,28,1,0,0,1.4476218395412979,0.2
1095,173.9538272122649,25,1,0,0,1.3710591850812932,0.2
1096,186.2867810518107,127,1,0,0,1.4091976618676982,0.2
1097,196.78564191162923,30,1,0,0,1.2962138276917905,0.2
1098,162.72705689058492,18,1,0,0,1.4390944834662136,0.2
1099,207.16646239142364,31,1,0,0,1.4910430829660675,0.2
1100,166.3701707723243,30,1,0,0,1.2321833777351472,0.2
1101,165.61523312480176,22,1,0,0,1.3264573984643746,0.2
1102,139.87240025673043,45,1,0,0,1.2773095634765523,0.2
1103,153.49537017670244,23,1,0,0,1.1486976708322862,0.2
1104,167.20857691687587,19,1,0,0,1.3765582729991035,0.2
1105,0.053961331107165056,200,0,0,1,3.6455660428922316,0.2
1106,-50.0,1,0,1,0,4.939767060544332,0.2
1107,205.18919499154657,56,1,0,0,1.4468573694006164,0.2
1108,137.4985919623138,33,1,0,0,1.4678504172376499,0.2
1109,179.04369618137628,110,1,0,0,1.461213327783037,0.2
1110,125.09288109768848,10,1,0,0,1.2827782441479854,0.2
1111,188.30671212758023,27,1,0,0,1.4682839708337476,0.2
1112,180.60407508110976,36,1,0,0,1.4237276228049873,0.2
1113,155.42959074366263,23,1,0,0,1.4343925367124795,0.2
1114,136.80745315308772,20,1,0,0,1.3344520388117806,0.2
1115,181.90476991806918,25,1,0,0,1.4361988676108695,0.2
1116,169.4025078824864,49,1,0,0,1.4798993884076987,0.2
1117,161.11424305689482,25,1,0,0,1.492311034224498,0.2
1118,169.95680839710667,43,1,0,0,1.1552743551879623,0.2
1119,202.58519559788542,74,1,0,0,1.3810174150984622,0.2
1120,172.71480031803964,30,1,0,0,1.4572933013648288,0.2
1121,145.81973563977874,25,1,0,0,1.3174841250659122,0.2
1122,139.6874307836078,58,1,0,0,1.4578248798749482,0.2
1123,170.2030009757729,28,1,0,0,1.310724700522062,0.2
1124,187.68745005502265,37,1,0,0,1.476127698794112,0.2
1125,210.43815715411992,31,1,0,0,1.4975234312077752,0.2
1126,250.61311772257145,57,1,0,0,1.4734598678668496,0.2
1127,185.2513928553039,30,1,0,0,1.4520007501538006,0.2
1128,214.77537603537442,46,1,0,0,1.3792253165927202,0.2
1129,172.1537850381593,25,1,0,0,1.4289700316205403,0.2
1130,185.62349018235372,29,1,0,0,1.489731730246106,0.2
1131,173.20421418461046,30,1,0,0,1.3747735432506443,0.2
1132,170.99245663020196,26,1,0,0,1.4705611305532367,0.2
1133,202.78909887816982,44,1,0,0,1.4793687131367197,0.2
1134,179.27218434097776,35,1,0,0,1.4898613201628947,0.2
1135,123.4169651980107,7,1,0,0,1.2435575757904183,0.2
1136,169.0080452284089,78,1,0,0,1.4972333284790105,0.2
1137,117.59640169818208,90,1,0,0,1.487569382330057,0.2
1138,191.03083825900762,65,1,0,0,1.4279171882711905,0.2
1139,203.9191015471249,37,1,0,0,1.3179777917783138,0.2
1140,176.70220598405794,31,1,0,0,1.3215730071627927,0.2
1141,145.93079566951693,19,1,0,0,1.393240952938296,0.2
1142,212.0147114310239,42,1,0,0,1.4892264133246014,0.2
1143,168.95352574421202,26,1,0,0,1.2592993939889514,0.2
1144,175.56174831238724,27,1,0,0,1.3415789433181624,0.2
1145,208.93390439129024,30,1,0,0,1.2566191797297839,0.2
1146,103.97333692707518,23,1,0,0,1.47596443672007,0.2
1147,141.81477270041847,19,1,0,0,1.3562323910508793,0.2
1148,206.10343564894706,37,1,0,0,1.0873245332542325,0.2
1149,-50.0,1,0,1,0,4.655588160468494,0.2
1150,174.37064043283686,27,1,0,0,1.4807456294884014,0.2
1151,187.30584715217213,28,1,0,0,1.3804700832852115,0.2
1152,196.51767498449462,38,1,0,0,1.4338283410922548,0.2
1153,156.24505813804535,18,1,0,0,1.2635707376849357,0.2
1154,209.15648471821785,34,1,0,0,1.3140926985036034,0.2
1155,178.17038270348462,26,1,0,0,1.3622380208971823,0.2
1156,153.2357848436294,17,1,0,0,1.4711420070181793,0.2
1157,181.70233575623104,31,1,0,0,1.3587657670491458,0.2
1158,185.87576099581634,23,1,0,0,1.1682106527786182,0.2
1159,156.0505029253783,21,1,0,0,1.4154888654814073,0.2
1160,146.07376866443303,17,1,0,0,1.4482252034077914,0.2
1161,273.26650505359567,62,1,0,0,1.3073432702902767,0.2
1162,146.4766811517841,18,1,0,0,1.385520610543725,0.2
1163,142.1604165694133,32,1,0,0,1.445272149310109,0.2
1164,191.01207561603286,28,1,0,0,1.2943894058037926,0.2
1165,146.09630627476494,21,1,0,0,1.3607804516859774,0.2
1166,117.38761579915425,6,1,0,0,1.4850061914665083,0.2
1167,208.32546671618763,49,1,0,0,1.4518018885269928,0.2
1168,204.43860771056802,29,1,0,0,1.2870066940273555,0.2
1169,160.55301937954025,24,1,0,0,1.40684133905197,0.2
1170,195.49619602286822,37,1,0,0,1.3883669468563904,0.2
1171,147.6226532940592,19,1,0,0,1.4917638651885987,0.2
1172,199.93920661766904,36,1,0,0,1.4477838803308203,0.2
1173,123.18678941830592,9,1,0,0,1.3076234934258264,0.2
1174,177.18796669011454,34,1,0,0,1.3389074929096743,0.2
1175,165.39543185185283,24,1,0,0,1.4084121159676528,0.2
1176,136.05385154661587,11,1,0,0,1.4593551780950533,0.2
1177,209.15720032989896,36,1,0,0,1.3953330697777757,0.2
1178,149.87151072014623,21,1,0,0,1.4915236469304254,0.2
1179,203.66022852913787,53,1,0,0,1.3830390841918723,0.2
1180,166.43864072183993,28,1,0,0,1.4198195297608247,0.2
1181,164.86623261508225,27,1,0,0,1.47673939773781,0.2
1182,-5.24519325202732,200,0,0,1,2.8505832064343877,0.2
1183,189.64674026004977,38,1,0,0,1.3860880178084072,0.2
1184,142.66003600662077,26,1,0,0,1.1327205371307802,0.2
1185,229.62672742594162,42,1,0,0,1.3714507034281251,0.2
1186,182.4276865718103,26,1,0,0,1.3277844063125317,0.2
1187,195.86906360178534,35,1,0,0,1.3357880226513978,0.2
1188,178.04123309783108,25,1,0,0,1.4588414208788834,0.2
1189,192.2356195922448,118,1,0,0,1.4840514527486468,0.2
1190,173.91572093124512,31,1,0,0,1.3687160842003876,0.2
1191,109.62074826526376,4,1,0,0,1.27734457404776,0.2
1192,137.99881718451508,16,1,0,0,1.2819848471393374,0.2
1193,193.357384740334,24,1,0,0,1.4567537916475,0.2
1194,194.33083220784079,32,1,0,0,1.4832524816335306,0.2
1195,138.29433314829336,25,1,0,0,1.0499533814172768,0.2
1196,266.91382197329665,134,1,0,0,1.4282641040600186,0.2
1197,162.22359256279955,18,1,0,0,1.4479997172767443,0.2
1198,220.51870688490823,36,1,0,0,1.3689953572575833,0.2
1199,168.7698707423853,31,1,0,0,1.4065330338339104,0.2
1200,165.3974578516447,33,1,0,0,1.2584265070537728,0.2
1201,117.92894564580648,8,1,0,0,1.4344724583004453,0.2
1202,144.66229644464974,25,1,0,0,1.4649682514741373,0.2
1203,176.21798470657689,29,1,0,0,1.2620985384222079,0.2
1204,207.25406011119986,33,1,0,0,1.3504024097994465,0.2
1205,177.54132785681742,101,1,0,0,1.4093108386456823,0.2
1206,99.57636879671014,2,1,0,0,1.44632127326716,0.2
1207,220.50370556702762,46,1,0,0,1.4453474224996357,0.2
1208,133.41499387925575,21,1,0,0,1.3893824773321475,0.2
1209,263.6147634724589,58,1,0,0,1.458614112130419,0.2
1210,181.11956224397693,39,1,0,0,1.2974767001383807,0.2
1211,165.74304783905765,24,1,0,0,1.2623986708781916,0.2
1212,217.66250978169356,35,1,0,0,1.46836360808701,0.2
1213,145.3484041339162,22,1,0,0,1.474862533992211,0.2
1214,123.57771553903183,25,1,0,0,1.4982642352078288,0.2
1215,3.2012371471259637,200,0,0,1,3.056116747664436,0.2
1216,182.16210516091746,26,1,0,0,1.3365332337004008,0.2
1217,152.26465390353087,54,1,0,0,1.497400440056182,0.2
1218,130.96676142354173,92,1,0,0,1.4793789141330829,0.2
1219,167.0754867988856,22,1,0,0,1.3851603600852032,0.2
1220,-50.0,1,0,1,0,1.9765723073703194,0.2
1221,135.2870210431899,29,1,0,0,1.1888766380503564,0.2
1222,168.65959449288374,25,1,0,0,1.3296750915762534,0.2
1223,185.02371292465602,33,1,0,0,1.3118946257015445,0.2
1224,209.95445262838615,40,1,0,0,1.3685882395986748,0.2
1225,55.899105424592946,153,1,0,0,1.4074177724698607,0.2
1226,237.4323337852115,44,1,0,0,1.4532000946651702,0.2
1227,163.5391820784483,20,1,0,0,1.3786049170014283,0.2
1228,202.03591632597497,30,1,0,0,1.4797464381531757,0.2
1229,143.073391665499,20,1,0,0,1.497233171128417,0.2
1230,65.69745406876308,200,0,0,1,2.5709384177201144,0.2
1231,163.01338692267888,20,1,0,0,1.3897966056946096,0.2
1232,158.17727019704486,19,1,0,0,1.4716280535087007,0.2
1233,211.5831153341664,33,1,0,0,1.4530295783573988,0.2
1234,123.38712922485196,187,1,0,0,1.463069312353518,0.2
1235,166.30372775424263,24,1,0,0,1.477655040090143,0.2
1236,145.99402846983688,20,1,0,0,1.346659659349291,0.2
1237,177.94327123226626,29,1,0,0,1.4200125922521636,0.2
1238,152.21814561520006,29,1,0,0,1.3465577334614112,0.2
1239,146.67300650823717,52,1,0,0,1.4571617667608843,0.2
1240,107.74015192233146,4,1,0,0,1.273324543861616,0.2
1241,121.86728709655193,36,1,0,0,1.4451698277982783,0.2
1242,205.5451590139196,40,1,0,0,1.497210600772677,0.2
1243,170.3776696152338,25,1,0,0,1.2960867841121861,0.2
1244,99.60693988572636,2,1,0,0,1.325636810977567,0.2
1245,170.02805232888102,27,1,0,0,1.3382324314959944,0.2
1246,194.80968976930677,34,1,0,0,1.2474505052042395,0.2
1247,153.99696017155225,14,1,0,0,1.4550562533125577,0.2
1248,134.53425933718552,14,1,0,0,1.3512066494150243,0.2
1249,155.5165891325875,22,1,0,0,1.1586939772618077,0.2
1250,147.58544117271902,19,1,0,0,1.2989678843715928,0.2
1251,162.4011140897581,38,1,0,0,1.4486163987193146,0.2
1252,-50.0,1,0,1,0,1.7571328316549872,0.2
1253,216.69928588401825,35,1,0,0,1.4586904562273297,0.2
1254,28.11789832791921,200,0,0,1,2.166408745929728,0.2
1255,218.9565652261723,47,1,0,0,1.4197742775905873,0.2
1256,185.5900076969689,77,1,0,0,1.4540748726800115,0.2
1257,161.96922753546167,29,1,0,0,1.387618659672495,0.2
1258,198.95087655042704,31,1,0,0,1.3273862058662391,0.2
1259,228.36111812890155,92,1,0,0,1.4595168960076579,0.2
1260,153.76305826994263,16,1,0,0,1.4825172030425757,0.2
1261,256.1807454451382,58,1,0,0,1.493046942736416,0.2
1262,147.62685535032176,19,1,0,0,1.4728429370931018,0.2
1263,181.47833125791112,36,1,0,0,1.3556530700103793,0.2
1264,162.0392407690434,39,1,0,0,1.3618871679095692,0.2
1265,189.14701716605356,31,1,0,0,1.3015623470097912,0.2
1266,149.9414865225342,22,1,0,0,1.4169154993941122,0.2
1267,164.4880500741072,23,1,0,0,1.4515483799499218,0.2
1268,152.69327284252785,20,1,0,0,1.2909504634670348,0.2
1269,190.08892190169547,24,1,0,0,1.3917463797854148,0.2
1270,125.53611630485838,15,1,0,0,1.3991165217216224,0.2
1271,135.3123190130091,13,1,0,0,1.4643203246597571,0.2
1272,193.04283724595058,35,1,0,0,1.4315807718195035,0.2
1273,149.34254610676186,20,1,0,0,1.3908548171710509,0.2
1274,273.66279869858784,65,1,0,0,1.460766070572028,0.2
1275,25.767881709963596,200,0,0,1,1.7624448256512018,0.2
1276,186.516919867825,56,1,0,0,1.4198856609112482,0.2
1277,162.27266381351507,25,1,0,0,1.434187458733726,0.2
1278,131.30676801975122,20,1,0,0,1.4695849580819191,0.2
1279,142.38989564583738,18,1,0,0,1.2809262318853356,0.2
1280,186.52411198180448,24,1,0,0,1.3700818184845454,0.2
1281,136.7449128873057,14,1,0,0,1.4306563497306277,0.2
1282,166.50349999742912,31,1,0,0,1.4479253052436558,0.2
1283,134.80305874772583,18,1,0,0,1.2743907108947987,0.2
1284,165.6501863379621,36,1,0,0,1.2939834452676309,0.2
1285,153.81012085875483,26,1,0,0,1.487546117446819,0.2
1286,137.31135231023066,14,1,0,0,1.3979696371526538,0.2
1287,190.360475516747,26,1,0,0,1.470636672248006,0.2
1288,175.64027247693235,31,1,0,0,1.3656069158573756,0.2
1289,66.15067942337792,200,0,0,1,3.4079847635125784,0.2
1290,106.06677349649291,5,1,0,0,1.449594033144118,0.2
1291,-63.26741244286214,200,0,0,1,2.3058495438363247,0.2
1292,129.99056240104622,41,1,0,0,1.42920421482661,0.2
1293,125.97152456935225,88,1,0,0,1.4651915245988127,0.2
1294,100.0,1,1,0,0,1.420176298999172,0.2
1295,160.81848180525833,24,1,0,0,1.492567997006289,0.2
1296,187.87379800049763,34,1,0,0,1.1230354657951553,0.2
1297,240.55025174039284,52,1,0,0,1.4173218646214136,0.2
1298,179.90611539332622,28,1,0,0,1.268288274815761,0.2
1299,194.5236412830711,35,1,0,0,1.1896142376909016,0.2
1300,182.49624705011155,25,1,0,0,1.4725453217702664,0.2
1301,179.7166665326198,26,1,0,0,1.1900003344997963,0.2
1302,177.68684396495598,124,1,0,0,1.4538940048224152,0.2
1303,176.44041071944233,34,1,0,0,1.4017191814441459,0.2
1304,168.51646207881754,23,1,0,0,1.1739671342867701,0.2
1305,178.1948182190502,26,1,0,0,1.3227759372677783,0.2
1306,131.73285092664568,23,1,0,0,1.4025357701110484,0.2
1307,121.69874875313758,16,1,0,0,1.3646904642613584,0.2
1308,170.34973494974955,25,1,0,0,1.3689694487798443,0.2
1309,204.06310608393756,30,1,0,0,1.1757443362244357,0.2
1310,194.22464679696128,33,1,0,0,1.4077300621816098,0.2
1311,148.12527658233338,76,1,0,0,1.4524787372018446,0.2
1312,167.84908526964838,19,1,0,0,1.4554782131911796,0.2
1313,212.0145778790972,44,1,0,0,1.2923239379318943,0.2
1314,154.2333177941766,29,1,0,0,1.3750926486464274,0.2
1315,157.86126627215398,36,1,0,0,1.470861450904009,0.2
1316,162.482423945726,21,1,0,0,1.3685683961416983,0.2
1317,140.0659426611941,19,1,0,0,1.3198188963209032,0.2
1318,144.73556934988795,19,1,0,0,1.3288630819330576,0.2
1319,199.89549887403973,37,1,0,0,1.3396014575595234,0.2
1320,161.08759435611665,24,1,0,0,1.3334586127952683,0.2
1321,213.22432828544544,46,1,0,0,1.4659488764496083,0.2
1322,160.18948569518062,17,1,0,0,1.4472001199207545,0.2
1323,186.06263624707134,31,1,0,0,1.40803474272965,0.2
1324,7.932392546377939,200,0,0,1,2.6345761298050667,0.2
1325,116.727654708111,10,1,0,0,1.2335987101416976,0.2
1326,186.76896706797646,26,1,0,0,1.3321885522792005,0.2
1327,163.32878228023407,19,1,0,0,1.0588839460686297,0.2
1328,163.88130175849253,30,1,0,0,1.3600598184734383,0.2
1329,151.0863980349163,102,1,0,0,1.4505464823303518,0.2
1330,184.11441028934956,24,1,0,0,1.349996029509357,0.2
1331,169.57370756694814,24,1,0,0,1.1988854775151585,0.2
1332,155.5948241369892,21,1,0,0,1.2369297031176638,0.2
1333,152.0494384866815,24,1,0,0,1.2290901681453168,0.2
1334,163.05874286710284,26,1,0,0,1.4643658087044429,0.2
1335,135.09163481618398,34,1,0,0,1.2390960570319363,0.2
1336,157.58420635181318,26,1,0,0,1.42792316056628,0.2
1337,171.5859803472118,30,1,0,0,1.4981901914938438,0.2
1338,184.47632040608113,27,1,0,0,1.3959650145050673,0.2
1339,172.32753990145565,27,1,0,0,1.3586859632778001,0.2
1340,141.0633777500605,16,1,0,0,1.2346335406317526,0.2
1341,141.50855256432354,18,1,0,0,1.4481548373007047,0.2
1342,173.77148475771622,25,1,0,0,1.2761317472691482,0.2
1343,178.40485508680334,48,1,0,0,1.1913010571258327,0.2
1344,197.74647414554667,33,1,0,0,1.4872484158780663,0.2
1345,164.5323781553048,28,1,0,0,1.4939650803978772,0.2
1346,158.8849221983028,28,1,0,0,1.4258476418843327,0.2
1347,222.63976735789706,44,1,0,0,1.3190579976800088,0.2
1348,154.97053564614853,21,1,0,0,1.2650042620804127,0.2
1349,155.5661007573853,24,1,0,0,1.3201077993744479,0.2
1350,-50.0,1,0,1,0,0.7645827825912934,0.2
1351,167.7437615701197,22,1,0,0,1.2673395171035362,0.2
1352,220.72427350302695,42,1,0,0,1.4097418181942258,0.2
1353,226.17517752419275,45,1,0,0,1.4750300765897808,0.2
1354,167.3404582340729,22,1,0,0,1.3022421212435844,0.2
1355,165.33968677463605,39,1,0,0,1.413773151579501,0.2
1356,203.98380036204458,49,1,0,0,1.4398855263254204,0.2
1357,158.71669430210733,23,1,0,0,1.4576624334620913,0.2
1358,136.2325121584796,14,1,0,0,1.275246029428632,0.2
1359,-35.98171387970753,8,0,1,0,2.6167012502966287,0.2
1360,183.53204454813357,28,1,0,0,1.4620877539939312,0.2
1361,215.3074064836232,38,1,0,0,1.3887495016520865,0.2
1362,163.4265014892627,91,1,0,0,1.488078010485913,0.2
1363,141.6190552897667,72,1,0,0,1.4110173832160182,0.2
1364,154.32608205293235,26,1,0,0,1.2542499409970376,0.2
1365,2.9364590853577046,200,0,0,1,2.2154599520360514,0.2
1366,154.81475494894892,24,1,0,0,1.387980597515322,0.2
1367,168.77330691205697,23,1,0,0,1.4988599597695456,0.2
1368,178.23377849373503,24,1,0,0,1.3659995710811654,0.2
1369,157.37499074690658,27,1,0,0,1.3846371167994254,0.2
1370,178.36312730825466,26,1,0,0,1.2044775390368345,0.2
1371,171.5143962118701,24,1,0,0,1.2350480304943225,0.2
1372,67.22143922530537,200,0,0,1,1.8198472629356535,0.2
1373,89.37667587244384,200,0,0,1,2.57659776093252,0.2
1374,135.78568197648693,21,1,0,0,1.4033771228890985,0.2
1375,167.08894007543847,107,1,0,0,1.4947290248669756,0.2
1376,149.25910933960432,15,1,0,0,1.2048477068860832,0.2
1377,193.27990089896497,34,1,0,0,1.343650839411638,0.2
1378,150.26831230605006,132,1,0,0,1.4763570298946258,0.2
1379,-50.0,1,0,1,0,5.194134508861848,0.2
1380,130.85587297013242,34,1,0,0,1.440292770178542,0.2
1381,222.97788258510704,37,1,0,0,1.2491848696369388,0.2
1382,220.2626347470088,43,1,0,0,1.4292994471059421,0.2
1383,225.30164830061426,40,1,0,0,1.3971896115349403,0.2
1384,172.0919763442782,36,1,0,0,1.37403412948781,0.2
1385,209.88511014984599,33,1,0,0,1.2493868573851543,0.2
1386,191.33833237387682,44,1,0,0,1.3612691320773342,0.2
1387,165.68679290141307,74,1,0,0,1.465099924640675,0.2
1388,186.09350617444636,61,1,0,0,1.4921112502545029,0.2
1389,165.9381467816152,29,1,0,0,1.4733046149959805,0.2
1390,145.68066934718996,53,1,0,0,1.4458739628543749,0.2
1391,144.25969828743433,24,1,0,0,1.3724747223968223,0.2
1392,174.81491439933717,30,1,0,0,1.437917803127969,0.2
1393,161.25704757070713,18,1,0,0,1.3626164742436875,0.2
1394,150.07948847081306,32,1,0,0,1.4478502336916637,0.2
1395,157.3557641724357,25,1,0,0,1.426452996680479,0.2
1396,272.1758093923904,63,1,0,0,1.4386707220840493,0.2
1397,191.97255123998923,23,1,0,0,1.4490499087210897,0.2
1398,170.22307462478014,30,1,0,0,1.4896708905087654,0.2
1399,196.1635374990414,26,1,0,0,1.388637835147209,0.2
1400,152.9308314247006,54,1,0,0,1.4748966099859298,0.2
1401,186.95206460379137,29,1,0,0,1.3592669539475892,0.2
1402,205.99897546298234,36,1,0,0,1.346496846263646,0.2
1403,149.0615211407803,18,1,0,0,1.3903762924551348,0.2
1404,185.37011179950656,33,1,0,0,1.3931099404482932,0.2
1405,186.93797202921192,27,1,0,0,1.3959364809342112,0.2
1406,201.38474023393525,40,1,0,0,1.4349020076084928,0.2
1407,174.26873810946253,25,1,0,0,1.3517459014003346,0.2
1408,99.78324795866011,200,0,0,1,1.9691088574069935,0.2
1409,216.28538485153283,42,1,0,0,1.3529846247117223,0.2
1410,209.62063936480428,42,1,0,0,1.478771442023304,0.2
1411,-6.987864234017344,200,0,0,1,2.7120591178657123,0.2
1412,-50.0,1,0,1,0,2.60833358426779,0.2
1413,157.56489681711017,31,1,0,0,1.455037650566968,0.2
1414,145.42966292472113,23,1,0,0,1.3222779413388188,0.2
1415,42.0950452371085,200,0,0,1,3.2077066587766776,0.2
1416,205.68907475934833,84,1,0,0,1.499792684096171,0.2
1417,122.48007508817915,8,1,0,0,1.2052206595482169,0.2
1418,141.1495843392543,22,1,0,0,1.3619900042713335,0.2
1419,114.07291521516548,42,1,0,0,1.1803417349844556,0.2
1420,192.64880259166176,24,1,0,0,1.3489966775100064,0.2
1421,159.10595126218632,18,1,0,0,1.3139935523916677,0.2
1422,154.63651539712876,16,1,0,0,1.4755984389078947,0.2
1423,182.23155501519835,26,1,0,0,1.3754767584516865,0.2
1424,179.84791810434905,27,1,0,0,1.4840769007261192,0.2
1425,120.10247915454337,8,1,0,0,1.4299562116085047,0.2
1426,135.19485401513367,145,1,0,0,1.4256036841700117,0.2
1427,167.7974238265678,19,1,0,0,1.4467398602293544,0.2
1428,157.20172029113127,30,1,0,0,1.400756113251777,0.2
1429,213.2051399644575,47,1,0,0,1.435251679665897,0.2
1430,162.2855739814427,32,1,0,0,1.4323599230925583,0.2
1431,161.48179920187295,20,1,0,0,1.3109611947031934,0.2
1432,158.48596293963254,41,1,0,0,1.4018196468898727,0.2
1433,197.08463520880412,68,1,0,0,1.4736868978710438,0.2
1434,169.27765963313794,37,1,0,0,1.4162501009834896,0.2
1435,165.56256796767417,23,1,0,0,1.2152672185620181,0.2
1436,216.95321329431417,46,1,0,0,1.3911492138926533,0.2
1437,158.1878207552414,27,1,0,0,1.119177617879385,0.2
1438,205.9587990566717,28,1,0,0,1.3459457584910834,0.2
1439,186.4254328166216,25,1,0,0,1.4946447580212399,0.2
1440,157.17539126012983,30,1,0,0,1.4749709097836354,0.2
1441,132.51482493303408,9,1,0,0,1.3138116413512437,0.2
1442,-39.50175599881356,4,0,1,0,5.733156643596611,0.2
1443,175.62214504800778,24,1,0,0,1.1999954801256079,0.2
1444,129.42858445141894,18,1,0,0,1.2474349424098428,0.2
1445,179.79351328820746,71,1,0,0,1.4708746572515057,0.2
1446,106.16932590614924,3,1,0,0,1.4043233306318892,0.2
1447,178.1842529794846,26,1,0,0,1.28201098197535,0.2
1448,182.76375020780574,29,1,0,0,1.4850436792397828,0.2
1449,152.93219106916115,16,1,0,0,1.4623901747599364,0.2
1450,164.72472774472465,24,1,0,0,1.4941847129346177,0.2
1451,171.55317179076636,31,1,0,0,1.4836577107639515,0.2
1452,136.4498981036027,48,1,0,0,1.4603428611864153,0.2
1453,139.67056914625982,31,1,0,0,1.4499237120261141,0.2
1454,-50.0,1,0,1,0,2.348486573348428,0.2
1455,130.47768546798315,13,1,0,0,1.3325839938367128,0.2
1456,191.11594567916555,27,1,0,0,1.3618879204152246,0.2
1457,168.91398690762037,44,1,0,0,1.3048665384103333,0.2
1458,153.07503149626376,19,1,0,0,1.3027240387712573,0.2
1459,199.90907419593012,35,1,0,0,1.3832692439444716,0.2
1460,143.83574833031932,19,1,0,0,1.4882834726228542,0.2
1461,181.7585920305555,32,1,0,0,1.2791395597165223,0.2
1462,145.12334721236192,19,1,0,0,1.4376346836073386,0.2
1463,171.9438465773179,24,1,0,0,1.460984337525818,0.2
1464,100.16898379356084,6,1,0,0,1.3480609067295948,0.2
1465,132.95326644933573,13,1,0,0,1.4541793344736327,0.2
1466,226.30840092272553,43,1,0,0,1.3738760032100032,0.2
1467,148.31399012727576,48,1,0,0,1.4295460947486929,0.2
1468,165.7842944894977,40,1,0,0,1.3420849648055382,0.2
1469,229.71520125508604,41,1,0,0,1.1307319790372263,0.2
1470,136.73359977233315,18,1,0,0,1.4036460918472864,0.2
1471,25.770035122378403,200,0,0,1,2.5423229853436795,0.2
1472,-15.56913748291086,200,0,0,1,2.754526553054423,0.2
1473,187.5967230347514,35,1,0,0,1.390015586857414,0.2
1474,158.36233968633871,17,1,0,0,1.2996204860692646,0.2
1475,184.27293403660906,146,1,0,0,1.4659368298167912,0.2
1476,170.53842132564563,22,1,0,0,1.3496304021611503,0.2
1477,176.68753084093464,22,1,0,0,1.2504375703521116,0.2
1478,113.40374589840955,23,1,0,0,1.4247789844812326,0.2
1479,-50.0,1,0,1,0,3.447144782675039,0.2
1480,158.24479857329456,26,1,0,0,1.3247736525248426,0.2
1481,212.09565115795436,38,1,0,0,1.3409563331993988,0.2
1482,164.92116044786582,19,1,0,0,1.1726362658907394,0.2
1483,246.24397509945987,51,1,0,0,1.446065736411587,0.2
1484,168.4993709277514,28,1,0,0,1.231298758240312,0.2
1485,196.80225271746008,27,1,0,0,1.3347797821623508,0.2
1486,44.75967642405846,200,0,0,1,3.0601210067126043,0.2
1487,151.60811057184145,28,1,0,0,1.4132258869001209,0.2
1488,189.68495641728975,29,1,0,0,1.3864466657195595,0.2
1489,186.7195248385635,26,1,0,0,1.2971092798246242,0.2
1490,168.3594056883653,22,1,0,0,1.3696932068689713,0.2
1491,187.58375302826607,34,1,0,0,1.2567714081551027,0.2
1492,140.62660663711284,33,1,0,0,1.4647402418561208,0.2
1493,165.9105672996415,30,1,0,0,1.3109647189170803,0.2
1494,233.76851604205513,42,1,0,0,1.4898192980373608,0.2
1495,181.21999203005396,31,1,0,0,1.2417207573187752,0.2
1496,211.27363311825434,37,1,0,0,1.4159959221951406,0.2
1497,179.52495536419877,25,1,0,0,1.493189426921458,0.2
1498,199.200454389193,139,1,0,0,1.4888066499895038,0.2
1499,154.02302953291792,19,1,0,0,1.2890654816411646,0.2
1500,178.14438546362538,21,1,0,0,1.198909965511261,0.2
1501,166.51215298697065,24,1,0,0,1.2247929044732873,0.2
1502,191.5605641397075,27,1,0,0,1.309208914513464,0.2
1503,166.66701795054996,24,1,0,0,1.3736511575145474,0.2
1504,130.70483884010605,16,1,0,0,1.4500198753409732,0.2
1505,203.37025980277912,36,1,0,0,1.412045675948085,0.2
1506,169.36115675048825,26,1,0,0,1.1613849103633576,0.2
1507,159.59954610348274,28,1,0,0,1.2489801187581462,0.2
1508,164.2911412417834,20,1,0,0,1.3847067656291119,0.2
1509,155.5778098498763,20,1,0,0,1.3124320036058588,0.2
1510,140.76934146733416,64,1,0,0,1.4667779554791007,0.2
1511,157.8634675442948,22,1,0,0,1.2111702056586002,0.2
1512,153.5487339079163,20,1,0,0,1.492202351715645,0.2
1513,176.57695142569577,29,1,0,0,1.384998859095735,0.2
1514,166.45348184658417,37,1,0,0,1.4558518593031604,0.2
1515,173.0161510763287,37,1,0,0,1.3486529731866157,0.2
1516,179.33271283606493,32,1,0,0,1.444019448325829,0.2
1517,213.706484130089,38,1,0,0,1.3967700019624527,0.2
1518,-50.0,1,0,1,0,6.263039120287074,0.2
1519,108.20047035810474,3,1,0,0,1.279616978467233,0.2
1520,173.01686850696183,25,1,0,0,1.4760380063117375,0.2
1521,183.76437891360263,24,1,0,0,1.3401034375443956,0.2
1522,203.83930180424102,38,1,0,0,1.4568121844568411,0.2
1523,153.03492679377072,29,1,0,0,1.4514660637778662,0.2
1524,192.92748758851047,31,1,0,0,1.287531640499958,0.2
1525,133.3198473072458,18,1,0,0,1.4204900651299603,0.2
1526,38.56839635489497,200,0,0,1,2.755521738409535,0.2
1527,162.0769925913614,23,1,0,0,1.406635711939424,0.2
1528,179.7035266262875,40,1,0,0,1.3557798423747793,0.2
1529,223.84511805747178,43,1,0,0,1.3894670085478955,0.2
1530,200.6105393184679,102,1,0,0,1.4653651688501548,0.2
1531,211.6652398375977,36,1,0,0,1.3259539501293287,0.2
1532,215.41710356332175,37,1,0,0,1.3122034429926295,0.2
1533,173.1905319087976,26,1,0,0,1.2308491463157532,0.2
1534,146.5740990573655,19,1,0,0,1.416597877384401,0.2
1535,-19.424514458971775,200,0,0,1,2.2548070462982603,0.2
1536,136.91156846533653,15,1,0,0,1.380628932784109,0.2
1537,168.07758279466458,27,1,0,0,1.4595824690891903,0.2
1538,151.39350765127836,22,1,0,0,1.3823670214277906,0.2
1539,164.762546150586,25,1,0,0,1.4289556532139343,0.2
1540,158.75465845557835,22,1,0,0,1.3360454840931886,0.2
1541,206.98447874631228,27,1,0,0,1.4072392898639141,0.2
1542,158.0299140095859,17,1,0,0,1.2702235891999671,0.2
1543,140.07356181148828,19,1,0,0,1.3487206633663578,0.2
1544,207.69400278058365,39,1,0,0,1.2327872138323752,0.2
1545,170.42452486926788,20,1,0,0,1.3801708422123098,0.2
1546,171.02746515529634,21,1,0,0,1.3950209259876127,0.2
1547,164.27689569866243,32,1,0,0,1.241379808798185,0.2
1548,178.64578889731007,22,1,0,0,1.3155589105046743,0.2
1549,195.68718150327214,25,1,0,0,1.273930274031289,0.2
1550,168.04652205442304,24,1,0,0,1.398712382526407,0.2
1551,183.1715527270052,110,1,0,0,1.4830198414709168,0.2
1552,176.1948197642963,22,1,0,0,1.1473188838906974,0.2
1553,168.95930134747607,25,1,0,0,1.3480898042960785,0.2
1554,187.18420226744718,57,1,0,0,1.461102910483942,0.2
1555,223.27843317569858,36,1,0,0,1.3091707842590992,0.2
1556,188.3160604208196,26,1,0,0,1.4694809063003182,0.2
1557,167.46177738192551,24,1,0,0,1.3835656768952658,0.2
1558,161.8751033974697,20,1,0,0,1.058812455835095,0.2
1559,143.03291120259678,19,1,0,0,1.334251202471003,0.2
1560,126.5742326019957,10,1,0,0,1.4662027428722149,0.2
1561,210.364356690176,45,1,0,0,1.3770180769215732,0.2
1562,205.45316678310334,28,1,0,0,1.3995288357430407,0.2
1563,189.73446381540688,25,1,0,0,1.4251198460853816,0.2
1564,162.12025079745862,18,1,0,0,1.423560439221374,0.2
1565,192.87835053946748,26,1,0,0,1.3674978551470862,0.2
1566,163.61608716361266,23,1,0,0,1.392432874222441,0.2
1567,197.66491229803347,31,1,0,0,1.333542561943312,0.2
1568,201.7553355896065,32,1,0,0,1.486541627683153,0.2
1569,234.71145796002347,38,1,0,0,1.332107291319651,0.2
1570,170.7821114539945,186,1,0,0,1.4948846936193152,0.2
1571,103.20635459966671,3,1,0,0,1.3567291613664596,0.2
1572,267.63817952191374,61,1,0,0,1.4934315120435953,0.2
1573,184.34135409453032,34,1,0,0,1.3587505288525221,0.2
1574,214.71830392043728,41,1,0,0,1.4904008847076746,0.2
1575,173.09741042892915,28,1,0,0,1.376614738860593,0.2
1576,172.05612144805085,28,1,0,0,1.4553830327731199,0.2
1577,237.12443062364935,52,1,0,0,1.4919516378216,0.2
1578,-50.0,1,0,1,0,4.3228975047341,0.2
1579,172.45757161885663,25,1,0,0,1.475663836567255,0.2
1580,175.05871220559507,25,1,0,0,1.2386652675377814,0.2
1581,266.09434433415,65,1,0,0,1.3842662402340018,0.2
1582,178.96041923076868,23,1,0,0,1.3121038860325405,0.2
1583,145.2300602047569,13,1,0,0,1.330803266994603,0.2
1584,116.65902979261601,28,1,0,0,1.3395558864522181,0.2
1585,157.58969670732097,24,1,0,0,1.4620696897499972,0.2
1586,179.05827475147981,28,1,0,0,1.4793724010254068,0.2
1587,159.43558039371393,28,1,0,0,1.2562573626826419,0.2
1588,-50.0,1,0,1,0,7.805979699357648,0.2
1589,195.8139891470546,40,1,0,0,1.4281098097700118,0.2
1590,159.62945351175495,27,1,0,0,1.3097541263552714,0.2
1591,211.1690184943924,50,1,0,0,1.4017286513513918,0.2
1592,165.8230864950325,22,1,0,0,1.410474581635088,0.2
1593,159.84206334142195,25,1,0,0,1.4712549611748194,0.2
1594,191.90887631603516,38,1,0,0,1.2814232294795738,0.2
1595,196.03072804686752,28,1,0,0,1.4849380636698453,0.2
1596,139.95619146669836,32,1,0,0,1.350508382229525,0.2
1597,183.0956962779094,29,1,0,0,1.2177739540738843,0.2
1598,157.68880238441176,26,1,0,0,1.316826603453155,0.2
1599,165.43288787425382,52,1,0,0,1.3539872025813444,0.2
1600,155.4286739882549,18,1,0,0,1.328473194786221,0.2
1601,183.19662585358157,125,1,0,0,1.4696882127342816,0.2
1602,126.60843819677164,11,1,0,0,1.479616514641735,0.2
1603,157.4726170071338,24,1,0,0,1.3345808915476762,0.2
1604,146.61302552217785,20,1,0,0,1.357452397732333,0.2
1605,130.73254290236582,14,1,0,0,1.274756118387515,0.2
1606,173.24563338294809,25,1,0,0,1.4415704914115377,0.2
1607,179.28132133024837,27,1,0,0,1.477769539187429,0.2
1608,195.50995659448944,33,1,0,0,1.4922236068785408,0.2
1609,125.72946515899967,8,1,0,0,1.2746535880604657,0.2
1610,163.21953032538278,40,1,0,0,1.4956303625469909,0.2
1611,150.81391260388807,18,1,0,0,1.4925945247395112,0.2
1612,124.9934195202832,9,1,0,0,1.428119574755428,0.2
1613,-50.0,1,0,1,0,7.924588287390889,0.2
1614,132.25759569776935,10,1,0,0,1.3731664938524013,0.2
1615,135.4883190786717,129,1,0,0,1.2190054462640276,0.2
1616,157.4123643865094,95,1,0,0,1.2647771458136718,0.2
1617,143.29269630021994,16,1,0,0,1.4982621413343196,0.2
1618,222.08819326071404,38,1,0,0,1.3641338534154417,0.2
1619,150.2717293175013,22,1,0,0,1.3549073196467007,0.2
1620,191.68598371920052,32,1,0,0,1.173510830538497,0.2
1621,175.88061489813583,24,1,0,0,1.2686448340598584,0.2
1622,219.33450459464206,44,1,0,0,1.4447645385521817,0.2
1623,149.49334121557743,31,1,0,0,1.4865295210160565,0.2
1624,174.69399683523451,23,1,0,0,1.268476795624715,0.2
1625,161.23089720966396,24,1,0,0,1.4172302197664115,0.2
1626,222.32523925904076,39,1,0,0,1.4249149519291915,0.2
1627,254.6873849701226,55,1,0,0,1.4572822812796251,0.2
1628,145.2123798808928,19,1,0,0,1.3339819791116483,0.2
1629,144.90175367031782,27,1,0,0,1.4652388994187189,0.2
1630,154.29471502957398,22,1,0,0,1.2818858605500412,0.2
1631,138.70300625602866,75,1,0,0,1.4753932872283657,0.2
1632,186.11512932963575,26,1,0,0,1.3897600953140952,0.2
1633,147.3918888194963,62,1,0,0,1.4718453457962373,0.2
1634,104.16913490352658,2,1,0,0,1.315305569488213,0.2
1635,140.64686513222253,33,1,0,0,1.3782539380152303,0.2
1636,197.1538453251577,28,1,0,0,1.4697060174097853,0.2
1637,147.8944295408599,26,1,0,0,1.3756444341238385,0.2
1638,143.74935203846536,17,1,0,0,1.2629063463444745,0.2
1639,166.89476774645266,159,1,0,0,1.3009394326528014,0.2
1640,266.518944244836,58,1,0,0,1.3667797152091057,0.2
1641,145.3901926888024,38,1,0,0,1.4616119749096994,0.2
1642,237.301035631681,48,1,0,0,1.285036485980481,0.2
1643,200.53883118807624,33,1,0,0,1.4951768038648017,0.2
1644,194.15597577186003,26,1,0,0,1.1872854947823908,0.2
1645,177.29451145968744,28,1,0,0,1.4784613489708778,0.2
1646,195.42719928360617,34,1,0,0,1.4812217694505916,0.2
1647,162.19471043397962,21,1,0,0,1.4366827409995815,0.2
1648,202.9223402124077,30,1,0,0,1.393729944236483,0.2
1649,239.36558731168086,47,1,0,0,1.4733726816068484,0.2
1650,128.0764816999295,37,1,0,0,1.4716946789787053,0.2
1651,163.46129958325332,24,1,0,0,1.426518719798887,0.2
1652,196.01364076562277,34,1,0,0,1.4414004735104913,0.2
1653,177.23457932859023,85,1,0,0,1.4568909427587895,0.2
1654,181.87714016031663,28,1,0,0,1.497038100223606,0.2
1655,164.2911889970723,132,1,0,0,1.3602749574583772,0.2
1656,182.92839187933143,26,1,0,0,1.314894196941938,0.2
1657,143.7523604108788,19,1,0,0,1.3578969155473486,0.2
1658,162.7925535533073,24,1,0,0,1.4902986598712604,0.2
1659,165.5474876159133,19,1,0,0,1.2687176829373192,0.2
1660,161.08721486421283,25,1,0,0,1.4592983419554186,0.2
1661,247.4796284416884,54,1,0,0,1.1601245151258759,0.2
1662,178.30080528232094,26,1,0,0,1.2344385175741097,0.2
1663,181.39637522203566,49,1,0,0,1.472011282706147,0.2
1664,196.50474337257043,27,1,0,0,1.411676271622786,0.2
1665,150.50962750482842,15,1,0,0,1.482948928110838,0.2
1666,208.88621923251802,36,1,0,0,1.2875023385333033,0.2
1667,183.0045234702833,24,1,0,0,1.4462866932978735,0.2
1668,131.48646615214602,45,1,0,0,1.4070142100389755,0.2
1669,128.30009169687082,14,1,0,0,1.380888694472201,0.2
1670,164.95885314437223,32,1,0,0,1.2291944902051095,0.2
1671,172.42978081958637,26,1,0,0,1.3678682334093966,0.2
1672,148.61904646181404,20,1,0,0,1.4957761927644486,0.2
1673,112.28580014719888,61,1,0,0,1.3589272917250383,0.2
1674,152.75980664504394,20,1,0,0,1.4960484601256767,0.2
1675,161.47798368709118,17,1,0,0,1.381215124755769,0.2
1676,159.92973857686928,25,1,0,0,1.4597855651350147,0.2
1677,166.19746171568204,25,1,0,0,1.4111688360354862,0.2
1678,-50.0,1,0,1,0,5.508173523907697,0.2
1679,168.86943323697363,27,1,0,0,1.2762504967497186,0.2
1680,137.8297251584165,21,1,0,0,1.4033838714963558,0.2
1681,197.46059590053977,24,1,0,0,1.4770298883062225,0.2
1682,165.70821017400954,169,1,0,0,1.489881798010952,0.2
1683,189.83918467278346,33,1,0,0,1.3511267110374594,0.2
1684,136.80713402808772,13,1,0,0,1.3594669814971363,0.2
1685,218.5074707673773,115,1,0,0,1.4431950199025148,0.2
1686,162.92575376449122,17,1,0,0,1.2095582688866113,0.2
1687,257.80453072513797,92,1,0,0,1.4839823261020937,0.2
1688,201.04809095300755,33,1,0,0,1.2650247048754262,0.2
1689,157.30952075653587,21,1,0,0,1.4728016619457833,0.2
1690,211.06582799507157,56,1,0,0,1.459564780816748,0.2
1691,154.07245955490004,22,1,0,0,1.2906520790925908,0.2
1692,186.6227236412273,23,1,0,0,1.2422920573133032,0.2
1693,199.26935968595745,29,1,0,0,1.366981298869797,0.2
1694,146.41305560596857,28,1,0,0,1.4489305956132406,0.2
1695,171.17171042859968,29,1,0,0,1.4453799380816157,0.2
1696,168.4561944022943,21,1,0,0,1.3374270703722757,0.2
1697,119.48527262627674,8,1,0,0,1.402539296374192,0.2
1698,154.30444145020613,22,1,0,0,1.2223058686601027,0.2
1699,167.5294329418374,25,1,0,0,1.2662355643143135,0.2
1700,177.23891693025234,29,1,0,0,1.4568668971323746,0.2
1701,159.2832515781492,22,1,0,0,1.4299937273337036,0.2
1702,233.6004699668145,40,1,0,0,1.3737761874994676,0.2
1703,193.99887164504545,31,1,0,0,1.437960464329734,0.2
1704,-50.0,1,0,1,0,6.892589765425772,0.2
1705,120.70528713282255,23,1,0,0,1.0886985026861118,0.2
1706,6.930384750166131,200,0,0,1,2.2856517157494447,0.2
1707,100.0,1,1,0,0,1.0924416947821565,0.2
1708,199.7879474823531,33,1,0,0,1.4047178986197315,0.2
1709,134.44163347688442,19,1,0,0,1.421169440009041,0.2
1710,181.993025923451,31,1,0,0,1.4149073132362615,0.2
1711,76.54450823439971,200,0,0,1,2.3265266646981195,0.2
1712,158.8089718744821,20,1,0,0,1.393851768440642,0.2
1713,111.31420469336327,9,1,0,0,1.2618631339011812,0.2
1714,177.94103913714315,31,1,0,0,1.3515063078779306,0.2
1715,191.06998752664884,29,1,0,0,1.324385616496662,0.2
1716,198.0046426460131,29,1,0,0,1.4071851026590623,0.2
1717,158.6605442679844,23,1,0,0,1.270151666050152,0.2
1718,184.3272184159282,26,1,0,0,1.38529687381808,0.2
1719,122.33890718237615,16,1,0,0,1.2726216871981548,0.2
1720,184.9577667300963,25,1,0,0,1.3120502941797543,0.2
1721,175.98973571415797,174,1,0,0,1.397049784685947,0.2
1722,143.77412181911916,18,1,0,0,1.4400784534995723,0.2
1723,184.13622142649365,25,1,0,0,1.3694108045328675,0.2
1724,163.043285980304,19,1,0,0,1.3024503856094216,0.2
1725,176.15708121260872,25,1,0,0,1.4204187284740424,0.2
1726,229.2013116060278,45,1,0,0,1.2911541438572953,0.2
1727,139.3867329842543,13,1,0,0,1.296616893006784,0.2
1728,180.79499560422676,29,1,0,0,1.4783804346872167,0.2
1729,189.41407603849188,32,1,0,0,1.43860954296566,0.2
1730,156.22865580835392,21,1,0,0,1.35332165598365,0.2
1731,139.9396730838266,16,1,0,0,1.08885252012581,0.2
1732,128.38775092199282,20,1,0,0,1.3981492279726764,0.2
1733,159.71015193030914,21,1,0,0,1.1526504570740024,0.2
1734,204.09062859372182,27,1,0,0,1.4998857713180536,0.2
1735,159.53227330562686,17,1,0,0,1.2237930137915367,0.2
1736,-50.0,1,0,1,0,8.275043725598866,0.2
1737,151.9692843940084,20,1,0,0,1.4313915578898773,0.2
1738,199.83563530339444,26,1,0,0,1.2432754318957464,0.2
1739,157.48464257931192,48,1,0,0,1.1871198172505752,0.2
1740,114.43320367800197,75,1,0,0,1.379758558853645,0.2
1741,174.92497893922882,30,1,0,0,1.332171983043522,0.2
1742,146.50345184557753,20,1,0,0,1.4393484390595557,0.2
1743,195.22308537634063,26,1,0,0,1.4013247910522415,0.2
1744,165.16579521262426,29,1,0,0,1.2510197731239612,0.2
1745,142.99521658286125,24,1,0,0,1.31663464816646,0.2
1746,159.26384930227184,29,1,0,0,1.46597153477411,0.2
1747,155.85001267741208,33,1,0,0,1.3621416347576318,0.2
1748,226.98122385545489,51,1,0,0,1.4390687679936163,0.2
1749,141.663898557862,24,1,0,0,1.4816984656126981,0.2
1750,242.50437887021207,52,1,0,0,1.3140384602763864,0.2
1751,156.0528356267455,17,1,0,0,1.3875258239155945,0.2
1752,165.96201071207685,24,1,0,0,1.3748812307723566,0.2
1753,154.9021216231349,32,1,0,0,1.4566090241404854,0.2
1754,200.80149897292878,36,1,0,0,1.406418010012568,0.2
1755,189.40524174177602,29,1,0,0,1.3180930333948377,0.2
1756,254.0914632633112,57,1,0,0,1.470808204125698,0.2
1757,219.79580078643932,37,1,0,0,1.3787138497212037,0.2
1758,180.7860797355931,25,1,0,0,1.3131351795212216,0.2
1759,131.1002971745823,58,1,0,0,1.4351614526207614,0.2
1760,152.39282520098217,18,1,0,0,1.361865160347847,0.2
1761,144.94389331030135,17,1,0,0,1.2581193563663065,0.2
1762,183.31251664944028,38,1,0,0,1.3096287673927784,0.2
1763,160.69277575351836,24,1,0,0,1.3687483267945872,0.2
1764,176.53658571690514,24,1,0,0,1.43821192590702,0.2
1765,145.2030674189151,17,1,0,0,1.1618234179123068,0.2
1766,150.53968674229657,21,1,0,0,1.2511206730920241,0.2
1767,178.77594275106856,33,1,0,0,1.3573550540249928,0.2
1768,59.04409948598762,200,0,0,1,4.132640411258216,0.2
1769,169.60964041909153,28,1,0,0,1.4833858633147605,0.2
1770,164.37399307050043,24,1,0,0,1.4233035565888221,0.2
1771,137.21911371244693,200,0,0,1,5.238733131033116,0.2
1772,199.0277288569551,38,1,0,0,1.493042812072671,0.2
1773,160.39799222312604,21,1,0,0,1.4839735806562546,0.2
1774,166.67410941977909,20,1,0,0,1.3805351397788077,0.2
1775,176.10105957069914,34,1,0,0,1.176683303795532,0.2
1776,197.65352720214315,103,1,0,0,1.4128002707287193,0.2
1777,168.7705451425163,31,1,0,0,1.3699413939392955,0.2
1778,-50.0,1,0,1,0,1.1078975347254636,0.2
1779,205.63168838324978,34,1,0,0,1.4640407117094931,0.2
1780,267.46722380544986,60,1,0,0,1.4206194144406732,0.2
1781,111.96619631172001,7,1,0,0,1.4885683766595246,0.2
1782,141.6695024010919,34,1,0,0,1.4258274979889998,0.2
1783,280.3716024173867,64,1,0,0,1.3231779872011458,0.2
1784,144.5331642629649,66,1,0,0,1.4676430171272583,0.2
1785,165.81722784418452,18,1,0,0,1.1726273724772631,0.2
1786,177.59148270600667,23,1,0,0,1.3172346179547114,0.2
1787,122.75657921613823,31,1,0,0,1.271797148887064,0.2
1788,167.16336284894936,25,1,0,0,1.3053671502405158,0.2
1789,171.40484568673133,24,1,0,0,1.4154016730668526,0.2
1790,178.42987810159536,26,1,0,0,1.353247952238061,0.2
1791,260.37773553859256,83,1,0,0,1.4234114605076835,0.2
1792,144.51060333614,18,1,0,0,1.2718260215902717,0.2
1793,168.79286259062366,21,1,0,0,1.361371100664193,0.2
1794,184.03259390020014,54,1,0,0,1.4134009086567356,0.2
1795,157.6560071141367,29,1,0,0,1.2140935648043123,0.2
1796,162.03577342515774,25,1,0,0,1.3790789835698654,0.2
1797,168.63153441407525,22,1,0,0,1.342999046218415,0.2
1798,182.18217798500723,37,1,0,0,1.2681474975447575,0.2
1799,134.46756402557995,20,1,0,0,1.3068484343316862,0.2
1800,209.90415717232355,41,1,0,0,1.2706994004581544,0.2
1801,153.35743486890738,24,1,0,0,1.4854436511466673,0.2
1802,208.30548639549158,36,1,0,0,1.4507951245337076,0.2
1803,125.80966655462642,12,1,0,0,1.422271812482165,0.2
1804,227.3558052504307,49,1,0,0,1.3612067349697086,0.2
1805,177.26542217768454,27,1,0,0,1.4208414672681264,0.2
1806,162.67795191050095,19,1,0,0,1.4454448419792785,0.2
1807,166.31281550177255,26,1,0,0,1.4813653967490477,0.2
1808,161.38744278644282,23,1,0,0,1.2617197991015914,0.2
1809,188.50032650528482,27,1,0,0,1.332918461172108,0.2
1810,152.60170170346535,18,1,0,0,1.3316066669968019,0.2
1811,167.15169334724885,24,1,0,0,1.2755460519629778,0.2
1812,191.7426562077746,26,1,0,0,1.4251371693383794,0.2
1813,156.7250082675552,26,1,0,0,1.3708728109604922,0.2
1814,151.7284061810801,19,1,0,0,1.1138254945088708,0.2
1815,167.1106054860275,29,1,0,0,1.2079564375580443,0.2
1816,-50.0,1,0,1,0,3.288664041753849,0.2
1817,127.12029674306929,10,1,0,0,1.4560936283922596,0.2
1818,141.8194827102531,12,1,0,0,1.3876825471098793,0.2
1819,238.39651592960618,40,1,0,0,1.4185146022384485,0.2
1820,137.3207056778727,18,1,0,0,1.160811504529611,0.2
1821,156.39138786904158,21,1,0,0,1.4382507870566037,0.2
1822,107.32198892470502,5,1,0,0,1.1997889861056246,0.2
1823,220.6622186488612,37,1,0,0,1.3393108329139212,0.2
1824,162.77477906308553,36,1,0,0,1.3059189861040217,0.2
1825,184.20834333315895,29,1,0,0,1.362926587253696,0.2
1826,170.357653518306,32,1,0,0,1.483731466765509,0.2
1827,138.01101377466213,12,1,0,0,1.2952852791571619,0.2
1828,192.42673987758087,26,1,0,0,1.4985194241657034,0.2
1829,192.3946821433343,32,1,0,0,1.3506718606507435,0.2
1830,177.2765378968696,25,1,0,0,1.3829914829236118,0.2
1831,206.0682123449634,45,1,0,0,1.3835979618614545,0.2
1832,142.93006156498336,90,1,0,0,1.3997055900077358,0.2
1833,226.58453047906897,44,1,0,0,1.4458266466504028,0.2
1834,216.75704045531563,31,1,0,0,1.4075725307387166,0.2
1835,186.4433820322777,31,1,0,0,1.4673168227925646,0.2
1836,217.13377262261244,35,1,0,0,1.3256327264718275,0.2
1837,100.0,1,1,0,0,1.1259456962724512,0.2
1838,251.92917664113858,49,1,0,0,1.49821728269224,0.2
1839,200.1117250600284,31,1,0,0,1.3869569517307059,0.2
1840,173.3620022994308,30,1,0,0,1.4506610740726207,0.2
1841,274.9710328730316,59,1,0,0,1.4071704458194816,0.2
1842,124.86396557232402,47,1,0,0,1.42365132962762,0.2
1843,139.31237951436734,12,1,0,0,1.4253205740917454,0.2
1844,189.16793761132334,26,1,0,0,1.3489387471026948,0.2
1845,155.65978512790733,22,1,0,0,1.4844638283173373,0.2
1846,149.9169051187847,30,1,0,0,1.3770166539638322,0.2
1847,219.20449923011185,61,1,0,0,1.4686276998561658,0.2
1848,152.20144279185052,21,1,0,0,1.404868501646917,0.2
1849,197.1310807779498,27,1,0,0,1.462760201612019,0.2
1850,176.54070336504216,47,1,0,0,1.4691955430690264,0.2
1851,143.3883658273908,23,1,0,0,1.1896066079172467,0.2
1852,188.37490527020248,29,1,0,0,1.3806546263079793,0.2
1853,203.82988820508905,32,1,0,0,1.3857263803859163,0.2
1854,188.67746186022725,36,1,0,0,1.2277342293190374,0.2
1855,140.4459411988397,21,1,0,0,1.3522179066907893,0.2
1856,133.70418056183547,9,1,0,0,1.238112117520796,0.2
1857,132.90718243379192,23,1,0,0,1.3680040570875263,0.2
1858,169.55956191168877,26,1,0,0,1.3922047170739438,0.2
1859,195.18369046511063,37,1,0,0,1.4550521438968422,0.2
1860,208.50512859885526,33,1,0,0,1.446691929982815,0.2
1861,160.4943145252828,26,1,0,0,1.2966578316354707,0.2
1862,229.11295802468348,48,1,0,0,1.2047260584529234,0.2
1863,222.09738220444672,37,1,0,0,1.2374928979403437,0.2
1864,185.3370457412994,29,1,0,0,1.431487089498357,0.2
1865,169.67698198396207,25,1,0,0,1.3959676981921068,0.2
1866,155.68821998003412,26,1,0,0,1.3380237032217297,0.2
1867,253.97568552912156,54,1,0,0,1.196123710661434,0.2
1868,224.30999589943394,44,1,0,0,1.2972540377593063,0.2
1869,156.75597959476474,27,1,0,0,1.4966031820095176,0.2
1870,172.17225248862334,27,1,0,0,1.2321803835156062,0.2
1871,-12.703649745542354,200,0,0,1,2.649962530138906,0.2
1872,136.3934920038585,24,1,0,0,1.4505244030535855,0.2
1873,165.71212193095312,20,1,0,0,1.3745493402486368,0.2
1874,172.9033956518616,20,1,0,0,1.4761780466005492,0.2
1875,148.37322309594927,25,1,0,0,1.4931449425638985,0.2
1876,168.48128025991758,28,1,0,0,1.4628357900174767,0.2
1877,237.507300073019,51,1,0,0,1.268995827433888,0.2
1878,231.69046526860762,44,1,0,0,1.4475043878892477,0.2
1879,235.3113663522091,44,1,0,0,1.3488160838544574,0.2
1880,159.58735672896034,21,1,0,0,1.2509110931744594,0.2
1881,165.67520709794002,29,1,0,0,1.3506046916129932,0.2
1882,145.2029270890281,15,1,0,0,1.4110143487961508,0.2
1883,151.7376973908876,18,1,0,0,1.4930337781216145,0.2
1884,158.66098813254905,22,1,0,0,1.2774410763834632,0.2
1885,158.86406086518056,26,1,0,0,1.2137292697420472,0.2
1886,139.0535583313903,33,1,0,0,1.157247011219082,0.2
1887,182.22282346009712,32,1,0,0,1.4641183231167685,0.2
1888,203.8496756129248,36,1,0,0,1.2916372595255858,0.2
1889,155.17189643609962,16,1,0,0,1.487366622194919,0.2
1890,155.26163028185715,17,1,0,0,1.4480075232198175,0.2
1891,230.68282592916728,42,1,0,0,1.1896651531022555,0.2
1892,157.72525849485373,48,1,0,0,1.499282093617519,0.2
1893,156.31764545701287,18,1,0,0,1.2418815414941595,0.2
1894,162.6340534303972,27,1,0,0,1.3413290599874916,0.2
1895,141.53548994096516,13,1,0,0,1.41204373627012,0.2
1896,136.32028256307015,91,1,0,0,1.4829766086005318,0.2
1897,187.78284942712764,25,1,0,0,1.237209429293969,0.2
1898,189.14392888490556,35,1,0,0,1.3112432681978736,0.2
1899,179.57960496543689,30,1,0,0,1.4599077791506618,0.2
1900,162.4326314213339,24,1,0,0,1.4240861980725228,0.2
1901,165.28315080434336,21,1,0,0,1.394806313926643,0.2
1902,184.24090303328416,56,1,0,0,1.3191214619724556,0.2
1903,34.65060481352027,200,0,0,1,3.9899436723076795,0.2
1904,183.43298300223486,23,1,0,0,1.2460616361780685,0.2
1905,179.63209994759242,27,1,0,0,1.4779499952259425,0.2
1906,-50.0,1,0,1,0,6.065521190629625,0.2
1907,113.35857432134833,8,1,0,0,1.3802591636290957,0.2
1908,191.2585202547735,33,1,0,0,1.4660661241435708,0.2
1909,214.24387840484684,40,1,0,0,1.3669314634738996,0.2
1910,173.48570854619817,24,1,0,0,1.3081038703018946,0.2
1911,260.02043854783847,59,1,0,0,1.3376945069216177,0.2
1912,148.0302017779248,45,1,0,0,1.3755961773136554,0.2
1913,209.3464012944282,37,1,0,0,1.419686874025314,0.2
1914,118.74781174236023,19,1,0,0,1.4599191801508618,0.2
1915,164.4628282879604,24,1,0,0,1.1442414800246004,0.2
1916,267.57805146991944,55,1,0,0,1.3864934778200178,0.2
1917,198.24929218464737,30,1,0,0,1.418238488229958,0.2
1918,-50.0,1,0,1,0,2.735315487618085,0.2
1919,157.73400072790372,32,1,0,0,1.2569217298287738,0.2
1920,174.27360280689618,31,1,0,0,1.2867783048418735,0.2
1921,171.1229128413201,27,1,0,0,1.4625003269202146,0.2
1922,180.21466022022528,24,1,0,0,1.461297544793329,0.2
1923,163.10398691119514,29,1,0,0,1.4660102028275088,0.2
1924,183.01626608235745,40,1,0,0,1.4455414168611183,0.2
1925,169.63481961523848,26,1,0,0,1.2330056684834125,0.2
1926,245.90553073845555,45,1,0,0,1.3054649505391023,0.2
1927,152.7229462932067,20,1,0,0,1.3373294255323516,0.2
1928,188.89591812483158,43,1,0,0,1.4165048504827258,0.2
1929,189.76591184563188,38,1,0,0,1.4115597298566018,0.2
1930,179.8392395901949,27,1,0,0,1.3820156033573336,0.2
1931,252.88595429734744,55,1,0,0,1.4745631590815327,0.2
1932,224.67330773582543,42,1,0,0,1.451679539098554,0.2
1933,254.87079036421864,55,1,0,0,1.3225923361768128,0.2
1934,178.04658634284905,21,1,0,0,1.1200041444022395,0.2
1935,-5.075119325011562,200,0,0,1,3.9254288448587187,0.2
1936,172.05808340019962,22,1,0,0,1.4680220377262243,0.2
1937,133.68578946039943,15,1,0,0,1.278955487460034,0.2
1938,155.22344775937881,32,1,0,0,1.4499312129986313,0.2
1939,188.02401147193342,29,1,0,0,1.1866828027523757,0.2
1940,173.45661591172785,23,1,0,0,1.4032838777895138,0.2
1941,184.43989463152752,33,1,0,0,1.205001672547712,0.2
1942,153.44503032497067,26,1,0,0,1.444968898775486,0.2
1943,164.31766720443304,16,1,0,0,1.261355323830574,0.2
1944,184.18490513021464,22,1,0,0,1.2599439011940734,0.2
1945,188.50863693201387,28,1,0,0,1.3028714675241617,0.2
1946,132.29780824495873,17,1,0,0,1.4497266946936882,0.2
1947,158.9130952561483,36,1,0,0,1.4776669825194153,0.2
1948,210.09131048106235,28,1,0,0,1.3607197299545835,0.2
1949,191.79272640304765,30,1,0,0,1.341957496146895,0.2
1950,145.24298804215977,16,1,0,0,1.4364113617056993,0.2
1951,138.5131023410991,107,1,0,0,1.4310820308799213,0.2
1952,122.89376380391815,19,1,0,0,1.4929001462802407,0.2
1953,119.75639946389325,44,1,0,0,1.3043159285176025,0.2
1954,163.08293011550361,39,1,0,0,1.4851661405274192,0.2
1955,161.85342846951917,26,1,0,0,1.2084880026107057,0.2
1956,151.91904722625222,30,1,0,0,1.2414073158181467,0.2
1957,200.13991457087792,68,1,0,0,1.4809531717819546,0.2
1958,125.70557903822555,25,1,0,0,1.2111960695509805,0.2
1959,172.39843447751082,35,1,0,0,1.488572717634965,0.2
1960,144.24682771028566,15,1,0,0,1.486059104843912,0.2
1961,192.30244930670838,37,1,0,0,1.128053303019121,0.2
1962,171.38049471798897,31,1,0,0,1.4283244050302073,0.2
1963,-20.515995281576576,200,0,0,1,1.9996390879996109,0.2
1964,161.91310718767915,27,1,0,0,1.466599974135602,0.2
1965,167.96090702861625,22,1,0,0,1.3961910949564895,0.2
1966,234.51337277785515,41,1,0,0,1.4403669982779894,0.2
1967,199.53971792104716,36,1,0,0,1.3600687881786657,0.2
1968,167.03108975095583,23,1,0,0,1.4250389988040977,0.2
1969,163.04878130309265,117,1,0,0,1.4399495292353748,0.2
1970,184.53672962482398,31,1,0,0,1.192661218234309,0.2
1971,167.3457055511043,25,1,0,0,1.408102232003198,0.2
1972,181.0110684716895,26,1,0,0,1.4982071815707616,0.2
1973,158.7331903217264,21,1,0,0,1.3377959671993402,0.2
1974,197.72027039942225,28,1,0,0,1.309924130178818,0.2
1975,234.32516896230365,44,1,0,0,1.2361597882296733,0.2
1976,150.68123201031634,34,1,0,0,1.4435996427500957,0.2
1977,180.98065064358286,22,1,0,0,1.4074278602338364,0.2
1978,217.21462739425039,37,1,0,0,1.1406724343796526,0.2
1979,164.43837773810986,34,1,0,0,1.299729783368402,0.2
1980,178.7451093270474,24,1,0,0,1.3583456314151876,0.2
1981,161.13584002649162,16,1,0,0,1.3407573584435217,0.2
1982,161.9199126273156,26,1,0,0,1.467670079585956,0.2
1983,-12.596032411186446,200,0,0,1,2.5208617858984774,0.2
1984,212.1576083955079,34,1,0,0,1.2133997720667427,0.2
1985,194.2583070910075,42,1,0,0,1.4314085018495408,0.2
1986,28.710943655539598,200,0,0,1,3.066171924535241,0.2
1987,149.6303795142809,17,1,0,0,1.3015467393644429,0.2
1988,168.61367921644327,49,1,0,0,1.4314576537188568,0.2
1989,114.19508381512215,5,1,0,0,1.3374620255866536,0.2
1990,170.76730501956075,34,1,0,0,1.4967507149767527,0.2
1991,-50.0,1,0,1,0,1.887448965661422,0.2
1992,141.0961402343362,13,1,0,0,1.4546847620376047,0.2
1993,-51.820053268794396,2,0,1,0,5.506175868663563,0.2
1994,146.5817515904151,13,1,0,0,1.3171367696733771,0.2
1995,161.00986689277977,26,1,0,0,1.3713552673425347,0.2
1996,145.2231220763638,131,1,0,0,1.4033458612123793,0.2
1997,158.5173235453424,23,1,0,0,1.4054243460896239,0.2
1998,188.98189373642828,23,1,0,0,1.341063300848774,0.2
1999,144.53310882825272,79,1,0,0,1.3803837479522456,0.2
2000,183.89080494419858,38,1,0,0,1.3771898520000336,0.2
2001,161.23263493934644,17,1,0,0,1.495287771538817,0.2
2002,210.84227295314975,36,1,0,0,1.4581852877627026,0.2
2003,195.63506779452513,42,1,0,0,1.4328338795431275,0.2
2004,-50.0,1,0,1,0,4.689804805991853,0.2
2005,174.90395696490782,32,1,0,0,1.3434474941306223,0.2
2006,190.2174713921719,25,1,0,0,1.383102447821432,0.2
2007,159.719860611484,39,1,0,0,1.422411880967226,0.2
2008,193.33585664315467,27,1,0,0,1.4603611547480437,0.2
2009,168.70600055855016,35,1,0,0,1.4042373409361615,0.2
2010,193.93307618877972,31,1,0,0,1.4126998074972592,0.2
2011,158.71311490123657,25,1,0,0,1.428028758718103,0.2
2012,189.3312248356712,28,1,0,0,1.4280047503691846,0.2
2013,158.87668585348368,23,1,0,0,1.3742472520540556,0.2
2014,200.49767023412608,28,1,0,0,1.426992871354193,0.2
2015,142.86308874164013,18,1,0,0,1.4309947118551,0.2
2016,175.0754764772247,25,1,0,0,1.378893411738656,0.2
2017,231.02632021625138,44,1,0,0,1.4104481387076149,0.2
2018,213.1156387039161,44,1,0,0,1.4051782591285271,0.2
2019,-2.5713012207708594,200,0,0,1,2.982036218386276,0.2
2020,127.61897767476532,24,1,0,0,1.3993682391883826,0.2
2021,143.7608258804136,20,1,0,0,1.4841745946452891,0.2
2022,178.91339324965807,21,1,0,0,1.38393895305998,0.2
2023,173.14883495243987,19,1,0,0,1.278783798236014,0.2
2024,170.60770219472437,31,1,0,0,1.4700605481740825,0.2
2025,187.52866916824203,34,1,0,0,1.3185795715675228,0.2
2026,202.73381036979652,28,1,0,0,1.429208617071967,0.2
2027,152.85970276281176,28,1,0,0,1.1548981347768996,0.2
2028,80.90874466415995,200,0,0,1,1.8231879661662462,0.2
2029,193.69311249236011,34,1,0,0,1.3938747566086427,0.2
2030,179.70879845285737,27,1,0,0,1.2841707076354807,0.2
2031,161.59705751603587,26,1,0,0,1.3427698794750857,0.2
2032,144.95627706213395,47,1,0,0,1.3080634060126095,0.2
2033,180.76109261950546,45,1,0,0,1.2838395186130187,0.2
2034,130.39428038736358,16,1,0,0,1.2244627012407954,0.2
2035,254.92978250428047,108,1,0,0,1.4522218163258513,0.2
2036,195.0831390128085,25,1,0,0,1.4387443587310755,0.2
2037,254.3168788493552,174,1,0,0,1.4778810040759343,0.2
2038,22.94120016140814,200,0,0,1,2.943544820443133,0.2
2039,185.54656036165386,27,1,0,0,1.316415481444099,0.2
2040,150.8413151303681,21,1,0,0,1.2056248691180922,0.2
2041,149.52196036672723,27,1,0,0,1.2966254254223963,0.2
2042,108.85126553932442,4,1,0,0,1.2774844422992881,0.2
2043,175.36318420757226,26,1,0,0,1.3809271664067495,0.2
2044,153.12266751289206,23,1,0,0,1.2368084962653423,0.2
2045,36.096284723551726,200,0,0,1,1.9691717149958492,0.2
2046,169.96910735699925,31,1,0,0,1.3123074514618742,0.2
2047,214.90975796470295,35,1,0,0,1.4787556473287218,0.2
2048,167.38250683113432,21,1,0,0,1.492323279816234,0.2
2049,163.03289107643775,25,1,0,0,1.3980151790106903,0.2
2050,168.12632232331316,22,1,0,0,1.3145832038895824,0.2
2051,141.2579164653268,19,1,0,0,1.4769780585310572,0.2
2052,169.40486411406977,24,1,0,0,1.288748020130755,0.2
2053,173.94502875734227,28,1,0,0,1.301778935343612,0.2
2054,200.44743640359687,30,1,0,0,1.2695067838846446,0.2
2055,198.82107878183675,38,1,0,0,1.4546989368231846,0.2
2056,185.1020142981739,35,1,0,0,1.4666796266839088,0.2
2057,175.3389144661152,48,1,0,0,1.4795837271023549,0.2
2058,138.08594486746867,24,1,0,0,1.371944616836294,0.2
2059,207.95131371025255,35,1,0,0,1.189634743883216,0.2
2060,188.7192401634589,34,1,0,0,1.2077227977768146,0.2
2061,11.355858120685074,200,0,0,1,6.670729623554131,0.2
2062,159.94855579108435,22,1,0,0,1.2888841782126315,0.2
2063,189.1881723611806,30,1,0,0,1.34006993144759,0.2
2064,163.26764721273895,21,1,0,0,1.4854402542185001,0.2
2065,168.062711169833,19,1,0,0,1.1889134651269875,0.2
2066,173.44529713892763,22,1,0,0,1.2460627024321593,0.2
2067,106.43250229470577,9,1,0,0,1.3117573701163476,0.2
2068,172.45105352978783,29,1,0,0,1.3882763792468384,0.2
2069,143.0662941654146,17,1,0,0,1.4503411440067604,0.2
2070,17.676724960131946,200,0,0,1,3.316679266724189,0.2
2071,148.50966916963796,18,1,0,0,1.4847912410602395,0.2
2072,171.90250581570217,29,1,0,0,1.474084794510122,0.2
2073,153.94395556546186,24,1,0,0,1.41264493464228,0.2
2074,147.66934789279478,21,1,0,0,1.2404325827582463,0.2
2075,138.79170417413607,17,1,0,0,1.393338290343671,0.2
2076,192.45410602063197,34,1,0,0,1.2482445785749554,0.2
2077,134.00239734553296,14,1,0,0,1.427030916746493,0.2
2078,185.1655884942485,27,1,0,0,1.2255493261923225,0.2
2079,185.7193913520618,22,1,0,0,1.3135845262567496,0.2
2080,245.72079783610994,55,1,0,0,1.1677370986562625,0.2
2081,163.34003871174116,19,1,0,0,1.4424769757078841,0.2
2082,130.94119008657964,13,1,0,0,1.4022304279716666,0.2
2083,194.79749253005508,25,1,0,0,1.4038481243930043,0.2
2084,201.3987163733247,28,1,0,0,1.1877949026927301,0.2
2085,150.1846888316658,19,1,0,0,1.3747431131414962,0.2
2086,189.65510171346756,23,1,0,0,1.2287696739627567,0.2
2087,186.50372385118652,30,1,0,0,1.3778037148181703,0.2
2088,122.55148476480741,13,1,0,0,1.3945199262499917,0.2
2089,155.52955781630126,20,1,0,0,1.3585020783295176,0.2
2090,188.9473983745376,26,1,0,0,1.4833835592403202,0.2
2091,244.85071510890927,52,1,0,0,1.4018039264986333,0.2
2092,163.3506361147936,24,1,0,0,1.2371739141309033,0.2
2093,138.3567985339885,25,1,0,0,1.432952713237877,0.2
2094,120.37856924225635,11,1,0,0,1.3536756251521276,0.2
2095,186.60135273223602,26,1,0,0,1.209827374260151,0.2
2096,166.6886996183452,29,1,0,0,1.3183735508393672,0.2
2097,159.31736519431286,29,1,0,0,1.4938019008019185,0.2
2098,173.3161867176127,31,1,0,0,1.267401685178705,0.2
2099,156.06314420522392,17,1,0,0,1.4411792542435418,0.2
2100,177.93457301607327,24,1,0,0,1.356857033895641,0.2
2101,148.63148266868853,59,1,0,0,1.4670756620503842,0.2
2102,224.6055721281556,46,1,0,0,1.3455226860637919,0.2
2103,169.66455341607616,28,1,0,0,1.355684088545516,0.2
2104,168.01361860778715,27,1,0,0,1.2900577109742268,0.2
2105,170.14992503583687,25,1,0,0,1.495187310893475,0.2
2106,179.7650921536396,28,1,0,0,1.315428618941077,0.2
2107,156.54251333165357,32,1,0,0,1.3949435024534818,0.2
2108,140.09586745031385,19,1,0,0,1.187403757180521,0.2
2109,243.8923232595624,48,1,0,0,1.3540967892249647,0.2
2110,187.89859068662705,33,1,0,0,1.4028821985647586,0.2
2111,150.45397819217504,20,1,0,0,1.3965879725540244,0.2
2112,275.24973050280937,59,1,0,0,1.1656929966510743,0.2
2113,163.9088854934743,41,1,0,0,1.439332060842435,0.2
2114,187.2345040872349,30,1,0,0,1.4595665159225835,0.2
2115,160.51018659391664,23,1,0,0,1.4572900297147153,0.2
2116,184.371806872446,54,1,0,0,1.4005404500568115,0.2
2117,149.35339210680263,20,1,0,0,1.407583935058637,0.2
2118,117.21768608609537,11,1,0,0,1.4319871032090234,0.2
2119,152.92710400925654,16,1,0,0,1.2895248035934348,0.2
2120,139.54466227626577,20,1,0,0,1.476873956094087,0.2
2121,190.4101787154242,29,1,0,0,1.340582023372127,0.2
2122,150.97886808763369,21,1,0,0,1.4359493188273051,0.2
2123,244.54799196069587,50,1,0,0,1.2270763171064802,0.2
2124,169.40639413988646,29,1,0,0,1.4543792288575488,0.2
2125,171.60683981519097,26,1,0,0,1.3103522124065565,0.2
2126,230.00210166272547,44,1,0,0,1.4242309758898508,0.2
2127,182.39480667806623,23,1,0,0,1.4581668122723395,0.2
2128,272.12682731684345,60,1,0,0,1.3501249672331062,0.2
2129,150.1772895988438,24,1,0,0,1.4568478763967547,0.2
2130,244.95643200903874,49,1,0,0,1.2545718655562186,0.2
2131,214.0127771511075,46,1,0,0,1.3777163874135139,0.2
2132,189.81697509363573,26,1,0,0,1.3215338110004142,0.2
2133,174.840264632378,27,1,0,0,1.487470724189145,0.2
2134,172.58121331117513,32,1,0,0,1.4316017041039741,0.2
2135,212.20428429621865,43,1,0,0,1.4197016434013652,0.2
2136,156.10875746017487,34,1,0,0,1.4504036133883682,0.2
2137,150.62362445180293,18,1,0,0,1.3957333254642141,0.2
2138,157.5462300375405,22,1,0,0,1.4545124993133631,0.2
2139,213.37490017398335,38,1,0,0,1.4321450280949894,0.2
2140,77.84455283150001,200,0,0,1,1.7052057458664294,0.2
2141,226.93136661840424,45,1,0,0,1.4889776147676757,0.2
2142,168.83377694031952,28,1,0,0,1.2813390598980237,0.2
2143,140.93046493350005,24,1,0,0,1.3850693918648127,0.2
2144,-50.0,1,0,1,0,2.6238390421336497,0.2
2145,160.4968068911835,26,1,0,0,1.4768816477411288,0.2
2146,142.27073941607813,17,1,0,0,1.3545416917385877,0.2
2147,199.64800178673778,25,1,0,0,1.3723394606143038,0.2
2148,164.43672710058618,29,1,0,0,1.4961203454440515,0.2
2149,175.28999913049495,25,1,0,0,1.2992023159013848,0.2
2150,178.24542572798316,29,1,0,0,1.3612720166292893,0.2
2151,222.76581349282995,45,1,0,0,1.2188506035932958,0.2
2152,-50.0,1,0,1,0,3.6617763782124224,0.2
2153,197.0030990571779,32,1,0,0,1.1978091555415198,0.2
2154,134.52047685396067,135,1,0,0,1.4209589624212058,0.2
2155,270.3864460277391,63,1,0,0,1.4306736306176453,0.2
2156,208.83064974896118,31,1,0,0,1.4052166778503603,0.2
2157,160.9953935873936,23,1,0,0,1.4842856308244956,0.2
2158,219.88313026838185,33,1,0,0,1.346499114434886,0.2
2159,131.5891615703222,15,1,0,0,1.260898861590053,0.2
2160,158.29112167800147,24,1,0,0,1.4870485226041648,0.2
2161,248.80261148444217,51,1,0,0,1.2515045758040506,0.2
2162,172.27798762078953,25,1,0,0,1.471894956446917,0.2
2163,149.34418289015295,23,1,0,0,1.3895637626611883,0.2
2164,166.92706437313052,24,1,0,0,1.437209841968308,0.2
2165,139.39021628501618,18,1,0,0,1.3276190258527416,0.2
2166,133.9437507587966,16,1,0,0,1.4514706743484622,0.2
2167,174.29109444879242,22,1,0,0,1.4283877483818128,0.2
2168,174.70321823328584,27,1,0,0,1.333592732999466,0.2
2169,172.29887276992298,24,1,0,0,1.449850279584661,0.2
2170,157.9669539982778,29,1,0,0,1.4517564949767008,0.2
2171,238.00434454514846,48,1,0,0,1.3263266259598367,0.2
2172,179.21817512302113,32,1,0,0,1.3266909554647213,0.2
2173,207.08377863928695,48,1,0,0,1.4053116062236637,0.2
2174,24.03451882230369,200,0,0,1,2.1465266100426894,0.2
2175,167.0221035068167,22,1,0,0,1.287055245839847,0.2
2176,142.2080793289636,18,1,0,0,1.2672261187520006,0.2
2177,188.5678415605025,36,1,0,0,1.3401759730926077,0.2
2178,169.84300465934143,25,1,0,0,1.4589987669265052,0.2
2179,165.052109418259,30,1,0,0,1.4889409416558796,0.2
2180,150.2314446153791,19,1,0,0,1.4638590615175995,0.2
2181,176.82863415741548,30,1,0,0,1.4656214675436712,0.2
2182,148.4107803918134,14,1,0,0,1.3158654500125357,0.2
2183,189.61392122738357,30,1,0,0,1.359915062911368,0.2
2184,146.5848487109191,16,1,0,0,1.2489544588344348,0.2
2185,166.00853546116736,32,1,0,0,1.4293840914730715,0.2
2186,149.44797770738566,192,1,0,0,1.4815958114767434,0.2
2187,194.72151660922827,31,1,0,0,1.1087723305930999,0.2
2188,239.87784075398798,44,1,0,0,1.3839773443559291,0.2
2189,118.72641422690586,14,1,0,0,1.4502591080090796,0.2
2190,145.51101746782172,14,1,0,0,1.404459096777168,0.2
2191,149.64885523731206,20,1,0,0,1.3531406948034355,0.2
2192,191.98937647141793,43,1,0,0,1.4350176462571929,0.2
2193,170.92399053457362,27,1,0,0,1.3231158066120359,0.2
2194,-50.0,1,0,1,0,7.638716362272746,0.2
2195,58.06127923831452,175,1,0,0,1.3754388753065623,0.2
2196,169.6673236292555,18,1,0,0,1.4873136108508518,0.2
2197,171.03951988543665,26,1,0,0,1.3713347014600963,0.2
2198,-50.0,1,0,1,0,5.208306222401763,0.2
2199,128.73373838427506,21,1,0,0,1.4490593317737248,0.2
2200,209.47620750525522,34,1,0,0,1.295181075414806,0.2
2201,184.2804188369022,25,1,0,0,1.4253139438795799,0.2
2202,184.69108213536322,24,1,0,0,1.3895202689356547,0.2
2203,179.54216754163326,23,1,0,0,1.2159000873437886,0.2
2204,147.17190061857752,20,1,0,0,1.2450590453872925,0.2
2205,158.42981294721415,26,1,0,0,1.334233966324251,0.2
2206,167.2898912982355,22,1,0,0,1.270108556004322,0.2
2207,190.1414358360281,27,1,0,0,1.2324010731909252,0.2
2208,224.32305953298288,58,1,0,0,1.4693835305316973,0.2
2209,181.32759000935044,29,1,0,0,1.442117128549215,0.2
2210,145.63270616474153,21,1,0,0,1.3851117755525628,0.2
2211,180.61844395015626,31,1,0,0,1.4120207352216643,0.2
2212,-50.0,1,0,1,0,1.575968615977611,0.2
2213,192.23463242519205,29,1,0,0,1.4517782176601282,0.2
2214,180.9063574374719,27,1,0,0,1.4917999469239946,0.2
2215,198.25687011390107,37,1,0,0,1.4388897821900781,0.2
2216,209.8532344172,40,1,0,0,1.4926270995843547,0.2
2217,228.72651038148376,42,1,0,0,1.2281245154941671,0.2
2218,164.19030343382263,24,1,0,0,1.2291852511320613,0.2
2219,161.38580109655774,17,1,0,0,1.3670638816303275,0.2
2220,147.68649431713538,186,1,0,0,1.4982841050384348,0.2
2221,183.21664868951103,22,1,0,0,1.3857995983266116,0.2
2222,244.1873619794425,72,1,0,0,1.4638178152293908,0.2
2223,199.9828013549933,31,1,0,0,1.443602929640009,0.2
2224,182.664951685828,23,1,0,0,1.3691569981769716,0.2
2225,193.77014626299464,32,1,0,0,1.3817726093116554,0.2
2226,213.03841350296273,44,1,0,0,1.293917840319281,0.2
2227,154.5264033226436,18,1,0,0,1.4476365573325352,0.2
2228,126.1220130068703,17,1,0,0,1.34934973345005,0.2
2229,130.7219661588975,11,1,0,0,1.3082197315578463,0.2
2230,141.11580292864227,18,1,0,0,1.426150011314026,0.2
2231,161.56350527019484,24,1,0,0,1.34132184150793,0.2
2232,210.02179039145685,29,1,0,0,1.4497105773779173,0.2
2233,177.35122049289555,22,1,0,0,1.4270771619947225,0.2
2234,153.3467799855198,18,1,0,0,1.4719833458813498,0.2
2235,177.07568805739362,27,1,0,0,1.2462752101797097,0.2
2236,180.03836787422318,26,1,0,0,1.397303022425537,0.2
2237,209.39001925341574,37,1,0,0,1.4817447670468618,0.2
2238,140.30812049355052,18,1,0,0,1.4912583458683408,0.2
2239,137.81015677339883,21,1,0,0,1.4513727334811204,0.2
2240,173.0151639181671,29,1,0,0,1.245411180919173,0.2
2241,182.13735601757065,28,1,0,0,1.3754606889233163,0.2
2242,188.33978694714003,26,1,0,0,1.3557757860715312,0.2
2243,152.33989504029861,23,1,0,0,1.469358427771131,0.2
2244,148.44863274516626,15,1,0,0,1.4986172318019317,0.2
2245,219.69643972177778,42,1,0,0,1.236421580454632,0.2
2246,191.31850346857297,33,1,0,0,1.2229739148050867,0.2
2247,164.86657430615625,26,1,0,0,1.4500633596265926,0.2
2248,217.3555193956954,43,1,0,0,1.4817993307967599,0.2
2249,139.62168435027235,15,1,0,0,1.1065650106675264,0.2
2250,168.04523586310614,30,1,0,0,1.4737243989736937,0.2
2251,160.9223218753894,24,1,0,0,1.386450334683432,0.2
2252,131.5093052430486,14,1,0,0,1.2141643518247232,0.2
2253,152.35287602531724,21,1,0,0,1.489947573336932,0.2
2254,141.3953433193072,24,1,0,0,1.2104615909736884,0.2
2255,151.53686297110738,19,1,0,0,1.381971884009171,0.2
2256,190.80924275547656,26,1,0,0,1.340631095979245,0.2
2257,155.60386627115125,85,1,0,0,1.4825673248191322,0.2
2258,176.64208915651648,29,1,0,0,1.4458232648710323,0.2
2259,139.82231449471695,24,1,0,0,1.2922706518284577,0.2
2260,136.5750476858077,18,1,0,0,1.3783107608391434,0.2
2261,276.8028341826846,120,1,0,0,1.4612359484501367,0.2
2262,186.2747301831957,25,1,0,0,1.4564151978266617,0.2
2263,229.65202649538944,46,1,0,0,1.3961420513796794,0.2
2264,147.3919136882605,15,1,0,0,1.449036404755403,0.2
2265,181.05433884676606,27,1,0,0,1.4689612695557952,0.2
2266,227.33923737829093,43,1,0,0,1.4085983333759844,0.2
2267,186.976440899919,27,1,0,0,1.3027962235691861,0.2
2268,162.11502055630314,20,1,0,0,1.4890917705181315,0.2
2269,168.2107016705754,24,1,0,0,1.2670390587228841,0.2
2270,138.17994905159253,11,1,0,0,1.4267659667079848,0.2
2271,196.12079337578263,39,1,0,0,1.186617482014483,0.2
2272,202.0715504356517,36,1,0,0,1.3381033507183464,0.2
2273,179.02339101987832,26,1,0,0,1.4852864059056112,0.2
2274,182.85256373008326,22,1,0,0,1.4867301716288774,0.2
2275,183.61127579711143,25,1,0,0,1.2230731040604348,0.2
2276,166.53533831868043,21,1,0,0,1.4709704405165664,0.2
2277,154.85287646710637,22,1,0,0,1.1967105448794453,0.2
2278,165.8367156889251,33,1,0,0,1.3823731914345896,0.2
2279,161.42213794326187,20,1,0,0,1.4779620976752696,0.2
2280,133.93412571760115,15,1,0,0,1.4524221566119235,0.2
2281,270.85789875948797,198,1,0,0,1.4792565929297188,0.2
2282,200.35256447446045,33,1,0,0,1.4575851787826561,0.2
2283,242.21963085535242,48,1,0,0,1.424172492498328,0.2
2284,169.44482454855884,24,1,0,0,1.253008887672173,0.2
2285,168.05769216403513,23,1,0,0,1.1564835398016595,0.2
2286,142.01934506485526,28,1,0,0,1.2966442275940058,0.2
2287,176.49694053478123,26,1,0,0,1.4022901554945277,0.2
2288,181.52474106104833,33,1,0,0,1.3254639267720365,0.2
2289,181.53351697481793,23,1,0,0,1.3523149548614106,0.2
2290,203.0367678676487,26,1,0,0,1.4234376479691364,0.2
2291,157.57443621453126,18,1,0,0,1.2381786414897697,0.2
2292,176.774165611961,29,1,0,0,1.3219608149328903,0.2
2293,144.39301785004798,17,1,0,0,1.2889594213583142,0.2
2294,178.80983469912667,28,1,0,0,1.4659420768330742,0.2
2295,199.6059811485427,31,1,0,0,1.3300247682169923,0.2
2296,155.1488202926114,24,1,0,0,1.230709203112089,0.2
2297,185.18843363373688,26,1,0,0,1.4846546000675598,0.2
2298,209.33796608491082,39,1,0,0,1.4785443065793773,0.2
2299,151.28386648149365,16,1,0,0,1.4944830142557337,0.2
2300,206.58871642673265,25,1,0,0,1.2588718098030356,0.2
2301,180.21969570920646,29,1,0,0,1.1840295227104805,0.2
2302,196.34091037818757,26,1,0,0,1.4828955745786758,0.2
2303,209.80297060738354,41,1,0,0,1.2903184101969112,0.2
2304,132.4202166316344,12,1,0,0,1.3543364355440863,0.2
2305,176.8476659006475,28,1,0,0,1.2923248507401592,0.2
2306,121.85240472755704,8,1,0,0,1.2926861632782864,0.2
2307,165.86164384612044,21,1,0,0,1.3995382881864713,0.2
2308,157.65188982343244,21,1,0,0,1.3668900088913603,0.2
2309,140.66230836525108,18,1,0,0,1.4671222101524415,0.2
2310,168.96520455617315,23,1,0,0,1.3544481244837951,0.2
2311,173.96319654806243,23,1,0,0,1.405076381565026,0.2
2312,214.48867312381623,38,1,0,0,1.1747515208553696,0.2
2313,122.91768005922634,14,1,0,0,1.4892682971324387,0.2
2314,184.35820361465247,25,1,0,0,1.4673862122422827,0.2
2315,204.53954502620093,34,1,0,0,1.3788993744186833,0.2
2316,183.43731159030455,25,1,0,0,1.481979543177689,0.2
2317,164.49429558482717,30,1,0,0,1.4646367823699646,0.2
2318,158.89247179101085,22,1,0,0,1.244302010056979,0.2
2319,195.54015091689953,26,1,0,0,1.3858006411515327,0.2
2320,188.5024151659665,25,1,0,0,1.3867226541861615,0.2
2321,179.98827725256973,26,1,0,0,1.3689973522959717,0.2
2322,-50.0,1,0,1,0,6.0323674302815995,0.2
2323,216.8819241692779,34,1,0,0,1.4022654859912733,0.2
2324,167.80590144738989,25,1,0,0,1.2716703832092762,0.2
2325,124.54673821197304,11,1,0,0,1.32566615311564,0.2
2326,179.46114737698488,31,1,0,0,1.2150467069413355,0.2
2327,213.88871113198442,65,1,0,0,1.4932973579789899,0.2
2328,195.17416546699005,25,1,0,0,1.266291523708412,0.2
2329,120.92355584687539,7,1,0,0,1.0776732819726376,0.2
2330,153.89056194292226,17,1,0,0,1.3254783203095282,0.2
2331,136.66803195038204,17,1,0,0,1.1716980879040457,0.2
2332,151.654079554954,14,1,0,0,1.3931024046448814,0.2
2333,147.83241324505698,24,1,0,0,1.451119773946306,0.2
2334,151.00831868501209,18,1,0,0,1.4286041270330332,0.2
2335,119.60802817756597,9,1,0,0,1.4489647627735798,0.2
2336,175.96388346048911,26,1,0,0,1.3204122823992936,0.2
2337,170.58001781497285,32,1,0,0,1.4421444922484934,0.2
2338,201.4871373955206,33,1,0,0,1.406815348728117,0.2
2339,187.2692783243751,22,1,0,0,1.3166810322701297,0.2
2340,143.088253941762,16,1,0,0,1.3810240745751803,0.2
2341,140.89566433444605,13,1,0,0,1.4682745764596854,0.2
2342,153.85411208729028,22,1,0,0,1.401928827148909,0.2
2343,174.56506803582795,23,1,0,0,1.3628073414001853,0.2
2344,185.10443290946642,60,1,0,0,1.375840468860716,0.2
2345,176.73214524502967,22,1,0,0,1.2697933779441244,0.2
2346,163.27409337317556,23,1,0,0,1.4573856306135229,0.2
2347,188.83882354418228,26,1,0,0,1.444312348358608,0.2
2348,4.758449428536783,200,0,0,1,2.432760257210787,0.2
2349,189.04579003223705,27,1,0,0,1.4631000823782545,0.2
2350,143.25299534671518,28,1,0,0,1.4383941869681887,0.2
2351,180.47966472168451,24,1,0,0,1.4713854554177912,0.2
2352,137.47884295360186,26,1,0,0,1.4587651933978618,0.2
2353,166.33561282927167,24,1,0,0,1.3250653400310706,0.2
2354,160.31825157470004,27,1,0,0,1.2682910345850118,0.2
2355,156.69869711954226,25,1,0,0,1.2147333829068279,0.2
2356,-50.0,1,0,1,0,4.919873807788056,0.2
2357,158.82505058743382,22,1,0,0,1.4293553492599478,0.2
2358,159.4677855655061,20,1,0,0,1.4753950638143942,0.2
2359,167.20315855067827,22,1,0,0,1.3867616149616382,0.2
2360,178.1668369536555,32,1,0,0,1.4174670870498465,0.2
2361,163.59213914558646,17,1,0,0,1.385050707625494,0.2
2362,162.9959417385345,16,1,0,0,1.4793816543683387,0.2
2363,191.3744577733977,27,1,0,0,1.432562336735172,0.2
2364,201.45526710547497,34,1,0,0,1.3419453931333436,0.2
2365,154.47517937746665,16,1,0,0,1.1884278106309838,0.2
2366,167.69099415276844,23,1,0,0,1.3482411686138884,0.2
2367,176.52026249286862,24,1,0,0,1.0933672702993422,0.2
2368,168.6807133517454,28,1,0,0,1.3872248753146867,0.2
2369,191.7479909509741,25,1,0,0,1.2492308407761705,0.2
2370,143.75408687295752,15,1,0,0,1.3198808371171986,0.2
2371,150.6176554014308,26,1,0,0,1.4873600313798616,0.2
2372,108.17145426346171,5,1,0,0,1.3182574936116809,0.2
2373,148.20865100044944,17,1,0,0,1.4579325221555999,0.2
2374,197.95987765923385,35,1,0,0,1.456525148887024,0.2
2375,207.12460109917663,29,1,0,0,1.465557183374907,0.2
2376,231.59996071236313,47,1,0,0,1.4383145240791346,0.2
2377,185.5166084191942,29,1,0,0,1.4772443742607115,0.2
2378,160.6019109685488,21,1,0,0,1.4922063573421123,0.2
2379,170.13189740966425,27,1,0,0,1.486517001883106,0.2
2380,216.516144745835,35,1,0,0,1.3806263423350442,0.2
2381,155.1287561799217,16,1,0,0,1.406265386592608,0.2
2382,134.99901512822427,15,1,0,0,1.1846231128681082,0.2
2383,128.55944918474754,14,1,0,0,1.4761037241744033,0.2
2384,186.38409226444085,29,1,0,0,1.3487690071492944,0.2
2385,127.80234914953024,14,1,0,0,1.468478385857812,0.2
2386,141.58724069942704,17,1,0,0,1.3065726654810423,0.2
2387,140.65215794571702,28,1,0,0,1.4335263503492086,0.2
2388,165.51262562929855,24,1,0,0,1.4181860723293356,0.2
2389,266.7864773028861,53,1,0,0,1.4992508298235963,0.2
2390,169.5923289026714,21,1,0,0,1.1381603982294244,0.2
2391,181.03669688411986,27,1,0,0,1.2590300781787425,0.2
2392,137.27489039111066,15,1,0,0,1.3225072329610141,0.2
2393,162.13121679064054,23,1,0,0,1.472711511342088,0.2
2394,195.39190670368149,27,1,0,0,1.4057570265977581,0.2
2395,148.70380222962345,21,1,0,0,1.4498521139286928,0.2
2396,213.34700760891192,38,1,0,0,1.3388322401670623,0.2
2397,182.50182974230557,21,1,0,0,1.3479319790545712,0.2
2398,179.13859072266314,23,1,0,0,1.4355748064545648,0.2
2399,153.51529339018916,21,1,0,0,1.3651396448201647,0.2
2400,186.48286731412534,28,1,0,0,1.2594974612495504,0.2
2401,154.59327714832312,21,1,0,0,1.490561194922703,0.2
2402,141.3929583129486,19,1,0,0,1.382742758406623,0.2
2403,183.34980139119276,25,1,0,0,1.2938607386891985,0.2
2404,176.97486808131083,25,1,0,0,1.465993383277423,0.2
2405,150.8402546730805,22,1,0,0,1.4640554410153972,0.2
2406,166.02812453700315,25,1,0,0,1.19797251325195,0.2
2407,175.4237385317541,25,1,0,0,1.3095262233190204,0.2
2408,150.244602746085,20,1,0,0,1.4288626919819654,0.2
2409,192.82514784386098,31,1,0,0,1.314339636408414,0.2
2410,134.23426880353944,17,1,0,0,1.3546536513054621,0.2
2411,142.0488473645944,14,1,0,0,1.4569431848104393,0.2
2412,200.4225336311965,27,1,0,0,1.421027421822371,0.2
2413,191.86629246292753,28,1,0,0,1.3040825114759638,0.2
2414,181.6028563130053,40,1,0,0,1.210938763960134,0.2
2415,256.7715176058391,46,1,0,0,1.4108824387598655,0.2
2416,203.83150117160685,35,1,0,0,1.363370412245922,0.2
2417,165.62025038416442,19,1,0,0,1.4946593473856926,0.2
2418,170.54289441717953,24,1,0,0,1.2339279721828829,0.2
2419,196.61759041937546,29,1,0,0,1.4453055936698012,0.2
2420,104.50499848363076,3,1,0,0,1.4093147058388054,0.2
2421,-50.0,1,0,1,0,10.022988823313339,0.2
2422,171.2517124786844,23,1,0,0,1.4704619152163478,0.2
2423,166.51248248185095,29,1,0,0,1.344400101223396,0.2
2424,168.2809532114222,24,1,0,0,1.425922130204993,0.2
2425,172.91335932500456,26,1,0,0,1.4208659356606725,0.2
2426,229.74038437391016,47,1,0,0,1.1407833945369275,0.2
2427,207.31645140123058,32,1,0,0,1.4967410721978462,0.2
2428,190.3262515747441,24,1,0,0,1.4239671323248444,0.2
2429,157.4154640507793,23,1,0,0,1.2914673188030132,0.2
2430,162.8784715223221,20,1,0,0,1.462365766537268,0.2
2431,152.8918785687821,15,1,0,0,1.4605616362200269,0.2
2432,181.47566594173696,28,1,0,0,1.3868663825429852,0.2
2433,167.3498263577587,26,1,0,0,1.361487780826823,0.2
2434,171.84644070861503,17,1,0,0,1.1523790436055028,0.2
2435,213.18744903280358,37,1,0,0,1.3056458830931439,0.2
2436,214.60396048878536,36,1,0,0,1.1926750495602947,0.2
2437,123.16632339332476,9,1,0,0,1.3434195773158517,0.2
2438,224.55851566021184,41,1,0,0,1.4855062605432734,0.2
2439,178.38594283314671,29,1,0,0,1.4840898492300991,0.2
2440,140.7011870097637,11,1,0,0,1.4075294091150676,0.2
2441,155.7898683895922,19,1,0,0,1.1855374609861118,0.2
2442,169.06435065307778,26,1,0,0,1.4221551719714827,0.2
2443,200.1160700864403,37,1,0,0,1.3863153203225287,0.2
2444,182.6937319663936,28,1,0,0,1.110508867277086,0.2
2445,150.97064015680675,40,1,0,0,1.435506818583867,0.2
2446,161.5533158005677,25,1,0,0,1.1902911169260368,0.2
2447,141.43190454305585,15,1,0,0,1.2962125162624514,0.2
2448,189.4576377914813,28,1,0,0,1.3755727513795408,0.2
2449,141.67113845967367,13,1,0,0,1.3587848951652766,0.2
2450,150.00182129714275,16,1,0,0,1.3902538920639198,0.2
2451,167.469881841671,23,1,0,0,1.2158034495328116,0.2
2452,146.64853033258555,15,1,0,0,1.3164917764033737,0.2
2453,170.02504926710887,27,1,0,0,1.3025871506128215,0.2
2454,170.87199941329317,23,1,0,0,1.2186449175139606,0.2
2455,207.4425775082272,41,1,0,0,1.459474098798663,0.2
2456,168.68471453758377,25,1,0,0,1.4483639181030634,0.2
2457,-61.63775118118714,200,0,0,1,3.047761758625813,0.2
2458,162.17720030188892,22,1,0,0,1.3290491303667857,0.2
2459,263.7638121537898,51,1,0,0,1.3619366307855514,0.2
2460,170.9961936289503,43,1,0,0,1.4356917740184079,0.2
2461,164.3138492879867,19,1,0,0,1.4766948744270074,0.2
2462,109.20491238100539,13,1,0,0,1.426118332294226,0.2
2463,169.57209218049746,24,1,0,0,1.292953673588798,0.2
2464,164.9722026004059,24,1,0,0,1.3247666959807303,0.2
2465,214.01845230951767,42,1,0,0,1.4620230558591782,0.2
2466,245.04519255626587,52,1,0,0,1.2597468848814832,0.2
2467,188.19375480533446,28,1,0,0,1.2834184326571532,0.2
2468,230.97502752456228,38,1,0,0,1.3966534746277501,0.2
2469,192.0164471946507,26,1,0,0,1.3946392845877316,0.2
2470,174.57300917072251,26,1,0,0,1.4712377209712966,0.2
2471,202.30907862788374,32,1,0,0,1.355937373697472,0.2
2472,204.30457200096632,32,1,0,0,1.4748500657896206,0.2
2473,263.88788013730607,55,1,0,0,1.3872192117197026,0.2
2474,99.63777760858669,13,1,0,0,1.4341691200763864,0.2
2475,169.58093225482554,22,1,0,0,1.1994164051944451,0.2
2476,251.26485991253006,55,1,0,0,1.3809094615987707,0.2
2477,166.6489040472897,27,1,0,0,1.3140789747047428,0.2
2478,131.6189431353249,12,1,0,0,1.4872302907212287,0.2
2479,228.57470127045212,46,1,0,0,1.1727698346761466,0.2
2480,148.9969782112512,26,1,0,0,1.4866146668841544,0.2
2481,265.598595429955,58,1,0,0,1.3361046342872136,0.2
2482,122.79707452733223,28,1,0,0,1.495098654505396,0.2
2483,202.9492165422933,37,1,0,0,1.4097227350869548,0.2
2484,160.76641993777503,18,1,0,0,1.4333886725132539,0.2
2485,160.5656429132022,20,1,0,0,1.3344731368028084,0.2
2486,187.96952355350714,33,1,0,0,1.4555072901188517,0.2
2487,183.01099659317651,24,1,0,0,1.3797231815635642,0.2
2488,176.05852680009872,24,1,0,0,1.429578679997221,0.2
2489,203.36672434369444,31,1,0,0,1.2762533389609338,0.2
2490,180.7838072084581,21,1,0,0,1.377507087808492,0.2
2491,185.52712878013415,25,1,0,0,1.4412108744969319,0.2
2492,162.25183149679495,22,1,0,0,1.2566351494078671,0.2
2493,156.97133450295337,16,1,0,0,1.4278856227285768,0.2
2494,182.943651480298,25,1,0,0,1.3647503873760845,0.2
2495,201.88710928461757,27,1,0,0,1.3261123900382368,0.2
2496,139.3497400059458,12,1,0,0,1.3625847054753262,0.2
2497,162.38190690161022,25,1,0,0,1.479644947556918,0.2
2498,113.91028719378707,10,1,0,0,1.2300232253443875,0.2
2499,154.5213464760302,27,1,0,0,1.1271063225944513,0.2
2500,120.56586950952118,10,1,0,0,1.4977866102436868,0.2
2501,202.95009189817773,28,1,0,0,1.4256871739699952,0.2
2502,135.30404609708734,20,1,0,0,1.4358962182081871,0.2
2503,202.24398318619774,29,1,0,0,1.3238053378168997,0.2
2504,171.5673811530575,20,1,0,0,1.354738830034688,0.2
2505,187.79066892186586,29,1,0,0,1.4579032421835474,0.2
2506,166.0119943726119,18,1,0,0,1.4700325624267179,0.2
2507,183.5605805069693,32,1,0,0,1.4104894004772326,0.2
2508,139.6531657868703,18,1,0,0,1.4585985579740888,0.2
2509,160.51246553741282,19,1,0,0,1.4688257953166215,0.2
2510,197.11350138176613,24,1,0,0,1.4190756991291957,0.2
2511,177.29381142320972,31,1,0,0,1.1528483485960532,0.2
2512,148.68681238602292,18,1,0,0,1.3965217256693498,0.2
2513,204.26192941755374,40,1,0,0,1.3800016313535846,0.2
2514,158.88507323836254,20,1,0,0,1.2542020331606512,0.2
2515,144.28890086942303,17,1,0,0,1.375039209936807,0.2
2516,141.7122378309498,20,1,0,0,1.471933237860552,0.2
2517,224.7907692165658,44,1,0,0,1.4860986727610739,0.2
2518,182.33250716560005,26,1,0,0,1.4856325669569823,0.2
2519,214.94323613377156,44,1,0,0,1.2411711592437358,0.2
2520,127.97474200721211,11,1,0,0,1.3988976671098776,0.2
2521,88.60902162551965,116,1,0,0,1.492646180674279,0.2
2522,116.05966181884511,5,1,0,0,1.295041559214731,0.2
2523,205.50921591455932,37,1,0,0,1.166972360382471,0.2
2524,196.46295457829058,25,1,0,0,1.355037627542782,0.2
2525,168.31388763077916,23,1,0,0,1.426040420804061,0.2
2526,154.0310902924121,21,1,0,0,1.4863788504088713,0.2
2527,181.04326225114252,23,1,0,0,1.2727224257666134,0.2
2528,227.50741112431572,47,1,0,0,1.262133236764393,0.2
2529,187.4374722575755,25,1,0,0,1.4288471318327118,0.2
2530,184.1758044475343,27,1,0,0,1.2699400959497038,0.2
2531,160.45841105432672,26,1,0,0,1.4399671671819623,0.2
2532,213.98077191411187,34,1,0,0,1.4513194259278381,0.2
2533,163.90667916594904,21,1,0,0,1.2574142647590192,0.2
2534,216.1969661834591,46,1,0,0,1.4168021968447957,0.2
2535,168.30351333566722,21,1,0,0,1.4000182456059345,0.2
2536,178.17661457997698,21,1,0,0,1.1810023466937862,0.2
2537,198.17632606706633,46,1,0,0,1.2542192703749246,0.2
2538,124.11859750736947,17,1,0,0,1.4111045819475723,0.2
2539,181.10027138625114,27,1,0,0,1.4184986058717282,0.2
2540,140.62778929132998,21,1,0,0,1.4934594927406126,0.2
2541,119.6451120517842,12,1,0,0,1.3112011997709028,0.2
2542,139.47543814515652,15,1,0,0,1.293616318056237,0.2
2543,178.64283176935726,25,1,0,0,1.4229410835814835,0.2
2544,197.42011660947767,36,1,0,0,1.4214611140548163,0.2
2545,197.11363921247613,31,1,0,0,1.4622480838586305,0.2
2546,-13.589289139865855,10,0,1,0,6.65460189196159,0.2
2547,139.71626733599047,17,1,0,0,1.3752427734464172,0.2
2548,167.55978640718237,24,1,0,0,1.4242971941688267,0.2
2549,131.26715582573138,12,1,0,0,1.3039491003459396,0.2
2550,184.77008334718568,27,1,0,0,1.486140333035697,0.2
2551,149.51165522865298,21,1,0,0,1.1522182930252785,0.2
2552,193.18275317700056,28,1,0,0,1.3827473430067132,0.2
2553,100.0,1,1,0,0,1.300053968416221,0.2
2554,134.142277972903,15,1,0,0,1.2312845422276975,0.2
2555,158.2832520535586,19,1,0,0,1.2402116174717865,0.2
2556,116.02824573822637,8,1,0,0,1.4683804841488926,0.2
2557,136.24442556663325,12,1,0,0,1.32506416728571,0.2
2558,187.28634937968505,22,1,0,0,1.3426805786951759,0.2
2559,137.05484773118778,15,1,0,0,1.1892577119590766,0.2
2560,181.52201823628195,26,1,0,0,1.4831207914680633,0.2
2561,221.2123316760241,38,1,0,0,1.4327727134497712,0.2
2562,193.28564414365505,26,1,0,0,1.1016609195867808,0.2
2563,165.55849473488786,24,1,0,0,1.1889552337170375,0.2
2564,182.4446804035868,24,1,0,0,1.3619203215660451,0.2
2565,182.20007370936634,22,1,0,0,1.0145361672701558,0.2
2566,236.25057404726792,43,1,0,0,1.409687162861812,0.2
2567,157.59837358189301,18,1,0,0,1.2949079954696738,0.2
2568,174.58257659448805,24,1,0,0,1.2731769012708951,0.2
2569,165.14274233171176,22,1,0,0,1.4651839918487621,0.2
2570,222.58888036895024,47,1,0,0,1.3399755357741916,0.2
2571,182.89259856448075,27,1,0,0,1.481484171408875,0.2
2572,153.3822050002258,27,1,0,0,1.3430819193016774,0.2
2573,185.24005607855014,27,1,0,0,1.1209028892090689,0.2
2574,173.3053631603198,21,1,0,0,1.098325783375714,0.2
2575,184.915165251324,31,1,0,0,1.1526172130713088,0.2
2576,168.46036376498,25,1,0,0,1.172255786402164,0.2
2577,205.48416759433877,41,1,0,0,1.1822090568717434,0.2
2578,-50.0,1,0,1,0,7.838326677687766,0.2
2579,241.6112686498657,47,1,0,0,1.4794069386286346,0.2
2580,194.6596965883768,39,1,0,0,1.3690029506784365,0.2
2581,146.63309126490955,18,1,0,0,1.3638846649897383,0.2
2582,128.48840895264615,14,1,0,0,1.4265950761514024,0.2
2583,194.5677325576503,25,1,0,0,1.2905042232890946,0.2
2584,144.99417555250366,18,1,0,0,1.4506706498787663,0.2
2585,159.49381453705124,21,1,0,0,1.4439543812537652,0.2
2586,247.67335000534436,57,1,0,0,1.467185784334939,0.2
2587,134.39523904907858,143,1,0,0,1.3366160877301658,0.2
2588,175.9429608546153,20,1,0,0,1.1359567460787063,0.2
2589,238.8080965420074,51,1,0,0,1.3336031408610867,0.2
2590,147.1573355316553,28,1,0,0,1.4261846429134766,0.2
2591,230.07027200677902,48,1,0,0,1.4845793315501723,0.2
2592,121.6212363265753,7,1,0,0,1.3646011513300762,0.2
2593,171.99582146169342,21,1,0,0,1.280002071012965,0.2
2594,174.38789950164943,23,1,0,0,1.3739017649871017,0.2
2595,217.76308827189558,45,1,0,0,1.3961174610329496,0.2
2596,170.4384971377712,25,1,0,0,1.467373232361911,0.2
2597,161.07659982778293,21,1,0,0,1.2328222570834584,0.2
2598,233.60956074939847,53,1,0,0,1.4515127135532948,0.2
2599,161.4403662695448,28,1,0,0,1.364221079402925,0.2
2600,172.4489274940013,25,1,0,0,1.4376630342678327,0.2
2601,186.58317264093648,27,1,0,0,1.3493603767626359,0.2
2602,154.37411474581558,20,1,0,0,1.4010152084963599,0.2
2603,154.44386196775537,22,1,0,0,1.3273847311381128,0.2
2604,150.69595972465635,19,1,0,0,1.4578239089538674,0.2
2605,169.90518279376,39,1,0,0,1.3477095269346062,0.2
2606,166.3363642352685,25,1,0,0,1.423918146542794,0.2
2607,116.638723622898,25,1,0,0,1.4861634325444437,0.2
2608,130.61131760888898,10,1,0,0,1.4161257103684552,0.2
2609,155.0457596222943,26,1,0,0,1.1268190159043792,0.2
2610,173.70551112884843,28,1,0,0,1.419105708475929,0.2
2611,164.02202804390828,18,1,0,0,1.3307510127826205,0.2
2612,191.366550490099,26,1,0,0,1.4896934795623522,0.2
2613,190.18666701852462,25,1,0,0,1.160958909844987,0.2
2614,101.19367590296063,2,1,0,0,1.490515400432959,0.2
2615,119.40232159286532,6,1,0,0,1.4179874411956714,0.2
2616,171.40422207240053,19,1,0,0,1.319259547255147,0.2
2617,153.2864266875813,25,1,0,0,1.495533869940201,0.2
2618,149.58902846406733,18,1,0,0,1.3188714901175007,0.2
2619,148.281889627007,16,1,0,0,1.350661704172917,0.2
2620,149.4243380243022,37,1,0,0,1.492536336496532,0.2
2621,129.81740704110334,16,1,0,0,1.4481369486919773,0.2
2622,181.83114611510592,26,1,0,0,1.4555410637045525,0.2
2623,138.54707938511905,15,1,0,0,1.3957675769328681,0.2
2624,146.42652687639298,13,1,0,0,1.1869057275398416,0.2
2625,178.27706461542323,21,1,0,0,1.3288831518487672,0.2
2626,209.1142161164159,34,1,0,0,1.2869636553663681,0.2
2627,191.52541866770844,28,1,0,0,1.4720308531037996,0.2
2628,235.73010494516734,52,1,0,0,1.4799097273759798,0.2
2629,185.07776383884948,32,1,0,0,1.4548772741575906,0.2
2630,162.62897166531405,21,1,0,0,1.2124099834955278,0.2
2631,134.11961738444776,19,1,0,0,1.4031172731061152,0.2
2632,228.8202103914777,46,1,0,0,1.4018763803174734,0.2
2633,176.36912156199983,27,1,0,0,1.2838200603208778,0.2
2634,170.85454268820422,21,1,0,0,1.4823833803875983,0.2
2635,185.41302171754165,24,1,0,0,1.3227065373066729,0.2
2636,157.62829281477164,28,1,0,0,1.3890222227179814,0.2
2637,153.65532474779312,21,1,0,0,1.4133166055255626,0.2
2638,201.33175582721657,30,1,0,0,1.4041175224507612,0.2
2639,123.06082112385715,12,1,0,0,1.0957880142678678,0.2
2640,183.71546390465417,23,1,0,0,1.3443580382609923,0.2
2641,108.9206914486194,3,1,0,0,1.3028446102157418,0.2
2642,180.5546714658639,20,1,0,0,1.4440527323551056,0.2
2643,179.14126935830367,25,1,0,0,1.4900571401954943,0.2
2644,131.99909447371164,12,1,0,0,1.3368928065207493,0.2
2645,220.25840148949763,59,1,0,0,1.4891841520550597,0.2
2646,118.14575182620683,6,1,0,0,1.4431599845417575,0.2
2647,148.61028122556849,35,1,0,0,1.1679342636340313,0.2
2648,174.19890674412034,23,1,0,0,1.2428688847355984,0.2
2649,221.03915791340953,36,1,0,0,1.381050210042118,0.2
2650,194.69646942823312,37,1,0,0,1.4257221374724411,0.2
2651,175.93573040807922,26,1,0,0,1.233087107025661,0.2
2652,177.0542562774096,31,1,0,0,1.4749299782345362,0.2
2653,-50.0,1,0,1,0,6.402897051529573,0.2
2654,130.54219477301245,13,1,0,0,1.4768186681793243,0.2
2655,200.73546036111372,37,1,0,0,1.4566336561321955,0.2
2656,154.99255472742985,16,1,0,0,1.3310801134768964,0.2
2657,-50.0,1,0,1,0,8.779381068934727,0.2
2658,143.48592735106152,16,1,0,0,1.4615063207321912,0.2
2659,121.85167887651878,11,1,0,0,1.2669262603102558,0.2
2660,171.30342295356962,23,1,0,0,1.433516884585897,0.2
2661,162.06071850583223,24,1,0,0,1.4844720868025174,0.2
2662,137.8886742477043,13,1,0,0,1.4659835610923502,0.2
2663,184.33268245887683,26,1,0,0,1.4968711765597615,0.2
2664,161.3651144579486,17,1,0,0,1.2317214711779765,0.2
2665,179.6262430669871,26,1,0,0,1.3438485517848584,0.2
2666,108.08664070886128,5,1,0,0,1.414410062639145,0.2
2667,150.80300685571848,19,1,0,0,1.4290912916343472,0.2
2668,205.44683636563875,39,1,0,0,1.3639270954177192,0.2
2669,164.78413002509762,18,1,0,0,1.2981670701605412,0.2
2670,193.78022363489654,27,1,0,0,1.374071563060474,0.2
2671,171.68566458176775,22,1,0,0,1.329817943082873,0.2
2672,162.85794236695938,23,1,0,0,1.447488934434461,0.2
2673,175.1701948382422,35,1,0,0,1.4511010137846696,0.2
2674,182.5289977607444,31,1,0,0,1.4582052027947812,0.2
2675,179.98311561188478,29,1,0,0,1.302676490619784,0.2
2676,161.84830772703748,25,1,0,0,1.2880412370930037,0.2
2677,160.26489809350386,19,1,0,0,1.4753095660562703,0.2
2678,162.03356718999194,28,1,0,0,1.3820339500321819,0.2
2679,113.50911504780524,10,1,0,0,1.3181202338695468,0.2
2680,169.13951404796325,20,1,0,0,1.461182870142943,0.2
2681,204.15532819587543,35,1,0,0,1.4807782959234077,0.2
2682,159.07309707143818,20,1,0,0,1.3716285257047938,0.2
2683,166.7358241150339,23,1,0,0,1.4951391433716918,0.2
2684,166.6044030321851,19,1,0,0,1.4531130007721669,0.2
2685,206.6832615168309,32,1,0,0,1.282411832729335,0.2
2686,160.42372159621547,22,1,0,0,1.3213806023674246,0.2
2687,184.4844880174788,23,1,0,0,1.2467070903234736,0.2
2688,160.61498553953456,25,1,0,0,1.2508928218043716,0.2
2689,190.94166378697173,35,1,0,0,1.4903279378468544,0.2
2690,157.51383476107523,22,1,0,0,1.321219818182517,0.2
2691,182.80762057239224,29,1,0,0,1.2927652496894226,0.2
2692,153.21115240567994,22,1,0,0,1.3815820916480723,0.2
2693,169.43272421393274,23,1,0,0,1.2118189378370197,0.2
2694,200.47278758041523,28,1,0,0,1.2843732067174936,0.2
2695,147.79224826119864,26,1,0,0,1.3981923791147142,0.2
2696,191.65915322754338,26,1,0,0,1.1576089756883403,0.2
2697,203.77262928786823,42,1,0,0,1.3382190367599764,0.2
2698,207.17885008778984,42,1,0,0,1.3385301131449328,0.2
2699,181.73350623889408,29,1,0,0,1.2475792817032523,0.2
2700,155.42616277374088,25,1,0,0,1.4089325716592616,0.2
2701,174.43026463551007,21,1,0,0,1.486308436393254,0.2
2702,179.5609955213803,30,1,0,0,1.2943647350540266,0.2
2703,198.34527748085713,28,1,0,0,1.2749989540385154,0.2
2704,148.6232921937634,21,1,0,0,1.15632947969605,0.2
2705,142.89842812715486,21,1,0,0,1.3168732913977272,0.2
2706,136.4944851645264,28,1,0,0,1.4699950795652201,0.2
2707,130.36060184214423,39,1,0,0,1.3937513708858986,0.2
2708,205.27513626740006,27,1,0,0,1.3267106691395174,0.2
2709,163.5673013868664,22,1,0,0,1.4968426645932997,0.2
2710,-50.0,1,0,1,0,0.4923639214158967,0.2
2711,206.87747584607246,37,1,0,0,1.257745118119167,0.2
2712,161.22342204299588,25,1,0,0,1.4579645737763407,0.2
2713,149.79206556251194,31,1,0,0,1.2604334488466549,0.2
2714,138.70794680023548,12,1,0,0,1.227129238815257,0.2
2715,210.44729029288868,41,1,0,0,1.3264565256190162,0.2
2716,141.15419163593083,13,1,0,0,1.3181421332403747,0.2
2717,147.9813285869485,17,1,0,0,1.1299947112685176,0.2
2718,260.22911979156675,61,1,0,0,1.2464487699340385,0.2
2719,128.42845973059977,10,1,0,0,1.2924728673605652,0.2
2720,155.43688087398652,21,1,0,0,1.4609577278086459,0.2
2721,226.51735060570223,46,1,0,0,1.209953896422102,0.2
2722,221.20150516364484,34,1,0,0,1.3561349180846909,0.2
2723,192.00687360682008,27,1,0,0,1.4095257197619586,0.2
2724,181.38898813824176,29,1,0,0,1.4813955740024585,0.2
2725,193.51225501707324,29,1,0,0,1.3603831094050705,0.2
2726,160.02816964347122,24,1,0,0,1.3375663228382046,0.2
2727,214.80373804452006,35,1,0,0,1.430661885196552,0.2
2728,178.92452535627478,24,1,0,0,1.2356975542964526,0.2
2729,114.57516232469033,8,1,0,0,1.4487903858982487,0.2
2730,206.6529995110256,30,1,0,0,1.339910044436758,0.2
2731,181.72885130743765,22,1,0,0,1.4385932095934115,0.2
2732,186.41788789455154,25,1,0,0,1.2858673392557805,0.2
2733,219.90240709124888,29,1,0,0,1.3285515975998738,0.2
2734,195.90646081163982,28,1,0,0,1.4336793206079914,0.2
2735,150.22756591454052,17,1,0,0,1.2778117784301384,0.2
2736,172.7235864287684,28,1,0,0,1.2357973735750716,0.2
2737,188.85642031817878,27,1,0,0,1.2214293859690633,0.2
2738,198.3127064633876,32,1,0,0,1.3318954001205126,0.2
2739,262.7454618720127,88,1,0,0,1.4489749499390705,0.2
2740,184.8373335455911,29,1,0,0,1.4328075666572881,0.2
2741,171.1285822477812,19,1,0,0,1.337325231792053,0.2
2742,183.1268288454004,24,1,0,0,1.4172566284082329,0.2
2743,163.48239885243748,16,1,0,0,1.3027674719307023,0.2
2744,177.49397531491815,21,1,0,0,1.250393444611699,0.2
2745,194.0915162452076,26,1,0,0,1.4210887509179015,0.2
2746,178.05847909078523,26,1,0,0,1.3320711678931796,0.2
2747,183.328283271626,28,1,0,0,1.3097318845378014,0.2
2748,187.54953257798,33,1,0,0,1.4794430375123684,0.2
2749,251.79782444463214,45,1,0,0,1.2663113455823276,0.2
2750,119.24467118337553,9,1,0,0,1.263561851651426,0.2
2751,187.60934995830635,33,1,0,0,1.4663615934348428,0.2
2752,227.47005318905548,45,1,0,0,1.370531390561064,0.2
2753,126.31358250809936,11,1,0,0,1.3441625026179613,0.2
2754,133.0411093125375,13,1,0,0,1.3613825343667778,0.2
2755,157.82915888083392,20,1,0,0,1.1689694396490364,0.2
2756,-45.63377305181935,200,0,0,1,3.122665681932861,0.2
2757,150.70033595908293,14,1,0,0,1.2676253121705052,0.2
2758,129.2032921583761,13,1,0,0,1.442469283727719,0.2
2759,155.17864523166998,60,1,0,0,1.4850325458297478,0.2
2760,184.76362892798159,35,1,0,0,1.2516628496525397,0.2
2761,146.8718622885599,31,1,0,0,1.4219748194766078,0.2
2762,119.5206700652061,9,1,0,0,1.2068445656832907,0.2
2763,213.86189864194506,39,1,0,0,1.4848152464224056,0.2
2764,185.69925110068027,32,1,0,0,1.4237026942860498,0.2
2765,192.42181512599802,25,1,0,0,1.4784972760434585,0.2
2766,213.54333758391385,38,1,0,0,1.2778005950931905,0.2
2767,151.93299106697796,19,1,0,0,1.2610419493129066,0.2
2768,124.02775781480541,13,1,0,0,1.4393564235105372,0.2
2769,-50.0,1,0,1,0,5.771664298209726,0.2
2770,-50.0,1,0,1,0,6.194770022737028,0.2
2771,208.26026094990283,39,1,0,0,1.3124893213152857,0.2
2772,161.35817758291347,21,1,0,0,1.3955913640338475,0.2
2773,181.00448937319194,24,1,0,0,1.406152078967815,0.2
2774,140.03056975163804,17,1,0,0,1.4348261950486736,0.2
2775,113.67224432528292,6,1,0,0,1.4581695905440026,0.2
2776,182.265066032028,24,1,0,0,1.4787737116167623,0.2
2777,197.78565654836746,31,1,0,0,1.367122735677486,0.2
2778,165.29516495725125,26,1,0,0,1.29282988007726,0.2
2779,165.35331478747838,24,1,0,0,1.3976513027964184,0.2
2780,203.07523392144458,25,1,0,0,1.171425092902607,0.2
2781,197.62279741753062,26,1,0,0,1.4810794892202461,0.2
2782,195.79283766423754,39,1,0,0,1.477413963202495,0.2
2783,-43.03875301911504,4,0,1,0,6.276893460487002,0.2
2784,247.35391386529184,53,1,0,0,1.3231420283669957,0.2
2785,233.14997308274033,47,1,0,0,1.3161989259337679,0.2
2786,147.49027540186069,19,1,0,0,1.4387896810094787,0.2
2787,124.73489920906647,16,1,0,0,1.3559746922612799,0.2
2788,127.2922268154637,45,1,0,0,1.460523180181358,0.2
2789,157.09844293957536,22,1,0,0,1.4611407479178364,0.2
2790,140.25899942051623,14,1,0,0,1.3919104120634354,0.2
2791,190.1148326291417,27,1,0,0,1.301723231888309,0.2
2792,127.5042536679742,13,1,0,0,1.2814485435232668,0.2
2793,215.93679160223505,40,1,0,0,1.2867108506088127,0.2
2794,257.6653833951726,60,1,0,0,1.2992431594032572,0.2
2795,144.12004688028972,14,1,0,0,1.450376895074443,0.2
2796,-50.0,1,0,1,0,3.025584632837261,0.2
2797,172.9079966126316,26,1,0,0,1.2243714201793325,0.2
2798,154.171451975715,17,1,0,0,1.3921814119752154,0.2
2799,158.45969849277213,22,1,0,0,1.4908205154831544,0.2
2800,165.47503702626875,26,1,0,0,1.4012454687902114,0.2
2801,178.99538039129672,26,1,0,0,1.2170062440453355,0.2
2802,176.5363629111818,25,1,0,0,1.429796833218305,0.2
2803,166.00695672486083,23,1,0,0,1.077800928935785,0.2
2804,199.86821177803836,28,1,0,0,1.3220833779098649,0.2
2805,221.217619454859,39,1,0,0,1.2837076929254256,0.2
2806,138.9315753578647,14,1,0,0,1.424169836170495,0.2
2807,134.50157109311954,14,1,0,0,1.4926868404908706,0.2
2808,176.95356276272034,23,1,0,0,1.1119712337687155,0.2
2809,249.71977252703888,51,1,0,0,1.190934100345731,0.2
2810,164.47931249970958,24,1,0,0,1.073919930848008,0.2
2811,192.04126856442406,26,1,0,0,1.4603625177225066,0.2
2812,-27.645053226676986,7,0,1,0,6.463378580519029,0.2
2813,138.57317058794072,25,1,0,0,1.3949712397189555,0.2
2814,106.27034610785168,3,1,0,0,1.4282961795103337,0.2
2815,185.96237075733512,23,1,0,0,1.1753883637546607,0.2
2816,161.4373132116512,22,1,0,0,1.2695112620541382,0.2
2817,158.49810950838193,19,1,0,0,1.4007754078098111,0.2
2818,165.89949667278694,22,1,0,0,1.303127542540979,0.2
2819,185.9829772794553,25,1,0,0,1.436679760421438,0.2
2820,174.1356492961687,29,1,0,0,1.3181306678748468,0.2
2821,221.255025100453,39,1,0,0,1.3955894833403728,0.2
2822,129.99024640604318,16,1,0,0,1.3902823449192236,0.2
2823,164.95325285375912,25,1,0,0,1.2107257329037637,0.2
2824,195.88095462071328,24,1,0,0,1.4387537812592934,0.2
2825,216.75160400508548,38,1,0,0,1.3820403632662988,0.2
2826,143.2986713943682,29,1,0,0,1.4082719070892171,0.2
2827,151.47776211842495,15,1,0,0,1.2480984601235678,0.2
2828,214.3971148887446,31,1,0,0,1.2481378323265688,0.2
2829,237.45655394845323,51,1,0,0,1.295309396285446,0.2
2830,183.11985431883267,26,1,0,0,1.269540140274565,0.2
2831,166.23986624612604,32,1,0,0,1.3883782497273576,0.2
2832,177.98716168984322,21,1,0,0,1.2024736258145725,0.2
2833,166.46255194648737,21,1,0,0,1.2921342567089353,0.2
2834,182.21686929307708,26,1,0,0,1.2624606600778208,0.2
2835,152.27549435828732,21,1,0,0,1.3225967495070823,0.2
2836,185.75047455900096,27,1,0,0,1.4953898978733233,0.2
2837,156.70532420158796,30,1,0,0,1.460525880209117,0.2
2838,219.8757841577052,41,1,0,0,1.4158733328257371,0.2
2839,160.84649323102317,24,1,0,0,1.2380633977605695,0.2
2840,150.84377223522702,19,1,0,0,1.3715278369917765,0.2
2841,-50.0,1,0,1,0,6.333675258363736,0.2
2842,167.8714332975877,25,1,0,0,1.309992163120212,0.2
2843,168.05810844340772,27,1,0,0,1.430592233749488,0.2
2844,195.41008268939675,25,1,0,0,1.2562601628622632,0.2
2845,181.47118896467072,24,1,0,0,1.2147825691837488,0.2
2846,156.5383724722053,20,1,0,0,1.4860097197706739,0.2
2847,155.5169519721507,15,1,0,0,1.2366401052714113,0.2
2848,155.46729623982094,27,1,0,0,1.3781948776131905,0.2
2849,131.20686844703854,17,1,0,0,1.4713434805995669,0.2
2850,210.35464425634785,33,1,0,0,1.4642530262074718,0.2
2851,134.7838647957144,16,1,0,0,1.424059588488829,0.2
2852,163.25359844010188,22,1,0,0,1.3488738250289232,0.2
2853,196.92726788960016,31,1,0,0,1.38647170711061,0.2
2854,160.81697771987612,17,1,0,0,1.2530449118502753,0.2
2855,156.3299779284271,19,1,0,0,1.3350626308573752,0.2
2856,159.8630098230871,18,1,0,0,1.388441319159987,0.2
2857,251.02121785400462,55,1,0,0,1.41277010482537,0.2
2858,201.8171479680297,26,1,0,0,1.272831409887579,0.2
2859,119.93560096975158,24,1,0,0,1.2020128945771893,0.2
2860,155.10073231289013,21,1,0,0,1.2632851769254876,0.2
2861,177.69489959832657,26,1,0,0,1.312471799807225,0.2
2862,246.26481334252242,41,1,0,0,1.4160817616780461,0.2
2863,127.65672295886978,12,1,0,0,1.3222245582373127,0.2
2864,137.71276441857253,11,1,0,0,1.4271164377302854,0.2
2865,138.0794824152514,13,1,0,0,1.3734433654946208,0.2
2866,164.20913069971294,24,1,0,0,1.2324150751320977,0.2
2867,159.21549339940475,29,1,0,0,1.462979915411826,0.2
2868,169.02297075208577,21,1,0,0,1.4929354568258786,0.2
2869,193.47848343680414,32,1,0,0,1.205360348810514,0.2
2870,189.5433684887126,28,1,0,0,1.4821224527980126,0.2
2871,180.48612300262891,26,1,0,0,1.4603872462315735,0.2
2872,128.05076893036946,8,1,0,0,1.4076025295779144,0.2
2873,138.00489186248302,15,1,0,0,1.3349549252427226,0.2
2874,229.21411445418173,38,1,0,0,1.3803225711398348,0.2
2875,194.121725679587,28,1,0,0,1.1684644409233778,0.2
2876,218.06229319709104,40,1,0,0,1.3462661845842152,0.2
2877,142.28557479154787,18,1,0,0,1.4748558512638381,0.2
2878,161.09727221961137,18,1,0,0,1.4665997420355046,0.2
2879,137.67845842494154,18,1,0,0,1.1517932237441495,0.2
2880,139.94099370705098,26,1,0,0,1.3471882233844488,0.2
2881,162.68611958255852,20,1,0,0,1.477464530055181,0.2
2882,135.16454371549122,14,1,0,0,1.2478903646783444,0.2
2883,166.09546492540676,21,1,0,0,1.1644144439528152,0.2
2884,149.27893528311134,20,1,0,0,1.4857418132493387,0.2
2885,151.7818860690254,19,1,0,0,1.2483581907237842,0.2
2886,148.10844937648798,22,1,0,0,1.4277190847245878,0.2
2887,181.9634146530297,28,1,0,0,1.4783431601472699,0.2
2888,217.14170521534143,34,1,0,0,1.2596437002903746,0.2
2889,194.84224765463063,29,1,0,0,1.2619140645785232,0.2
2890,229.0289860847152,46,1,0,0,1.440711417759704,0.2
2891,150.23920787196977,62,1,0,0,1.4068979122789929,0.2
2892,185.08957351423612,24,1,0,0,1.3049560386148829,0.2
2893,171.0727042827795,22,1,0,0,1.4432656000950401,0.2
2894,136.89767831921628,13,1,0,0,1.3375713918671597,0.2
2895,121.15166876891121,6,1,0,0,1.2346842146870165,0.2
2896,181.9617871883862,23,1,0,0,1.3667931289168942,0.2
2897,137.86654468898269,18,1,0,0,1.3055575532457595,0.2
2898,156.1463485617443,21,1,0,0,1.3527830989344607,0.2
2899,128.33165344981708,8,1,0,0,1.4436493257840834,0.2
2900,154.5570576538172,16,1,0,0,1.4286385647236808,0.2
2901,196.50247390573472,31,1,0,0,1.4847237614469233,0.2
2902,144.63077993189518,19,1,0,0,1.3789949220170623,0.2
2903,217.70204750425722,35,1,0,0,1.338586100974277,0.2
2904,133.07047567754975,11,1,0,0,1.371032604925914,0.2
2905,124.41120943603359,12,1,0,0,1.1475604813422473,0.2
2906,172.1954129716528,25,1,0,0,1.3739585556075917,0.2
2907,217.62677430756622,45,1,0,0,1.3710809181991517,0.2
2908,118.25058410167875,9,1,0,0,1.1788521877456466,0.2
2909,122.28173557022726,12,1,0,0,1.351995895093337,0.2
2910,141.0280108523345,17,1,0,0,1.165626976268777,0.2
2911,128.19662839152446,10,1,0,0,1.3981427388676675,0.2
2912,154.28577626377165,20,1,0,0,1.1683220359486368,0.2
2913,-35.62379237044202,5,0,1,0,9.854950070778532,0.2
2914,-50.0,1,0,1,0,5.860987109029901,0.2
2915,166.265844061835,22,1,0,0,1.4068573560189306,0.2
2916,157.70017778207523,19,1,0,0,1.496180672824632,0.2
2917,213.88652822932573,38,1,0,0,1.2322689731776022,0.2
2918,154.1465237230031,16,1,0,0,1.2979246129749393,0.2
2919,100.0,1,1,0,0,0.8559891483714654,0.2
2920,127.846538491215,15,1,0,0,1.2488890133066146,0.2
2921,196.7544358815781,27,1,0,0,1.485947840183612,0.2
2922,151.37002069930307,16,1,0,0,1.3504762327812474,0.2
2923,139.14551133978145,24,1,0,0,1.2913710231829842,0.2
2924,1.6054880052521887,200,0,0,1,2.1730570124073334,0.2
2925,147.9232336398017,18,1,0,0,1.1011353269904005,0.2
2926,120.90065891500096,11,1,0,0,1.4763009855757048,0.2
2927,140.77856933615058,18,1,0,0,1.2499286706840387,0.2
2928,145.7789906639699,19,1,0,0,1.4428010158400755,0.2
2929,203.04729398464585,30,1,0,0,1.465434971762461,0.2
2930,154.4842801877623,138,1,0,0,1.4910932495745517,0.2
2931,130.55356172958162,11,1,0,0,1.3954465587732594,0.2
2932,-5.339002502688203,14,0,1,0,8.824743560992696,0.2
2933,152.9308794769069,22,1,0,0,1.238916273673086,0.2
2934,169.5371629571,21,1,0,0,1.4064670032778521,0.2
2935,127.01968807749896,13,1,0,0,1.242495292327285,0.2
2936,145.76493334412478,14,1,0,0,1.2076925954528064,0.2
2937,236.87150743719127,37,1,0,0,1.2661776723824072,0.2
2938,186.91454774793255,24,1,0,0,1.328882172452276,0.2
2939,-50.0,1,0,1,0,6.58761839601554,0.2
2940,154.20495859288482,19,1,0,0,1.0764927831355933,0.2
2941,188.40004902061503,30,1,0,0,1.4682672032193087,0.2
2942,110.67914418385192,15,1,0,0,1.465549945223823,0.2
2943,177.1756489595471,27,1,0,0,1.4834982177693856,0.2
2944,256.341939487285,53,1,0,0,1.393538964125748,0.2
2945,155.96969989345905,18,1,0,0,1.4152220273106864,0.2
2946,161.54159490998012,27,1,0,0,1.4889473849267516,0.2
2947,134.52736641523487,18,1,0,0,1.4651239859763339,0.2
2948,120.66564444869842,8,1,0,0,1.3389173627388717,0.2
2949,133.08791090921835,11,1,0,0,1.4729614245049474,0.2
2950,193.24124270111636,28,1,0,0,1.4543288812384958,0.2
2951,171.28612249216678,20,1,0,0,1.313613408767782,0.2
2952,180.90073063411648,26,1,0,0,1.3234466332267145,0.2
2953,175.45921929695578,22,1,0,0,1.32417371932076,0.2
2954,175.10641879529055,26,1,0,0,1.269877543961728,0.2
2955,201.40205290304954,31,1,0,0,1.2057993315060491,0.2
2956,179.8291580343513,26,1,0,0,1.2197898427610308,0.2
2957,177.6400824486531,25,1,0,0,1.322854026344808,0.2
2958,165.7946912764691,25,1,0,0,1.4789570517120314,0.2
2959,159.44188014734414,19,1,0,0,1.3821073577662566,0.2
2960,178.2187741807687,24,1,0,0,1.4513008583739704,0.2
2961,197.86162028893784,39,1,0,0,1.4597379603779947,0.2
2962,154.59443559122738,23,1,0,0,1.4747927434631296,0.2
2963,190.09546787510743,27,1,0,0,1.2496353648066483,0.2
2964,237.17633694241619,46,1,0,0,1.448503246448342,0.2
2965,-50.0,1,0,1,0,8.916627417146435,0.2
2966,123.6543792018381,11,1,0,0,1.4750123973219775,0.2
2967,218.91334269992439,42,1,0,0,1.4112676594486513,0.2
2968,168.1077769124272,24,1,0,0,1.282013644026374,0.2
2969,184.8641282035798,25,1,0,0,1.424190864068087,0.2
2970,157.0995706209472,26,1,0,0,1.4796122166269567,0.2
2971,176.35805757248932,25,1,0,0,1.3692392116727896,0.2
2972,156.02256455974128,16,1,0,0,1.1283068492631083,0.2
2973,197.51085087556763,27,1,0,0,1.47818392261419,0.2
2974,128.26636681282267,29,1,0,0,1.4378012394060273,0.2
2975,160.96614596281586,19,1,0,0,1.4929243244200512,0.2
2976,163.57349540885167,19,1,0,0,1.3398350281607745,0.2
2977,-3.5318996580573505,200,0,0,1,1.828030729324877,0.2
2978,158.86271551709814,19,1,0,0,1.3788014734033254,0.2
2979,194.90359824621348,33,1,0,0,1.2622888611861025,0.2
2980,216.4713494153621,43,1,0,0,1.4063164444074394,0.2
2981,172.69201768990862,21,1,0,0,1.3974995023324712,0.2
2982,152.9835672376244,20,1,0,0,1.2251513441896575,0.2
2983,189.53143359078075,35,1,0,0,1.407637091817713,0.2
2984,232.0232722819148,51,1,0,0,1.4639997751426423,0.2
2985,136.50487931614015,16,1,0,0,1.4574294546493016,0.2
2986,140.76153755152612,17,1,0,0,1.25904709501092,0.2
2987,201.1487428617139,29,1,0,0,1.2413329847618124,0.2
2988,146.52555470412466,21,1,0,0,1.3099394273724445,0.2
2989,171.00137369032188,19,1,0,0,1.416867885823262,0.2
2990,146.58259041428434,29,1,0,0,1.4315269093927074,0.2
2991,185.53687690923755,31,1,0,0,1.3126848207764472,0.2
2992,182.81093813933694,29,1,0,0,1.3807950630851098,0.2
2993,182.5804293488944,24,1,0,0,1.3716799342561108,0.2
2994,206.25005911742386,38,1,0,0,1.48072769749376,0.2
2995,164.0504782067058,21,1,0,0,1.1025015635054876,0.2
2996,171.6353883261072,24,1,0,0,1.3274324296885884,0.2
2997,145.6720853154206,46,1,0,0,1.390187592705828,0.2
2998,102.58421653338537,2,1,0,0,1.3908820815536278,0.2
2999,206.9784336266968,31,1,0,0,1.3039131316802823,0.2
3000,185.90494955687774,22,1,0,0,1.483448892171784,0.2
3001,3.397500107349966,200,0,0,1,2.363580266127776,0.2
3002,142.91962392188452,13,1,0,0,1.2252632325657529,0.2
3003,232.6915966538513,51,1,0,0,1.428067388921587,0.2
3004,187.8652817172727,25,1,0,0,1.2614363655071268,0.2
3005,154.69524774457432,25,1,0,0,1.273335105500239,0.2
3006,162.53145239806838,40,1,0,0,1.3639444836829855,0.2
3007,185.3434438614148,26,1,0,0,1.4661361088205587,0.2
3008,174.4038149215064,28,1,0,0,1.2085657868487596,0.2
3009,173.949409645295,21,1,0,0,1.4675003567556624,0.2
3010,199.10870522372198,26,1,0,0,1.3963294011701621,0.2
3011,138.11965647781966,89,1,0,0,1.4772829149546958,0.2
3012,114.49823246836155,4,1,0,0,1.4596143936661625,0.2
3013,249.16565265590341,51,1,0,0,1.4449612434032268,0.2
3014,175.9603183510298,22,1,0,0,1.419739854319951,0.2
3015,168.2727351023342,48,1,0,0,1.4595172394364153,0.2
3016,188.08759915113905,25,1,0,0,1.0620147567819724,0.2
3017,-46.52149316181964,3,0,1,0,6.857582753079529,0.2
3018,180.02223126519894,27,1,0,0,1.4031671873193405,0.2
3019,148.41460187561268,12,1,0,0,1.2994576894184389,0.2
3020,272.81183086888063,63,1,0,0,1.4262156738088483,0.2
3021,117.70742790840131,7,1,0,0,1.3286960071752296,0.2
3022,151.6539480340266,18,1,0,0,1.4857273499152024,0.2
3023,152.64144780769644,17,1,0,0,1.3077509227847572,0.2
3024,193.01971704999107,25,1,0,0,1.370778878753477,0.2
3025,31.492025845144852,200,0,0,1,2.112204886895777,0.2
3026,206.85091732175616,39,1,0,0,1.1611471743514348,0.2
3027,189.39291387117063,25,1,0,0,1.481626253325154,0.2
3028,136.2589002442118,13,1,0,0,1.4636615339311358,0.2
3029,163.54689139360158,20,1,0,0,1.2851318376665006,0.2
3030,206.20513817542422,29,1,0,0,1.2909277945266546,0.2
3031,150.38675481146072,20,1,0,0,1.286121928815765,0.2
3032,187.597210585468,29,1,0,0,1.4783642249404876,0.2
3033,248.42123929257028,46,1,0,0,1.4500394770796972,0.2
3034,165.39877360711657,27,1,0,0,1.269557986301497,0.2
3035,147.14260092987746,19,1,0,0,1.2099543768484529,0.2
3036,207.62820382425247,30,1,0,0,1.2849110931549628,0.2
3037,183.53933929203805,25,1,0,0,1.3148949316473888,0.2
3038,144.05045912996857,18,1,0,0,1.378299239338918,0.2
3039,171.48508908895082,22,1,0,0,1.2936094811376357,0.2
3040,222.61932428340629,46,1,0,0,1.4507248798264807,0.2
3041,146.90663440886252,20,1,0,0,1.2506303055190071,0.2
3042,193.83277765617504,24,1,0,0,1.3015198129730345,0.2
3043,188.44940077810367,23,1,0,0,1.3240897132376277,0.2
3044,186.4129654491333,28,1,0,0,1.4049070460160098,0.2
3045,162.39263131045558,16,1,0,0,1.0736067015895128,0.2
3046,161.0760454097432,22,1,0,0,1.3930671859609873,0.2
3047,115.28218276504383,11,1,0,0,1.3959738071240226,0.2
3048,153.66733399915125,28,1,0,0,1.4303637627435024,0.2
3049,153.04795530630435,21,1,0,0,1.2599129258097117,0.2
3050,168.68689708848393,24,1,0,0,1.3487510357484118,0.2
3051,213.8368533192267,43,1,0,0,1.4077837591663174,0.2
3052,164.1725626937432,22,1,0,0,1.3961801721531348,0.2
3053,132.45861690377797,9,1,0,0,1.4082478320097827,0.2
3054,205.73939900682407,33,1,0,0,1.3415813322961245,0.2
3055,160.2292426024782,18,1,0,0,1.4495693813438122,0.2
3056,177.73916590168648,22,1,0,0,1.2804862490309024,0.2
3057,203.0186740673738,29,1,0,0,1.363964309798189,0.2
3058,167.02236199770772,18,1,0,0,1.3383187449096132,0.2
3059,200.75762786775795,28,1,0,0,1.3486247365559982,0.2
3060,183.7656122459723,24,1,0,0,1.4697533898736423,0.2
3061,167.12020938837196,21,1,0,0,1.145523848780951,0.2
3062,251.68568532881667,48,1,0,0,1.4745174821847138,0.2
3063,156.91957634927863,19,1,0,0,1.1440158182723057,0.2
3064,134.71343876229903,20,1,0,0,1.4606552326249063,0.2
3065,171.874085436386,23,1,0,0,1.4799937644849979,0.2
3066,161.03405368228252,19,1,0,0,1.365473079988015,0.2
3067,170.33281559947733,25,1,0,0,1.4237927285257612,0.2
3068,161.16440103572506,25,1,0,0,1.1731947742022768,0.2
3069,160.93243806274498,23,1,0,0,1.4050240996542414,0.2
3070,152.74520398519866,20,1,0,0,1.4127295845702963,0.2
3071,151.13270297796933,16,1,0,0,1.1187918057711896,0.2
3072,191.22285219167262,29,1,0,0,1.2728056961440146,0.2
3073,210.23155150360054,30,1,0,0,1.354853985630971,0.2
3074,126.02887021189599,13,1,0,0,1.269907155874642,0.2
3075,186.52802978809837,29,1,0,0,1.3788150834566806,0.2
3076,186.68030085309672,29,1,0,0,1.1969462260661852,0.2
3077,191.60730504081494,25,1,0,0,1.3772445434237046,0.2
3078,156.33775073537822,22,1,0,0,1.3097558408399004,0.2
3079,156.92165575677024,21,1,0,0,1.477827713635782,0.2
3080,167.72533870136274,25,1,0,0,1.2822005602000435,0.2
3081,165.44772213630466,22,1,0,0,1.2530538343620885,0.2
3082,193.4121661510028,37,1,0,0,1.4272313840253068,0.2
3083,163.04887684955716,23,1,0,0,1.3109944276451404,0.2
3084,161.66441269202596,18,1,0,0,1.1088859460590885,0.2
3085,141.12099581587782,29,1,0,0,1.285142349006976,0.2
3086,126.14635002098572,11,1,0,0,1.232320823120964,0.2
3087,178.57043796867436,27,1,0,0,1.3505211657614262,0.2
3088,168.71918250110258,20,1,0,0,1.202285801513523,0.2
3089,196.6688538204054,25,1,0,0,1.4707288484862422,0.2
3090,176.46768453598565,27,1,0,0,1.4197313225792247,0.2
3091,235.69716199773583,46,1,0,0,1.2654975629536491,0.2
3092,171.92899465654241,25,1,0,0,1.3578962513307842,0.2
3093,145.73057885496593,54,1,0,0,1.3821949522220751,0.2
3094,235.35462432486773,47,1,0,0,1.241887520270833,0.2
3095,200.49307239626256,23,1,0,0,1.3884350704222599,0.2
3096,131.57081652408888,23,1,0,0,1.3811720602585698,0.2
3097,161.29592117256507,27,1,0,0,1.4737089317584506,0.2
3098,162.86741780774338,17,1,0,0,1.4808434173485603,0.2
3099,118.44969690527219,11,1,0,0,1.35617910804703,0.2
3100,147.5096455146342,15,1,0,0,1.157060245498753,0.2
3101,177.34142735260087,25,1,0,0,1.459200914692124,0.2
3102,170.8101344470837,27,1,0,0,1.4890744191671992,0.2
3103,208.19298515273243,32,1,0,0,1.4331727964230268,0.2
3104,177.25568349328807,27,1,0,0,1.2623698357067377,0.2
3105,139.05430372412283,14,1,0,0,1.1637174489048665,0.2
3106,226.5043131392597,42,1,0,0,1.48322118661196,0.2
3107,200.15500877844462,34,1,0,0,1.4173316680297892,0.2
3108,199.53027258569665,34,1,0,0,1.178786921330431,0.2
3109,209.44909113181245,39,1,0,0,1.2379804421050133,0.2
3110,156.1239609795413,22,1,0,0,1.4453287579935639,0.2
3111,151.0655072002735,14,1,0,0,1.3464007771607684,0.2
3112,-4.596808414119616,200,0,0,1,2.4029754774169527,0.2
3113,194.79846831940102,26,1,0,0,1.3709630307701604,0.2
3114,163.6904269121618,25,1,0,0,1.2131764778103094,0.2
3115,178.30718877929408,27,1,0,0,1.4958814114204066,0.2
3116,-50.0,1,0,1,0,3.508496566398057,0.2
3117,107.15432093885948,6,1,0,0,1.4412974343576581,0.2
3118,181.1698907290779,25,1,0,0,1.3290438664916835,0.2
3119,144.63252543687184,15,1,0,0,1.4453657971775467,0.2
3120,169.53398829412288,22,1,0,0,1.4924040688662858,0.2
3121,110.03219219767111,5,1,0,0,1.392169709398073,0.2
3122,178.25876312347324,26,1,0,0,1.4858253341317427,0.2
3123,137.30997103184103,11,1,0,0,1.211364451082463,0.2
3124,144.46322459282874,17,1,0,0,1.433353548676713,0.2
3125,212.22879658647514,30,1,0,0,1.443441350656977,0.2
3126,141.6407608711119,14,1,0,0,1.2232586635219338,0.2
3127,166.6344599538784,24,1,0,0,1.0573046978350615,0.2
3128,175.78039049795063,26,1,0,0,1.445636175760755,0.2
3129,188.40268040798588,33,1,0,0,1.2989508469363482,0.2
3130,169.327599673108,19,1,0,0,1.3149455275805215,0.2
3131,190.56205293468125,34,1,0,0,1.3444486798534667,0.2
3132,175.4194433735684,25,1,0,0,1.393522970577466,0.2
3133,124.08825740830055,9,1,0,0,1.3110341807243537,0.2
3134,257.94480712167365,59,1,0,0,1.4337358219157832,0.2
3135,156.39680860375083,28,1,0,0,1.2388933932316593,0.2
3136,195.4520595702121,31,1,0,0,1.314807779272373,0.2
3137,170.65663491832532,20,1,0,0,1.361682170658514,0.2
3138,193.58242387343262,25,1,0,0,1.1979586340820265,0.2
3139,136.07852428201474,21,1,0,0,1.4910415924277656,0.2
3140,193.04456356927437,28,1,0,0,1.2312978266602048,0.2
3141,146.66777061432987,12,1,0,0,1.4522222690448305,0.2
3142,181.49858448597948,34,1,0,0,1.468338930045885,0.2
3143,176.60816671565541,25,1,0,0,1.3700706854559226,0.2
3144,151.0235007031908,19,1,0,0,1.3349149060189733,0.2
3145,245.11684816601547,76,1,0,0,1.4740092810110066,0.2
3146,218.29876540113236,34,1,0,0,1.4982652688607943,0.2
3147,167.79278667431777,24,1,0,0,1.2542308181597925,0.2
3148,195.4081607792929,30,1,0,0,1.4997346578140314,0.2
3149,182.47953499819107,22,1,0,0,1.2546199499086312,0.2
3150,230.0368129881616,43,1,0,0,1.4234016579692679,0.2
3151,159.91825879130795,17,1,0,0,1.4461254597028053,0.2
3152,150.13744855055955,15,1,0,0,1.2838506886559469,0.2
3153,158.82443694099925,20,1,0,0,1.103905411527324,0.2
3154,198.1148513414051,29,1,0,0,1.2006307099684776,0.2
3155,167.9157956922116,27,1,0,0,1.3929139425576926,0.2
3156,146.5830233582618,19,1,0,0,1.383418564677444,0.2
3157,186.55271103690492,32,1,0,0,1.2496695379236173,0.2
3158,152.86006160293752,21,1,0,0,1.3516687399066085,0.2
3159,179.08350640928955,20,1,0,0,1.4921026631098695,0.2
3160,183.62520373031674,29,1,0,0,1.4850880395109605,0.2
3161,166.8213950831818,24,1,0,0,1.270107011976038,0.2
3162,187.74210577066893,28,1,0,0,1.386921311159401,0.2
3163,182.40613181896788,27,1,0,0,1.4209941834972715,0.2
3164,177.4772512713585,34,1,0,0,1.4735125273741532,0.2
3165,183.32522306210086,27,1,0,0,1.457629110872253,0.2
3166,139.79605342999847,12,1,0,0,1.3237143667808873,0.2
3167,122.04045486555268,11,1,0,0,1.3144461347364418,0.2
3168,165.9534432716308,23,1,0,0,1.4135066016380569,0.2
3169,173.6058983857032,23,1,0,0,1.2636033604709864,0.2
3170,163.02688372420835,20,1,0,0,1.1676699043996943,0.2
3171,123.62161085219827,72,1,0,0,1.4486984940830567,0.2
3172,236.38241726626245,42,1,0,0,1.4121284992353242,0.2
3173,201.53692713889956,30,1,0,0,1.2457359187660624,0.2
3174,151.08852514014214,22,1,0,0,1.2629748653080273,0.2
3175,185.89491487232897,21,1,0,0,1.3477890223167326,0.2
3176,200.28052673825505,30,1,0,0,1.264867040430194,0.2
3177,222.350927522284,37,1,0,0,1.2971495761500653,0.2
3178,215.65081687987552,39,1,0,0,1.3797596863306727,0.2
3179,163.36024103810527,24,1,0,0,1.4016538989847864,0.2
3180,107.92516156857697,4,1,0,0,1.4122650511186756,0.2
3181,156.5888544058954,27,1,0,0,1.1507240014216074,0.2
3182,133.8981143523708,24,1,0,0,1.3802308175346436,0.2
3183,143.98228650497003,15,1,0,0,1.4708235076591105,0.2
3184,180.798311446828,23,1,0,0,1.4520420995679253,0.2
3185,155.3466643249226,19,1,0,0,1.190939679704956,0.2
3186,169.65911999257546,26,1,0,0,1.2642231025137558,0.2
3187,151.466149234985,25,1,0,0,1.393260695179006,0.2
3188,130.7340089364974,10,1,0,0,1.3617917822481294,0.2
3189,149.1191252893255,25,1,0,0,1.2383718806425048,0.2
3190,146.12658232492367,21,1,0,0,1.4465553820654677,0.2
3191,159.8457154444598,24,1,0,0,1.3234817828438703,0.2
3192,182.9512397987983,30,1,0,0,1.4018368103958014,0.2
3193,158.08098658350968,24,1,0,0,1.2478948404507058,0.2
3194,155.548949460821,23,1,0,0,1.4679367228713436,0.2
3195,236.91723164341118,41,1,0,0,1.3165604362326369,0.2
3196,190.88920090106075,26,1,0,0,1.2538868868467,0.2
3197,212.63812409776847,36,1,0,0,1.385854990396996,0.2
3198,151.606219466681,20,1,0,0,1.4669494703787882,0.2
3199,150.95553989355707,25,1,0,0,1.4830936694713701,0.2
3200,178.4976603964086,23,1,0,0,1.4035152675958407,0.2
3201,156.5923124553212,20,1,0,0,1.1609611323993294,0.2
3202,158.69080180780912,19,1,0,0,1.49567567411855,0.2
3203,167.9127748139113,21,1,0,0,1.3096912690446847,0.2
3204,132.02574671595653,10,1,0,0,1.3351110554137433,0.2
3205,202.83605497194625,34,1,0,0,1.2030114415351043,0.2
3206,139.9315715140287,15,1,0,0,1.4436882027870448,0.2
3207,-50.0,1,0,1,0,3.841654000875747,0.2
3208,158.88677547115515,22,1,0,0,1.4764592683176814,0.2
3209,188.61808793808538,32,1,0,0,1.4219822798610962,0.2
3210,185.5847483647703,25,1,0,0,1.400127772946356,0.2
3211,-50.0,1,0,1,0,8.09313991726532,0.2
3212,182.0841729746167,26,1,0,0,1.091750641181829,0.2
3213,169.66289845652673,25,1,0,0,1.4964921151917403,0.2
3214,187.55986223788597,28,1,0,0,1.4379316808665288,0.2
3215,272.420885257569,69,1,0,0,1.4868690453040672,0.2
3216,141.67280721973245,13,1,0,0,1.2649275723250653,0.2
3217,169.3478698752522,23,1,0,0,1.4713179468977038,0.2
3218,203.74921724668997,33,1,0,0,1.1738948198718058,0.2
3219,171.27386301558892,28,1,0,0,1.1895218861388634,0.2
3220,175.47074162840255,32,1,0,0,1.4713057413544939,0.2
3221,157.56901854139588,19,1,0,0,1.3728558630512808,0.2
3222,194.9237223454832,31,1,0,0,1.267316567782733,0.2
3223,137.33305790835607,11,1,0,0,1.3502016739566414,0.2
3224,195.65307392664297,23,1,0,0,1.4890849556488202,0.2
3225,-50.0,1,0,1,0,1.6752674889573311,0.2
3226,153.47445425417814,15,1,0,0,1.4445148696289074,0.2
3227,171.5834959582501,28,1,0,0,1.3022621101936889,0.2
3228,156.5373195430646,18,1,0,0,1.4248853356745577,0.2
3229,186.164916492828,22,1,0,0,1.3789469955858982,0.2
3230,164.76497773266192,22,1,0,0,1.2618854745469363,0.2
3231,129.14453197664025,13,1,0,0,1.272165265392249,0.2
3232,-50.0,1,0,1,0,9.053774452589092,0.2
3233,175.78409243097153,25,1,0,0,1.324210479231873,0.2
3234,238.16627626429906,47,1,0,0,1.3548236864812273,0.2
3235,150.876808075077,23,1,0,0,1.3316951062635567,0.2
3236,181.37437711714182,22,1,0,0,1.4972661350968666,0.2
3237,140.42180159688309,18,1,0,0,1.476030430151575,0.2
3238,150.35686029698408,19,1,0,0,1.1821419221383396,0.2
3239,176.75857565009875,27,1,0,0,1.4629978774922463,0.2
3240,138.9223624119977,11,1,0,0,1.4123531284048652,0.2
3241,174.2778455144708,25,1,0,0,1.422783057601645,0.2
3242,149.0837212401715,22,1,0,0,1.3830697837782737,0.2
3243,180.26556512300533,27,1,0,0,1.3346135985496819,0.2
3244,179.59153189510738,24,1,0,0,1.3972689393919775,0.2
3245,234.0393987111184,44,1,0,0,1.2724887274201864,0.2
3246,182.22464385476275,27,1,0,0,1.491573616305583,0.2
3247,148.84323631580344,19,1,0,0,1.3835166270841484,0.2
3248,151.5868989738267,19,1,0,0,1.29780255750991,0.2
3249,-50.0,1,0,1,0,3.248388484973441,0.2
3250,136.4617541013081,15,1,0,0,1.4793887901748821,0.2
3251,195.6179551944989,37,1,0,0,1.477660489890072,0.2
3252,188.39162279792095,27,1,0,0,1.4266120965375015,0.2
3253,172.34992113966246,27,1,0,0,1.4014095881149848,0.2
3254,151.6917278468979,14,1,0,0,1.4933802310337836,0.2
3255,256.62411752210164,56,1,0,0,1.448234283980888,0.2
3256,194.33045039780993,29,1,0,0,1.3922892629838526,0.2
3257,182.1094569834838,22,1,0,0,1.3288623666492196,0.2
3258,191.99480030347132,25,1,0,0,1.0747285085230842,0.2
3259,186.73477550966481,27,1,0,0,1.1455917721435847,0.2
3260,164.04890189054674,23,1,0,0,1.3532874493680687,0.2
3261,163.26849616152842,18,1,0,0,1.1708113782602916,0.2
3262,175.52925511030566,25,1,0,0,1.2275854598889684,0.2
3263,179.46753390809653,27,1,0,0,1.3822519246575642,0.2
3264,145.41881487859564,21,1,0,0,1.343653407478896,0.2
3265,129.35523201596936,14,1,0,0,1.1767232328190402,0.2
3266,150.8717681736526,15,1,0,0,1.2058448725700228,0.2
3267,155.59259032655368,16,1,0,0,1.3896364176044067,0.2
3268,161.5579870603799,25,1,0,0,1.4424916108447414,0.2
3269,237.7973520395154,49,1,0,0,1.4692315443505273,0.2
3270,204.05895436973975,35,1,0,0,1.403524577850015,0.2
3271,162.2438467078508,20,1,0,0,1.364314736594279,0.2
3272,175.18289931736905,21,1,0,0,1.3405154801519366,0.2
3273,188.28036838833327,27,1,0,0,1.3121842049856467,0.2
3274,188.01063263959054,25,1,0,0,1.2846627654216305,0.2
3275,169.4588359327933,19,1,0,0,1.0594026374320933,0.2
3276,184.9428859974198,30,1,0,0,1.4892389905785628,0.2
3277,183.02387865194788,24,1,0,0,1.480542442076239,0.2
3278,154.36812257345534,14,1,0,0,1.4859713002245645,0.2
3279,186.75730862366925,27,1,0,0,1.3082137899565385,0.2
3280,168.70925109461186,27,1,0,0,1.2123980336460773,0.2
3281,181.9668719622373,23,1,0,0,1.3793235360229632,0.2
3282,151.15698288854682,25,1,0,0,1.2644308799607646,0.2
3283,235.38339764920795,46,1,0,0,1.3668581111714724,0.2
3284,179.4369962412306,23,1,0,0,1.4818044918655537,0.2
3285,126.81029947365005,12,1,0,0,1.375930346836665,0.2
3286,166.02364561319965,24,1,0,0,1.3676905645533017,0.2
3287,172.32410487397934,20,1,0,0,1.4961255352888168,0.2
3288,201.6808645532871,34,1,0,0,1.2092490987410225,0.2
3289,103.41407291279731,2,1,0,0,1.1579981810806377,0.2
3290,180.25708952868422,28,1,0,0,1.2721685194421102,0.2
3291,189.86177632599583,27,1,0,0,1.2199857235653733,0.2
3292,244.90868699850122,52,1,0,0,1.491105128839542,0.2
3293,166.34266479236376,23,1,0,0,1.4470618169626628,0.2
3294,229.34892799866358,33,1,0,0,1.240269744563912,0.2
3295,151.99478773652766,21,1,0,0,1.2281793025782453,0.2
3296,128.92868418314015,13,1,0,0,1.3658445132912973,0.2
3297,125.85627592637638,11,1,0,0,1.3269882951780698,0.2
3298,200.8744043598203,27,1,0,0,1.4414162509846125,0.2
3299,204.10445743804922,35,1,0,0,1.3915494856024362,0.2
3300,153.44011266797344,19,1,0,0,1.2432346060952355,0.2
3301,195.3262627477623,100,1,0,0,1.3186332167849628,0.2
3302,190.54060917840147,33,1,0,0,1.3427477137174202,0.2
3303,188.85404557783338,36,1,0,0,1.3150934853046226,0.2
3304,165.68571744803177,22,1,0,0,1.1334761782643532,0.2
3305,150.87249315813003,17,1,0,0,1.436710716549896,0.2
3306,143.1256920109899,14,1,0,0,1.225179377053596,0.2
3307,180.682160100928,22,1,0,0,1.2905199664814244,0.2
3308,162.04623304575404,25,1,0,0,1.3722970081758967,0.2
3309,167.97478837187336,20,1,0,0,1.3247900159030364,0.2
3310,172.08688171925996,23,1,0,0,1.3559649214741105,0.2
3311,166.486664379353,32,1,0,0,1.1988767263233573,0.2
3312,179.33272014960235,26,1,0,0,1.4979662413543833,0.2
3313,186.46320305866567,24,1,0,0,1.245565920045024,0.2
3314,170.6111181211425,30,1,0,0,1.3410066851441513,0.2
3315,118.12675947519472,11,1,0,0,1.1195685897785794,0.2
3316,130.75838158105933,12,1,0,0,1.1324880739509777,0.2
3317,185.41288889768964,28,1,0,0,1.2060322195729831,0.2
3318,174.7253374673051,26,1,0,0,1.458635740474247,0.2
3319,195.24383494603856,28,1,0,0,1.4707496660464137,0.2
3320,155.51909614630353,26,1,0,0,1.4471068809994438,0.2
3321,203.12603365888205,41,1,0,0,1.3657725980101896,0.2
3322,166.72812417559007,23,1,0,0,1.4835463419898898,0.2
3323,110.36824871550085,4,1,0,0,1.2725814525327466,0.2
3324,244.13175862798667,54,1,0,0,1.4019281214922081,0.2
3325,162.77664676693595,23,1,0,0,1.2614189885668579,0.2
3326,226.0021269640001,42,1,0,0,1.334531485923653,0.2
3327,-50.0,1,0,1,0,8.313568050206865,0.2
3328,193.37978799018342,26,1,0,0,1.264200870841872,0.2
3329,153.0994635141766,18,1,0,0,1.1339015740566756,0.2
3330,145.46461999019317,20,1,0,0,1.4196444981214584,0.2
3331,188.74481539291583,28,1,0,0,1.4400830425349558,0.2
3332,180.0159248209544,27,1,0,0,1.410865171249191,0.2
3333,199.36111183516573,32,1,0,0,1.292119551106328,0.2
3334,168.85736380417865,20,1,0,0,1.4238435237182119,0.2
3335,252.58781579001243,47,1,0,0,1.2226914118160908,0.2
3336,184.96229875623743,28,1,0,0,1.402615242984009,0.2
3337,195.0028376316477,33,1,0,0,1.2057261040867013,0.2
3338,147.93008681940472,22,1,0,0,1.192655668775281,0.2
3339,149.64311083480857,19,1,0,0,1.4760479663341637,0.2
3340,175.68617692500413,30,1,0,0,1.1591829997436531,0.2
3341,91.69074997839898,21,1,0,0,1.4698257721363486,0.2
3342,145.84184387738665,20,1,0,0,1.2851116204910442,0.2
3343,194.05976579264944,24,1,0,0,1.4905600891332678,0.2
3344,189.14776864611449,23,1,0,0,1.0941441466104258,0.2
3345,204.2496848912769,35,1,0,0,1.4751639885461565,0.2
3346,131.647071430638,14,1,0,0,1.333524173172192,0.2
3347,179.3314762140149,26,1,0,0,1.3301386868153362,0.2
3348,172.1672975814531,24,1,0,0,1.3172397265622517,0.2
3349,131.09911316488416,11,1,0,0,1.3853705487672578,0.2
3350,117.89947195375416,8,1,0,0,1.437188080561635,0.2
3351,233.7909077938451,49,1,0,0,1.4810040670305,0.2
3352,189.25331771068366,25,1,0,0,1.2112381707485342,0.2
3353,173.39104717294487,22,1,0,0,1.3706600959664954,0.2
3354,162.45200464219016,24,1,0,0,1.4374814858499738,0.2
3355,181.06007056860014,22,1,0,0,1.265748455255615,0.2
3356,134.20472635897636,15,1,0,0,1.224437034471433,0.2
3357,136.00575057323823,15,1,0,0,1.255617678247058,0.2
3358,176.03973377868567,21,1,0,0,1.4610037077302238,0.2
3359,199.59842942487086,28,1,0,0,1.44062693229678,0.2
3360,177.06095803320363,28,1,0,0,1.1108572554355312,0.2
3361,-22.030290207301597,10,0,1,0,14.05968230419963,0.2
3362,208.75394479374296,31,1,0,0,1.1988641985292068,0.2
3363,186.6996507502235,24,1,0,0,1.324308822567051,0.2
3364,164.67575692571975,16,1,0,0,1.4164624003207784,0.2
3365,157.17316336659735,19,1,0,0,1.3798819076963893,0.2
3366,159.73546978555802,25,1,0,0,1.2781911553332947,0.2
3367,166.81170121870775,21,1,0,0,1.2775276508084723,0.2
3368,182.31691834429716,26,1,0,0,1.1646876173906036,0.2
3369,151.3522593679917,16,1,0,0,1.4414045328962168,0.2
3370,146.36968934312839,21,1,0,0,1.2706868878936575,0.2
3371,159.56248196928578,23,1,0,0,1.4735951597730408,0.2
3372,163.37403758724554,25,1,0,0,1.2661068093233652,0.2
3373,157.22663369065344,22,1,0,0,1.3496800716598885,0.2
3374,164.2093816461192,24,1,0,0,1.3092072315827747,0.2
3375,185.54863215491196,23,1,0,0,1.423202725076604,0.2
3376,24.437182158470037,200,0,0,1,1.7446157570889305,0.2
3377,186.7937545449447,33,1,0,0,1.3590949957009169,0.2
3378,266.79390737075084,58,1,0,0,1.4890613444399026,0.2
3379,156.34041451249703,81,1,0,0,1.4694225065850317,0.2
3380,111.61723824540985,7,1,0,0,1.4669413134891458,0.2
3381,152.1171782878235,18,1,0,0,1.375392223355136,0.2
3382,283.3844230956662,62,1,0,0,1.331326992453594,0.2
3383,167.83328964831594,25,1,0,0,1.4815977755292113,0.2
3384,149.2676243351878,18,1,0,0,1.3535247632801533,0.2
3385,215.9151039351458,38,1,0,0,1.3472273910579606,0.2
3386,-50.0,1,0,1,0,9.709327814359385,0.2
3387,210.06907942725098,34,1,0,0,1.4429963479608576,0.2
3388,152.5196692497475,19,1,0,0,1.1872990021403167,0.2
3389,173.06738048775617,32,1,0,0,1.2842075648882965,0.2
3390,176.4254488099476,22,1,0,0,1.4613516989924795,0.2
3391,-3.626677958304765,200,0,0,1,2.2800847244955222,0.2
3392,157.29172782602635,18,1,0,0,1.4753122320455199,0.2
3393,132.97081805635293,12,1,0,0,1.120000596549724,0.2
3394,126.94744613518449,11,1,0,0,1.153941067655219,0.2
3395,164.20389803705962,19,1,0,0,1.3028530781565097,0.2
3396,165.38743678120304,23,1,0,0,1.3565404050688603,0.2
3397,184.10406242977086,23,1,0,0,1.4590424760759342,0.2
3398,182.53328730846295,25,1,0,0,1.2309623329866284,0.2
3399,169.70559023314902,23,1,0,0,1.3879031685318586,0.2
3400,165.2235717790058,24,1,0,0,1.2007981965654106,0.2
3401,122.14496411440312,10,1,0,0,1.4186810389456312,0.2
3402,183.56473754536552,25,1,0,0,1.3395104509947655,0.2
3403,143.6297412814609,18,1,0,0,1.3106977454800348,0.2
3404,263.48919251923326,55,1,0,0,1.4111045516142722,0.2
3405,246.25078537349714,51,1,0,0,1.3933906287710345,0.2
3406,169.36976596222968,22,1,0,0,1.4414950597716574,0.2
3407,197.0191928942033,34,1,0,0,1.2473950453732396,0.2
3408,168.03851081243363,20,1,0,0,1.2988127547931347,0.2
3409,173.22770763997335,23,1,0,0,1.4416193185686743,0.2
3410,154.63671709555524,23,1,0,0,1.2901573255773695,0.2
3411,196.23821384509426,28,1,0,0,1.4253258435055225,0.2
3412,186.28556064395121,22,1,0,0,1.420800835348207,0.2
3413,186.8094457314648,23,1,0,0,1.328738338461584,0.2
3414,200.66729451582262,31,1,0,0,1.3424713443055858,0.2
3415,166.35398318292448,21,1,0,0,1.2833507529371087,0.2
3416,175.74585209607352,23,1,0,0,1.4879837807418177,0.2
3417,121.6740543538487,15,1,0,0,1.4347399680400978,0.2
3418,167.4672315155213,21,1,0,0,1.2087560764967376,0.2
3419,131.601281634874,15,1,0,0,1.3429501289992734,0.2
3420,208.78813630691934,41,1,0,0,1.498450129558389,0.2
3421,196.23791516985335,31,1,0,0,1.3280617906201309,0.2
3422,155.3622472160195,22,1,0,0,1.4064702925776464,0.2
3423,151.04572494535023,16,1,0,0,1.4538936305418384,0.2
3424,238.99105198106406,44,1,0,0,1.2720652529813388,0.2
3425,164.83287569220252,18,1,0,0,1.311115262386662,0.2
3426,161.84137583626816,19,1,0,0,1.209226027136718,0.2
3427,183.52477967102925,23,1,0,0,1.3914618899857407,0.2
3428,-50.0,1,0,1,0,4.463987278389116,0.2
3429,128.00029780395838,12,1,0,0,1.354805161890688,0.2
3430,247.6615151235917,50,1,0,0,1.29195526345469,0.2
3431,-50.0,1,0,1,0,5.599717131547628,0.2
3432,286.912928057808,61,1,0,0,1.4243103308342713,0.2
3433,175.7200683020963,25,1,0,0,1.39250594526527,0.2
3434,159.89514198698723,26,1,0,0,1.183405400913418,0.2
3435,172.488067287991,20,1,0,0,1.2976723229938585,0.2
3436,149.9902391168382,29,1,0,0,1.4698484177465776,0.2
3437,129.66403685508186,8,1,0,0,1.1653918744510625,0.2
3438,187.01819170742218,27,1,0,0,1.469939333218125,0.2
3439,230.86646016260372,46,1,0,0,1.3623754164202981,0.2
3440,175.54373184368862,21,1,0,0,1.4881991611793346,0.2
3441,158.47886101115586,20,1,0,0,1.1121181082432006,0.2
3442,167.1209231107006,30,1,0,0,1.409745292384961,0.2
3443,166.09366396040917,21,1,0,0,1.228602413492136,0.2
3444,180.34480450769814,22,1,0,0,1.4081528058618187,0.2
3445,-5.08100203540662,17,0,1,0,4.011140442433136,0.2
3446,186.9045036645116,24,1,0,0,1.2931984967004857,0.2
3447,173.82696338651868,23,1,0,0,1.332842603502822,0.2
3448,204.08425762145583,32,1,0,0,1.0615892487060063,0.2
3449,186.4144468213247,26,1,0,0,1.2734914715757033,0.2
3450,161.12002151514343,26,1,0,0,1.4782589213862898,0.2
3451,168.79261940648652,22,1,0,0,1.3555135610597917,0.2
3452,126.8571721534338,12,1,0,0,1.4580509195983193,0.2
3453,153.91103251037674,17,1,0,0,1.4878966785907866,0.2
3454,245.326591134024,51,1,0,0,1.4023974861167068,0.2
3455,189.34420973585333,31,1,0,0,1.3781572467669339,0.2
3456,198.58397350146367,24,1,0,0,1.3453928141602511,0.2
3457,166.42222696412867,21,1,0,0,1.3584268821468526,0.2
3458,160.42988317627368,26,1,0,0,1.4768755929254112,0.2
3459,226.91815977002847,43,1,0,0,1.3550132808723387,0.2
3460,182.76041283341536,22,1,0,0,1.2641935056932712,0.2
3461,113.84053014681078,7,1,0,0,1.3026326042063834,0.2
3462,143.8783707363056,13,1,0,0,1.4983899439097865,0.2
3463,110.20363652236856,10,1,0,0,1.4052142527009281,0.2
3464,167.69225551502328,24,1,0,0,1.446591887143156,0.2
3465,107.97696510670265,6,1,0,0,1.3847508955103598,0.2
3466,194.1618503744199,28,1,0,0,1.187522809952791,0.2
3467,202.32091495831608,38,1,0,0,1.334001546604099,0.2
3468,176.66550060183454,25,1,0,0,1.4441343291870428,0.2
3469,111.60183278006285,27,1,0,0,1.4795757434837666,0.2
3470,176.23508459489472,23,1,0,0,1.1833752984575814,0.2
3471,181.44045255781663,26,1,0,0,1.2518607241802777,0.2
3472,175.0380249434081,24,1,0,0,1.38573552116329,0.2
3473,169.0174903278306,23,1,0,0,1.233802049989248,0.2
3474,248.0000320045179,51,1,0,0,1.272557984200286,0.2
3475,159.84027261345798,22,1,0,0,1.3968742242396133,0.2
3476,157.9020240710894,17,1,0,0,1.3065738587970668,0.2
3477,167.1699158413522,21,1,0,0,1.3549098808608833,0.2
3478,125.65673310054619,17,1,0,0,1.2796577932574296,0.2
3479,210.84804851869484,27,1,0,0,1.4075683731950461,0.2
3480,119.05565975256664,14,1,0,0,1.3615449434834106,0.2
3481,241.0291794379838,51,1,0,0,1.4474645200784257,0.2
3482,137.4243829737421,16,1,0,0,1.4315572269233434,0.2
3483,142.17636217785954,17,1,0,0,1.4328736228395136,0.2
3484,200.59351166252264,26,1,0,0,1.3271946795543383,0.2
3485,101.13229606605152,2,1,0,0,1.433041132220772,0.2
3486,146.2396101812942,21,1,0,0,1.490662099566098,0.2
3487,125.24949229678147,10,1,0,0,1.309628332786468,0.2
3488,-50.0,1,0,1,0,5.760961266461554,0.2
3489,118.01171006142665,9,1,0,0,1.324476764631516,0.2
3490,177.14430884643934,24,1,0,0,1.4808815417405332,0.2
3491,197.23968339082944,37,1,0,0,1.3784670953178468,0.2
3492,148.8947715551332,25,1,0,0,1.4954893521757544,0.2
3493,124.4683877709584,11,1,0,0,1.3562944107514456,0.2
3494,204.64023641510735,26,1,0,0,1.4932220831983918,0.2
3495,251.57468178619246,50,1,0,0,1.3786922588484751,0.2
3496,178.52038750862755,24,1,0,0,1.475036788106065,0.2
3497,167.1359911877318,23,1,0,0,1.493888891605998,0.2
3498,124.74947238571131,9,1,0,0,1.2536124915571591,0.2
3499,134.2296227259552,12,1,0,0,1.3292882203514602,0.2
3500,146.61196073524832,15,1,0,0,1.2351865632010837,0.2
3501,185.76692942194575,28,1,0,0,1.2872476856274746,0.2
3502,163.00698339196177,18,1,0,0,1.3726719512964054,0.2
3503,175.54121817181272,23,1,0,0,1.442786675633945,0.2
3504,152.19884396130368,16,1,0,0,1.2745991912042602,0.2
3505,162.19778327515522,19,1,0,0,1.2123703549598825,0.2
3506,131.86037703658042,44,1,0,0,1.4828679963893903,0.2
3507,203.19124523515052,35,1,0,0,1.2956015203489109,0.2
3508,132.20155664642704,13,1,0,0,1.498655890764667,0.2
3509,170.76632462785753,23,1,0,0,1.1819008933757356,0.2
3510,153.5630427133511,16,1,0,0,1.4386310108485902,0.2
3511,162.00969264346895,25,1,0,0,1.4669303571019545,0.2
3512,100.0,1,1,0,0,1.2119240783394396,0.2
3513,156.06991993668075,21,1,0,0,1.419884101781966,0.2
3514,161.60429637767726,22,1,0,0,1.2333622328350515,0.2
3515,160.7901397584736,22,1,0,0,1.4011014277274638,0.2
3516,173.28017135527278,26,1,0,0,1.304470901970642,0.2
3517,166.57605854482017,23,1,0,0,1.4485091346326358,0.2
3518,204.961603519206,57,1,0,0,1.4689611871499804,0.2
3519,198.34284914990323,27,1,0,0,1.4201900162346233,0.2
3520,148.69174548660976,18,1,0,0,1.4735834074138778,0.2
3521,133.0137542233918,10,1,0,0,1.1619057414300522,0.2
3522,167.47002925502574,24,1,0,0,1.3441854413511025,0.2
3523,110.78661651033488,4,1,0,0,1.3222967026544352,0.2
3524,173.49270326284972,22,1,0,0,1.4132984095857433,0.2
3525,197.0663020352045,31,1,0,0,1.3869246602044454,0.2
3526,192.8132251233447,25,1,0,0,1.042118339118023,0.2
3527,150.29502603958687,14,1,0,0,1.2323645813332085,0.2
3528,169.97726297035564,26,1,0,0,1.2241625097199929,0.2
3529,166.90103264309323,24,1,0,0,1.4375362837566708,0.2
3530,165.44400347219107,27,1,0,0,1.4541652689029978,0.2
3531,212.10509173571245,36,1,0,0,1.435864603765878,0.2
3532,155.28251406920418,31,1,0,0,1.1357343055273221,0.2
3533,115.13739763100848,5,1,0,0,1.3269120497241833,0.2
3534,134.29550343299545,19,1,0,0,1.2942660411231128,0.2
3535,233.80641653968732,45,1,0,0,1.3903689740615104,0.2
3536,169.38747481595618,29,1,0,0,1.301900756146095,0.2
3537,18.67043233465964,200,0,0,1,2.1390669143257623,0.2
3538,177.95101311301732,31,1,0,0,1.2860018855953153,0.2
3539,157.85717544883514,22,1,0,0,1.2085226059648821,0.2
3540,184.17835695179994,22,1,0,0,1.3674773973365633,0.2
3541,157.21454938849715,23,1,0,0,1.3233672094288045,0.2
3542,180.41296251897523,27,1,0,0,1.3624312030777288,0.2
3543,160.27895363175463,23,1,0,0,1.1523914158792836,0.2
3544,141.67281525115717,15,1,0,0,1.439006444891019,0.2
3545,189.1601238307956,33,1,0,0,1.4433327656213428,0.2
3546,149.9363169019153,15,1,0,0,1.0889776055330094,0.2
3547,102.33176016195154,3,1,0,0,1.292646960311976,0.2
3548,163.6790379718787,19,1,0,0,1.3908583173183717,0.2
3549,173.40759365396923,22,1,0,0,1.4256516015675553,0.2
3550,137.4502499096198,16,1,0,0,1.2450785690472792,0.2
3551,177.78535337697622,27,1,0,0,1.3961004293895838,0.2
3552,-20.36540887967431,8,0,1,0,6.688554757815437,0.2
3553,191.66936811154056,24,1,0,0,1.2735343925530036,0.2
3554,175.8110962640228,21,1,0,0,1.2718860143799477,0.2
3555,143.67862535833217,13,1,0,0,1.3971114924762806,0.2
3556,136.65822496053656,13,1,0,0,1.275934603567497,0.2
3557,168.253989780362,21,1,0,0,1.404444829226639,0.2
3558,197.11073100769573,34,1,0,0,1.3736243156968504,0.2
3559,215.79301391361037,40,1,0,0,1.3368560800732203,0.2
3560,111.21969114593534,16,1,0,0,1.4669332232991383,0.2
3561,243.751626055955,53,1,0,0,1.2759987625630491,0.2
3562,170.96014400917545,20,1,0,0,1.4795915548504652,0.2
3563,170.9692503668719,22,1,0,0,1.344988846273764,0.2
3564,193.35610778025347,29,1,0,0,1.4749830349358042,0.2
3565,129.72398850570252,11,1,0,0,1.3905013144432674,0.2
3566,157.29352282546063,22,1,0,0,1.3334168278304166,0.2
3567,174.80701699511104,20,1,0,0,1.3355373319234631,0.2
3568,148.4580277082595,18,1,0,0,1.349942212231849,0.2
3569,159.4054280743224,14,1,0,0,1.4363092485661846,0.2
3570,182.17540628703802,22,1,0,0,1.4669123003105211,0.2
3571,217.90490370818625,35,1,0,0,1.4128939607563953,0.2
3572,122.14960815403484,10,1,0,0,1.475843911084825,0.2
3573,122.59042572322876,40,1,0,0,1.3710452191212517,0.2
3574,129.15622147411256,17,1,0,0,1.3921973255299493,0.2
3575,251.43351658884154,58,1,0,0,1.4988691294935075,0.2
3576,111.08816617115582,5,1,0,0,1.461608200814303,0.2
3577,178.5865697605377,25,1,0,0,1.342243222180635,0.2
3578,149.49053590271708,20,1,0,0,1.4188435413902123,0.2
3579,159.82240273729406,21,1,0,0,1.4949525980469862,0.2
3580,166.98017619492805,57,1,0,0,1.2306618860235046,0.2
3581,229.22444532555917,39,1,0,0,1.4388281587914244,0.2
3582,182.82580599767013,21,1,0,0,1.1507148791885577,0.2
3583,177.33660683627153,27,1,0,0,1.3275074594746403,0.2
3584,96.02672696284927,10,1,0,0,1.4743354934477706,0.2
3585,241.33313366986474,44,1,0,0,1.343958541889712,0.2
3586,253.77374653920828,75,1,0,0,1.4537922997171855,0.2
3587,239.77397810088127,53,1,0,0,1.3814272657621383,0.2
3588,177.73300170456568,21,1,0,0,1.3367292463767435,0.2
3589,147.0569230734767,19,1,0,0,1.4237902937913018,0.2
3590,163.49131741899765,23,1,0,0,1.3744905639450082,0.2
3591,177.07750731759091,29,1,0,0,1.1870389939010217,0.2
3592,217.57148418680418,29,1,0,0,1.369613528930191,0.2
3593,187.93901430967986,27,1,0,0,1.2616644276542743,0.2
3594,-0.49163754955668537,17,0,1,0,5.484294262835598,0.2
3595,164.70580753850606,23,1,0,0,1.3445693975241297,0.2
3596,149.4535055774756,17,1,0,0,1.0873987586001082,0.2
3597,138.0397542701166,11,1,0,0,1.3951409870107183,0.2
3598,171.1204120713347,23,1,0,0,1.4061082104470572,0.2
3599,154.78671316714806,26,1,0,0,1.139223954003571,0.2
3600,167.20806427289816,23,1,0,0,1.481302729753949,0.2
3601,152.35733536637315,23,1,0,0,1.37116348219992,0.2
3602,152.76453446500605,14,1,0,0,1.2675763022336786,0.2
3603,186.14908490401655,25,1,0,0,1.2114002209075143,0.2
3604,198.9495379995068,33,1,0,0,1.4804590320048285,0.2
3605,115.48351607786985,6,1,0,0,1.3357388986243683,0.2
3606,183.48998454865767,34,1,0,0,1.4898634152261039,0.2
3607,118.37948808929482,10,1,0,0,1.4851040589660838,0.2
3608,147.1436885311578,21,1,0,0,1.3029778084059942,0.2
3609,140.43449550227308,16,1,0,0,1.4415090992352546,0.2
3610,-48.43795229374855,200,0,0,1,2.2719357347422706,0.2
3611,207.47299737439405,29,1,0,0,1.382432401632725,0.2
3612,-50.0,1,0,1,0,5.954933740570646,0.2
3613,174.28250943271328,23,1,0,0,1.4349306162083764,0.2
3614,72.75756159628344,94,1,0,0,1.4912041966281278,0.2
3615,182.03672258822456,22,1,0,0,1.2422194319229878,0.2
3616,132.09683369959683,16,1,0,0,1.3195693821558832,0.2
3617,179.162822475555,26,1,0,0,1.4158321898663493,0.2
3618,154.50603828038751,23,1,0,0,1.4792320557642138,0.2
3619,148.55132838206254,21,1,0,0,1.2255161174362295,0.2
3620,177.84185803892206,28,1,0,0,1.390701075427139,0.2
3621,151.54280334854474,21,1,0,0,1.492420696246223,0.2
3622,135.49905731500996,25,1,0,0,1.4613213578651392,0.2
3623,237.68051984847727,48,1,0,0,1.2152747951633354,0.2
3624,105.7619869696841,3,1,0,0,1.3878494821271752,0.2
3625,184.85470877397887,24,1,0,0,1.408942820754535,0.2
3626,142.70004272796632,17,1,0,0,1.4097349397855234,0.2
3627,134.40002304310724,15,1,0,0,1.4062754240187154,0.2
3628,192.15886793834733,29,1,0,0,1.2744407123898185,0.2
3629,144.09116342548378,19,1,0,0,1.2507000630727991,0.2
3630,193.64437457877716,36,1,0,0,1.3802166946869332,0.2
3631,130.4614266585612,9,1,0,0,1.160506157787953,0.2
3632,184.82482648853852,22,1,0,0,1.264467819850298,0.2
3633,180.9012384591545,25,1,0,0,1.331631426973403,0.2
3634,236.7885819650065,42,1,0,0,1.4502156057864632,0.2
3635,169.86876154119335,24,1,0,0,1.3456460234516028,0.2
3636,155.41301155102465,22,1,0,0,1.2487993546084681,0.2
3637,183.44976635656656,26,1,0,0,1.3559272524954493,0.2
3638,113.64880118215493,8,1,0,0,1.4090911564118722,0.2
3639,211.41113245044247,37,1,0,0,1.3555613728689435,0.2
3640,170.63135178893552,20,1,0,0,1.1614639890864171,0.2
3641,181.94198807534752,23,1,0,0,1.2378510095601534,0.2
3642,148.37798214373169,19,1,0,0,1.4246373412607438,0.2
3643,179.18212526884003,79,1,0,0,1.4608072028503927,0.2
3644,162.51029924927138,21,1,0,0,1.2996823698432884,0.2
3645,163.35688324890253,22,1,0,0,1.246181701800237,0.2
3646,178.01955531484583,24,1,0,0,1.2041227749833507,0.2
3647,180.497512414922,28,1,0,0,1.205505528722431,0.2
3648,172.7600862610919,30,1,0,0,1.4532717278489187,0.2
3649,182.62986103328024,29,1,0,0,1.2879797529004664,0.2
3650,190.3362867131614,24,1,0,0,1.4054097611108598,0.2
3651,126.30854924861005,9,1,0,0,1.487102855515121,0.2
3652,142.0464955668748,20,1,0,0,1.4318169976839958,0.2
3653,199.6662823447653,30,1,0,0,1.413539655163956,0.2
3654,176.5235421890228,24,1,0,0,1.1462644721924335,0.2
3655,221.48095339816663,45,1,0,0,1.3953292425778623,0.2
3656,173.8083810369086,20,1,0,0,1.4005875373277672,0.2
3657,159.8078577025436,21,1,0,0,1.404897404215559,0.2
3658,197.06024123199217,30,1,0,0,1.4106910632884988,0.2
3659,185.9790437244091,33,1,0,0,1.3500277215020398,0.2
3660,191.913187134364,29,1,0,0,1.2590504089843442,0.2
3661,161.9156627956634,23,1,0,0,1.318115521412294,0.2
3662,179.50637769553748,22,1,0,0,1.2694913820725098,0.2
3663,175.2454207534923,25,1,0,0,1.337847435555366,0.2
3664,-87.28726811339283,200,0,0,1,1.9870596224678907,0.2
3665,154.21262995693564,22,1,0,0,1.2786928646859341,0.2
3666,241.15571691222814,47,1,0,0,1.3911065370294282,0.2
3667,236.3763675149461,45,1,0,0,1.492567227337134,0.2
3668,170.40026734754855,24,1,0,0,1.4006309377603339,0.2
3669,137.0184603337176,14,1,0,0,1.3252585184956,0.2
3670,146.19931272462398,17,1,0,0,1.498170863952152,0.2
3671,131.4720323147855,21,1,0,0,1.4911710345606024,0.2
3672,161.57230340872795,19,1,0,0,1.44424005426125,0.2
3673,192.01236657969042,53,1,0,0,1.4125824957923847,0.2
3674,224.08940391102493,46,1,0,0,1.4047763826262785,0.2
3675,118.4970857855717,6,1,0,0,1.451387914185316,0.2
3676,182.85391148270418,26,1,0,0,1.3218677589346683,0.2
3677,181.6838220183224,25,1,0,0,1.4974050848970388,0.2
3678,156.78981170924558,22,1,0,0,1.4085645936751,0.2
3679,166.52744661826685,27,1,0,0,1.3595182032748871,0.2
3680,-50.0,1,0,1,0,3.952084226373194,0.2
3681,-50.0,1,0,1,0,7.9293628695249145,0.2
3682,116.75834525425242,6,1,0,0,1.4219549761554853,0.2
3683,119.56883318009226,7,1,0,0,1.0872905078561557,0.2
3684,135.25511671770508,16,1,0,0,1.4142187593191888,0.2
3685,203.2261480438779,27,1,0,0,1.288536143225036,0.2
3686,240.6070773240994,41,1,0,0,1.295778572885835,0.2
3687,145.2101897483114,17,1,0,0,1.292048246864991,0.2
3688,170.34729381285786,26,1,0,0,1.4826591457036165,0.2
3689,154.63148365272812,19,1,0,0,1.4460577202529346,0.2
3690,119.77548391605028,44,1,0,0,1.3378316568473,0.2
3691,148.56562277109154,21,1,0,0,1.3700288675161314,0.2
3692,221.32758655082,47,1,0,0,1.3213780186653001,0.2
3693,107.20801124785295,3,1,0,0,1.4979829952316672,0.2
3694,165.81157304562507,26,1,0,0,1.1271267683727597,0.2
3695,107.50934283166868,14,1,0,0,1.3926402420274828,0.2
3696,187.459666866402,32,1,0,0,1.4232324034529513,0.2
3697,152.2436300273186,15,1,0,0,1.436252990713178,0.2
3698,160.63419157565954,18,1,0,0,1.4522124475792226,0.2
3699,177.26799749934787,20,1,0,0,1.3532507567319012,0.2
3700,176.7623094126422,27,1,0,0,1.3604235294210163,0.2
3701,179.66495653796446,23,1,0,0,1.4947931243746515,0.2
3702,186.86619885066827,27,1,0,0,1.2130158956738941,0.2
3703,184.42537852750672,27,1,0,0,1.221150029636401,0.2
3704,156.52507104791505,23,1,0,0,1.323354702950534,0.2
3705,139.23130493194634,12,1,0,0,1.383593543747568,0.2
3706,158.41508880171952,19,1,0,0,1.2725966706119682,0.2
3707,105.25156441709743,91,1,0,0,1.4377049965281612,0.2
3708,175.87364374790033,24,1,0,0,1.3301166940828337,0.2
3709,196.7335615282102,28,1,0,0,1.407322315843051,0.2
3710,206.00943217760084,40,1,0,0,1.2910738842940062,0.2
3711,183.09617365786232,22,1,0,0,1.4491289091633366,0.2
3712,204.92781319383965,24,1,0,0,1.4692801916454272,0.2
3713,140.44992280706435,15,1,0,0,1.4422908378011157,0.2
3714,200.09603136118636,32,1,0,0,1.3851981036222787,0.2
3715,218.89730206413861,39,1,0,0,1.3331390636660567,0.2
3716,133.85991431213355,13,1,0,0,1.3670416059464001,0.2
3717,191.56750641847532,24,1,0,0,1.3352042401503323,0.2
3718,190.12354963823384,28,1,0,0,1.3910425977155925,0.2
3719,207.90267240710148,34,1,0,0,1.3792838173195485,0.2
3720,158.73745527953923,26,1,0,0,1.338511041221553,0.2
3721,164.42213776521808,27,1,0,0,1.3044892571595508,0.2
3722,142.50429440418839,15,1,0,0,1.3516690536387392,0.2
3723,204.67148847988526,28,1,0,0,1.4162620001166757,0.2
3724,196.0162959479169,32,1,0,0,1.4158203682623898,0.2
3725,195.99699903848125,29,1,0,0,1.1463536176313558,0.2
3726,168.81764071461194,23,1,0,0,1.489172466351823,0.2
3727,175.99128984753233,23,1,0,0,1.3684565067119157,0.2
3728,175.26766599895677,22,1,0,0,1.3813586747185438,0.2
3729,151.86475161609047,13,1,0,0,1.2418395254451289,0.2
3730,159.68985838408358,20,1,0,0,1.4900958621499303,0.2
3731,164.29058268366757,19,1,0,0,1.4783324358415,0.2
3732,175.05960225469025,21,1,0,0,1.4143095810262816,0.2
3733,176.25211467305988,23,1,0,0,1.4918593052505833,0.2
3734,180.80314910885483,21,1,0,0,1.3216900391601645,0.2
3735,157.75742615438404,19,1,0,0,1.3405798198580343,0.2
3736,171.57447657095264,20,1,0,0,1.211537579382279,0.2
3737,167.81542092432244,35,1,0,0,1.3411526188805727,0.2
3738,145.62199898294313,22,1,0,0,1.3113459597208308,0.2
3739,177.1497895610239,28,1,0,0,1.3539360802240628,0.2
3740,223.9844928470045,39,1,0,0,1.310913514152882,0.2
3741,135.03757058411065,26,1,0,0,1.2390361647243398,0.2
3742,153.71268304800006,14,1,0,0,1.1199766311686237,0.2
3743,156.4571277268469,20,1,0,0,1.4782696061375873,0.2
3744,162.93348179100113,28,1,0,0,1.3547990658293165,0.2
3745,134.5432443231845,13,1,0,0,1.4756593637558473,0.2
3746,127.78314179699231,14,1,0,0,1.4611892909743307,0.2
3747,136.23782209136368,13,1,0,0,1.2743420799383287,0.2
3748,189.58005608688774,30,1,0,0,1.352406764199192,0.2
3749,177.19462134646682,47,1,0,0,1.4330304572688288,0.2
3750,109.047111967651,5,1,0,0,1.290634789651769,0.2
3751,247.689806410877,55,1,0,0,1.3626632701509622,0.2
3752,152.41946628497942,21,1,0,0,1.3777299494863875,0.2
3753,221.27688001975253,39,1,0,0,1.2706485853062264,0.2
3754,173.58290239122732,23,1,0,0,1.4841342621865623,0.2
3755,203.12264695161815,26,1,0,0,1.4121024550399341,0.2
3756,200.84875666968622,35,1,0,0,1.2847046817196481,0.2
3757,165.23906461423735,18,1,0,0,1.2156945803803898,0.2
3758,139.80900982804505,19,1,0,0,1.4154024994364363,0.2
3759,154.4432115522501,15,1,0,0,1.4667950252119708,0.2
3760,182.68595398373108,23,1,0,0,1.3543753726634764,0.2
3761,147.11664512049262,19,1,0,0,1.3905942567728027,0.2
3762,164.92502074792412,34,1,0,0,1.4691876377437454,0.2
3763,155.05430812926903,19,1,0,0,1.2607621303779997,0.2
3764,180.30305646767528,21,1,0,0,1.3346256961875482,0.2
3765,151.07981493675388,20,1,0,0,1.4492387613850728,0.2
3766,175.8537958933764,25,1,0,0,1.4144676803964158,0.2
3767,195.7165244540579,26,1,0,0,1.3899282003254005,0.2
3768,186.2423405423467,27,1,0,0,1.3140323255985586,0.2
3769,214.3612242567675,42,1,0,0,1.2751744945401327,0.2
3770,210.03634506698856,28,1,0,0,1.2211092458380763,0.2
3771,159.759287968601,25,1,0,0,1.3828392996070684,0.2
3772,207.391552641774,27,1,0,0,1.2324262050845376,0.2
3773,166.79116411834352,27,1,0,0,1.3836243292918156,0.2
3774,202.01150780102546,40,1,0,0,1.338919175936316,0.2
3775,125.12002657120938,9,1,0,0,1.4710647583778131,0.2
3776,210.6004046759801,33,1,0,0,1.3856497601934512,0.2
3777,184.3126390007501,32,1,0,0,1.3434911932189848,0.2
3778,182.09016602602404,23,1,0,0,1.0807230674483719,0.2
3779,196.94833228693838,24,1,0,0,1.139742691802816,0.2
3780,161.89746043334284,24,1,0,0,1.3299409515854315,0.2
3781,142.94795896033088,19,1,0,0,1.33443907073867,0.2
3782,159.21427977898492,17,1,0,0,1.4819875092625665,0.2
3783,183.55698360484394,27,1,0,0,1.4481912958220402,0.2
3784,192.25525518613352,31,1,0,0,1.3241033302872027,0.2
3785,142.3570621974867,13,1,0,0,1.3915580315723108,0.2
3786,225.0861039713589,46,1,0,0,1.4795501414251924,0.2
3787,199.29114336768507,35,1,0,0,1.339638485141262,0.2
3788,167.0436477046536,19,1,0,0,1.384476156585637,0.2
3789,143.91647928056602,16,1,0,0,1.3216294243112248,0.2
3790,154.5205040758801,18,1,0,0,1.459553167723817,0.2
3791,214.31490361254606,28,1,0,0,1.407492647698488,0.2
3792,165.67678810072348,19,1,0,0,1.470543165571812,0.2
3793,106.78518042000432,3,1,0,0,1.1636741014348682,0.2
3794,182.29945496475713,28,1,0,0,1.3278680569444044,0.2
3795,134.28360578965564,13,1,0,0,1.2139704364738513,0.2
3796,153.26862695042223,21,1,0,0,1.4775489320813926,0.2
3797,195.42569887130998,34,1,0,0,1.3731284589507529,0.2
3798,173.85278861246866,20,1,0,0,1.381463821034227,0.2
3799,160.739820031398,25,1,0,0,1.3249993904951638,0.2
3800,167.21183529774584,32,1,0,0,1.3786684970231013,0.2
3801,255.09867613873672,50,1,0,0,1.440095762429548,0.2
3802,162.50368309053732,20,1,0,0,1.32200929708844,0.2
3803,157.3050654690656,19,1,0,0,1.291324446439906,0.2
3804,148.11395327692117,13,1,0,0,1.069247423577484,0.2
3805,186.8440896750003,25,1,0,0,1.3029330812658135,0.2
3806,-50.0,1,0,1,0,2.9982188146216684,0.2
3807,-50.0,1,0,1,0,6.058739077229242,0.2
3808,182.88881547641245,28,1,0,0,1.4724619584070717,0.2
3809,182.4773646637446,24,1,0,0,1.3566155724708349,0.2
3810,169.20563263927852,22,1,0,0,1.3673234006659931,0.2
3811,182.8273975094861,23,1,0,0,1.4891297664133036,0.2
3812,214.4168661932277,31,1,0,0,1.471387958324147,0.2
3813,157.09526081742268,23,1,0,0,1.4418068698452666,0.2
3814,173.11902433358483,22,1,0,0,1.2912790560695184,0.2
3815,186.292956237265,28,1,0,0,1.2927534810591388,0.2
3816,160.3076317262159,18,1,0,0,1.4871071531342142,0.2
3817,123.89102887106947,17,1,0,0,1.2703499035766348,0.2
3818,-52.66054996287512,200,0,0,1,2.44232728277744,0.2
3819,189.3813707846938,24,1,0,0,1.409586904571264,0.2
3820,213.72645410172856,30,1,0,0,1.4229356010191543,0.2
3821,208.12170161311144,28,1,0,0,1.4701790669175365,0.2
3822,164.62310114059045,27,1,0,0,1.4445684793532003,0.2
3823,162.58519850228447,22,1,0,0,1.4299830036663503,0.2
3824,157.03792470987528,21,1,0,0,1.4568447425841802,0.2
3825,123.3877989054673,21,1,0,0,1.46965118280011,0.2
3826,167.0649567554779,22,1,0,0,1.3921549592938995,0.2
3827,164.69049377761294,22,1,0,0,1.2853191207981831,0.2
3828,248.5941052673187,58,1,0,0,1.2858834621636028,0.2
3829,155.96302721645156,18,1,0,0,1.251745764795158,0.2
3830,184.51974367637192,28,1,0,0,1.3864028020611237,0.2
3831,-50.0,1,0,1,0,7.250852074026084,0.2
3832,169.27222631785153,31,1,0,0,1.3003873575410685,0.2
3833,157.79059956327933,21,1,0,0,1.259259667656572,0.2
3834,250.9956575618422,134,1,0,0,1.477888745815751,0.2
3835,142.78466080022102,13,1,0,0,1.3353230404089733,0.2
3836,208.00245211251936,41,1,0,0,1.2097192973427813,0.2
3837,150.6251963600384,15,1,0,0,1.2195000635743676,0.2
3838,188.84754489324484,31,1,0,0,1.3090106004120559,0.2
3839,189.223668652441,27,1,0,0,1.3797346889843807,0.2
3840,159.5308658454613,23,1,0,0,1.1916510370884528,0.2
3841,150.49304468405182,22,1,0,0,1.131719047874461,0.2
3842,207.5548959130509,43,1,0,0,1.3930116472021576,0.2
3843,158.63603004333254,19,1,0,0,1.1536702583438074,0.2
3844,179.1188360537775,26,1,0,0,1.371432551216879,0.2
3845,141.5972257370729,14,1,0,0,1.3204414660986163,0.2
3846,147.0697654062836,18,1,0,0,1.483745052791397,0.2
3847,136.87075985170844,12,1,0,0,1.2707484733317829,0.2
3848,155.75698881383934,23,1,0,0,1.3323573674053946,0.2
3849,172.05015385712392,22,1,0,0,1.3730533073928766,0.2
3850,197.76790653034607,25,1,0,0,1.2581130602208273,0.2
3851,162.43038106417023,18,1,0,0,1.2741231981745527,0.2
3852,124.06524644115567,9,1,0,0,1.297224755733905,0.2
3853,198.77808326059375,27,1,0,0,1.4614977013676569,0.2
3854,178.41395000951297,26,1,0,0,1.2403598028486342,0.2
3855,200.5071393850576,153,1,0,0,1.4869416360206056,0.2
3856,186.9179209357007,31,1,0,0,1.3995506528464663,0.2
3857,143.3330872419903,17,1,0,0,1.2412672202078725,0.2
3858,173.66194301803586,24,1,0,0,1.4732477776745854,0.2
3859,134.180625523634,15,1,0,0,1.4074437089999117,0.2
3860,130.55404439530986,40,1,0,0,1.311064403277082,0.2
3861,168.24129205628952,23,1,0,0,1.2138862462640783,0.2
3862,153.53305123417522,22,1,0,0,1.3124912652960015,0.2
3863,104.51612418525565,5,1,0,0,1.3723776061769815,0.2
3864,150.04526899210884,21,1,0,0,1.432906756095811,0.2
3865,185.7825657010347,29,1,0,0,1.4096456717244141,0.2
3866,161.45537611731115,18,1,0,0,1.4051607864592237,0.2
3867,131.3769824605007,15,1,0,0,1.4887071242988004,0.2
3868,194.40038191601832,30,1,0,0,1.2482620554287212,0.2
3869,245.402275100835,53,1,0,0,1.4952055310021621,0.2
3870,191.06162331183532,29,1,0,0,1.3089809482998789,0.2
3871,186.5590747425642,23,1,0,0,1.3734487504661048,0.2
3872,137.87131417025557,19,1,0,0,1.2080580758999806,0.2
3873,266.6677420502633,55,1,0,0,1.2598777170363649,0.2
3874,220.15694842017757,43,1,0,0,1.4984875487987601,0.2
3875,130.97732865998466,19,1,0,0,1.4735230471150027,0.2
3876,189.20609656086054,26,1,0,0,1.4469235670345753,0.2
3877,167.4989834050902,22,1,0,0,1.3020490369118778,0.2
3878,193.17931855763808,24,1,0,0,1.331487924171154,0.2
3879,184.5041062454174,37,1,0,0,1.339231368323368,0.2
3880,195.80193486294485,33,1,0,0,1.2491540018875484,0.2
3881,231.40580937887387,42,1,0,0,1.4256229370499462,0.2
3882,133.87795730709112,24,1,0,0,1.452758741250246,0.2
3883,147.03564313034113,26,1,0,0,1.1372587998767294,0.2
3884,185.03935019003652,25,1,0,0,1.0942897795030304,0.2
3885,195.06766941320183,25,1,0,0,1.4358923724458317,0.2
3886,162.85690150926942,20,1,0,0,1.2587474824350102,0.2
3887,170.6256529680498,24,1,0,0,1.311624704797357,0.2
3888,224.25418553401562,46,1,0,0,1.1809232053229908,0.2
3889,171.8657770923698,21,1,0,0,1.3531446031660022,0.2
3890,193.37786813642884,29,1,0,0,1.4882780061093217,0.2
3891,165.58216387078585,25,1,0,0,1.3030509324007622,0.2
3892,149.6760576040431,18,1,0,0,1.3339533367204304,0.2
3893,175.05545645635323,21,1,0,0,1.1708054486258963,0.2
3894,162.59646181466022,21,1,0,0,1.304485100517255,0.2
3895,181.00614820354616,25,1,0,0,1.2765768371226043,0.2
3896,148.8298360280262,19,1,0,0,1.1823349842515736,0.2
3897,254.29710962511393,53,1,0,0,1.3536889873397406,0.2
3898,26.573065292764543,200,0,0,1,2.4995189368390265,0.2
3899,147.35696732200654,15,1,0,0,1.2402729829420762,0.2
3900,158.9058521372021,21,1,0,0,1.3373624403724504,0.2
3901,163.08214643407544,20,1,0,0,1.4679893922816791,0.2
3902,147.50741796429597,16,1,0,0,1.3933567386510155,0.2
3903,207.45855977956012,31,1,0,0,1.106606446582358,0.2
3904,158.2634876747007,22,1,0,0,1.2339787574505015,0.2
3905,189.5639576346244,22,1,0,0,1.4584042895765243,0.2
3906,164.17262747923272,23,1,0,0,1.3981468349919057,0.2
3907,160.17578470442686,18,1,0,0,1.4557785519501616,0.2
3908,145.67141806220297,16,1,0,0,1.3423881997969398,0.2
3909,-50.0,1,0,1,0,7.634995188478176,0.2
3910,164.57111094381958,33,1,0,0,1.262851897115334,0.2
3911,170.74915009644747,23,1,0,0,1.3362049390391215,0.2
3912,231.09786101487092,42,1,0,0,1.3800077750868665,0.2
3913,240.02826348472075,40,1,0,0,1.316702353647736,0.2
3914,166.99247620722656,24,1,0,0,1.3681862522758261,0.2
3915,156.91641064158173,20,1,0,0,1.4978464338429984,0.2
3916,184.4130718460404,29,1,0,0,1.2526452270130057,0.2
3917,154.85904125609284,19,1,0,0,1.473776422013491,0.2
3918,187.40363520124794,30,1,0,0,1.3513327719532322,0.2
3919,125.35354844841214,8,1,0,0,1.4887842895798442,0.2
3920,181.1940929640426,29,1,0,0,1.2531863150045193,0.2
3921,159.55250059597165,25,1,0,0,1.401314348726264,0.2
3922,180.8227894677045,27,1,0,0,1.2765478439738964,0.2
3923,166.97084870661138,25,1,0,0,1.3292905510093078,0.2
3924,147.55006647045155,17,1,0,0,1.3587340701343151,0.2
3925,183.92583310805924,21,1,0,0,1.3372580847525826,0.2
3926,126.63903459108738,15,1,0,0,1.4044514685580802,0.2
3927,115.96728332611262,14,1,0,0,1.426005561135234,0.2
3928,151.82952099396707,15,1,0,0,1.3585846468515819,0.2
3929,160.92629998564627,24,1,0,0,1.2581773785963637,0.2
3930,200.5940633041002,28,1,0,0,1.3512901737341403,0.2
3931,142.83449053020428,16,1,0,0,1.3242621955763576,0.2
3932,168.55158532879645,55,1,0,0,1.464603095242666,0.2
3933,168.51668092909998,21,1,0,0,1.4876030627712498,0.2
3934,143.19219437148146,17,1,0,0,1.385109035796179,0.2
3935,181.6306612972161,25,1,0,0,1.4437573294891095,0.2
3936,167.7251965623921,26,1,0,0,1.329554606503586,0.2
3937,187.07593167071846,34,1,0,0,1.3315669288802203,0.2
3938,121.3669146964612,14,1,0,0,1.436609274779657,0.2
3939,171.01768267537165,19,1,0,0,1.4014592419495522,0.2
3940,179.9491428817988,22,1,0,0,1.2984330621388787,0.2
3941,152.20611715570595,20,1,0,0,1.4071129919345713,0.2
3942,174.3471001167624,23,1,0,0,1.400246163534999,0.2
3943,203.5876495862549,41,1,0,0,1.4596168464057955,0.2
3944,174.74822827448392,28,1,0,0,1.431904144348941,0.2
3945,169.62672283685203,27,1,0,0,1.3934046347489162,0.2
3946,174.22005181121415,31,1,0,0,1.3071608331659035,0.2
3947,167.26454815479337,24,1,0,0,1.3259934786862395,0.2
3948,143.2754498696509,17,1,0,0,1.43908689643446,0.2
3949,142.57991627468095,15,1,0,0,1.2457711576728405,0.2
3950,213.1253447490821,31,1,0,0,1.2266116720008466,0.2
3951,175.27251476936215,27,1,0,0,1.4672514271219292,0.2
3952,181.97615041387328,24,1,0,0,1.2130170548377028,0.2
3953,177.26119387082883,24,1,0,0,1.339883314343572,0.2
3954,167.13510085812985,26,1,0,0,1.419059231060441,0.2
3955,201.37681495610704,31,1,0,0,1.2682454973100683,0.2
3956,153.0736241801555,15,1,0,0,1.4151722874482293,0.2
3957,247.67823320066412,53,1,0,0,1.138866861227213,0.2
3958,121.43230428062377,9,1,0,0,1.1547333548151733,0.2
3959,197.65864501616454,34,1,0,0,1.4298049836995623,0.2
3960,191.88938074792492,34,1,0,0,1.3018326668590736,0.2
3961,158.24998018564094,38,1,0,0,1.4848331440727545,0.2
3962,198.40596046083067,35,1,0,0,1.184842405971078,0.2
3963,150.339728004653,25,1,0,0,1.4700581771466057,0.2
3964,175.8058332877195,21,1,0,0,1.4410168581264087,0.2
3965,122.00989330539105,9,1,0,0,1.3370037863929338,0.2
3966,202.81732529663424,33,1,0,0,1.2643678234163707,0.2
3967,185.13634912485142,26,1,0,0,1.4786976539919265,0.2
3968,163.3659788220726,22,1,0,0,1.3249494077027963,0.2
3969,162.02702206843514,17,1,0,0,1.4342448060259991,0.2
3970,176.12466325267854,27,1,0,0,1.2532815773435126,0.2
3971,176.24667499959344,25,1,0,0,1.4743101375867522,0.2
3972,206.83796984580675,29,1,0,0,1.4542697337087664,0.2
3973,179.7648298807291,22,1,0,0,1.3095854602784496,0.2
3974,177.89134664513648,24,1,0,0,1.3551330957027243,0.2
3975,143.41564235491757,16,1,0,0,1.2454146075411894,0.2
3976,119.9466636518718,13,1,0,0,1.2608652573558776,0.2
3977,189.50113420250096,28,1,0,0,1.2921244463153874,0.2
3978,183.2090932740951,28,1,0,0,1.363023860020917,0.2
3979,267.61290682201593,64,1,0,0,1.2469226214782239,0.2
3980,172.30823712037719,24,1,0,0,1.3338594013693117,0.2
3981,150.7295024799817,16,1,0,0,1.3172997778915163,0.2
3982,-50.0,1,0,1,0,2.9782533818087256,0.2
3983,158.21286655868067,17,1,0,0,1.0810305758490184,0.2
3984,192.68299284403292,27,1,0,0,1.3222485193244653,0.2
3985,167.94485823843928,28,1,0,0,1.3653749401104405,0.2
3986,160.19483467955263,19,1,0,0,1.47048722606569,0.2
3987,164.79228199008128,22,1,0,0,1.319091789737668,0.2
3988,199.4178141713908,28,1,0,0,1.2703409176002471,0.2
3989,189.2716850139692,28,1,0,0,1.406392335436534,0.2
3990,261.26574155764973,57,1,0,0,1.2244522711656831,0.2
3991,197.41360606195252,27,1,0,0,1.4776208367003876,0.2
3992,132.95346488496205,15,1,0,0,1.492425996208815,0.2
3993,158.0028645986426,25,1,0,0,1.4614940530952782,0.2
3994,130.10010790074983,11,1,0,0,1.3435284131269656,0.2
3995,144.14122315893894,18,1,0,0,1.3879224407478132,0.2
3996,-33.90714509623072,5,0,1,0,7.685030779700381,0.2
3997,129.47204456873368,53,1,0,0,1.4720121683127083,0.2
3998,151.96114487531256,18,1,0,0,1.342264021370254,0.2
3999,117.62083363419084,13,1,0,0,1.3990645828575765,0.2
4000,187.60546484626119,24,1,0,0,1.114965256219137,0.2
4001,195.48907803637314,38,1,0,0,1.240611350429789,0.2
4002,168.42857246922276,19,1,0,0,1.4941342707318777,0.2
4003,143.5458338208973,15,1,0,0,1.2877855229413402,0.2
4004,173.02606930789926,19,1,0,0,1.3089320302053444,0.2
4005,181.2538581827804,31,1,0,0,1.3291156637274233,0.2
4006,161.44210707157387,19,1,0,0,1.2906148978066159,0.2
4007,204.33618968813715,37,1,0,0,1.276930393017143,0.2
4008,171.1069602095297,23,1,0,0,1.4493672769239765,0.2
4009,186.84198399084934,27,1,0,0,1.2786721146561695,0.2
4010,171.9269517331896,20,1,0,0,1.186504057680002,0.2
4011,169.507169049305,26,1,0,0,1.297942568475559,0.2
4012,165.1027359938946,25,1,0,0,1.42458001376784,0.2
4013,188.70119381140984,25,1,0,0,1.3961202939246733,0.2
4014,165.2920389691887,22,1,0,0,1.4481127730527998,0.2
4015,202.58275979075842,36,1,0,0,1.265184570736247,0.2
4016,163.16377536043663,26,1,0,0,1.3944897697212315,0.2
4017,178.44845667257573,24,1,0,0,1.287474260303819,0.2
4018,172.08754834365425,18,1,0,0,1.3254897400669365,0.2
4019,170.88691342155965,21,1,0,0,1.4810700193371902,0.2
4020,162.45199305792198,20,1,0,0,1.1360563118707467,0.2
4021,179.42708453856,33,1,0,0,1.3271872509140774,0.2
4022,155.1200011053798,17,1,0,0,1.3734047531054252,0.2
4023,175.9584774784666,25,1,0,0,1.411435351233813,0.2
4024,146.51863228785777,15,1,0,0,1.2316389265033012,0.2
4025,165.23927162613768,23,1,0,0,1.1323712812740705,0.2
4026,171.22006310305022,23,1,0,0,1.2967693889296805,0.2
4027,178.72166781563988,28,1,0,0,1.3219358722370973,0.2
4028,177.25796680163836,28,1,0,0,1.4148232306250288,0.2
4029,171.53567732554328,23,1,0,0,1.376448972600327,0.2
4030,190.51391974161237,31,1,0,0,1.261795871710783,0.2
4031,0.7338646429156135,200,0,0,1,2.6492580234273633,0.2
4032,166.10303277373367,20,1,0,0,1.490514288155907,0.2
4033,100.0,1,1,0,0,1.131029843506349,0.2
4034,158.30542164378926,21,1,0,0,1.1643150688051085,0.2
4035,172.7956687632237,21,1,0,0,1.4099828177928426,0.2
4036,232.97686093477517,41,1,0,0,1.468865585086442,0.2
4037,161.44330110587498,21,1,0,0,1.4588157948766407,0.2
4038,116.61809244672452,8,1,0,0,1.4836133584274023,0.2
4039,137.07072230871503,52,1,0,0,1.2019069289908149,0.2
4040,172.48777676066936,25,1,0,0,1.4387379199930996,0.2
4041,177.1961899755019,21,1,0,0,1.487386782596291,0.2
4042,161.3148820440381,21,1,0,0,1.3788752328635063,0.2
4043,109.47413525119842,5,1,0,0,1.308350015966563,0.2
4044,124.47774663893335,8,1,0,0,1.4552853250734306,0.2
4045,133.24607408994197,13,1,0,0,1.3573527951143514,0.2
4046,219.08219165509752,37,1,0,0,1.3382079470645099,0.2
4047,175.66344743088615,27,1,0,0,1.366880968758422,0.2
4048,152.4969082354014,20,1,0,0,1.2014297156396694,0.2
4049,194.17245509477638,31,1,0,0,1.4186119433678757,0.2
4050,228.88061029257327,50,1,0,0,1.3328942829701942,0.2
4051,138.2032106229718,13,1,0,0,1.2628961874555322,0.2
4052,204.18678237206956,29,1,0,0,1.3430299262687564,0.2
4053,175.37248264680062,20,1,0,0,1.3124242815918405,0.2
4054,216.23395059743422,28,1,0,0,1.2331983537280335,0.2
4055,191.55411016242454,30,1,0,0,1.317388019979318,0.2
4056,164.50852208588196,20,1,0,0,1.2418362435504182,0.2
4057,200.47994689431033,37,1,0,0,1.2607496112574141,0.2
4058,114.89327174755951,8,1,0,0,1.2875155266276737,0.2
4059,138.8556785511578,62,1,0,0,1.4251483160294736,0.2
4060,128.58576175397562,13,1,0,0,1.0544693078151526,0.2
4061,223.54344692708514,41,1,0,0,1.312206937147442,0.2
4062,131.66976823669924,13,1,0,0,1.303216065155977,0.2
4063,177.4036404153374,24,1,0,0,1.2593493447733,0.2
4064,180.12684748592278,33,1,0,0,1.3594858351069623,0.2
4065,170.0092496510407,23,1,0,0,1.4598235218786373,0.2
4066,198.94417705887673,23,1,0,0,1.200225787678093,0.2
4067,188.28233923502216,28,1,0,0,1.4063631180999618,0.2
4068,162.08639215962285,25,1,0,0,1.147231473728948,0.2
4069,143.29759414076344,17,1,0,0,1.4100712477674517,0.2
4070,-50.0,1,0,1,0,3.556908533453818,0.2
4071,212.08911281129633,29,1,0,0,1.472489485758948,0.2
4072,166.29410367678673,24,1,0,0,1.3065246265741766,0.2
4073,230.99411079444516,41,1,0,0,1.1964756902571931,0.2
4074,184.0346530915527,23,1,0,0,1.432930867266084,0.2
4075,188.35278830202387,27,1,0,0,1.245232484816001,0.2
4076,169.27682000292043,20,1,0,0,1.2680854335161358,0.2
4077,180.15524422267882,25,1,0,0,1.4140466562117018,0.2
4078,189.12336745806314,25,1,0,0,1.3523017214046522,0.2
4079,137.99387956911255,13,1,0,0,1.3205855940255768,0.2
4080,154.03946385772846,22,1,0,0,1.4017985872926517,0.2
4081,195.61457717225596,30,1,0,0,1.458048331879256,0.2
4082,165.33572112305575,25,1,0,0,1.2700512007829248,0.2
4083,122.5306590432538,8,1,0,0,1.480320014367929,0.2
4084,169.0103581880159,20,1,0,0,1.3249410027611093,0.2
4085,220.7800965253839,39,1,0,0,1.4253846805374595,0.2
4086,169.86578495155555,22,1,0,0,1.3928072643402074,0.2
4087,173.78028035075488,29,1,0,0,1.4413737528904067,0.2
4088,173.66180397309807,21,1,0,0,1.184467801273907,0.2
4089,163.8539334234809,28,1,0,0,1.2583581124798209,0.2
4090,144.57371029387414,16,1,0,0,1.4901700088794612,0.2
4091,148.70557361901592,17,1,0,0,1.4060771981464857,0.2
4092,170.04750349234112,19,1,0,0,1.4079323794908791,0.2
4093,184.67437881737092,26,1,0,0,1.240175892690624,0.2
4094,191.73628630384735,33,1,0,0,1.4743656166376995,0.2
4095,162.34509010898017,20,1,0,0,1.2000055565352241,0.2
4096,166.49038318802667,20,1,0,0,1.2246695204656612,0.2
4097,149.24708166034884,19,1,0,0,1.381785171391603,0.2
4098,166.00678405239321,20,1,0,0,1.2135779165872316,0.2
4099,138.0403747697088,17,1,0,0,1.1918324104002322,0.2
4100,167.25697020450946,18,1,0,0,1.4873586157481242,0.2
4101,-24.47443973945076,9,0,1,0,3.6469663369848564,0.2
4102,125.06879000135976,12,1,0,0,1.340934367723554,0.2
4103,-50.0,1,0,1,0,6.051122803218386,0.2
4104,165.78399684757966,21,1,0,0,1.4337293445875094,0.2
4105,165.58739239913635,22,1,0,0,1.1693847126483408,0.2
4106,142.5875654088041,19,1,0,0,1.4982159742841454,0.2
4107,181.01940463320932,25,1,0,0,1.3668230970103121,0.2
4108,179.83733357940378,22,1,0,0,1.4808687921196653,0.2
4109,179.36517438699713,23,1,0,0,1.430732515321063,0.2
4110,-50.0,1,0,1,0,5.093387004903607,0.2
4111,143.85391330267382,18,1,0,0,1.2658341563863558,0.2
4112,151.21269670120026,17,1,0,0,1.1565750120508083,0.2
4113,212.29484098406056,41,1,0,0,1.331065114651606,0.2
4114,175.5117421584222,28,1,0,0,1.4948297282617613,0.2
4115,167.14977986301295,24,1,0,0,1.3877896616566752,0.2
4116,170.11182710006418,25,1,0,0,1.3323662934354497,0.2
4117,178.00740254019823,24,1,0,0,1.4404464064485671,0.2
4118,159.02035519001845,21,1,0,0,1.3057391334761441,0.2
4119,197.06957942362766,29,1,0,0,1.3204785235789045,0.2
4120,152.3053175411028,19,1,0,0,1.4379637336291884,0.2
4121,149.654035787864,17,1,0,0,1.4690858393239452,0.2
4122,155.06531131564861,29,1,0,0,1.3220668815999188,0.2
4123,154.58191346534588,21,1,0,0,1.1148769950361002,0.2
4124,148.44563345699626,21,1,0,0,1.3498654949755018,0.2
4125,177.97094664923088,23,1,0,0,1.4859456570267138,0.2
4126,149.88750901432846,15,1,0,0,1.4467688209000824,0.2
4127,122.4095797337112,8,1,0,0,1.4462959072071895,0.2
4128,96.19221457823289,8,1,0,0,1.3793776631303492,0.2
4129,167.21448166954826,28,1,0,0,1.3462135836857112,0.2
4130,217.98859343061687,42,1,0,0,1.1095929795920025,0.2
4131,145.5005075278403,19,1,0,0,1.3545940058928232,0.2
4132,147.7945007866663,24,1,0,0,1.130657086328227,0.2
4133,100.0,1,1,0,0,0.9731887993917099,0.2
4134,135.96016937841728,13,1,0,0,1.462902894185947,0.2
4135,203.0048280569257,28,1,0,0,1.342180688951784,0.2
4136,163.9448721022654,25,1,0,0,1.3994931346796289,0.2
4137,186.58611704879274,28,1,0,0,1.437668936234783,0.2
4138,197.70126543381312,26,1,0,0,1.4141456361766451,0.2
4139,181.64646130094692,24,1,0,0,1.2232673156617417,0.2
4140,203.1608172322838,38,1,0,0,1.2469676570817068,0.2
4141,110.04836599929277,4,1,0,0,1.319547335181452,0.2
4142,148.49490330974763,15,1,0,0,1.4286331070844087,0.2
4143,176.24330801981407,21,1,0,0,1.3311408365403925,0.2
4144,33.818597785097296,28,0,1,0,1.7474115179877123,0.2
4145,177.9685567683797,30,1,0,0,1.3550520615672619,0.2
4146,153.05087527395196,19,1,0,0,1.4386827831425566,0.2
4147,166.88833451665232,20,1,0,0,1.4289358547003963,0.2
4148,142.15649454729996,16,1,0,0,1.4750381679856148,0.2
4149,214.70183712519056,39,1,0,0,1.4999720794738107,0.2
4150,233.36869377820045,44,1,0,0,1.4570933565895283,0.2
4151,194.9725461764599,34,1,0,0,1.2520818351666816,0.2
4152,204.93853999903578,35,1,0,0,1.3967611868924708,0.2
4153,160.28420828660632,17,1,0,0,1.356393403690049,0.2
4154,177.06623295409952,25,1,0,0,1.21307840729322,0.2
4155,164.6071101064547,27,1,0,0,1.2334599443488619,0.2
4156,140.61946010040205,18,1,0,0,1.4598177652397015,0.2
4157,158.65420092522402,19,1,0,0,1.1174991608254863,0.2
4158,191.13132520997104,25,1,0,0,1.2570638148649995,0.2
4159,188.06894897887474,22,1,0,0,1.42416323941096,0.2
4160,156.19904055954146,16,1,0,0,1.4062804419967843,0.2
4161,169.86631903912172,20,1,0,0,1.328820441363153,0.2
4162,162.42438666467064,18,1,0,0,1.3238755922211423,0.2
4163,182.38488229019438,23,1,0,0,1.3156516437036248,0.2
4164,173.295980226569,26,1,0,0,1.2370243616709686,0.2
4165,154.10726116969005,16,1,0,0,1.0753121805856722,0.2
4166,160.98437608964758,24,1,0,0,1.2856579651845677,0.2
4167,199.39520846781696,37,1,0,0,1.442025370023564,0.2
4168,179.51993289598818,25,1,0,0,1.4634687955328167,0.2
4169,180.50337578483456,24,1,0,0,1.3271608090530602,0.2
4170,186.98062718795228,26,1,0,0,1.2757161572169218,0.2
4171,109.58194639482299,4,1,0,0,1.4462374311402761,0.2
4172,146.74600147213806,20,1,0,0,1.4798061202297121,0.2
4173,158.18446241947095,29,1,0,0,1.4500677412812928,0.2
4174,192.2021223975105,23,1,0,0,1.2888321342429376,0.2
4175,122.27606356824913,15,1,0,0,1.4292542180129937,0.2
4176,244.35786725718657,50,1,0,0,1.4309527972710057,0.2
4177,180.97496552355773,21,1,0,0,1.317763970936352,0.2
4178,-50.0,1,0,1,0,5.311090995212648,0.2
4179,159.0135748150483,22,1,0,0,1.4587714023397402,0.2
4180,223.26547460120122,34,1,0,0,1.2265282156500463,0.2
4181,178.5008126940929,23,1,0,0,1.3245362660793394,0.2
4182,159.80168565540907,22,1,0,0,1.2706841703360081,0.2
4183,189.0130199754283,25,1,0,0,1.422030408051023,0.2
4184,134.8113593496461,13,1,0,0,1.4312695710852645,0.2
4185,184.03568507786707,28,1,0,0,1.2883468680527532,0.2
4186,182.26773284014848,25,1,0,0,1.3329292162005943,0.2
4187,190.5264812573683,28,1,0,0,1.4950583052375066,0.2
4188,241.792956012232,49,1,0,0,1.377898380038782,0.2
4189,229.86434456602535,43,1,0,0,1.3612786700286676,0.2
4190,140.51569751239757,17,1,0,0,1.2974178231597473,0.2
4191,148.3950027873937,18,1,0,0,1.2979531003573372,0.2
4192,129.71595935786962,10,1,0,0,1.406743075791216,0.2
4193,186.25080627408605,24,1,0,0,1.235633271557536,0.2
4194,176.2933116629376,25,1,0,0,1.4171736593603177,0.2
4195,177.56159629439304,22,1,0,0,1.0995039170074994,0.2
4196,-50.0,1,0,1,0,4.947120867120304,0.2
4197,142.9004775695797,12,1,0,0,1.4298419991403717,0.2
4198,187.31778431825302,31,1,0,0,1.346984929489144,0.2
4199,117.84261029644266,15,1,0,0,1.3008485767636346,0.2
4200,178.567903590819,18,1,0,0,1.103079181623729,0.2
4201,165.20268809037535,25,1,0,0,1.484844894432123,0.2
4202,-26.465258642550257,9,0,1,0,5.233168933665614,0.2
4203,147.70674679722734,19,1,0,0,1.419179659867487,0.2
4204,184.7383812350118,24,1,0,0,1.2202615243502293,0.2
4205,127.59114448743213,10,1,0,0,1.4157848496888517,0.2
4206,174.67765834386148,30,1,0,0,1.3884638955034583,0.2
4207,226.98575623238304,41,1,0,0,1.4236093251576127,0.2
4208,158.22895513606875,24,1,0,0,1.4020987150195345,0.2
4209,178.1552401337325,22,1,0,0,1.119124839968172,0.2
4210,162.07156250210085,24,1,0,0,1.4260117192836725,0.2
4211,176.67639382309838,26,1,0,0,1.275543415932213,0.2
4212,190.42608996023745,25,1,0,0,1.4678293287715045,0.2
4213,182.68417960966576,21,1,0,0,1.4963526647749241,0.2
4214,204.49301093679586,32,1,0,0,1.3998862128073255,0.2
4215,206.11747399472966,27,1,0,0,1.3444673306168964,0.2
4216,187.82812724964205,25,1,0,0,1.3094717323972618,0.2
4217,165.6445109772076,25,1,0,0,1.360731962381612,0.2
4218,198.39562674129587,31,1,0,0,1.387159131753153,0.2
4219,234.23751113720607,49,1,0,0,1.3865791510408447,0.2
4220,197.09043943781091,26,1,0,0,1.434006037161096,0.2
4221,216.95410517273385,34,1,0,0,1.255841659868232,0.2
4222,-3.420958105878921,200,0,0,1,2.2153271665752188,0.2
4223,127.32403362664954,8,1,0,0,1.4216446137848309,0.2
4224,226.20748140380022,37,1,0,0,1.3438159872804303,0.2
4225,228.96224457988416,34,1,0,0,1.2324747803068556,0.2
4226,198.70059926645223,23,1,0,0,1.3154988729795687,0.2
4227,192.36888359592385,25,1,0,0,1.3380054794235705,0.2
4228,87.87566113943242,117,1,0,0,1.4365882194494817,0.2
4229,130.637175616776,11,1,0,0,1.159478667137147,0.2
4230,158.38580809005333,21,1,0,0,1.4551230257715644,0.2
4231,129.5200470887872,12,1,0,0,1.074387116587775,0.2
4232,188.00379961705295,27,1,0,0,1.2299708518165977,0.2
4233,130.89956715868726,11,1,0,0,1.4828776042530305,0.2
4234,190.54661596838798,29,1,0,0,1.3035448637565168,0.2
4235,163.45358967801033,17,1,0,0,1.337392414742321,0.2
4236,150.36389823656856,20,1,0,0,1.2603380541017304,0.2
4237,178.08218416810234,24,1,0,0,1.2379968319863197,0.2
4238,182.14678108132642,25,1,0,0,1.3697436485967125,0.2
4239,197.42830202753163,29,1,0,0,1.2194062631242573,0.2
4240,123.97398513016827,14,1,0,0,1.3948171121347483,0.2
4241,200.7128862560486,36,1,0,0,1.421036792515698,0.2
4242,130.6983249468955,16,1,0,0,1.4313745786037764,0.2
4243,183.97559499379943,26,1,0,0,1.2605855805239656,0.2
4244,197.6390502028737,24,1,0,0,1.4739080600990893,0.2
4245,186.26818153771657,28,1,0,0,1.1355269055068917,0.2
4246,153.06979606039977,17,1,0,0,1.2357644539307235,0.2
4247,176.52611327692682,34,1,0,0,1.446883821701338,0.2
4248,171.55860644018898,28,1,0,0,1.3986642734144266,0.2
4249,218.60633181779764,42,1,0,0,1.4562223402016155,0.2
4250,158.09871100148374,22,1,0,0,1.3931436286540437,0.2
4251,182.46502840050795,25,1,0,0,1.391137737507845,0.2
4252,190.2231127518417,23,1,0,0,1.4672169474820593,0.2
4253,215.48054401991544,36,1,0,0,1.3960593859686454,0.2
4254,190.893379780799,23,1,0,0,1.365424451749202,0.2
4255,231.12323183932335,44,1,0,0,1.2110880128399224,0.2
4256,152.05218346098022,17,1,0,0,1.2801893344338264,0.2
4257,176.19517024676898,22,1,0,0,1.4384550809561207,0.2
4258,152.0601409651796,22,1,0,0,1.3102071224930465,0.2
4259,179.68001313682487,29,1,0,0,1.3505375234898207,0.2
4260,124.15220677396623,9,1,0,0,1.3530034522682322,0.2
4261,173.95534008834466,23,1,0,0,1.3428461536263527,0.2
4262,232.48819804651978,41,1,0,0,1.3379364475818705,0.2
4263,180.35589533260966,27,1,0,0,1.4269922294565975,0.2
4264,135.58070702909527,9,1,0,0,1.1647564097852143,0.2
4265,188.29406901034733,25,1,0,0,1.1983472084413935,0.2
4266,175.67428185887087,35,1,0,0,1.4811158391432406,0.2
4267,193.77202768175374,32,1,0,0,1.3509367546048447,0.2
4268,196.97191938225666,32,1,0,0,1.280543984746038,0.2
4269,242.86149788795922,45,1,0,0,1.340197246771105,0.2
4270,123.99223952327242,8,1,0,0,1.4330467829075315,0.2
4271,137.46836128458511,18,1,0,0,1.4881363521354916,0.2
4272,203.50391073408684,26,1,0,0,1.3686907015214733,0.2
4273,233.26156117398614,49,1,0,0,1.4464337979310669,0.2
4274,147.90359353983524,26,1,0,0,1.4447931394330584,0.2
4275,204.42699944144067,26,1,0,0,1.3756173619176577,0.2
4276,159.1038125702833,20,1,0,0,1.4656589271938738,0.2
4277,177.14731545523802,24,1,0,0,1.3681616000349184,0.2
4278,191.3345456031979,31,1,0,0,1.2390909714646012,0.2
4279,230.64217769311648,47,1,0,0,1.4285461473413967,0.2
4280,173.2868613367342,22,1,0,0,1.4121807539468474,0.2
4281,166.0014016129763,25,1,0,0,1.2327502761877054,0.2
4282,128.31945089346908,13,1,0,0,1.135856106820294,0.2
4283,162.9090642021088,18,1,0,0,1.2960162897973975,0.2
4284,227.36161879022148,48,1,0,0,1.3050504432041228,0.2
4285,190.22158497945853,29,1,0,0,1.40883691301138,0.2
4286,19.67395750706997,200,0,0,1,2.178474742561333,0.2
4287,144.07346228878924,13,1,0,0,1.4910280818660349,0.2
4288,26.446083974041997,26,0,1,0,3.844409605785181,0.2
4289,206.59263265444807,34,1,0,0,1.3045275797435065,0.2
4290,188.45676007433434,27,1,0,0,1.4202819315898194,0.2
4291,173.14619592751546,25,1,0,0,1.2551364596907395,0.2
4292,128.6901039963569,20,1,0,0,1.3233280931247633,0.2
4293,193.90398388238344,25,1,0,0,1.4406333885120401,0.2
4294,153.86862289973328,16,1,0,0,1.4604258639268854,0.2
4295,149.28817023586325,16,1,0,0,1.3372539816091134,0.2
4296,222.55984767312938,38,1,0,0,1.4658595535087378,0.2
4297,188.0687865923952,32,1,0,0,1.4377763754241508,0.2
4298,172.4843683596462,24,1,0,0,1.1396321955417943,0.2
4299,153.92480415530576,21,1,0,0,1.4601634959866048,0.2
4300,183.67265724726053,31,1,0,0,1.393243086035956,0.2
4301,147.14319443031223,28,1,0,0,1.4395001466743982,0.2
4302,175.64361589887295,27,1,0,0,1.4498966771535444,0.2
4303,179.0303153907647,33,1,0,0,1.4047046968488661,0.2
4304,137.41070945743763,17,1,0,0,1.3879573834370795,0.2
4305,186.2546445045611,27,1,0,0,1.211972522574647,0.2
4306,-37.731099079888544,6,0,1,0,3.6620621229480648,0.2
4307,127.65027236827012,14,1,0,0,1.1886319643892755,0.2
4308,165.13452236645315,17,1,0,0,1.4606260396431174,0.2
4309,222.13692650826772,44,1,0,0,1.4754312370580795,0.2
4310,156.98424630308799,23,1,0,0,1.3794338364751257,0.2
4311,227.3330327011841,42,1,0,0,1.3462528797606497,0.2
4312,181.2538530110665,32,1,0,0,1.4502013570524142,0.2
4313,145.57330949784753,15,1,0,0,1.4213229243778458,0.2
4314,169.47389584813266,18,1,0,0,1.4502413175334448,0.2
4315,168.11160794867425,19,1,0,0,1.486673865392789,0.2
4316,163.02521299265663,19,1,0,0,1.300734504353157,0.2
4317,214.65207450084668,46,1,0,0,1.230196789390931,0.2
4318,224.61853547515045,41,1,0,0,1.2696646436250427,0.2
4319,172.95912187210257,22,1,0,0,1.4405963885527744,0.2
4320,161.94963761554575,24,1,0,0,1.437488158251259,0.2
4321,224.70620156699167,50,1,0,0,1.342747504519504,0.2
4322,173.20149155007132,23,1,0,0,1.3258822834547237,0.2
4323,173.5241735131358,23,1,0,0,1.4390536563323395,0.2
4324,236.99181699562615,49,1,0,0,1.2972587687063197,0.2
4325,147.29101672444295,21,1,0,0,1.493485344648559,0.2
4326,153.9871527576928,24,1,0,0,1.4413912333929704,0.2
4327,184.77900735098422,26,1,0,0,1.3818896981500384,0.2
4328,161.41974937983633,22,1,0,0,1.3372273173756695,0.2
4329,200.03731020038924,32,1,0,0,1.1710209909652405,0.2
4330,167.55520105172857,29,1,0,0,1.494731606512583,0.2
4331,192.7426823863636,26,1,0,0,1.326381924654176,0.2
4332,144.78617685161342,12,1,0,0,1.4954062531666015,0.2
4333,206.7479226892609,37,1,0,0,1.1653505312885337,0.2
4334,181.56912126001853,30,1,0,0,1.3750954694479796,0.2
4335,138.1971519842169,18,1,0,0,1.4411081198656304,0.2
4336,165.60833004276878,18,1,0,0,1.4410572863953754,0.2
4337,118.24567025430329,7,1,0,0,1.3700647777807093,0.2
4338,239.71278522450456,48,1,0,0,1.3953098586321218,0.2
4339,122.34770294998013,11,1,0,0,1.3714105142182966,0.2
4340,153.30090556724093,17,1,0,0,1.4184993011643106,0.2
4341,167.5845249729718,29,1,0,0,1.2548245738097252,0.2
4342,158.50059376048853,17,1,0,0,1.3217699631733026,0.2
4343,182.5610925645268,22,1,0,0,1.4056251220078766,0.2
4344,201.09656203824835,27,1,0,0,1.2360499283207858,0.2
4345,115.02454767696554,7,1,0,0,1.4367892687381725,0.2
4346,175.27314028804895,23,1,0,0,1.188378794964474,0.2
4347,150.1361768917483,17,1,0,0,1.3400310742359218,0.2
4348,121.81107413984245,10,1,0,0,1.2606374853891327,0.2
4349,258.3233550352429,64,1,0,0,1.4965704034372989,0.2
4350,161.93276171524076,15,1,0,0,1.3285884783700352,0.2
4351,159.95490455200647,26,1,0,0,1.4890799993020578,0.2
4352,151.02852194476674,16,1,0,0,1.2978515920264233,0.2
4353,188.67082341617262,26,1,0,0,1.3857474428892234,0.2
4354,170.6027814215096,22,1,0,0,1.3722688804173184,0.2
4355,127.9354505849339,16,1,0,0,1.4152632422367821,0.2
4356,164.18013398218088,20,1,0,0,1.1836970279569934,0.2
4357,219.91101750473769,32,1,0,0,1.3695191935748534,0.2
4358,-50.0,1,0,1,0,7.209362471716343,0.2
4359,129.74276194754515,11,1,0,0,1.333203435848398,0.2
4360,177.2911338332047,27,1,0,0,1.202215041277507,0.2
4361,154.68766948590275,23,1,0,0,1.4951346248499027,0.2
4362,174.62351245424003,26,1,0,0,1.1667182970592127,0.2
4363,157.32432302201374,19,1,0,0,1.453003237440777,0.2
4364,196.40773533223353,37,1,0,0,1.150964463226762,0.2
4365,126.11291674030511,16,1,0,0,1.4137236846854815,0.2
4366,136.43200313739663,15,1,0,0,1.3137030445501776,0.2
4367,208.6461611153824,31,1,0,0,1.4735356958511947,0.2
4368,185.74607954576607,57,1,0,0,1.4734769983635025,0.2
4369,153.3720777376167,21,1,0,0,1.3974958628808425,0.2
4370,119.73663587466979,8,1,0,0,1.462568256782272,0.2
4371,206.2300948330619,33,1,0,0,1.2562997890007015,0.2
4372,183.21662333866405,22,1,0,0,1.423641778588049,0.2
4373,218.07339502189032,42,1,0,0,1.378381774991847,0.2
4374,153.3392448254583,16,1,0,0,1.232418348895589,0.2
4375,163.08269775566725,25,1,0,0,1.3633438165210614,0.2
4376,153.40856571671432,18,1,0,0,1.2714655999085602,0.2
4377,202.01895974802068,28,1,0,0,1.4796154666848944,0.2
4378,188.2518354992638,23,1,0,0,1.3864520574430874,0.2
4379,130.46112503573798,10,1,0,0,1.297020147353637,0.2
4380,164.7596149900386,16,1,0,0,1.477544472686206,0.2
4381,176.22598927825481,27,1,0,0,1.4627817622917365,0.2
4382,113.27259022937794,6,1,0,0,1.4789288648506171,0.2
4383,183.77294075113582,33,1,0,0,1.4656464139100192,0.2
4384,171.5790464018286,23,1,0,0,1.4011128193817297,0.2
4385,178.60786099468797,25,1,0,0,1.32446842356147,0.2
4386,145.5210703634186,15,1,0,0,1.2844782277443558,0.2
4387,109.59056592278597,20,1,0,0,1.4592979356149085,0.2
4388,165.02563529545455,22,1,0,0,1.088510600414358,0.2
4389,171.46906939918347,21,1,0,0,1.4393456135384841,0.2
4390,153.21522412878178,26,1,0,0,1.1504248677540798,0.2
4391,145.312024321973,15,1,0,0,1.470917833234563,0.2
4392,175.78285461459222,29,1,0,0,1.4067125453585,0.2
4393,174.27167350064326,25,1,0,0,1.4541483348649622,0.2
4394,132.67988874702985,16,1,0,0,1.2378171703471725,0.2
4395,-50.0,1,0,1,0,6.621292429328464,0.2
4396,192.70272773885623,29,1,0,0,1.494196510924034,0.2
4397,214.5081003472297,41,1,0,0,1.4441545540284189,0.2
4398,157.4788037210225,16,1,0,0,1.2968807454515257,0.2
4399,181.92402771261573,26,1,0,0,1.4598363971855262,0.2
4400,177.21182413906106,25,1,0,0,1.0786441919871723,0.2
4401,208.59363986091688,36,1,0,0,1.366165697591335,0.2
4402,183.95217792081283,22,1,0,0,1.2482014795679433,0.2
4403,167.99309028329105,20,1,0,0,1.3013832630165711,0.2
4404,190.87541996251016,23,1,0,0,1.3682556438595017,0.2
4405,133.5710047661132,11,1,0,0,1.133345913275801,0.2
4406,140.1266159061347,18,1,0,0,1.3209738056503477,0.2
4407,-50.0,1,0,1,0,9.059073171196074,0.2
4408,151.4336928348223,18,1,0,0,1.3324082815130371,0.2
4409,260.2615238524203,55,1,0,0,1.310541843534971,0.2
4410,165.02695923601505,24,1,0,0,1.3442554626478829,0.2
4411,128.4257007243155,12,1,0,0,1.428509937865437,0.2
4412,159.74066727967048,18,1,0,0,1.4531540979539594,0.2
4413,174.338715475629,29,1,0,0,1.4130970532774128,0.2
4414,164.33611616509836,22,1,0,0,1.4335507109583214,0.2
4415,157.44593551555045,21,1,0,0,1.3193429913192753,0.2
4416,188.95253038757525,28,1,0,0,1.3201839712697272,0.2
4417,186.2707263209195,20,1,0,0,1.1866595605339596,0.2
4418,175.3455773010861,27,1,0,0,1.406752540172904,0.2
4419,152.8598875355067,23,1,0,0,1.3482248210671242,0.2
4420,123.37274086227715,16,1,0,0,1.4729078632405288,0.2
4421,-50.0,1,0,1,0,3.7824149782276892,0.2
4422,234.52436405725152,43,1,0,0,1.286806620706152,0.2
4423,160.67519010440668,22,1,0,0,1.280355164665787,0.2
4424,153.5192319277013,21,1,0,0,1.205690495138156,0.2
4425,159.45386995727125,24,1,0,0,1.4462728401433036,0.2
4426,179.2907445343937,31,1,0,0,1.4605475453547312,0.2
4427,156.28212682692367,19,1,0,0,1.3037751517798044,0.2
4428,151.43435120741725,20,1,0,0,1.4718907659799945,0.2
4429,194.366277858008,24,1,0,0,1.3515635625833173,0.2
4430,200.83350441873552,33,1,0,0,1.3754700919411675,0.2
4431,267.12792461742686,65,1,0,0,1.4456153497765656,0.2
4432,162.76531004243705,17,1,0,0,1.3575243739141685,0.2
4433,236.24239653273546,46,1,0,0,1.336376650898203,0.2
4434,138.86426851236524,21,1,0,0,1.4166488314120587,0.2
4435,228.75205278698917,46,1,0,0,1.2034415089134114,0.2
4436,-50.0,1,0,1,0,2.055624138571615,0.2
4437,137.01704551903654,25,1,0,0,1.4582286084860825,0.2
4438,177.47704220374234,27,1,0,0,1.402699579887617,0.2
4439,155.98076492123764,17,1,0,0,1.1978727074861606,0.2
4440,180.7687822611646,24,1,0,0,1.4963657424236583,0.2
4441,151.8850112200464,26,1,0,0,1.2055506670003093,0.2
4442,233.2092434475884,42,1,0,0,1.4626858100871973,0.2
4443,160.86319743685192,24,1,0,0,1.2092597912962484,0.2
4444,148.9287377304223,19,1,0,0,1.3048997897285788,0.2
4445,161.68524158841387,17,1,0,0,1.474137145897309,0.2
4446,193.18589279581724,70,1,0,0,1.428639513410734,0.2
4447,146.05726196133725,16,1,0,0,1.4235726844397345,0.2
4448,146.66049797703477,27,1,0,0,1.479446985406193,0.2
4449,162.4247354686383,26,1,0,0,1.2998891550099558,0.2
4450,166.10314641513366,25,1,0,0,1.3688552033306103,0.2
4451,156.629723026645,24,1,0,0,1.2028660815176346,0.2
4452,104.49187192077997,2,1,0,0,1.1145246914750955,0.2
4453,178.18963842420197,29,1,0,0,1.341450448871695,0.2
4454,206.22981576659515,33,1,0,0,1.4840955703321526,0.2
4455,253.6527391032301,54,1,0,0,1.4570690458078648,0.2
4456,96.71815900557606,13,1,0,0,1.4065534832353404,0.2
4457,168.76165298615217,22,1,0,0,1.3907271035841002,0.2
4458,153.3232533816238,18,1,0,0,1.411070369698103,0.2
4459,229.84976315728443,44,1,0,0,1.3734402458272303,0.2
4460,128.74178031957166,16,1,0,0,1.4928318533535434,0.2
4461,162.06330752441318,27,1,0,0,1.3217779581479647,0.2
4462,223.23134175477963,41,1,0,0,1.493335156766788,0.2
4463,131.07995947256055,15,1,0,0,1.1568827580623302,0.2
4464,202.48089768414667,34,1,0,0,1.2080431373202685,0.2
4465,167.90543137906974,23,1,0,0,1.3820726164602088,0.2
4466,160.69654122263188,31,1,0,0,1.3356875821348524,0.2
4467,167.45799333045932,21,1,0,0,1.1753373584379867,0.2
4468,164.60021373067747,20,1,0,0,1.491662474448569,0.2
4469,172.43220005050432,22,1,0,0,1.1542256066419831,0.2
4470,168.75820214746983,21,1,0,0,1.4124053233746239,0.2
4471,151.36357134154173,30,1,0,0,1.3766966900172168,0.2
4472,158.81145307579578,19,1,0,0,1.467833840554799,0.2
4473,198.58688306367813,23,1,0,0,1.2495650154833493,0.2
4474,135.80368439948333,19,1,0,0,1.401871345004834,0.2
4475,159.22786982352025,19,1,0,0,1.4178127918287353,0.2
4476,185.6868410236417,27,1,0,0,1.3879313447486166,0.2
4477,199.31294555462858,30,1,0,0,1.446054045597244,0.2
4478,158.83554912557776,25,1,0,0,1.4092478817427987,0.2
4479,241.67996206772196,47,1,0,0,1.433590163732741,0.2
4480,129.29344714984882,15,1,0,0,1.284728271965884,0.2
4481,171.15548808310302,28,1,0,0,1.4741359801107738,0.2
4482,182.35132494011856,28,1,0,0,1.3795277577090417,0.2
4483,166.1449454683401,21,1,0,0,1.261929885957046,0.2
4484,143.47574012971006,21,1,0,0,1.468020666074165,0.2
4485,181.55666380904438,28,1,0,0,1.3303006235418589,0.2
4486,205.56857034948257,33,1,0,0,1.4721593889136495,0.2
4487,160.15927715327382,20,1,0,0,1.147078972331844,0.2
4488,158.86865174156293,16,1,0,0,1.3554453281470362,0.2
4489,159.82239120453127,21,1,0,0,1.361992669040281,0.2
4490,191.11893401951383,28,1,0,0,1.4574998076136707,0.2
4491,174.4323036381338,21,1,0,0,1.4355771369876378,0.2
4492,157.6755070206341,21,1,0,0,1.4731326508264615,0.2
4493,123.61925455228764,9,1,0,0,1.2066148938119086,0.2
4494,159.56930629270502,23,1,0,0,1.3323074730451592,0.2
4495,169.20698557820936,24,1,0,0,1.3656803440719543,0.2
4496,116.11606697716684,9,1,0,0,1.444429179985351,0.2
4497,190.03658656850092,34,1,0,0,1.412072352364001,0.2
4498,175.05655747705617,25,1,0,0,1.4047147917086251,0.2
4499,199.9368154661369,26,1,0,0,1.2915853898439866,0.2
4500,169.025343681817,23,1,0,0,1.46326134781228,0.2
4501,149.13990331805337,14,1,0,0,1.3218515827512236,0.2
4502,214.10078089943096,39,1,0,0,1.4040482094002067,0.2
4503,185.3307559269099,25,1,0,0,1.331367090312104,0.2
4504,187.95624877755213,29,1,0,0,1.4816805329613072,0.2
4505,205.1097791292728,38,1,0,0,1.4222050956980743,0.2
4506,178.73613754011006,24,1,0,0,1.4527894895434614,0.2
4507,106.92118285695571,8,1,0,0,1.427661270488635,0.2
4508,153.4272412669986,23,1,0,0,1.3924472716779797,0.2
4509,200.18994000653305,31,1,0,0,1.3127515074231797,0.2
4510,114.89792028747728,6,1,0,0,1.3637826290256154,0.2
4511,200.79382071501584,34,1,0,0,1.366339172840217,0.2
4512,184.87948110502668,25,1,0,0,1.3578515696895013,0.2
4513,170.6243910669341,28,1,0,0,1.2063237720548527,0.2
4514,123.51108022165049,12,1,0,0,1.3578499271415998,0.2
4515,184.55030558157782,23,1,0,0,1.2731086326022372,0.2
4516,158.49458205845815,21,1,0,0,1.392779333597667,0.2
4517,202.14155283523226,29,1,0,0,1.3683050149266118,0.2
4518,164.21017688227806,21,1,0,0,1.499966770594079,0.2
4519,164.35162188420549,19,1,0,0,1.3105122492140169,0.2
4520,169.4385607456154,23,1,0,0,1.2545967091302328,0.2
4521,194.06989528077105,25,1,0,0,1.324334258383058,0.2
4522,197.17387981912523,36,1,0,0,1.481070885433341,0.2
4523,263.63622214618795,53,1,0,0,1.3801616723751469,0.2
4524,186.06463835333352,28,1,0,0,1.48386655852153,0.2
4525,184.53868732750846,30,1,0,0,1.450440546960676,0.2
4526,248.64510748384978,54,1,0,0,1.3392692460908064,0.2
4527,168.32897245729356,25,1,0,0,1.4853221076069343,0.2
4528,167.9477244175925,23,1,0,0,1.4727199703111291,0.2
4529,151.61150556297352,21,1,0,0,1.3078256294264765,0.2
4530,162.01539922576507,23,1,0,0,1.1057384941297483,0.2
4531,-50.0,1,0,1,0,5.312515759640398,0.2
4532,208.62744989625978,40,1,0,0,1.4733959705039723,0.2
4533,205.36143922963535,35,1,0,0,1.2484196898249362,0.2
4534,161.9775192356862,26,1,0,0,1.144603911716415,0.2
4535,164.3522951530416,21,1,0,0,1.285326318990423,0.2
4536,177.07906256965543,23,1,0,0,1.3851072072568207,0.2
4537,192.83676802525434,26,1,0,0,1.3542472452670506,0.2
4538,-12.757947086533896,200,0,0,1,2.5249380809108173,0.2
4539,172.12594241096429,30,1,0,0,1.4512285971373937,0.2
4540,168.83287125937798,24,1,0,0,1.1895760394141135,0.2
4541,139.1638842134168,15,1,0,0,1.2376102766605699,0.2
4542,-50.0,1,0,1,0,1.6458796295892957,0.2
4543,185.74334827049302,23,1,0,0,1.3594916965721136,0.2
4544,192.95773816599512,34,1,0,0,1.4087458498189291,0.2
4545,168.35183916915884,25,1,0,0,1.2586155857722081,0.2
4546,136.7603438063704,13,1,0,0,1.4018886170670166,0.2
4547,178.11198513625195,28,1,0,0,1.2685335165229799,0.2
4548,190.05776937820184,31,1,0,0,1.2669470519983828,0.2
4549,175.1274596551111,26,1,0,0,1.3891916008412302,0.2
4550,229.1778340758503,42,1,0,0,1.3556690204355537,0.2
4551,152.27784286580388,21,1,0,0,1.347308187371675,0.2
4552,149.99249357724173,21,1,0,0,1.393723809088386,0.2
4553,165.59589149066335,24,1,0,0,1.4874355644276154,0.2
4554,179.38537817424304,23,1,0,0,1.4268439459755349,0.2
4555,-50.0,1,0,1,0,3.6615165894549038,0.2
4556,129.48147668267717,11,1,0,0,1.293643966170287,0.2
4557,198.72576359647888,29,1,0,0,1.3031292691551728,0.2
4558,-15.204859301436848,11,0,1,0,5.549278064723209,0.2
4559,171.03109381731366,20,1,0,0,1.452062832651565,0.2
4560,158.49105140754506,17,1,0,0,1.4970927699089596,0.2
4561,211.28278684279428,36,1,0,0,1.3247314022867185,0.2
4562,183.27635522300602,25,1,0,0,1.2768225941142197,0.2
4563,234.33702469684172,48,1,0,0,1.4090622221271936,0.2
4564,186.51293601382088,33,1,0,0,1.351967801759061,0.2
4565,140.75982375010403,19,1,0,0,1.1904697713384604,0.2
4566,127.46065209924917,17,1,0,0,1.4445005716878196,0.2
4567,97.02712357611868,41,1,0,0,1.343253479675578,0.2
4568,187.5255477549426,27,1,0,0,1.417812885688584,0.2
4569,162.2720370733591,40,1,0,0,1.488163233735707,0.2
4570,187.25455072937694,25,1,0,0,1.3957507992550666,0.2
4571,192.85985655640314,26,1,0,0,1.3874624869093026,0.2
4572,240.43170372828388,46,1,0,0,1.4018389859633698,0.2
4573,238.49765145648092,42,1,0,0,1.4204121485430443,0.2
4574,190.57724597058098,25,1,0,0,1.4422005452776796,0.2
4575,-6.8745283028230695,200,0,0,1,2.0562051245877564,0.2
4576,177.42236797010958,29,1,0,0,1.1596122634154664,0.2
4577,168.32792833295284,25,1,0,0,1.3830257630437834,0.2
4578,169.0388542686509,27,1,0,0,1.393452553232043,0.2
4579,-50.0,1,0,1,0,5.280273264914415,0.2
4580,161.57959460713457,19,1,0,0,1.3290080082893532,0.2
4581,190.31626575763545,29,1,0,0,1.3518899066889225,0.2
4582,152.65299094413112,15,1,0,0,1.2354282126066132,0.2
4583,154.98362997798068,19,1,0,0,1.408342051675532,0.2
4584,188.83598527793504,28,1,0,0,1.4170777970340342,0.2
4585,223.11843665653066,46,1,0,0,1.3465354552592714,0.2
4586,120.0447346518021,9,1,0,0,1.4980337717866645,0.2
4587,188.22718573978545,22,1,0,0,1.4596885732472644,0.2
4588,154.03301068403897,23,1,0,0,1.2807770332431585,0.2
4589,242.90023442234968,50,1,0,0,1.2419705789625612,0.2
4590,151.39622593229973,23,1,0,0,1.1669554069247159,0.2
4591,234.49184327488234,49,1,0,0,1.39212642267647,0.2
4592,158.8759142887424,25,1,0,0,1.0604206712481818,0.2
4593,140.13863926234765,17,1,0,0,1.2964216595101679,0.2
4594,153.40267990293495,17,1,0,0,1.3520184509686157,0.2
4595,163.35875961988486,21,1,0,0,1.4750081726329132,0.2
4596,164.78845009853478,22,1,0,0,1.4279089831818763,0.2
4597,190.85158080966505,33,1,0,0,1.4988893635108438,0.2
4598,188.58665321788823,23,1,0,0,1.4059762147454598,0.2
4599,172.4398539161735,27,1,0,0,1.3771780995877299,0.2
4600,170.3375371969749,25,1,0,0,1.425525915083336,0.2
4601,150.31119211260022,21,1,0,0,1.3916018624522726,0.2
4602,180.434977932239,23,1,0,0,1.4888647357931946,0.2
4603,163.2058210348407,21,1,0,0,1.3003524199732044,0.2
4604,178.71753952897154,25,1,0,0,1.2657575679075037,0.2
4605,171.23791025012105,21,1,0,0,1.4667195216421334,0.2
4606,173.06692128169976,23,1,0,0,1.4214232559451236,0.2
4607,163.46521699350671,19,1,0,0,1.2746908833096096,0.2
4608,142.6748653073244,16,1,0,0,1.3714995869513218,0.2
4609,45.88479649035572,200,0,0,1,2.6078173279418175,0.2
4610,127.2194353683138,14,1,0,0,1.2852409300358705,0.2
4611,182.61621523956092,27,1,0,0,1.2646092340199753,0.2
4612,148.45056926364802,19,1,0,0,1.2922551565210503,0.2
4613,166.10113787916643,25,1,0,0,1.3949114795955193,0.2
4614,179.3070199402219,30,1,0,0,1.3650871313222748,0.2
4615,192.6245066159007,36,1,0,0,1.321216251708435,0.2
4616,177.1366977066906,24,1,0,0,1.3128267288296283,0.2
4617,130.29371472118376,12,1,0,0,1.3633516732146627,0.2
4618,137.41886518663682,17,1,0,0,1.341664345622381,0.2
4619,195.1600354156849,26,1,0,0,1.1219327894538633,0.2
4620,133.9297799653583,13,1,0,0,1.4376513123120367,0.2
4621,221.0727429389737,37,1,0,0,1.37987649855137,0.2
4622,168.0682684884207,40,1,0,0,1.1830631854442712,0.2
4623,150.8765780676401,18,1,0,0,1.2852308681027544,0.2
4624,185.47131820112872,30,1,0,0,1.3336693443800434,0.2
4625,129.8855288095222,15,1,0,0,1.4673684788321253,0.2
4626,152.70386785256693,18,1,0,0,1.2426031639007804,0.2
4627,183.92469309469928,23,1,0,0,1.3727260894246136,0.2
4628,169.122681597304,23,1,0,0,1.3146751794384943,0.2
4629,216.37554381004685,41,1,0,0,1.3848515956763927,0.2
4630,105.06373450280104,30,1,0,0,1.451610279918903,0.2
4631,156.70122527148374,19,1,0,0,1.403204138197371,0.2
4632,164.3258990420056,18,1,0,0,1.1575655867250614,0.2
4633,154.39007019803915,19,1,0,0,1.3905207985860943,0.2
4634,168.33656482586065,27,1,0,0,1.3361326372358968,0.2
4635,164.77408343686488,22,1,0,0,1.4725125695617398,0.2
4636,243.6849498999159,51,1,0,0,1.1949039571474276,0.2
4637,179.36607841184295,24,1,0,0,1.293957552322048,0.2
4638,159.2257851918024,62,1,0,0,1.470860556691706,0.2
4639,207.207506185042,25,1,0,0,1.4595838246145414,0.2
4640,268.770661298635,60,1,0,0,1.4738154642766073,0.2
4641,238.66230087373546,43,1,0,0,1.4617632162341692,0.2
4642,153.78938867830888,17,1,0,0,1.4245369881023915,0.2
4643,196.22129603756673,38,1,0,0,1.4204821179932265,0.2
4644,149.1979561845576,20,1,0,0,1.405851029852212,0.2
4645,148.6514520709942,20,1,0,0,1.3672349506081696,0.2
4646,204.19709717318653,26,1,0,0,1.170579431910246,0.2
4647,253.4133955990978,55,1,0,0,1.4490225708129338,0.2
4648,169.79582478114668,23,1,0,0,1.2935250995380492,0.2
4649,161.58230363770335,22,1,0,0,1.2718464531117892,0.2
4650,227.3359595678226,45,1,0,0,1.3923535179307784,0.2
4651,165.9365528465583,43,1,0,0,1.272045702934415,0.2
4652,-50.0,1,0,1,0,5.701988342674767,0.2
4653,182.3213548249853,23,1,0,0,1.4366212932053493,0.2
4654,198.5757666415505,34,1,0,0,1.3986217364049083,0.2
4655,157.36888171244698,20,1,0,0,1.2656370102685055,0.2
4656,164.21682345675563,18,1,0,0,1.3520501471393773,0.2
4657,181.07213509871576,25,1,0,0,1.179144403668001,0.2
4658,207.9089514516495,32,1,0,0,1.1702504450472828,0.2
4659,144.15043432891824,18,1,0,0,1.3035681340175187,0.2
4660,194.01722810013115,31,1,0,0,1.4703416201359731,0.2
4661,163.354435121319,52,1,0,0,1.4777360390968242,0.2
4662,245.52302079272144,47,1,0,0,1.3136047614037707,0.2
4663,-50.0,1,0,1,0,8.959818532862863,0.2
4664,163.87303894924688,30,1,0,0,1.4921397944797503,0.2
4665,145.67675176081855,16,1,0,0,1.4086702939167628,0.2
4666,183.13779540093907,28,1,0,0,1.3642787656155067,0.2
4667,179.22084163453127,25,1,0,0,1.3984275822171033,0.2
4668,131.01582625505063,12,1,0,0,1.4570883438742892,0.2
4669,208.65191809726147,33,1,0,0,1.3093533333004155,0.2
4670,206.58096740285907,31,1,0,0,1.4808454848010175,0.2
4671,189.07463728815878,25,1,0,0,1.2839136636103894,0.2
4672,189.43629632826338,26,1,0,0,1.4425736130634668,0.2
4673,140.24914746435707,19,1,0,0,1.4102747815370298,0.2
4674,192.00675193212095,31,1,0,0,1.200855676017927,0.2
4675,166.17662053330082,26,1,0,0,1.3692087283675523,0.2
4676,142.4225432435308,17,1,0,0,1.325247882618682,0.2
4677,204.06964572576052,25,1,0,0,1.232496180052655,0.2
4678,150.55117383653726,14,1,0,0,1.1283774215716076,0.2
4679,149.4849118986928,19,1,0,0,1.3882347891253106,0.2
4680,150.24291692549383,29,1,0,0,1.1986880215985736,0.2
4681,259.39441903331226,54,1,0,0,1.4471151964852695,0.2
4682,127.98719644523047,9,1,0,0,1.492663325884259,0.2
4683,129.66329769961015,9,1,0,0,1.4299124297056816,0.2
4684,170.64836420968408,20,1,0,0,1.3389282015902362,0.2
4685,195.2187815734281,29,1,0,0,1.4972170413312675,0.2
4686,-50.0,1,0,1,0,7.049565668274231,0.2
4687,154.3681710374952,26,1,0,0,1.459653565080928,0.2
4688,127.85689068354706,14,1,0,0,1.2791639340100383,0.2
4689,205.1253284697815,34,1,0,0,1.2529354344690102,0.2
4690,209.64485860245065,33,1,0,0,1.3728245622071942,0.2
4691,163.81450587716216,27,1,0,0,1.1740621941157972,0.2
4692,147.24350664621403,14,1,0,0,1.2158129185171125,0.2
4693,146.95695300298217,19,1,0,0,1.2238913873960693,0.2
4694,188.66349849478496,24,1,0,0,1.4834134261966163,0.2
4695,173.222876877391,23,1,0,0,1.209053632882444,0.2
4696,166.5104305761102,18,1,0,0,1.3151016854629443,0.2
4697,151.11914872254096,17,1,0,0,1.364718384642472,0.2
4698,184.86522218430977,31,1,0,0,1.2676391186177518,0.2
4699,160.4452430004032,19,1,0,0,1.3621349347780791,0.2
4700,155.72300145874794,31,1,0,0,1.191273699421146,0.2
4701,129.53911345685577,12,1,0,0,1.121292576162503,0.2
4702,137.34736438275115,13,1,0,0,1.432168843056655,0.2
4703,184.88719346755965,27,1,0,0,1.3921303968000496,0.2
4704,153.96420192177567,20,1,0,0,1.4286449603007703,0.2
4705,190.86894297260682,28,1,0,0,1.3440848657602766,0.2
4706,127.63663551332726,12,1,0,0,1.2609023943223467,0.2
4707,-50.0,1,0,1,0,7.177029667244963,0.2
4708,163.30000351124772,19,1,0,0,1.2360197615599693,0.2
4709,188.52586417627427,24,1,0,0,1.3397833878852068,0.2
4710,182.66011929321965,25,1,0,0,1.3524436743648867,0.2
4711,50.449867794499156,200,0,0,1,2.272015437852638,0.2
4712,190.67517131667802,28,1,0,0,1.2699926261526724,0.2
4713,203.5119325045628,31,1,0,0,1.1640747799304014,0.2
4714,173.89345888363755,29,1,0,0,1.4700850997028658,0.2
4715,121.82622928169515,12,1,0,0,1.4743223818124171,0.2
4716,148.58173527412015,18,1,0,0,1.1830474516312688,0.2
4717,208.6180435643921,42,1,0,0,1.4645775358347575,0.2
4718,172.46263290670407,24,1,0,0,1.4228446645064365,0.2
4719,162.27929863681885,19,1,0,0,1.472198203563761,0.2
4720,150.44255347391226,16,1,0,0,1.422197169237013,0.2
4721,114.01115143348076,11,1,0,0,1.398914414685416,0.2
4722,195.16952998195703,25,1,0,0,1.4836351447227734,0.2
4723,151.27467230788534,21,1,0,0,1.3667600676926346,0.2
4724,175.67586243842146,24,1,0,0,1.343175850063266,0.2
4725,148.62118278494626,15,1,0,0,1.4779611888158086,0.2
4726,175.49516472023453,23,1,0,0,1.2620635522885721,0.2
4727,213.27970229641952,40,1,0,0,1.3141156690647862,0.2
4728,208.71106756567718,41,1,0,0,1.2824186594607119,0.2
4729,123.78704973899573,21,1,0,0,1.2511077557467047,0.2
4730,170.0592302889625,19,1,0,0,1.3034977940509531,0.2
4731,183.76266168321064,26,1,0,0,1.4919341738808582,0.2
4732,171.26826996999202,28,1,0,0,1.2666680292401564,0.2
4733,169.04798001980132,27,1,0,0,1.3319795721826266,0.2
4734,207.58054398229706,30,1,0,0,1.28653250539161,0.2
4735,164.00162133987675,28,1,0,0,1.3486219408122937,0.2
4736,172.19629582058957,25,1,0,0,1.4754058823348963,0.2
4737,131.10364824978276,10,1,0,0,1.283500119243761,0.2
4738,173.78804286240404,27,1,0,0,1.4834158481216124,0.2
4739,127.78477353840412,23,1,0,0,1.4670440582714492,0.2
4740,177.7562076676316,26,1,0,0,1.3865036458569833,0.2
4741,147.28982161357717,21,1,0,0,1.3384557920593767,0.2
4742,153.43352274690807,19,1,0,0,1.381916972648361,0.2
4743,163.71176632863748,26,1,0,0,1.436320013397635,0.2
4744,142.97713860939544,23,1,0,0,1.3830829214098128,0.2
4745,152.41498322603564,15,1,0,0,1.3681166809510996,0.2
4746,186.08579793058854,31,1,0,0,1.2425203779076046,0.2
4747,163.86805565705706,21,1,0,0,1.490298273540806,0.2
4748,207.79816550059064,32,1,0,0,1.4404070875791004,0.2
4749,186.3444642401969,25,1,0,0,1.192074921946271,0.2
4750,165.03489317216292,22,1,0,0,1.3748732560537975,0.2
4751,147.11292339997365,16,1,0,0,1.3755099468538665,0.2
4752,146.8910240625748,16,1,0,0,1.455839351317758,0.2
4753,204.07882420208068,32,1,0,0,1.3613760819265401,0.2
4754,162.17330626274867,32,1,0,0,1.1878243636096588,0.2
4755,189.1328399107379,27,1,0,0,1.2490807056791826,0.2
4756,140.16188385586344,13,1,0,0,1.1505834766582133,0.2
4757,144.67737683609528,20,1,0,0,1.362309713895186,0.2
4758,159.45118540774305,20,1,0,0,1.4520270874765469,0.2
4759,172.59498345113474,21,1,0,0,1.3223079662712067,0.2
4760,187.13944724587623,26,1,0,0,1.3588512382680675,0.2
4761,184.2178586045602,22,1,0,0,1.1753869143197784,0.2
4762,233.71091689125046,34,1,0,0,1.4890221552811647,0.2
4763,186.98563898426795,19,1,0,0,1.1835686264823335,0.2
4764,151.01303140900822,17,1,0,0,1.3604055692059929,0.2
4765,161.92364601241994,22,1,0,0,1.3245319153952573,0.2
4766,244.39750079249484,48,1,0,0,1.3663962200343018,0.2
4767,145.36389155060738,20,1,0,0,1.4561502018192294,0.2
4768,167.76360554569243,18,1,0,0,1.2368454675950498,0.2
4769,168.0658365051726,32,1,0,0,1.4360861689565392,0.2
4770,170.79273860631918,27,1,0,0,1.3951808772716296,0.2
4771,142.91851305851284,17,1,0,0,1.354131317021496,0.2
4772,131.86626537097527,12,1,0,0,1.4077169655836317,0.2
4773,165.2315151516148,28,1,0,0,1.343680717970671,0.2
4774,-50.0,1,0,1,0,8.044367793102818,0.2
4775,159.15555665108175,18,1,0,0,1.3095340450395387,0.2
4776,123.33061959876034,11,1,0,0,1.3203186025514912,0.2
4777,154.00074552707713,21,1,0,0,1.1217303598239448,0.2
4778,137.4775005837953,14,1,0,0,1.4964665693892938,0.2
4779,143.45376337787923,16,1,0,0,1.4999266941764084,0.2
4780,194.95479553953464,22,1,0,0,1.3445753658225053,0.2
4781,178.6927000162845,22,1,0,0,1.2215072482578302,0.2
4782,216.43227811850832,44,1,0,0,1.4736030588188187,0.2
4783,184.6536859654271,24,1,0,0,1.3442192560084776,0.2
4784,130.7641049260942,13,1,0,0,1.4128150101400714,0.2
4785,-50.0,1,0,1,0,8.061248216630648,0.2
4786,195.19232839108773,26,1,0,0,1.2877646887937617,0.2
4787,164.74292191334922,22,1,0,0,1.3099802313870668,0.2
4788,236.45329952358304,36,1,0,0,1.228494469593608,0.2
4789,144.0481040110467,23,1,0,0,1.416587570248977,0.2
4790,172.97752422717298,25,1,0,0,1.4594350179423394,0.2
4791,157.16825767076654,27,1,0,0,1.3562516384545318,0.2
4792,177.86107800862567,26,1,0,0,1.4345942970956989,0.2
4793,164.1554687288284,21,1,0,0,1.4259575270718774,0.2
4794,216.0401694289597,29,1,0,0,1.253834688016442,0.2
4795,175.9443456774665,29,1,0,0,1.1297547757347994,0.2
4796,152.66697342708915,19,1,0,0,1.2155362776778003,0.2
4797,148.07204051006948,49,1,0,0,1.437606440650076,0.2
4798,175.18492854582567,24,1,0,0,1.1459501124075726,0.2
4799,145.22595753696498,18,1,0,0,1.3847408145523883,0.2
4800,194.63798969481735,25,1,0,0,1.3816730506048798,0.2
4801,110.4425335500646,5,1,0,0,1.1832266692957727,0.2
4802,148.0529976005866,14,1,0,0,1.4711469682663196,0.2
4803,137.40848736730783,13,1,0,0,1.3177595891120424,0.2
4804,126.63044350907258,9,1,0,0,1.179593899874568,0.2
4805,137.89977720012905,14,1,0,0,1.382572715868561,0.2
4806,177.4555257586415,24,1,0,0,1.3013581355369204,0.2
4807,129.4879363645697,9,1,0,0,1.470743133320381,0.2
4808,165.95892152387066,23,1,0,0,1.453648164640842,0.2
4809,191.407660853092,28,1,0,0,1.3947274311336553,0.2
4810,173.57566709796032,26,1,0,0,1.4581347661312087,0.2
4811,161.84575675380066,25,1,0,0,1.2229040763367987,0.2
4812,188.29490838735018,25,1,0,0,1.1999080754380065,0.2
4813,159.06693876646446,20,1,0,0,1.4164172461756672,0.2
4814,-18.68164802265733,200,0,0,1,2.46800858374434,0.2
4815,126.82546341070463,10,1,0,0,1.4727211235876714,0.2
4816,205.85415562543682,38,1,0,0,1.3584831372463433,0.2
4817,153.15536144108324,14,1,0,0,1.4905961420894311,0.2
4818,149.97327413956003,16,1,0,0,1.425889830770444,0.2
4819,128.09779190961154,14,1,0,0,1.3275507123539334,0.2
4820,117.32434055331592,17,1,0,0,1.479129427674883,0.2
4821,153.5116903381375,15,1,0,0,1.3649910957779217,0.2
4822,155.80885404049454,19,1,0,0,1.271034975498588,0.2
4823,191.81676617692955,24,1,0,0,1.4856069908306015,0.2
4824,158.74797832009335,24,1,0,0,1.4843659679972037,0.2
4825,161.7378213380072,22,1,0,0,1.26739579988505,0.2
4826,185.34436889437043,24,1,0,0,1.3577553730280594,0.2
4827,158.9838570026638,21,1,0,0,1.3761047089102234,0.2
4828,139.9903068183229,18,1,0,0,1.28116049920216,0.2
4829,-10.975438659231166,13,0,1,0,7.800855854841205,0.2
4830,141.8707928059397,12,1,0,0,1.267179698452917,0.2
4831,144.68992006576937,18,1,0,0,1.1519119281259678,0.2
4832,171.83761723711794,21,1,0,0,1.4398839921631519,0.2
4833,237.4946551120148,42,1,0,0,1.4320389494626506,0.2
4834,160.2534686293942,21,1,0,0,1.1652526994053942,0.2
4835,162.95404564193637,19,1,0,0,1.3809100145926754,0.2
4836,174.78807597615634,23,1,0,0,1.2256415152150812,0.2
4837,169.7839183977129,27,1,0,0,1.3190027016352253,0.2
4838,161.8761268382409,22,1,0,0,1.4216874357423117,0.2
4839,157.3100183711773,16,1,0,0,1.3124068431829292,0.2
4840,175.94452556338481,21,1,0,0,1.299849011079091,0.2
4841,112.04099788438283,7,1,0,0,1.1785782709430561,0.2
4842,120.87171573489255,13,1,0,0,1.1167348035767835,0.2
4843,148.77958225186293,19,1,0,0,1.339279420879795,0.2
4844,158.94661395624001,23,1,0,0,1.3154389230718222,0.2
4845,-46.160962665098324,4,0,1,0,8.604250108408007,0.2
4846,173.1736241454219,24,1,0,0,1.2516546048568913,0.2
4847,148.48749602204276,18,1,0,0,1.2203517881087549,0.2
4848,130.70743275121637,11,1,0,0,1.249930950898557,0.2
4849,132.83344502288662,16,1,0,0,1.4779424280041829,0.2
4850,193.73273926321463,23,1,0,0,1.1302101308775503,0.2
4851,170.3173102182498,23,1,0,0,1.396517162144611,0.2
4852,155.5040759838314,21,1,0,0,1.1295575869708152,0.2
4853,181.0706806629455,23,1,0,0,1.3236663461254976,0.2
4854,197.14486776506294,35,1,0,0,1.4573190838764571,0.2
4855,166.47615393043026,22,1,0,0,1.2780843447441448,0.2
4856,158.17436880105348,25,1,0,0,1.4649133226119804,0.2
4857,187.06854924325808,26,1,0,0,1.388067108227588,0.2
4858,251.82575861794535,54,1,0,0,1.2174984858776974,0.2
4859,170.6165371884605,24,1,0,0,1.3270753914286126,0.2
4860,183.0688828538156,22,1,0,0,1.4930649987271931,0.2
4861,282.5938248311405,61,1,0,0,1.3167054502881537,0.2
4862,-50.0,1,0,1,0,5.658255833140457,0.2
4863,153.41988947768039,20,1,0,0,1.293849409112589,0.2
4864,153.79803434132253,17,1,0,0,1.4473087691765787,0.2
4865,132.11500052266595,14,1,0,0,1.3461828361559345,0.2
4866,149.68439063699924,19,1,0,0,1.3848420744502328,0.2
4867,150.77037449914826,18,1,0,0,1.2747133694843997,0.2
4868,196.69299637839555,23,1,0,0,1.2336618334424985,0.2
4869,193.17062292054226,26,1,0,0,1.4015004245399323,0.2
4870,198.78162537599746,25,1,0,0,1.1849831620937339,0.2
4871,166.85738520732463,25,1,0,0,1.3675978814570746,0.2
4872,136.13833615091733,63,1,0,0,1.4663703935556183,0.2
4873,156.33647587810768,18,1,0,0,1.2777412822636849,0.2
4874,173.7149987937707,23,1,0,0,1.3012041712533315,0.2
4875,167.31739146478935,19,1,0,0,1.33276942705298,0.2
4876,189.91971813808453,31,1,0,0,1.4430283001290383,0.2
4877,273.8430962458587,61,1,0,0,1.4958816646998792,0.2
4878,175.73120022213223,28,1,0,0,1.2508982435147602,0.2
4879,143.5643231417386,13,1,0,0,1.443518367942974,0.2
4880,169.18644767671725,32,1,0,0,1.4999919052520776,0.2
4881,135.61969974578741,18,1,0,0,1.410312038692209,0.2
4882,171.81574226565957,29,1,0,0,1.2219530265171274,0.2
4883,-50.0,1,0,1,0,5.370299563407336,0.2
4884,146.75772209492519,15,1,0,0,1.4473267163038228,0.2
4885,179.58426183576694,27,1,0,0,1.2693166558707698,0.2
4886,163.66597858088977,21,1,0,0,1.2518311535570699,0.2
4887,149.19644098065666,17,1,0,0,1.1641232516534943,0.2
4888,164.34051895949273,23,1,0,0,1.1504577941010947,0.2
4889,168.18652756987564,24,1,0,0,1.1614852531632789,0.2
4890,143.1011624654542,14,1,0,0,1.266772628228526,0.2
4891,-50.0,1,0,1,0,4.329528920261564,0.2
4892,192.02053653141917,30,1,0,0,1.3609013641989889,0.2
4893,142.0759497761465,14,1,0,0,1.3058859443563045,0.2
4894,123.66419124503304,8,1,0,0,1.0166361243347355,0.2
4895,190.54797068467832,27,1,0,0,1.2862878824712334,0.2
4896,145.0442537551377,16,1,0,0,1.4325982599137044,0.2
4897,107.2031496685394,90,1,0,0,1.4919463601264422,0.2
4898,162.17689215514162,26,1,0,0,1.3000025256421917,0.2
4899,182.05925492414787,28,1,0,0,1.2401745537292137,0.2
4900,156.5364237585119,20,1,0,0,1.3959120623406491,0.2
4901,170.29219794326815,24,1,0,0,1.4396952138063908,0.2
4902,162.67222939543785,19,1,0,0,1.448351859104071,0.2
4903,180.1961892439084,22,1,0,0,1.3973101210567722,0.2
4904,171.8909552270374,25,1,0,0,1.196964380154366,0.2
4905,167.11580250201808,24,1,0,0,1.3518137241552526,0.2
4906,207.8405835648938,31,1,0,0,1.4019990811493832,0.2
4907,188.29151273131163,25,1,0,0,1.3287714492440261,0.2
4908,125.76676381133194,8,1,0,0,1.1877714190508573,0.2
4909,227.5988721778842,37,1,0,0,1.2604454861178496,0.2
4910,-50.0,1,0,1,0,9.037099886695026,0.2
4911,269.5557154045367,53,1,0,0,1.469891319390159,0.2
4912,198.74913974695238,30,1,0,0,1.4527533355729056,0.2
4913,158.29994486840863,19,1,0,0,1.0999137218098336,0.2
4914,171.78922142847475,28,1,0,0,1.4758937640218235,0.2
4915,171.20742356115733,20,1,0,0,1.4880926552780553,0.2
4916,249.1190358076949,49,1,0,0,1.3030421116561572,0.2
4917,175.52563901223544,26,1,0,0,1.2141798702781728,0.2
4918,194.0098447731076,31,1,0,0,1.3265560944815458,0.2
4919,136.65072661883514,15,1,0,0,1.2852373535204147,0.2
4920,136.71737881590872,12,1,0,0,1.4677992277003158,0.2
4921,250.57254728757425,47,1,0,0,1.4120609812243858,0.2
4922,165.81976443656978,25,1,0,0,1.451889828372182,0.2
4923,119.79191456979333,10,1,0,0,1.427362802730011,0.2
4924,161.0772812466647,20,1,0,0,1.249945206558661,0.2
4925,228.4224349978742,44,1,0,0,1.4855974294272944,0.2
4926,129.31564878975692,15,1,0,0,1.4726521165981754,0.2
4927,135.48441455054245,11,1,0,0,1.466655736789051,0.2
4928,189.27059821817025,28,1,0,0,1.4845531823874873,0.2
4929,178.59257709237392,38,1,0,0,1.4687430042307235,0.2
4930,208.69277117528176,37,1,0,0,1.4456442560019633,0.2
4931,131.35253048556066,21,1,0,0,1.2131104695483703,0.2
4932,142.5830169654571,12,1,0,0,1.3909992926059433,0.2
4933,162.44812769246568,16,1,0,0,1.3076607864436758,0.2
4934,197.14556268213397,32,1,0,0,1.4783460830797788,0.2
4935,130.1843348915499,13,1,0,0,1.1674632892286982,0.2
4936,184.97804029017595,25,1,0,0,1.477217607454443,0.2
4937,141.05321830690565,15,1,0,0,1.378436167202701,0.2
4938,-50.0,1,0,1,0,5.757705965802657,0.2
4939,156.47395310348054,14,1,0,0,1.3501849810586426,0.2
4940,203.55571865629454,27,1,0,0,1.484753404663432,0.2
4941,163.61291200445126,21,1,0,0,1.4922315900800345,0.2
4942,148.38368029162177,20,1,0,0,1.441667326499932,0.2
4943,189.93553119456428,25,1,0,0,1.4206837468377043,0.2
4944,156.44583289276807,18,1,0,0,1.441364276226372,0.2
4945,265.6601862838198,59,1,0,0,1.44295906641932,0.2
4946,171.2197210325788,19,1,0,0,1.2448351488242924,0.2
4947,172.74457956470104,24,1,0,0,1.3416480017988277,0.2
4948,235.12559954671195,49,1,0,0,1.2341160679405687,0.2
4949,150.90902487210113,20,1,0,0,1.262701217881591,0.2
4950,173.95450778552862,20,1,0,0,1.322900428373687,0.2
4951,167.33680676710156,26,1,0,0,1.249165758443392,0.2
4952,195.13731694963187,32,1,0,0,1.3917255220692197,0.2
4953,218.11652457917228,39,1,0,0,1.339420956183599,0.2
4954,196.7779426791915,25,1,0,0,1.3639697919954974,0.2
4955,189.51977351279575,24,1,0,0,1.4655519955157306,0.2
4956,163.05289734366318,21,1,0,0,1.3956234213838257,0.2
4957,251.889129389534,49,1,0,0,1.3020857381637123,0.2
4958,168.28639794161424,21,1,0,0,1.4917043253757372,0.2
4959,127.59710993118557,12,1,0,0,1.4441127566761234,0.2
4960,137.02286398420296,13,1,0,0,1.3781187465529767,0.2
4961,159.67947896897607,23,1,0,0,1.1386180471955392,0.2
4962,199.28153619372,29,1,0,0,1.335049108591152,0.2
4963,254.49950484892724,50,1,0,0,1.2470979458453264,0.2
4964,129.5251298867094,11,1,0,0,1.4047611172451426,0.2
4965,171.18965851320968,26,1,0,0,1.3785291487179703,0.2
4966,228.37210914380375,39,1,0,0,1.4899012850719917,0.2
4967,181.11437502018288,28,1,0,0,1.3340383927685109,0.2
4968,170.73514220475198,27,1,0,0,1.4005282341810241,0.2
4969,176.44795596539507,23,1,0,0,1.439876195079712,0.2
4970,121.18597445296889,97,1,0,0,1.4078258171161995,0.2
4971,169.66037918141572,27,1,0,0,1.3844893341308429,0.2
4972,168.61417061727718,21,1,0,0,1.1895965262998685,0.2
4973,145.7806719417677,22,1,0,0,1.3521904329549999,0.2
4974,170.7611200379789,30,1,0,0,1.3055420869966934,0.2
4975,175.89207110534016,22,1,0,0,1.4211246363150236,0.2
4976,159.32355674871653,19,1,0,0,1.4975618444641576,0.2
4977,105.93807635742245,5,1,0,0,1.3134016619569262,0.2
4978,172.9113519571088,26,1,0,0,1.4794824129984425,0.2
4979,156.8345396208012,23,1,0,0,1.2683930261976981,0.2
4980,138.4866629348137,12,1,0,0,1.4329816976440182,0.2
4981,138.09498535733303,16,1,0,0,1.3395957563365088,0.2
4982,116.95084846527087,8,1,0,0,1.4691054559732188,0.2
4983,218.68504163605837,29,1,0,0,1.3709841890737988,0.2
4984,117.68807972385804,12,1,0,0,1.482628624263607,0.2
4985,131.85915857720994,11,1,0,0,1.3943441243558443,0.2
4986,179.73701595042434,28,1,0,0,1.0490746747567137,0.2
4987,143.44027845956506,18,1,0,0,1.3375905739296408,0.2
4988,166.8482861663162,23,1,0,0,1.304328982060798,0.2
4989,134.448279069918,10,1,0,0,1.383057093152151,0.2
4990,171.4312644551867,28,1,0,0,1.3832720021493108,0.2
4991,176.98281838914204,30,1,0,0,1.395569383736317,0.2
4992,171.52391013735757,22,1,0,0,1.2506919236782856,0.2
4993,174.32322999547637,26,1,0,0,1.4917124401455313,0.2
4994,174.36799078514048,25,1,0,0,1.3939018108708532,0.2
4995,204.47025524744527,32,1,0,0,1.285236788968048,0.2
4996,-50.0,1,0,1,0,3.783707011067387,0.2
4997,174.28280643563548,22,1,0,0,1.4509232521952702,0.2
4998,-50.0,1,0,1,0,3.7184935397556087,0.2
4999,146.29807331218518,13,1,0,0,1.4803083820546157,0.2
