episode,reward,steps,train_success,train_collision,train_timeout,final_distance,exploration_noise
0,-78.72657447801889,200,0,0,1,10.672399390729574,0.2
1,46.517899671870396,200,0,0,1,5.921078664154046,0.1998
2,-77.59847869104921,200,0,0,1,16.3333899070106,0.1996002
3,-10.452479908459793,200,0,0,1,9.749786795595448,0.19940059980000002
4,-61.43472262377481,200,0,0,1,14.232189645250225,0.19920119920020002
5,-139.35712410142986,84,0,0,0,14.352770018225737,0.19900199800099982
6,-182.0788923670614,38,0,0,0,23.670219289935623,0.1988029960029988
7,-150.99950205202487,47,0,0,0,21.502151982797997,0.19860419300699583
8,-104.55822609547761,64,0,0,0,15.94548849827473,0.19840558881398881
9,-135.3713272847657,39,0,0,0,14.93996223383793,0.19820718322517483
10,-145.78978321109344,68,0,0,0,25.724478308055897,0.19800897604194967
11,-143.96215277798598,49,0,0,0,16.17224095731144,0.1978109670659077
12,-172.72578135670074,53,0,0,0,18.98312107949084,0.19761315609884178
13,-57.046933803870125,48,0,0,0,11.808985038150292,0.19741554294274297
14,-100.53266996554531,39,0,0,0,13.353163943161146,0.1972181273998002
15,-173.6802437732576,40,0,0,0,20.493719016096353,0.1970209092724004
16,-169.92788696042032,43,0,0,0,21.573106452975626,0.196823888363128
17,-194.48142392281537,56,0,0,0,21.865472466367876,0.19662706447476488
18,-154.55723671058882,45,0,0,0,15.647300921104078,0.1964304374102901
19,-124.77468041189543,44,0,0,0,19.51752543651062,0.19623400697287982
20,163.37943031065026,18,1,0,0,1.4045377969848563,0.19603777296590696
21,-145.0034437225649,52,0,0,0,17.378204526733747,0.19584173519294104
22,-148.73867492023476,63,0,0,0,18.140697110002144,0.19564589345774808
23,-175.43105717428517,44,0,0,0,17.316035189395595,0.19545024756429036
24,-176.55593993681453,56,0,0,0,25.112126671017055,0.19525479731672604
25,-138.87078458912097,41,0,0,0,15.074769939268599,0.19505954251940932
26,-16.723034063192983,42,0,0,0,6.9596594059065096,0.19486448297688994
27,-13.467450214502556,39,0,0,0,8.118042034373058,0.19466961849391304
28,-116.9337642765544,61,0,0,0,21.287665360264437,0.19447494887541913
29,-157.3111339557273,42,0,0,0,15.473985766823805,0.19428047392654368
30,-130.57793815595898,62,0,0,0,13.95661594955921,0.19408619345261716
31,136.84236414608617,200,0,0,1,2.2386693193565823,0.19389210725916453
32,28.81118400684948,200,0,0,1,3.6412029494464604,0.19369821515190536
33,62.38442918924911,200,0,0,1,4.342863384149851,0.19350451693675347
34,144.58189314911277,35,1,0,0,1.3926761708920932,0.1933110124198167
35,26.074349573988062,200,0,0,1,2.808058952460466,0.1931177014073969
36,8.896794347920146,200,0,0,1,2.344748431966323,0.1929245837059895
37,89.16593919481812,200,0,0,1,1.9104643450147643,0.19273165912228352
38,36.24017032987917,200,0,0,1,2.473743412228154,0.19253892746316123
39,129.17075602425484,200,0,0,1,3.185895716043349,0.19234638853569808
40,211.6486781876678,138,1,0,0,1.4923596403290451,0.19215404214716236
41,30.56114094340542,200,0,0,1,5.284216010874106,0.19196188810501522
42,136.70450917674242,155,1,0,0,1.4633108430060173,0.1917699262169102
43,184.76572675728806,107,1,0,0,1.4621521263903776,0.19157815629069327
44,164.58014475794693,61,1,0,0,1.3971004591316292,0.1913865781344026
45,138.78015546029334,32,1,0,0,1.4798765968967837,0.19119519155626818
46,164.06994376345466,103,1,0,0,1.4996020273406199,0.1910039963647119
47,165.86160036610656,42,1,0,0,1.4681125229413101,0.1908129923683472
48,184.1095205336128,56,1,0,0,1.432552430756251,0.19062217937597886
49,170.97537982410336,33,1,0,0,1.4018431519637948,0.19043155719660287
50,66.04876388939682,200,0,0,1,2.1849787803636076,0.1902411256394063
51,84.36980736163498,200,0,0,1,2.1070395827095543,0.19005088451376687
52,146.83543146477223,15,1,0,0,1.3177345303544228,0.1898608336292531
53,145.3609083861302,16,1,0,0,1.4541054794342718,0.18967097279562384
54,0.7914409655127557,46,0,0,0,4.055011136071519,0.1894813018228282
55,183.96637230851772,27,1,0,0,1.2134148186206501,0.18929182052100538
56,135.745178889729,16,1,0,0,1.3623061209796778,0.18910252870048438
57,150.15310800928117,15,1,0,0,1.449526898794581,0.1889134261717839
58,177.87533006980777,20,1,0,0,1.497509270191725,0.1887245127456121
59,77.36083754859737,200,0,0,1,4.549932496319598,0.1885357882328665
60,18.338850730097736,200,0,0,1,4.120302615667866,0.18834725244463366
61,168.6646564631758,23,1,0,0,1.417729044247204,0.188158905192189
62,37.068544668214265,200,0,0,1,5.622940143857515,0.18797074628699684
63,212.57745479578216,60,1,0,0,1.4555489988248942,0.18778277554070982
64,160.56436380836908,20,1,0,0,1.4433643676061805,0.1875949927651691
65,152.73694361173708,19,1,0,0,1.3900284091648605,0.18740739777240395
66,164.17326176123652,19,1,0,0,1.3988037563506177,0.18721999037463155
67,206.7401429021525,28,1,0,0,1.4050964735989104,0.18703277038425692
68,188.99833097640501,28,1,0,0,1.250915802194753,0.18684573761387266
69,173.69557612123214,125,1,0,0,1.3968126747903804,0.18665889187625878
70,198.7169670449323,47,1,0,0,1.4172632750721335,0.18647223298438254
71,150.00864531146811,106,1,0,0,1.4216383435064741,0.18628576075139813
72,153.47245454383958,35,1,0,0,1.4507037853489093,0.18609947499064672
73,176.6860467051755,30,1,0,0,1.4393765277391168,0.1859133755156561
74,21.99683165310537,200,0,0,1,3.5630233524165367,0.18572746214014044
75,138.2099180592805,13,1,0,0,1.2754988426322802,0.18554173467800028
76,162.44845666146105,52,1,0,0,1.4716375336594596,0.18535619294332228
77,164.07658227201344,162,1,0,0,1.4787268589795017,0.18517083675037896
78,196.44514211544953,26,1,0,0,1.4429996077565288,0.18498566591362858
79,162.31120366921297,22,1,0,0,1.499464069239163,0.18480068024771495
80,199.7665917762664,29,1,0,0,1.4515265826782937,0.18461587956746725
81,161.1267129319671,16,1,0,0,1.2569923771020393,0.18443126368789978
82,185.8880726647844,23,1,0,0,1.4414681083649314,0.1842468324242119
83,149.62564328434664,14,1,0,0,1.3388782294726824,0.18406258559178768
84,196.7282279316904,47,1,0,0,1.4638145504977027,0.1838785230061959
85,155.41915217819752,42,1,0,0,1.4966269116825441,0.18369464448318967
86,122.47503744368684,200,0,0,1,2.793149447830683,0.1835109498387065
87,152.67433137523489,20,1,0,0,1.4314934857137573,0.1833274388888678
88,171.86614696482468,117,1,0,0,1.4613926911224728,0.1831441114499789
89,115.57162209805007,16,1,0,0,1.4511399086717236,0.18296096733852896
90,162.1192265739515,24,1,0,0,1.4557313008178852,0.1827780063711904
91,150.43635487604175,20,1,0,0,1.4636883484619283,0.18259522836481923
92,25.425987061216762,200,0,0,1,6.5892585973409,0.1824126331364544
93,186.6346724642965,100,1,0,0,1.391403472827306,0.18223022050331794
94,18.57912829050894,200,0,0,1,3.1037689967663984,0.18204799028281463
95,181.2949431946332,27,1,0,0,1.4386491162293695,0.18186594229253183
96,183.15730416600306,28,1,0,0,1.271349061061108,0.18168407635023928
97,143.46144373462235,13,1,0,0,1.2374205201192885,0.18150239227388903
98,50.80459770788917,200,0,0,1,2.026444369964005,0.18132088988161515
99,153.85356212259495,17,1,0,0,1.4153694310840428,0.18113956899173356
100,129.1887366972523,13,1,0,0,1.297474978046326,0.1809584294227418
101,26.544214744120723,37,0,0,0,3.3997890844686802,0.18077747099331906
102,121.0772263327062,36,1,0,0,1.372617575409607,0.18059669352232574
103,142.1427710615609,140,1,0,0,1.440236459924957,0.1804160968288034
104,145.21075414156573,17,1,0,0,1.4158486633467529,0.1802356807319746
105,161.33100559655867,19,1,0,0,1.3461372378868792,0.18005544505124263
106,198.89495885668438,145,1,0,0,1.3331238913186065,0.1798753896061914
107,54.5232555296758,200,0,0,1,3.105280662374555,0.1796955142165852
108,140.4480248349601,33,1,0,0,1.4751747392286585,0.17951581870236863
109,199.30815715978918,36,1,0,0,1.4715520306428997,0.17933630288366625
110,112.16493575952046,6,1,0,0,1.3203152972899936,0.1791569665807826
111,145.97742529539627,21,1,0,0,1.4956157156356313,0.17897780961420182
112,87.35140711200117,200,0,0,1,4.269788373580166,0.17879883180458758
113,75.0771297793493,200,0,0,1,3.4504948732739105,0.178620032972783
114,164.78836373838817,27,1,0,0,1.467807630821284,0.17844141293981022
115,185.04706681248916,155,1,0,0,1.4532374325539585,0.17826297152687043
116,170.67938680014112,19,1,0,0,1.420337374393044,0.17808470855534353
117,58.49342544310276,200,0,0,1,4.017891174789426,0.1779066238467882
118,202.85849348126533,81,1,0,0,1.4340397035101606,0.17772871722294142
119,136.76949396890683,15,1,0,0,1.2343421131046701,0.1775509885057185
120,168.98617628958618,20,1,0,0,1.4987759935328122,0.17737343751721277
121,209.21305963280622,28,1,0,0,1.2544666189001012,0.17719606407969554
122,159.96355189915312,18,1,0,0,1.2660230705763504,0.17701886801561584
123,143.79255783108002,200,0,0,1,2.5594637310629094,0.17684184914760023
124,162.32830017283132,122,1,0,0,1.4220211549895279,0.17666500729845264
125,113.42502214176295,16,1,0,0,1.4458731915152365,0.17648834229115418
126,170.9572025772713,19,1,0,0,1.4859931584299548,0.17631185394886303
127,36.27684857198781,200,0,0,1,3.1164220179587527,0.17613554209491417
128,185.31919798287606,22,1,0,0,1.2959014877691888,0.17595940655281925
129,172.42489511832434,24,1,0,0,1.4346124972321297,0.17578344714626642
130,168.22069232682875,49,1,0,0,1.4659031921994512,0.17560766369912018
131,189.92703024177933,23,1,0,0,1.300409703953467,0.17543205603542103
132,171.677400276687,86,1,0,0,1.379443841249111,0.17525662397938563
133,179.4524179637771,24,1,0,0,1.353027423282271,0.17508136735540625
134,184.3244482786268,21,1,0,0,1.3462078202988874,0.17490628598805083
135,168.84485704293814,20,1,0,0,1.465952233525513,0.17473137970206276
136,43.50305108826168,200,0,0,1,3.2917186039802866,0.17455664832236073
137,161.22774362594637,26,1,0,0,1.4364575485541768,0.17438209167403834
138,165.9422192442068,45,1,0,0,1.359747177225907,0.1742077095823643
139,13.201888637578055,200,0,0,1,3.7307118125509584,0.17403350187278194
140,173.40778772444858,20,1,0,0,1.3343439360604754,0.17385946837090915
141,111.23334374875206,200,0,0,1,4.046297691901324,0.17368560890253826
142,167.2494731963593,42,1,0,0,1.4125262593882373,0.17351192329363574
143,80.5649495399539,200,0,0,1,2.1498867014990566,0.1733384113703421
144,223.80071121339466,112,1,0,0,1.4551361986647489,0.17316507295897174
145,100.0,1,1,0,0,1.1083883776212697,0.17299190788601276
146,151.07528337460798,69,1,0,0,1.3750711405973022,0.17281891597812676
147,106.52467526433269,16,1,0,0,1.4461234928336868,0.17264609706214862
148,179.7502731503027,79,1,0,0,1.47655617935718,0.17247345096508648
149,160.93748938394,19,1,0,0,1.2774284004523837,0.1723009775141214
150,170.87187258915634,19,1,0,0,1.4975106971202634,0.17212867653660727
151,162.77647129873304,19,1,0,0,1.247373252637965,0.17195654786007067
152,65.09122577494593,200,0,0,1,2.4439129918427493,0.17178459131221058
153,157.81785169416906,47,1,0,0,1.4826608350247847,0.1716128067208984
154,199.60846944927297,27,1,0,0,1.455451923114,0.17144119391417748
155,207.78642342209088,31,1,0,0,1.3050076188090236,0.17126975272026332
156,218.91078868524954,84,1,0,0,1.4769649054847662,0.17109848296754304
157,161.75228013973748,22,1,0,0,1.2167790710442705,0.1709273844845755
158,161.70863126904146,25,1,0,0,1.4691090328995513,0.1707564571000909
159,168.65919925700206,21,1,0,0,1.405014657277251,0.17058570064299083
160,133.1924257434427,139,1,0,0,1.3423586380696226,0.17041511494234785
161,179.6341879698565,26,1,0,0,1.4722785350288146,0.1702446998274055
162,174.00005472671143,43,1,0,0,1.3879701991847675,0.1700744551275781
163,166.746279427013,21,1,0,0,1.487785352473524,0.1699043806724505
164,131.94346683945543,14,1,0,0,1.3704489772799202,0.16973447629177807
165,249.47170461872318,58,1,0,0,1.428862145741853,0.16956474181548628
166,142.0647950626641,16,1,0,0,1.4191688443610926,0.1693951770736708
167,121.51042617327809,8,1,0,0,1.4177922251070867,0.16922578189659712
168,186.3916296264391,28,1,0,0,1.4112819715993379,0.16905655611470052
169,123.4832218444648,14,1,0,0,1.4601570378835655,0.16888749955858584
170,159.06816608045096,19,1,0,0,1.314541336930164,0.16871861205902725
171,177.5393472239491,39,1,0,0,1.4399878439221123,0.16854989344696822
172,127.13330629683244,10,1,0,0,1.4225989274232336,0.16838134355352125
173,161.73841100687866,99,1,0,0,1.4067538601991747,0.16821296220996773
174,115.80123277807364,7,1,0,0,1.4989179617388244,0.16804474924775775
175,143.03227687024793,39,1,0,0,1.4242574460312016,0.16787670449851
176,157.04210288173675,20,1,0,0,1.385142008603595,0.1677088277940115
177,130.65643989842957,45,1,0,0,1.4862790946257654,0.16754111896621748
178,135.5644127116733,9,1,0,0,1.4265311498037658,0.16737357784725126
179,120.43347338431396,7,1,0,0,1.3810391918900273,0.16720620426940402
180,169.233818018985,21,1,0,0,1.31788014541183,0.1670389980651346
181,160.18428083877868,17,1,0,0,1.282718222701759,0.16687195906706948
182,180.49009856938707,123,1,0,0,1.426463184687603,0.1667050871080024
183,102.61134312739061,2,1,0,0,1.4933131155708592,0.1665383820208944
184,154.52946101415787,21,1,0,0,1.3054397630041261,0.1663718436388735
185,145.7615351380553,200,0,0,1,2.408120703020802,0.16620547179523462
186,100.0,1,1,0,0,1.4994442637101346,0.16603926632343938
187,110.78447713642012,25,1,0,0,1.4461133277199278,0.16587322705711594
188,163.82816634519185,19,1,0,0,1.4197165749970522,0.16570735383005886
189,127.38858491962732,8,1,0,0,1.3371773610161126,0.1655416464762288
190,71.51209697303757,200,0,0,1,2.408524870387167,0.16537610482975254
191,147.58466086701796,17,1,0,0,1.274563750441635,0.16521072872492282
192,136.0321786685287,14,1,0,0,1.3759532148016038,0.16504551799619788
193,148.39481676664676,125,1,0,0,1.4747392868017444,0.16488047247820167
194,137.63644692461204,14,1,0,0,1.4772292145964008,0.16471559200572347
195,169.71164654934316,16,1,0,0,1.0690750791825567,0.16455087641371774
196,197.08836231868173,24,1,0,0,1.383813854630654,0.16438632553730403
197,196.8754138129978,65,1,0,0,1.423614799857326,0.16422193921176673
198,151.76597348169506,69,1,0,0,1.4750301041731548,0.16405771727255497
199,120.02318513467362,7,1,0,0,1.23087904247791,0.1638936595552824
200,136.69205948927507,13,1,0,0,1.4543466836447687,0.16372976589572713
201,200.49168544042442,27,1,0,0,1.2152525081367547,0.1635660361298314
202,175.7524313729441,24,1,0,0,1.3946418024700311,0.16340247009370157
203,243.24239087712937,80,1,0,0,1.471843191942147,0.16323906762360785
204,191.09364677561703,33,1,0,0,1.2640473761909694,0.16307582855598424
205,150.30737286490165,22,1,0,0,1.338113713021574,0.16291275272742828
206,183.8294562219241,22,1,0,0,1.169258681109149,0.16274983997470083
207,190.5153537397985,24,1,0,0,1.4838075851837411,0.16258709013472614
208,157.58015829571605,21,1,0,0,1.408838963996415,0.1624245030445914
209,185.75983702138515,27,1,0,0,1.4293835223710993,0.16226207854154684
210,127.06383600061336,11,1,0,0,1.3076584356168404,0.16209981646300528
211,156.02560965802974,14,1,0,0,1.4885372779163475,0.16193771664654227
212,230.32243154646122,42,1,0,0,1.4498423971044976,0.16177577892989572
213,168.1261069059455,23,1,0,0,1.4435388320577953,0.16161400315096583
214,156.6390961401019,55,1,0,0,1.4721327657781362,0.16145238914781487
215,146.64788286165862,11,1,0,0,1.4148762510522905,0.16129093675866704
216,112.51539697247493,5,1,0,0,1.4037745735668126,0.16112964582190836
217,125.36849340603382,11,1,0,0,1.4159883696632396,0.16096851617608648
218,131.86894702142058,11,1,0,0,1.4077215693258442,0.1608075476599104
219,160.53783686423895,18,1,0,0,1.4588264249410972,0.16064674011225047
220,243.9329647620831,53,1,0,0,1.3730557976575755,0.16048609337213823
221,193.32418817108547,22,1,0,0,1.2918356557960484,0.1603256072787661
222,157.36379050644837,23,1,0,0,1.4211041045749793,0.16016528167148733
223,122.35333240264231,7,1,0,0,1.2103878944163813,0.16000511638981585
224,163.6865252958176,21,1,0,0,1.2941601788237727,0.15984511127342602
225,156.26141693034577,19,1,0,0,1.3511233213133218,0.1596852661621526
226,193.40166858373442,21,1,0,0,1.2585828681866364,0.15952558089599045
227,130.65740965877563,9,1,0,0,1.3234590681934966,0.15936605531509446
228,184.52310966973928,28,1,0,0,1.48144450973549,0.15920668925977935
229,180.40053125445553,28,1,0,0,1.4371400700175758,0.1590474825705196
230,185.92454050156448,23,1,0,0,1.4127418848978235,0.15888843508794906
231,170.08432269864159,24,1,0,0,1.3181257936401365,0.1587295466528611
232,220.10629094894233,31,1,0,0,1.4341124087946189,0.15857081710620824
233,215.83411319475107,79,1,0,0,1.4683207329446009,0.15841224628910203
234,157.99999041637736,16,1,0,0,1.4122957337546673,0.15825383404281293
235,172.18324256011414,19,1,0,0,1.4548562427630376,0.15809558020877013
236,250.62740625054465,42,1,0,0,1.3372205782003648,0.15793748462856136
237,176.1120028208502,23,1,0,0,1.4171221019853018,0.1577795471439328
238,169.4171184454869,26,1,0,0,1.4778520230212808,0.15762176759678886
239,162.7057136819851,61,1,0,0,1.43223645721749,0.15746414582919208
240,143.97105455109315,11,1,0,0,1.317695197373155,0.15730668168336287
241,215.34601287405854,42,1,0,0,1.4120837247383011,0.1571493750016795
242,152.15697651251364,19,1,0,0,1.3657528678104893,0.15699222562667783
243,48.117944130758985,200,0,0,1,2.65571482650574,0.15683523340105116
244,134.4555807772806,11,1,0,0,1.3291170331527196,0.1566783981676501
245,169.91152271374557,18,1,0,0,1.1981270414683056,0.15652171976948245
246,177.26187769274418,28,1,0,0,1.3357526627116505,0.15636519804971297
247,172.9199027981409,22,1,0,0,1.2832497552957551,0.15620883285166326
248,187.49014055315817,24,1,0,0,1.357087507013366,0.1560526240188116
249,125.34902082993334,11,1,0,0,1.3049704466029812,0.1558965713947928
250,132.08299178969258,8,1,0,0,1.303719189919922,0.15574067482339798
251,55.121055519261056,200,0,0,1,1.808275662293198,0.15558493414857458
252,191.6860446354956,22,1,0,0,1.1821455855346703,0.15542934921442603
253,160.11694453594657,16,1,0,0,1.449865536963385,0.15527391986521158
254,210.56866771320009,39,1,0,0,1.4859604886764748,0.15511864594534638
255,180.59196520148157,20,1,0,0,1.3641469336367342,0.15496352729940102
256,168.35666956327563,22,1,0,0,1.350606382376905,0.15480856377210162
257,155.43255954623206,20,1,0,0,1.3279611749386853,0.15465375520832952
258,181.5555232099262,24,1,0,0,1.4952246508856502,0.15449910145312118
259,113.43409246782193,4,1,0,0,1.2908356628045334,0.15434460235166808
260,165.93165210698945,23,1,0,0,1.381855388220676,0.1541902577493164
261,159.7088555108354,15,1,0,0,1.3661552904902647,0.1540360674915671
262,168.01251083238088,18,1,0,0,1.2957216158845704,0.15388203142407553
263,136.82874176117116,11,1,0,0,1.2989255723523705,0.15372814939265145
264,278.0356911564005,81,1,0,0,1.4508478490708874,0.15357442124325882
265,183.95002637878073,22,1,0,0,1.2208901512494779,0.15342084682201554
266,185.0929962428361,31,1,0,0,1.435328083525959,0.15326742597519352
267,190.73365410455466,21,1,0,0,1.269446547821311,0.15311415854921834
268,165.21596976056276,21,1,0,0,1.416944010431182,0.15296104439066913
269,196.0005851075791,32,1,0,0,1.4034104097220632,0.15280808334627843
270,148.82381288878335,16,1,0,0,1.430406129611827,0.15265527526293216
271,186.54799671288663,23,1,0,0,1.4526538958949713,0.15250261998766923
272,262.5591827336617,55,1,0,0,1.4156511430341325,0.15235011736768156
273,168.4032326220596,20,1,0,0,1.4265050947665479,0.15219776725031386
274,153.57905844035295,16,1,0,0,1.3566286067300497,0.15204556948306358
275,196.15117660445244,22,1,0,0,1.4856535590757685,0.1518935239135805
276,188.92980071206983,27,1,0,0,1.4887899728516278,0.15174163038966693
277,161.15575894902324,19,1,0,0,1.4353859831158553,0.15158988875927726
278,153.59922506715094,17,1,0,0,1.4245571729618585,0.15143829887051796
279,137.4050744292171,11,1,0,0,1.2141104372943226,0.15128686057164745
280,181.64509967494575,23,1,0,0,1.3357410120124877,0.1511355737110758
281,150.47856225166797,15,1,0,0,1.3894161925293576,0.15098443813736473
282,134.12879720572784,35,1,0,0,1.475559777354314,0.15083345369922738
283,121.55892239253737,7,1,0,0,1.4345054757839049,0.15068262024552814
284,41.85658109371073,200,0,0,1,2.533692644438382,0.1505319376252826
285,185.36324693486213,23,1,0,0,1.4706267793693775,0.15038140568765734
286,190.36778762558828,31,1,0,0,1.3302576710179157,0.15023102428196966
287,152.72501356178918,20,1,0,0,1.4294888088892928,0.15008079325768772
288,156.66051168873008,16,1,0,0,1.3282100764391838,0.14993071246443002
289,42.46465972103629,200,0,0,1,2.4516297784705765,0.1497807817519656
290,146.84497862098257,16,1,0,0,1.3704401730523958,0.14963100097021362
291,181.75400091052705,26,1,0,0,1.4643288297883126,0.1494813699692434
292,125.21956486577784,10,1,0,0,1.4021890610368148,0.14933188859927415
293,22.56665673512194,200,0,0,1,2.6354021297774595,0.1491825567106749
294,154.75210129597505,17,1,0,0,1.3617531821257076,0.1490333741539642
295,160.04319384715532,28,1,0,0,1.4742429426953503,0.14888434077981025
296,163.75836061980445,18,1,0,0,1.430133298100288,0.14873545643903044
297,141.89825274236725,14,1,0,0,1.4717995306855025,0.1485867209825914
298,176.8285885212391,23,1,0,0,1.3348981434015716,0.14843813426160882
299,147.50957643508838,15,1,0,0,1.1846627711011557,0.1482896961273472
300,191.2584824672041,25,1,0,0,1.249761442779988,0.14814140643121984
301,218.7688865090147,68,1,0,0,1.4943144997772517,0.14799326502478863
302,200.87226767548356,37,1,0,0,1.4894513031688712,0.14784527175976386
303,182.562396564979,22,1,0,0,1.4864186870966911,0.14769742648800407
304,184.96144859465272,23,1,0,0,1.3885820219327716,0.14754972906151606
305,139.56796573982078,12,1,0,0,1.2269415615126587,0.14740217933245456
306,144.78428689949018,15,1,0,0,1.4648817486539016,0.1472547771531221
307,177.02675366825764,29,1,0,0,1.2128505204100726,0.147107522375969
308,167.19966564006012,23,1,0,0,1.4599455773622465,0.146960414853593
309,166.7967506913957,24,1,0,0,1.2835326766794657,0.14681345443873942
310,191.4270766603089,26,1,0,0,1.2692028393406813,0.14666664098430068
311,128.58341820107984,12,1,0,0,1.3392603133578838,0.1465199743433164
312,191.40001708872398,25,1,0,0,1.1713425289174957,0.14637345436897306
313,254.38904602035828,53,1,0,0,1.386756777604926,0.1462270809146041
314,191.8038324614874,31,1,0,0,1.2770693067710144,0.1460808538336895
315,168.13607832086979,22,1,0,0,1.3047330267787254,0.1459347729798558
316,135.4164280473998,12,1,0,0,1.324599872924894,0.14578883820687594
317,158.41739289373228,17,1,0,0,1.4694900721829929,0.1456430493686691
318,146.28346030148182,60,1,0,0,1.3736086460894044,0.1454974063193004
319,127.61256549873673,13,1,0,0,1.4095107335164776,0.14535190891298108
320,110.75603390815364,4,1,0,0,1.486180578583897,0.14520655700406812
321,108.85057000489563,3,1,0,0,1.3688101459499549,0.14506135044706406
322,204.29409945606324,61,1,0,0,1.4981358541950596,0.144916289096617
323,206.03220924447658,40,1,0,0,1.4331450673804094,0.14477137280752037
324,154.0536811647659,19,1,0,0,1.4294185394765913,0.14462660143471284
325,177.36405748203526,200,0,0,1,2.676641113212492,0.14448197483327815
326,146.56803810769532,15,1,0,0,1.4030645825933097,0.14433749285844485
327,172.5578628513,114,1,0,0,1.4571296375000253,0.1441931553655864
328,191.6998893735322,21,1,0,0,1.2733363360356202,0.14404896221022084
329,162.39670531382308,19,1,0,0,1.2672591226116712,0.1439049132480106
330,185.7928269895786,26,1,0,0,1.4179611805020096,0.1437610083347626
331,172.20949657689562,64,1,0,0,1.378792419104916,0.14361724732642783
332,151.31589592041433,14,1,0,0,1.3085970797945747,0.14347363007910138
333,153.1831852880266,15,1,0,0,1.4319196573479123,0.1433301564490223
334,64.15106054448778,200,0,0,1,2.907277038284294,0.14318682629257326
335,22.163787828166274,200,0,0,1,2.0070149804672788,0.1430436394662807
336,108.2818111545864,25,1,0,0,1.4940378879933554,0.14290059582681444
337,168.00001063961128,24,1,0,0,1.2502490424768404,0.1427576952309876
338,217.30296754657945,33,1,0,0,1.2221236560940203,0.14261493753575663
339,159.1668402945298,26,1,0,0,1.4461354077590873,0.14247232259822087
340,174.24776814976934,21,1,0,0,1.3501365745597,0.14232985027562264
341,142.296058327096,12,1,0,0,1.4123092010105882,0.14218752042534702
342,221.45167734763515,44,1,0,0,1.3763482328916365,0.1420453329049217
343,186.08858226447225,28,1,0,0,1.4745026997435875,0.14190328757201676
344,171.24627837418936,20,1,0,0,1.2223222439081491,0.14176138428444474
345,242.9648955783242,43,1,0,0,1.355160874485792,0.14161962290016028
346,192.64884487256364,27,1,0,0,1.4369452646947594,0.14147800327726012
347,159.3263041877956,18,1,0,0,1.3778151694791765,0.14133652527398285
348,165.3253765107903,68,1,0,0,1.4565798478466805,0.1411951887487089
349,152.0361341189398,17,1,0,0,1.4395828473162717,0.14105399355996018
350,162.61542762885958,23,1,0,0,1.365480343105623,0.14091293956640022
351,230.32792714087947,194,1,0,0,1.452770057395732,0.14077202662683383
352,193.76654038671577,26,1,0,0,1.2116747559573597,0.14063125460020698
353,160.92741749913765,23,1,0,0,1.4577860851399524,0.14049062334560677
354,138.5701342506074,12,1,0,0,1.4264939018513088,0.14035013272226116
355,211.19706322230726,58,1,0,0,1.4748477130266986,0.14020978258953892
356,191.24183693975763,34,1,0,0,1.380927449055337,0.14006957280694937
357,177.3161992834531,30,1,0,0,1.4782699853148846,0.1399295032341424
358,161.76728711412497,22,1,0,0,1.353447579449319,0.13978957373090828
359,218.13565855730405,80,1,0,0,1.4648055893599232,0.13964978415717738
360,202.55610077077432,30,1,0,0,1.4467400745400651,0.13951013437302018
361,146.96365968256913,53,1,0,0,1.4259163732860478,0.13937062423864718
362,157.60266762647208,22,1,0,0,1.4353695558753443,0.13923125361440852
363,162.28471126292695,18,1,0,0,1.408140292595789,0.13909202236079413
364,171.39148365187307,22,1,0,0,1.2661137666138567,0.13895293033843334
365,147.8988705741819,18,1,0,0,1.3434195856828803,0.1388139774080949
366,162.45072072797285,24,1,0,0,1.4754069011344755,0.1386751634306868
367,205.02178755067683,27,1,0,0,1.3479296244287282,0.13853648826725612
368,100.0,1,1,0,0,0.734959125971236,0.13839795177898884
369,181.3920617244545,28,1,0,0,1.4858679994626756,0.13825955382720986
370,101.36149853653288,200,0,0,1,1.9405797724408076,0.13812129427338266
371,186.81940651528225,42,1,0,0,1.444204018991786,0.13798317297910928
372,190.7846513418191,27,1,0,0,1.1877089054172953,0.13784518980613017
373,134.79027781033574,10,1,0,0,1.4342611861793175,0.13770734461632403
374,162.0767040790776,17,1,0,0,1.4629142396027481,0.1375696372717077
375,236.5462196663567,49,1,0,0,1.1612504613856374,0.137432067634436
376,190.253097421379,22,1,0,0,1.486346832655418,0.13729463556680155
377,181.65510583923424,36,1,0,0,1.493839273910859,0.13715734093123474
378,174.22994201044696,27,1,0,0,1.3744529005578014,0.13702018359030352
379,53.81846661440438,200,0,0,1,2.6149071031268813,0.13688316340671322
380,162.60049368821944,53,1,0,0,1.467146330691708,0.1367462802433065
381,168.36717894950593,22,1,0,0,1.3835502315610964,0.1366095339630632
382,176.91185841457872,27,1,0,0,1.3444938272546945,0.13647292442910014
383,46.57956263520676,200,0,0,1,3.0133234707985475,0.13633645150467105
384,134.69032190002156,132,1,0,0,1.424296095517918,0.13620011505316637
385,55.977978712886376,200,0,0,1,2.037033458292431,0.13606391493811318
386,116.0041664293085,5,1,0,0,1.2665545650361802,0.1359278510231751
387,171.50110828657063,18,1,0,0,1.2425662707639904,0.1357919231721519
388,15.38651448028183,200,0,0,1,5.542491058364077,0.13565613124897977
389,120.11068943838399,112,1,0,0,1.4760067396253687,0.13552047511773077
390,165.0264342392855,22,1,0,0,1.3217718514036159,0.13538495464261305
391,134.94143028620522,84,1,0,0,1.437112879903158,0.13524956968797044
392,174.82502776845138,52,1,0,0,1.440848514982674,0.13511432011828248
393,193.78720588754337,22,1,0,0,1.4004363473451449,0.1349792057981642
394,124.88001119484653,9,1,0,0,1.3207921087959735,0.13484422659236603
395,156.5282505853179,20,1,0,0,1.2220766633852238,0.13470938236577365
396,136.30492403830544,9,1,0,0,1.4352052530558126,0.1345746729834079
397,48.63490729113804,200,0,0,1,2.072494409477079,0.13444009831042447
398,189.79078120540413,24,1,0,0,1.3694816543491892,0.13430565821211404
399,230.58177619460525,50,1,0,0,1.484095666994881,0.13417135255390195
400,139.5943257253427,13,1,0,0,1.444875450130092,0.13403718120134803
401,108.40521283665231,3,1,0,0,1.4163481189211937,0.13390314402014666
402,162.3558126063801,18,1,0,0,1.4459798024350594,0.13376924087612654
403,189.3300040685521,34,1,0,0,1.451457144183089,0.1336354716352504
404,179.18961381799616,22,1,0,0,1.4533459633489423,0.13350183616361516
405,152.68965363043384,14,1,0,0,1.1593969871536132,0.13336833432745154
406,171.08410070214163,77,1,0,0,1.4493635058662615,0.1332349659931241
407,261.9110935203131,58,1,0,0,1.3930559488705054,0.13310173102713097
408,200.51405151189527,30,1,0,0,1.2908107683255239,0.13296862929610384
409,148.11233140456264,17,1,0,0,1.3951593359941117,0.13283566066680771
410,180.08400062131648,60,1,0,0,1.4572298186377872,0.13270282500614092
411,145.82543002924123,15,1,0,0,1.3660715687012668,0.1325701221811348
412,156.36013464940493,24,1,0,0,1.3979430177790304,0.13243755205895366
413,174.09935948239533,22,1,0,0,1.481908691692972,0.1323051145068947
414,167.9059219359135,18,1,0,0,1.4186934071920436,0.13217280939238782
415,217.01000892502339,31,1,0,0,1.2883816218174555,0.13204063658299542
416,274.3277080321392,58,1,0,0,1.3939884673432714,0.13190859594641244
417,166.54987798915857,20,1,0,0,1.4394831270648965,0.131776687350466
418,256.48544714843115,184,1,0,0,1.4427332027835902,0.13164491066311554
419,129.48051733737498,8,1,0,0,1.3786944536147159,0.13151326575245242
420,229.27169225366242,94,1,0,0,1.4340291154213114,0.13138175248669998
421,161.59934379528508,42,1,0,0,1.4258118856341409,0.13125037073421328
422,133.1701550531549,10,1,0,0,1.2981596133954307,0.13111912036347906
423,207.76761504265687,28,1,0,0,1.2299532948777998,0.13098800124311558
424,189.91300863991825,32,1,0,0,1.496866559920258,0.13085701324187246
425,152.29403560577668,19,1,0,0,1.457586645973015,0.13072615622863057
426,147.22324226142717,18,1,0,0,1.332901627765132,0.13059543007240196
427,146.05984792615044,18,1,0,0,1.261286647230283,0.13046483464232955
428,153.55033933247444,19,1,0,0,1.4484839619482148,0.13033436980768723
429,156.48728858808178,19,1,0,0,1.384418827842655,0.13020403543787953
430,224.32695340125338,39,1,0,0,1.4239582452286055,0.13007383140244166
431,173.84019371467616,20,1,0,0,1.281821947026594,0.12994375757103924
432,171.17085905578588,21,1,0,0,1.400820888063773,0.12981381381346818
433,157.10068888370546,21,1,0,0,1.3493395555299375,0.12968399999965471
434,75.42887574365508,200,0,0,1,2.2405698969350305,0.12955431599965506
435,154.5164238918161,17,1,0,0,1.4544765633354921,0.1294247616836554
436,163.24294914655363,15,1,0,0,1.4967796770269473,0.12929533692197176
437,155.01456065226898,76,1,0,0,1.3376859913582975,0.12916604158504977
438,174.56273301192886,23,1,0,0,1.4283430314927208,0.12903687554346474
439,203.90849326605846,35,1,0,0,1.3784436196169758,0.12890783866792127
440,107.12532976417724,3,1,0,0,1.4183087087834316,0.12877893082925335
441,137.56897733011073,11,1,0,0,1.329657468735915,0.12865015189842408
442,151.72476495407204,18,1,0,0,1.1268166170867133,0.12852150174652566
443,120.45690672426889,6,1,0,0,1.49309255564281,0.12839298024477913
444,263.5295459241321,56,1,0,0,1.35295904188123,0.12826458726453435
445,275.4388367519073,64,1,0,0,1.3895420214745071,0.12813632267726982
446,146.35822962451283,17,1,0,0,1.439881717191402,0.12800818635459255
447,180.41947976160117,24,1,0,0,1.4712449549765978,0.12788017816823796
448,152.07498911485567,19,1,0,0,1.3575968515134211,0.1277522979900697
449,191.62567918252387,90,1,0,0,1.4496587804050711,0.12762454569207965
450,144.32567900554997,10,1,0,0,1.4729040275902072,0.12749692114638755
451,230.98892261787253,38,1,0,0,1.3102310537262791,0.1273694242252412
452,186.50656926363632,22,1,0,0,1.3305139322810842,0.12724205480101594
453,186.32806072075323,24,1,0,0,1.1911696086748578,0.12711481274621492
454,150.9870616235412,18,1,0,0,1.443341571231801,0.12698769793346873
455,245.94641681936315,43,1,0,0,1.33137060325407,0.12686071023553522
456,141.23204181021248,10,1,0,0,1.36208583019048,0.1267338495252997
457,225.3616837896054,46,1,0,0,1.4945903470031532,0.1266071156757744
458,192.58919123422982,24,1,0,0,1.4488375352973664,0.12648050856009863
459,155.51350497905236,21,1,0,0,1.483100250680141,0.12635402805153853
460,242.03706529108928,200,1,0,0,1.4597954880441641,0.12622767402348697
461,174.2957137441797,23,1,0,0,1.468022373888016,0.1261014463494635
462,141.52886261898794,19,1,0,0,1.4586822000568116,0.12597534490311404
463,162.228977189918,15,1,0,0,1.429693705958153,0.12584936955821094
464,190.84483305845782,22,1,0,0,1.253175886523012,0.1257235201886527
465,156.7423392180116,16,1,0,0,1.3318527659659778,0.12559779666846407
466,146.25422446012965,16,1,0,0,1.390867133496303,0.1254721988717956
467,143.29324566495808,16,1,0,0,1.4701513214285775,0.1253467266729238
468,170.90659756171758,73,1,0,0,1.451480962794836,0.12522137994625088
469,180.34315846806737,31,1,0,0,1.4029811069998286,0.12509615856630463
470,211.89833478615083,57,1,0,0,1.2894096383825104,0.12497106240773832
471,158.56499660349894,16,1,0,0,1.4877100294158607,0.12484609134533059
472,152.71131104925166,20,1,0,0,1.3277103110039483,0.12472124525398526
473,142.4582754941851,36,1,0,0,1.4726941534725588,0.12459652400873128
474,170.23953636619314,26,1,0,0,1.455150308728938,0.12447192748472254
475,158.08754959874904,16,1,0,0,1.2668066797114308,0.12434745555723781
476,159.01790175052489,22,1,0,0,1.3355659278236098,0.12422310810168058
477,182.71029690042354,118,1,0,0,1.4873699775474472,0.12409888499357889
478,149.56399251548086,18,1,0,0,1.4304915936376092,0.12397478610858532
479,164.47286318640244,17,1,0,0,1.4346899704606375,0.12385081132247673
480,183.28845340909672,74,1,0,0,1.415983829566532,0.12372696051115427
481,150.2553704316382,13,1,0,0,1.2912392894811706,0.1236032335506431
482,154.15372338201487,15,1,0,0,1.368447316234533,0.12347963031709247
483,196.88490124805156,28,1,0,0,1.3941401065063859,0.12335615068677537
484,164.1149961630843,22,1,0,0,1.3990734310080832,0.12323279453608858
485,177.33164326159678,26,1,0,0,1.4669801297591576,0.1231095617415525
486,197.33648736406707,30,1,0,0,1.3308857319394096,0.12298645217981095
487,254.62919260826635,54,1,0,0,1.46203359722821,0.12286346572763114
488,191.74825135167868,24,1,0,0,1.4180456262794512,0.12274060226190352
489,189.55865066133927,34,1,0,0,1.3098458593467752,0.1226178616596416
490,167.72730952212137,62,1,0,0,1.4979535791791583,0.12249524379798196
491,133.66978312675127,88,1,0,0,1.405318858718483,0.12237274855418397
492,136.76236597559068,200,0,0,1,2.5525121032258995,0.1222503758056298
493,182.36772210305332,26,1,0,0,1.4346944653050893,0.12212812542982417
494,82.12625108236072,200,0,0,1,1.7204639011701952,0.12200599730439435
495,66.56894299280452,200,0,0,1,2.211863365699621,0.12188399130708993
496,176.57881792031634,22,1,0,0,1.486721028349605,0.12176210731578285
497,100.0,1,1,0,0,0.6876936604904846,0.12164034520846707
498,172.36275802099567,20,1,0,0,1.4791064322566791,0.12151870486325861
499,216.42642708138146,36,1,0,0,1.4102418235348542,0.12139718615839534
500,202.92035002353762,35,1,0,0,1.3864441379530197,0.12127578897223695
501,127.34650938496964,110,1,0,0,1.4558636826518645,0.12115451318326471
502,75.14471476653036,200,0,0,1,1.702557982448012,0.12103335867008146
503,105.82620901003418,200,0,0,1,2.01444421923091,0.12091232531141137
504,166.44847999001607,43,1,0,0,1.4673616683323436,0.12079141298609995
505,172.01390489206727,19,1,0,0,1.388730256630802,0.12067062157311387
506,191.62661144024196,21,1,0,0,1.4118794384993092,0.12054995095154074
507,100.0,1,1,0,0,0.9764697631104277,0.12042940100058919
508,205.6358315563495,29,1,0,0,1.3871023803180396,0.1203089715995886
509,164.94788473514672,93,1,0,0,1.4347693344399364,0.12018866262798902
510,191.39188671608673,37,1,0,0,1.4421522463218508,0.12006847396536102
511,73.32417430297144,200,0,0,1,1.8400156346695467,0.11994840549139568
512,168.94330820875595,18,1,0,0,1.4924412201264612,0.11982845708590428
513,153.2045593563295,16,1,0,0,1.3359372949189359,0.11970862862881837
514,200.07330785144018,26,1,0,0,1.3372284666298164,0.11958892000018956
515,111.69683314747341,4,1,0,0,1.1967439986638881,0.11946933108018937
516,171.20770407323744,27,1,0,0,1.4596018141040168,0.11934986174910918
517,160.64526976395894,16,1,0,0,1.4414775236193023,0.11923051188736007
518,167.6492163677585,18,1,0,0,1.3561810853884573,0.11911128137547272
519,250.74311698227234,50,1,0,0,1.4248124696595945,0.11899217009409724
520,146.88011024704318,129,1,0,0,1.4250919418696866,0.11887317792400315
521,129.55213841724017,9,1,0,0,1.2235239147093417,0.11875430474607913
522,164.27586143476307,19,1,0,0,1.3460075726279879,0.11863555044133306
523,106.77960754701454,3,1,0,0,1.3014237469555296,0.11851691489089172
524,169.89154785168625,24,1,0,0,1.423031044805433,0.11839839797600082
525,121.40366424786683,189,1,0,0,1.4907905741642815,0.11827999957802482
526,191.16294266059202,29,1,0,0,1.4604936770990504,0.11816171957844679
527,168.83332220269796,60,1,0,0,1.452926681500741,0.11804355785886836
528,168.71763039039772,21,1,0,0,1.2955296648026209,0.11792551430100949
529,71.68489698313911,200,0,0,1,1.9374998334150133,0.11780758878670848
530,179.88167155630703,32,1,0,0,1.4773195640651882,0.11768978119792178
531,162.5859865842783,158,1,0,0,1.4799415586743407,0.11757209141672385
532,222.44898077584804,127,1,0,0,1.4617103943262382,0.11745451932530714
533,111.67951326337052,5,1,0,0,1.3875135482390615,0.11733706480598181
534,202.7507659515318,40,1,0,0,1.496971991706962,0.11721972774117584
535,164.76554977346683,24,1,0,0,1.3186282793604773,0.11710250801343465
536,183.42155233854587,24,1,0,0,1.3646809601404832,0.11698540550542123
537,143.55957097534244,16,1,0,0,1.3209386722117318,0.11686842009991581
538,125.08434536029829,200,0,0,1,1.7243267159334001,0.11675155167981588
539,216.13972385436279,45,1,0,0,1.4597420629161146,0.11663480012813608
540,54.50886069653703,200,0,0,1,2.848716577360779,0.11651816532800795
541,177.67654019178337,24,1,0,0,1.4609025507367641,0.11640164716267992
542,139.39214916441213,14,1,0,0,1.4194752873282401,0.11628524551551725
543,48.78979558952306,200,0,0,1,3.321231569962452,0.11616896027000173
544,97.25825508070588,200,0,0,1,2.7676968913326645,0.11605279130973173
545,152.21280998103754,17,1,0,0,1.2040991700891661,0.115936738518422
546,46.09672973427685,200,0,0,1,2.8062211082580224,0.11582080177990357
547,153.50874039423147,97,1,0,0,1.4887383260057783,0.11570498097812368
548,177.67398719939098,96,1,0,0,1.4656771448655912,0.11558927599714555
549,178.4423430667504,22,1,0,0,1.267318479177578,0.1154736867211484
550,81.28093564035989,200,0,0,1,1.9534867487379481,0.11535821303442724
551,149.95696036567244,18,1,0,0,1.2901342722294356,0.11524285482139283
552,126.51583733037525,12,1,0,0,1.3348207832711503,0.11512761196657142
553,138.47893656280377,10,1,0,0,1.3781519976087502,0.11501248435460486
554,198.12513951130035,23,1,0,0,1.4312514248132269,0.11489747187025026
555,167.0976010564582,18,1,0,0,1.370602815733265,0.11478257439838001
556,205.90401926855517,44,1,0,0,1.4478310671995585,0.11466779182398162
557,245.71124912621647,169,1,0,0,1.4673142913559758,0.11455312403215763
558,149.42971812654088,18,1,0,0,1.4112164755949703,0.11443857090812548
559,124.02355403766127,14,1,0,0,1.466212013556514,0.11432413233721737
560,180.98876994198412,22,1,0,0,1.4745700649216338,0.11420980820488014
561,255.29727216323752,51,1,0,0,1.3958436976466353,0.11409559839667525
562,147.62304496221958,13,1,0,0,1.341303431457204,0.1139815027982786
563,172.3015138927602,19,1,0,0,1.346666129188995,0.1138675212954803
564,162.49268002220936,20,1,0,0,1.4980598911995069,0.11375365377418484
565,231.78901931003648,50,1,0,0,1.465204866091315,0.11363990012041064
566,153.32660098265978,21,1,0,0,1.454045241888119,0.11352626022029022
567,183.68132452584507,30,1,0,0,1.442308390616199,0.11341273396006996
568,176.84193412192673,189,1,0,0,1.448745810703122,0.11329932122610986
569,145.14623391168996,14,1,0,0,1.4148772534081744,0.11318602190488376
570,143.47787658349944,19,1,0,0,1.4275415425381335,0.11307283588297888
571,100.0,1,1,0,0,1.2010729810860907,0.1129597630470959
572,164.5225044642263,24,1,0,0,1.0997729968137875,0.1128468032840488
573,237.93998827722024,41,1,0,0,1.4222275141373142,0.11273395648076474
574,195.4490648043461,65,1,0,0,1.4889024154384756,0.112621222524284
575,173.41269315588244,17,1,0,0,1.4287638213927827,0.11250860130175971
576,173.8188195701674,29,1,0,0,1.491416964555843,0.11239609270045794
577,203.487847102648,38,1,0,0,1.4911074766862489,0.11228369660775749
578,167.3415610077284,24,1,0,0,1.3123911951169516,0.11217141291114972
579,201.3263440242702,28,1,0,0,1.492862215381483,0.1120592414982386
580,173.8640004474911,48,1,0,0,1.4300033212374115,0.11194718225674034
581,156.28516245626915,70,1,0,0,1.4669603185803117,0.11183523507448359
582,99.77323935328478,200,0,0,1,2.6881973251316085,0.11172339983940911
583,157.66458619677806,15,1,0,0,1.393424300289678,0.11161167643956971
584,191.03826468733456,59,1,0,0,1.4863318140945847,0.11150006476313012
585,126.10761351512176,8,1,0,0,1.3395416292671842,0.111388564698367
586,156.96664071261796,16,1,0,0,1.4444188137257246,0.11127717613366864
587,185.72410567990187,25,1,0,0,1.3355083737028197,0.11116589895753498
588,158.36711837133967,78,1,0,0,1.4873465351206896,0.11105473305857744
589,95.85490534755705,200,0,0,1,2.2163561113476464,0.11094367832551887
590,272.1898784668741,65,1,0,0,1.444156750187596,0.11083273464719334
591,147.85933527202974,19,1,0,0,1.4219537417560368,0.11072190191254615
592,187.21813673143058,21,1,0,0,1.3946240972722026,0.1106111800106336
593,188.69523157286093,22,1,0,0,1.3687940925744153,0.11050056883062297
594,211.4893763741713,39,1,0,0,1.4244383600773158,0.11039006826179235
595,206.16190394509005,39,1,0,0,1.45811486060598,0.11027967819353056
596,205.2887897558067,43,1,0,0,1.4103703511366068,0.11016939851533702
597,188.6995654286931,24,1,0,0,1.3413537024192796,0.1100592291168217
598,182.99536205890894,23,1,0,0,1.3691653017038057,0.10994916988770487
599,230.85387421656284,47,1,0,0,1.4865378969649017,0.10983922071781715
600,161.72322978962603,19,1,0,0,1.4939155820569958,0.10972938149709935
601,60.99820577167235,200,0,0,1,3.119073955592081,0.10961965211560223
602,191.05023670908867,24,1,0,0,1.4901428586363157,0.10951003246348663
603,168.0082750115264,49,1,0,0,1.488473807761193,0.10940052243102315
604,134.87198272333836,15,1,0,0,1.423246148220029,0.10929112190859212
605,146.36520907157723,15,1,0,0,1.417943539319385,0.10918183078668353
606,188.3911580742219,20,1,0,0,1.4182310851605056,0.10907264895589686
607,119.36358058122417,8,1,0,0,1.237820340324313,0.10896357630694097
608,209.5226404514945,128,1,0,0,1.482833395871894,0.10885461273063401
609,138.65924680616536,10,1,0,0,1.294754807641019,0.10874575811790338
610,211.94341699335,41,1,0,0,1.4238936523257446,0.10863701235978547
611,146.72297876373517,57,1,0,0,1.4713639836013757,0.10852837534742568
612,161.99669460773254,18,1,0,0,1.3000670206126559,0.10841984697207828
613,147.59381240672988,20,1,0,0,1.4603422900321974,0.10831142712510618
614,149.24948978093892,18,1,0,0,1.4959508972960283,0.10820311569798108
615,54.24708414024371,200,0,0,1,1.6576486132350934,0.1080949125822831
616,130.24437532273055,10,1,0,0,1.3939717324878027,0.10798681766970082
617,149.2455765670843,18,1,0,0,1.4319019225992344,0.10787883085203112
618,217.0615870377373,67,1,0,0,1.4244649268988043,0.10777095202117909
619,149.38813805205316,16,1,0,0,1.4325304588712222,0.10766318106915791
620,155.2377829858994,28,1,0,0,1.4709362533090433,0.10755551788808876
621,26.40684298725472,200,0,0,1,3.9877139417099126,0.10744796237020066
622,47.21676717610791,200,0,0,1,3.93936680460591,0.10734051440783046
623,129.20792555271123,11,1,0,0,1.470374164594007,0.10723317389342263
624,123.24125972435064,7,1,0,0,1.3920332015164771,0.10712594071952919
625,180.50067141937757,30,1,0,0,1.458012327392863,0.10701881477880969
626,163.81304541688826,18,1,0,0,1.3036341083480683,0.10691179596403087
627,128.41466345432738,9,1,0,0,1.3812693552005053,0.10680488416806684
628,142.6482883228141,14,1,0,0,1.3095274202535656,0.10669807928389877
629,227.481152301257,43,1,0,0,1.499784169109226,0.10659138120461487
630,129.3109374218556,10,1,0,0,1.4813474063812533,0.10648478982341025
631,127.62321544678892,12,1,0,0,1.3832600677857394,0.10637830503358683
632,135.46118130602915,13,1,0,0,1.482497920205875,0.10627192672855326
633,177.34686828226972,25,1,0,0,1.3412834728557688,0.1061656548018247
634,156.93072379508223,23,1,0,0,1.4236128760470361,0.10605948914702289
635,31.223150643355506,200,0,0,1,2.3527024592592465,0.10595342965787585
636,153.43866004649118,20,1,0,0,1.4270768363330901,0.10584747622821798
637,176.0494220210041,70,1,0,0,1.4523914231763293,0.10574162875198977
638,173.48725469214935,20,1,0,0,1.4625874079018764,0.10563588712323778
639,175.85836466008737,24,1,0,0,1.4122768932402812,0.10553025123611454
640,239.50838319137205,49,1,0,0,1.4871671050434858,0.10542472098487841
641,135.51819288047426,10,1,0,0,1.3123661790551333,0.10531929626389354
642,85.29586320692584,200,0,0,1,2.4692285234329288,0.10521397696762964
643,149.13121989398428,14,1,0,0,1.3014554502411635,0.10510876299066202
644,171.59502930642606,26,1,0,0,1.4124711389526987,0.10500365422767136
645,207.56788298923504,35,1,0,0,1.361183555282456,0.10489865057344368
646,231.64905993355265,48,1,0,0,1.41504057616864,0.10479375192287024
647,156.75364005280937,21,1,0,0,1.3953633218508494,0.10468895817094737
648,203.83915955741884,25,1,0,0,1.3248125501688328,0.10458426921277642
649,152.87771942654263,19,1,0,0,1.3624131671558983,0.10447968494356363
650,149.97217030380546,19,1,0,0,1.2100113781034683,0.10437520525862008
651,157.3549734996204,22,1,0,0,1.407665475013576,0.10427083005336146
652,58.83787387602922,200,0,0,1,3.222674740026443,0.10416655922330809
653,142.91426057120535,170,1,0,0,1.4948013537898017,0.10406239266408479
654,148.0417835169617,25,1,0,0,1.4662463632970182,0.1039583302714207
655,132.32812963026376,13,1,0,0,1.4272374124519274,0.10385437194114928
656,134.75048648221625,14,1,0,0,1.4634884670365669,0.10375051756920813
657,130.09860879578775,10,1,0,0,1.3943929864885538,0.10364676705163894
658,40.92029066062101,200,0,0,1,4.040603246632254,0.10354312028458729
659,-7.344701237234492,200,0,0,1,3.979298608921326,0.1034395771643027
660,204.98761773949633,95,1,0,0,1.4657224813651137,0.1033361375871384
661,165.25015723068182,68,1,0,0,1.4444234331700818,0.10323280144955126
662,214.59476341624946,25,1,0,0,1.4810482053578886,0.1031295686481017
663,175.70417135985753,23,1,0,0,1.4270614783572024,0.10302643907945362
664,180.85085474195319,20,1,0,0,1.4998298377877264,0.10292341264037415
665,165.82746725655426,22,1,0,0,1.3459478743964082,0.10282048922773378
666,165.988804046263,37,1,0,0,1.479880880720555,0.10271766873850606
667,31.360362266839264,200,0,0,1,3.496198795476786,0.10261495106976753
668,176.71778709681956,21,1,0,0,1.3546085055163135,0.10251233611869777
669,159.54587200184196,15,1,0,0,1.4284397990872963,0.10240982378257908
670,21.917022036898295,200,0,0,1,3.953914080026961,0.1023074139587965
671,146.1254161836063,16,1,0,0,1.3723655990694368,0.1022051065448377
672,155.38379108465443,15,1,0,0,1.3966693792348708,0.10210290143829287
673,141.81790287462314,27,1,0,0,1.4944107537707125,0.10200079853685456
674,205.81023132356012,34,1,0,0,1.458680940356472,0.10189879773831773
675,156.59307427873622,174,1,0,0,1.458146337555357,0.1017968989405794
676,154.42527029465901,18,1,0,0,1.4767412689165194,0.10169510204163881
677,174.20171052136175,26,1,0,0,1.2690793984349866,0.10159340693959718
678,210.18069725043964,26,1,0,0,1.4254829186227393,0.10149181353265757
679,60.556191502485206,200,0,0,1,2.0860596107153757,0.10139032171912493
680,222.0192980327572,39,1,0,0,1.496222367580997,0.1012889313974058
681,176.4128819547788,23,1,0,0,1.2851116484274643,0.10118764246600838
682,171.95220297607977,28,1,0,0,1.4809088734394493,0.10108645482354238
683,231.33597559067178,39,1,0,0,1.3915548067664651,0.10098536836871884
684,178.8842549204497,23,1,0,0,1.3445315421162216,0.10088438300035013
685,67.15249557499733,200,0,0,1,3.7320316637287463,0.10078349861734977
686,145.60808970933422,86,1,0,0,1.4571785504213486,0.10068271511873242
687,141.87415964760743,16,1,0,0,1.4714268570226,0.10058203240361369
688,30.522761384823053,200,0,0,1,3.5554420647604523,0.10048145037121009
689,146.46746383287527,37,1,0,0,1.3659349400600767,0.10038096892083886
690,164.5647354648243,37,1,0,0,1.4882723115894272,0.10028058795191802
691,167.45535793141016,183,1,0,0,1.4268139703669966,0.1001803073639661
692,167.832790957812,23,1,0,0,1.4939581615681745,0.10008012705660214
693,154.279992757466,23,1,0,0,1.4949979113509009,0.09998004692954554
694,169.04115358099435,24,1,0,0,1.495187032530092,0.099880066882616
695,187.02594110502974,25,1,0,0,1.3688333210197416,0.09978018681573338
696,59.20562814223616,200,0,0,1,2.2497724740333624,0.09968040662891764
697,181.71037513475557,39,1,0,0,1.462032553214764,0.09958072622228872
698,123.7976559988062,12,1,0,0,1.347810026532335,0.09948114549606644
699,153.51951700883657,16,1,0,0,1.425206731095936,0.09938166435057037
700,144.20078668629452,12,1,0,0,1.407153823325362,0.0992822826862198
701,228.51019826762223,38,1,0,0,1.3640247876792058,0.09918300040353357
702,139.6005554109356,94,1,0,0,1.4826338990623658,0.09908381740313005
703,156.05344777962196,33,1,0,0,1.4794502253700075,0.09898473358572692
704,199.2990006109476,171,1,0,0,1.456235125614502,0.09888574885214119
705,173.44194752985243,23,1,0,0,1.49610908423636,0.09878686310328905
706,256.1366883667272,50,1,0,0,1.4295418049448674,0.09868807624018576
707,137.33373173106474,14,1,0,0,1.4959366850225013,0.09858938816394558
708,162.42596817070014,20,1,0,0,1.4617334309406984,0.09849079877578162
709,195.637908291271,24,1,0,0,1.4846017999389707,0.09839230797700585
710,149.3313307047217,19,1,0,0,1.4968778216810512,0.09829391566902884
711,35.38885545022648,200,0,0,1,1.8277727355541964,0.09819562175335982
712,54.955872036216704,200,0,0,1,6.318318327475775,0.09809742613160645
713,187.96992419211634,24,1,0,0,1.3582209014644036,0.09799932870547484
714,145.68005944910226,13,1,0,0,1.295591857360462,0.09790132937676937
715,-0.29855888123487206,200,0,0,1,3.860370114568207,0.0978034280473926
716,177.18670127429118,22,1,0,0,1.4208298941579214,0.0977056246193452
717,169.4653911707208,18,1,0,0,1.4815521658933404,0.09760791899472587
718,190.50145239402173,62,1,0,0,1.4409365879755658,0.09751031107573113
719,166.8696009976891,23,1,0,0,1.4262786385546224,0.09741280076465542
720,-28.301937317588386,200,0,0,1,6.6866531205144355,0.09731538796389075
721,91.21979102133132,138,1,0,0,1.4015611367905394,0.09721807257592685
722,141.28813966488303,18,1,0,0,1.4996725721705058,0.09712085450335094
723,163.59630713191598,33,1,0,0,1.3987243424620952,0.09702373364884759
724,175.80100013280799,21,1,0,0,1.3905534005919051,0.09692670991519874
725,160.5748413444164,17,1,0,0,1.3832379078458787,0.09682978320528353
726,174.10571126543937,28,1,0,0,1.2870061710724667,0.09673295342207826
727,176.77013002594506,17,1,0,0,1.3378699820715003,0.09663622046865616
728,144.19535314926037,17,1,0,0,1.3646397879463699,0.09653958424818752
729,174.87327118017097,32,1,0,0,1.2554529298085302,0.09644304466393933
730,162.4911457075206,23,1,0,0,1.4895832666949227,0.09634660161927538
731,181.19513303248087,33,1,0,0,1.4687542150952009,0.0962502550176561
732,171.04268235124079,23,1,0,0,1.3652305991042493,0.09615400476263847
733,173.07957942739534,19,1,0,0,1.2896125011442414,0.09605785075787582
734,85.76666045808047,200,0,0,1,2.6267349752995455,0.09596179290711794
735,172.19941466882864,130,1,0,0,1.4684492417123969,0.09586583111421082
736,223.28437587573535,42,1,0,0,1.455496531068268,0.09576996528309661
737,90.57456746089164,200,0,0,1,2.153908440529489,0.09567419531781352
738,195.77910413279693,76,1,0,0,1.4911821834543768,0.09557852112249571
739,152.13149770868426,17,1,0,0,1.3893395654933547,0.0954829426013732
740,160.84404815481554,22,1,0,0,1.4489424196895329,0.09538745965877184
741,172.15099245582775,25,1,0,0,1.164896788304461,0.09529207219911306
742,157.83659037228423,39,1,0,0,1.4375860663360338,0.09519678012691396
743,184.84219051724648,38,1,0,0,1.4984567769871158,0.09510158334678703
744,116.66601054086013,5,1,0,0,1.4026435424197479,0.09500648176344025
745,171.5434294702597,16,1,0,0,1.350720494735566,0.09491147528167682
746,161.1306532436464,20,1,0,0,1.4939650439490966,0.09481656380639514
747,222.75307688458935,34,1,0,0,1.3836601050938584,0.09472174724258874
748,196.6987047171914,33,1,0,0,1.4766640393567736,0.09462702549534614
749,163.67824627787198,35,1,0,0,1.4016973672084172,0.0945323984698508
750,157.99669449077066,16,1,0,0,1.4422331111375066,0.09443786607138095
751,169.1803455996711,56,1,0,0,1.4658583452011362,0.09434342820530957
752,213.80388799587473,31,1,0,0,1.2299666050820937,0.09424908477710425
753,188.46689387059527,24,1,0,0,1.4595143724378505,0.09415483569232716
754,244.5268352653523,51,1,0,0,1.4269344512838982,0.09406068085663483
755,178.65976529272282,19,1,0,0,1.374131708204781,0.0939666201757782
756,142.88648790884773,17,1,0,0,1.4033160848305397,0.09387265355560243
757,205.7469414609211,29,1,0,0,1.4289460342065228,0.09377878090204682
758,175.32263223700642,172,1,0,0,1.462201593647148,0.09368500212114476
759,168.65165512187218,25,1,0,0,1.4572803210101313,0.09359131711902363
760,218.9291833493773,36,1,0,0,1.3326489562764618,0.0934977258019046
761,155.21631438889432,16,1,0,0,1.447235020637616,0.0934042280761027
762,135.6823640467658,11,1,0,0,1.4681583114729548,0.09331082384802658
763,179.04587291100998,22,1,0,0,1.4562713262391134,0.09321751302417856
764,170.42883663917365,18,1,0,0,1.3299812875298456,0.09312429551115438
765,129.57868049083442,9,1,0,0,1.2824377151270165,0.09303117121564324
766,123.1462318808207,9,1,0,0,1.440769077370268,0.09293814004442759
767,146.48135251615523,16,1,0,0,1.3564782993896594,0.09284520190438317
768,162.6254417594095,19,1,0,0,1.4765888815620134,0.09275235670247878
769,161.32884121935942,20,1,0,0,1.3750309957157145,0.0926596043457763
770,172.63237552982633,19,1,0,0,1.2504591403786542,0.09256694474143051
771,159.8041796664119,22,1,0,0,1.3862426494257363,0.0924743777966891
772,159.98483245354254,22,1,0,0,1.370808384373446,0.09238190341889241
773,145.2695989994982,11,1,0,0,1.1853384268907274,0.09228952151547351
774,180.62480469793098,20,1,0,0,1.2673811375417883,0.09219723199395803
775,180.40510861790807,29,1,0,0,1.4644486100993415,0.09210503476196408
776,136.12082110980649,32,1,0,0,1.463339498969075,0.09201292972720211
777,177.45900827823118,49,1,0,0,1.4373570456794684,0.09192091679747491
778,163.10025775854297,17,1,0,0,1.3649824654295,0.09182899588067744
779,152.4202742198196,18,1,0,0,1.4923412379047492,0.09173716688479676
780,197.92864148671032,56,1,0,0,1.4492965033880423,0.09164542971791195
781,134.04589061756906,12,1,0,0,1.4296871569648903,0.09155378428819405
782,43.18194782285874,200,0,0,1,6.052840871582827,0.09146223050390585
783,244.1107720948537,50,1,0,0,1.471411274870456,0.09137076827340196
784,164.12487925368788,19,1,0,0,1.2408631852118515,0.09127939750512855
785,208.59147896610557,28,1,0,0,1.4924666649341312,0.09118811810762342
786,167.1596750271078,24,1,0,0,1.2741463083131515,0.0910969299895158
787,188.92788830524722,27,1,0,0,1.4936567053715955,0.09100583305952628
788,159.02828302741568,54,1,0,0,1.4758024196468214,0.09091482722646675
789,128.72249247881962,28,1,0,0,1.4803188819351778,0.09082391239924029
790,146.91606500464982,12,1,0,0,1.397976953870331,0.09073308848684104
791,218.40020149884026,49,1,0,0,1.4585428351121823,0.0906423553983542
792,175.65035865348887,24,1,0,0,1.4682493346480119,0.09055171304295584
793,178.18605124368653,36,1,0,0,1.4824808110112941,0.09046116132991289
794,155.16514805172778,24,1,0,0,1.2399296272806364,0.09037070016858298
795,43.193830615599154,200,0,0,1,1.9638171906662016,0.0902803294684144
796,167.17349565755302,18,1,0,0,1.490120386998939,0.09019004913894599
797,188.6828506698667,28,1,0,0,1.2729026735454871,0.09009985908980704
798,143.71113646107392,17,1,0,0,1.3268729651301738,0.09000975923071723
799,174.73327964713664,20,1,0,0,1.4209732278164744,0.08991974947148651
800,44.37604890064631,200,0,0,1,3.1534173989683056,0.08982982972201503
801,145.24158865968369,17,1,0,0,1.4377881970057833,0.08973999989229302
802,156.76000936283373,34,1,0,0,1.3821715245532582,0.08965025989240072
803,118.72071450234958,6,1,0,0,1.3393816804396255,0.08956060963250832
804,175.62666587760077,26,1,0,0,1.4901615746491075,0.08947104902287581
805,170.941812505475,18,1,0,0,1.3381459538529776,0.08938157797385293
806,153.8669695908677,16,1,0,0,1.4554038649767935,0.08929219639587908
807,235.36589112454462,42,1,0,0,1.3358869175212393,0.0892029041994832
808,143.02736233165805,10,1,0,0,1.3212686290719675,0.08911370129528372
809,145.15775951271522,16,1,0,0,1.463244999549042,0.08902458759398843
810,182.63229475951655,22,1,0,0,1.2157651262267901,0.08893556300639444
811,177.23585700943008,23,1,0,0,1.4125936237896866,0.08884662744338806
812,218.12044737903886,194,1,0,0,1.4537773151639128,0.08875778081594465
813,213.23822137373452,95,1,0,0,1.498232372839871,0.08866902303512872
814,175.5625978431865,22,1,0,0,1.4881571047139586,0.08858035401209359
815,133.87817200440264,15,1,0,0,1.367324225742468,0.08849177365808149
816,189.35732126640988,29,1,0,0,1.4332133979567936,0.08840328188442342
817,173.52951589414886,24,1,0,0,1.4597985157562992,0.08831487860253899
818,172.91551120772394,24,1,0,0,1.3659178554072995,0.08822656372393645
819,244.18071336087579,70,1,0,0,1.467842134888071,0.08813833716021252
820,123.94769850061115,8,1,0,0,1.2874160630969598,0.0880501988230523
821,136.44419455066242,11,1,0,0,1.2715051889538505,0.08796214862422924
822,137.17301797266123,11,1,0,0,1.4023225857230872,0.08787418647560502
823,190.26296810720828,27,1,0,0,1.4662867191025128,0.08778631228912942
824,128.95738165609225,11,1,0,0,1.4799413095596847,0.08769852597684029
825,138.01123389283407,12,1,0,0,1.328959084467375,0.08761082745086345
826,117.3740863430102,5,1,0,0,1.1421190571760307,0.08752321662341259
827,216.22167455196654,60,1,0,0,1.465806056440433,0.08743569340678917
828,184.1348751091175,27,1,0,0,1.4296927211598702,0.08734825771338238
829,184.84170490597785,29,1,0,0,1.4486602789050695,0.087260909455669
830,154.37776883414583,23,1,0,0,1.4471346786427042,0.08717364854621333
831,209.6838879418978,30,1,0,0,1.4113485667386736,0.08708647489766712
832,151.9624118501516,24,1,0,0,1.4945268724831755,0.08699938842276944
833,163.02703287852322,23,1,0,0,1.305512016189805,0.08691238903434667
834,246.5915092771817,46,1,0,0,1.4196364316036945,0.08682547664531233
835,187.02842708791798,30,1,0,0,1.470152558029531,0.08673865116866702
836,150.1410709830646,17,1,0,0,1.400911159907677,0.08665191251749835
837,105.73723400810594,3,1,0,0,1.3678395833671644,0.08656526060498086
838,197.1753517531171,28,1,0,0,1.4437088270675913,0.08647869534437587
839,187.32004304470058,30,1,0,0,1.4587401295883808,0.0863922166490315
840,159.9384608357332,16,1,0,0,1.4877670192516694,0.08630582443238247
841,175.52099062965357,19,1,0,0,1.3522011880746843,0.08621951860795007
842,177.9989671688973,22,1,0,0,1.2996260658842222,0.08613329908934214
843,169.71012497368216,24,1,0,0,1.374621964700498,0.08604716579025279
844,189.86391826156398,23,1,0,0,1.4389109547962045,0.08596111862446254
845,171.2090308797293,32,1,0,0,1.4687769208576624,0.08587515750583807
846,161.9526966156502,15,1,0,0,1.2693200657255708,0.08578928234833223
847,162.2975494802681,18,1,0,0,1.4185495843553593,0.0857034930659839
848,124.4802219336278,9,1,0,0,1.3969484320594563,0.08561778957291792
849,206.3751329849904,39,1,0,0,1.4495177421508734,0.085532171783345
850,159.95291421646897,22,1,0,0,1.2656717648351383,0.08544663961156165
851,157.59166187354876,16,1,0,0,1.4231026685130157,0.0853611929719501
852,90.63428308259974,200,0,0,1,1.7702108809704917,0.08527583177897814
853,164.8544755275489,16,1,0,0,1.3036241598983893,0.08519055594719917
854,185.223525559294,23,1,0,0,1.4609390935478226,0.08510536539125196
855,171.47657333999496,20,1,0,0,1.2495283871224687,0.08502026002586072
856,154.34921606639267,17,1,0,0,1.4186463514410035,0.08493523976583485
857,199.55695168054666,30,1,0,0,1.4985600825216598,0.08485030452606902
858,256.14768268561573,49,1,0,0,1.4911765592593915,0.08476545422154295
859,163.42417718113995,19,1,0,0,1.406843942984519,0.0846806887673214
860,128.75767621743586,11,1,0,0,1.4567951462930642,0.0845960080785541
861,187.46556868000715,21,1,0,0,1.3348687644432407,0.08451141207047552
862,167.74655117700178,20,1,0,0,1.3623495808724566,0.08442690065840507
863,180.14961130739928,45,1,0,0,1.4691135840485687,0.08434247375774666
864,173.2706099420923,21,1,0,0,1.4199337123645732,0.0842581312839889
865,184.97212536159196,31,1,0,0,1.4377806514716067,0.08417387315270491
866,178.5674198047329,27,1,0,0,1.4034001114139132,0.08408969927955222
867,192.00953922443097,25,1,0,0,1.3460841842531106,0.08400560958027266
868,168.3469932146437,22,1,0,0,1.4600674315048099,0.08392160397069238
869,168.3140204121505,22,1,0,0,1.479137275024811,0.08383768236672169
870,159.92691184519728,16,1,0,0,1.3233935126085106,0.08375384468435498
871,197.26840917884905,22,1,0,0,1.492819502994316,0.08367009083967061
872,137.99573219111494,14,1,0,0,1.4087167688879707,0.08358642074883094
873,173.61737013223893,23,1,0,0,1.3810369709727721,0.08350283432808212
874,165.4338915059472,16,1,0,0,1.4799301194838161,0.08341933149375402
875,184.8073388318707,22,1,0,0,1.4343225154762407,0.08333591216226027
876,153.74319366692652,14,1,0,0,1.3432067026810253,0.08325257625009802
877,169.44468356305532,38,1,0,0,1.4863269615938357,0.08316932367384793
878,202.16428547491586,37,1,0,0,1.4261592931276,0.08308615435017408
879,154.01368819507246,14,1,0,0,1.436200060898269,0.0830030681958239
880,175.36019687296707,23,1,0,0,1.4398066234273845,0.08292006512762808
881,175.29439454928698,21,1,0,0,1.4840217978046977,0.08283714506250045
882,158.5099789144167,29,1,0,0,1.4925909058346247,0.08275430791743794
883,186.71355309463968,23,1,0,0,1.4411425992626326,0.0826715536095205
884,242.65703803428607,47,1,0,0,1.435276000167562,0.08258888205591099
885,174.36848358843127,21,1,0,0,1.4690561172869796,0.08250629317385508
886,159.97490752762062,14,1,0,0,1.358366635146823,0.08242378688068122
887,201.66353532980696,31,1,0,0,1.319258838090301,0.08234136309380054
888,174.976554737785,20,1,0,0,1.496409461393924,0.08225902173070675
889,169.05419692548185,25,1,0,0,1.4857941039259976,0.08217676270897603
890,156.24338862487443,14,1,0,0,1.3444054768593972,0.08209458594626706
891,202.06713414541713,36,1,0,0,1.340262033030307,0.0820124913603208
892,168.3870586365806,26,1,0,0,1.4043064780714114,0.08193047886896047
893,168.97347816148212,23,1,0,0,1.333241730660134,0.08184854839009151
894,136.6703767660148,9,1,0,0,1.1778770585159826,0.08176669984170142
895,125.82145257545389,8,1,0,0,1.3965702691179185,0.0816849331418597
896,172.5751867714768,20,1,0,0,1.341455602676671,0.08160324820871785
897,161.7226530437396,24,1,0,0,1.474548054533059,0.08152164496050913
898,187.07931383153056,23,1,0,0,1.4647282503142578,0.08144012331554862
899,169.87125611532727,22,1,0,0,1.3704308877330496,0.08135868319223308
900,188.59372915363292,24,1,0,0,1.2742163733716638,0.08127732450904085
901,149.89047800470706,59,1,0,0,1.4506787407910222,0.08119604718453181
902,163.8449804495987,21,1,0,0,1.378249362449581,0.08111485113734727
903,38.66654631524797,200,0,0,1,2.019029375117623,0.08103373628620993
904,177.32360863744358,26,1,0,0,1.2930641452476783,0.08095270254992372
905,113.0705250028488,4,1,0,0,1.1961685127031931,0.08087174984737379
906,169.0970388044696,20,1,0,0,1.3846950312651771,0.08079087809752641
907,132.67415367083498,13,1,0,0,1.4485576946756793,0.08071008721942889
908,158.42891501875022,16,1,0,0,1.467949777337379,0.08062937713220947
909,147.65817718807276,16,1,0,0,1.2975205021934286,0.08054874775507725
910,193.3506253488601,26,1,0,0,1.477526838964774,0.08046819900732217
911,206.92324807904464,25,1,0,0,1.3445001460643264,0.08038773080831485
912,147.35656110309196,14,1,0,0,1.4847126683764764,0.08030734307750653
913,198.8845124623054,26,1,0,0,1.1913190152273454,0.08022703573442903
914,181.33368632749568,21,1,0,0,1.4988331730142181,0.0801468086986946
915,172.38705571634492,20,1,0,0,1.476861594530288,0.08006666188999591
916,210.69874486267062,41,1,0,0,1.3251636793262824,0.07998659522810592
917,174.3792744318122,22,1,0,0,1.4624225344977007,0.07990660863287781
918,187.92591542853057,22,1,0,0,1.4719043944077916,0.07982670202424492
919,185.09471602575815,134,1,0,0,1.4728075405774872,0.07974687532222069
920,200.51717425345652,31,1,0,0,1.3739994520804721,0.07966712844689847
921,209.1255872264835,37,1,0,0,1.3039426319033032,0.07958746131845157
922,118.39420337656276,6,1,0,0,1.382849728610094,0.07950787385713311
923,168.41142600810454,19,1,0,0,1.3539085114134226,0.07942836598327598
924,121.04457945153872,7,1,0,0,1.327084284154629,0.07934893761729271
925,172.18704796433582,21,1,0,0,1.277684055296288,0.07926958867967542
926,210.69914279704756,25,1,0,0,1.4806216800547214,0.07919031909099573
927,137.7666372172963,14,1,0,0,1.320140381583229,0.07911112877190474
928,191.97131365986428,21,1,0,0,1.0805161009217377,0.07903201764313283
929,148.01265228390088,16,1,0,0,1.4893514849179554,0.07895298562548969
930,143.55517360540398,18,1,0,0,1.3620608254848887,0.07887403263986421
931,168.22413660939134,24,1,0,0,1.3841579526642853,0.07879515860722436
932,186.6309716860079,19,1,0,0,1.2243650266864687,0.07871636344861713
933,204.04955923826392,22,1,0,0,1.222381950809576,0.07863764708516852
934,151.14496035387546,15,1,0,0,1.3423647506227807,0.07855900943808333
935,142.97829332524074,11,1,0,0,1.3101875625258919,0.07848045042864527
936,158.25859115047928,15,1,0,0,1.495582387218935,0.0784019699782166
937,179.46379119285388,22,1,0,0,1.4494662840761334,0.07832356800823839
938,223.16342302827047,39,1,0,0,1.426894600143537,0.07824524444023015
939,166.55426664602453,40,1,0,0,1.4947150476622055,0.07816699919578993
940,175.81552887473325,22,1,0,0,1.3899269829052108,0.07808883219659413
941,193.2436853424956,28,1,0,0,1.1786027947003472,0.07801074336439755
942,154.86362419767005,15,1,0,0,1.2206076818759062,0.07793273262103315
943,170.87630907259972,21,1,0,0,1.4306492916363074,0.07785479988841211
944,165.94575859948213,16,1,0,0,1.3532353138237418,0.07777694508852369
945,250.3513409130853,60,1,0,0,1.4682743092364734,0.07769916814343518
946,147.8127190518788,15,1,0,0,1.3452960086139623,0.07762146897529174
947,174.09547904665646,19,1,0,0,1.3727044286245944,0.07754384750631645
948,146.11926682067664,13,1,0,0,1.4060358203008094,0.07746630365881013
949,149.9396477034731,18,1,0,0,1.4323482000359373,0.07738883735515133
950,231.2535110142887,45,1,0,0,1.3621510791450764,0.07731144851779617
951,119.68957136872885,8,1,0,0,1.44821947860905,0.07723413706927837
952,179.23504843035877,21,1,0,0,1.4989273076172116,0.0771569029322091
953,151.28644431121577,14,1,0,0,1.1652126940481604,0.07707974602927688
954,158.76126849702578,22,1,0,0,1.3735641677238253,0.0770026662832476
955,123.62670944122652,7,1,0,0,1.4556629192179553,0.07692566361696436
956,142.52998924652266,13,1,0,0,1.3020055949637335,0.0768487379533474
957,144.7490541823062,14,1,0,0,1.4155111662247828,0.07677188921539405
958,183.99752396446786,24,1,0,0,1.3719293118409475,0.07669511732617866
959,140.7287702122335,14,1,0,0,1.4902535008794584,0.07661842220885247
960,188.60006903931895,21,1,0,0,1.3516928025783728,0.07654180378664362
961,148.82824224270473,19,1,0,0,1.3694215344609386,0.07646526198285697
962,161.933419827951,20,1,0,0,1.3555785388058248,0.07638879672087412
963,124.1844249174082,9,1,0,0,1.3914967566816565,0.07631240792415325
964,204.01792193191318,30,1,0,0,1.4444391104292031,0.07623609551622909
965,181.44377652654055,21,1,0,0,1.4678216817272802,0.07615985942071286
966,169.45817728307247,20,1,0,0,1.3046097702576478,0.07608369956129216
967,143.85498909522408,200,0,0,1,1.704158327551668,0.07600761586173087
968,113.86544432832616,5,1,0,0,1.265671184827143,0.07593160824586913
969,173.6398552044074,19,1,0,0,1.3733344053875052,0.07585567663762327
970,142.03098524847397,15,1,0,0,1.364390213532776,0.07577982096098564
971,172.4121090996769,18,1,0,0,1.4690182432625267,0.07570404114002466
972,242.599054215793,51,1,0,0,1.210600214235256,0.07562833709888463
973,196.51407342057553,24,1,0,0,1.4091298706556028,0.07555270876178574
974,165.43402339918438,20,1,0,0,1.330677975540018,0.07547715605302396
975,147.89516477602183,15,1,0,0,1.2877315813369379,0.07540167889697093
976,183.87680963921414,22,1,0,0,1.4630999617265084,0.07532627721807396
977,140.20605391290704,15,1,0,0,1.4808934866186778,0.07525095094085588
978,178.70667708396866,29,1,0,0,1.4898608251700225,0.07517569998991502
979,179.39415657721247,28,1,0,0,1.4146704154345215,0.07510052428992511
980,146.0058580010212,15,1,0,0,1.4644656056134604,0.07502542376563519
981,188.0061239000916,23,1,0,0,1.194003319943262,0.07495039834186955
982,155.19575862248945,19,1,0,0,1.481168059698228,0.07487544794352768
983,179.15518222354808,21,1,0,0,1.4484882656145632,0.07480057249558415
984,151.1110724556676,15,1,0,0,1.2389149356230578,0.07472577192308857
985,162.26188692656075,23,1,0,0,1.4302024050814486,0.07465104615116548
986,175.11170096024404,20,1,0,0,1.364736144871877,0.07457639510501432
987,177.41102306178288,20,1,0,0,1.2676588564394085,0.0745018187099093
988,100.0,1,1,0,0,0.8856308636093472,0.0744273168911994
989,131.82797952367406,12,1,0,0,1.4648624005489033,0.07435288957430819
990,174.1030180338652,22,1,0,0,1.4371429459354046,0.07427853668473389
991,118.09451564736841,7,1,0,0,1.3760103097993774,0.07420425814804915
992,165.7218350027405,21,1,0,0,1.4416371451714036,0.07413005388990111
993,186.43710149752036,26,1,0,0,1.4894848545888353,0.0740559238360112
994,180.94650510484715,19,1,0,0,1.252133660803734,0.07398186791217519
995,183.6399396606575,24,1,0,0,1.4026945700584785,0.07390788604426302
996,169.62516719617358,28,1,0,0,1.4227181952509271,0.07383397815821875
997,123.86836671076065,8,1,0,0,1.3176416896385221,0.07376014418006054
998,185.8975144890357,27,1,0,0,1.357616798654802,0.07368638403588047
999,171.9622017901921,17,1,0,0,1.2699288164484568,0.07361269765184458
1000,147.02827400558,14,1,0,0,1.4559016629526924,0.07353908495419274
1001,158.82018567259564,23,1,0,0,1.4623056294917802,0.07346554586923855
1002,-6.7543390327255395,13,0,1,0,4.91021237557511,0.07339208032336932
1003,182.18963813251463,21,1,0,0,1.3475732370755509,0.07331868824304594
1004,219.5417472141233,146,1,0,0,1.4746491085890503,0.0732453695548029
1005,209.62844059584694,27,1,0,0,1.4051307111231677,0.07317212418524809
1006,171.73652504952503,22,1,0,0,1.48342990049941,0.07309895206106286
1007,150.29925748425174,20,1,0,0,1.49904542873265,0.07302585310900178
1008,139.27862031178626,11,1,0,0,1.321310270409618,0.07295282725589279
1009,164.3259423772737,18,1,0,0,1.4912935748426175,0.0728798744286369
1010,168.2417130239365,21,1,0,0,1.2722700160222093,0.07280699455420825
1011,161.0805944011354,17,1,0,0,1.4167023216844123,0.07273418755965404
1012,8.248157283204591,16,0,1,0,3.7689533385605136,0.07266145337209438
1013,216.95335540198988,33,1,0,0,1.2026721620009364,0.07258879191872229
1014,166.8400147797738,19,1,0,0,1.4031667170797075,0.07251620312680357
1015,222.77666080306346,44,1,0,0,1.4701040117080633,0.07244368692367677
1016,198.13978929066556,28,1,0,0,1.4046804178717998,0.07237124323675309
1017,206.03555997403225,37,1,0,0,1.3805332849667038,0.07229887199351634
1018,-14.87636577870311,11,0,1,0,7.577309101183914,0.07222657312152282
1019,134.81710608381218,12,1,0,0,1.3833347909924594,0.07215434654840129
1020,155.77258065994582,20,1,0,0,1.3565319882293903,0.0720821922018529
1021,165.71201004161193,16,1,0,0,1.3785624874107267,0.07201011000965105
1022,119.40762188714515,8,1,0,0,1.4747732716720603,0.0719380998996414
1023,148.92898291438883,14,1,0,0,1.1217969222075355,0.07186616179974176
1024,-50.0,1,0,1,0,3.11254540091897,0.07179429563794201
1025,138.2359838465387,12,1,0,0,1.195067865022615,0.07172250134230407
1026,-41.13569600183625,3,0,1,0,2.8572987219025943,0.07165077884096176
1027,142.80466059802166,13,1,0,0,1.4257911597716313,0.0715791280621208
1028,192.86439721559998,27,1,0,0,1.4516118926631216,0.07150754893405868
1029,239.72872875074066,46,1,0,0,1.470776237776521,0.07143604138512463
1030,192.2094555739487,26,1,0,0,1.4419881614045882,0.07136460534373949
1031,-6.6761016203551335,12,0,1,0,3.935276817445974,0.07129324073839576
1032,-19.33267981313525,9,0,1,0,4.859740886414783,0.07122194749765737
1033,194.49673761844815,42,1,0,0,1.49065405222642,0.07115072555015971
1034,-47.14894634060433,2,0,1,0,2.1908153023088737,0.07107957482460955
1035,147.88541069788866,43,1,0,0,1.4918662188152836,0.07100849524978493
1036,145.03003986216254,18,1,0,0,1.4059518109414257,0.07093748675453515
1037,-36.248802350337385,4,0,1,0,6.7307658788401845,0.07086654926778062
1038,201.81468413334255,25,1,0,0,1.2706591886749827,0.07079568271851283
1039,45.273428503536266,28,0,1,0,5.153864837709332,0.07072488703579433
1040,254.89928323363,103,1,0,0,1.417840806807718,0.07065416214875853
1041,167.9464456918611,19,1,0,0,1.4283674557895414,0.07058350798660977
1042,126.80463614036165,10,1,0,0,1.369222684967241,0.07051292447862316
1043,-47.22986388792082,2,0,1,0,8.771105564618043,0.07044241155414453
1044,-38.38155489826337,4,0,1,0,6.902649890323821,0.0703719691425904
1045,146.5340896314283,12,1,0,0,1.3093197382685298,0.0703015971734478
1046,0.11728755372570987,15,0,1,0,7.93914559763871,0.07023129557627436
1047,142.18423710772404,10,1,0,0,1.2119455787686368,0.07016106428069808
1048,-13.795165343501438,9,0,1,0,4.944540677150114,0.07009090321641738
1049,-9.239246016352311,16,0,1,0,10.483272376207884,0.07002081231320097
1050,-50.0,1,0,1,0,9.489837850683307,0.06995079150088777
1051,192.62984959691676,23,1,0,0,1.415269380361958,0.06988084070938687
1052,194.52271411628772,29,1,0,0,1.486551481109283,0.0698109598686775
1053,-22.463943146164,7,0,1,0,5.294210725022835,0.06974114890880882
1054,167.21984162776823,19,1,0,0,1.4077491956997832,0.06967140775990001
1055,-13.802348021952163,9,0,1,0,8.353796529846926,0.0696017363521401
1056,182.38630632154096,24,1,0,0,1.2940157414502496,0.06953213461578797
1057,8.362456999355004,16,0,1,0,2.100261515844524,0.06946260248117218
1058,148.25563644404326,17,1,0,0,1.4105040419295067,0.069393139878691
1059,183.2782665983815,87,1,0,0,1.4772538177231602,0.06932374673881231
1060,-46.496429713246926,3,0,1,0,6.167145965146049,0.0692544229920735
1061,175.27256488288396,23,1,0,0,1.333853609165036,0.06918516856908143
1062,183.46354168424278,20,1,0,0,1.301365247615766,0.06911598340051234
1063,231.8069822693785,37,1,0,0,1.1922570372693295,0.06904686741711184
1064,145.34920331889037,13,1,0,0,1.289060269805825,0.06897782054969472
1065,153.97153405859865,21,1,0,0,1.440864595108185,0.06890884272914503
1066,135.56631033560814,16,1,0,0,1.4968718193387873,0.06883993388641589
1067,156.67924121613515,21,1,0,0,1.391814547437018,0.06877109395252946
1068,216.92867870988925,30,1,0,0,1.4061354366740544,0.06870232285857694
1069,206.86366102357346,34,1,0,0,1.479004775632109,0.06863362053571835
1070,148.85565156850384,15,1,0,0,1.410827739451831,0.06856498691518263
1071,167.47468168677796,30,1,0,0,1.4538010965564865,0.06849642192826746
1072,196.30732349160002,26,1,0,0,1.3984463586200364,0.06842792550633918
1073,179.23670830005312,36,1,0,0,1.4638678884988523,0.06835949758083286
1074,-50.0,1,0,1,0,5.455980684400674,0.06829113808325202
1075,-14.110154781733016,12,0,1,0,2.083107381725824,0.06822284694516877
1076,163.48976559099538,23,1,0,0,1.4233659409490427,0.06815462409822359
1077,165.30891421310025,19,1,0,0,1.4386860463400593,0.06808646947412537
1078,251.44419643733576,48,1,0,0,1.3378670403496713,0.06801838300465124
1079,103.62069871612884,3,1,0,0,1.4079623051950363,0.0679503646216466
1080,-12.2206670736322,11,0,1,0,4.618100385634275,0.06788241425702495
1081,191.22188346549927,33,1,0,0,1.439919167623529,0.06781453184276792
1082,145.77371979097282,200,0,0,1,1.9878433828064863,0.06774671731092516
1083,153.7137906679436,22,1,0,0,1.4620732957585736,0.06767897059361423
1084,190.95346093847252,30,1,0,0,1.450690984456466,0.06761129162302061
1085,161.903155224117,163,1,0,0,1.4945543627381166,0.0675436803313976
1086,-25.237358216342034,8,0,1,0,1.4787713303233647,0.06747613665106621
1087,195.35835937466084,35,1,0,0,1.4029323220477485,0.06740866051441513
1088,149.72033395191573,13,1,0,0,1.2364164202717176,0.06734125185390072
1089,194.66304281001567,28,1,0,0,1.4306007042715658,0.06727391060204682
1090,105.79856368356914,4,1,0,0,1.398298289479387,0.06720663669144476
1091,208.74682513270258,33,1,0,0,1.4828319651383948,0.06713943005475333
1092,163.2754814149187,38,1,0,0,1.4702675936532157,0.06707229062469858
1093,196.00096139212258,22,1,0,0,1.4734962872592838,0.06700521833407387
1094,230.56027129457283,44,1,0,0,1.3316299808955152,0.0669382131157398
1095,158.96723605438666,21,1,0,0,1.4910715444757543,0.06687127490262405
1096,177.55736223553617,20,1,0,0,1.365133967409307,0.06680440362772143
1097,183.4616963632551,24,1,0,0,1.3368809254964236,0.06673759922409371
1098,115.54549821470201,6,1,0,0,1.3923294903202121,0.06667086162486961
1099,176.7889316352118,25,1,0,0,1.2406469392047632,0.06660419076324474
1100,129.03109158441288,8,1,0,0,1.4062864960570067,0.0665375865724815
1101,237.44482694080727,49,1,0,0,1.483401541008928,0.06647104898590903
1102,1.3926971310749892,12,0,1,0,5.642930608772736,0.06640457793692311
1103,202.6423950619136,26,1,0,0,1.4013166799160004,0.06633817335898619
1104,200.6695254615097,37,1,0,0,1.4246201607280198,0.06627183518562721
1105,144.79182239997957,13,1,0,0,1.4324703738191769,0.06620556335044157
1106,137.25498875395914,13,1,0,0,1.3483123599840459,0.06613935778709114
1107,136.22864881995017,10,1,0,0,1.453842937807115,0.06607321842930404
1108,156.86286430583377,17,1,0,0,1.306469813511239,0.06600714521087474
1109,-41.084072224345164,4,0,1,0,6.968431400880784,0.06594113806566386
1110,-22.29326826981593,7,0,1,0,8.160318000504157,0.0658751969275982
1111,159.8950301750432,19,1,0,0,1.461714542424995,0.0658093217306706
1112,138.91078379956386,14,1,0,0,1.4227331788345983,0.06574351240893993
1113,165.30170558836198,19,1,0,0,1.473753211722568,0.06567776889653099
1114,-12.81045005822618,15,0,1,0,4.2968661615825425,0.06561209112763447
1115,193.06229680550177,32,1,0,0,1.4519666421835076,0.06554647903650683
1116,-1.364334322200662,17,0,1,0,3.95119447618065,0.06548093255747033
1117,-43.36148890792998,3,0,1,0,3.7376676270047327,0.06541545162491284
1118,187.91906342518985,27,1,0,0,1.3079226306069682,0.06535003617328794
1119,169.14379240624777,31,1,0,0,1.4181285794432579,0.06528468613711465
1120,104.0591933396378,2,1,0,0,1.3222333342649746,0.06521940145097753
1121,173.57864381802844,25,1,0,0,1.4584187954049548,0.06515418204952655
1122,177.03209991765272,29,1,0,0,1.4716953597416118,0.06508902786747703
1123,31.308772084650016,22,0,1,0,1.9261757641248216,0.06502393883960955
1124,196.86329853786881,37,1,0,0,1.4046504310571726,0.06495891490076994
1125,207.07564876466913,73,1,0,0,1.469134392708298,0.06489395598586917
1126,-8.681643022304783,11,0,1,0,5.389692289618174,0.0648290620298833
1127,-22.47806969833771,11,0,1,0,4.840704856481489,0.06476423296785343
1128,158.5016941177803,19,1,0,0,1.4705663152621178,0.06469946873488557
1129,151.72783820327658,24,1,0,0,1.4293805502476482,0.06463476926615068
1130,239.39612376617168,96,1,0,0,1.4877340852964238,0.06457013449688452
1131,176.4496001834474,25,1,0,0,1.4152615208996746,0.06450556436238765
1132,208.45861126212446,40,1,0,0,1.4430479831993546,0.06444105879802525
1133,178.75567628604654,33,1,0,0,1.4589900024506814,0.06437661773922723
1134,-24.12498314936236,9,0,1,0,4.412882066132172,0.064312241121488
1135,168.2542589619431,17,1,0,0,1.2639499473177827,0.06424792888036651
1136,118.47409206622456,7,1,0,0,1.4602144294944677,0.06418368095148615
1137,163.25708046080211,22,1,0,0,1.4509908881764009,0.06411949727053466
1138,142.7262247792592,16,1,0,0,1.3981968864066214,0.06405537777326413
1139,-21.31711876848464,9,0,1,0,4.610997519515184,0.06399132239549087
1140,256.8683821085977,47,1,0,0,1.4947672037817097,0.06392733107309538
1141,0.5573787626879181,22,0,1,0,3.642293935558694,0.06386340374202228
1142,201.52943535094536,188,1,0,0,1.4896401527606142,0.06379954033828027
1143,181.70571059064116,30,1,0,0,1.3413529930293575,0.06373574079794198
1144,162.66546757799367,30,1,0,0,1.4201605836573914,0.06367200505714403
1145,179.9126488389341,25,1,0,0,1.3016906892079692,0.0636083330520869
1146,164.25605106006913,18,1,0,0,1.4540648241407264,0.06354472471903481
1147,202.6620499737009,37,1,0,0,1.4934176807202815,0.06348117999431577
1148,100.0,1,1,0,0,1.2838780484518697,0.06341769881432145
1149,160.63788392787146,28,1,0,0,1.29181200190706,0.06335428111550713
1150,77.76663347659118,200,0,0,1,2.201711158961438,0.06329092683439162
1151,72.6743575070576,200,0,0,1,2.618535350706249,0.06322763590755724
1152,-47.01538450308825,2,0,1,0,7.798771798857566,0.06316440827164968
1153,163.97269867396307,24,1,0,0,1.4725411771724433,0.06310124386337802
1154,148.16187899537627,14,1,0,0,1.4291472598548371,0.06303814261951465
1155,58.80818612409301,200,0,0,1,2.889492745144932,0.06297510447689512
1156,194.5292535868058,25,1,0,0,1.4001925000638964,0.06291212937241823
1157,111.10226756340546,9,1,0,0,1.3772819626249437,0.06284921724304582
1158,164.9673000276211,21,1,0,0,1.4422501213317034,0.06278636802580277
1159,166.7003952039256,84,1,0,0,1.4644431002724152,0.06272358165777697
1160,194.93036693629173,38,1,0,0,1.4653084692437854,0.0626608580761192
1161,145.8930896283532,14,1,0,0,1.4757196503360575,0.06259819721804308
1162,161.63088414827286,200,0,0,1,2.8713149770498037,0.06253559902082503
1163,153.96168475400233,23,1,0,0,1.353273614146353,0.06247306342180421
1164,177.89359806321738,31,1,0,0,1.485185647308442,0.0624105903583824
1165,-91.09806183345225,78,0,1,0,1.666331308864486,0.062348179768024016
1166,133.4839424236424,11,1,0,0,1.3868185506946693,0.06228583158825599
1167,-49.16974181037975,2,0,1,0,7.543225601533497,0.06222354575666775
1168,176.89473912612297,41,1,0,0,1.4770046028410544,0.06216132221091108
1169,174.1914848344173,48,1,0,0,1.4752165795990588,0.062099160888700156
1170,-38.82216299646897,5,0,1,0,7.146403560327016,0.06203706172781146
1171,145.32836293723548,17,1,0,0,1.3841701117365792,0.06197502466608365
1172,175.31619705986262,26,1,0,0,1.4940717392465628,0.06191304964141756
1173,168.12593605809639,40,1,0,0,1.4869839624921106,0.06185113659177615
1174,148.85243040827834,22,1,0,0,1.456841763175479,0.061789285455184376
1175,192.51994259582102,37,1,0,0,1.437392027398208,0.061727496169729196
1176,185.77721064683413,68,1,0,0,1.4959167336750232,0.061665768673559454
1177,111.27082363591543,5,1,0,0,1.4900702906067227,0.061604102904885896
1178,185.41694418755614,33,1,0,0,1.4951573537757958,0.06154249880198101
1179,-46.34250834196799,2,0,1,0,3.0412491393358225,0.06148095630317903
1180,183.050738973897,24,1,0,0,1.3518457788246723,0.061419475346875856
1181,161.3995831392072,22,1,0,0,1.4668441470103737,0.061358055871528976
1182,-25.410672746028652,14,0,1,0,2.200450085688,0.06129669781565744
1183,136.83955448819935,71,1,0,0,1.4186920666998202,0.061235401117841794
1184,175.88518449966043,47,1,0,0,1.4998162193423576,0.061174165716723954
1185,-48.88118546414023,3,0,1,0,1.8682953951964476,0.061112991551007224
1186,132.99292557836773,10,1,0,0,1.3815593378509798,0.06105187855945622
1187,155.23848053196355,33,1,0,0,1.3989684797863717,0.06099082668089676
1188,169.76075276260528,27,1,0,0,1.359654309815894,0.060929835854215866
1189,170.21805709397353,34,1,0,0,1.2318490428027884,0.060868906018361646
1190,-50.0,1,0,1,0,3.5315682403301834,0.06080803711234328
1191,136.9164851096479,14,1,0,0,1.3545780473816427,0.06074722907523094
1192,217.57704412271653,55,1,0,0,1.494824319511902,0.06068648184615571
1193,205.09144781418544,90,1,0,0,1.495560780895945,0.06062579536430956
1194,251.97756286148177,87,1,0,0,1.4683622949274038,0.06056516956894525
1195,170.40375962081364,21,1,0,0,1.33276141923678,0.0605046043993763
1196,181.6145180843131,98,1,0,0,1.3788312626970858,0.060444099794976926
1197,158.88739549973434,21,1,0,0,1.358612610981985,0.06038365569518195
1198,183.84654539264938,24,1,0,0,1.405003152442431,0.060323272039486765
1199,145.66563753459144,16,1,0,0,1.425817456654265,0.06026294876744728
1200,190.1939991498491,35,1,0,0,1.3508568853971679,0.060202685818679824
1201,228.5956450556362,46,1,0,0,1.3853968345523762,0.06014248313286115
1202,166.1169565644836,30,1,0,0,1.4703432878282416,0.06008234064972828
1203,169.92081104716362,22,1,0,0,1.443563649473576,0.06002225830907856
1204,148.41533074210366,12,1,0,0,1.2696521667778071,0.05996223605076948
1205,223.79349019643135,46,1,0,0,1.4936626827309234,0.059902273814718715
1206,165.15908558305415,23,1,0,0,1.2907825666739028,0.059842371540903994
1207,182.082943299047,34,1,0,0,1.4635264750200587,0.05978252916936309
1208,-29.424491951785107,10,0,1,0,7.121824646201019,0.059722746640193725
1209,149.60158806644012,15,1,0,0,1.2669883919443037,0.05966302389355354
1210,155.68892147894107,45,1,0,0,1.4645395030766237,0.059603360869659984
1211,220.80401256409354,44,1,0,0,1.399246102317054,0.05954375750879032
1212,188.5259644335227,40,1,0,0,1.4450991287032986,0.059484213751281524
1213,149.43098571805484,21,1,0,0,1.4820588807193444,0.059424729537530245
1214,-11.243425037210415,13,0,1,0,3.9494322340859074,0.059365304807992715
1215,133.19090236987998,25,1,0,0,1.3475214004203413,0.059305939503184725
1216,115.65873980358688,8,1,0,0,1.467494318758812,0.05924663356368154
1217,168.55006405532055,38,1,0,0,1.4100114525362242,0.05918738693011786
1218,100.0,1,1,0,0,1.357433649501962,0.059128199543187744
1219,161.6156330350815,25,1,0,0,1.4835350258423745,0.05906907134364456
1220,143.350131165688,29,1,0,0,1.2930182197035844,0.05901000227230091
1221,118.83439101760784,200,0,0,1,2.233416630520651,0.058950992270028604
1222,181.9250550970803,26,1,0,0,1.3017301604820832,0.05889204127775858
1223,220.74750736427762,57,1,0,0,1.493232547474353,0.05883314923648082
1224,147.22856476161743,21,1,0,0,1.3867265345064825,0.058774316087244344
1225,191.97859826972552,42,1,0,0,1.4833728278730038,0.0587155417711571
1226,189.7750219533802,31,1,0,0,1.4500611713812603,0.05865682622938594
1227,107.04878357929893,9,1,0,0,1.3831527031414403,0.058598169403156555
1228,167.5760549005832,56,1,0,0,1.423775101787958,0.0585395712337534
1229,178.44830664466664,21,1,0,0,1.3025744841828917,0.058481031662519646
1230,-17.592809183191164,13,0,1,0,4.219111823806409,0.05842255063085712
1231,157.80117080035905,21,1,0,0,1.3528382124376923,0.058364128080226264
1232,166.87774729565808,36,1,0,0,1.4685131605733854,0.05830576395214604
1233,194.31646392873068,31,1,0,0,1.424565268032311,0.05824745818819389
1234,153.6728219676603,59,1,0,0,1.4584832062087971,0.05818921073000569
1235,184.56320133589884,23,1,0,0,1.2630086769388102,0.0581310215192757
1236,245.17026306315708,57,1,0,0,1.487182105424927,0.058072890497756414
1237,190.95955346689425,39,1,0,0,1.4374254892460314,0.05801481760725866
1238,128.5858565863793,12,1,0,0,1.484422910631256,0.0579568027896514
1239,164.18382368860858,30,1,0,0,1.340678530885941,0.05789884598686175
1240,162.19144445926352,18,1,0,0,1.3527562266311821,0.05784094714087489
1241,194.00196686734068,47,1,0,0,1.3272153038977748,0.057783106193734016
1242,150.13082534194314,30,1,0,0,1.3815696715256933,0.05772532308754028
1243,236.94708154377602,65,1,0,0,1.376688248995795,0.05766759776445274
1244,172.7705948765825,23,1,0,0,1.4419041217869017,0.057609930166688285
1245,143.02926053593856,26,1,0,0,1.4932550050919837,0.0575523202365216
1246,166.65244773883762,29,1,0,0,1.4999947412570935,0.05749476791628508
1247,-24.570292728207455,8,0,1,0,6.870398422675073,0.0574372731483688
1248,200.375150155161,56,1,0,0,1.406528053960659,0.05737983587522042
1249,180.7416075346145,28,1,0,0,1.4083951272386648,0.05732245603934521
1250,160.37122398298732,28,1,0,0,1.4416377444556074,0.057265133583305865
1251,12.092059086522442,200,0,0,1,3.467073202549101,0.05720786844972256
1252,135.47824039649882,28,1,0,0,1.4990054307765477,0.05715066058127283
1253,161.4579175020013,21,1,0,0,1.3240684280775277,0.05709350992069156
1254,164.12553404239566,30,1,0,0,1.4482499425384785,0.05703641641077087
1255,163.2272230991721,37,1,0,0,1.486417438267491,0.05697937999436009
1256,187.34158077045828,22,1,0,0,1.2955092925850258,0.05692240061436574
1257,149.8526232941229,15,1,0,0,1.3617073943493598,0.05686547821375137
1258,81.465267074457,200,0,0,1,1.991029506701714,0.05680861273553761
1259,201.7157321906417,52,1,0,0,1.4876665818533137,0.05675180412280208
1260,176.85750314479537,24,1,0,0,1.4043056126118876,0.05669505231867927
1261,136.06504262318742,12,1,0,0,1.334384221446466,0.0566383572663606
1262,175.7217977438578,66,1,0,0,1.4759109339018164,0.05658171890909424
1263,233.4910069533248,92,1,0,0,1.457721208758384,0.05652513719018514
1264,181.34757733027516,27,1,0,0,1.3167688963789999,0.056468612052994964
1265,213.61250525342533,41,1,0,0,1.289186756467146,0.05641214344094197
1266,190.52306692352917,24,1,0,0,1.4524650437313904,0.05635573129750102
1267,191.0827138341021,62,1,0,0,1.4905274865044018,0.05629937556620351
1268,154.2141886562156,26,1,0,0,1.4896622284974466,0.056243076190637314
1269,138.79149549787257,17,1,0,0,1.3594324746899864,0.05618683311444668
1270,166.7324116814895,30,1,0,0,1.4470802784426788,0.056130646281332235
1271,162.15801275645714,32,1,0,0,1.494247134556916,0.05607451563505089
1272,193.09235672082477,38,1,0,0,1.3095975080709112,0.05601844111941584
1273,198.53924258832987,31,1,0,0,1.3421825067071556,0.05596242267829643
1274,54.65536599221422,200,0,0,1,10.634721409961793,0.05590646025561813
1275,174.35353846770306,26,1,0,0,1.2843850851241603,0.055850553795362516
1276,170.668682792754,25,1,0,0,1.4958436051116142,0.055794703241567156
1277,173.33233285275765,23,1,0,0,1.4850289971136958,0.05573890853832558
1278,197.5321282844207,37,1,0,0,1.463683471572148,0.055683169629787255
1279,209.02612920745685,29,1,0,0,1.4388931388377117,0.05562748646015747
1280,68.96489181037475,200,0,0,1,3.416501057274861,0.05557185897369732
1281,128.96838857218344,19,1,0,0,1.2439913845425035,0.05551628711472362
1282,147.81694786548442,12,1,0,0,1.2995245689390533,0.0554607708276089
1283,190.2071369345551,32,1,0,0,1.4905107197097593,0.05540531005678129
1284,198.13924701441047,38,1,0,0,1.394418785086616,0.0553499047467245
1285,168.13384169304038,24,1,0,0,1.4427585479957363,0.05529455484197779
1286,194.00980461022462,42,1,0,0,1.4063487356807316,0.05523926028713581
1287,244.06575835390498,59,1,0,0,1.486835906950077,0.05518402102684866
1288,171.97978332612752,39,1,0,0,1.3496329499149553,0.05512883700582182
1289,163.05427317273185,21,1,0,0,1.4676019886469034,0.055073708168815995
1290,158.27923639670294,16,1,0,0,1.208390480361856,0.05501863446064718
1291,196.33490757025763,31,1,0,0,1.4002672751465857,0.05496361582618653
1292,256.7829961681124,77,1,0,0,1.4563022514005355,0.05490865221036034
1293,171.2228468114815,30,1,0,0,1.4120389222017955,0.05485374355814998
1294,180.88442004243882,22,1,0,0,1.2784142746619078,0.054798889814591835
1295,205.08330001989106,43,1,0,0,1.3735301971999134,0.05474409092477725
1296,121.75814134788314,200,0,0,1,1.742186524481503,0.05468934683385247
1297,107.00139892643494,3,1,0,0,1.3874254849917007,0.054634657487018616
1298,184.79651562034132,114,1,0,0,1.467344641803294,0.054580022829531595
1299,161.8653747163242,25,1,0,0,1.4049630198041905,0.05452544280670207
1300,169.38348029422232,19,1,0,0,1.0881387632627255,0.05447091736389536
1301,165.36851897906655,29,1,0,0,1.3692576989146108,0.054416446446531465
1302,193.4324031347082,25,1,0,0,1.4238518191533516,0.05436203000008494
1303,144.84054887710172,16,1,0,0,1.2969584485336565,0.05430766797008485
1304,149.20524997850538,59,1,0,0,1.3382051452400086,0.054253360302114764
1305,144.84078230110237,42,1,0,0,1.4969686505989872,0.05419910694181265
1306,187.1422046145426,39,1,0,0,1.422802426796203,0.05414490783487084
1307,212.7213582146269,43,1,0,0,1.47611950220664,0.05409076292703596
1308,163.32128757797645,46,1,0,0,1.4878387663802886,0.054036672164108936
1309,196.99056545584827,62,1,0,0,1.4503961920223138,0.05398263549194482
1310,254.80454149455176,91,1,0,0,1.4968635645739348,0.053928652856452874
1311,190.8171650702012,39,1,0,0,1.4244808691229003,0.05387472420359643
1312,232.36199303818054,47,1,0,0,1.4980247388262375,0.053820849479392835
1313,182.80011041885163,36,1,0,0,1.4662667354500085,0.05376702862991344
1314,182.21759229755182,31,1,0,0,1.244354915753692,0.05371326160128353
1315,54.41696142433457,200,0,0,1,3.005047909956787,0.05365954833968224
1316,131.4008731977889,16,1,0,0,1.390785703605317,0.05360588879134255
1317,160.05076733008568,24,1,0,0,1.4800036509578647,0.05355228290255121
1318,164.8248180340246,23,1,0,0,1.312962491318294,0.05349873061964866
1319,145.99890276148818,19,1,0,0,1.4234933698515797,0.05344523188902901
1320,133.0359249952275,11,1,0,0,1.2835925315408654,0.053391786657139985
1321,67.07795243764245,200,0,0,1,3.6405885762276395,0.05333839487048284
1322,130.73524715918734,17,1,0,0,1.4939803529709308,0.05328505647561236
1323,143.63167509160363,24,1,0,0,1.39648932664544,0.05323177141913674
1324,131.75524240995867,18,1,0,0,1.3284161448136582,0.05317853964771762
1325,156.80826791847,17,1,0,0,1.1651220573170005,0.053125361108069896
1326,262.0961969161987,80,1,0,0,1.4693838876767176,0.05307223574696183
1327,148.37075244069635,22,1,0,0,1.3762063576800807,0.05301916351121486
1328,169.15631955543455,151,1,0,0,1.4733320459728476,0.05296614434770365
1329,159.83986074383466,32,1,0,0,1.439331621703805,0.05291317820335594
1330,-50.0,1,0,1,0,3.592481653820048,0.05286026502515259
1331,233.92996756457276,121,1,0,0,1.4817237674023316,0.052807404760127435
1332,199.70447846570738,31,1,0,0,1.3837105233066413,0.052754597355367305
1333,193.36859242890785,24,1,0,0,1.4521804632585273,0.052701842758011944
1334,162.07828293112726,54,1,0,0,1.4551069890057027,0.052649140915253925
1335,222.14213920550284,55,1,0,0,1.4910355840060527,0.05259649177433867
1336,134.17891269533985,96,1,0,0,1.2697151030157237,0.05254389528256434
1337,196.2765472508991,43,1,0,0,1.4991819095081353,0.052491351387281775
1338,187.42361210156764,24,1,0,0,1.217413563371948,0.052438860035894486
1339,143.76935638349448,25,1,0,0,1.4782278720303395,0.052386421175858594
1340,188.49765794703626,27,1,0,0,1.3349650996731641,0.052334034754682734
1341,134.45408574256857,14,1,0,0,1.3949020806937686,0.05228170071992805
1342,138.38208607171075,17,1,0,0,1.4163553726671967,0.05222941901920813
1343,177.47016489313648,26,1,0,0,1.375666927761202,0.05217718960018891
1344,188.2903936746714,26,1,0,0,1.407109810933769,0.05212501241058873
1345,202.0093162296455,42,1,0,0,1.4708184795960892,0.05207288739817814
1346,142.55597558602278,13,1,0,0,1.4405789815700656,0.05202081451077996
1347,174.39796579736043,25,1,0,0,1.212129614146037,0.05196879369626918
1348,203.99279817175653,47,1,0,0,1.4836397332287612,0.05191682490257291
1349,156.02433185737368,24,1,0,0,1.3437311149203857,0.05186490807767034
1350,159.89972906327523,37,1,0,0,1.3457443397104303,0.05181304316959267
1351,265.8093260029318,124,1,0,0,1.4896335776378116,0.05176123012642308
1352,143.60986051437916,15,1,0,0,1.4230332769893999,0.051709468896296656
1353,180.7824874889086,34,1,0,0,1.4616879897940058,0.051657759427400356
1354,147.31855122919328,19,1,0,0,1.4456162679291285,0.05160610166797296
1355,52.95612091410756,200,0,0,1,1.743820231159905,0.05155449556630498
1356,155.6505560269875,33,1,0,0,1.138511985400703,0.051502941070738675
1357,261.07912509008975,72,1,0,0,1.2703398667935895,0.05145143812966794
1358,138.33804264926584,15,1,0,0,1.385675248315543,0.05139998669153827
1359,-50.0,1,0,1,0,10.145646972575747,0.05134858670484674
1360,206.5516810694462,34,1,0,0,1.4912639329969255,0.05129723811814189
1361,-50.0,1,0,1,0,3.9944353698805357,0.051245940880023745
1362,165.10312774502768,93,1,0,0,1.436263971834965,0.05119469493914372
1363,142.44898202593055,17,1,0,0,1.4773599932066481,0.05114350024420458
1364,166.1828092232612,27,1,0,0,1.4559971573284753,0.05109235674396037
1365,136.32640103583748,19,1,0,0,1.4321963959597221,0.051041264387216415
1366,156.2150477374452,36,1,0,0,1.4835218141465853,0.05099022312282919
1367,170.56095334341666,26,1,0,0,1.3910359382877775,0.050939232899706366
1368,169.04110641855493,19,1,0,0,1.2436674381878718,0.05088829366680667
1369,184.1502996009582,33,1,0,0,1.444774992892095,0.050837405373139855
1370,153.75010257525707,17,1,0,0,1.3859568147148944,0.05078656796776672
1371,159.01000546616484,29,1,0,0,1.4924849085228449,0.050735781399798945
1372,132.69040481321358,11,1,0,0,1.4867799026437347,0.05068504561839915
1373,169.07213468236753,159,1,0,0,1.4470127184182806,0.05063436057278075
1374,199.28237508299145,50,1,0,0,1.485147237660469,0.05058372621220797
1375,196.62594085173873,96,1,0,0,1.4943369487926261,0.050533142485995754
1376,251.89197563331564,77,1,0,0,1.4996606325358244,0.05048260934350977
1377,170.15359788914344,30,1,0,0,1.4250070709814384,0.05043212673416625
1378,160.7959786342851,32,1,0,0,1.4753820797098132,0.05038169460743208
1379,156.1151878496066,19,1,0,0,1.470833634382018,0.05033131291282466
1380,179.18153609606895,22,1,0,0,1.3460174860850787,0.05028098159991184
1381,76.6037496763444,200,0,0,1,2.4996695634456514,0.05023070061831192
1382,170.58961318277517,29,1,0,0,1.4842849820583852,0.05018046991769361
1383,151.20648033539905,19,1,0,0,1.4129585683270998,0.050130289447775915
1384,51.30659284303159,200,0,0,1,2.4063246239606095,0.050080159158328134
1385,174.09391192325182,28,1,0,0,1.4803101176611029,0.05003007899916981
1386,178.04470886727162,41,1,0,0,1.4924292837473754,0.04998004892017064
1387,24.033744197631993,200,0,0,1,2.1783117653956365,0.04993006887125047
1388,193.89398995700725,24,1,0,0,1.4096513286271541,0.049880138802379216
1389,166.4299125457469,63,1,0,0,1.4773961366837016,0.04983025866357684
1390,161.96973579319675,26,1,0,0,1.417402820960925,0.04978042840491326
1391,-50.0,1,0,1,0,4.637884752851065,0.04973064797650835
1392,157.19127967183948,22,1,0,0,1.4304636491135683,0.04968091732853184
1393,155.63003540666278,23,1,0,0,1.430102284165757,0.04963123641120331
1394,234.75704960789554,51,1,0,0,1.4061023337897882,0.049581605174792105
1395,191.51182429178442,29,1,0,0,1.4748322993761576,0.04953202356961731
1396,56.444286408421604,200,0,0,1,2.8255144709957936,0.0494824915460477
1397,38.853451485442314,200,0,0,1,2.9549566059494143,0.04943300905450165
1398,176.85167384933186,17,1,0,0,1.4286321589595945,0.049383576045447145
1399,174.4629935819719,21,1,0,0,1.4032853494495354,0.0493341924694017
1400,239.98538677812468,120,1,0,0,1.4636550355778548,0.0492848582769323
1401,78.67529517025388,200,0,0,1,2.5519618031180564,0.049235573418655365
1402,172.2378609431587,31,1,0,0,1.491970203919874,0.04918633784523671
1403,70.43434853225597,200,0,0,1,3.6690370551711533,0.04913715150739147
1404,199.83146900047285,23,1,0,0,1.2003929232061632,0.049088014355884085
1405,147.43737320695584,19,1,0,0,1.480995578674373,0.0490389263415282
1406,48.852288963458435,200,0,0,1,5.465669324409876,0.04898988741518667
1407,8.312985431074178,200,0,0,1,2.3255660178039044,0.04894089752777148
1408,116.7740155799538,25,1,0,0,1.4650108616431974,0.04889195663024371
1409,195.9358638268306,31,1,0,0,1.4498590724975795,0.04884306467361346
1410,119.4994019550346,10,1,0,0,1.453424383556861,0.048794221608939856
1411,23.573668496962107,200,0,0,1,1.6489370225629083,0.04874542738733091
1412,64.7720668813986,200,0,0,1,1.6516515943153616,0.04869668195994358
1413,152.98225339694318,23,1,0,0,1.4490679487580735,0.04864798527798364
1414,163.61850855809385,46,1,0,0,1.436560307360002,0.04859933729270566
1415,141.7901745721924,200,0,0,1,2.031666683038742,0.048550737955412954
1416,172.268377028823,19,1,0,0,1.4132638811723217,0.04850218721745753
1417,148.3230670116984,14,1,0,0,1.4626003614012866,0.048453685030240085
1418,169.90601552818532,32,1,0,0,1.4664985569738693,0.04840523134520984
1419,159.29132637447594,46,1,0,0,1.4980724080348273,0.04835682611386463
1420,205.51273954907504,189,1,0,0,1.4753844603352106,0.04830846928775076
1421,174.6830750798351,22,1,0,0,1.2857735995694142,0.048260160818463016
1422,174.53248920562413,32,1,0,0,1.4763403589844961,0.04821190065764455
1423,152.5564389066043,16,1,0,0,1.4353269166519433,0.04816368875698691
1424,151.20984982425463,24,1,0,0,1.4287068032706665,0.048115525068229914
1425,182.7519484749497,72,1,0,0,1.4921822968423777,0.04806740954316169
1426,140.8208431632544,12,1,0,0,1.3542586058632278,0.048019342133618526
1427,261.47739595202995,99,1,0,0,1.4691182150389999,0.04797132279148491
1428,197.74058815892226,54,1,0,0,1.495505255216425,0.04792335146869342
1429,170.03190775749442,74,1,0,0,1.4886881102343894,0.04787542811722473
1430,165.97667180752234,27,1,0,0,1.4359121358488378,0.04782755268910751
1431,173.320916441424,25,1,0,0,1.4442472088625915,0.0477797251364184
1432,147.55719385446756,33,1,0,0,1.4441382199365145,0.04773194541128198
1433,171.08198654175416,26,1,0,0,1.4305767273863799,0.0476842134658707
1434,271.1422343561077,74,1,0,0,1.4535450442462674,0.04763652925240483
1435,120.3021191309995,8,1,0,0,1.2346036132352385,0.04758889272315242
1436,263.3478612492113,58,1,0,0,1.4887287845551793,0.04754130383042927
1437,230.89762935465475,43,1,0,0,1.461007200973177,0.04749376252659884
1438,146.95465913594677,47,1,0,0,1.4682813341570067,0.04744626876407224
1439,189.85210458952793,53,1,0,0,1.3592218064497203,0.04739882249530817
1440,133.70084610178304,9,1,0,0,1.317339377817965,0.047351423672812865
1441,173.3978123232021,27,1,0,0,1.372208248913049,0.047304072249140044
1442,-50.0,1,0,1,0,4.470412266216967,0.04725676817689091
1443,106.67946295559383,5,1,0,0,1.458044658370113,0.04720951140871402
1444,176.76457434804945,52,1,0,0,1.4482068021684313,0.0471623018973053
1445,57.665734052880865,200,0,0,1,1.795637769783615,0.047115139595408
1446,168.0680280781831,23,1,0,0,1.3932737340015493,0.04706802445581259
1447,-54.77558358993063,108,0,0,0,7.113632069041331,0.04702095643135678
1448,182.9097296751764,25,1,0,0,1.40983406116253,0.04697393547492542
1449,191.67069856067062,25,1,0,0,1.493425659507842,0.046926961539450494
1450,232.8346194154291,58,1,0,0,1.4677928688733692,0.04688003457791104
1451,234.6879643165353,62,1,0,0,1.4074528891112403,0.04683315454333314
1452,175.06214513261077,30,1,0,0,1.4287920413588817,0.0467863213887898
1453,118.67163082603727,10,1,0,0,1.4117667819407902,0.04673953506740101
1454,172.0280180400403,23,1,0,0,1.3109234060516293,0.04669279553233361
1455,213.57464082404508,41,1,0,0,1.4901153790365111,0.046646102736801275
1456,188.59764855685796,33,1,0,0,1.3760418573226656,0.04659945663406448
1457,73.51310447036207,200,0,0,1,2.2929264406692615,0.04655285717743041
1458,188.0586692358659,39,1,0,0,1.3932852148292312,0.04650630432025298
1459,157.30504266230616,44,1,0,0,1.3762764868164417,0.046459798015932724
1460,75.00800317505335,200,0,0,1,3.3045559660418062,0.046413338217916794
1461,183.6964152408692,32,1,0,0,1.3628529084321666,0.04636692487969887
1462,122.70779678476976,9,1,0,0,1.3269336763643318,0.04632055795481918
1463,178.54291315839376,34,1,0,0,1.448074647823213,0.04627423739686436
1464,152.45584166305468,12,1,0,0,1.380497992779083,0.04622796315946749
1465,175.13270411905057,37,1,0,0,1.2824890431000768,0.04618173519630803
1466,109.84272882865005,3,1,0,0,1.4845987895881052,0.04613555346111172
1467,214.54361693166572,34,1,0,0,1.4782563661064072,0.04608941790765061
1468,162.73034377698235,35,1,0,0,1.4540710514934105,0.046043328489742956
1469,120.71844247092935,9,1,0,0,1.4171817638448776,0.04599728516125321
1470,205.425067361947,31,1,0,0,1.4797850715645857,0.045951287876091956
1471,170.3637067270829,40,1,0,0,1.4768728558088775,0.04590533658821587
1472,166.8809984990728,24,1,0,0,1.4964701053247693,0.04585943125162765
1473,120.54178252577705,110,1,0,0,1.1558204244457644,0.04581357182037602
1474,151.71630164460836,25,1,0,0,1.333908165552082,0.04576775824855565
1475,179.3658951131396,31,1,0,0,1.4684420508355136,0.04572199049030709
1476,153.88313592096964,25,1,0,0,1.3301854159294089,0.045676268499816784
1477,161.76169566652288,31,1,0,0,1.320517682599218,0.04563059223131696
1478,170.47096988723075,33,1,0,0,1.4188437577315915,0.04558496163908565
1479,192.8811096578305,25,1,0,0,1.2473955209762666,0.045539376677446564
1480,169.57694146878117,132,1,0,0,1.4969595854178563,0.04549383730076912
1481,166.99577672610044,32,1,0,0,1.4050999356517742,0.04544834346346835
1482,157.93882198083784,18,1,0,0,1.4180015832286699,0.04540289512000488
1483,237.03171037902936,46,1,0,0,1.4965888242580954,0.04535749222488488
1484,152.12151263449124,34,1,0,0,1.48232205442552,0.04531213473265999
1485,173.67560982216722,46,1,0,0,1.4808235771991674,0.04526682259792733
1486,165.1180454017079,18,1,0,0,1.4758918260422682,0.04522155577532941
1487,162.30763588035958,28,1,0,0,1.4829307499895534,0.045176334219554075
1488,162.6379434139115,23,1,0,0,1.2678001613043557,0.04513115788533452
1489,156.0141994329564,123,1,0,0,1.4830312173533586,0.045086026727449185
1490,187.51853281544936,25,1,0,0,1.3717305095234182,0.04504094070072173
1491,175.56610743441655,26,1,0,0,1.4715613395559248,0.04499589976002102
1492,229.49478100616537,47,1,0,0,1.3698313447684785,0.044950903860260995
1493,126.16825714113436,15,1,0,0,1.4434596924019258,0.044905952956400735
1494,224.27684228425574,179,1,0,0,1.4790527204662258,0.044861047003444336
1495,143.61868223756204,93,1,0,0,1.4962275521996817,0.044816185956440886
1496,170.74769833993668,16,1,0,0,1.3057628957610066,0.044771369770484445
1497,186.47700814865934,32,1,0,0,1.4678655520196353,0.04472659840071396
1498,146.02723232174608,27,1,0,0,1.3689988226351526,0.04468187180231325
1499,193.8962211889808,23,1,0,0,1.2520658238547955,0.04463718993051094
1500,174.8612335131477,20,1,0,0,1.2287259529083137,0.044592552740580424
1501,115.44811255010744,18,1,0,0,1.4693307052018394,0.044547960187839845
1502,194.50881395931222,24,1,0,0,1.3799354501733452,0.044503412227652
1503,141.1680166437674,32,1,0,0,1.4721241662298923,0.04445890881542435
1504,175.22672819373332,24,1,0,0,1.3478051752828228,0.04441444990660893
1505,148.86102090736352,21,1,0,0,1.3974993984232316,0.04437003545670232
1506,166.15110575125018,200,0,0,1,1.6241654225363253,0.044325665421245615
1507,158.89153552417667,18,1,0,0,1.3486293482157132,0.04428133975582437
1508,-50.0,1,0,1,0,2.9792569837418075,0.04423705841606854
1509,194.00082320694054,64,1,0,0,1.4958201203090307,0.04419282135765248
1510,112.25516819412704,35,1,0,0,1.3893410055721123,0.04414862853629482
1511,273.756332632555,60,1,0,0,1.4938225654311696,0.04410447990775853
1512,206.30388326937234,40,1,0,0,1.3617841462403704,0.04406037542785077
1513,187.46250321185795,23,1,0,0,1.4832049443783324,0.04401631505242292
1514,189.00078934825967,24,1,0,0,1.473350614740633,0.0439722987373705
1515,212.36507248511384,60,1,0,0,1.4832390223680962,0.043928326438633127
1516,144.41948847282248,19,1,0,0,1.2511786801346152,0.043884398112194495
1517,139.25734725574299,16,1,0,0,1.2992151754829722,0.0438405137140823
1518,189.74533758118196,64,1,0,0,1.4989458654548655,0.043796673200368216
1519,166.71504532979537,30,1,0,0,1.4388518734143891,0.04375287652716785
1520,150.90989109892757,19,1,0,0,1.4062346392592917,0.04370912365064068
1521,241.58316188815118,109,1,0,0,1.4668171242156967,0.04366541452699004
1522,222.96306295602977,43,1,0,0,1.4009620039465682,0.043621749112463054
1523,153.88074184710797,43,1,0,0,1.4839971205286788,0.04357812736335059
1524,173.71990924424614,29,1,0,0,1.4914910400099792,0.043534549235987235
1525,245.21720430769435,43,1,0,0,1.4331024193393949,0.04349101468675125
1526,107.464189523276,3,1,0,0,1.13238779950218,0.0434475236720645
1527,181.03009688535434,33,1,0,0,1.4076144711178311,0.04340407614839243
1528,196.14397229703877,113,1,0,0,1.492513890953917,0.04336067207224404
1529,173.76709647364993,21,1,0,0,1.4160064146546152,0.043317311400171796
1530,229.4731955840608,166,1,0,0,1.4306248548348153,0.043273994088771625
1531,157.55913796016665,32,1,0,0,1.4422944599472798,0.04323072009468285
1532,224.9244854743228,38,1,0,0,1.4129657793863322,0.04318748937458817
1533,187.91932501602506,23,1,0,0,1.284702784477603,0.043144301885213586
1534,157.32962507088405,20,1,0,0,1.2248943295687647,0.043101157583328366
1535,203.25491533700767,42,1,0,0,1.4112282969773549,0.04305805642574504
1536,196.4706789122895,104,1,0,0,1.493689709278801,0.043014998369319296
1537,178.24923715564034,31,1,0,0,1.2655331058418466,0.04297198337094998
1538,151.89448391049015,28,1,0,0,1.4914124972925884,0.04292901138757903
1539,145.38512532465063,14,1,0,0,1.3817036447125812,0.042886082376191445
1540,193.8712649252811,28,1,0,0,1.403630599047594,0.04284319629381526
1541,186.5992384014769,26,1,0,0,1.374151829647764,0.04280035309752144
1542,168.16630900903257,19,1,0,0,1.2983830846499873,0.042757552744423916
1543,-11.640754303592438,200,0,0,1,2.0655773852366894,0.0427147951916795
1544,210.42334434846748,38,1,0,0,1.3211724633235595,0.042672080396487816
1545,208.09085140228092,30,1,0,0,1.2243898256939576,0.04262940831609133
1546,132.3115341618536,83,1,0,0,1.4569757707818054,0.042586778907775236
1547,147.1514432053674,33,1,0,0,1.3922826781681723,0.04254419212886746
1548,185.26085073515125,38,1,0,0,1.4668740757013183,0.04250164793673859
1549,178.07274923987683,20,1,0,0,1.2477333062102816,0.042459146288801854
1550,249.82405012629823,53,1,0,0,1.4989849965694029,0.04241668714251305
1551,164.61298029405356,17,1,0,0,1.3955019763546896,0.04237427045537054
1552,229.0783448882664,51,1,0,0,1.4999188831804995,0.042331896184915174
1553,199.5847863775383,26,1,0,0,1.2322697982031383,0.04228956428873026
1554,177.60745498113502,41,1,0,0,1.4337366737847428,0.04224727472444152
1555,153.1967471769427,16,1,0,0,1.2601940454668425,0.04220502744971708
1556,175.3764380198275,28,1,0,0,1.4209321664139969,0.04216282242226736
1557,204.26698174447262,27,1,0,0,1.3494834692865867,0.042120659599845095
1558,155.58149393158976,21,1,0,0,1.4442292834690333,0.04207853894024525
1559,173.8935657125495,22,1,0,0,1.4221261465861939,0.04203646040130501
1560,217.41160007021116,73,1,0,0,1.4915107517018429,0.0419944239409037
1561,171.89202004254219,22,1,0,0,1.321748963359038,0.0419524295169628
1562,164.16084521048785,22,1,0,0,1.3677118681844658,0.04191047708744584
1563,165.67051658573592,23,1,0,0,1.4239273825533185,0.04186856661035839
1564,157.95149643676802,27,1,0,0,1.453146592347855,0.04182669804374803
1565,79.65946423930464,200,0,0,1,2.8947245248972178,0.041784871345704286
1566,180.17509351139805,22,1,0,0,1.4275779903863435,0.04174308647435858
1567,188.7207540960045,106,1,0,0,1.4933717151115578,0.04170134338788422
1568,110.8198287593355,25,1,0,0,1.4639474057427977,0.041659642044496334
1569,223.77078335091704,67,1,0,0,1.4873740814047443,0.04161798240245184
1570,-11.0793225826042,200,0,0,1,2.868250602713688,0.04157636442004939
1571,56.3012605340919,200,0,0,1,3.5482464051930265,0.04153478805562934
1572,179.6503992186593,41,1,0,0,1.4810114247211692,0.04149325326757371
1573,174.10549694037041,39,1,0,0,1.4828554902321438,0.04145176001430614
1574,132.0931906254391,12,1,0,0,1.263931890887397,0.04141030825429183
1575,151.86860380938063,46,1,0,0,1.4898242179721741,0.04136889794603754
1576,162.93804899422918,18,1,0,0,1.2483003999196405,0.041327529048091505
1577,239.43424753428508,43,1,0,0,1.3433064896371667,0.04128620151904341
1578,108.748001272515,3,1,0,0,1.4703773585681552,0.04124491531752436
1579,143.52974196162728,12,1,0,0,1.3271604303338653,0.04120367040220684
1580,191.48501752858323,31,1,0,0,1.3443816295349604,0.04116246673180463
1581,189.42114524800016,20,1,0,0,1.3005547882080712,0.04112130426507283
1582,155.08843218368443,15,1,0,0,1.2414963374830623,0.04108018296080776
1583,148.63681647212488,108,1,0,0,1.4835657880656765,0.04103910277784695
1584,173.1896455826267,24,1,0,0,1.4158046590588051,0.0409980636750691
1585,146.19944713828343,15,1,0,0,1.4700543177875016,0.04095706561139403
1586,154.30387525254122,71,1,0,0,1.4072858021601609,0.04091610854578264
1587,137.7362646280091,16,1,0,0,1.395746383019338,0.040875192437236856
1588,214.70862079153525,35,1,0,0,1.4521639409458666,0.04083431724479962
1589,113.62183593980781,59,1,0,0,1.4375970466405312,0.04079348292755482
1590,189.12028267228936,23,1,0,0,1.4202433028200891,0.04075268944462726
1591,141.0128358851286,24,1,0,0,1.4786512281279804,0.040711936755182636
1592,-42.992121604934205,132,0,0,0,10.717033385349149,0.04067122481842745
1593,170.6049229966007,22,1,0,0,1.3747173651167603,0.04063055359360903
1594,164.61114410618916,25,1,0,0,1.4006580581753896,0.040589923040015415
1595,175.9418959938139,21,1,0,0,1.3358767310891548,0.0405493331169754
1596,183.575860949144,47,1,0,0,1.457536326002728,0.04050878378385843
1597,142.31736477294632,48,1,0,0,1.486487765585228,0.04046827500007457
1598,161.7170091904405,16,1,0,0,1.3496914959351518,0.04042780672507449
1599,150.61187702304068,18,1,0,0,1.2376957886035826,0.04038737891834942
1600,174.20831230197862,58,1,0,0,1.464371065788113,0.04034699153943107
1601,-4.824899098990032,200,0,0,1,6.382934452298294,0.04030664454789164
1602,134.59918304253677,96,1,0,0,1.4831848794633067,0.040266337903343746
1603,224.74597013637043,42,1,0,0,1.440714464938193,0.040226071565440405
1604,124.58377240250704,10,1,0,0,1.4807784037446154,0.040185845493874967
1605,133.37880671813795,17,1,0,0,1.395985053581643,0.040145659648381085
1606,141.24871949108922,15,1,0,0,1.305160727516148,0.04010551398873271
1607,168.58456543809336,36,1,0,0,1.4138255251603695,0.04006540847474397
1608,176.69675131484283,24,1,0,0,1.2870816535130918,0.04002534306626923
1609,168.35535113366961,25,1,0,0,1.4605812025991634,0.03998531772320296
1610,144.47121790527387,16,1,0,0,1.4873320623846271,0.03994533240547976
1611,163.26576168887595,43,1,0,0,1.3837180957703357,0.039905387073074276
1612,170.67995214137312,25,1,0,0,1.4525184598297518,0.03986548168600121
1613,234.65072647936464,49,1,0,0,1.246506445454204,0.039825616204315205
1614,181.09467925740742,43,1,0,0,1.436959067666078,0.03978579058811089
1615,121.77352968220889,6,1,0,0,1.3040029434927918,0.03974600479752277
1616,204.16808002605404,30,1,0,0,1.253851999644378,0.039706258792725255
1617,150.9689125758972,33,1,0,0,1.4696394212443677,0.03966655253393253
1618,122.51802267115718,11,1,0,0,1.4005978357532394,0.039626885981398595
1619,180.0972862386136,20,1,0,0,1.496146353323032,0.039587259095417195
1620,171.18098064028345,20,1,0,0,1.271337762409391,0.039547671836321775
1621,136.0958022199139,72,1,0,0,1.4784324756347118,0.03950812416448546
1622,231.57477026660962,67,1,0,0,1.4502291029000027,0.039468616040320974
1623,192.6622033816938,31,1,0,0,1.2828008385132708,0.03942914742428065
1624,151.53702397073752,14,1,0,0,1.1985560392366124,0.03938971827685637
1625,181.3740133615962,28,1,0,0,1.4070060749415607,0.03935032855857951
1626,191.28673247562756,26,1,0,0,1.4699512777239425,0.039310978230020936
1627,167.30045126900177,24,1,0,0,1.4904985022019153,0.03927166725179091
1628,189.80947165068176,32,1,0,0,1.4656629696189396,0.03923239558453912
1629,247.81410742915293,55,1,0,0,1.4490005441427654,0.039193163188954584
1630,195.5401309594906,27,1,0,0,1.3261790936694886,0.03915397002576563
1631,179.07392635043223,25,1,0,0,1.3446053436671226,0.03911481605573986
1632,158.69170509534976,24,1,0,0,1.347155191978402,0.039075701239684124
1633,134.3102146947614,10,1,0,0,1.439701462437961,0.03903662553844444
1634,172.3783810763448,28,1,0,0,1.1886026336833475,0.038997588912905994
1635,165.00055932350705,20,1,0,0,1.2358242596614268,0.03895859132399309
1636,177.46237693082503,80,1,0,0,1.486902792882533,0.038919632732669095
1637,233.74178230378305,43,1,0,0,1.48783012894191,0.03888071309993643
1638,192.3969247718856,34,1,0,0,1.3998635881281194,0.03884183238683649
1639,29.095876945705967,136,0,0,0,6.66238484796085,0.038802990554449655
1640,206.54278458820204,38,1,0,0,1.2382764072170742,0.03876418756389521
1641,192.68240724096023,61,1,0,0,1.4518753585592974,0.03872542337633131
1642,130.2471768984794,26,1,0,0,1.4184747695007904,0.03868669795295498
1643,183.2679895522994,24,1,0,0,1.258545779022241,0.03864801125500202
1644,148.3011228764769,13,1,0,0,1.2187332894689842,0.03860936324374702
1645,252.3027577454968,44,1,0,0,1.4858651329737893,0.038570753880503274
1646,174.1999003915303,17,1,0,0,1.3986099871431321,0.038532183126622765
1647,244.608438613693,48,1,0,0,1.3548052723160486,0.03849365094349615
1648,145.89594248994476,17,1,0,0,1.375395264071712,0.03845515729255265
1649,231.785072355915,46,1,0,0,1.4262711214255475,0.0384167021352601
1650,212.94706606782773,37,1,0,0,1.4378707611034394,0.03837828543312484
1651,146.8670987861239,14,1,0,0,1.3841504390520192,0.03833990714769171
1652,-50.0,1,0,1,0,1.0475194405594175,0.038301567240544024
1653,160.94998840636504,20,1,0,0,1.2470387262287566,0.03826326567330348
1654,164.5006091166496,22,1,0,0,1.3189782912173367,0.038225002407630174
1655,180.80922521109758,23,1,0,0,1.2361492381234769,0.03818677740522254
1656,161.7070345338192,22,1,0,0,1.465961304747429,0.03814859062781732
1657,146.7800495434106,18,1,0,0,1.412338255355912,0.0381104420371895
1658,216.544448335673,61,1,0,0,1.4982362633034805,0.03807233159515231
1659,227.90725977441397,82,1,0,0,1.4571984139632579,0.03803425926355716
1660,117.43715658079967,8,1,0,0,1.3707639630743151,0.0379962250042936
1661,134.5896852275505,10,1,0,0,1.0804375956085497,0.03795822877928931
1662,180.1110315726112,25,1,0,0,1.2108601147766571,0.037920270550510025
1663,14.601566586961056,200,0,0,1,6.435038571720489,0.03788235027995951
1664,105.08544364011868,193,1,0,0,1.497652263512334,0.03784446792967955
1665,155.5636086422036,22,1,0,0,1.314697386101551,0.03780662346174987
1666,32.5653969530504,200,0,0,1,2.5891181200531013,0.03776881683828812
1667,157.747496536774,16,1,0,0,1.3666225277491693,0.03773104802144983
1668,169.02134946404743,30,1,0,0,1.3993137750561488,0.037693316973428384
1669,117.97074217024488,15,1,0,0,1.4955621854314889,0.03765562365645495
1670,188.77341880653086,68,1,0,0,1.4669108516277707,0.0376179680327985
1671,207.91481258891267,34,1,0,0,1.4317186668823891,0.037580350064765705
1672,123.13771361755447,8,1,0,0,1.3351911964898113,0.03754276971470094
1673,167.9402030845664,25,1,0,0,1.4494671728669468,0.03750522694498623
1674,110.50019559951028,38,1,0,0,1.4836382623820215,0.03746772171804125
1675,155.3418675064649,23,1,0,0,1.339477721546169,0.03743025399632321
1676,180.28860394236594,23,1,0,0,1.4167692316215594,0.03739282374232688
1677,168.75833657195037,17,1,0,0,1.1552853886725907,0.03735543091858456
1678,146.43579722618648,17,1,0,0,1.2883476388527126,0.03731807548766597
1679,192.5630463038433,26,1,0,0,1.4107361727618293,0.03728075741217831
1680,180.91208891431918,24,1,0,0,1.3138159940310559,0.03724347665476613
1681,125.80351513445329,9,1,0,0,1.3133876628521846,0.03720623317811136
1682,119.41211012272203,16,1,0,0,1.48437594262096,0.03716902694493325
1683,151.62626166489395,15,1,0,0,1.2489225406540092,0.037131857917988315
1684,170.82587797235607,38,1,0,0,1.498175286960222,0.037094726060070325
1685,258.4177636767406,54,1,0,0,1.443032278621442,0.03705763133401026
1686,177.84273402854126,22,1,0,0,1.2943166608188936,0.037020573702676245
1687,164.05974488191728,33,1,0,0,1.398999260929622,0.03698355312897357
1688,233.92233464928663,46,1,0,0,1.4049570915142866,0.0369465695758446
1689,165.06986517413094,16,1,0,0,1.3773420592621395,0.03690962300626875
1690,213.4874154311346,36,1,0,0,1.3180061967811796,0.036872713383262486
1691,146.20482666700528,16,1,0,0,1.4851803566396518,0.03683584066987922
1692,192.70021583838945,24,1,0,0,1.3037412290340729,0.03679900482920934
1693,157.24554748881906,16,1,0,0,1.4167679981541665,0.03676220582438013
1694,183.5277250529665,33,1,0,0,1.4910025291030198,0.03672544361855575
1695,143.58284634579172,17,1,0,0,1.3089362114583385,0.0366887181749372
1696,169.57499130631385,19,1,0,0,1.4474336651547595,0.03665202945676226
1697,135.45985877866974,13,1,0,0,1.2568451297213667,0.036615377427305494
1698,261.42245288586446,53,1,0,0,1.4790856532146075,0.03657876204987819
1699,175.68272860499684,26,1,0,0,1.419722856234397,0.036542183287828316
1700,142.58172593837878,16,1,0,0,1.3320220980972193,0.036505641104540486
1701,229.2169925961444,42,1,0,0,1.4980830074326137,0.03646913546343594
1702,98.30136991258,200,0,0,1,5.7724134241894225,0.036432666327972506
1703,249.98142340528062,55,1,0,0,1.403385946478697,0.03639623366164454
1704,182.94929609576835,29,1,0,0,1.487473709290928,0.03635983742798289
1705,146.80363085734012,79,1,0,0,1.443144594998106,0.03632347759055491
1706,231.73906050334202,44,1,0,0,1.4747279694411084,0.036287154112964355
1707,165.5945447994034,20,1,0,0,1.373348292179541,0.036250866958851394
1708,178.2413489863609,25,1,0,0,1.486497208245226,0.03621461609189254
1709,244.7622042899086,46,1,0,0,1.4122911561671116,0.03617840147580064
1710,140.4701937614194,16,1,0,0,1.3448881544007465,0.036142223074324846
1711,17.027822391689796,200,0,0,1,4.6371005455885,0.03610608085125052
1712,162.83969193822614,21,1,0,0,1.459054623929231,0.03606997477039927
1713,164.22777441664755,25,1,0,0,1.24163893192161,0.03603390479562887
1714,147.1890339199503,14,1,0,0,1.4179016598142204,0.03599787089083324
1715,135.60740604614307,12,1,0,0,1.1906557893314584,0.03596187301994241
1716,183.31308018889547,21,1,0,0,1.328598855414729,0.035925911146922465
1717,151.89967574231997,16,1,0,0,1.4611863839193358,0.035889985235775544
1718,170.61140028472136,19,1,0,0,1.3560751930758288,0.03585409525053977
1719,237.81683295217996,43,1,0,0,1.4765003842210231,0.03581824115528923
1720,255.5518073985565,50,1,0,0,1.3089922581859352,0.035782422914133936
1721,192.14120616786272,30,1,0,0,1.4197653816096363,0.035746640491219804
1722,163.2688518854003,16,1,0,0,1.2483269961776793,0.035710893850728585
1723,203.31117967642638,34,1,0,0,1.3668302606540221,0.035675182956877854
1724,100.0,1,1,0,0,1.4433895930869243,0.03563950777392098
1725,161.95964217823763,64,1,0,0,1.4851820764102939,0.03560386826614705
1726,131.68675239466475,38,1,0,0,1.3642235853987623,0.03556826439788091
1727,191.37172510557068,31,1,0,0,1.4139350942236155,0.035532696133483026
1728,162.6658041231676,23,1,0,0,1.4793250089690735,0.035497163437349544
1729,170.7903702172377,22,1,0,0,1.373853126833798,0.035461666273912194
1730,160.5383605171845,43,1,0,0,1.2527808950046109,0.03542620460763828
1731,-1.1968683093228947,81,0,0,0,7.411211119093128,0.03539077840303064
1732,160.99338584124558,19,1,0,0,1.294979851255371,0.035355387624627616
1733,200.2588704458165,24,1,0,0,1.2373350416749302,0.03532003223700299
1734,127.45452467197332,11,1,0,0,1.484341342329072,0.035284712204765985
1735,215.63198794450284,35,1,0,0,1.3957470163388268,0.03524942749256122
1736,67.44819858483181,200,0,0,1,2.6600501347667462,0.03521417806506866
1737,72.87562214970903,200,0,0,1,3.133018089496934,0.03517896388700359
1738,173.40086703692214,24,1,0,0,1.4892205993107472,0.03514378492311659
1739,168.07998085416654,25,1,0,0,1.1127428499025411,0.035108641138193473
1740,221.0469140540983,46,1,0,0,1.4383528694277536,0.035073532497055276
1741,192.46391993786648,26,1,0,0,1.2912770948681036,0.03503845896455822
1742,250.27977217865333,44,1,0,0,1.3902213222824646,0.03500342050559366
1743,150.9586566817315,25,1,0,0,1.3263541913307297,0.03496841708508807
1744,162.35439077158554,21,1,0,0,1.2195085732877267,0.034933448668002985
1745,155.32090262669973,20,1,0,0,1.3294896611504614,0.03489851521933498
1746,209.87795467856046,36,1,0,0,1.3519379174578416,0.03486361670411564
1747,154.7435611111221,21,1,0,0,1.3515461712326267,0.034828753087411526
1748,168.19223687626854,28,1,0,0,1.3925005880147,0.034793924334324114
1749,168.86109975215425,15,1,0,0,1.2291892650212983,0.03475913040998979
1750,141.13503595346762,14,1,0,0,1.4761646780431472,0.0347243712795798
1751,156.3081950783881,26,1,0,0,1.3454308361393443,0.034689646908300224
1752,167.8717742817098,26,1,0,0,1.411914208525548,0.034654957261391915
1753,166.45074781782446,23,1,0,0,1.4275246950104046,0.03462030230413053
1754,189.06760486007238,19,1,0,0,1.4926437702901474,0.0345856820018264
1755,158.44258485487302,19,1,0,0,1.4594458691358148,0.03455109631982457
1756,154.4879317709779,18,1,0,0,1.4628769838363396,0.034516545223504745
1757,175.78385593550826,38,1,0,0,1.2765411100235404,0.03448202867828124
1758,179.88918453843752,21,1,0,0,1.354179820665905,0.034447546649602964
1759,276.44332019030765,62,1,0,0,1.4815052549533445,0.03441309910295336
1760,-13.410731453575906,13,0,1,0,5.965432204958328,0.034378686003850405
1761,169.14706754649808,22,1,0,0,1.3471331515595457,0.03434430731784655
1762,138.41463601101714,12,1,0,0,1.4202889863189825,0.03430996301052871
1763,232.64079505212231,39,1,0,0,1.4266724713920165,0.03427565304751818
1764,134.81704472979249,18,1,0,0,1.319332475731429,0.03424137739447066
1765,121.40251771227344,7,1,0,0,1.2737357062350296,0.034207136017076194
1766,181.08767047673246,24,1,0,0,1.2365878991801003,0.03417292888105911
1767,191.7882688721025,27,1,0,0,1.348058277794665,0.03413875595217805
1768,178.47283436058362,32,1,0,0,1.4150587742121346,0.03410461719622587
1769,152.68109521062436,28,1,0,0,1.4525320685829117,0.03407051257902965
1770,162.53192844935631,18,1,0,0,1.3175972752647171,0.034036442066450616
1771,168.61569069964008,22,1,0,0,1.4490253313847814,0.03400240562438417
1772,197.2389919777575,32,1,0,0,1.423642515374485,0.03396840321875979
1773,191.71926864138186,29,1,0,0,1.2744467092602196,0.03393443481554103
1774,142.02653720675454,13,1,0,0,1.2408982525767012,0.033900500380725486
1775,178.96685229335526,27,1,0,0,1.3503184003934692,0.03386659988034476
1776,26.555774022123344,136,0,0,0,3.6363729451275826,0.03383273328046441
1777,219.74478654813146,43,1,0,0,1.4086822892843245,0.03379890054718395
1778,170.00077631743227,19,1,0,0,1.3074215244308403,0.033765101646636764
1779,200.57402182192249,31,1,0,0,1.4413719243908214,0.03373133654499013
1780,137.91047441913813,24,1,0,0,1.401623961242477,0.033697605208445135
1781,187.58702787727972,24,1,0,0,1.2238112670174102,0.0336639076032367
1782,230.79465470522663,42,1,0,0,1.3936656369695342,0.03363024369563346
1783,149.21114325443546,20,1,0,0,1.3938644779850617,0.033596613451937825
1784,145.34995445804898,11,1,0,0,1.326287414200559,0.033563016838485886
1785,155.35336466491643,53,1,0,0,1.3894323925672059,0.0335294538216474
1786,208.7159192463706,30,1,0,0,1.4278912980223364,0.03349592436782575
1787,142.46445048601404,21,1,0,0,1.3378629167812077,0.033462428443457926
1788,161.67409750909954,21,1,0,0,1.485973129371668,0.033428966015014466
1789,54.944045730629,200,0,0,1,3.8522401237914594,0.03339553704899945
1790,150.5830456402523,16,1,0,0,1.2587866682135649,0.03336214151195046
1791,174.08574486639696,29,1,0,0,1.388170070840731,0.03332877937043851
1792,209.73930953999098,37,1,0,0,1.1917481485964214,0.03329545059106807
1793,197.12841156778518,33,1,0,0,1.4834492032312525,0.033262155140477
1794,199.86233632234627,28,1,0,0,1.363801538781995,0.033228892985336524
1795,197.40723117798564,32,1,0,0,1.1935558805568771,0.03319566409235119
1796,153.5193268393438,20,1,0,0,1.33262777308684,0.03316246842825884
1797,167.47058956255188,20,1,0,0,1.3975823458272028,0.033129305959830574
1798,194.05418334596803,32,1,0,0,1.2928036228451838,0.03309617665387074
1799,173.27613348695098,26,1,0,0,1.3683662850457026,0.03306308047721687
1800,99.72612589269905,200,0,0,1,4.191648415816673,0.03303001739673966
1801,137.28839139245528,20,1,0,0,1.3168421189839659,0.03299698737934292
1802,199.5314415151265,30,1,0,0,1.3938944249342888,0.03296399039196357
1803,172.74851559375392,23,1,0,0,1.361212693868095,0.032931026401571604
1804,161.34788334467032,39,1,0,0,1.4916668553702253,0.03289809537517004
1805,150.79095388520392,20,1,0,0,1.4350393813392195,0.03286519727979487
1806,168.72656675848685,19,1,0,0,1.2074020536311392,0.03283233208251507
1807,177.57622247663994,25,1,0,0,1.4300559171334029,0.03279949975043256
1808,107.6269407789862,7,1,0,0,1.408266563865145,0.032766700250682124
1809,177.54238762565615,18,1,0,0,1.3208735180232816,0.03273393355043144
1810,223.04939620469312,33,1,0,0,1.4895323928159494,0.03270119961688101
1811,176.2507227090382,36,1,0,0,1.4549202156088679,0.03266849841726413
1812,142.90284993284567,14,1,0,0,1.214784580810906,0.032635829918846865
1813,209.39617277096113,32,1,0,0,1.355756284720189,0.03260319408892802
1814,143.16669243615507,14,1,0,0,1.498815094511968,0.032570590894839095
1815,228.4180406379449,53,1,0,0,1.4485170463522326,0.03253802030394425
1816,167.24986367245054,16,1,0,0,1.2790875361860496,0.03250548228364031
1817,142.71392421720287,17,1,0,0,1.4726753404922082,0.03247297680135667
1818,145.79340763479289,17,1,0,0,1.3675785291750047,0.032440503824555315
1819,185.9005016085306,29,1,0,0,1.4305137832209853,0.032408063320730755
1820,190.39096874415287,22,1,0,0,1.4489132757843515,0.03237565525741003
1821,150.62022600141438,13,1,0,0,1.373297907720861,0.032343279602152615
1822,235.65714498354194,43,1,0,0,1.2890005562459157,0.032310936322550464
1823,161.10309639429192,17,1,0,0,1.3942034571655073,0.03227862538622791
1824,176.78312948347187,47,1,0,0,1.45313989796284,0.03224634676084168
1825,172.29584393469156,25,1,0,0,1.4518778795802467,0.03221410041408084
1826,142.10734407052973,17,1,0,0,1.3420776938173964,0.03218188631366676
1827,233.86780803162216,41,1,0,0,1.3780984075747404,0.03214970442735309
1828,170.29089291625195,28,1,0,0,1.480357426895004,0.03211755472292574
1829,168.7429916696217,19,1,0,0,1.4429929103816657,0.032085437168202814
1830,240.7484990604058,44,1,0,0,1.2909225046210073,0.032053351731034616
1831,172.53401764159753,27,1,0,0,1.2650962184849515,0.03202129837930358
1832,125.91539999728366,9,1,0,0,1.3794007564589286,0.03198927708092427
1833,215.81038145176524,42,1,0,0,1.4390544138579593,0.03195728780384335
1834,150.81387344171802,13,1,0,0,1.4341106071092347,0.03192533051603951
1835,172.53517011256343,23,1,0,0,1.4267274823371086,0.031893405185523464
1836,178.29159917927416,27,1,0,0,1.380979113755702,0.03186151178033794
1837,210.71114309752983,35,1,0,0,1.4908673534542896,0.0318296502685576
1838,148.6371213941926,16,1,0,0,1.3413912859788484,0.03179782061828905
1839,234.535545481239,44,1,0,0,1.4854157655893205,0.03176602279767076
1840,183.26797200402314,22,1,0,0,1.2320390521101292,0.03173425677487309
1841,215.43903965155522,39,1,0,0,1.4469748358520702,0.031702522518098214
1842,167.68923292214492,23,1,0,0,1.453133081797723,0.03167081999558012
1843,104.75370947726257,200,0,0,1,2.9885467419459566,0.03163914917558454
1844,164.1065470134896,16,1,0,0,1.3019290748877386,0.03160751002640896
1845,173.36484741159836,124,1,0,0,1.4927258047150895,0.031575902516382544
1846,268.40206699552704,54,1,0,0,1.3080869264965913,0.03154432661386616
1847,100.0,1,1,0,0,1.2990735203543633,0.031512782287252294
1848,183.6560654099218,28,1,0,0,1.363809645373569,0.03148126950496504
1849,187.00955117335997,22,1,0,0,1.4443502505334571,0.031449788235460074
1850,169.12380109416512,19,1,0,0,1.4705797666229816,0.031418338447224615
1851,218.05253256061985,41,1,0,0,1.4970291612403388,0.031386920108777396
1852,162.48108459502137,16,1,0,0,1.4054797930985674,0.03135553318866862
1853,189.7482067563284,34,1,0,0,1.4810354929663392,0.03132417765547995
1854,207.18362110677478,39,1,0,0,1.4760646008158722,0.03129285347782447
1855,198.2330156391178,27,1,0,0,1.353730517930601,0.031261560624346645
1856,234.77180232772434,87,1,0,0,1.4940748270371003,0.031230299063722294
1857,55.11498111984265,116,0,0,0,6.217143514218453,0.031199068764658573
1858,169.59794174905863,36,1,0,0,1.2984232316718234,0.031167869695893913
1859,186.39029951341473,29,1,0,0,1.4577762216578851,0.031136701826198022
1860,182.85749273323788,23,1,0,0,1.2213875828783214,0.03110556512437182
1861,213.32803308068026,39,1,0,0,1.289766676549557,0.03107445955924745
1862,165.71719261787584,21,1,0,0,1.2095721098014318,0.031043385099688205
1863,40.56318978215754,197,0,0,0,5.95197143291014,0.031012341714588516
1864,208.01585415217136,30,1,0,0,1.1637369646805216,0.030981329372873925
1865,191.11202849401295,26,1,0,0,1.3393913416008156,0.030950348043501053
1866,220.1968855711152,36,1,0,0,1.4412587952322367,0.030919397695457554
1867,201.00568929367904,34,1,0,0,1.2237587047095553,0.030888478297762097
1868,76.45510546561404,200,0,0,1,2.170294530186408,0.030857589819464334
1869,226.9583315383432,54,1,0,0,1.4876798562096059,0.030826732229644868
1870,165.6177744926789,105,1,0,0,1.410551358401191,0.030795905497415222
1871,129.5138196192071,13,1,0,0,1.39789881192633,0.030765109591917805
1872,169.10799223352882,25,1,0,0,1.4757318246348123,0.030734344482325888
1873,-63.58787101038144,169,0,0,0,7.3630259361844725,0.030703610137843562
1874,150.1820453472371,119,1,0,0,1.484886828968505,0.03067290652770572
1875,138.13653610828138,13,1,0,0,1.2222452361640803,0.030642233621178013
1876,74.3888603173765,119,0,0,0,4.170316119840438,0.030611591387556838
1877,137.42120622293152,55,1,0,0,1.4882212415200817,0.030580979796169278
1878,133.95314127289438,42,1,0,0,1.4964472153378867,0.03055039881637311
1879,161.59514280744594,16,1,0,0,1.3504055589205366,0.030519848417556734
1880,218.95342666999153,44,1,0,0,1.3254740305781678,0.03048932856913918
1881,158.22059410815243,22,1,0,0,1.3598171642819716,0.03045883924057004
1882,200.94218805858551,36,1,0,0,1.4598549750919074,0.03042838040132947
1883,176.35645684000357,23,1,0,0,1.4386985362070377,0.03039795202092814
1884,112.10734699481284,4,1,0,0,1.3546732756862379,0.03036755406890721
1885,161.74921283651966,21,1,0,0,1.436373231774648,0.030337186514838306
1886,127.64920335341554,56,1,0,0,1.477952811219238,0.030306849328323466
1887,153.58618068108444,20,1,0,0,1.4322504396031959,0.030276542478995146
1888,136.03721951924746,25,1,0,0,1.4794328951844504,0.03024626593651615
1889,137.33491982816943,12,1,0,0,1.3721459851701616,0.03021601967057963
1890,146.25802769387508,13,1,0,0,1.3891869406419628,0.030185803650909056
1891,51.700474525070256,200,0,0,1,2.3329144248057156,0.030155617847258145
1892,182.92789738358698,26,1,0,0,1.2928715560531217,0.030125462229410885
1893,212.2475566648583,27,1,0,0,1.314041520093114,0.030095336767181475
1894,171.5528424446334,32,1,0,0,1.4654281105623483,0.030065241430414294
1895,110.21422865124326,4,1,0,0,1.4910550499625985,0.030035176188983877
1896,-30.520640013470153,131,0,0,0,9.517244435277174,0.030005141012794896
1897,112.7582106697705,14,1,0,0,1.4755421367106787,0.0299751358717821
1898,161.06751358908065,200,0,0,1,2.789060400904328,0.029945160735910317
1899,81.89558377922594,159,0,0,0,4.438722675479325,0.02991521557517441
1900,154.62335046317912,36,1,0,0,1.4193069160878768,0.029885300359599232
1901,199.4214421679921,36,1,0,0,1.2311244194491515,0.029855415059239634
1902,187.23881452223662,20,1,0,0,1.3813171434777018,0.029825559644180395
1903,169.92875632671027,26,1,0,0,1.3149825651479605,0.029795734084536216
1904,22.172129177859745,200,0,0,1,1.9456954369384665,0.029765938350451677
1905,68.40818100718533,200,0,0,1,1.6899042821524806,0.029736172412101226
1906,135.80759580450305,178,1,0,0,1.4944274745467931,0.029706436239689122
1907,177.27795569853907,20,1,0,0,1.2512578655825637,0.029676729803449438
1908,198.2871539236682,27,1,0,0,1.2345667828649773,0.029647053073645985
1909,151.6343719952025,20,1,0,0,1.375543683434631,0.02961740602057234
1910,172.11902805813676,22,1,0,0,1.4854297647686554,0.02958778861455177
1911,48.514678515056644,200,0,0,1,3.008902266013964,0.029558200825937214
1912,16.239134614981538,200,0,0,1,3.8530738656653565,0.02952864262511128
1913,131.80265692956516,58,1,0,0,1.447194295909672,0.029499113982486166
1914,145.60011938259157,200,0,0,1,2.0481684022273496,0.02946961486850368
1915,20.724693450467996,95,0,0,0,3.1246553166737048,0.029440145253635176
1916,186.9558134490578,30,1,0,0,1.4996159431132712,0.029410705108381542
1917,216.3336208913709,38,1,0,0,1.393397653519377,0.029381294403273164
1918,156.11262582235136,30,1,0,0,1.4250029538785423,0.02935191310886989
1919,168.44547347164973,18,1,0,0,1.1653316500501956,0.029322561195761015
1920,140.48655238382827,16,1,0,0,1.3826689497519233,0.029293238634565257
1921,204.22465118332235,30,1,0,0,1.3831565305172655,0.02926394539593069
1922,174.9438642757741,28,1,0,0,1.4752147069363657,0.02923468145053476
1923,175.92587286724878,44,1,0,0,1.4572577204787833,0.029205446769084226
1924,199.95138210726444,27,1,0,0,1.4063139698264935,0.02917624132231514
1925,161.43008932130135,55,1,0,0,1.4751017527196966,0.029147065080992823
1926,163.57213573374256,24,1,0,0,1.2872122475126995,0.029117918015911834
1927,198.57366845413839,24,1,0,0,1.4068394397167965,0.029088800097895925
1928,185.94901168109436,40,1,0,0,1.3969369897366342,0.029059711297798024
1929,178.20095484174578,22,1,0,0,1.3576212242534156,0.029030651586500228
1930,190.82576942358733,113,1,0,0,1.4888966168381872,0.029001620934913725
1931,138.49263198865452,16,1,0,0,1.1994258795223582,0.028972619313978817
1932,173.76476377353276,19,1,0,0,1.2642897613530906,0.028943646694664833
1933,153.88746708408675,15,1,0,0,1.1324579732301576,0.02891470304797017
1934,249.1543520417548,50,1,0,0,1.423929903834399,0.028885788344922197
1935,249.45442004198094,50,1,0,0,1.4781607443823856,0.028856902556577274
1936,172.24697345775945,20,1,0,0,1.2811457903630001,0.028828045654020702
1937,171.4454145831309,29,1,0,0,1.4727605073880192,0.02879921760836668
1938,148.78949822534764,13,1,0,0,1.4342544259220142,0.028770418390758314
1939,172.21211282767808,21,1,0,0,1.4513155488208245,0.028741647972367553
1940,166.00288505866206,23,1,0,0,1.4419579645080842,0.028712906324395188
1941,132.30092030386328,20,1,0,0,1.3017773658617546,0.028684193418070793
1942,181.996896677397,23,1,0,0,1.4495393558920446,0.028655509224652723
1943,177.6044772051436,24,1,0,0,1.4119434544590022,0.02862685371542807
1944,137.84441980110722,18,1,0,0,1.2569906621815703,0.02859822686171264
1945,203.29199331325373,33,1,0,0,1.4818189337238115,0.028569628634850925
1946,184.99502045107903,35,1,0,0,1.3545314070076526,0.028541059006216077
1947,172.2596955190767,22,1,0,0,1.3341902319258345,0.02851251794720986
1948,259.38086150140725,120,1,0,0,1.451231817217758,0.02848400542926265
1949,179.1699083810271,23,1,0,0,1.4608621117870126,0.028455521423833386
1950,205.2760486141542,79,1,0,0,1.4938155735571916,0.028427065902409555
1951,198.42722312586676,23,1,0,0,1.4545796808676201,0.028398638836507145
1952,155.99078694049524,19,1,0,0,1.441054336615997,0.028370240197670638
1953,155.29086432250284,15,1,0,0,1.1344164595816824,0.028341869957472968
1954,164.91527233036425,23,1,0,0,1.428520110168784,0.028313528087515496
1955,196.3825384401642,87,1,0,0,1.3788361357297119,0.02828521455942798
1956,207.0821833623395,45,1,0,0,1.231191372344678,0.02825692934486855
1957,136.9305191278835,14,1,0,0,1.4974117684471955,0.02822867241552368
1958,190.54266615134406,103,1,0,0,1.4936101428101596,0.028200443743108157
1959,-50.0,1,0,1,0,8.343215725839022,0.028172243299365046
1960,202.4092562852742,31,1,0,0,1.2412114957396085,0.028144071056065686
1961,188.68323559421583,33,1,0,0,1.337385668822403,0.028115926985009622
1962,121.62836815793496,7,1,0,0,1.282981162464675,0.02808781105802461
1963,168.8484179173024,20,1,0,0,1.4685993355813747,0.028059723246966584
1964,128.2908658064436,10,1,0,0,1.1932561293326855,0.02803166352371962
1965,194.3058379866539,45,1,0,0,1.4739504960346075,0.0280036318601959
1966,171.02603220875542,33,1,0,0,1.4673761285416504,0.027975628228335703
1967,117.88231167871817,5,1,0,0,1.4021733456460868,0.027947652600107366
1968,173.84621077960455,33,1,0,0,1.4072376532940127,0.027919704947507257
1969,-36.36093797161937,5,0,1,0,4.922621180631168,0.027891785242559752
1970,197.06779705732743,31,1,0,0,1.2957156769940876,0.027863893457317192
1971,199.60178049731022,165,1,0,0,1.4545255898236145,0.027836029563859877
1972,201.78659268169673,39,1,0,0,1.138888769162221,0.02780819353429602
1973,135.64599108718255,15,1,0,0,1.2864300230771486,0.027780385340761722
1974,170.02662566102924,21,1,0,0,1.19963419256862,0.027752604955420958
1975,159.0664776560281,15,1,0,0,1.192234548403953,0.027724852350465536
1976,148.44537357054799,15,1,0,0,1.4768843822530715,0.027697127498115072
1977,160.53929895406043,17,1,0,0,1.407128406479742,0.027669430370616956
1978,46.319753787074305,200,0,0,1,2.905262651820847,0.02764176094024634
1979,153.6881802650433,20,1,0,0,1.367372990909287,0.02761411917930609
1980,185.0398108044274,36,1,0,0,1.423094356494108,0.02758650506012679
1981,175.51936854732045,59,1,0,0,1.4903643845449854,0.02755891855506666
1982,219.69031170087612,36,1,0,0,1.2744423541717156,0.027531359636511595
1983,132.8539080611934,8,1,0,0,1.4997734788438626,0.027503828276875083
1984,160.64332389685632,17,1,0,0,1.390122536052013,0.027476324448598207
1985,164.2664028640196,14,1,0,0,1.3881242765141082,0.027448848124149605
1986,159.90824812207063,15,1,0,0,1.3538381075096135,0.027421399276025462
1987,99.45115205618971,200,0,0,1,1.6750631001844767,0.027393977876749433
1988,144.84669406228815,31,1,0,0,1.4628517985784395,0.027366583898872684
1989,178.18300340756127,35,1,0,0,1.245735294775141,0.02733921731497381
1990,175.01990516213377,28,1,0,0,1.4637529723100402,0.027311878097658837
1991,187.629769031541,28,1,0,0,1.4923239241040671,0.02728456621956118
1992,139.88603485636708,15,1,0,0,1.1089243269310796,0.027257281653341615
1993,137.97327283447132,19,1,0,0,1.4765390081356193,0.027230024371688272
1994,-50.0,1,0,1,0,5.804001892902164,0.027202794347316584
1995,168.74390105621995,18,1,0,0,1.4926041968470787,0.02717559155296927
1996,178.8831668645464,23,1,0,0,1.411063073486217,0.027148415961416303
1997,179.3967311947908,42,1,0,0,1.4591282233753953,0.027121267545454887
1998,179.2854912518627,23,1,0,0,1.4828101905681048,0.02709414627790943
1999,156.91677963655198,16,1,0,0,1.2651308351394146,0.02706705213163152
2000,157.83082848381858,200,0,0,1,2.842322327479708,0.027039985079499892
2001,161.2211616700617,23,1,0,0,1.275219365932438,0.027012945094420388
2002,142.8396602451776,16,1,0,0,1.4782441757009515,0.026985932149325972
2003,159.02012416407706,20,1,0,0,1.402866149771989,0.026958946217176646
2004,154.8133114090459,97,1,0,0,1.420065892826272,0.026931987270959464
2005,190.33721992064878,29,1,0,0,1.3779507269045566,0.026905055283688507
2006,148.56453313168717,11,1,0,0,1.449037826921323,0.02687815022840482
2007,137.41007947395838,17,1,0,0,1.4999364498015233,0.026851272078176416
2008,188.32581689467864,24,1,0,0,1.2429081047985908,0.02682442080609824
2009,130.72502038228026,11,1,0,0,1.1948175067877573,0.02679759638529214
2010,152.46153241221148,20,1,0,0,1.3746319450369366,0.026770798788906848
2011,196.2016212858411,29,1,0,0,1.453524285961868,0.026744027990117936
2012,184.55609453891572,33,1,0,0,1.4941567578050257,0.02671728396212782
2013,154.65068331224032,21,1,0,0,1.423349777140894,0.026690566678165696
2014,169.5378533379892,20,1,0,0,1.250983171090149,0.02666387611148753
2015,123.86657995961738,12,1,0,0,1.4953010579957418,0.026637212235376042
2016,133.23038916324066,8,1,0,0,1.4806068345947496,0.026610575023140667
2017,173.99669384193118,103,1,0,0,1.496471912455616,0.02658396444811752
2018,132.78976572115587,8,1,0,0,1.4221691925061881,0.02655738048366941
2019,192.22517456762102,38,1,0,0,1.4903048290158987,0.026530823103185736
2020,27.863017572709516,200,0,0,1,3.5961221059376762,0.02650429228008255
2021,142.9843841480884,11,1,0,0,1.3520836199825037,0.026477787987802467
2022,144.5685294118357,15,1,0,0,1.407510838969458,0.026451310199814667
2023,132.3819437160331,12,1,0,0,1.49258265823193,0.02642485888961485
2024,96.75424102300884,200,0,0,1,2.8673124446216627,0.02639843403072524
2025,146.49442255297805,20,1,0,0,1.1842880740834918,0.026372035596694512
2026,167.80794200344144,16,1,0,0,1.3242347740132638,0.026345663561097816
2027,198.3215829799352,34,1,0,0,1.4125480449608303,0.026319317897536717
2028,141.43417577194958,19,1,0,0,1.394424899769005,0.026292998579639182
2029,114.91869617323187,6,1,0,0,1.4294050263622424,0.026266705581059542
2030,161.71767443021326,20,1,0,0,1.4422844260128884,0.026240438875478486
2031,179.08202599225172,138,1,0,0,1.486876484806496,0.026214198436603005
2032,169.57092149405378,23,1,0,0,1.3916725315735958,0.0261879842381664
2033,162.2903753383024,23,1,0,0,1.3484349763350694,0.026161796253928234
2034,178.34589466489825,33,1,0,0,1.3482593769196516,0.026135634457674306
2035,194.98072128725545,33,1,0,0,1.4404829421470964,0.026109498823216632
2036,146.96330077904034,14,1,0,0,1.4919605439993724,0.026083389324393413
2037,161.42817416100732,25,1,0,0,1.3405697935142613,0.02605730593506902
2038,129.93658250926848,17,1,0,0,1.2873272729994825,0.026031248629133953
2039,176.07356388491044,34,1,0,0,1.4745114480057415,0.02600521738050482
2040,198.20954294244842,22,1,0,0,1.4513846249542663,0.025979212163124318
2041,185.38837440486967,27,1,0,0,1.2171079049606264,0.02595323295096119
2042,170.4312941987715,28,1,0,0,1.4594409012694962,0.02592727971801023
2043,57.24736337959602,200,0,0,1,2.1746850354078093,0.02590135243829222
2044,186.17967931071652,27,1,0,0,1.4253938218427158,0.025875451085853925
2045,173.31563549407005,21,1,0,0,1.419080804450181,0.025849575634768075
2046,184.45394362223743,24,1,0,0,1.3768161433517319,0.0258237260591333
2047,189.2754341778337,60,1,0,0,1.4838230537550652,0.02579790233307417
2048,169.5588639904268,52,1,0,0,1.4872577991960787,0.025772104430741096
2049,137.45649109926595,11,1,0,0,1.2686441518278266,0.025746332326310357
2050,190.45719825616027,26,1,0,0,1.3652978427163671,0.02572058599398405
2051,144.67875917208187,12,1,0,0,1.086288337484765,0.02569486540799006
2052,4.918081985284438,200,0,0,1,3.339347258421889,0.02566917054258207
2053,106.68177270545256,200,0,0,1,1.9542063122038518,0.025643501372039492
2054,164.20004764280867,15,1,0,0,1.4324604482318803,0.02561785787066745
2055,101.56585886494362,200,0,0,1,2.0344633615887484,0.02559224001279678
2056,140.8086422213482,14,1,0,0,1.173669586305049,0.025566647772783987
2057,139.6002090684783,85,1,0,0,1.4684720801160307,0.025541081125011203
2058,38.55097380643259,200,0,0,1,1.6805727167092372,0.02551554004388619
2059,191.57107049977594,29,1,0,0,1.2699027233974411,0.0254900245038423
2060,172.69131216858102,18,1,0,0,1.256047519403745,0.025464534479338465
2061,125.27845093638462,10,1,0,0,1.4874957726013578,0.025439069944859123
2062,177.217595315739,21,1,0,0,1.353684053745618,0.025413630874914262
2063,121.78623078038078,9,1,0,0,1.4615912021213504,0.02538821724403935
2064,139.75303552183132,9,1,0,0,1.472948971409204,0.02536282902679531
2065,153.2915453766481,16,1,0,0,1.2597656722425592,0.025337466197768516
2066,-50.0,1,0,1,0,3.8171969106568793,0.025312128731570745
2067,161.2509973516551,21,1,0,0,1.4390151560370268,0.025286816602839175
2068,170.39843509049518,51,1,0,0,1.489037535926584,0.025261529786236338
2069,218.00283507109054,36,1,0,0,1.4217426649385165,0.025236268256450103
2070,144.28142250487767,17,1,0,0,1.3355840192236206,0.02521103198819365
2071,167.44962057564206,19,1,0,0,1.3976456681168459,0.02518582095620546
2072,195.57238986763372,28,1,0,0,1.4573427291938836,0.02516063513524925
2073,191.4437752128313,27,1,0,0,1.1263325119678607,0.025135474500114004
2074,155.4099838607269,94,1,0,0,1.4366180801453103,0.02511033902561389
2075,185.49493241753436,79,1,0,0,1.4757508105543924,0.025085228686588273
2076,168.3880676125081,23,1,0,0,1.4492069402493142,0.025060143457901685
2077,211.3418740241342,183,1,0,0,1.4992228038451072,0.025035083314443787
2078,234.3068316593029,78,1,0,0,1.4934490099609516,0.02501004823112934
2079,152.2459605633433,14,1,0,0,1.305436215070425,0.02498503818289821
2080,154.02833332846967,22,1,0,0,1.4292652941328194,0.024960053144715312
2081,166.41017123943553,21,1,0,0,1.4729733107292486,0.024935093091570597
2082,232.36034933802958,39,1,0,0,1.4424060347878136,0.024910157998479024
2083,155.21845422329568,21,1,0,0,1.1662023523488991,0.024885247840480546
2084,145.01692888257438,17,1,0,0,1.337776960022444,0.024860362592640066
2085,232.22905502829624,45,1,0,0,1.458240820317605,0.024835502230047428
2086,165.50721344328053,17,1,0,0,1.460074372964673,0.02481066672781738
2087,172.18287483569327,22,1,0,0,1.4648410320263179,0.024785856061089562
2088,178.75443760360196,26,1,0,0,1.4295723834119287,0.024761070205028473
2089,166.2000349668653,28,1,0,0,1.306884316157225,0.024736309134823442
2090,113.44869956295132,200,0,0,1,1.567872214291186,0.02471157282568862
2091,29.902603749616866,200,0,0,1,3.614726841535547,0.02468686125286293
2092,45.049545051927964,200,0,0,1,1.6577122974192513,0.02466217439161007
2093,207.12906362624454,31,1,0,0,1.2930270720802404,0.02463751221721846
2094,173.8194167678321,25,1,0,0,1.3754236318315716,0.02461287470500124
2095,181.8700397795493,19,1,0,0,1.2482044274696766,0.024588261830296238
2096,167.1167650063865,27,1,0,0,1.4365658041072271,0.024563673568465942
2097,271.59596009816147,166,1,0,0,1.357170394061947,0.02453910989489748
2098,188.99963670665318,22,1,0,0,1.339533292941563,0.02451457078500258
2099,145.33351123932647,23,1,0,0,1.2667334209884595,0.024490056214217577
2100,166.58318399005236,27,1,0,0,1.493071492363087,0.024465566158003358
2101,158.87083395421303,66,1,0,0,1.4929401707003402,0.024441100591845358
2102,214.88665582110457,26,1,0,0,1.3406709880115475,0.02441665949125351
2103,184.03609559099044,24,1,0,0,1.4245860353821573,0.024392242831762258
2104,160.57406774633023,16,1,0,0,1.3376818564410675,0.024367850588930495
2105,183.03463249954643,26,1,0,0,1.3455735138921374,0.024343482738341565
2106,225.84282521177516,44,1,0,0,1.3496639380446587,0.024319139255603223
2107,193.66320619274478,21,1,0,0,1.337439034843575,0.02429482011634762
2108,230.31791456111236,43,1,0,0,1.460933168464315,0.024270525296231273
2109,225.3773538266895,39,1,0,0,1.4055124602508393,0.02424625477093504
2110,203.18012450619725,29,1,0,0,1.2437409800316495,0.024222008516164104
2111,155.79422493850237,149,1,0,0,1.4887298961739035,0.02419778650764794
2112,216.9052353995716,36,1,0,0,1.3692674288186308,0.024173588721140293
2113,155.48686974476195,21,1,0,0,1.2698252909100873,0.024149415132419152
2114,172.97757264037566,21,1,0,0,1.490233094057175,0.024125265717286733
2115,189.20552683350232,161,1,0,0,1.480664569725706,0.024101140451569445
2116,142.25030490248312,15,1,0,0,1.4515523199382871,0.024077039311117876
2117,189.44521628474703,54,1,0,0,1.4522865862974816,0.02405296227180676
2118,165.7290830537661,33,1,0,0,1.4790170538492666,0.024028909309534954
2119,143.9574721083299,22,1,0,0,1.4565423469512786,0.024004880400225418
2120,84.4599021487873,200,0,0,1,3.7430427478504806,0.023980875519825192
2121,142.73040347952852,11,1,0,0,1.392568106297018,0.023956894644305365
2122,127.22257532353119,11,1,0,0,1.349595593757362,0.02393293774966106
2123,150.65716074224588,19,1,0,0,1.4800101738085893,0.0239090048119114
2124,135.5079031100067,13,1,0,0,1.467635247979412,0.02388509580709949
2125,213.47808191113307,34,1,0,0,1.3996396260669206,0.02386121071129239
2126,150.69329988824788,18,1,0,0,1.427910838648151,0.023837349500581098
2127,148.93796711730437,19,1,0,0,1.4188507601254599,0.023813512151080518
2128,178.76108556526736,22,1,0,0,1.3323095667530214,0.023789698638929435
2129,167.94237037894658,27,1,0,0,1.3903939491677637,0.023765908940290507
2130,175.77773938094788,20,1,0,0,1.4177756964288397,0.023742143031350214
2131,177.71505988716083,21,1,0,0,1.220502976382186,0.023718400888318864
2132,161.6622957922396,19,1,0,0,1.329335301735578,0.02369468248743055
2133,164.6662715908494,24,1,0,0,1.2763450229488766,0.023670987804943117
2134,60.3871414595331,200,0,0,1,4.021037992206918,0.023647316817138175
2135,198.36629822234585,103,1,0,0,1.4942024108651066,0.023623669500321035
2136,157.11796777340635,16,1,0,0,1.4807073514301536,0.023600045830820714
2137,145.78799613042435,14,1,0,0,1.4774215858915785,0.023576445784989894
2138,150.82161843225225,23,1,0,0,1.3209875807876352,0.023552869339204904
2139,159.91934233042554,21,1,0,0,1.4877227550931391,0.023529316469865696
2140,211.59799716316783,142,1,0,0,1.4608357104272907,0.02350578715339583
2141,252.67384453502171,45,1,0,0,1.2904659409022363,0.023482281366242436
2142,253.00140779108986,52,1,0,0,1.2601609856582687,0.023458799084876192
2143,124.95759299028254,13,1,0,0,1.4153296858417885,0.02343534028579132
2144,125.86948185792406,44,1,0,0,1.213733115030906,0.023411904945505525
2145,143.5271790559837,22,1,0,0,1.464533635792256,0.02338849304056002
2146,209.24338523340845,77,1,0,0,1.4857763205068821,0.02336510454751946
2147,183.6065154975596,31,1,0,0,1.4118743797124498,0.02334173944297194
2148,175.3829656455496,22,1,0,0,1.342300486976264,0.02331839770352897
2149,72.83119938968622,200,0,0,1,2.9177273285149603,0.02329507930582544
2150,212.90531973866393,30,1,0,0,1.45888757088214,0.023271784226519612
2151,36.78385907076669,200,0,0,1,1.872336382147441,0.023248512442293093
2152,196.88079702734976,23,1,0,0,1.4039053974122853,0.023225263929850803
2153,187.78052249631182,124,1,0,0,1.4996130560695693,0.02320203866592095
2154,200.6732476124725,38,1,0,0,1.3063566498327333,0.02317883662725503
2155,126.97120110718645,10,1,0,0,1.2937459729964569,0.023155657790627775
2156,217.0112863669503,36,1,0,0,1.434398165163094,0.023132502132837147
2157,135.50296472433885,9,1,0,0,1.2306247795742535,0.023109369630704313
2158,181.3640580385292,21,1,0,0,1.4181233882355058,0.023086260261073605
2159,195.40440768288664,32,1,0,0,1.4387826872652056,0.023063174000812533
2160,76.50179830913778,200,0,0,1,2.87099317449459,0.02304011082681172
2161,121.10378500263835,31,1,0,0,1.3393537870169518,0.02301707071598491
2162,210.99483574678908,42,1,0,0,1.33814225757369,0.022994053645268922
2163,155.42925418944574,18,1,0,0,1.4955981594002767,0.022971059591623655
2164,157.24462649168382,20,1,0,0,1.2260223651214148,0.02294808853203203
2165,80.822354584359,200,0,0,1,2.1230737359180476,0.022925140443499997
2166,167.27062889061386,22,1,0,0,1.169751457576446,0.0229022153030565
2167,229.6745805414656,43,1,0,0,1.4496842862462889,0.022879313087753442
2168,188.6490890838845,21,1,0,0,1.473377113438599,0.022856433774665688
2169,-50.0,1,0,1,0,4.090203879288701,0.02283357734089102
2170,179.10904410798202,20,1,0,0,1.1530991044398278,0.022810743763550134
2171,149.06062780907166,20,1,0,0,1.2446816764273632,0.022787933019786582
2172,179.88244489188492,23,1,0,0,1.330351661436113,0.022765145086766796
2173,173.7717031654965,24,1,0,0,1.2196824667562487,0.02274237994168003
2174,181.80975921209523,21,1,0,0,1.2704961629447071,0.022719637561738348
2175,167.68570971933565,56,1,0,0,1.4778530937843355,0.022696917924176607
2176,146.7387430146708,32,1,0,0,1.4902232564722715,0.022674221006252434
2177,171.31873484867802,18,1,0,0,1.4982367339057572,0.022651546785246182
2178,182.55215918869288,19,1,0,0,1.162095635659018,0.022628895238460935
2179,196.67182754427128,32,1,0,0,1.2464401199387911,0.022606266343222475
2180,167.24751647843323,32,1,0,0,1.4692216167098429,0.02258366007687925
2181,243.09784576363813,172,1,0,0,1.499417494625719,0.02256107641680237
2182,78.46064763157105,200,0,0,1,2.0850136218182445,0.02253851534038557
2183,178.2364015118128,21,1,0,0,1.3800455295273735,0.022515976825045185
2184,137.24721551648304,11,1,0,0,1.403228745662393,0.02249346084822014
2185,207.54603808148048,24,1,0,0,1.1113338102803167,0.02247096738737192
2186,179.34451378801097,32,1,0,0,1.403227795158083,0.022448496419984545
2187,174.44866695156904,20,1,0,0,1.4446424300862502,0.022426047923564563
2188,212.36572512829892,33,1,0,0,1.4263918619602711,0.022403621875641
2189,162.6015948414375,15,1,0,0,1.4687104543497167,0.022381218253765357
2190,185.08726929448812,23,1,0,0,1.2231949449047383,0.02235883703551159
2191,190.15009451206927,24,1,0,0,1.3704647452082133,0.02233647819847608
2192,216.51706645446316,37,1,0,0,1.2431096803658646,0.022314141720277604
2193,120.39562537574182,12,1,0,0,1.234844685445514,0.022291827578557327
2194,161.88246473666476,21,1,0,0,1.499669048527873,0.02226953575097877
2195,171.98222471505275,37,1,0,0,1.3793159822961072,0.02224726621522779
2196,199.64475596806813,31,1,0,0,1.3731971739439535,0.022225018949012562
2197,183.8522605292572,43,1,0,0,1.4936407546181183,0.02220279393006355
2198,160.99299157324435,24,1,0,0,1.4533030315945537,0.022180591136133486
2199,202.79331119002018,26,1,0,0,1.2450238696070908,0.022158410544997353
2200,180.28373056287614,21,1,0,0,1.2859365525195148,0.022136252134452354
2201,172.52028390082359,22,1,0,0,1.4105651757773736,0.022114115882317903
2202,191.42356305899034,36,1,0,0,1.3790367662910785,0.022092001766435585
2203,110.52002575937647,12,1,0,0,1.4375841941190135,0.02206990976466915
2204,192.45761645544968,92,1,0,0,1.4620642387088274,0.02204783985490448
2205,168.59801199551663,22,1,0,0,1.4369122401865366,0.022025792015049575
2206,213.8725116409385,24,1,0,0,1.296879654806176,0.022003766223034526
2207,169.7900734002436,21,1,0,0,1.2008177794246733,0.021981762456811493
2208,177.27208372871507,23,1,0,0,1.4129189036441574,0.02195978069435468
2209,121.81891874981841,8,1,0,0,1.2156522934489287,0.021937820913660325
2210,67.74597866722102,200,0,0,1,2.4747193585119653,0.021915883092746665
2211,126.66477846511239,7,1,0,0,1.1608036213013753,0.02189396720965392
2212,261.72642744204074,56,1,0,0,1.40774010035178,0.021872073242444265
2213,150.6568840282336,13,1,0,0,1.3104209575833086,0.02185020116920182
2214,176.36722921009903,23,1,0,0,1.2877886529565314,0.02182835096803262
2215,100.0,1,1,0,0,0.8408135289692217,0.021806522617064585
2216,155.7036617405398,17,1,0,0,1.472099744803327,0.021784716094447522
2217,157.35040830601056,21,1,0,0,1.2901188012045686,0.02176293137835307
2218,189.31726277907987,24,1,0,0,1.475959049040866,0.02174116844697472
2219,150.35864213135278,43,1,0,0,1.4188944193819342,0.021719427278527745
2220,132.88309469564857,91,1,0,0,1.4992896449852582,0.021697707851249217
2221,164.53677430898858,22,1,0,0,1.2658317621479247,0.02167601014339797
2222,184.6708782137855,23,1,0,0,1.165367882027603,0.02165433413325457
2223,197.85853746912863,23,1,0,0,1.4120115243438294,0.021632679799121316
2224,144.89410639537493,15,1,0,0,1.4784630838156347,0.021611047119322196
2225,253.63141610671727,50,1,0,0,1.3829982912323442,0.021589436072202872
2226,162.47544678684852,24,1,0,0,1.4168333570724796,0.021567846636130667
2227,153.45632692633,19,1,0,0,1.3442746181531187,0.02154627878949454
2228,163.49914857389143,20,1,0,0,1.4131914772852845,0.021524732510705042
2229,205.67814522471025,37,1,0,0,1.4496210006784997,0.02150320777819434
2230,159.395913057438,16,1,0,0,1.387726146910509,0.021481704570416146
2231,151.00195918692725,20,1,0,0,1.3315931253941147,0.02146022286584573
2232,164.261371874583,21,1,0,0,1.3759451359288157,0.02143876264297988
2233,255.54312073364346,56,1,0,0,1.4963032604440387,0.021417323880336903
2234,149.5641095115713,12,1,0,0,1.2335293944179735,0.021395906556456568
2235,170.6275681153425,19,1,0,0,1.3091817454406314,0.02137451064990011
2236,182.77855430030058,22,1,0,0,1.3932798114472753,0.02135313613925021
2237,259.86090167933577,51,1,0,0,1.3204753265261977,0.02133178300311096
2238,172.52841871740844,22,1,0,0,1.3679204038275525,0.021310451220107846
2239,182.0753234359069,21,1,0,0,1.341896398823659,0.02128914076888774
2240,156.6305381377012,21,1,0,0,1.3867068911924028,0.021267851628118853
2241,169.24261562421682,17,1,0,0,1.4972742715587286,0.021246583776490732
2242,133.6285760863859,13,1,0,0,1.2923979947524995,0.021225337192714244
2243,157.4961529278373,17,1,0,0,1.4270721048616168,0.021204111855521526
2244,183.58599193139452,31,1,0,0,1.164396310740104,0.021182907743666005
2245,153.22532064954515,14,1,0,0,1.4708962972814603,0.021161724835922338
2246,203.52194214359122,41,1,0,0,1.485326559491099,0.02114056311108642
2247,136.5091956222467,13,1,0,0,1.290587444196648,0.02111942254797533
2248,122.9513089378102,9,1,0,0,1.095398159497924,0.02109830312542736
2249,199.2749901915946,26,1,0,0,1.3619016100977301,0.02107720482230193
2250,185.13436967031063,27,1,0,0,1.288033231467861,0.021056127617479627
2251,161.29672152219132,23,1,0,0,1.3488041847433623,0.02103507148986215
2252,100.0,1,1,0,0,0.9356786534296074,0.021014036418372285
2253,228.1216000579335,58,1,0,0,1.4838938176597618,0.020993022381953913
2254,193.858830305871,24,1,0,0,1.2478730121191437,0.02097202935957196
2255,240.74105095413137,51,1,0,0,1.4799589349037656,0.020951057330212387
2256,181.31085638715535,18,1,0,0,1.2382686291873939,0.020930106272882176
2257,189.50096800020503,24,1,0,0,1.3158459148190995,0.020909176166609294
2258,145.2544077348722,54,1,0,0,1.4853580626114258,0.020888266990442685
2259,164.47590365666252,18,1,0,0,1.3080801659839374,0.02086737872345224
2260,261.6958626820363,73,1,0,0,1.4757307963736737,0.02084651134472879
2261,218.5713522644255,37,1,0,0,1.255220951570593,0.02082566483338406
2262,184.41570245891336,18,1,0,0,1.1730269682628183,0.020804839168550675
2263,186.27239288385186,24,1,0,0,1.3371230233255325,0.020784034329382126
2264,121.63997198321373,21,1,0,0,1.2915063080141367,0.020763250295052743
2265,100.0,1,1,0,0,1.4811580984215564,0.020742487044757688
2266,199.03096925233154,176,1,0,0,1.4615745664916977,0.02072174455771293
2267,173.32766068539456,56,1,0,0,1.485479532084533,0.02070102281315522
2268,166.87728999221466,20,1,0,0,1.2003358272983775,0.020680321790342064
2269,178.0761024427094,24,1,0,0,1.443902464316671,0.02065964146855172
2270,232.4924571905771,43,1,0,0,1.196937697568068,0.02063898182708317
2271,197.907709760685,31,1,0,0,1.4523336057048972,0.020618342845256085
2272,153.96658163272815,15,1,0,0,1.2928343022602216,0.020597724502410833
2273,119.2935843137937,14,1,0,0,1.289820695252442,0.02057712677790842
2274,140.31443722570327,86,1,0,0,1.488551108255295,0.02055654965113051
2275,182.25307422726956,20,1,0,0,1.3470271036600447,0.020535993101479383
2276,118.0409704753042,14,1,0,0,1.4939474232900003,0.0205154571083779
2277,121.75306969483705,8,1,0,0,1.3848942845305026,0.020494941651269524
2278,172.2409165382452,20,1,0,0,1.3794705599339339,0.020474446709618253
2279,195.24800110758503,29,1,0,0,1.4837650830826739,0.020453972262908637
2280,228.68051574787705,41,1,0,0,1.4865803940370255,0.020433518290645727
2281,185.5937873154458,24,1,0,0,1.21751617603769,0.02041308477235508
2282,143.1283079750719,19,1,0,0,1.3795066753969283,0.020392671687582728
2283,134.8169953736592,12,1,0,0,1.4092468882977096,0.020372279015895143
2284,160.28568788309565,18,1,0,0,1.3060310499400407,0.020351906736879248
2285,213.22693804885546,34,1,0,0,1.489923154146103,0.02033155483014237
2286,160.74516330747264,20,1,0,0,1.2657994320721118,0.020311223275312228
2287,156.5025652462708,107,1,0,0,1.4954429465535535,0.020290912052036914
2288,203.17871074511737,35,1,0,0,1.3842742015265488,0.020270621139984877
2289,152.89171517520748,20,1,0,0,1.3364027715615994,0.020250350518844894
2290,200.25638872215308,25,1,0,0,1.3872634393187901,0.02023010016832605
2291,77.78542839449403,200,0,0,1,2.105165704357052,0.02020987006815772
2292,159.7276000978756,15,1,0,0,1.389940844828588,0.020189660198089564
2293,113.49251279366473,6,1,0,0,1.3916995188270527,0.020169470537891476
2294,84.24638051941805,200,0,0,1,2.376381892506794,0.020149301067353582
2295,203.1482885344403,36,1,0,0,1.4758365581508581,0.020129151766286227
2296,141.08899976867212,200,0,0,1,3.335599088029532,0.020109022614519943
2297,183.8124976745135,47,1,0,0,1.4858775498142474,0.020088913591905424
2298,191.9507191358373,30,1,0,0,1.2044119701323326,0.020068824678313515
2299,143.69152426219864,14,1,0,0,1.4522387682199767,0.020048755853635206
2300,163.849113763773,27,1,0,0,1.4200629730489651,0.020028707097781567
2301,193.08466869926892,26,1,0,0,1.2324385112283203,0.02000867839068379
2302,134.9441310571354,11,1,0,0,1.3343965609752952,0.019988669712293104
2303,163.30037161425565,17,1,0,0,1.4676201645368487,0.019968681042580812
2304,197.2000979888392,33,1,0,0,1.3931897977127738,0.01994871236153823
2305,178.82547220639964,32,1,0,0,1.196986126160345,0.01992876364917669
2306,159.57771425102453,24,1,0,0,1.4339220551603165,0.019908834885527513
2307,183.08121081687437,62,1,0,0,1.4218902356235352,0.01988892605064199
2308,183.36028014517802,26,1,0,0,1.3793922770830462,0.019869037124591343
2309,160.93897025789647,23,1,0,0,1.499207180786732,0.019849168087466756
2310,147.8894288167409,22,1,0,0,1.3838387560950811,0.019829318919379287
2311,176.89898437092194,22,1,0,0,1.3406723974738417,0.019809489600459907
2312,259.7919706593368,51,1,0,0,1.4750439692026698,0.01978968011085945
2313,190.73645500784244,28,1,0,0,1.3313813588475982,0.019769890430748588
2314,137.7401667727861,16,1,0,0,1.4852433904283535,0.019750120540317842
2315,151.10583318428877,15,1,0,0,1.367839744948284,0.019730370419777522
2316,125.57080665592571,16,1,0,0,1.315920828578671,0.019710640049357745
2317,145.88559339549113,17,1,0,0,1.3566288310865011,0.01969092940930839
2318,146.6556704490782,16,1,0,0,1.4925855363493634,0.01967123847989908
2319,170.5610948429298,21,1,0,0,1.2933691114361578,0.019651567241419178
2320,153.96864362750512,15,1,0,0,1.029352270264541,0.01963191567417776
2321,164.2844784458731,22,1,0,0,1.4715621873191451,0.019612283758503584
2322,179.19751160310042,19,1,0,0,1.3447362929829292,0.01959267147474508
2323,174.26363839918392,22,1,0,0,1.181695377370637,0.019573078803270333
2324,199.1200486676995,34,1,0,0,1.3788913660586481,0.019553505724467065
2325,171.56311544655404,22,1,0,0,1.345256230692309,0.019533952218742597
2326,115.38734410418571,6,1,0,0,1.308935243733748,0.019514418266523854
2327,161.64389311674455,45,1,0,0,1.4960247635208561,0.01949490384825733
2328,103.35781483499846,200,0,0,1,2.2073945094728256,0.01947540894440907
2329,154.97684194167365,19,1,0,0,1.4022309508688255,0.019455933535464664
2330,252.35059685298512,48,1,0,0,1.3150876223611572,0.019436477601929198
2331,180.69589406495277,28,1,0,0,1.3367847257656298,0.019417041124327267
2332,191.68432593693097,26,1,0,0,1.2456019006996815,0.019397624083202943
2333,145.89618312788184,15,1,0,0,1.48181747872538,0.01937822645911974
2334,192.46958947040855,24,1,0,0,1.4915012637726046,0.01935884823266062
2335,153.10565580642933,15,1,0,0,1.3923240063152607,0.01933948938442796
2336,175.0011773617877,20,1,0,0,1.132113007808976,0.01932014989504353
2337,160.97528228466928,23,1,0,0,1.3715642671895938,0.019300829745148487
2338,110.6996817755435,5,1,0,0,1.321210985879385,0.01928152891540334
2339,248.31374264390342,52,1,0,0,1.2733476208459205,0.019262247386487935
2340,204.7079281939066,33,1,0,0,1.4650406881128262,0.019242985139101446
2341,103.78704251756592,200,0,0,1,1.9157281436190357,0.019223742153962345
2342,107.66957952381429,3,1,0,0,1.148690755377217,0.019204518411808383
2343,197.26008802503424,24,1,0,0,1.388910832000882,0.019185313893396574
2344,238.5472319710271,43,1,0,0,1.4338881204020328,0.01916612857950318
2345,168.775786197257,19,1,0,0,1.2514942393959847,0.019146962450923677
2346,138.75204945299288,22,1,0,0,1.421983708046787,0.01912781548847275
2347,219.21264571206103,25,1,0,0,1.233181353564076,0.01910868767298428
2348,165.14858769472625,19,1,0,0,1.472978186954448,0.019089578985311294
2349,186.15318813402044,23,1,0,0,1.3066109747009904,0.019070489406325983
2350,153.4209326228485,28,1,0,0,1.312132289575262,0.019051418916919655
2351,144.35661422991782,15,1,0,0,1.2949389276242618,0.019032367498002738
2352,207.04771440422115,25,1,0,0,1.2462462294132024,0.019013335130504735
2353,169.08704027253611,18,1,0,0,1.3821363868928578,0.01899432179537423
2354,127.72170412982986,14,1,0,0,1.499756844838363,0.018975327473578857
2355,164.0088072913656,19,1,0,0,1.309836046703596,0.018956352146105276
2356,235.4903099397446,46,1,0,0,1.347865840244555,0.018937395793959172
2357,149.93513745041776,16,1,0,0,1.4033962919917253,0.01891845839816521
2358,144.7748512296578,109,1,0,0,1.3898304072163328,0.01889953993976705
2359,145.77941575221286,14,1,0,0,1.4431586353106438,0.01888064039982728
2360,185.81973317867556,24,1,0,0,1.3098422667396878,0.018861759759427454
2361,158.10484403137025,19,1,0,0,1.16491111480438,0.018842897999668026
2362,178.65590591655362,27,1,0,0,1.462312901170189,0.018824055101668357
2363,190.2162364976258,30,1,0,0,1.4541996945081483,0.018805231046566687
2364,145.75895111795984,19,1,0,0,1.374120033142901,0.018786425815520123
2365,217.3205077268643,40,1,0,0,1.253034557279872,0.018767639389704605
2366,174.27959450704572,25,1,0,0,1.1035569211612317,0.018748871750314897
2367,251.46724476365952,52,1,0,0,1.3603072529237095,0.01873012287856458
2368,145.2473102769968,13,1,0,0,1.2960760828477544,0.018711392755686018
2369,149.6108977143213,14,1,0,0,1.4417598455419969,0.01869268136293033
2370,158.72750184609166,16,1,0,0,1.3795284724720354,0.0186739886815674
2371,108.8520157960781,5,1,0,0,1.2374578260172495,0.018655314692885835
2372,210.8401542570354,28,1,0,0,1.443255803090117,0.018636659378192946
2373,126.35508732510515,16,1,0,0,1.3611130835489547,0.018618022718814752
2374,186.55875188211152,19,1,0,0,1.1895096146584472,0.01859940469609594
2375,142.67563521682075,12,1,0,0,1.193901356018568,0.018580805291399844
2376,134.82063184960754,12,1,0,0,1.406299926920357,0.018562224486108444
2377,158.10146922032789,19,1,0,0,1.3344381173127406,0.018543662261622334
2378,154.56065026406435,17,1,0,0,1.3250239358791052,0.018525118599360714
2379,172.12626948607146,21,1,0,0,1.0364964333688231,0.018506593480761353
2380,144.14522669797952,14,1,0,0,1.2058370878639055,0.018488086887280594
2381,169.92774137843196,20,1,0,0,1.452867265648708,0.01846959880039331
2382,122.76546244779196,8,1,0,0,1.0746636541278491,0.018451129201592916
2383,167.77957097799197,19,1,0,0,1.4742754172396342,0.018432678072391323
2384,176.56811985587973,25,1,0,0,1.492985653882277,0.01841424539431893
2385,135.7673603733753,15,1,0,0,1.1747650688775493,0.018395831148924614
2386,183.95630172384938,26,1,0,0,1.426765598870893,0.01837743531777569
2387,-50.0,1,0,1,0,4.906656531703805,0.018359057882457914
2388,174.52318633780638,22,1,0,0,1.2458296726533742,0.018340698824575456
2389,152.60820801286923,13,1,0,0,1.3842842747643054,0.01832235812575088
2390,168.95911410296327,24,1,0,0,1.4135562983983225,0.01830403576762513
2391,118.31983817701307,10,1,0,0,1.354712101613751,0.018285731731857505
2392,195.4881032268624,28,1,0,0,1.2991125788888107,0.018267446000125646
2393,178.78633252933355,23,1,0,0,1.401932611469095,0.01824917855412552
2394,219.99704481765343,58,1,0,0,1.4863213566696718,0.018230929375571397
2395,165.67985056029238,25,1,0,0,1.3422771866518661,0.018212698446195826
2396,192.49397972077992,22,1,0,0,1.243970376220539,0.01819448574774963
2397,214.4427087834948,36,1,0,0,1.4935933474652696,0.01817629126200188
2398,162.73877799263468,21,1,0,0,1.2080256370142706,0.018158114970739877
2399,215.96279982636878,31,1,0,0,1.3041770308952294,0.01813995685576914
2400,193.218089910996,29,1,0,0,1.3582434726400534,0.01812181689891337
2401,237.86964209753012,42,1,0,0,1.3431954417299374,0.018103695082014454
2402,208.51714129078567,34,1,0,0,1.316587914929926,0.01808559138693244
2403,164.14531702561732,22,1,0,0,1.1421020152719612,0.01806750579554551
2404,185.39409155712735,31,1,0,0,1.209845066185124,0.01804943828974996
2405,156.33748831126536,15,1,0,0,1.272612614835935,0.018031388851460214
2406,201.18861118870976,28,1,0,0,1.4733903708019065,0.01801335746260875
2407,158.87169243988637,20,1,0,0,1.3683766460608213,0.01799534410514614
2408,173.36978806403278,24,1,0,0,1.4489634392557242,0.017977348761040995
2409,164.51460742107304,17,1,0,0,1.4595818551542314,0.01795937141227996
2410,160.4097149266605,17,1,0,0,1.3796612406225748,0.017941412040867674
2411,158.96283598504266,18,1,0,0,1.4736638170490939,0.017923470628826807
2412,9.080309503143539,200,0,0,1,4.691343165867595,0.017905547158197983
2413,152.842479313796,18,1,0,0,1.4259275010373298,0.017887641611039784
2414,187.89941616374688,26,1,0,0,1.4899982794570732,0.017869753969428744
2415,184.79393512626064,22,1,0,0,1.3336961254741042,0.017851884215459315
2416,159.4464988986714,30,1,0,0,1.158778149348639,0.017834032331243855
2417,166.76688266315296,18,1,0,0,1.4509527364536932,0.017816198298912612
2418,161.82254283450072,20,1,0,0,1.435673669293603,0.0177983821006137
2419,160.61106197529625,17,1,0,0,1.1934378833622772,0.017780583718513085
2420,124.45351212131635,6,1,0,0,1.0896477491299137,0.017762803134794572
2421,36.19406710878617,200,0,0,1,2.0188756203387532,0.01774504033165978
2422,126.44089575097101,17,1,0,0,1.388619131466452,0.01772729529132812
2423,196.76886607047703,24,1,0,0,1.3090837485050695,0.01770956799603679
2424,131.2601937858001,10,1,0,0,1.44778890648378,0.017691858428040753
2425,173.54313689358145,26,1,0,0,1.2620146599233601,0.017674166569612713
2426,171.01414668436712,20,1,0,0,1.4633976679697662,0.017656492403043098
2427,158.5633878098298,20,1,0,0,1.2161012258889154,0.017638835910640055
2428,224.05828980202688,42,1,0,0,1.3101421965109528,0.01762119707472942
2429,118.61459703240558,6,1,0,0,1.4733925751290955,0.01760357587765469
2430,170.8196956451568,17,1,0,0,1.1744904795463162,0.017585972301777032
2431,155.20166908482054,20,1,0,0,1.287301544421322,0.017568386329475254
2432,129.20016424178718,12,1,0,0,1.4531721719977568,0.01755081794314578
2433,13.936814837204924,200,0,0,1,1.789897608398013,0.017533267125202635
2434,178.6262538160908,22,1,0,0,1.4961707265970632,0.01751573385807743
2435,174.32714972976834,22,1,0,0,1.4982139533352912,0.017498218124219353
2436,183.72256239240437,23,1,0,0,1.3723648640388697,0.01748071990609513
2437,204.93056080352875,33,1,0,0,1.2200311330481302,0.01746323918618904
2438,126.65753585708649,13,1,0,0,1.464646097567416,0.01744577594700285
2439,174.3044343424113,31,1,0,0,1.49352909081213,0.01742833017105585
2440,130.12463040465153,16,1,0,0,1.3819375995337393,0.017410901840884792
2441,-50.0,1,0,1,0,8.036353199584168,0.017393490939043906
2442,216.83378437412048,41,1,0,0,1.2214114618534833,0.017376097448104862
2443,135.67397046659866,11,1,0,0,1.403246477898496,0.017358721350656758
2444,235.67230537317937,43,1,0,0,1.3057381859292645,0.017341362629306103
2445,200.43086135490591,35,1,0,0,1.4465886870921885,0.017324021266676797
2446,215.50440231010214,33,1,0,0,1.4602307622051867,0.01730669724541012
2447,168.6281476757409,23,1,0,0,1.2873216240174907,0.017289390548164706
2448,210.9319378621988,31,1,0,0,1.4934857139223414,0.017272101157616543
2449,173.71335435429685,23,1,0,0,1.3634577442353726,0.017254829056458927
2450,163.80467209989177,17,1,0,0,1.4771074077710187,0.017237574227402467
2451,182.622710402417,20,1,0,0,1.486647431505114,0.017220336653175065
2452,164.09918065020383,16,1,0,0,1.3546877558770063,0.017203116316521893
2453,219.47536182098526,31,1,0,0,1.3488016617410086,0.01718591320020537
2454,108.38930235860562,3,1,0,0,1.2297292254491816,0.01716872728700516
2455,183.92889789139878,21,1,0,0,1.3832076790534655,0.017151558559718158
2456,173.29750832403363,26,1,0,0,1.4804310965398877,0.01713440700115844
2457,158.73540353044,27,1,0,0,1.438566767691952,0.017117272594157282
2458,203.6720890347713,29,1,0,0,1.3264537414343265,0.017100155321563126
2459,137.82445332223207,14,1,0,0,1.4701274282487744,0.01708305516624156
2460,154.38683788934603,22,1,0,0,1.404589663795407,0.01706597211107532
2461,187.0878460098362,25,1,0,0,1.4554998088301059,0.017048906138964242
2462,153.5604000937917,18,1,0,0,1.377916235239986,0.01703185723282528
2463,179.7800330881495,27,1,0,0,1.371063654478315,0.017014825375592454
2464,178.47586689765922,18,1,0,0,1.4585148676467234,0.01699781055021686
2465,176.77868882179703,26,1,0,0,1.4897144524734052,0.016980812739666645
2466,146.3081175834819,15,1,0,0,1.4811770253012786,0.01696383192692698
2467,173.47806415727288,19,1,0,0,1.4856692470573838,0.01694686809500005
2468,177.70181641034821,21,1,0,0,1.430542816069794,0.01692992122690505
2469,237.3806345834435,45,1,0,0,1.474295614599146,0.016912991305678148
2470,147.21144218577837,16,1,0,0,1.4995721119554548,0.016896078314372467
2471,173.44922445533197,23,1,0,0,1.1348575048466634,0.016879182236058096
2472,230.43277260023032,41,1,0,0,1.2189858250737782,0.016862303053822036
2473,189.62568101409505,25,1,0,0,1.3653047607745274,0.016845440750768215
2474,-50.0,1,0,1,0,5.554100880258668,0.016828595310017447
2475,179.25219821573677,18,1,0,0,1.4195792737726056,0.01681176671470743
2476,156.43105575556666,22,1,0,0,1.4575280356044704,0.016794954947992723
2477,129.13302846501443,11,1,0,0,1.2162243708176976,0.016778159993044727
2478,149.78307223320135,16,1,0,0,1.3312121442325608,0.016761381833051685
2479,136.54136551757708,9,1,0,0,1.19151786179112,0.016744620451218634
2480,153.38446167160038,90,1,0,0,1.4323363169864165,0.016727875830767413
2481,137.06004460161128,11,1,0,0,1.1976228911367952,0.01671114795493665
2482,95.68457873637358,200,0,0,1,2.1375602519114723,0.01669443680698171
2483,189.2169929399929,22,1,0,0,1.367460838033207,0.01667774237017473
2484,196.78398534591798,33,1,0,0,1.3150774327187291,0.016661064627804555
2485,187.24197277290472,26,1,0,0,1.4919208828114259,0.01664440356317675
2486,215.6069110831727,36,1,0,0,1.3357158502789992,0.016627759159613575
2487,172.30543534014743,18,1,0,0,1.4756564599803754,0.01661113140045396
2488,170.49527866132632,19,1,0,0,1.4713031003036687,0.016594520269053503
2489,186.4102970902838,24,1,0,0,1.3587842871512992,0.01657792574878445
2490,107.3417532129841,3,1,0,0,1.3028939162471505,0.016561347823035668
2491,240.16047102625356,43,1,0,0,1.2563283613243243,0.016544786475212632
2492,187.52927598783228,29,1,0,0,1.345073690754813,0.01652824168873742
2493,123.78647595421393,13,1,0,0,1.4363665969493717,0.016511713447048684
2494,214.6785384369717,29,1,0,0,1.4031100432181696,0.016495201733601635
2495,213.0006527439985,33,1,0,0,1.3440634408666996,0.01647870653186803
2496,163.61934166196778,22,1,0,0,1.3806844468408597,0.016462227825336163
2497,156.51188991306572,19,1,0,0,1.3934684906239068,0.016445765597510827
2498,193.74275642411396,28,1,0,0,1.4412796547171594,0.016429319831913314
2499,191.00877154654523,31,1,0,0,1.4063170811330987,0.0164128905120814
2500,213.42217802810848,28,1,0,0,1.3197149048662813,0.01639647762156932
2501,202.1702488427594,22,1,0,0,1.461031035568968,0.01638008114394775
2502,205.64283137425605,29,1,0,0,1.4520236169787124,0.016363701062803805
2503,159.54761645740194,21,1,0,0,1.4442141943356857,0.016347337361740998
2504,149.23538368260847,19,1,0,0,1.411310914814596,0.01633099002437926
2505,155.96612250076387,19,1,0,0,1.4597187243723242,0.01631465903435488
2506,161.47880624592617,16,1,0,0,1.3849661749820623,0.016298344375320527
2507,136.13202982625188,25,1,0,0,1.3424948441539866,0.016282046030945206
2508,194.8481436124188,36,1,0,0,1.472717665030169,0.01626576398491426
2509,156.76955530206493,17,1,0,0,1.4647049567604211,0.016249498220929345
2510,236.9254603123733,40,1,0,0,1.4500166276850601,0.016233248722708416
2511,164.08437496880674,20,1,0,0,1.4636164299198584,0.01621701547398571
2512,209.854189648744,36,1,0,0,1.458095838052125,0.01620079845851172
2513,177.06876101620622,20,1,0,0,1.2996564010393963,0.016184597660053212
2514,151.14197857340037,22,1,0,0,1.3640450919674336,0.016168413062393156
2515,178.46389246684876,21,1,0,0,1.487153135132882,0.016152244649330762
2516,141.67550073137113,15,1,0,0,1.2326278505694808,0.016136092404681432
2517,104.25894824409257,9,1,0,0,1.4296309268557286,0.01611995631227675
2518,137.27635148575564,20,1,0,0,1.2528093701038767,0.016103836355964473
2519,154.64203291523734,21,1,0,0,1.4024969745390654,0.01608773251960851
2520,238.37487517780164,43,1,0,0,1.3842276451196525,0.0160716447870889
2521,183.04757622816612,18,1,0,0,1.2512942910793659,0.016055573142301813
2522,123.4520310371897,10,1,0,0,1.1774356291412855,0.01603951756915951
2523,127.49202724650274,14,1,0,0,1.3877399014637042,0.01602347805159035
2524,202.48518592352215,23,1,0,0,1.2362138639277844,0.01600745457353876
2525,44.387067023734794,200,0,0,1,2.816212710009686,0.015991447118965222
2526,147.1985029570409,47,1,0,0,1.4454252302685686,0.015975455671846255
2527,164.10469156109653,20,1,0,0,1.3589957259538037,0.01595948021617441
2528,152.02631674874894,19,1,0,0,1.1572845279853965,0.015943520735958238
2529,186.26812895196798,26,1,0,0,1.2901129275428567,0.01592757721522228
2530,153.84513297708884,80,1,0,0,1.148673662634578,0.015911649638007057
2531,169.18504530426628,23,1,0,0,1.4170746077099976,0.015895737988369046
2532,161.6185518331987,21,1,0,0,1.327385864641062,0.01587984225038068
2533,137.9967797910205,15,1,0,0,1.1913165424201342,0.0158639624081303
2534,162.88700622049254,22,1,0,0,1.4758955050359714,0.01584809844572217
2535,158.4238330619213,21,1,0,0,1.3679654533509942,0.015832250347276446
2536,131.8702759208179,14,1,0,0,1.4417143329060909,0.01581641809692917
2537,156.1028452642696,18,1,0,0,1.174615376547931,0.01580060167883224
2538,163.19615748302857,19,1,0,0,1.324976498507522,0.015784801077153406
2539,168.6299731844606,21,1,0,0,1.4001185033295134,0.015769016276076252
2540,170.623803629236,23,1,0,0,1.3646159855211974,0.015753247259800176
2541,210.9538158974151,33,1,0,0,1.3617764156064545,0.01573749401254038
2542,192.95599982689356,26,1,0,0,1.1917663506179648,0.01572175651852784
2543,111.13243169686767,5,1,0,0,1.4998097598826368,0.01570603476200931
2544,115.0277681418629,5,1,0,0,1.2647543242538555,0.0156903287272473
2545,164.27313643508776,26,1,0,0,1.2500145529684794,0.01567463839852005
2546,174.36962321192476,18,1,0,0,1.426708994817856,0.015658963760121533
2547,133.88837011054977,10,1,0,0,1.4092280120524248,0.015643304796361415
2548,177.3135627726377,30,1,0,0,1.186327997840701,0.01562766149156505
2549,188.93205530143328,34,1,0,0,1.4260684142009084,0.015612033830073486
2550,172.11959598229652,20,1,0,0,1.2727259137489586,0.015596421796243412
2551,153.79786055710474,19,1,0,0,1.4665591494030954,0.015580825374447169
2552,182.02794934231224,23,1,0,0,1.4980129905132096,0.015565244549072722
2553,181.26679505990785,25,1,0,0,1.4021163032421915,0.015549679304523648
2554,151.73602326527907,14,1,0,0,1.2767522379571943,0.015534129625219124
2555,146.86800275863803,14,1,0,0,1.4670438632644585,0.015518595495593904
2556,204.17184227844768,22,1,0,0,1.258685677870486,0.015503076900098313
2557,176.2767721280702,20,1,0,0,1.1449737153014443,0.015487573823198215
2558,172.10230917437087,45,1,0,0,1.4865766942029779,0.015472086249375015
2559,117.74831638812516,8,1,0,0,1.3312226407941619,0.01545661416312564
2560,152.84906806181505,14,1,0,0,1.0924041099899968,0.015441157548962515
2561,134.0454731886873,17,1,0,0,1.4113158216696176,0.015425716391413553
2562,235.763579507227,45,1,0,0,1.3053742899106704,0.015410290675022137
2563,145.9039645298488,16,1,0,0,1.4347581314008835,0.015394880384347116
2564,152.51899862487838,18,1,0,0,1.3974856743465285,0.01537948550396277
2565,136.3162143423444,15,1,0,0,1.2450700083375563,0.015364106018458806
2566,126.17402248862136,17,1,0,0,1.302027847779474,0.015348741912440348
2567,132.53352413463753,8,1,0,0,1.3208384058778435,0.015333393170527907
2568,133.25939579130932,11,1,0,0,1.3501142577161291,0.01531805977735738
2569,164.1196146014145,18,1,0,0,1.3388633467455622,0.015302741717580021
2570,184.1289590829339,22,1,0,0,1.4101217123238823,0.015287438975862442
2571,158.34812339142363,19,1,0,0,1.4430167550106783,0.015272151536886582
2572,164.73457364868096,19,1,0,0,1.3710144964215933,0.015256879385349692
2573,135.36361582000717,50,1,0,0,1.4862830624271277,0.015241622505964343
2574,159.75031457134497,16,1,0,0,1.2946508663864469,0.01522638088345838
2575,171.955364345668,45,1,0,0,1.4950208305045802,0.01521115450257492
2576,159.05278055116077,20,1,0,0,1.3504969794503254,0.015195943348072345
2577,173.34489595166298,25,1,0,0,1.2705350056672668,0.015180747404724275
2578,36.20894620942167,200,0,0,1,4.165863443312645,0.01516556665731955
2579,151.90248085522242,18,1,0,0,1.2980122847752278,0.015150401090662229
2580,170.49545754004794,185,1,0,0,1.2913085360221488,0.015135250689571568
2581,192.2311881050545,23,1,0,0,1.3636375516313202,0.015120115438881997
2582,192.8546818381546,30,1,0,0,1.405947850009093,0.015104995323443114
2583,154.76395537496126,15,1,0,0,1.3986791593439187,0.015089890328119672
2584,185.63768712170102,21,1,0,0,1.27690036643728,0.01507480043779155
2585,-50.0,1,0,1,0,4.531251836301692,0.015059725637353758
2586,193.99615712195686,30,1,0,0,1.4374886161790723,0.015044665911716404
2587,125.22447256200512,63,1,0,0,1.2651888082141771,0.015029621245804689
2588,134.00025845364604,14,1,0,0,1.4747063761740307,0.015014591624558885
2589,236.24384843624347,44,1,0,0,1.3367829920306393,0.014999577032934325
2590,148.77211780315037,18,1,0,0,1.359489105804314,0.014984577455901392
2591,127.19751405115774,15,1,0,0,1.2866631226447391,0.01496959287844549
2592,155.79886456750305,12,1,0,0,1.1978756974545233,0.014954623285567042
2593,161.77757896750796,56,1,0,0,1.374355188096944,0.014939668662281478
2594,147.3988642735526,12,1,0,0,1.3539287278649947,0.014924728993619194
2595,176.1985678949111,25,1,0,0,1.2782813702221139,0.014909804264625577
2596,145.77683274123794,123,1,0,0,1.306814301008578,0.01489489446036095
2597,129.220601481,36,1,0,0,1.489409268198732,0.01487999956590059
2598,201.9814000337954,22,1,0,0,1.2477867253837909,0.01486511956633469
2599,149.55843281507686,14,1,0,0,1.4428596386620811,0.014850254446768355
2600,109.1936288473318,6,1,0,0,1.3390052395549248,0.014835404192321586
2601,121.5264005413114,10,1,0,0,1.239128417959368,0.014820568788129262
2602,138.12322195654127,11,1,0,0,1.2613262965001666,0.014805748219341134
2603,136.01055147850514,31,1,0,0,1.326659819584706,0.014790942471121794
2604,165.60727713622057,24,1,0,0,1.1376332913894678,0.014776151528650673
2605,212.49859640673466,31,1,0,0,1.2578542949855995,0.014761375377122021
2606,186.60209500166178,26,1,0,0,1.3124377305695523,0.0147466140017449
2607,179.5402097159719,19,1,0,0,1.300494060360636,0.014731867387743153
2608,160.5560878569973,21,1,0,0,1.4738376207146473,0.01471713552035541
2609,164.5194851852094,41,1,0,0,1.2778438172052629,0.014702418384835056
2610,166.8954381184051,98,1,0,0,1.325303268032311,0.014687715966450222
2611,115.67098097512691,67,1,0,0,1.3963416196761775,0.01467302825048377
2612,157.97960423216887,15,1,0,0,1.11991748890577,0.014658355222233285
2613,188.30955411654372,25,1,0,0,1.385294288514684,0.014643696867011053
2614,144.9145561183788,17,1,0,0,1.297325732718984,0.01462905317014404
2615,183.08732336063622,22,1,0,0,1.4040982433109506,0.014614424116973898
2616,192.34547494985662,32,1,0,0,1.2778554995608054,0.014599809692856925
2617,160.0981555454092,16,1,0,0,1.4594314983176662,0.014585209883164066
2618,139.30270998193907,12,1,0,0,1.4075092788354244,0.014570624673280902
2619,142.1755959724461,12,1,0,0,1.2828584581213274,0.014556054048607624
2620,170.00389461988365,21,1,0,0,1.2738013535166137,0.014541497994559014
2621,167.24163996127078,24,1,0,0,1.4274319367523842,0.014526956496564457
2622,172.01097082280802,17,1,0,0,1.3346503727208776,0.014512429540067893
2623,229.88457684355214,36,1,0,0,1.494577560325126,0.014497917110527822
2624,201.70868591804094,38,1,0,0,1.3154179086906246,0.014483419193417297
2625,169.72276910860018,19,1,0,0,1.4210259666181735,0.01446893577422388
2626,149.30040059430303,15,1,0,0,1.2953768134400316,0.014454466838449654
2627,213.29156181318717,33,1,0,0,1.479712100944993,0.014440012371611206
2628,138.7888088611677,14,1,0,0,1.4426756277797155,0.014425572359239594
2629,164.3407215295971,22,1,0,0,1.2100045713349767,0.014411146786880352
2630,123.08381096437282,7,1,0,0,1.2468307062051205,0.014396735640093472
2631,160.10667070934653,21,1,0,0,1.3017602572952096,0.01438233890445338
2632,218.84748749991093,45,1,0,0,1.3075503068379224,0.014367956565548927
2633,165.9889739239935,27,1,0,0,1.437341251649062,0.014353588608983378
2634,161.63699658310017,21,1,0,0,1.2882679983712206,0.014339235020374395
2635,154.31109985581594,21,1,0,0,1.3352008969741296,0.01432489578535402
2636,165.21095816528316,19,1,0,0,1.4585061486288147,0.014310570889568667
2637,220.56993202759344,40,1,0,0,1.425114223316548,0.014296260318679097
2638,216.38221270490197,83,1,0,0,1.493242641106934,0.014281964058360417
2639,254.58397523333468,46,1,0,0,1.4961382636537552,0.014267682094302056
2640,139.13506015861023,11,1,0,0,1.4137969007290099,0.014253414412207755
2641,122.67991615361568,9,1,0,0,1.3849673824744382,0.014239160997795548
2642,145.46150775842654,14,1,0,0,1.224420840102966,0.014224921836797752
2643,157.20095857482903,23,1,0,0,1.3014961564805227,0.014210696914960956
2644,127.96971826258245,9,1,0,0,1.316465057048094,0.014196486218045992
2645,50.912004965799774,200,0,0,1,2.582151572897907,0.014182289731827946
2646,239.31644428537564,42,1,0,0,1.2414151339379036,0.014168107442096121
2647,201.96635775023276,25,1,0,0,1.2847746176096793,0.014153939334654024
2648,208.11998397097761,28,1,0,0,1.4449212586082645,0.01413978539531937
2649,242.29729200472272,47,1,0,0,1.4603863122324106,0.014125645609924051
2650,160.72175292755713,21,1,0,0,1.343641950720208,0.014111519964314126
2651,186.88909665457194,24,1,0,0,1.3951570897250853,0.014097408444349813
2652,129.9307541260501,13,1,0,0,1.3425718323348368,0.01408331103590546
2653,172.74584338113135,26,1,0,0,1.3676318874210829,0.014069227724869557
2654,172.49194676806206,25,1,0,0,1.4462472570156384,0.014055158497144688
2655,139.7834929935337,14,1,0,0,1.325688676225343,0.014041103338647543
2656,163.6006216049752,24,1,0,0,1.33676567471734,0.014027062235308894
2657,159.4187410962383,16,1,0,0,1.4879396264482385,0.014013035173073585
2658,164.1588881726346,23,1,0,0,1.4160200238229863,0.01399902213790051
2659,197.25817868734134,33,1,0,0,1.2276476051277614,0.01398502311576261
2660,155.47920394098293,18,1,0,0,1.2490718718267113,0.013971038092646848
2661,130.74207220718426,11,1,0,0,1.2593248326744493,0.013957067054554202
2662,198.7440351555432,26,1,0,0,1.2956576719645105,0.013943109987499647
2663,222.71533016183344,30,1,0,0,1.4327285761076196,0.013929166877512148
2664,176.8748866435421,27,1,0,0,1.3696061983908647,0.013915237710634638
2665,144.8783835037173,14,1,0,0,1.2318020061611406,0.013901322472924003
2666,157.80579222090927,21,1,0,0,1.481752629931979,0.013887421150451077
2667,154.9679814222797,16,1,0,0,1.0129022531306429,0.013873533729300627
2668,164.72108707224209,26,1,0,0,1.238871723629611,0.013859660195571326
2669,153.96539009850738,17,1,0,0,1.3123109571751228,0.013845800535375756
2670,180.24214885876228,26,1,0,0,1.330975375452,0.01383195473484038
2671,163.0157037180127,16,1,0,0,1.444938587795951,0.013818122780105538
2672,210.35066990984058,34,1,0,0,1.2776463164280687,0.013804304657325434
2673,145.6412110459914,15,1,0,0,1.2492238446847386,0.013790500352668107
2674,190.0420036913729,24,1,0,0,1.4488601920756,0.013776709852315439
2675,177.40402148626518,21,1,0,0,1.3699965932952298,0.013762933142463124
2676,175.90988965687092,21,1,0,0,1.404140087317011,0.013749170209320661
2677,231.62933535992033,45,1,0,0,1.3522581653339063,0.01373542103911134
2678,266.3420005746504,53,1,0,0,1.4254775487985425,0.013721685618072228
2679,165.44653708652578,16,1,0,0,1.1923157130455806,0.013707963932454157
2680,238.69792535245,45,1,0,0,1.469190879848749,0.013694255968521703
2681,121.334412882647,13,1,0,0,1.2262072615120676,0.01368056171255318
2682,177.90333178068965,32,1,0,0,1.4511274982715334,0.013666881150840627
2683,136.60763467764573,12,1,0,0,1.4646178327301824,0.013653214269689788
2684,133.56635460582243,10,1,0,0,1.4917482826438693,0.013639561055420097
2685,216.63907999522223,31,1,0,0,1.4365433144357904,0.013625921494364677
2686,196.76845474306245,32,1,0,0,1.462687206921512,0.013612295572870312
2687,181.47132721322498,29,1,0,0,1.4772957268248625,0.013598683277297442
2688,203.2339510401958,32,1,0,0,1.294634374387299,0.013585084594020145
2689,127.32122273215613,8,1,0,0,1.3467535116615148,0.013571499509426125
2690,169.03820996481267,21,1,0,0,1.3109381781790224,0.013557928009916698
2691,165.1494143958867,21,1,0,0,1.326403194319432,0.013544370081906782
2692,40.84320635932691,200,0,0,1,2.8646775775470936,0.013530825711824873
2693,206.68030212868138,30,1,0,0,1.2630327247957587,0.01351729488611305
2694,148.6290345079504,18,1,0,0,1.192056535577827,0.013503777591226937
2695,193.3320647298947,24,1,0,0,1.2737973905851465,0.01349027381363571
2696,175.0578382547644,26,1,0,0,1.4146970763120377,0.013476783539822075
2697,183.11515465806306,23,1,0,0,1.4960153758527135,0.013463306756282252
2698,187.13670234336917,30,1,0,0,1.441520781029888,0.01344984344952597
2699,247.23458550465057,46,1,0,0,1.3968075656799475,0.013436393606076444
2700,153.23227584342277,24,1,0,0,1.239347111595375,0.013422957212470367
2701,-50.0,1,0,1,0,3.7326560376476645,0.013409534255257897
2702,147.51513368409064,15,1,0,0,1.3370211738871043,0.01339612472100264
2703,157.86736526146066,24,1,0,0,1.4294435945934392,0.013382728596281635
2704,193.08594978143418,22,1,0,0,1.152507970406705,0.013369345867685354
2705,156.19575067571841,28,1,0,0,1.4122597111467736,0.013355976521817671
2706,195.63976122749273,26,1,0,0,1.4361261311303997,0.01334262054529585
2707,157.43614016455024,15,1,0,0,1.2249730612804552,0.013329277924750554
2708,105.5618978026735,3,1,0,0,1.3171534281681825,0.013315948646825804
2709,231.8988214984221,42,1,0,0,1.365259567074008,0.01330263269817898
2710,183.66581207499786,21,1,0,0,1.1318491119977414,0.013289330065480802
2711,170.3809849498507,183,1,0,0,1.4235710568355795,0.013276040735415318
2712,215.38794527997658,38,1,0,0,1.3267388849999826,0.013262764694679905
2713,184.55402132518168,26,1,0,0,1.4820761795088597,0.013249501929985225
2714,177.06070281773398,21,1,0,0,1.233427910403441,0.013236252428055241
2715,231.22643224279022,42,1,0,0,1.2952657879413851,0.013223016175627184
2716,219.2455351059424,36,1,0,0,1.4232793887215527,0.013209793159451555
2717,180.92309803099107,25,1,0,0,1.4041440099628772,0.013196583366292106
2718,182.6969969362312,25,1,0,0,1.497911935226242,0.013183386782925813
2719,132.55394914964745,12,1,0,0,1.3640444701206675,0.013170203396142888
2720,168.06424289900076,23,1,0,0,1.4160587647303544,0.013157033192746746
2721,150.8060542760646,17,1,0,0,1.4080335192140194,0.013143876159553997
2722,190.74431594303218,21,1,0,0,1.1628909808641075,0.013130732283394442
2723,244.53761993772702,48,1,0,0,1.2913619711021447,0.01311760155111105
2724,159.5457206637234,26,1,0,0,1.4948405944194088,0.013104483949559938
2725,211.57051534589533,38,1,0,0,1.3447382011231555,0.013091379465610379
2726,109.0723817423975,4,1,0,0,1.458844687219299,0.013078288086144769
2727,247.70571427408322,49,1,0,0,1.2489501710582676,0.013065209798058622
2728,233.48819758626755,40,1,0,0,1.4735600286559856,0.013052144588260565
2729,157.34219840499367,16,1,0,0,1.3934151686757166,0.013039092443672304
2730,178.134051046651,24,1,0,0,1.237655011023849,0.013026053351228632
2731,175.509718883796,21,1,0,0,1.2155576832811765,0.013013027297877403
2732,127.37270606329048,33,1,0,0,1.2503480194967265,0.013000014270579525
2733,209.37967827836957,36,1,0,0,1.250357384763023,0.012987014256308946
2734,195.52657937614612,24,1,0,0,1.1345984063832018,0.012974027242052636
2735,183.20950779567488,22,1,0,0,1.322126235477161,0.012961053214810584
2736,166.67709124451164,24,1,0,0,1.2487824444399152,0.012948092161595773
2737,138.3656705185371,14,1,0,0,1.2989950549108553,0.012935144069434176
2738,195.47989866097774,33,1,0,0,1.3990646890414216,0.012922208925364742
2739,161.59114522299348,28,1,0,0,1.3344270746927869,0.012909286716439379
2740,154.66432993451818,15,1,0,0,1.360103188772087,0.012896377429722938
2741,250.62818069245014,47,1,0,0,1.3311076841364557,0.012883481052293217
2742,223.08960872347285,36,1,0,0,1.3979040028186376,0.012870597571240922
2743,172.67499290219084,24,1,0,0,1.339453199971061,0.012857726973669681
2744,186.15851125478576,20,1,0,0,1.244091709141344,0.012844869246696013
2745,185.89584818306025,23,1,0,0,1.42563809983473,0.012832024377449317
2746,161.1098894548108,19,1,0,0,1.1796858769614589,0.012819192353071869
2747,172.689882178453,26,1,0,0,1.2977077227724447,0.012806373160718795
2748,129.50315066833193,9,1,0,0,1.4734400525916143,0.012793566787558075
2749,159.7511337047366,17,1,0,0,1.2737456925014472,0.012780773220770517
2750,208.68859257614957,69,1,0,0,1.4458874742550507,0.012767992447549748
2751,172.79700761467,23,1,0,0,1.3565689625970438,0.0127552244551022
2752,126.07612193575876,16,1,0,0,1.4390824884692213,0.012742469230647098
2753,181.28058527202734,21,1,0,0,1.2337174854924822,0.01272972676141645
2754,166.34388575858623,23,1,0,0,1.4943335784957572,0.012716997034655031
2755,154.28295204527484,18,1,0,0,1.3700021440068986,0.012704280037620377
2756,191.24911026773268,23,1,0,0,1.3135196319296625,0.012691575757582757
2757,128.67571349343365,13,1,0,0,1.4480834856518363,0.012678884181825174
2758,175.2877454332379,39,1,0,0,1.2228135666654474,0.012666205297643349
2759,211.2275495785077,75,1,0,0,1.476598785964327,0.012653539092345706
2760,180.84091123170856,29,1,0,0,1.3253800405599068,0.012640885553253359
2761,223.63415860986757,39,1,0,0,1.4970023096833465,0.012628244667700107
2762,164.824284628128,21,1,0,0,1.3541433890512216,0.012615616423032406
2763,142.7939015938675,12,1,0,0,1.410040168652849,0.012603000806609374
2764,154.92659319881398,20,1,0,0,1.4108798179532414,0.012590397805802764
2765,175.26695136889037,20,1,0,0,1.3935069303801484,0.01257780740799696
2766,187.3859519068327,22,1,0,0,1.3765973271814174,0.012565229600588965
2767,173.27196391457315,23,1,0,0,1.2625490462680107,0.012552664370988377
2768,159.98246226560568,22,1,0,0,1.0711701400923668,0.01254011170661739
2769,190.33508926501534,26,1,0,0,1.4851338574205233,0.01252757159491077
2770,117.95200891289133,8,1,0,0,1.2120136075832857,0.01251504402331586
2771,141.4665985683865,12,1,0,0,1.2601212213814812,0.012502528979292543
2772,237.49718939964916,45,1,0,0,1.3615286569155864,0.012490026450313252
2773,271.0381937176535,59,1,0,0,1.4849673090845685,0.012477536423862937
2774,159.40673461532703,16,1,0,0,1.311669650251924,0.012465058887439075
2775,240.7444912608948,41,1,0,0,1.4009049489977052,0.012452593828551635
2776,180.1285627164577,20,1,0,0,1.2142337941578267,0.012440141234723083
2777,-50.0,1,0,1,0,5.55315408988692,0.012427701093488362
2778,153.96419347131916,14,1,0,0,1.4277105456392463,0.012415273392394873
2779,194.91556765113623,33,1,0,0,1.2143190526795682,0.012402858119002477
2780,166.62769619320773,22,1,0,0,1.2505913079912596,0.012390455260883476
2781,173.27232434185345,18,1,0,0,1.2746844085662226,0.01237806480562259
2782,228.55280006499507,41,1,0,0,1.4749077683252747,0.01236568674081697
2783,235.91225618521025,39,1,0,0,1.451989581416331,0.012353321054076152
2784,150.28052075603068,16,1,0,0,1.3104372199706702,0.012340967733022075
2785,171.02766808921822,27,1,0,0,1.465218791564877,0.012328626765289055
2786,223.92176925463718,32,1,0,0,1.3098694233528094,0.012316298138523765
2787,179.79105434269485,27,1,0,0,1.3450791046539672,0.01230398184038524
2788,167.1573902583858,24,1,0,0,1.4895828402844473,0.012291677858544856
2789,215.2166701658677,26,1,0,0,1.1861505910585,0.012279386180686311
2790,180.165020413729,20,1,0,0,1.2069321977794216,0.012267106794505624
2791,162.8813206386381,22,1,0,0,1.2616010041221315,0.012254839687711119
2792,151.98549481565055,21,1,0,0,1.3480328117774028,0.012242584848023408
2793,128.69494419895827,15,1,0,0,1.3927549745795076,0.012230342263175384
2794,177.1708569734747,24,1,0,0,1.4787370678854717,0.01221811192091221
2795,197.43153416215142,35,1,0,0,1.4832382543460612,0.012205893808991296
2796,193.17325297385233,22,1,0,0,1.4596851665789785,0.012193687915182307
2797,104.41927833273684,2,1,0,0,1.383098500248902,0.012181494227267123
2798,129.98119121941625,12,1,0,0,1.4831859645080057,0.012169312733039856
2799,151.6625024592049,16,1,0,0,1.4143828965762222,0.012157143420306816
2800,131.89401602034619,10,1,0,0,1.1974719613721854,0.01214498627688651
2801,176.55404109993844,48,1,0,0,1.4652649546352305,0.012132841290609623
2802,192.58269965057468,22,1,0,0,1.176765294178564,0.012120708449319013
2803,175.79394560109571,17,1,0,0,1.493352326030068,0.012108587740869694
2804,160.21500133835224,19,1,0,0,1.4657225242317378,0.012096479153128824
2805,226.53932645242642,34,1,0,0,1.2369570277693285,0.012084382673975696
2806,171.10668650633795,21,1,0,0,1.494659356607399,0.012072298291301721
2807,225.533709254415,41,1,0,0,1.4455190339630628,0.012060225993010418
2808,205.11558444329359,39,1,0,0,1.467576717106255,0.012048165767017407
2809,193.1291097916456,26,1,0,0,1.410448683929114,0.01203611760125039
2810,163.94820527876354,19,1,0,0,1.3498502156609689,0.01202408148364914
2811,164.66130401824154,20,1,0,0,1.2431701180313046,0.01201205740216549
2812,259.8629866095669,114,1,0,0,1.4847111788346874,0.012000045344763325
2813,191.32393644446663,26,1,0,0,1.3636284026165395,0.011988045299418562
2814,277.24148066822374,84,1,0,0,1.4766939674428226,0.011976057254119142
2815,159.32905170131573,18,1,0,0,1.3380810142336108,0.011964081196865024
2816,195.23208739806654,25,1,0,0,1.4674357291281885,0.011952117115668159
2817,177.60632458544234,22,1,0,0,1.310199344152149,0.01194016499855249
2818,160.28862708528342,46,1,0,0,1.3979455110136494,0.011928224833553939
2819,206.80476545034355,27,1,0,0,1.3576876351987661,0.011916296608720385
2820,166.9641296623068,21,1,0,0,1.2282624961897435,0.011904380312111664
2821,165.30595362949725,20,1,0,0,1.4911512665343576,0.011892475931799554
2822,178.37784345753244,23,1,0,0,1.2972518702485571,0.011880583455867753
2823,200.74935151054422,33,1,0,0,1.4653502611676608,0.011868702872411886
2824,68.63018382849685,200,0,0,1,2.3829256595520216,0.011856834169539473
2825,162.0577254043901,21,1,0,0,1.429853757207779,0.011844977335369933
2826,207.30372519687202,28,1,0,0,1.4525252882518205,0.011833132358034563
2827,169.84272702458205,21,1,0,0,1.3623794405380643,0.01182129922567653
2828,182.81415988098615,22,1,0,0,1.2427712935615651,0.011809477926450852
2829,167.28513474706247,19,1,0,0,1.2558668686661485,0.011797668448524402
2830,180.60383167675104,24,1,0,0,1.4582794512963835,0.011785870780075878
2831,205.28501030281282,33,1,0,0,1.3757757402199824,0.011774084909295802
2832,184.42024242346332,66,1,0,0,1.49505305750282,0.011762310824386507
2833,186.66605672673379,30,1,0,0,1.3704446531084866,0.01175054851356212
2834,28.238918951286063,200,0,0,1,2.2193355440157214,0.011738797965048557
2835,162.3582146168819,22,1,0,0,1.4321905742198269,0.011727059167083508
2836,163.027858513779,22,1,0,0,1.413737904386837,0.011715332107916426
2837,150.90684206835556,15,1,0,0,1.3627030585152609,0.011703616775808508
2838,162.14236725015107,15,1,0,0,1.3614953396542222,0.0116919131590327
2839,168.53844557123068,19,1,0,0,1.3893262051157964,0.011680221245873666
2840,233.10836790054506,51,1,0,0,1.4662861860717598,0.011668541024627794
2841,201.67531836044338,26,1,0,0,1.3348732018306113,0.011656872483603165
2842,136.32524998027066,11,1,0,0,1.3638556228278094,0.011645215611119563
2843,179.04203922913211,22,1,0,0,1.4278695652059004,0.011633570395508443
2844,157.45649667622,31,1,0,0,1.4849207316017423,0.011621936825112936
2845,117.15411943195758,8,1,0,0,1.4187289126942575,0.011610314888287822
2846,174.1293206842832,22,1,0,0,1.4211546514763758,0.011598704573399534
2847,172.38904993908432,18,1,0,0,1.2806098262397207,0.011587105868826135
2848,203.011643470448,55,1,0,0,1.493167812431891,0.011575518762957308
2849,124.1094159520525,7,1,0,0,1.418642000615342,0.01156394324419435
2850,139.925514109141,12,1,0,0,1.2557108789542288,0.011552379300950155
2851,144.32977132067953,13,1,0,0,1.3369188637377423,0.011540826921649205
2852,162.3455312402764,15,1,0,0,1.460850271592458,0.011529286094727557
2853,156.69554462710454,20,1,0,0,1.4732203717313959,0.01151775680863283
2854,247.5144506458411,44,1,0,0,1.266256641007438,0.011506239051824197
2855,190.90695841853514,118,1,0,0,1.4967040699429948,0.011494732812772373
2856,200.38914941533815,28,1,0,0,1.3516498544980795,0.011483238079959601
2857,171.3900777068406,30,1,0,0,1.3835529783246012,0.011471754841879641
2858,129.85367933657318,8,1,0,0,1.2889359622257048,0.01146028308703776
2859,128.16550411231466,7,1,0,0,1.2287132310050148,0.011448822803950723
2860,146.8117031680707,57,1,0,0,1.494354657448629,0.011437373981146772
2861,181.65800247353695,21,1,0,0,1.3736479566475759,0.011425936607165626
2862,205.8516870348324,25,1,0,0,1.364778642353226,0.011414510670558459
2863,179.3294085033635,21,1,0,0,1.4658591153493084,0.011403096159887901
2864,156.40393011202917,18,1,0,0,1.3220895511648079,0.011391693063728014
2865,163.5305844307739,20,1,0,0,1.3837903276710417,0.011380301370664286
2866,169.1843364451325,21,1,0,0,1.358921274961588,0.011368921069293622
2867,148.92501533075028,18,1,0,0,1.4330091436969177,0.011357552148224329
2868,119.69990666888289,8,1,0,0,1.4557028060450516,0.011346194596076102
2869,162.74711240637762,14,1,0,0,1.3192583112455731,0.011334848401480028
2870,166.76683640520983,18,1,0,0,1.309812195054368,0.011323513553078547
2871,187.8149075366574,25,1,0,0,1.4690663679976514,0.011312190039525468
2872,169.4041022806029,20,1,0,0,1.3260111602078137,0.011300877849485942
2873,169.97527127186265,22,1,0,0,1.366518114980688,0.011289576971636458
2874,213.50357398714164,34,1,0,0,1.4363821935014751,0.01127828739466482
2875,172.95512169361808,18,1,0,0,1.3039317458510213,0.011267009107270156
2876,213.5790262943762,27,1,0,0,1.2747433033286344,0.011255742098162887
2877,125.37851654643322,200,0,0,1,5.3110336027594265,0.011244486356064723
2878,185.38050123651527,21,1,0,0,1.158183237658014,0.011233241869708657
2879,142.32428811318917,16,1,0,0,1.4102478007094443,0.01122200862783895
2880,135.37214619790473,12,1,0,0,1.4898345053166522,0.01121078661921111
2881,157.9874759871341,21,1,0,0,1.3473057891224038,0.0111995758325919
2882,146.80918136407445,14,1,0,0,1.4365423154333052,0.011188376256759308
2883,169.02721981873188,24,1,0,0,1.344228589597049,0.011177187880502547
2884,188.31396275817394,27,1,0,0,1.2644610301227837,0.011166010692622045
2885,193.01469820170104,29,1,0,0,1.2221131686820728,0.011154844681929423
2886,134.94692334484049,10,1,0,0,1.1340312170319118,0.011143689837247494
2887,209.5336617347137,48,1,0,0,1.4953610703826903,0.011132546147410246
2888,89.32355202311516,200,0,0,1,1.932583407898809,0.011121413601262837
2889,168.68498877047608,21,1,0,0,1.3718595374621811,0.011110292187661575
2890,176.2924879585525,52,1,0,0,1.4990077481666495,0.011099181895473912
2891,190.49528480167976,25,1,0,0,1.2744011080118407,0.011088082713578438
2892,213.28036989212558,38,1,0,0,1.258645039330509,0.01107699463086486
2893,116.5633180715938,7,1,0,0,1.1363087711278133,0.011065917636233994
2894,179.59835887317902,21,1,0,0,1.3419596801474976,0.01105485171859776
2895,147.15258678269646,14,1,0,0,1.0763480491083517,0.011043796866879162
2896,175.96906600063716,23,1,0,0,1.399800433424851,0.011032753070012283
2897,209.33064523922002,39,1,0,0,1.3370025520345412,0.011021720316942272
2898,143.3311730893173,18,1,0,0,1.1950428364413,0.01101069859662533
2899,18.444352359058215,200,0,0,1,3.9972625539105984,0.010999687898028703
2900,209.20016462252838,26,1,0,0,1.2986205298188644,0.010988688210130675
2901,189.27166748655975,27,1,0,0,1.3873006786313278,0.010977699521920544
2902,131.3784505670559,12,1,0,0,1.2037711375897713,0.010966721822398624
2903,151.5595268160771,17,1,0,0,1.3120756202264645,0.010955755100576225
2904,150.56360806546758,19,1,0,0,1.3764419177399343,0.010944799345475648
2905,148.64487222232438,16,1,0,0,1.4094083739390102,0.010933854546130174
2906,157.28133274751596,17,1,0,0,1.4421920551362843,0.010922920691584043
2907,204.85991612370856,22,1,0,0,1.3935190402922142,0.010911997770892459
2908,138.02125571177172,16,1,0,0,1.2309790665026106,0.010901085773121566
2909,181.35926705196118,19,1,0,0,1.3552207149173607,0.010890184687348446
2910,115.92896578439918,5,1,0,0,1.338522230284727,0.010879294502661098
2911,152.6744544428335,13,1,0,0,1.322631878184277,0.010868415208158434
2912,165.4303442671553,24,1,0,0,1.491248143272625,0.010857546792950278
2913,138.80639791422024,13,1,0,0,1.499231168755377,0.010846689246157327
2914,176.68371446720408,30,1,0,0,1.413261235514448,0.010835842556911168
2915,163.4617785563591,19,1,0,0,1.4331002699688482,0.010825006714354258
2916,175.00523298456525,22,1,0,0,1.4204010349378,0.010814181707639904
2917,123.11139584401543,9,1,0,0,1.2316364997622935,0.010803367525932264
2918,154.96116469614935,19,1,0,0,1.1540594296068167,0.010792564158406332
2919,140.48175205120992,15,1,0,0,1.2947241295150995,0.010781771594247924
2920,156.9578410288031,17,1,0,0,1.177554450280291,0.010770989822653678
2921,202.39806364272448,25,1,0,0,1.466875388623132,0.010760218832831023
2922,193.6299233754557,38,1,0,0,1.4750991806054319,0.010749458613998192
2923,174.28773812429014,30,1,0,0,1.3408729741092003,0.010738709155384194
2924,138.78430466727644,89,1,0,0,1.456298127461669,0.01072797044622881
2925,129.83658031201878,12,1,0,0,1.4947324213368995,0.010717242475782582
2926,143.61041237165313,11,1,0,0,1.197343499656391,0.010706525233306799
2927,250.41178140305357,48,1,0,0,1.3210504777787788,0.010695818708073491
2928,151.35049836146536,19,1,0,0,1.377381381315935,0.01068512288936542
2929,157.31799652069574,19,1,0,0,1.3995485910467633,0.010674437766476053
2930,131.20241038615796,21,1,0,0,1.4997953867136655,0.010663763328709577
2931,171.16552910682185,22,1,0,0,1.3107311364027798,0.010653099565380866
2932,153.72112870441373,19,1,0,0,1.3406699865323153,0.010642446465815487
2933,164.89003279892546,19,1,0,0,1.3504215043988876,0.010631804019349671
2934,189.17314656539702,32,1,0,0,1.4261805812887645,0.010621172215330321
2935,109.10825637881308,41,1,0,0,1.4926606975434487,0.010610551043114992
2936,180.38144048435024,23,1,0,0,1.3031472846521928,0.010599940492071877
2937,180.19173714796761,24,1,0,0,1.299204914908809,0.010589340551579805
2938,206.6571334484346,31,1,0,0,1.4832792316021914,0.010578751211028225
2939,156.11933116881536,22,1,0,0,1.2034020260509362,0.010568172459817197
2940,211.40359218373595,37,1,0,0,1.2765405900299018,0.01055760428735738
2941,151.90485450852958,19,1,0,0,1.3780817090469373,0.010547046683070022
2942,207.94522914885636,31,1,0,0,1.4595343668744105,0.010536499636386951
2943,123.78812161710592,8,1,0,0,1.235276254523281,0.010525963136750565
2944,135.58267548881503,15,1,0,0,1.3104356008789724,0.010515437173613813
2945,206.9469974192754,37,1,0,0,1.378377945757041,0.010504921736440201
2946,194.68546733212807,32,1,0,0,1.3323518993057952,0.01049441681470376
2947,245.71860559012404,45,1,0,0,1.260141686428327,0.010483922397889056
2948,180.01599978760672,32,1,0,0,1.2066470292748916,0.010473438475491167
2949,136.03888868585128,16,1,0,0,1.4703132199257418,0.010462965037015676
2950,177.68618827595196,21,1,0,0,1.3335364882200245,0.010452502071978662
2951,263.9872108188067,55,1,0,0,1.3952759738879488,0.010442049569906681
2952,145.50148857621394,21,1,0,0,1.4095616517409493,0.010431607520336776
2953,196.8833609123734,28,1,0,0,1.2945101301930184,0.010421175912816438
2954,144.09173499008136,19,1,0,0,1.29107322069779,0.010410754736903623
2955,170.55753649373008,21,1,0,0,1.3245017322568977,0.010400343982166717
2956,254.49155251277926,45,1,0,0,1.340584063062498,0.010389943638184553
2957,167.94850077939793,19,1,0,0,1.4706694313368451,0.010379553694546366
2958,172.02212554066045,23,1,0,0,1.2932412233441495,0.01036917414085182
2959,214.4270564037829,27,1,0,0,1.2934484450967914,0.010358804966710967
2960,172.92262998216154,19,1,0,0,1.2196736731571454,0.010348446161744258
2961,163.1521373883623,22,1,0,0,1.3682959940302415,0.010338097715582514
2962,226.7018720297533,50,1,0,0,1.2800371769701238,0.01032775961786693
2963,245.34710086613413,44,1,0,0,1.3596628236058173,0.010317431858249064
2964,176.41490296348616,21,1,0,0,1.3842743135135505,0.010307114426390816
2965,191.41538770346654,25,1,0,0,1.4627646942717558,0.010296807311964425
2966,191.8650131431411,24,1,0,0,1.2205420349599676,0.01028651050465246
2967,190.4222547890598,25,1,0,0,1.239501471673771,0.010276223994147807
2968,115.6838690264043,12,1,0,0,1.2891595677629901,0.01026594777015366
2969,197.76261917814796,24,1,0,0,1.3761459568950523,0.010255681822383506
2970,160.7197385457826,17,1,0,0,1.1521781164929294,0.010245426140561122
2971,190.23889022297345,29,1,0,0,1.363562202499092,0.010235180714420561
2972,164.9373873856232,19,1,0,0,1.4472840117631753,0.010224945533706141
2973,182.8005191782442,22,1,0,0,1.2379765255358417,0.010214720588172434
2974,165.31373714522965,21,1,0,0,1.3938676771472915,0.010204505867584262
2975,186.05493159936287,24,1,0,0,1.497000701065023,0.010194301361716679
2976,160.31411465354844,166,1,0,0,1.4939457023738334,0.010184107060354962
2977,142.06384242747168,17,1,0,0,1.2790759750723355,0.010173922953294605
2978,146.5153942402516,14,1,0,0,1.4190557691283292,0.010163749030341312
2979,162.33385639297313,25,1,0,0,1.4964962952874952,0.010153585281310969
2980,129.85908761447376,14,1,0,0,1.1886603028732083,0.010143431696029659
2981,166.70698669920066,23,1,0,0,1.2845674801128801,0.010133288264333629
2982,100.0,1,1,0,0,1.404240469023734,0.010123154976069297
2983,191.84798138055132,27,1,0,0,1.2922931788635488,0.010113031821093226
2984,139.80159877908864,18,1,0,0,1.4577034228982437,0.010102918789272133
2985,152.84443763756585,13,1,0,0,1.0773262419208371,0.010092815870482861
2986,146.69358684299715,15,1,0,0,1.2852067133526301,0.010082723054612379
2987,213.38316728224447,38,1,0,0,1.4588129750280472,0.010072640331557766
2988,173.73851912800313,25,1,0,0,1.4483057513286086,0.010062567691226208
2989,257.03694242972983,51,1,0,0,1.4023296317443616,0.010052505123534982
2990,175.56379955795518,23,1,0,0,1.2163451123009792,0.010042452618411447
2991,181.99034953207922,33,1,0,0,1.0598668576358559,0.010032410165793036
2992,151.43209794804653,19,1,0,0,1.439578773005795,0.010022377755627242
2993,153.0885771921758,14,1,0,0,1.4237057444500971,0.010012355377871615
2994,216.79057298406542,33,1,0,0,1.4074090755635178,0.010002343022493743
2995,157.0116808322123,17,1,0,0,1.460319966439018,0.01
2996,158.5892563004769,24,1,0,0,1.3657859735722464,0.01
2997,200.12809520375487,24,1,0,0,1.4703403159521928,0.01
2998,178.41796943247206,20,1,0,0,1.0874918627280423,0.01
2999,141.23244819078056,14,1,0,0,1.4745173419761513,0.01
3000,172.00919126407658,31,1,0,0,1.4144845504469399,0.01
3001,146.27800515817344,16,1,0,0,1.313107358326836,0.01
3002,130.0309884294868,15,1,0,0,1.3621375909841453,0.01
3003,132.2984652456914,94,1,0,0,1.432092134234687,0.01
3004,187.71236250582623,27,1,0,0,1.1875089403987602,0.01
3005,171.78280826680697,18,1,0,0,1.4568747974500011,0.01
3006,-50.0,1,0,1,0,5.603017696495697,0.01
3007,134.38813907115494,10,1,0,0,1.2949032295687315,0.01
3008,139.4349787234501,17,1,0,0,1.4789102964200829,0.01
3009,130.23015349870246,16,1,0,0,1.1066050096738753,0.01
3010,144.13792187403206,12,1,0,0,1.281689139284288,0.01
3011,217.1745968410114,39,1,0,0,1.486062433756162,0.01
3012,154.51433148113514,22,1,0,0,1.3699018852761544,0.01
3013,165.11268868941943,26,1,0,0,1.3751103199938606,0.01
3014,180.39435347359225,47,1,0,0,1.4891939548727322,0.01
3015,212.78252276534724,30,1,0,0,1.3734829596366502,0.01
3016,196.5369533595145,29,1,0,0,1.3725714479647335,0.01
3017,159.93475684330275,19,1,0,0,1.4914750782359918,0.01
3018,193.05032891405892,23,1,0,0,1.2097257219690893,0.01
3019,149.87078369933747,14,1,0,0,1.389536323424964,0.01
3020,163.3123922505921,18,1,0,0,1.367651878349998,0.01
3021,211.82142964504067,33,1,0,0,1.2623928904705775,0.01
3022,173.26877672698492,26,1,0,0,1.2937359310961607,0.01
3023,137.1789499776749,11,1,0,0,1.3070897344710486,0.01
3024,125.01396548778784,15,1,0,0,1.4246095939196601,0.01
3025,184.72586822676124,23,1,0,0,1.3996292995664799,0.01
3026,167.10452233421685,24,1,0,0,1.2670697344866722,0.01
3027,208.42519818010993,31,1,0,0,1.48288074314405,0.01
3028,165.68007324546227,18,1,0,0,1.4145717335915862,0.01
3029,138.7367060633937,15,1,0,0,1.476790072572878,0.01
3030,134.01511136144958,12,1,0,0,1.257771461335755,0.01
3031,160.1136561020704,21,1,0,0,1.2848086555934681,0.01
3032,154.63923689684273,22,1,0,0,1.432455035180539,0.01
3033,181.98250244720026,27,1,0,0,1.4832517516558286,0.01
3034,195.76010703938078,30,1,0,0,1.3994711924823335,0.01
3035,157.9575523384141,55,1,0,0,1.4624123969586074,0.01
3036,186.01960100027338,32,1,0,0,1.425856258943834,0.01
3037,245.82007028337415,51,1,0,0,1.4715674327711548,0.01
3038,192.22790394489215,34,1,0,0,1.2349412224983305,0.01
3039,137.63356353081187,18,1,0,0,1.2637641745276869,0.01
3040,173.44162594605046,31,1,0,0,1.3082857493983995,0.01
3041,161.93811699410784,22,1,0,0,1.2990362018916393,0.01
3042,158.1242657482029,19,1,0,0,1.4570085908822816,0.01
3043,194.55679435233213,25,1,0,0,1.3555568416626274,0.01
3044,151.37099903807712,21,1,0,0,1.4784566374764907,0.01
3045,140.73178440063552,13,1,0,0,1.3221432188205475,0.01
3046,172.90222701739708,21,1,0,0,1.4358646383215516,0.01
3047,184.33759143433974,22,1,0,0,1.4788553405305733,0.01
3048,139.21016431872107,27,1,0,0,1.466952397867344,0.01
3049,142.73201546061838,21,1,0,0,1.4310116499212733,0.01
3050,184.46776568863447,25,1,0,0,1.3421353723275138,0.01
3051,142.2123012759912,21,1,0,0,1.46865696305548,0.01
3052,239.4941924724271,41,1,0,0,1.2176398026564645,0.01
3053,202.36118684705713,32,1,0,0,1.1221585039403295,0.01
3054,171.10246864390467,27,1,0,0,1.3459082515620593,0.01
3055,164.14730611429633,25,1,0,0,1.4825546658169981,0.01
3056,205.9152115237115,35,1,0,0,1.4364337231757913,0.01
3057,156.97207797912853,16,1,0,0,1.0436472138011856,0.01
3058,220.27545023417827,36,1,0,0,1.4741047196261423,0.01
3059,244.427594074195,41,1,0,0,1.248892873697361,0.01
3060,181.3954057055406,25,1,0,0,1.369721686711352,0.01
3061,154.14293820513942,20,1,0,0,1.4445248381455507,0.01
3062,158.74490477104968,17,1,0,0,1.491750477228863,0.01
3063,-50.0,1,0,1,0,2.934343938172125,0.01
3064,182.71580385946191,114,1,0,0,1.3466638265836286,0.01
3065,168.02823545069532,23,1,0,0,1.1800063443786242,0.01
3066,151.14363380067928,18,1,0,0,1.3133299754863084,0.01
3067,194.2612453460697,26,1,0,0,1.4686833977851668,0.01
3068,149.39265392056376,26,1,0,0,1.4857118273653547,0.01
3069,209.92836486328557,36,1,0,0,1.3813119669363536,0.01
3070,180.91437469018382,23,1,0,0,1.477822385767426,0.01
3071,219.66068522409296,41,1,0,0,1.3282301559210854,0.01
3072,173.09835848366993,19,1,0,0,1.1934923495881518,0.01
3073,147.6200160116684,15,1,0,0,1.495977806001068,0.01
3074,129.91807307677598,12,1,0,0,1.4843679697999688,0.01
3075,96.09376125242825,200,0,0,1,1.9489861062322655,0.01
3076,-30.8877566937776,7,0,1,0,7.366610319045855,0.01
3077,80.81622737523406,200,0,0,1,2.8924300593044148,0.01
3078,154.19513644941628,18,1,0,0,1.3121584262701786,0.01
3079,173.12118682876428,27,1,0,0,1.4646796714042487,0.01
3080,154.35345272183474,28,1,0,0,1.2916460936654601,0.01
3081,211.07184432830593,38,1,0,0,1.1409983680166398,0.01
3082,184.66970568856834,32,1,0,0,1.4205158456794205,0.01
3083,124.58130455339098,13,1,0,0,1.4656395892446237,0.01
3084,234.9688710289136,41,1,0,0,1.346266499149388,0.01
3085,218.42458649136972,34,1,0,0,1.4257629545626394,0.01
3086,169.62269103754937,23,1,0,0,1.4677397966949242,0.01
3087,195.49882470407823,27,1,0,0,1.2717762101957473,0.01
3088,146.7638695537723,16,1,0,0,1.3012156543592373,0.01
3089,139.85209807179265,18,1,0,0,1.485732786838016,0.01
3090,159.4972038660901,42,1,0,0,1.4650267569354978,0.01
3091,155.54828538427574,18,1,0,0,1.3364129266622327,0.01
3092,53.46855555417157,200,0,0,1,2.270747756278922,0.01
3093,120.7758095538206,10,1,0,0,1.456928027890377,0.01
3094,-50.0,1,0,1,0,7.03886989201008,0.01
3095,155.34232045453493,13,1,0,0,1.2174278196570385,0.01
3096,211.9949786693751,37,1,0,0,1.4732689439491429,0.01
3097,137.08864993881377,17,1,0,0,1.4341773988221183,0.01
3098,213.3467729686496,27,1,0,0,1.4230426747439444,0.01
3099,146.3674791099749,16,1,0,0,1.2589192008041907,0.01
3100,141.60987216353033,22,1,0,0,1.4305908266002636,0.01
3101,132.58759615546842,10,1,0,0,1.2038516245079505,0.01
3102,164.08812529748698,21,1,0,0,1.487681793216515,0.01
3103,171.68595999711837,19,1,0,0,1.2222766601901212,0.01
3104,152.22850869417923,27,1,0,0,1.3215962923864712,0.01
3105,187.9914393623328,23,1,0,0,1.181438587087609,0.01
3106,171.67953551231977,21,1,0,0,1.4218279143926413,0.01
3107,68.47565427088428,200,0,0,1,1.6570971896828104,0.01
3108,137.11814521607582,11,1,0,0,1.1876755114342128,0.01
3109,148.3609940383958,23,1,0,0,1.4377562718755226,0.01
3110,183.45562123819315,37,1,0,0,1.448031451155822,0.01
3111,-50.0,1,0,1,0,6.224169647484747,0.01
3112,-12.520005279080426,200,0,0,1,2.1682058628818304,0.01
3113,134.38272664259034,18,1,0,0,1.427142972523181,0.01
3114,169.12201987693703,25,1,0,0,1.467185301777199,0.01
3115,150.42176218892288,21,1,0,0,1.4797983039925031,0.01
3116,163.24999278142965,43,1,0,0,1.3970997383382164,0.01
3117,104.44965538116796,4,1,0,0,1.4275783022843709,0.01
3118,152.99718173919882,18,1,0,0,1.4828518542317364,0.01
3119,-50.0,1,0,1,0,3.767235961420225,0.01
3120,149.73172597524962,16,1,0,0,1.4182533007338307,0.01
3121,162.2726655392261,25,1,0,0,1.2845030375911406,0.01
3122,168.8866210409018,29,1,0,0,1.4103592351370502,0.01
3123,264.64347606359576,55,1,0,0,1.3917793931553097,0.01
3124,199.20206232337756,29,1,0,0,1.2152584678143692,0.01
3125,138.99167779671052,14,1,0,0,1.4987114842385818,0.01
3126,167.7476405459471,27,1,0,0,1.3620992498309736,0.01
3127,182.55032836234307,26,1,0,0,1.2402891053961946,0.01
3128,191.8081166984026,30,1,0,0,1.4981997183710885,0.01
3129,163.21051919196893,20,1,0,0,1.1692869773923822,0.01
3130,208.66551217307614,33,1,0,0,1.421850731943896,0.01
3131,151.47286520692953,21,1,0,0,1.2396739690211898,0.01
3132,-50.0,1,0,1,0,7.398817416085222,0.01
3133,142.02087415263304,18,1,0,0,1.4446444957898832,0.01
3134,169.76716764368857,20,1,0,0,1.3688069424504452,0.01
3135,249.96634180779841,44,1,0,0,1.3375382810334668,0.01
3136,161.6146872873639,40,1,0,0,1.4814451523886718,0.01
3137,190.79557814647296,28,1,0,0,1.4679721556640801,0.01
3138,149.33621326589036,24,1,0,0,1.4113761533136377,0.01
3139,206.44133872113747,29,1,0,0,1.4326069294217711,0.01
3140,130.2492060533961,66,1,0,0,1.1606247761134594,0.01
3141,201.7880769107541,25,1,0,0,1.369973716935703,0.01
3142,198.52795530449612,36,1,0,0,1.322884574612654,0.01
3143,184.2975204290122,22,1,0,0,1.4399417342629612,0.01
3144,286.8632037277817,103,1,0,0,1.4933291683755723,0.01
3145,164.0311707681809,20,1,0,0,1.4417188454665384,0.01
3146,191.22184484141252,25,1,0,0,1.2544353245092479,0.01
3147,206.3386463398844,28,1,0,0,1.3526895118258009,0.01
3148,136.1322987604472,20,1,0,0,1.360694608253723,0.01
3149,194.11826518153987,33,1,0,0,1.2848652790380355,0.01
3150,173.04253859502433,25,1,0,0,1.4936706950093164,0.01
3151,155.37687756514808,18,1,0,0,1.2254446804705412,0.01
3152,171.99664556675708,21,1,0,0,1.0868663643417784,0.01
3153,214.3634636632247,37,1,0,0,1.2717334150580768,0.01
3154,210.43192747554235,30,1,0,0,1.2065238174729371,0.01
3155,213.2353052165793,34,1,0,0,1.3890181829462145,0.01
3156,113.93360916232207,6,1,0,0,1.3170884187548098,0.01
3157,209.22725714480003,28,1,0,0,1.3703073757202273,0.01
3158,125.82069688059144,8,1,0,0,1.173175636897802,0.01
3159,199.3202850355704,32,1,0,0,1.1926035957951793,0.01
3160,165.9514802447506,22,1,0,0,1.4376179746147164,0.01
3161,217.17705898475748,31,1,0,0,1.345556986098545,0.01
3162,-50.0,1,0,1,0,2.507479195989204,0.01
3163,178.9081944298583,34,1,0,0,1.1209348993479444,0.01
3164,103.43203095470233,2,1,0,0,1.3166252132316292,0.01
3165,150.758630982606,16,1,0,0,1.1489020951657603,0.01
3166,180.68075337359926,23,1,0,0,1.2587985444999736,0.01
3167,156.01376847763208,20,1,0,0,1.4844883999747025,0.01
3168,169.99524917284484,51,1,0,0,1.3825105210390878,0.01
3169,-12.1157543373125,200,0,0,1,2.0393465898617498,0.01
3170,-50.0,1,0,1,0,2.848155677596297,0.01
3171,213.10193333880846,36,1,0,0,1.3750446797430398,0.01
3172,3.793831183462205,200,0,0,1,1.6992127022714212,0.01
3173,145.30983121999776,19,1,0,0,1.4561802344365342,0.01
3174,199.0832182995989,22,1,0,0,1.2495402640809514,0.01
3175,147.90596699895673,23,1,0,0,1.273443674173125,0.01
3176,27.8772609459538,200,0,0,1,3.8236313643380657,0.01
3177,153.13287357174903,20,1,0,0,1.4218583407385519,0.01
3178,187.58116662031762,30,1,0,0,1.3240375753739309,0.01
3179,170.63500488890713,23,1,0,0,1.2780628131750842,0.01
3180,152.5279311617322,20,1,0,0,1.4924271457816751,0.01
3181,176.18389436951213,32,1,0,0,1.140498425212631,0.01
3182,250.1893131084447,44,1,0,0,1.4222137528728893,0.01
3183,171.75696518451718,24,1,0,0,1.488786077657203,0.01
3184,176.64725421363343,31,1,0,0,1.4772177662172685,0.01
3185,175.77148202838654,26,1,0,0,1.4263500164666654,0.01
3186,186.77922812195024,37,1,0,0,1.4986173693061176,0.01
3187,169.3184783127869,32,1,0,0,1.3699889205365972,0.01
3188,170.26939905623652,19,1,0,0,1.3256478609806903,0.01
3189,140.90757663516183,14,1,0,0,1.1562296197370474,0.01
3190,194.26582472848028,35,1,0,0,1.386043609264539,0.01
3191,179.64587541090884,23,1,0,0,1.3189657719232704,0.01
3192,195.29889851686545,24,1,0,0,1.33404751011517,0.01
3193,126.70028255623448,47,1,0,0,1.4735361797258846,0.01
3194,236.7433602538231,44,1,0,0,1.2963132443870724,0.01
3195,148.0156407806958,15,1,0,0,1.1504155829899805,0.01
3196,177.2065088708382,24,1,0,0,1.4168244814059852,0.01
3197,239.7052291208617,46,1,0,0,1.445430711098702,0.01
3198,193.24095222840688,30,1,0,0,1.3740999946501233,0.01
3199,151.72302776951204,39,1,0,0,1.4865571511646343,0.01
3200,150.33956571533702,24,1,0,0,1.3610445454871052,0.01
3201,99.62865767361227,4,1,0,0,1.483015260674673,0.01
3202,177.73442870108937,28,1,0,0,1.4569536716424196,0.01
3203,271.51372349058664,54,1,0,0,1.2585269474449978,0.01
3204,160.4721454324605,20,1,0,0,1.3120098645698335,0.01
3205,158.82660586722992,22,1,0,0,1.326339532281564,0.01
3206,109.32755177709454,8,1,0,0,1.472062284798579,0.01
3207,107.35185432387163,3,1,0,0,1.2634626351972893,0.01
3208,-50.0,1,0,1,0,4.74060356504888,0.01
3209,134.71841513189383,14,1,0,0,1.3700482244002876,0.01
3210,181.36746919402577,26,1,0,0,1.46864261277634,0.01
3211,172.98618588505585,23,1,0,0,1.4554039204839062,0.01
3212,245.87817918833963,43,1,0,0,1.340673784464002,0.01
3213,153.9020360022655,21,1,0,0,1.4548402111340353,0.01
3214,141.7546347915099,15,1,0,0,1.4333368628243637,0.01
3215,147.21774615178015,14,1,0,0,1.4378834965602476,0.01
3216,158.18679079260409,23,1,0,0,1.3508150384939752,0.01
3217,169.58491431051837,24,1,0,0,1.4849274789473452,0.01
3218,203.66458981895704,35,1,0,0,1.4897149656634208,0.01
3219,146.18565600765547,12,1,0,0,1.0358680298543683,0.01
3220,122.51614309722211,6,1,0,0,1.420330680648969,0.01
3221,8.596794449093846,200,0,0,1,2.195842886407574,0.01
3222,167.27559798468874,30,1,0,0,1.316263041690588,0.01
3223,246.72567443332647,46,1,0,0,1.4240646720105943,0.01
3224,293.8580948228142,59,1,0,0,1.3444654150793949,0.01
3225,170.62459915029837,26,1,0,0,1.195302705329918,0.01
3226,169.70447978174064,27,1,0,0,1.4440205417912373,0.01
3227,145.93971780035733,16,1,0,0,1.3314776209858175,0.01
3228,141.9429786378854,36,1,0,0,1.4975872479369405,0.01
3229,162.5988959041739,18,1,0,0,1.2301980556479963,0.01
3230,170.53456682753745,26,1,0,0,1.4701651532695024,0.01
3231,172.61970906595374,21,1,0,0,1.2113129950634811,0.01
3232,143.5011051230881,18,1,0,0,1.0707574456033175,0.01
3233,205.32192370071232,33,1,0,0,1.46034103150842,0.01
3234,-50.0,1,0,1,0,6.588525469773145,0.01
3235,219.45730750379425,36,1,0,0,1.3178264648193139,0.01
3236,129.21027507015017,15,1,0,0,1.058881294864117,0.01
3237,38.93913176305432,200,0,0,1,3.6759543575013005,0.01
3238,188.46819750196426,21,1,0,0,1.2728849411449314,0.01
3239,157.85117268329117,24,1,0,0,1.488825578273902,0.01
3240,155.09500901711212,29,1,0,0,1.3928495945628327,0.01
3241,153.28591094807499,28,1,0,0,1.4762903711551296,0.01
3242,171.1257839249218,24,1,0,0,1.4017001104788553,0.01
3243,159.2757782454362,19,1,0,0,1.4507933296141098,0.01
3244,84.72248244412386,200,0,0,1,1.724347778026929,0.01
3245,106.92888331446143,48,1,0,0,1.2353501979774522,0.01
3246,163.93329936468731,22,1,0,0,1.3050181774205138,0.01
3247,155.7414803585026,15,1,0,0,1.273930438240299,0.01
3248,130.3468100008024,16,1,0,0,1.25197037843757,0.01
3249,189.12182673427492,26,1,0,0,1.347514216396222,0.01
3250,131.32147160012127,13,1,0,0,1.4877121453484736,0.01
3251,207.12187797167502,28,1,0,0,1.4188791167036052,0.01
3252,146.77129843413167,15,1,0,0,1.3556784999394011,0.01
3253,194.13859403022335,26,1,0,0,1.4033674915476877,0.01
3254,170.41194480454942,26,1,0,0,1.4335115040793538,0.01
3255,152.63274690212674,17,1,0,0,1.339211888425017,0.01
3256,159.9779423397266,20,1,0,0,1.453014261865762,0.01
3257,105.34721152015787,73,1,0,0,1.482587770382877,0.01
3258,194.49242544844873,28,1,0,0,1.3244557672690114,0.01
3259,166.64085607920865,23,1,0,0,1.2257793290949208,0.01
3260,121.663968061261,10,1,0,0,1.1486984203365778,0.01
3261,130.97285239192163,19,1,0,0,1.4523004042844998,0.01
3262,158.196383737755,16,1,0,0,1.4402407679822107,0.01
3263,157.9436961113293,19,1,0,0,1.412854124596364,0.01
3264,180.57396248051725,22,1,0,0,1.4991695600826753,0.01
3265,95.37096304571166,200,0,0,1,3.181150520133648,0.01
3266,183.17649022367556,31,1,0,0,1.2864693309083757,0.01
3267,161.13554487360065,22,1,0,0,1.2532045251717439,0.01
3268,123.59235139669082,9,1,0,0,1.320522538522984,0.01
3269,226.33883017323774,40,1,0,0,1.3025271442015673,0.01
3270,139.27851619287583,16,1,0,0,1.4905597296062356,0.01
3271,145.41374441012073,56,1,0,0,1.4937761128898193,0.01
3272,154.37288752121486,16,1,0,0,1.3549205274197325,0.01
3273,142.32632113535288,12,1,0,0,1.3562102545017785,0.01
3274,174.13151218730565,21,1,0,0,1.1948358527249145,0.01
3275,149.67402345409528,17,1,0,0,1.441518772604632,0.01
3276,171.15663641752397,23,1,0,0,1.3621634668216691,0.01
3277,261.2995692418085,152,1,0,0,1.4869427587295476,0.01
3278,215.99408538590797,27,1,0,0,1.1291015501591282,0.01
3279,209.64046444096556,36,1,0,0,1.4534826764708593,0.01
3280,146.3279760824608,17,1,0,0,1.372767965115023,0.01
3281,166.58078559305466,23,1,0,0,1.2336090845059566,0.01
3282,142.5118543681371,12,1,0,0,1.454370570833374,0.01
3283,183.1427582226485,23,1,0,0,1.222464155016891,0.01
3284,178.37096716274976,31,1,0,0,1.4406974821829304,0.01
3285,207.6360781322457,27,1,0,0,1.463552275697058,0.01
3286,124.11712181635589,9,1,0,0,1.4821407370092279,0.01
3287,122.94687070031128,10,1,0,0,1.2448017773931177,0.01
3288,246.28531789060298,48,1,0,0,1.228093497965281,0.01
3289,180.98509622818037,26,1,0,0,1.3348043100452724,0.01
3290,108.75501293780746,5,1,0,0,1.2566179051750637,0.01
3291,183.52608206314903,25,1,0,0,1.3755319615799997,0.01
3292,-50.0,1,0,1,0,6.333395094623714,0.01
3293,183.59702988996787,25,1,0,0,1.3814972360293498,0.01
3294,173.14711949363544,66,1,0,0,1.4910379395334619,0.01
3295,160.71096705380467,19,1,0,0,1.4136051073150735,0.01
3296,201.17775025447668,30,1,0,0,1.317136951742926,0.01
3297,153.6777306240375,12,1,0,0,1.4638384623447853,0.01
3298,222.00815248510838,35,1,0,0,1.4094395992894584,0.01
3299,156.12349278044277,20,1,0,0,1.2399270744097974,0.01
3300,155.53372169691303,21,1,0,0,1.4250499687151041,0.01
3301,174.46277528800255,27,1,0,0,1.4477853021065388,0.01
3302,225.931256732187,49,1,0,0,1.3647011798084034,0.01
3303,262.96736140426736,54,1,0,0,1.4227495030012092,0.01
3304,212.96494792955622,31,1,0,0,1.2525641551697948,0.01
3305,160.93561005951773,21,1,0,0,1.293143740253533,0.01
3306,150.2513312037151,16,1,0,0,1.3351607934660712,0.01
3307,180.8054885950541,27,1,0,0,1.456751989210534,0.01
3308,184.891801385971,30,1,0,0,1.3183105902440513,0.01
3309,192.87637658154745,141,1,0,0,1.484805677503081,0.01
3310,166.3098387389992,71,1,0,0,1.3886871004505417,0.01
3311,171.69292838524484,18,1,0,0,1.3391972242048822,0.01
3312,155.40850864645608,45,1,0,0,1.1667536737011608,0.01
3313,157.3155851774036,23,1,0,0,1.2468594296154252,0.01
3314,122.92996623857479,8,1,0,0,1.273516890724876,0.01
3315,174.46472327434225,22,1,0,0,1.2706525377796498,0.01
3316,190.60545592800747,24,1,0,0,1.3935284692080951,0.01
3317,100.0,1,1,0,0,1.137493392961151,0.01
3318,188.73568319324897,28,1,0,0,1.1887779565031147,0.01
3319,166.56664834370298,25,1,0,0,1.4919865791522744,0.01
3320,106.49840267680698,106,1,0,0,1.3720340588191313,0.01
3321,143.15618442175378,17,1,0,0,1.3811246402662447,0.01
3322,254.55521557006725,50,1,0,0,1.2578214142414759,0.01
3323,206.76780315375268,37,1,0,0,1.4374408982125522,0.01
3324,185.1436583520594,28,1,0,0,1.405003297056266,0.01
3325,150.81159458792453,21,1,0,0,1.4131918025035453,0.01
3326,147.942873702542,44,1,0,0,1.4708737047658371,0.01
3327,168.85290724330548,27,1,0,0,1.44490914792516,0.01
3328,177.70788355867086,24,1,0,0,1.3363866025857107,0.01
3329,111.38909660713486,73,1,0,0,1.4718142273720374,0.01
3330,116.61639230138739,9,1,0,0,1.476363437355349,0.01
3331,246.60865924788072,47,1,0,0,1.2718986290554621,0.01
3332,168.10071113861525,22,1,0,0,1.4854231386266363,0.01
3333,144.24434535606557,16,1,0,0,1.2746150196251218,0.01
3334,164.40360607473286,18,1,0,0,1.4307149759763362,0.01
3335,69.83252380929144,200,0,0,1,1.6437821146431444,0.01
3336,151.31784928852113,15,1,0,0,1.3653078670946726,0.01
3337,164.35548070088413,27,1,0,0,1.2997694390049521,0.01
3338,150.59088568935107,15,1,0,0,1.4088179612159322,0.01
3339,169.0724116146483,28,1,0,0,1.2950095461745428,0.01
3340,190.2963335910329,30,1,0,0,1.1258688993059656,0.01
3341,76.33776309075367,200,0,0,1,3.7581945104146413,0.01
3342,139.22809893442292,21,1,0,0,1.470722084689503,0.01
3343,148.20258046516253,37,1,0,0,1.4205218862642022,0.01
3344,167.21728082822423,18,1,0,0,1.2486676025705128,0.01
3345,141.6491768623462,20,1,0,0,1.315027876103645,0.01
3346,-50.0,1,0,1,0,4.369425121786619,0.01
3347,157.61039582608595,19,1,0,0,1.4059837454180142,0.01
3348,115.39468701844932,7,1,0,0,1.459713805707099,0.01
3349,169.86103526807113,24,1,0,0,1.2762031802124987,0.01
3350,144.00801282687718,105,1,0,0,1.425796671357092,0.01
3351,175.50798056500344,25,1,0,0,1.4808995264499718,0.01
3352,236.62639642897938,44,1,0,0,1.4293831156543761,0.01
3353,62.15078349172074,200,0,0,1,2.4023855418847457,0.01
3354,228.68968814875,38,1,0,0,1.4427314172257,0.01
3355,169.83010068726534,21,1,0,0,1.1999099375428475,0.01
3356,170.82736957060865,23,1,0,0,1.271594888270274,0.01
3357,55.747549809040855,200,0,0,1,2.261725266643901,0.01
3358,175.4981146125575,24,1,0,0,1.300689352044572,0.01
3359,204.93598246152453,45,1,0,0,1.2950958226323033,0.01
3360,204.5668526472746,31,1,0,0,1.3417386504839053,0.01
3361,176.01939861353338,22,1,0,0,1.2821666040768325,0.01
3362,180.06543756517775,54,1,0,0,1.4887905705277984,0.01
3363,171.54483848399647,20,1,0,0,1.4001971883721887,0.01
3364,-50.0,1,0,1,0,4.472363441702256,0.01
3365,155.14302331550348,19,1,0,0,1.4928473461816836,0.01
3366,128.10850315706398,13,1,0,0,1.467137974647581,0.01
3367,157.1024188769991,16,1,0,0,1.4985268017896416,0.01
3368,185.73028116554428,27,1,0,0,1.291580492362005,0.01
3369,-50.0,1,0,1,0,5.888242139742205,0.01
3370,169.15649459103116,27,1,0,0,1.1170778997180761,0.01
3371,200.12187335443997,27,1,0,0,1.4835404055493553,0.01
3372,-37.29241113843598,4,0,1,0,6.044524915821143,0.01
3373,248.60987757140364,50,1,0,0,1.4267270138763684,0.01
3374,15.060167962115196,200,0,0,1,2.2593134472495326,0.01
3375,192.8758588937272,40,1,0,0,1.297864919380201,0.01
3376,220.82230490836608,54,1,0,0,1.4669408109137358,0.01
3377,170.3948862327758,58,1,0,0,1.4788616916970587,0.01
3378,143.38950111125516,17,1,0,0,1.4765631088970994,0.01
3379,-50.0,1,0,1,0,3.8164612392956805,0.01
3380,165.54427981352612,14,1,0,0,1.1610768026544176,0.01
3381,203.8265370294041,24,1,0,0,1.0953448115394269,0.01
3382,247.00703682635617,46,1,0,0,1.4204275745751325,0.01
3383,151.17649738094053,15,1,0,0,1.4756505772160842,0.01
3384,164.85833746390196,32,1,0,0,1.3135066747123554,0.01
3385,189.5256799206865,36,1,0,0,1.4506095920184814,0.01
3386,178.20206099033834,22,1,0,0,1.4295908544297495,0.01
3387,176.2503791603742,20,1,0,0,1.1600563015766492,0.01
3388,156.34504281205352,20,1,0,0,1.3548054709361446,0.01
3389,177.190411275886,30,1,0,0,1.4792620671053023,0.01
3390,177.40442208759083,20,1,0,0,1.3627009670731218,0.01
3391,146.60695520604386,15,1,0,0,1.3327308750106992,0.01
3392,166.7106368381051,20,1,0,0,1.3383149678472295,0.01
3393,128.57763419146073,200,0,0,1,3.429431540268031,0.01
3394,162.821472768997,18,1,0,0,1.191325353293061,0.01
3395,162.6358943537458,22,1,0,0,1.4615704698048262,0.01
3396,155.99182464438428,30,1,0,0,1.3130010207644225,0.01
3397,215.94467799860246,188,1,0,0,1.496008967818838,0.01
3398,182.92438501770582,61,1,0,0,1.3377357478562486,0.01
3399,145.72704827984856,19,1,0,0,1.1949950083596967,0.01
3400,136.51498076310344,16,1,0,0,1.4522621195523895,0.01
3401,179.27414768621625,26,1,0,0,1.4518524710991976,0.01
3402,100.0,1,1,0,0,1.3623155068999702,0.01
3403,-50.0,1,0,1,0,3.7252173274297284,0.01
3404,159.72913549970482,24,1,0,0,1.4697571585109104,0.01
3405,205.2761933924561,30,1,0,0,1.3045641332255566,0.01
3406,168.48960189525678,37,1,0,0,1.4350320396556004,0.01
3407,155.9989060010436,150,1,0,0,1.4960134610216265,0.01
3408,187.02730936537924,54,1,0,0,1.3210852392297943,0.01
3409,173.80671046545717,18,1,0,0,1.3543743389039942,0.01
3410,100.0,1,1,0,0,0.37084215292390743,0.01
3411,159.0479910183106,20,1,0,0,1.4889699324678238,0.01
3412,195.22755439492113,39,1,0,0,1.3436100807067792,0.01
3413,117.54021167025542,12,1,0,0,1.3102585092868824,0.01
3414,211.36216163889458,30,1,0,0,1.4758366973271562,0.01
3415,39.134524047677196,200,0,0,1,1.8529127883463563,0.01
3416,182.65856233151288,26,1,0,0,1.452956764830538,0.01
3417,180.67048338689426,30,1,0,0,1.342157046428019,0.01
3418,269.1178201294448,79,1,0,0,1.458204763226199,0.01
3419,218.89010484359727,40,1,0,0,1.3517631972750928,0.01
3420,168.2510238699843,109,1,0,0,1.4873230803719344,0.01
3421,134.99456163550155,15,1,0,0,1.4707110571980595,0.01
3422,159.75384177867414,29,1,0,0,1.4495958107332434,0.01
3423,194.0118088226148,26,1,0,0,1.2563705558449518,0.01
3424,154.69293916792043,23,1,0,0,1.4764707929493552,0.01
3425,148.80367669716404,20,1,0,0,1.2425928437144733,0.01
3426,174.235799214564,33,1,0,0,1.3022933730441704,0.01
3427,159.406319417774,15,1,0,0,1.4108049422229174,0.01
3428,145.75291868898478,15,1,0,0,1.4905830034233194,0.01
3429,66.1920305006152,200,0,0,1,3.755940185370398,0.01
3430,173.18555035143942,35,1,0,0,1.3137612854356508,0.01
3431,16.305179628433958,200,0,0,1,2.1993096754284487,0.01
3432,183.34595638210158,25,1,0,0,1.315174200128641,0.01
3433,225.5994791107071,41,1,0,0,1.381002250571354,0.01
3434,148.98406873818777,18,1,0,0,1.4738251813186527,0.01
3435,192.99261370599007,51,1,0,0,1.4206249397432473,0.01
3436,175.1616856461718,35,1,0,0,1.314038784240715,0.01
3437,154.7814649717104,17,1,0,0,1.4982897608470407,0.01
3438,164.41650593720377,24,1,0,0,1.4997525758451788,0.01
3439,68.66248340643729,200,0,0,1,3.8283874117065815,0.01
3440,130.36628630164964,120,1,0,0,1.4244543593091998,0.01
3441,214.99264766544175,44,1,0,0,1.4392944374770373,0.01
3442,154.04571081379822,22,1,0,0,1.4760581088008589,0.01
3443,170.50639777540852,22,1,0,0,1.3029505032725888,0.01
3444,159.61292466126793,22,1,0,0,1.330663622661739,0.01
3445,151.79150273388746,17,1,0,0,1.1748833777545515,0.01
3446,217.45715584292876,70,1,0,0,1.482994536351203,0.01
3447,185.77965867632196,32,1,0,0,1.3332510693586082,0.01
3448,140.8607723421547,15,1,0,0,1.335080195570133,0.01
3449,127.36515143646199,17,1,0,0,1.4959362951434092,0.01
3450,151.26993940794802,15,1,0,0,1.419215468514567,0.01
3451,160.64730585076813,45,1,0,0,1.450965642220331,0.01
3452,163.23937234536126,19,1,0,0,1.2301524992730122,0.01
3453,164.13434364297746,22,1,0,0,1.0705491372616276,0.01
3454,157.86928930232523,22,1,0,0,1.0815027695885142,0.01
3455,130.32816361844317,14,1,0,0,1.474767813891228,0.01
3456,146.4541818291675,14,1,0,0,1.438813199839825,0.01
3457,29.799758670813457,200,0,0,1,2.5757142374821624,0.01
3458,150.99309622969446,12,1,0,0,1.2201148854960828,0.01
3459,-50.0,1,0,1,0,3.600989779217369,0.01
3460,175.55538008528043,25,1,0,0,1.390768787796941,0.01
3461,180.20976893596514,30,1,0,0,1.433748549358522,0.01
3462,171.7688860056458,27,1,0,0,1.3652887413567407,0.01
3463,168.95687498141558,28,1,0,0,1.4607725656651527,0.01
3464,187.8519685214726,30,1,0,0,1.4680879187818956,0.01
3465,157.01971197876895,16,1,0,0,1.4477902972599037,0.01
3466,133.36208307242677,129,1,0,0,1.40570387141446,0.01
3467,144.9763410942962,13,1,0,0,1.397222429239986,0.01
3468,138.0179153468544,200,0,0,1,2.2298989689540902,0.01
3469,122.54545669208352,7,1,0,0,1.3846746748960344,0.01
3470,206.48558977955102,32,1,0,0,1.2480373421365552,0.01
3471,86.48510699024152,200,0,0,1,3.0194967778056636,0.01
3472,146.05492941895992,16,1,0,0,1.384002962612499,0.01
3473,189.46858000018196,26,1,0,0,1.326054460437792,0.01
3474,100.0,1,1,0,0,1.265024484157794,0.01
3475,176.99136731945782,24,1,0,0,1.3179353032642114,0.01
3476,171.03456079502647,28,1,0,0,1.354806743534602,0.01
3477,168.064238408106,19,1,0,0,1.38503880279726,0.01
3478,191.15705911945994,25,1,0,0,1.420123519138087,0.01
3479,172.87323192461122,25,1,0,0,1.3218210009852864,0.01
3480,185.19992870350305,22,1,0,0,1.1660769507538216,0.01
3481,160.4146579519279,21,1,0,0,1.300042126466276,0.01
3482,161.3166799336475,40,1,0,0,1.417572618236717,0.01
3483,182.07356125545687,37,1,0,0,1.468247429761134,0.01
3484,154.74307857369345,19,1,0,0,1.475466552558176,0.01
3485,149.2272797100756,20,1,0,0,1.3882093940201623,0.01
3486,172.70017167868795,25,1,0,0,1.2115080365693127,0.01
3487,-9.595642844875126,200,0,0,1,2.2849149087248875,0.01
3488,201.00077110875233,28,1,0,0,1.4325377158341286,0.01
3489,145.42828152172973,20,1,0,0,1.4231929301486996,0.01
3490,159.9748675836554,21,1,0,0,1.3230769641982678,0.01
3491,182.55417229725037,25,1,0,0,1.3151449346456066,0.01
3492,151.1237967729318,24,1,0,0,1.4738264114140673,0.01
3493,197.44633679618698,26,1,0,0,1.3990026754234408,0.01
3494,128.30507848459925,14,1,0,0,1.1551458783260649,0.01
3495,110.00803120180124,3,1,0,0,1.201232986727535,0.01
3496,182.09528175831872,25,1,0,0,1.356318090783379,0.01
3497,123.73930511417446,10,1,0,0,1.2837357706183472,0.01
3498,113.58611069160935,200,0,0,1,1.8676459382942745,0.01
3499,151.79235937487545,15,1,0,0,1.3821181164031384,0.01
3500,247.33648291543727,47,1,0,0,1.491985892832418,0.01
3501,162.47882516845854,31,1,0,0,1.490209452310233,0.01
3502,150.54005483499878,14,1,0,0,1.2605824195583724,0.01
3503,155.71733556407548,21,1,0,0,1.296275739500772,0.01
3504,155.6593769146306,24,1,0,0,1.4702812555291866,0.01
3505,213.06652258116614,43,1,0,0,1.4475861938960521,0.01
3506,176.9984004600412,27,1,0,0,1.4811560555184178,0.01
3507,161.60110873235698,57,1,0,0,1.471972368801425,0.01
3508,148.59103801692163,20,1,0,0,1.3708049233628914,0.01
3509,155.574247929767,21,1,0,0,1.3642058943870112,0.01
3510,33.56826569834114,200,0,0,1,2.855774844792516,0.01
3511,201.22536958568975,28,1,0,0,1.323573759897538,0.01
3512,174.46543818231274,21,1,0,0,1.4468688086757207,0.01
3513,216.374285811426,38,1,0,0,1.272609047621197,0.01
3514,182.98633563388952,25,1,0,0,1.3829848991843188,0.01
3515,160.61437292681023,21,1,0,0,1.4512439971744793,0.01
3516,153.89939651056326,16,1,0,0,1.3335631205769496,0.01
3517,175.88982889545812,28,1,0,0,1.2579672483616453,0.01
3518,-8.56317051368121,200,0,0,1,2.3827540650269414,0.01
3519,173.01949349083947,29,1,0,0,1.487264665263607,0.01
3520,116.70012677293013,7,1,0,0,1.4038542625341786,0.01
3521,204.7385513244506,101,1,0,0,1.496101013423684,0.01
3522,155.98802514907297,21,1,0,0,1.4400910402254452,0.01
3523,168.75339414034883,22,1,0,0,1.1465097730742622,0.01
3524,178.37813072066692,28,1,0,0,1.2076452809306932,0.01
3525,196.62488722671864,129,1,0,0,1.4764465708056762,0.01
3526,199.05737999411127,32,1,0,0,1.291196918676993,0.01
3527,172.94911203283777,24,1,0,0,1.176861055789158,0.01
3528,117.49102403419973,7,1,0,0,1.1401898370707937,0.01
3529,44.067842471049886,200,0,0,1,2.3229414210542125,0.01
3530,167.9667787845675,21,1,0,0,1.2812200280146382,0.01
3531,140.04917352886142,13,1,0,0,1.2288654639205476,0.01
3532,164.76074806280258,24,1,0,0,1.272835217784981,0.01
3533,250.03653090092791,118,1,0,0,1.4867087819249458,0.01
3534,139.40748922300529,21,1,0,0,1.4903574818617575,0.01
3535,198.278077233639,33,1,0,0,1.236881314007967,0.01
3536,154.59202653341723,22,1,0,0,1.4510727319190395,0.01
3537,153.6975495631536,17,1,0,0,1.4387174913598297,0.01
3538,153.12717642623875,19,1,0,0,1.1334795959576736,0.01
3539,239.98123859124902,43,1,0,0,1.4961998097582525,0.01
3540,145.88405982484818,18,1,0,0,1.329807159813613,0.01
3541,136.196729592991,13,1,0,0,1.3970383199810057,0.01
3542,146.96454371218044,17,1,0,0,1.2640637581561116,0.01
3543,175.07726091720608,21,1,0,0,1.4759413795712648,0.01
3544,159.89625248077365,31,1,0,0,1.4833048936723547,0.01
3545,136.46970624786167,10,1,0,0,1.3205293424146238,0.01
3546,179.1543580191621,24,1,0,0,1.3503028295514456,0.01
3547,186.5057538506442,27,1,0,0,1.4944566591695674,0.01
3548,157.54163788102247,17,1,0,0,1.4347445687717146,0.01
3549,207.03215489512246,33,1,0,0,1.338694806759558,0.01
3550,159.39199780539911,19,1,0,0,1.49067247670601,0.01
3551,183.69456967493957,104,1,0,0,1.4768664711058543,0.01
3552,209.12378412704743,124,1,0,0,1.4157676657941924,0.01
3553,209.66172791232572,39,1,0,0,1.4356920501908916,0.01
3554,175.23553437555017,19,1,0,0,1.481570728325823,0.01
3555,251.61855706931686,52,1,0,0,1.4528001101673742,0.01
3556,202.08243312742803,33,1,0,0,1.2223803379663627,0.01
3557,133.38829392966574,14,1,0,0,1.1895406186260349,0.01
3558,188.6016529622818,23,1,0,0,1.4657231373021564,0.01
3559,151.51511619561623,12,1,0,0,1.4933691148967383,0.01
3560,187.13958926834707,23,1,0,0,1.4230676892632357,0.01
3561,131.54375750996195,13,1,0,0,1.290015464100458,0.01
3562,179.56161478638091,23,1,0,0,1.4207253326524978,0.01
3563,165.8909009303942,22,1,0,0,1.3076775158818967,0.01
3564,175.14847050344386,23,1,0,0,1.347286068012369,0.01
3565,213.56239393600325,34,1,0,0,1.4751109368448885,0.01
3566,177.15417501252608,22,1,0,0,1.3752373564750977,0.01
3567,139.8111512648857,15,1,0,0,1.2562113478696912,0.01
3568,138.00329648873532,12,1,0,0,1.2461876400117538,0.01
3569,127.77412836029926,10,1,0,0,1.4430052478595814,0.01
3570,147.25087889498548,15,1,0,0,1.422845540228416,0.01
3571,157.91258161101175,25,1,0,0,1.3172950610114347,0.01
3572,189.3485035016127,53,1,0,0,1.4629991010454295,0.01
3573,165.05835038480024,15,1,0,0,1.2810344536799503,0.01
3574,52.165276046638915,200,0,0,1,3.1261774138429574,0.01
3575,133.37865825503704,14,1,0,0,1.4921743853616332,0.01
3576,183.61809113129888,24,1,0,0,1.4802111652620524,0.01
3577,183.41701990508858,23,1,0,0,1.3763737727228968,0.01
3578,129.2976525809398,17,1,0,0,1.1919741121241632,0.01
3579,-50.0,1,0,1,0,5.665385593597112,0.01
3580,170.28259323445556,29,1,0,0,1.21681556146109,0.01
3581,128.18352255255525,12,1,0,0,1.2723436754625408,0.01
3582,161.3263508268932,22,1,0,0,1.4715464646022793,0.01
3583,168.25448337652148,24,1,0,0,1.246088916362238,0.01
3584,244.67136658778082,70,1,0,0,1.4586711807915023,0.01
3585,188.4850767906061,35,1,0,0,1.3938145633949548,0.01
3586,227.2812966298444,50,1,0,0,1.486429825801336,0.01
3587,183.46597186079475,30,1,0,0,1.2679976200595746,0.01
3588,250.27329746352908,58,1,0,0,1.3333286542231326,0.01
3589,130.56315007732573,17,1,0,0,1.19811771440103,0.01
3590,83.56029134271743,200,0,0,1,2.7725281674191264,0.01
3591,68.03234224456345,200,0,0,1,1.8556465791680465,0.01
3592,200.31270992643312,38,1,0,0,1.440907836845995,0.01
3593,176.85144125910026,23,1,0,0,1.4535848524655566,0.01
3594,184.52637504565655,30,1,0,0,1.4440533886845925,0.01
3595,150.30756406809357,17,1,0,0,1.3721513129160778,0.01
3596,132.32936977245942,11,1,0,0,1.3375428841732455,0.01
3597,166.180309008777,22,1,0,0,1.2214038196838004,0.01
3598,173.96668128037322,24,1,0,0,1.2861396852422298,0.01
3599,179.99376882112531,30,1,0,0,1.3284693747949723,0.01
3600,138.35167670785458,11,1,0,0,1.317888245168069,0.01
3601,183.47431733255405,28,1,0,0,1.4400259493106666,0.01
3602,122.8851462536686,9,1,0,0,1.442297072257365,0.01
3603,149.80620276728675,14,1,0,0,1.491279824399441,0.01
3604,191.10216784067163,25,1,0,0,1.427183429437696,0.01
3605,181.83132451689124,34,1,0,0,1.3628993934816744,0.01
3606,108.09317491044443,3,1,0,0,1.3411596297663482,0.01
3607,183.44369506898767,22,1,0,0,1.4896366753102253,0.01
3608,153.15616771033794,17,1,0,0,1.4966827670689418,0.01
3609,206.1745114509678,33,1,0,0,1.4309055179991483,0.01
3610,148.3792693230438,54,1,0,0,1.2971536588341366,0.01
3611,189.15085058728988,26,1,0,0,1.4050657671319264,0.01
3612,119.0475153905479,13,1,0,0,1.3196900668779397,0.01
3613,174.83149233209568,29,1,0,0,1.4803877186806005,0.01
3614,181.49323995322635,23,1,0,0,1.3225369061632652,0.01
3615,151.5217019598365,17,1,0,0,1.1632193194090348,0.01
3616,184.02488631967333,28,1,0,0,1.4230737398558408,0.01
3617,168.36890471117988,21,1,0,0,1.4876871137661407,0.01
3618,238.345732210134,50,1,0,0,1.4874756037841095,0.01
3619,176.83903052345664,18,1,0,0,1.4785788642107096,0.01
3620,166.81260899295359,28,1,0,0,1.465300904291558,0.01
3621,168.15550917533528,33,1,0,0,1.2299706752299402,0.01
3622,132.12342488460928,12,1,0,0,1.4935135349375634,0.01
3623,171.62753210707322,23,1,0,0,1.3526730283967772,0.01
3624,174.07406550005226,18,1,0,0,1.2130122821599683,0.01
3625,145.24751300708408,20,1,0,0,1.4807091039068205,0.01
3626,170.8321704404737,22,1,0,0,1.464498311425438,0.01
3627,175.27650767035988,30,1,0,0,1.2783277621669686,0.01
3628,195.08160327553543,30,1,0,0,1.2748955969079647,0.01
3629,215.8603230258364,39,1,0,0,1.4832510012015052,0.01
3630,175.62036119737786,27,1,0,0,1.4485944441439493,0.01
3631,208.50271449752762,36,1,0,0,1.4940558717911545,0.01
3632,143.91621054670748,13,1,0,0,1.1989372374632734,0.01
3633,173.65991178580586,200,0,0,1,1.7883691417836083,0.01
3634,159.98839815055504,16,1,0,0,1.101735306027652,0.01
3635,165.28888325585274,19,1,0,0,1.279439087100834,0.01
3636,211.4542937975904,37,1,0,0,1.3403457653447515,0.01
3637,202.11792517552604,44,1,0,0,1.4956436657547063,0.01
3638,-50.0,1,0,1,0,4.0092497672885,0.01
3639,193.32373618275437,30,1,0,0,1.4205604339232234,0.01
3640,172.1743308362124,45,1,0,0,1.4678240306555068,0.01
3641,177.28468049264802,76,1,0,0,1.4863423024829074,0.01
3642,79.39735065467522,200,0,0,1,2.6802927021382907,0.01
3643,213.08552781202206,144,1,0,0,1.4957189410428477,0.01
3644,96.98439090518794,200,0,0,1,2.305422906516531,0.01
3645,261.29882249809276,69,1,0,0,1.4663089633138113,0.01
3646,176.77059895727257,27,1,0,0,1.365160062975963,0.01
3647,192.09781730607432,27,1,0,0,1.3821608947755235,0.01
3648,187.44730838339876,32,1,0,0,1.4353887963730065,0.01
3649,173.08971428683031,171,1,0,0,1.4339289078507949,0.01
3650,75.57200939523312,200,0,0,1,1.74926629319251,0.01
3651,223.66357958880184,50,1,0,0,1.487017768185763,0.01
3652,166.48803690731228,17,1,0,0,1.30113484198128,0.01
3653,136.59414318352214,18,1,0,0,1.481323829836812,0.01
3654,168.52018151997095,19,1,0,0,1.1875159878477606,0.01
3655,200.27538657578253,27,1,0,0,1.433497564388967,0.01
3656,225.28031636093465,42,1,0,0,1.3124839927302445,0.01
3657,100.0,1,1,0,0,1.2467539958574292,0.01
3658,18.15735408147209,200,0,0,1,3.2674971441707785,0.01
3659,186.23706314355113,25,1,0,0,1.35511886711549,0.01
3660,210.8209907474333,38,1,0,0,1.4237799694042583,0.01
3661,158.45857482847276,20,1,0,0,1.4280209399836998,0.01
3662,159.3630344468806,25,1,0,0,1.3548890195070535,0.01
3663,141.17411180158194,52,1,0,0,1.2530331988013206,0.01
3664,165.26578919549533,23,1,0,0,1.469307502516611,0.01
3665,143.95538194886228,16,1,0,0,1.2937971245668967,0.01
3666,191.5839195035428,30,1,0,0,1.3785413605543793,0.01
3667,71.7841300249739,200,0,0,1,2.263493531094646,0.01
3668,167.51837972547057,31,1,0,0,1.3820483762472147,0.01
3669,241.018063888908,44,1,0,0,1.4461645501806373,0.01
3670,186.5121423139575,28,1,0,0,1.4403812403101763,0.01
3671,175.60966356332833,21,1,0,0,1.2659413446947119,0.01
3672,151.43352640756132,25,1,0,0,1.3323120863053877,0.01
3673,144.9426224459973,15,1,0,0,1.389109059052585,0.01
3674,174.8809117837829,22,1,0,0,1.4271274136071084,0.01
3675,-50.0,1,0,1,0,4.679284709468003,0.01
3676,182.02681107497023,24,1,0,0,1.4000803792932868,0.01
3677,49.641274946997534,200,0,0,1,1.9239620597096685,0.01
3678,163.0891522268039,17,1,0,0,1.359820781523602,0.01
3679,169.88048560589885,20,1,0,0,1.4137606822679822,0.01
3680,232.03952034510863,42,1,0,0,1.4033792246904573,0.01
3681,145.70804685559938,22,1,0,0,1.4203014416215751,0.01
3682,140.30935936998296,16,1,0,0,1.3788884488215707,0.01
3683,165.40420703614407,35,1,0,0,1.4800116893562691,0.01
3684,159.0131875913321,21,1,0,0,1.3331342784672628,0.01
3685,155.04348450095765,16,1,0,0,1.392413285514204,0.01
3686,179.39383135379015,21,1,0,0,1.21638608732866,0.01
3687,142.6104251813363,25,1,0,0,1.298532516773769,0.01
3688,114.66534817064625,6,1,0,0,1.264304735526111,0.01
3689,-31.968739539998573,8,0,1,0,9.422526342064685,0.01
3690,100.0,1,1,0,0,1.2940420751477888,0.01
3691,171.7499254692525,22,1,0,0,1.078725925119646,0.01
3692,137.1385714216369,10,1,0,0,1.4001646993813723,0.01
3693,167.8547259178098,20,1,0,0,1.2751482934010994,0.01
3694,144.19089462572876,13,1,0,0,1.436567332091477,0.01
3695,240.9513676517139,55,1,0,0,1.4932934247773257,0.01
3696,173.09534411448482,30,1,0,0,1.3381169946514477,0.01
3697,117.43763714726211,9,1,0,0,1.2532616332280455,0.01
3698,142.7836995725921,19,1,0,0,1.4784384212749884,0.01
3699,177.7370938049777,27,1,0,0,1.3764761306999245,0.01
3700,177.93012437619274,23,1,0,0,1.3625759704872065,0.01
3701,156.247435514127,17,1,0,0,1.3769393321108283,0.01
3702,172.85936670653294,30,1,0,0,1.2752733015749145,0.01
3703,182.13002783705596,22,1,0,0,1.1506093328202536,0.01
3704,196.05726908499219,25,1,0,0,1.4726929179889123,0.01
3705,215.36797709208383,43,1,0,0,1.477091556653698,0.01
3706,152.83945111589168,21,1,0,0,1.1529661210517195,0.01
3707,241.63205803192398,47,1,0,0,1.408870626367905,0.01
3708,172.35167709123,23,1,0,0,1.366894658078922,0.01
3709,129.87383831775003,76,1,0,0,1.472852793755209,0.01
3710,132.47142240354444,12,1,0,0,1.4872525729585517,0.01
3711,170.21887547692353,21,1,0,0,1.3967326661195,0.01
3712,184.5812671592166,28,1,0,0,1.2484996805307136,0.01
3713,174.3395227985612,26,1,0,0,1.4660057927756283,0.01
3714,4.6146770518826035,200,0,0,1,2.667303450784072,0.01
3715,129.22171610883004,9,1,0,0,1.3741908438474693,0.01
3716,128.00934474595434,34,1,0,0,1.4790381964365944,0.01
3717,150.01661585853174,13,1,0,0,1.2756740772430446,0.01
3718,169.69407979701685,20,1,0,0,1.4976437099344162,0.01
3719,160.99866759334589,18,1,0,0,1.3839031877570125,0.01
3720,186.0550017685282,30,1,0,0,1.390339772384328,0.01
3721,174.33014281540204,33,1,0,0,1.462211371632532,0.01
3722,152.10409116897355,20,1,0,0,1.4369630467267036,0.01
3723,13.927106791145142,92,0,0,0,3.4893323091116155,0.01
3724,155.4000785552472,25,1,0,0,1.453895325211534,0.01
3725,192.97239629635203,29,1,0,0,1.4219120593469046,0.01
3726,167.77013443788664,22,1,0,0,1.389992429914421,0.01
3727,126.83565642549242,73,1,0,0,1.3336934480602431,0.01
3728,195.60293159906382,25,1,0,0,1.2414597793061641,0.01
3729,151.16616772514413,171,1,0,0,1.4811249598117318,0.01
3730,146.0385490892523,24,1,0,0,1.3934544627637586,0.01
3731,183.7581580315607,51,1,0,0,1.4994725883318372,0.01
3732,234.76807935648506,46,1,0,0,1.4653284118011076,0.01
3733,183.73319271999196,23,1,0,0,1.4793096619552732,0.01
3734,-50.0,1,0,1,0,1.8328316189811351,0.01
3735,154.12433410306608,15,1,0,0,1.3851952360034143,0.01
3736,132.53640961115786,23,1,0,0,1.4349153418500253,0.01
3737,155.01471534615789,18,1,0,0,1.381512894774239,0.01
3738,27.71603082823246,200,0,0,1,1.965638954416457,0.01
3739,168.4943946252892,26,1,0,0,1.3786949670236626,0.01
3740,185.1618805617965,35,1,0,0,1.3891548448801159,0.01
3741,187.62735567163924,21,1,0,0,1.289834635299542,0.01
3742,192.308894578876,23,1,0,0,1.1855543762295422,0.01
3743,182.64888958573817,26,1,0,0,1.3990018934954003,0.01
3744,142.02250587052663,13,1,0,0,1.427070111229073,0.01
3745,215.21895598955922,29,1,0,0,1.1151474857426296,0.01
3746,140.5725300653281,14,1,0,0,1.3116063885119502,0.01
3747,187.43874227781305,21,1,0,0,1.4627321563090265,0.01
3748,87.68712432731296,200,0,0,1,2.19006428861456,0.01
3749,149.5240565610414,13,1,0,0,1.4066092468612268,0.01
3750,190.29766343065364,28,1,0,0,1.4306715363051257,0.01
3751,168.90154701344736,23,1,0,0,1.4848734398839092,0.01
3752,206.3403438733804,30,1,0,0,1.4694569588762034,0.01
3753,169.80107972093296,20,1,0,0,1.4287795676950352,0.01
3754,174.74425230598195,23,1,0,0,1.3412050525287824,0.01
3755,137.27152830125735,22,1,0,0,1.4289089871082192,0.01
3756,159.96430647084134,24,1,0,0,1.3713434531252633,0.01
3757,150.3615469755779,17,1,0,0,1.330686311632271,0.01
3758,154.70140856694067,17,1,0,0,1.3717382449573166,0.01
3759,229.5114817960078,42,1,0,0,1.491853531512728,0.01
3760,136.86281529252304,16,1,0,0,1.2037259102247466,0.01
3761,203.7379172942162,30,1,0,0,1.4968313928725372,0.01
3762,185.8531482939528,25,1,0,0,1.4298278677641731,0.01
3763,192.99846997767708,29,1,0,0,1.466872645191559,0.01
3764,155.8529896597328,42,1,0,0,1.3715562731988618,0.01
3765,144.94977221930384,16,1,0,0,1.210975777621717,0.01
3766,152.41543077505574,14,1,0,0,1.484314485027187,0.01
3767,176.5398749421875,20,1,0,0,1.4213749560858338,0.01
3768,194.01163026521928,30,1,0,0,1.366565299056553,0.01
3769,145.43709806024944,19,1,0,0,1.1758680787968019,0.01
3770,158.35585595530083,16,1,0,0,1.4636320827673732,0.01
3771,134.28092078212114,8,1,0,0,1.3049922440541253,0.01
3772,142.1394909281371,12,1,0,0,1.2477526334617863,0.01
3773,135.44821117897783,15,1,0,0,1.413026343768296,0.01
3774,228.80889964019192,77,1,0,0,1.482095533711421,0.01
3775,10.67511875590238,200,0,0,1,1.8175585479650997,0.01
3776,219.6333847241215,54,1,0,0,1.464861883625513,0.01
3777,182.44900937070594,21,1,0,0,1.1441933054140814,0.01
3778,226.4070944719884,41,1,0,0,1.3743978619893196,0.01
3779,169.04997986690483,21,1,0,0,1.1770175848637103,0.01
3780,248.64075445371145,48,1,0,0,1.3862206065205123,0.01
3781,137.7840622110533,15,1,0,0,1.3201182909918663,0.01
3782,184.90531022539187,20,1,0,0,1.216035664258927,0.01
3783,128.25844509623062,15,1,0,0,1.2973136270365746,0.01
3784,167.45933763811183,27,1,0,0,1.2909055005529868,0.01
3785,102.6730860337261,119,1,0,0,1.3263143591313096,0.01
3786,154.6450117551914,14,1,0,0,1.1991764866553487,0.01
3787,170.51277845997194,22,1,0,0,1.4545183778401418,0.01
3788,179.1113081887119,24,1,0,0,1.4043351934028148,0.01
3789,187.03196978055792,25,1,0,0,1.365545047858983,0.01
3790,130.3308096174781,12,1,0,0,1.254301966069081,0.01
3791,137.8036207076637,57,1,0,0,1.4846618339825943,0.01
3792,176.61565262663095,33,1,0,0,1.3806462563910407,0.01
3793,218.52828307478336,34,1,0,0,1.3403768704051893,0.01
3794,141.7474668479115,17,1,0,0,1.3646887480968375,0.01
3795,146.11795769559222,15,1,0,0,1.2816134144422282,0.01
3796,138.96533919901879,14,1,0,0,1.4451055113454037,0.01
3797,194.75044098670259,24,1,0,0,1.2340771907885095,0.01
3798,194.26830278961253,27,1,0,0,1.287900470190376,0.01
3799,180.0283514362559,24,1,0,0,1.4712110488353543,0.01
3800,135.75457013064909,16,1,0,0,1.3211326556697114,0.01
3801,20.1245124084994,84,0,0,0,3.2974963928387635,0.01
3802,238.0598258060539,37,1,0,0,1.4282426599122173,0.01
3803,178.6122012491158,31,1,0,0,1.4098328912356912,0.01
3804,183.0112611186264,22,1,0,0,1.2661677548531292,0.01
3805,137.20454986522435,19,1,0,0,1.3983949303304322,0.01
3806,139.94094385536133,13,1,0,0,1.402920750619489,0.01
3807,167.60778487380682,31,1,0,0,1.4935323387740749,0.01
3808,165.6981757239165,39,1,0,0,1.3341170791598256,0.01
3809,159.141783441455,32,1,0,0,1.3366088467275818,0.01
3810,247.7675505746864,47,1,0,0,1.4750900455594742,0.01
3811,168.47909147367687,21,1,0,0,1.2965182857180548,0.01
3812,128.87207958070033,20,1,0,0,1.4922011055398245,0.01
3813,170.87287470955658,25,1,0,0,1.4927510643109527,0.01
3814,131.89320131417628,13,1,0,0,1.4159517583254408,0.01
3815,165.65825785216114,20,1,0,0,1.3100328648808541,0.01
3816,168.47184089878053,24,1,0,0,1.340891257219058,0.01
3817,128.15486953433907,17,1,0,0,1.2827053594528814,0.01
3818,190.25709698033893,29,1,0,0,1.4195985427535975,0.01
3819,237.9133722184952,45,1,0,0,1.2923822951776367,0.01
3820,144.46543246229803,18,1,0,0,1.483010967084892,0.01
3821,236.4810022913079,40,1,0,0,1.3324001674646295,0.01
3822,158.60336436308137,20,1,0,0,1.0906878913478184,0.01
3823,165.238306994775,18,1,0,0,1.4262031958443684,0.01
3824,-50.0,1,0,1,0,6.870423313712883,0.01
3825,144.84444896132536,18,1,0,0,1.2925645928868943,0.01
3826,213.47371437360073,30,1,0,0,1.483663264919721,0.01
3827,157.09319587309648,18,1,0,0,1.4359377648346687,0.01
3828,163.7914503486033,16,1,0,0,1.4028870820180497,0.01
3829,248.07065054583552,42,1,0,0,1.380345774725384,0.01
3830,12.281261681834396,200,0,0,1,2.3475148169055586,0.01
3831,122.46368329290587,6,1,0,0,1.3426948017620246,0.01
3832,184.73159731835943,26,1,0,0,1.4682195678382484,0.01
3833,184.97326985984205,25,1,0,0,1.3352805406085624,0.01
3834,159.08812311729835,32,1,0,0,1.4541421144965974,0.01
3835,128.24070177709683,13,1,0,0,1.367915001459032,0.01
3836,164.06139033892333,32,1,0,0,1.3265105086690387,0.01
3837,127.33128680024448,10,1,0,0,1.3053320794219465,0.01
3838,151.8934406300451,25,1,0,0,1.2548801007979822,0.01
3839,126.56084002496276,11,1,0,0,1.4924558446323328,0.01
3840,194.56586634876874,28,1,0,0,1.4940560301378412,0.01
3841,165.20711632204586,19,1,0,0,1.2884471898231213,0.01
3842,181.64774263323,29,1,0,0,1.4045279401060822,0.01
3843,235.52967936318421,42,1,0,0,1.3859425806353545,0.01
3844,64.4633677215002,200,0,0,1,2.927349196100785,0.01
3845,188.67443915501067,32,1,0,0,1.2360533767785062,0.01
3846,120.74370543149053,22,1,0,0,1.3769825200594326,0.01
3847,178.74294175810485,21,1,0,0,1.0836715288113112,0.01
3848,150.77557748282078,18,1,0,0,1.335489062099072,0.01
3849,244.16172814817472,49,1,0,0,1.4047421831738525,0.01
3850,185.92208561698652,24,1,0,0,1.0610585011277118,0.01
3851,167.5248709133822,22,1,0,0,1.3645345151109733,0.01
3852,164.43599287061423,27,1,0,0,1.4601993483695686,0.01
3853,199.64962229232702,26,1,0,0,1.3657023348804809,0.01
3854,172.0827469475935,19,1,0,0,1.4091928110284058,0.01
3855,148.3035284504548,16,1,0,0,1.4168233210451604,0.01
3856,11.984658033672567,200,0,0,1,1.7708734018360972,0.01
3857,196.879762674934,27,1,0,0,1.365992321804403,0.01
3858,236.58760318002467,44,1,0,0,1.3467921899968696,0.01
3859,16.11589716935285,200,0,0,1,3.080263833458806,0.01
3860,152.49566076270798,18,1,0,0,1.475842083752491,0.01
3861,134.64163717897918,12,1,0,0,1.2120403624780984,0.01
3862,177.32732256800614,23,1,0,0,1.2017581837274776,0.01
3863,164.82939296024358,20,1,0,0,1.4310248178640166,0.01
3864,170.63145014703645,33,1,0,0,1.45507036485419,0.01
3865,136.93293817285476,17,1,0,0,1.2947290259480553,0.01
3866,123.72947067835733,13,1,0,0,1.4756022097979102,0.01
3867,172.60402171298927,20,1,0,0,1.360457041459838,0.01
3868,148.33568294540697,17,1,0,0,1.235635388268028,0.01
3869,138.00889447492975,14,1,0,0,1.4099206957486183,0.01
3870,151.27771145444234,21,1,0,0,1.2873129604446714,0.01
3871,180.94712961382862,22,1,0,0,1.4717844794541783,0.01
3872,227.02024550043313,39,1,0,0,1.2481555074553414,0.01
3873,162.47479378120875,23,1,0,0,1.4404519841792203,0.01
3874,150.47617637995978,17,1,0,0,1.3660927532308198,0.01
3875,209.70404883137525,34,1,0,0,1.4321358056183533,0.01
3876,193.1070618366329,30,1,0,0,1.392826669569464,0.01
3877,176.09306430696773,24,1,0,0,1.3315490500562268,0.01
3878,137.41826312385237,22,1,0,0,1.499477613780135,0.01
3879,171.3446502886831,26,1,0,0,1.4629907298836873,0.01
3880,163.67279342494277,29,1,0,0,1.4145550032243295,0.01
3881,130.87654040755504,10,1,0,0,1.4558032039948376,0.01
3882,181.67622123214096,26,1,0,0,1.3817954010000149,0.01
3883,251.1680314518927,48,1,0,0,1.3508526735808875,0.01
3884,154.61221748563898,16,1,0,0,1.1655216530098482,0.01
3885,188.08998728310985,22,1,0,0,1.2982335959709506,0.01
3886,232.75048822726478,42,1,0,0,1.2598827244131128,0.01
3887,173.5504214010458,20,1,0,0,1.1866952014203047,0.01
3888,100.0,1,1,0,0,1.459866319845347,0.01
3889,175.27656063554792,32,1,0,0,1.3050868634725894,0.01
3890,175.94757813586955,21,1,0,0,1.3308172835688121,0.01
3891,172.92234259044432,38,1,0,0,1.3464003777098184,0.01
3892,153.61947630094215,19,1,0,0,1.3918846409694425,0.01
3893,166.52540843103435,21,1,0,0,1.206561414755401,0.01
3894,143.82963675600467,12,1,0,0,1.179170231208662,0.01
3895,262.4081724186692,56,1,0,0,1.39153996028592,0.01
3896,151.84983151154944,28,1,0,0,1.4558553678545951,0.01
3897,181.43546893901336,26,1,0,0,1.4772121734595602,0.01
3898,188.23674406134688,22,1,0,0,1.492553623607321,0.01
3899,187.8349626261401,22,1,0,0,1.1924275286044055,0.01
3900,224.83447290124553,40,1,0,0,1.4358976569350628,0.01
3901,166.19505353855874,19,1,0,0,1.2922409564787924,0.01
3902,167.96526309925275,28,1,0,0,1.2952018527592166,0.01
3903,172.92624819978477,26,1,0,0,1.4905454608858744,0.01
3904,208.5351011856709,25,1,0,0,1.418062813868708,0.01
3905,209.12919059955487,28,1,0,0,1.4031404169259347,0.01
3906,44.90586063760887,200,0,0,1,2.3828968585367,0.01
3907,152.6631815212201,14,1,0,0,1.3636188544283812,0.01
3908,0.02519831176674553,200,0,0,1,2.0510075028689085,0.01
3909,209.51808668732752,31,1,0,0,1.4654233471247913,0.01
3910,268.9244643156064,107,1,0,0,1.4776400034357593,0.01
3911,142.60823999325297,48,1,0,0,1.4752102226803878,0.01
3912,165.53350396436997,19,1,0,0,1.4036872493643795,0.01
3913,196.21457794590316,30,1,0,0,1.3550985789698604,0.01
3914,148.62673367543172,17,1,0,0,1.097583524367228,0.01
3915,154.83885828292205,15,1,0,0,1.4656763674888733,0.01
3916,100.29930326869224,107,1,0,0,1.4296014100303134,0.01
3917,63.82707311593809,200,0,0,1,3.7715994188785533,0.01
3918,32.28389006441052,200,0,0,1,2.375268072971427,0.01
3919,116.76337593372565,47,1,0,0,1.4773607955831431,0.01
3920,177.05756083157326,28,1,0,0,1.1730379729578002,0.01
3921,177.1006200187958,21,1,0,0,1.09146255999904,0.01
3922,128.78537699958449,10,1,0,0,1.3951568171901458,0.01
3923,139.8549646724481,23,1,0,0,1.494580128605136,0.01
3924,171.7119229759735,21,1,0,0,1.1431387485965647,0.01
3925,114.13792770869337,5,1,0,0,1.2411227748696285,0.01
3926,162.96179545090175,19,1,0,0,1.2223963400725524,0.01
3927,193.81856927404743,27,1,0,0,1.2205731934358934,0.01
3928,187.56617478101657,25,1,0,0,1.3159573514009444,0.01
3929,182.57652471318812,27,1,0,0,1.3427109784210853,0.01
3930,105.55150491949622,5,1,0,0,1.441579433674825,0.01
3931,156.81679608906748,18,1,0,0,1.302963130621247,0.01
3932,177.20261019434898,21,1,0,0,1.2498390087204303,0.01
3933,122.9921355977674,10,1,0,0,1.3475294643970777,0.01
3934,152.24193351117646,19,1,0,0,1.1579989546432998,0.01
3935,199.06004560988487,29,1,0,0,1.4564858143624724,0.01
3936,157.6688443476199,20,1,0,0,1.3739841578974896,0.01
3937,176.10239836144797,25,1,0,0,1.3798703227638889,0.01
3938,164.8188584273213,26,1,0,0,1.2147196865462495,0.01
3939,174.79748881744987,55,1,0,0,1.153497682893896,0.01
3940,131.30910291844916,11,1,0,0,1.3504281381592387,0.01
3941,153.8059323587025,18,1,0,0,1.4447873770695505,0.01
3942,192.7349210413165,29,1,0,0,1.1452533805422118,0.01
3943,198.63779128925114,32,1,0,0,1.4517213577595727,0.01
3944,169.9680502729998,22,1,0,0,1.3615085098183395,0.01
3945,132.71495515771005,15,1,0,0,1.2486056192326742,0.01
3946,150.4657066047724,26,1,0,0,1.2487121276474045,0.01
3947,174.4056751206536,21,1,0,0,1.2279746061869505,0.01
3948,164.06318474101082,16,1,0,0,1.4168777877694272,0.01
3949,170.61485297826502,30,1,0,0,1.2880233927069,0.01
3950,141.82149784005543,16,1,0,0,1.1696188597246582,0.01
3951,179.71461692704446,21,1,0,0,1.2572915021920985,0.01
3952,139.2254038330629,14,1,0,0,1.4811732669649842,0.01
3953,176.93870983858648,20,1,0,0,1.457253491726821,0.01
3954,189.21072383074076,33,1,0,0,1.4576023726447918,0.01
3955,193.79885356763342,22,1,0,0,1.4781174857813988,0.01
3956,203.3261221329216,26,1,0,0,1.4996057483916814,0.01
3957,194.41222902290878,25,1,0,0,1.2987924357946365,0.01
3958,202.98266902654262,31,1,0,0,1.3682070296515114,0.01
3959,176.97602923865475,24,1,0,0,1.4979351670238685,0.01
3960,136.11512709913288,12,1,0,0,1.163406092512478,0.01
3961,153.4541976260835,16,1,0,0,1.4116359273652694,0.01
3962,165.41934688666285,22,1,0,0,1.4376372222396707,0.01
3963,166.84374233784365,44,1,0,0,1.4495585386212464,0.01
3964,205.696629865224,29,1,0,0,1.2643890054959837,0.01
3965,124.20619190149755,9,1,0,0,1.380631211885809,0.01
3966,178.9890566909794,24,1,0,0,1.41815852392637,0.01
3967,174.86372090959293,23,1,0,0,1.0067741302162687,0.01
3968,167.1183431256053,18,1,0,0,1.4509953341516424,0.01
3969,147.94177470209024,24,1,0,0,1.3401662376044268,0.01
3970,-50.0,1,0,1,0,7.15632463383509,0.01
3971,185.30022039210127,23,1,0,0,1.3391816694346652,0.01
3972,193.24182064144242,34,1,0,0,1.3881426919095474,0.01
3973,193.95539993010254,31,1,0,0,1.478885079077746,0.01
3974,188.11886559858067,25,1,0,0,1.380585026625188,0.01
3975,171.57195383743294,26,1,0,0,1.4488846164276061,0.01
3976,183.57030865078303,37,1,0,0,1.3662019629757634,0.01
3977,159.24430816255727,21,1,0,0,1.2849131162970662,0.01
3978,169.8638325784802,19,1,0,0,1.4149946203296462,0.01
3979,175.19990521737571,30,1,0,0,1.476501452645313,0.01
3980,182.57765597197218,25,1,0,0,1.472728434747391,0.01
3981,132.46255959553739,13,1,0,0,1.3873779221399747,0.01
3982,162.4282192438247,20,1,0,0,1.2395605847087736,0.01
3983,201.7500696576417,53,1,0,0,1.4142652314533506,0.01
3984,118.61399232030126,10,1,0,0,1.4554033855668618,0.01
3985,159.8898991256078,20,1,0,0,1.4558952710132562,0.01
3986,122.96673804439051,8,1,0,0,1.477587199289139,0.01
3987,180.56254720031717,26,1,0,0,1.460288299920648,0.01
3988,184.52540297278716,22,1,0,0,1.2810903545801062,0.01
3989,220.19031728179067,41,1,0,0,1.2917478187417377,0.01
3990,172.37312037289826,39,1,0,0,1.3442983870243723,0.01
3991,147.63381772842524,17,1,0,0,1.3192429903761558,0.01
3992,138.25186267282712,11,1,0,0,1.444508756154474,0.01
3993,188.81484818769678,25,1,0,0,1.3883425484751577,0.01
3994,173.76118698434726,22,1,0,0,1.202341329627173,0.01
3995,184.2357402645658,22,1,0,0,1.4139795013353675,0.01
3996,158.32142625093516,17,1,0,0,1.1514320012137775,0.01
3997,201.71664182648277,32,1,0,0,1.210033741029348,0.01
3998,186.90625906198002,28,1,0,0,1.320815279974761,0.01
3999,217.27246461969665,48,1,0,0,1.4843340113078887,0.01
4000,113.9358422994843,6,1,0,0,1.3132044224992943,0.01
4001,126.29532681810568,11,1,0,0,1.2883767434957285,0.01
4002,127.24898594159626,16,1,0,0,1.4662907700959693,0.01
4003,161.3076497309675,19,1,0,0,1.1383075072004118,0.01
4004,195.42871696191727,24,1,0,0,1.4903853888683614,0.01
4005,163.83115394019205,22,1,0,0,1.1530007828922209,0.01
4006,178.39868467008995,22,1,0,0,1.4815749942948415,0.01
4007,185.2685604436167,22,1,0,0,1.2635790366001192,0.01
4008,251.47701686852403,51,1,0,0,1.3754735319099318,0.01
4009,125.99919644410093,7,1,0,0,1.4545665942223465,0.01
4010,150.744510491248,19,1,0,0,1.4839149831443532,0.01
4011,156.22264799360306,16,1,0,0,1.4308331441972402,0.01
4012,173.3378507293042,33,1,0,0,1.2732143823255926,0.01
4013,183.43777325812226,24,1,0,0,1.4738417713473244,0.01
4014,154.03237314064955,19,1,0,0,1.4061941341183308,0.01
4015,149.2886572352079,15,1,0,0,1.3440490763691546,0.01
4016,162.00662536844317,19,1,0,0,1.423966416515765,0.01
4017,153.60669346210616,21,1,0,0,1.3434418994324997,0.01
4018,-50.0,1,0,1,0,7.3854981661003825,0.01
4019,197.05110280263037,22,1,0,0,1.4293438997417944,0.01
4020,161.03730034587954,19,1,0,0,1.3879899524083315,0.01
4021,191.90859606216327,30,1,0,0,1.1960997701572484,0.01
4022,147.51707051404713,15,1,0,0,1.290082212938965,0.01
4023,162.309029240661,18,1,0,0,1.3018689527582696,0.01
4024,256.06148225130784,52,1,0,0,1.4282086965669447,0.01
4025,167.87476874300657,28,1,0,0,1.1365471643229137,0.01
4026,148.2479074280542,25,1,0,0,1.1688106186371703,0.01
4027,184.74636455317767,26,1,0,0,1.2343312223206917,0.01
4028,163.58568405639687,22,1,0,0,1.2909408496278363,0.01
4029,224.12657984275575,42,1,0,0,1.3495028261783208,0.01
4030,212.00744149351027,38,1,0,0,1.3910532310496126,0.01
4031,199.35085166103553,30,1,0,0,1.2126537434357927,0.01
4032,133.93212654969864,14,1,0,0,1.4755737661241197,0.01
4033,142.66924090496613,128,1,0,0,1.2736052137024132,0.01
4034,179.33654999104422,24,1,0,0,1.1317237713536146,0.01
4035,137.6291541732647,12,1,0,0,1.4278014084278927,0.01
4036,180.10495593142286,23,1,0,0,1.3550218903298823,0.01
4037,158.76258361871047,23,1,0,0,1.461853067917632,0.01
4038,171.38085538000513,25,1,0,0,1.289900313520652,0.01
4039,206.75564346852042,37,1,0,0,1.4452479589437324,0.01
4040,156.65455984660844,18,1,0,0,1.463683288208687,0.01
4041,169.82701172988334,18,1,0,0,1.3810025584093935,0.01
4042,161.8419999770806,26,1,0,0,1.3422360189071787,0.01
4043,166.3832993087239,22,1,0,0,1.3388973666852226,0.01
4044,176.8514398353231,24,1,0,0,1.3686410081723752,0.01
4045,156.66126565922048,17,1,0,0,1.4705086757126007,0.01
4046,162.93038727559053,31,1,0,0,1.2406388391414134,0.01
4047,194.0237982052758,24,1,0,0,1.359120214557066,0.01
4048,199.70535457679028,35,1,0,0,1.4501765099798112,0.01
4049,130.0459874260784,11,1,0,0,1.2712796388717817,0.01
4050,186.84253955215803,27,1,0,0,1.2622384130713937,0.01
4051,219.9494139465934,38,1,0,0,1.3237922623661749,0.01
4052,218.59522836728013,31,1,0,0,1.4372734847009483,0.01
4053,140.6552525162695,11,1,0,0,1.4833671117590894,0.01
4054,175.59268827799747,18,1,0,0,1.1316128889939048,0.01
4055,182.53404775161323,28,1,0,0,1.2835870360040014,0.01
4056,156.80225029232503,28,1,0,0,1.2307235717567282,0.01
4057,146.71088708584116,22,1,0,0,1.294114097264405,0.01
4058,132.6834831641111,18,1,0,0,1.1374699026381612,0.01
4059,178.54834510076566,30,1,0,0,1.3439155644385512,0.01
4060,176.72026210989517,25,1,0,0,1.3353455804078933,0.01
4061,180.4140757674768,21,1,0,0,1.2695914414329892,0.01
4062,143.66605510420845,19,1,0,0,1.4310825132297276,0.01
4063,159.9889435295829,24,1,0,0,1.267515126308552,0.01
4064,173.39002169291007,20,1,0,0,1.1863406152680673,0.01
4065,141.7829048302101,23,1,0,0,1.3129457288465305,0.01
4066,-50.0,1,0,1,0,1.336139704153038,0.01
4067,141.40391379934854,18,1,0,0,1.27515428026965,0.01
4068,197.00997328154955,34,1,0,0,1.1524017034546248,0.01
4069,152.54549584481418,24,1,0,0,1.288015803687651,0.01
4070,135.03380452369996,28,1,0,0,1.4657620392352693,0.01
4071,186.79553986771396,23,1,0,0,1.2997568370984287,0.01
4072,181.81245949545612,22,1,0,0,1.3525432168284717,0.01
4073,166.96190373301346,29,1,0,0,1.4086933767380583,0.01
4074,149.7212465667288,23,1,0,0,1.1162615623342893,0.01
4075,152.85776872022979,15,1,0,0,1.1729270957556561,0.01
4076,138.05624584186137,17,1,0,0,1.3325483210309743,0.01
4077,165.9779545862758,24,1,0,0,1.2452807910970949,0.01
4078,180.91388243604422,25,1,0,0,1.2808973982892968,0.01
4079,229.64713931297274,40,1,0,0,1.3414707699603707,0.01
4080,102.33180334010872,2,1,0,0,1.4828600059707093,0.01
4081,158.68369712324574,19,1,0,0,1.1289841384908197,0.01
4082,191.2844582309872,28,1,0,0,1.2841389435060824,0.01
4083,149.86795603184055,26,1,0,0,1.4514708692071896,0.01
4084,114.54696050370175,9,1,0,0,1.383827038040779,0.01
4085,178.292028845056,22,1,0,0,1.294936163046743,0.01
4086,153.76329976574334,28,1,0,0,1.3020404470722151,0.01
4087,146.46201393721398,16,1,0,0,1.477373904098372,0.01
4088,193.69007673843083,27,1,0,0,1.456600561063122,0.01
4089,210.11204262051564,35,1,0,0,1.2481237538062355,0.01
4090,143.95964635020653,15,1,0,0,1.3388053020436586,0.01
4091,147.3738775351141,25,1,0,0,1.1471040810130837,0.01
4092,169.04270494410622,20,1,0,0,1.4822495246425644,0.01
4093,186.7523179286952,30,1,0,0,1.2191762719017287,0.01
4094,7.006092278559153,200,0,0,1,2.631805089721486,0.01
4095,159.3847304352671,19,1,0,0,1.4864384611074877,0.01
4096,177.58824849431966,32,1,0,0,1.498969602590815,0.01
4097,200.7995479032113,26,1,0,0,1.4448211931468495,0.01
4098,115.19200254454324,17,1,0,0,1.4362679735619892,0.01
4099,157.27314848025915,23,1,0,0,1.298251800130748,0.01
4100,164.92737654990916,20,1,0,0,1.267362217098419,0.01
4101,160.3048268743463,22,1,0,0,1.390748786428839,0.01
4102,139.509820025604,15,1,0,0,1.2531527538641234,0.01
4103,119.95359323943583,5,1,0,0,1.4864554927004323,0.01
4104,251.09486471409926,49,1,0,0,1.3580375245108816,0.01
4105,141.9268769313627,15,1,0,0,1.4515271702414358,0.01
4106,135.5492328724534,24,1,0,0,1.3691120038133238,0.01
4107,203.35110965775138,29,1,0,0,1.3586206297991237,0.01
4108,135.1428989776511,11,1,0,0,1.413560949368975,0.01
4109,176.83969396290337,44,1,0,0,1.4659083310955459,0.01
4110,176.18178695768694,27,1,0,0,1.2524437436732843,0.01
4111,144.00129583362724,14,1,0,0,1.247878726099713,0.01
4112,178.16819363969847,34,1,0,0,1.4861082716193796,0.01
4113,170.82219627411448,21,1,0,0,1.4901629380671197,0.01
4114,179.24609722019943,18,1,0,0,1.462332360771746,0.01
4115,152.89697259764728,15,1,0,0,1.2649996500150515,0.01
4116,131.92703540365696,40,1,0,0,1.4973804788940785,0.01
4117,156.71828197593788,21,1,0,0,1.495283076165054,0.01
4118,188.82411566224,25,1,0,0,1.4361895643846607,0.01
4119,162.45820775965814,25,1,0,0,1.1039278920289435,0.01
4120,171.8386002767764,20,1,0,0,1.1430896312004037,0.01
4121,211.01048950714352,38,1,0,0,1.4815356374579352,0.01
4122,160.22006751365703,18,1,0,0,1.421540245573973,0.01
4123,260.747771547243,51,1,0,0,1.2777850701836013,0.01
4124,182.77927448910805,29,1,0,0,1.4193730064889731,0.01
4125,156.64377283953456,16,1,0,0,1.2471155745716613,0.01
4126,174.04629690124466,23,1,0,0,1.4292921744657905,0.01
4127,151.17288960127453,26,1,0,0,1.3567529074416043,0.01
4128,209.75199482159672,33,1,0,0,1.350074215400222,0.01
4129,215.22706704880687,33,1,0,0,1.4212139619932986,0.01
4130,166.99752214711395,20,1,0,0,1.2920444610493744,0.01
4131,100.0,1,1,0,0,1.3041777190677175,0.01
4132,156.4668359501515,17,1,0,0,1.289808121132288,0.01
4133,193.09333955464757,25,1,0,0,1.3637149981105945,0.01
4134,195.89561521410496,27,1,0,0,1.496197587897268,0.01
4135,130.4930097864327,17,1,0,0,1.3737608649267188,0.01
4136,225.6498147710481,38,1,0,0,1.206528452685309,0.01
4137,223.99736704649928,42,1,0,0,1.4984942661495182,0.01
4138,162.55520919090762,25,1,0,0,1.3180211743021022,0.01
4139,243.85589210383392,52,1,0,0,1.4822536251827412,0.01
4140,165.9668812032707,22,1,0,0,1.373135625540301,0.01
4141,173.24246717686975,19,1,0,0,1.4871747618341633,0.01
4142,141.57265538100089,37,1,0,0,1.48131577605639,0.01
4143,180.151565348335,25,1,0,0,1.4809105366728659,0.01
4144,192.5459564733925,29,1,0,0,1.3771013840629671,0.01
4145,147.66451360393904,17,1,0,0,1.4456364483497366,0.01
4146,-17.805063714167076,9,0,1,0,5.432348061152755,0.01
4147,178.39188402476947,23,1,0,0,1.493052928284104,0.01
4148,156.93809873259434,16,1,0,0,1.2381230248712431,0.01
4149,147.5448217354966,20,1,0,0,1.4939307179289254,0.01
4150,135.26720218240825,76,1,0,0,1.3398769423286572,0.01
4151,151.14593449172168,15,1,0,0,1.4326647467721139,0.01
4152,12.707594855616406,200,0,0,1,6.465270559141945,0.01
4153,158.76848512425977,17,1,0,0,1.4536693745850011,0.01
4154,168.79969617634464,20,1,0,0,1.4408818008725457,0.01
4155,177.75637034137642,25,1,0,0,1.2267897199141422,0.01
4156,150.16537805356108,21,1,0,0,1.3204698916816575,0.01
4157,149.2540106483303,17,1,0,0,1.3448181571131896,0.01
4158,161.71163357183482,25,1,0,0,1.285129548006104,0.01
4159,159.10949187461222,25,1,0,0,1.4932528030669983,0.01
4160,123.1179118372007,15,1,0,0,1.450562315574314,0.01
4161,149.97450096296583,20,1,0,0,1.2734277972731878,0.01
4162,180.93194458140687,23,1,0,0,1.3514593949765594,0.01
4163,168.5739168915051,18,1,0,0,1.4315905150961754,0.01
4164,147.97918187059662,16,1,0,0,1.361776795438702,0.01
4165,203.48480549598264,25,1,0,0,1.2051211448141905,0.01
4166,172.69504236591416,27,1,0,0,1.3689788044270315,0.01
4167,142.03471433389387,20,1,0,0,1.2470768068910976,0.01
4168,155.18625046713734,21,1,0,0,1.0675984419803104,0.01
4169,154.88106396918653,23,1,0,0,1.4044603454591542,0.01
4170,136.3925455375438,72,1,0,0,1.496768017066518,0.01
4171,171.93481167861847,19,1,0,0,1.4344360400757692,0.01
4172,152.16144798988637,18,1,0,0,1.2172548603340827,0.01
4173,115.88917019716767,14,1,0,0,1.3587471610665205,0.01
4174,158.30220698435716,19,1,0,0,1.459005179587349,0.01
4175,156.2074666404634,19,1,0,0,1.334886444618148,0.01
4176,200.54998634094434,26,1,0,0,1.3551727263734612,0.01
4177,224.29038031756176,36,1,0,0,1.4095580856605106,0.01
4178,176.6808416520099,35,1,0,0,1.4172681586328517,0.01
4179,194.76104638325165,35,1,0,0,1.3148341444628144,0.01
4180,173.0197130983148,20,1,0,0,1.2808980239586485,0.01
4181,204.38205112906368,38,1,0,0,1.4808259704165814,0.01
4182,135.11538498938305,12,1,0,0,1.2601996569798533,0.01
4183,173.64846595224054,23,1,0,0,1.3890460791212256,0.01
4184,135.32401673677256,11,1,0,0,1.3525414882172213,0.01
4185,161.55743559855128,24,1,0,0,1.3439086917778826,0.01
4186,106.61806279420597,32,1,0,0,1.496953116245038,0.01
4187,205.5035243421483,31,1,0,0,1.3811227030497026,0.01
4188,272.6270439922271,55,1,0,0,1.4770589077708858,0.01
4189,147.54196592329322,30,1,0,0,1.4404818533902533,0.01
4190,172.4020001410746,29,1,0,0,1.4302621400723972,0.01
4191,257.5405745159337,61,1,0,0,1.298723057427148,0.01
4192,152.3506076774208,27,1,0,0,1.4854670090517699,0.01
4193,149.2682953390979,16,1,0,0,1.3694543369864274,0.01
4194,144.84875448204542,15,1,0,0,1.062919658523519,0.01
4195,225.2437498863643,38,1,0,0,1.2547422791498255,0.01
4196,196.37500918160174,24,1,0,0,1.217052675752117,0.01
4197,179.59026917680546,21,1,0,0,1.4260341764237972,0.01
4198,179.70680829666134,26,1,0,0,1.2726581942589983,0.01
4199,138.86337518555098,18,1,0,0,1.452662849104006,0.01
4200,25.63238673011093,200,0,0,1,2.706982389544057,0.01
4201,176.03721771232114,19,1,0,0,1.2280780347924238,0.01
4202,149.00766246046692,17,1,0,0,1.336678083910784,0.01
4203,160.1597479526549,17,1,0,0,1.4651357773895808,0.01
4204,157.19954268418815,24,1,0,0,1.4144815464511151,0.01
4205,174.00431993424203,31,1,0,0,1.3545084027113108,0.01
4206,170.12516278613543,19,1,0,0,1.2085579058909683,0.01
4207,-50.0,1,0,1,0,6.395765887383954,0.01
4208,174.7625177539183,34,1,0,0,1.2153151910781097,0.01
4209,170.51625159803393,24,1,0,0,1.353645505122479,0.01
4210,103.86883456835491,4,1,0,0,1.1660726875703822,0.01
4211,142.05064721800443,12,1,0,0,1.426393541385745,0.01
4212,180.73408629645775,28,1,0,0,1.4776581031438394,0.01
4213,173.08392767910033,23,1,0,0,1.450106932965369,0.01
4214,147.87584142649737,17,1,0,0,1.485383794585958,0.01
4215,173.94927361735378,23,1,0,0,1.2978675709456977,0.01
4216,-50.0,1,0,1,0,6.10039229138164,0.01
4217,179.8629878722894,21,1,0,0,1.4672318628526921,0.01
4218,262.0661836337283,59,1,0,0,1.492251133733822,0.01
4219,160.67732943741677,19,1,0,0,1.4158258203929432,0.01
4220,136.5109761014075,12,1,0,0,1.4806683372001925,0.01
4221,232.6226388998829,42,1,0,0,1.3284351667919443,0.01
4222,260.73707118278014,54,1,0,0,1.3677665763623823,0.01
4223,191.01257289399211,27,1,0,0,1.430210737224109,0.01
4224,132.79945594741494,12,1,0,0,1.4640117447740992,0.01
4225,156.41332354015398,20,1,0,0,1.4680244709524946,0.01
4226,156.96997309312556,23,1,0,0,1.2110226882664556,0.01
4227,167.57789414612054,20,1,0,0,1.1509396880027487,0.01
4228,160.25826808981049,22,1,0,0,1.470854143312437,0.01
4229,156.62366119130203,22,1,0,0,1.477488922576046,0.01
4230,111.18447468286317,45,1,0,0,1.4979751752953587,0.01
4231,90.25855865264232,200,0,0,1,1.6508973987577775,0.01
4232,-50.0,1,0,1,0,5.012908340900018,0.01
4233,142.05873886187138,16,1,0,0,1.4948400093846612,0.01
4234,179.90774741721134,22,1,0,0,1.315279897906062,0.01
4235,196.27578325822202,21,1,0,0,1.1965668417066726,0.01
4236,197.90538340560795,25,1,0,0,1.4014465063914685,0.01
4237,159.61705431664296,18,1,0,0,1.4682924655138305,0.01
4238,195.18120530559412,32,1,0,0,1.3026704905676691,0.01
4239,200.85420581703264,28,1,0,0,1.3944435439736915,0.01
4240,156.1543956070042,20,1,0,0,1.3213590258525323,0.01
4241,214.67229218458286,26,1,0,0,1.3497479560092824,0.01
4242,171.35094617423698,24,1,0,0,1.424834633433532,0.01
4243,206.3455737857113,35,1,0,0,1.4310548094715823,0.01
4244,188.82083036374405,33,1,0,0,1.3642641677756664,0.01
4245,167.71754660491234,22,1,0,0,1.4608440615168512,0.01
4246,183.91759044593158,22,1,0,0,1.327310868514375,0.01
4247,33.05303567625833,200,0,0,1,2.153254276248966,0.01
4248,-50.0,1,0,1,0,4.945142321227453,0.01
4249,140.22583439155835,22,1,0,0,1.4108649791642305,0.01
4250,203.8890517507363,30,1,0,0,1.3642741950675024,0.01
4251,155.93132928179637,26,1,0,0,1.1674386696327894,0.01
4252,222.1878542849072,35,1,0,0,1.3541680141603378,0.01
4253,176.89008885625606,24,1,0,0,1.4660505829176822,0.01
4254,115.22735027595738,7,1,0,0,1.3900475322058055,0.01
4255,163.28906178673242,22,1,0,0,1.4225441709813238,0.01
4256,167.1266862821626,27,1,0,0,1.4295608411760723,0.01
4257,183.01101161800568,22,1,0,0,1.2686295350780525,0.01
4258,181.92833971634747,22,1,0,0,1.2813268441321308,0.01
4259,176.75915562004224,26,1,0,0,1.3598483227520215,0.01
4260,153.87666517679935,15,1,0,0,1.3688287687182015,0.01
4261,104.90406481827331,2,1,0,0,1.3817910916642324,0.01
4262,145.31916333189403,23,1,0,0,1.4935452396850135,0.01
4263,258.4110297097127,50,1,0,0,1.2821037085256992,0.01
4264,175.624401656571,26,1,0,0,1.4577199564187475,0.01
4265,188.85380265488928,30,1,0,0,1.1922506785677056,0.01
4266,169.27148402457559,21,1,0,0,1.224159850878017,0.01
4267,202.93653446763292,35,1,0,0,1.2433397338658554,0.01
4268,173.68878629060245,23,1,0,0,1.2795492019105599,0.01
4269,188.82785138841083,64,1,0,0,1.4820902104935254,0.01
4270,188.64897943399114,29,1,0,0,1.3876619964002834,0.01
4271,164.00367243337587,20,1,0,0,1.433007632649888,0.01
4272,165.07871895214112,24,1,0,0,1.3905869066804237,0.01
4273,158.5628248915688,22,1,0,0,1.4268503171783111,0.01
4274,230.86429733372591,45,1,0,0,1.4732953931229118,0.01
4275,147.01240962450188,16,1,0,0,1.4907080742531837,0.01
4276,190.32046909721964,30,1,0,0,1.2123125291718684,0.01
4277,193.712192809135,55,1,0,0,1.4566981857623378,0.01
4278,164.12728017693135,20,1,0,0,1.1049829202569228,0.01
4279,264.43287255780444,51,1,0,0,1.2963927274883553,0.01
4280,174.47049282612227,26,1,0,0,1.3837119738709045,0.01
4281,229.30638665460233,45,1,0,0,1.3119992398709326,0.01
4282,139.87565423619492,19,1,0,0,1.4727746622522402,0.01
4283,179.07737434747241,26,1,0,0,1.4533823544919395,0.01
4284,164.38536119428116,22,1,0,0,1.2299185758426106,0.01
4285,153.34144546145833,14,1,0,0,1.2753093185973914,0.01
4286,189.43629164684702,25,1,0,0,1.3058117098140858,0.01
4287,165.0050078526698,17,1,0,0,1.0449291261669578,0.01
4288,152.91643641543584,16,1,0,0,1.239475796650095,0.01
4289,151.89607259461025,19,1,0,0,1.298241029471079,0.01
4290,241.92086955849123,40,1,0,0,1.2522136226321996,0.01
4291,231.90381309973247,45,1,0,0,1.4376053389017587,0.01
4292,155.65277837648438,20,1,0,0,1.3948001374730437,0.01
4293,121.5642723135212,20,1,0,0,1.4572862141140013,0.01
4294,184.5326389081107,25,1,0,0,1.2414598544993296,0.01
4295,146.41653921801878,20,1,0,0,1.4131527694086277,0.01
4296,159.17882760983193,17,1,0,0,1.110994811692472,0.01
4297,224.43142239363735,80,1,0,0,1.4842338812125522,0.01
4298,168.70850793302958,19,1,0,0,1.3124423033168908,0.01
4299,164.7444201823283,18,1,0,0,1.4936278485986065,0.01
4300,161.08136980432647,19,1,0,0,1.1857526484727618,0.01
4301,165.5435550536701,34,1,0,0,1.4179247826464891,0.01
4302,142.8846955492342,12,1,0,0,1.3767282190795067,0.01
4303,206.038318560984,36,1,0,0,1.4349818802173513,0.01
4304,143.8538691834277,22,1,0,0,1.2430140829346155,0.01
4305,168.90740146103863,18,1,0,0,1.3968215922947027,0.01
4306,162.95511387214384,20,1,0,0,1.345845060203699,0.01
4307,210.0381357765022,32,1,0,0,1.4477470804989614,0.01
4308,148.03248550864805,20,1,0,0,1.4759742818319488,0.01
4309,111.11652521528138,7,1,0,0,1.1710959167637465,0.01
4310,-50.0,1,0,1,0,5.4572761305966875,0.01
4311,235.11755388620773,40,1,0,0,1.3309742834357532,0.01
4312,189.80147222706813,30,1,0,0,1.302496102086354,0.01
4313,121.5676244047767,13,1,0,0,1.2054664122834904,0.01
4314,181.96949537467145,21,1,0,0,1.3922628219633337,0.01
4315,131.6585897873439,12,1,0,0,1.3157928162522066,0.01
4316,214.9959223942742,36,1,0,0,1.4506122359089062,0.01
4317,185.96389164050612,48,1,0,0,1.3907145449781038,0.01
4318,123.22872028823215,12,1,0,0,1.4666035152086894,0.01
4319,-11.445933034980243,14,0,1,0,9.916765730932843,0.01
4320,163.3539578645377,22,1,0,0,1.1079289889278898,0.01
4321,189.1598786738474,23,1,0,0,1.0556898351225246,0.01
4322,147.1698809310699,17,1,0,0,1.3573892316248861,0.01
4323,157.51859092138096,17,1,0,0,1.3853238060039053,0.01
4324,210.81977867112323,30,1,0,0,1.477631464772591,0.01
4325,154.82010339279307,23,1,0,0,1.4642667269575924,0.01
4326,159.85134579262171,27,1,0,0,1.4278745633316987,0.01
4327,152.17177891844386,20,1,0,0,1.246601266164644,0.01
4328,222.1123271646988,39,1,0,0,1.466549490576434,0.01
4329,194.65267759076823,27,1,0,0,1.2325562549847848,0.01
4330,160.2751633675323,22,1,0,0,1.3840201758864505,0.01
4331,163.12789094813675,23,1,0,0,1.1663616023709789,0.01
4332,220.64123115393807,40,1,0,0,1.3250997974309575,0.01
4333,166.74412253861829,23,1,0,0,1.2725287618843952,0.01
4334,182.90115561801292,21,1,0,0,1.3331394613577656,0.01
4335,149.29046699151306,20,1,0,0,1.40244398337763,0.01
4336,179.94594006819955,23,1,0,0,1.4513246433862206,0.01
4337,150.59320511400034,16,1,0,0,1.2873851887089407,0.01
4338,145.15709045954006,13,1,0,0,1.4255639436241687,0.01
4339,100.0,1,1,0,0,1.2700873073775363,0.01
4340,206.40048140999653,26,1,0,0,1.3301914589395107,0.01
4341,186.8667502967,24,1,0,0,1.3968305967226335,0.01
4342,162.11460951735663,26,1,0,0,1.43692104960847,0.01
4343,121.60057775186743,7,1,0,0,1.475042980744301,0.01
4344,172.31209752153632,18,1,0,0,1.337070298346076,0.01
4345,179.4674022782109,19,1,0,0,1.164906498259309,0.01
4346,167.4867203213849,29,1,0,0,1.4760061142409124,0.01
4347,192.03000207962722,26,1,0,0,1.3378337893278476,0.01
4348,157.19207843280262,16,1,0,0,1.4350441947719987,0.01
4349,234.97557752765954,41,1,0,0,1.4813951720990004,0.01
4350,162.1002393655242,22,1,0,0,1.301665003036502,0.01
4351,138.8603048761529,26,1,0,0,1.4835851195910683,0.01
4352,212.85997077775824,27,1,0,0,1.3545246140907947,0.01
4353,133.00363841668351,10,1,0,0,1.4707307301118686,0.01
4354,152.78443974907245,19,1,0,0,1.3945285392927576,0.01
4355,163.39137087074369,19,1,0,0,1.3564899856366064,0.01
4356,153.0681673778017,14,1,0,0,1.2400998458967758,0.01
4357,168.73140057552558,28,1,0,0,1.4726131204702517,0.01
4358,238.41371565765587,47,1,0,0,1.4372331622705783,0.01
4359,173.1769127199645,17,1,0,0,1.3043332612735454,0.01
4360,151.02188140715262,20,1,0,0,1.2877160630777305,0.01
4361,107.32215709843746,4,1,0,0,1.4671333538452915,0.01
4362,154.39799711616763,15,1,0,0,1.189926086636017,0.01
4363,201.66835811951046,25,1,0,0,1.4341640781405263,0.01
4364,162.1111953856822,19,1,0,0,1.3671917974839305,0.01
4365,154.55159383731814,15,1,0,0,1.2393057738946236,0.01
4366,179.48112303737742,27,1,0,0,1.3811473447948257,0.01
4367,155.97461155694984,16,1,0,0,1.4255816032471589,0.01
4368,47.027171282219584,95,0,0,0,8.390999531363388,0.01
4369,157.77199926972642,16,1,0,0,1.4623101190962957,0.01
4370,142.06481322978158,17,1,0,0,1.4021314059630263,0.01
4371,166.2324566157015,17,1,0,0,1.2125076960341274,0.01
4372,164.2003896148093,17,1,0,0,1.444777459275182,0.01
4373,192.93413322842125,34,1,0,0,1.237233947879186,0.01
4374,170.55438704240134,20,1,0,0,1.3538529729724087,0.01
4375,141.22813507087574,17,1,0,0,1.3813288835562394,0.01
4376,179.76745988311774,22,1,0,0,1.2886354708084191,0.01
4377,157.39628660324087,21,1,0,0,1.2884689298820322,0.01
4378,137.6052870663911,12,1,0,0,1.4403479374586883,0.01
4379,168.23560548796948,18,1,0,0,1.3034240533062267,0.01
4380,161.19606168690987,18,1,0,0,1.390170668376012,0.01
4381,169.57317225884702,24,1,0,0,1.4816172149902076,0.01
4382,139.98837056633323,12,1,0,0,1.3024424481208754,0.01
4383,141.59623884838956,20,1,0,0,1.4102517824854195,0.01
4384,183.60013051303156,31,1,0,0,1.3340517846652815,0.01
4385,221.75847963990273,36,1,0,0,1.3755616983167362,0.01
4386,165.0534171622523,30,1,0,0,1.4543444908823397,0.01
4387,160.0191394320705,24,1,0,0,1.2234893527694986,0.01
4388,230.11991032885226,45,1,0,0,1.3273477845088777,0.01
4389,180.85777136451983,22,1,0,0,1.1369057274648111,0.01
4390,167.34441054151665,19,1,0,0,1.4581520175678289,0.01
4391,196.86871765699817,33,1,0,0,1.4529390813375702,0.01
4392,177.02932299484405,21,1,0,0,1.2929193440619184,0.01
4393,175.90487159063187,23,1,0,0,1.2593370985415708,0.01
4394,190.01595155990145,24,1,0,0,1.4983203710312356,0.01
4395,185.78271043801152,32,1,0,0,1.3169695114207571,0.01
4396,165.43787016687395,25,1,0,0,1.3544618643553838,0.01
4397,226.67346317678533,36,1,0,0,1.4909287686165376,0.01
4398,158.31768189339672,18,1,0,0,1.4591071549565309,0.01
4399,166.52945178198826,22,1,0,0,1.234531369296662,0.01
4400,166.70040813445982,21,1,0,0,1.4351353027739293,0.01
4401,182.52618820790758,20,1,0,0,1.2044250516994985,0.01
4402,166.55604208145684,20,1,0,0,1.3953438171079466,0.01
4403,104.43766326164727,2,1,0,0,1.4461676417766605,0.01
4404,191.86071483273443,22,1,0,0,1.4551607756714438,0.01
4405,179.54476495764288,22,1,0,0,1.3579464702452844,0.01
4406,143.39024382930177,12,1,0,0,1.3319294367407548,0.01
4407,186.79786811163552,28,1,0,0,1.3015492664009112,0.01
4408,194.83906976589088,25,1,0,0,1.3404990326633806,0.01
4409,162.71125119286717,26,1,0,0,1.067406144516435,0.01
4410,179.5911343220451,23,1,0,0,1.3480809308291712,0.01
4411,148.39658019362446,15,1,0,0,1.2076014237635502,0.01
4412,139.3855838835043,11,1,0,0,1.4917354243763785,0.01
4413,179.8589745415877,27,1,0,0,1.2705417474074616,0.01
4414,185.2672427476959,26,1,0,0,1.1968380362193716,0.01
4415,151.0645400192251,24,1,0,0,1.4780445873139472,0.01
4416,163.58727746223872,19,1,0,0,1.3940958856082777,0.01
4417,172.7935959763947,18,1,0,0,1.4623570900234517,0.01
4418,169.67972756506487,28,1,0,0,1.4139423359761787,0.01
4419,161.5159438904087,28,1,0,0,1.4643976831533585,0.01
4420,162.42255639550666,16,1,0,0,1.3189075078209431,0.01
4421,167.20811455380502,27,1,0,0,1.3464285755005463,0.01
4422,165.8915280074795,23,1,0,0,1.2116797309941054,0.01
4423,217.1316280776282,34,1,0,0,1.4529662201886946,0.01
4424,151.2429143517015,21,1,0,0,1.2097158953975036,0.01
4425,169.04276927206405,23,1,0,0,1.338817937630316,0.01
4426,174.7108718536319,34,1,0,0,1.3941362294962798,0.01
4427,123.1304433726997,9,1,0,0,1.4873121286930004,0.01
4428,137.84062914403518,14,1,0,0,1.3451406536345711,0.01
4429,-50.0,1,0,1,0,4.357124692891693,0.01
4430,171.49716213129784,18,1,0,0,1.328383139949764,0.01
4431,138.6650435039872,12,1,0,0,1.1801735741386972,0.01
4432,218.19328973175774,35,1,0,0,1.2171750141829059,0.01
4433,213.47250045950614,38,1,0,0,1.4802943423169184,0.01
4434,159.13135828426488,19,1,0,0,1.388378313300712,0.01
4435,154.01648020448647,19,1,0,0,1.2250724442254683,0.01
4436,100.0,1,1,0,0,0.5497312235107567,0.01
4437,191.1626892565309,28,1,0,0,1.2581752672375364,0.01
4438,165.38871366923354,22,1,0,0,1.297561182552121,0.01
4439,181.17231205927885,23,1,0,0,1.3910279084374728,0.01
4440,182.71491249260447,31,1,0,0,1.1792322094774252,0.01
4441,145.9648034857756,16,1,0,0,1.4987680861388772,0.01
4442,171.15752974600974,21,1,0,0,1.318099210956611,0.01
4443,198.6530895631907,37,1,0,0,1.3283986752603805,0.01
4444,139.22082889440452,13,1,0,0,1.344658792817903,0.01
4445,168.16456159115373,22,1,0,0,1.207993868397873,0.01
4446,181.44990321405817,25,1,0,0,1.3809345164374836,0.01
4447,191.45363300934912,26,1,0,0,1.4781255372237057,0.01
4448,44.80004711206582,200,0,0,1,3.8221350473120808,0.01
4449,159.857960160711,15,1,0,0,1.3164024829488772,0.01
4450,231.60872492314604,40,1,0,0,1.4722572523629474,0.01
4451,158.1091405270215,19,1,0,0,1.3250551537866604,0.01
4452,171.26103483175558,59,1,0,0,1.4840168933329856,0.01
4453,240.80237458220142,43,1,0,0,1.3141116571091824,0.01
4454,177.0437891270574,28,1,0,0,1.3319610118730758,0.01
4455,173.35128167289912,20,1,0,0,1.3185205518306673,0.01
4456,173.68484238730917,19,1,0,0,1.4485658176298615,0.01
4457,162.32068081759792,22,1,0,0,1.184300309437532,0.01
4458,158.78624137982615,18,1,0,0,1.410907036247661,0.01
4459,159.55977925586856,67,1,0,0,1.4637004801335776,0.01
4460,141.28930836354198,24,1,0,0,1.3801474837596197,0.01
4461,175.2719206698929,22,1,0,0,1.3553459100040568,0.01
4462,161.36028160909464,23,1,0,0,1.2293500992336772,0.01
4463,184.26559070847907,21,1,0,0,1.4936141282828288,0.01
4464,134.46970899939052,12,1,0,0,1.33305184433903,0.01
4465,106.25998157640275,3,1,0,0,1.4601929612047613,0.01
4466,194.4744024181176,34,1,0,0,1.2747220302687585,0.01
4467,182.9634433948636,32,1,0,0,1.4251634365513355,0.01
4468,160.04701235470043,19,1,0,0,1.2460083548758496,0.01
4469,218.09592791748412,39,1,0,0,1.363534827640458,0.01
4470,171.26763999587752,19,1,0,0,1.3508081224752337,0.01
4471,165.36275527379934,21,1,0,0,1.3721738713719533,0.01
4472,153.05032799361948,20,1,0,0,1.4437015237774056,0.01
4473,171.14273628472466,20,1,0,0,1.2017283140165114,0.01
4474,145.1155377503859,19,1,0,0,1.1624826726956536,0.01
4475,166.38041947194432,19,1,0,0,1.466528995258447,0.01
4476,193.83817010802497,40,1,0,0,1.4807730677728201,0.01
4477,215.10468512572945,44,1,0,0,1.240984936183731,0.01
4478,193.7703404807072,22,1,0,0,1.4172902994657641,0.01
4479,120.81118046959625,17,1,0,0,1.3311931527944818,0.01
4480,251.28956887820112,43,1,0,0,1.2484080436182237,0.01
4481,228.92640711912426,41,1,0,0,1.4882206204624546,0.01
4482,116.66106135939205,6,1,0,0,1.2963599991056822,0.01
4483,161.301647434872,22,1,0,0,1.4596495182086184,0.01
4484,189.3578823227452,31,1,0,0,1.2676215807877478,0.01
4485,159.09861581823563,24,1,0,0,1.428596801135968,0.01
4486,160.18102754718723,20,1,0,0,1.0619585461558925,0.01
4487,222.9289037671127,39,1,0,0,1.402093013598515,0.01
4488,155.6851967357755,21,1,0,0,1.2372352146623005,0.01
4489,155.37159691266294,21,1,0,0,1.45068018853011,0.01
4490,189.8040649288548,26,1,0,0,1.1895153303806594,0.01
4491,188.0348800646355,32,1,0,0,1.4288805352793612,0.01
4492,114.65185501864157,5,1,0,0,1.2663381847012845,0.01
4493,159.16179530586555,18,1,0,0,1.48623225901429,0.01
4494,-50.0,1,0,1,0,2.8928712130546734,0.01
4495,148.2406835438487,20,1,0,0,1.2211234610667008,0.01
4496,166.5277672220908,18,1,0,0,1.3059140858458882,0.01
4497,166.00147822151834,22,1,0,0,1.305323101025354,0.01
4498,110.55009907767173,13,1,0,0,1.3815384788153369,0.01
4499,144.42446102711722,15,1,0,0,1.482795345247014,0.01
4500,205.01606667153794,28,1,0,0,1.4040911249741057,0.01
4501,141.42503418030066,17,1,0,0,1.0702766852076369,0.01
4502,170.40452513104802,22,1,0,0,1.2429725165394716,0.01
4503,119.17049172568943,9,1,0,0,1.4886443174060373,0.01
4504,178.86051735636417,32,1,0,0,1.3287942792340994,0.01
4505,204.03822340746117,26,1,0,0,1.4172811212788756,0.01
4506,168.18507698392284,19,1,0,0,1.227819629591788,0.01
4507,188.5772280601087,34,1,0,0,1.4723498451352102,0.01
4508,168.82751039451887,24,1,0,0,1.1601251479226573,0.01
4509,188.3924914032125,23,1,0,0,1.2993535406478853,0.01
4510,173.35900916559905,22,1,0,0,1.3889707315698667,0.01
4511,147.04180996849885,18,1,0,0,1.2919994600433566,0.01
4512,249.35680775146022,49,1,0,0,1.4950827048085769,0.01
4513,52.57402091992651,200,0,0,1,1.9643365469001328,0.01
4514,138.03284340061055,16,1,0,0,1.4450176307531655,0.01
4515,-50.0,1,0,1,0,5.290293281530149,0.01
4516,184.83943759902587,36,1,0,0,1.463313249054131,0.01
4517,231.68145268931173,84,1,0,0,1.49887722356022,0.01
4518,180.7248059199188,21,1,0,0,1.2589084233247674,0.01
4519,135.9245137818958,15,1,0,0,1.4055696053634597,0.01
4520,-50.0,1,0,1,0,3.437422430634983,0.01
4521,177.80225286852558,20,1,0,0,1.464470535640083,0.01
4522,153.64739598047376,18,1,0,0,1.4604380974052213,0.01
4523,182.52587298724626,35,1,0,0,1.4658173574360063,0.01
4524,150.5285004915773,28,1,0,0,1.3187779740732164,0.01
4525,194.06665627531154,23,1,0,0,1.226677716514223,0.01
4526,239.50367214085293,48,1,0,0,1.324929466155066,0.01
4527,147.38210586015026,190,1,0,0,1.481600055255088,0.01
4528,207.66216501347554,26,1,0,0,1.4522137996628715,0.01
4529,150.89489109277872,15,1,0,0,1.4704781270296203,0.01
4530,157.18679836742987,20,1,0,0,1.2550313403233395,0.01
4531,239.25716205272275,43,1,0,0,1.3313608536263173,0.01
4532,145.24906991529403,20,1,0,0,1.37038741913979,0.01
4533,155.99448028770428,22,1,0,0,1.4640692147404737,0.01
4534,143.90045712530826,13,1,0,0,1.2435757831420082,0.01
4535,161.45853681596157,26,1,0,0,1.172461390777609,0.01
4536,149.9343127670415,19,1,0,0,1.3751694277421334,0.01
4537,185.75284392373334,24,1,0,0,1.3819861984393296,0.01
4538,187.99320904315783,24,1,0,0,1.3438388637387717,0.01
4539,73.24762413894231,200,0,0,1,2.6982847155666305,0.01
4540,194.88533309340403,27,1,0,0,1.3862735178590204,0.01
4541,178.4108801234362,26,1,0,0,1.4556509066386216,0.01
4542,157.3806661026044,21,1,0,0,1.1979421378767399,0.01
4543,177.68268778024895,28,1,0,0,1.2986004574386483,0.01
4544,183.08363208524833,25,1,0,0,1.1272926957783034,0.01
4545,187.63848497364717,26,1,0,0,1.4631594477652605,0.01
4546,234.63038866600587,35,1,0,0,1.4512030492253154,0.01
4547,161.58234960424838,27,1,0,0,1.365168691057955,0.01
4548,166.44952083935627,17,1,0,0,1.2079695467412088,0.01
4549,149.44195062905428,13,1,0,0,1.462424395124133,0.01
4550,171.35728177526715,19,1,0,0,1.2446109699168826,0.01
4551,138.1365769938447,13,1,0,0,1.2566921661907038,0.01
4552,240.22965645771467,38,1,0,0,1.4210023318783578,0.01
4553,132.1013566859732,10,1,0,0,1.1543882018384144,0.01
4554,228.10281096298274,45,1,0,0,1.2878352570766811,0.01
4555,188.72024759233284,27,1,0,0,1.3420841436279525,0.01
4556,146.53665545006086,18,1,0,0,1.4748285095250857,0.01
4557,146.1245942744212,34,1,0,0,1.3121485082676019,0.01
4558,162.73742656766856,33,1,0,0,1.3509038896810437,0.01
4559,151.86188585992934,17,1,0,0,1.3051056956841631,0.01
4560,196.61856541258564,43,1,0,0,1.3087555657968368,0.01
4561,179.3979903210515,26,1,0,0,1.401951346490174,0.01
4562,150.95251834533798,15,1,0,0,1.4761396549277581,0.01
4563,164.44863787536784,21,1,0,0,1.2424184558158788,0.01
4564,204.75473193163413,31,1,0,0,1.3818113580126177,0.01
4565,139.37887981279263,21,1,0,0,1.4882165398389657,0.01
4566,190.66553717014602,40,1,0,0,1.3708780649102483,0.01
4567,181.4778480181223,20,1,0,0,1.386199587851646,0.01
4568,147.39878703623003,15,1,0,0,1.1495078670330259,0.01
4569,164.04526696291714,22,1,0,0,1.2885819439389254,0.01
4570,189.44901903740666,23,1,0,0,1.3403371798093435,0.01
4571,175.49459648101646,20,1,0,0,1.494485655864772,0.01
4572,190.54221883866435,28,1,0,0,1.375445693007697,0.01
4573,161.76448188205885,24,1,0,0,1.3933574593353477,0.01
4574,160.5408918011788,23,1,0,0,1.4137087842834988,0.01
4575,204.42529026300596,49,1,0,0,1.4999785384206283,0.01
4576,138.530305714613,25,1,0,0,1.2804538949967081,0.01
4577,163.52380307805785,30,1,0,0,1.470135594611031,0.01
4578,139.79474677952757,12,1,0,0,1.3230457045516228,0.01
4579,97.76887027464257,2,1,0,0,1.2255080924389372,0.01
4580,200.23051404314657,28,1,0,0,1.380928389612256,0.01
4581,165.33866464535453,31,1,0,0,1.4446472715868768,0.01
4582,152.79440091020194,13,1,0,0,1.2776632687350822,0.01
4583,168.6463509314242,23,1,0,0,1.339063013327944,0.01
4584,156.35580363785778,22,1,0,0,1.4578338905261923,0.01
4585,231.76822861485178,35,1,0,0,1.2876311747759703,0.01
4586,180.15324128200942,26,1,0,0,1.403448599173475,0.01
4587,164.96465287102134,25,1,0,0,1.3916666890149751,0.01
4588,143.79846507022606,16,1,0,0,1.3275061790583953,0.01
4589,176.783096892199,30,1,0,0,1.2832958596680395,0.01
4590,205.79944471703618,35,1,0,0,1.2179752137034632,0.01
4591,205.61471165508067,33,1,0,0,1.2892931570095607,0.01
4592,193.91281688387875,38,1,0,0,1.3630319670382929,0.01
4593,160.5528310389821,22,1,0,0,1.2363403020899018,0.01
4594,199.23268525275572,35,1,0,0,1.3228611542702657,0.01
4595,155.95785973801907,19,1,0,0,1.4032252359933672,0.01
4596,31.898949117356626,200,0,0,1,2.859288491932426,0.01
4597,184.91846599836427,30,1,0,0,1.4721337277998379,0.01
4598,200.25797750320055,36,1,0,0,1.4275048799889252,0.01
4599,206.07758138315057,34,1,0,0,1.4096501431478845,0.01
4600,152.17625890520264,20,1,0,0,1.4529798055532572,0.01
4601,146.54939786655459,17,1,0,0,1.3640172450387829,0.01
4602,156.18464050733104,17,1,0,0,1.3763977126307212,0.01
4603,203.85125339816346,119,1,0,0,1.4491995701934057,0.01
4604,248.82833529749598,49,1,0,0,1.350053795397963,0.01
4605,131.88859116090714,9,1,0,0,1.3624490193915695,0.01
4606,126.76569647848878,11,1,0,0,1.3847296163003053,0.01
4607,230.0134142073636,59,1,0,0,1.3167288150177734,0.01
4608,208.8734073054789,25,1,0,0,1.229447698586556,0.01
4609,193.41995345135183,23,1,0,0,1.4697621054371401,0.01
4610,188.78113031830918,25,1,0,0,1.369369793889499,0.01
4611,194.6132980325743,26,1,0,0,1.4987245622361693,0.01
4612,194.4100463961197,23,1,0,0,1.2292877065182939,0.01
4613,111.23399377853154,11,1,0,0,1.3575438295566935,0.01
4614,198.4103857229536,32,1,0,0,1.3018305510987267,0.01
4615,132.49618523214252,16,1,0,0,1.2265231937502106,0.01
4616,177.4351925152328,26,1,0,0,1.4153089589964916,0.01
4617,194.5845589818449,23,1,0,0,1.4628617717898056,0.01
4618,182.33392662559868,25,1,0,0,1.413869567982852,0.01
4619,197.73142232002823,23,1,0,0,1.1911325397603714,0.01
4620,134.900833644621,11,1,0,0,1.2588497630947932,0.01
4621,218.09269050662917,39,1,0,0,1.4763430541629121,0.01
4622,118.11727309860876,10,1,0,0,1.299030741651084,0.01
4623,120.60916569439853,147,1,0,0,1.4431870888427312,0.01
4624,176.3923097200061,23,1,0,0,1.428052893392161,0.01
4625,139.21533580759888,11,1,0,0,1.260133963632388,0.01
4626,115.5311084462039,26,1,0,0,1.2995539722282043,0.01
4627,125.85723341684063,18,1,0,0,1.282884065730021,0.01
4628,178.5860625011943,20,1,0,0,1.4726485368793916,0.01
4629,165.15954893583307,16,1,0,0,1.1930539537647689,0.01
4630,157.5317809519125,20,1,0,0,1.3421741246040477,0.01
4631,233.68668392000862,38,1,0,0,1.2202342121870329,0.01
4632,221.35007566632157,40,1,0,0,1.2134198682181117,0.01
4633,133.88886965048394,78,1,0,0,1.381902933527747,0.01
4634,178.60230527714697,23,1,0,0,1.2053721930783523,0.01
4635,214.60905940604698,30,1,0,0,1.3632492725738492,0.01
4636,229.6723779073687,46,1,0,0,1.4644331190133903,0.01
4637,149.7818060518091,22,1,0,0,1.3938583253645886,0.01
4638,151.85701648463407,19,1,0,0,1.412384917651577,0.01
4639,173.09095329979334,19,1,0,0,1.4510265682401127,0.01
4640,175.32092033658608,20,1,0,0,1.307339860746148,0.01
4641,196.8953446639936,26,1,0,0,1.3195740219450884,0.01
4642,183.837929756991,23,1,0,0,1.322555719058763,0.01
4643,179.05065540730146,29,1,0,0,1.4478859752278306,0.01
4644,168.7550888670757,21,1,0,0,1.1010203221681927,0.01
4645,100.90535890734708,13,1,0,0,1.491329452085997,0.01
4646,170.83133100825603,21,1,0,0,1.3127690896402624,0.01
4647,177.95787976632417,20,1,0,0,1.495408661085111,0.01
4648,256.9403244809396,48,1,0,0,1.3599846601495265,0.01
4649,153.64252486864223,19,1,0,0,1.2386276157242764,0.01
4650,200.02050672125682,34,1,0,0,1.4747693687403616,0.01
4651,164.14858755717086,20,1,0,0,1.4153070713636515,0.01
4652,40.87635719590511,200,0,0,1,2.82856898557062,0.01
4653,227.91168455591065,39,1,0,0,1.4182134600484775,0.01
4654,120.93598403184559,7,1,0,0,1.435703211485343,0.01
4655,259.8394403057312,51,1,0,0,1.4229121689806927,0.01
4656,144.10638344199137,170,1,0,0,1.2207768775911025,0.01
4657,172.50858424369096,25,1,0,0,1.2553620520019035,0.01
4658,221.71422011523077,59,1,0,0,1.4738733845194119,0.01
4659,164.66653370866038,22,1,0,0,1.474501377353106,0.01
4660,146.33451845573228,13,1,0,0,1.1791821369758626,0.01
4661,177.48125238587357,25,1,0,0,1.3237351032637905,0.01
4662,168.78292069110296,22,1,0,0,1.1509901758693415,0.01
4663,152.69782410919646,20,1,0,0,1.2624807978040147,0.01
4664,183.90280545780388,24,1,0,0,1.3922788802193014,0.01
4665,144.80199692519534,13,1,0,0,1.4854341840906875,0.01
4666,238.75987858461315,35,1,0,0,1.4200245769784745,0.01
4667,136.01364930811548,18,1,0,0,1.1910197453084985,0.01
4668,235.5742291688255,35,1,0,0,1.2449871700560988,0.01
4669,185.7108919888803,24,1,0,0,1.4037859672152522,0.01
4670,189.8478068297344,22,1,0,0,1.426135711310856,0.01
4671,158.59952958818997,22,1,0,0,1.498512614239952,0.01
4672,158.22488828081958,19,1,0,0,1.262234835159135,0.01
4673,181.27427295285753,24,1,0,0,1.3186123713989104,0.01
4674,154.84406531915522,22,1,0,0,1.4678382005971222,0.01
4675,151.37181888004332,14,1,0,0,1.4103579780673043,0.01
4676,100.0,1,1,0,0,0.8099865547830648,0.01
4677,180.16204867786547,22,1,0,0,1.3380269100934674,0.01
4678,200.2302261207829,27,1,0,0,1.3869427157403456,0.01
4679,155.36069565047796,14,1,0,0,1.1703683875333835,0.01
4680,163.94627526333474,21,1,0,0,1.4639164685690178,0.01
4681,163.0007796490716,19,1,0,0,1.2476766879772807,0.01
4682,169.24995568802,21,1,0,0,1.2411827240141065,0.01
4683,147.04278376068757,17,1,0,0,1.43155473529051,0.01
4684,194.02211370134245,24,1,0,0,1.4141801848077515,0.01
4685,185.29894595725835,21,1,0,0,1.3589658237439133,0.01
4686,210.84971398837038,37,1,0,0,1.3146293771104873,0.01
4687,169.49300941646624,26,1,0,0,1.4778567865240706,0.01
4688,209.2257571982525,34,1,0,0,1.3884528655199142,0.01
4689,136.29104458777596,16,1,0,0,1.4678782706649571,0.01
4690,208.29937909302708,28,1,0,0,1.4612528658718449,0.01
4691,136.98341967180122,16,1,0,0,1.1929937419088097,0.01
4692,147.80354810638377,18,1,0,0,1.2415466534811452,0.01
4693,131.71876181333047,56,1,0,0,1.4982033832936608,0.01
4694,161.7982875126099,18,1,0,0,1.3319186576356965,0.01
4695,189.2286402024132,27,1,0,0,1.3565715450324334,0.01
4696,181.93182780239363,29,1,0,0,1.23308229429687,0.01
4697,195.45806946649864,27,1,0,0,1.371068205669268,0.01
4698,144.39354949057514,34,1,0,0,1.48961277531822,0.01
4699,207.94085148846364,25,1,0,0,1.3959650722973864,0.01
4700,122.52188049117804,94,1,0,0,1.2610003039030577,0.01
4701,231.420332886736,44,1,0,0,1.4673211104288226,0.01
4702,186.86694787957543,21,1,0,0,1.262215915567212,0.01
4703,141.91243867576526,15,1,0,0,1.3217760331651844,0.01
4704,-50.0,1,0,1,0,1.7763383615673867,0.01
4705,185.4860801646373,22,1,0,0,1.4523514473221824,0.01
4706,131.44978485000382,10,1,0,0,1.3339635958247937,0.01
4707,254.30759522918103,50,1,0,0,1.4976113260784216,0.01
4708,182.45082988216095,27,1,0,0,1.4070974999183954,0.01
4709,27.837882812114557,200,0,0,1,2.0387381598386467,0.01
4710,167.4814487332056,21,1,0,0,1.4606619387442512,0.01
4711,131.2949523477858,18,1,0,0,1.2818107045997489,0.01
4712,100.56474886352969,191,1,0,0,1.499237134901224,0.01
4713,172.63971659939767,20,1,0,0,1.466592315948537,0.01
4714,177.53028668128076,24,1,0,0,1.3043423267208714,0.01
4715,227.44228281480707,38,1,0,0,1.2088829004619992,0.01
4716,149.25491892409974,12,1,0,0,1.4115243798828245,0.01
4717,137.49447533300707,12,1,0,0,1.2607473900530133,0.01
4718,172.266235907181,21,1,0,0,1.196495995941284,0.01
4719,171.84725994365516,18,1,0,0,1.4036733719010965,0.01
4720,-18.691085759556575,143,0,0,0,8.224190618573296,0.01
4721,144.0045158864756,200,0,0,1,2.3698622994050464,0.01
4722,148.99971220526444,16,1,0,0,1.2839169201529281,0.01
4723,200.94141321168513,118,1,0,0,1.4692480990906567,0.01
4724,247.67954525994514,181,1,0,0,1.498026499550376,0.01
4725,184.80467702286506,19,1,0,0,1.410563674749462,0.01
4726,252.76178826194376,48,1,0,0,1.3368162935151162,0.01
4727,156.12688187458662,19,1,0,0,1.342094568958618,0.01
4728,187.348917349111,23,1,0,0,1.1760440876253437,0.01
4729,132.05469787724815,12,1,0,0,1.3720852930510858,0.01
4730,151.52272975656518,15,1,0,0,1.3651117620065532,0.01
4731,177.5172078518973,35,1,0,0,1.4223622826075617,0.01
4732,177.12726680960782,23,1,0,0,1.4096462976017734,0.01
4733,162.1832498866195,16,1,0,0,1.1709035461756325,0.01
4734,251.50602864041952,173,1,0,0,1.4965048357989938,0.01
4735,190.4342682131084,23,1,0,0,1.2415373241688523,0.01
4736,166.01899471709015,20,1,0,0,1.2129886237565217,0.01
4737,-50.0,1,0,1,0,2.470679845853799,0.01
4738,185.01908743466691,22,1,0,0,1.4943192514452128,0.01
4739,139.93586944354877,13,1,0,0,1.3450812244251318,0.01
4740,246.6083678639354,49,1,0,0,1.400097899532023,0.01
4741,153.9382355802921,14,1,0,0,1.2662361721759225,0.01
4742,148.73813944347853,17,1,0,0,1.4439730416441021,0.01
4743,155.46984097606418,22,1,0,0,1.4442853049113071,0.01
4744,166.95229114494128,24,1,0,0,1.36896012378777,0.01
4745,189.7499276751671,22,1,0,0,1.4081978181654486,0.01
4746,16.71301052078359,200,0,0,1,2.6478161155601274,0.01
4747,145.1491761232537,26,1,0,0,1.3853610890840289,0.01
4748,176.02449747667112,24,1,0,0,1.3212927805333796,0.01
4749,125.54534878304172,15,1,0,0,1.3789290658939934,0.01
4750,202.35469276418223,35,1,0,0,1.3795937935074551,0.01
4751,118.44045219801932,200,0,0,1,2.989622451913626,0.01
4752,151.90747838034372,23,1,0,0,1.4348620036142348,0.01
4753,243.0779979183852,50,1,0,0,1.4413438536318934,0.01
4754,186.9957512286888,31,1,0,0,1.4853729245580112,0.01
4755,174.86357359882146,22,1,0,0,1.3321478558053237,0.01
4756,174.2291988439939,18,1,0,0,1.3546145801998797,0.01
4757,204.37194273319835,36,1,0,0,1.3835729504476435,0.01
4758,155.16310797918283,26,1,0,0,1.3019457540561514,0.01
4759,152.07971707779427,21,1,0,0,1.40349804664537,0.01
4760,166.7502679698821,22,1,0,0,1.3822011023674308,0.01
4761,192.3097815977679,28,1,0,0,1.354843761669927,0.01
4762,202.4078356683609,23,1,0,0,1.3509240869172354,0.01
4763,121.47596873668857,16,1,0,0,1.2541592679731108,0.01
4764,192.9546173468677,26,1,0,0,1.2516190711965773,0.01
4765,201.19368207861822,23,1,0,0,1.4624238163593868,0.01
4766,103.84340225291118,5,1,0,0,1.135412584154819,0.01
4767,169.3803305610805,20,1,0,0,1.2310882106688714,0.01
4768,138.41473000238148,12,1,0,0,1.0336454248399052,0.01
4769,171.64217140554751,27,1,0,0,1.3589259028129328,0.01
4770,171.22323222665142,25,1,0,0,1.2929457670136657,0.01
4771,176.45585268088305,22,1,0,0,1.2608393661341502,0.01
4772,159.24774530233887,23,1,0,0,1.1603164038784617,0.01
4773,187.6341585347779,30,1,0,0,1.2780762853661483,0.01
4774,193.73567080444917,24,1,0,0,1.3374203247293368,0.01
4775,185.1519974802937,21,1,0,0,1.2810522617110025,0.01
4776,145.01961145124622,22,1,0,0,1.4945756062780156,0.01
4777,161.50630855020424,20,1,0,0,1.350638872632929,0.01
4778,139.5520896235451,13,1,0,0,1.372519732812615,0.01
4779,173.82321835570525,18,1,0,0,1.3849511374049996,0.01
4780,207.19098045423874,35,1,0,0,1.4156725135672679,0.01
4781,204.05802310808534,36,1,0,0,1.1721874589107812,0.01
4782,168.2698901115299,21,1,0,0,1.3329521529967838,0.01
4783,198.1367411827597,24,1,0,0,1.2638023922676451,0.01
4784,157.23195613321604,16,1,0,0,1.400998615563232,0.01
4785,125.87925908115619,13,1,0,0,1.2941848061106878,0.01
4786,158.5459995640766,18,1,0,0,1.2879517089697319,0.01
4787,168.63629768649008,26,1,0,0,1.4032210350036007,0.01
4788,208.621909271586,28,1,0,0,1.224912546421393,0.01
4789,156.64499760585383,18,1,0,0,1.183554543433778,0.01
4790,208.58425661839578,34,1,0,0,1.2707959660291541,0.01
4791,156.34005433551212,15,1,0,0,1.427226596154697,0.01
4792,114.98884961205272,5,1,0,0,1.4125357589067076,0.01
4793,135.0686231129469,13,1,0,0,1.4095908605065648,0.01
4794,173.13219732125808,22,1,0,0,1.3855197660660188,0.01
4795,195.5806846124288,26,1,0,0,1.344265968102237,0.01
4796,116.13375563365595,34,1,0,0,1.3394221994313629,0.01
4797,146.17720243539358,21,1,0,0,1.433890883392047,0.01
4798,130.06102064542029,10,1,0,0,1.4165591667289013,0.01
4799,160.60823544917557,19,1,0,0,1.1404781938421342,0.01
4800,177.55459470957976,21,1,0,0,1.4850185860524172,0.01
4801,179.05861286345672,27,1,0,0,1.3884214279199845,0.01
4802,102.16386489835459,5,1,0,0,1.1318022596574495,0.01
4803,207.57404302875844,28,1,0,0,1.227945145544608,0.01
4804,222.38034805306663,87,1,0,0,1.4992696038442108,0.01
4805,245.22088331755432,46,1,0,0,1.452748495436276,0.01
4806,175.43645000077055,27,1,0,0,1.4738145203168023,0.01
4807,188.45535334488676,25,1,0,0,1.377713816245986,0.01
4808,153.1972522655825,22,1,0,0,1.2674681884769003,0.01
4809,193.12324691589987,32,1,0,0,1.1187599837958673,0.01
4810,243.45698791767117,49,1,0,0,1.4006106564967808,0.01
4811,141.40917364641552,19,1,0,0,1.2387675014247717,0.01
4812,176.92442495730143,27,1,0,0,1.2853573846901625,0.01
4813,140.42441621652478,14,1,0,0,1.3870560849302978,0.01
4814,150.26696247459668,17,1,0,0,1.4997915907285126,0.01
4815,96.75377761652952,200,0,0,1,2.8061463253764103,0.01
4816,135.2761939554613,17,1,0,0,1.2688941845861859,0.01
4817,166.8274716244488,21,1,0,0,1.2678318439039684,0.01
4818,231.7176604352444,44,1,0,0,1.3942012666131518,0.01
4819,-50.0,1,0,1,0,4.233105093311505,0.01
4820,156.147249611011,15,1,0,0,1.1279772167423887,0.01
4821,191.5984168585265,26,1,0,0,1.375144968626507,0.01
4822,130.3769264446668,200,0,0,1,2.5729658479296553,0.01
4823,138.46434593776908,200,0,0,1,2.383459006961288,0.01
4824,150.88321871911003,81,1,0,0,1.4823862215367953,0.01
4825,188.20198218119938,24,1,0,0,1.286505880343066,0.01
4826,157.67699087575727,18,1,0,0,1.3328765294427891,0.01
4827,156.99641666844352,19,1,0,0,1.4996185810125247,0.01
4828,229.08356656002044,39,1,0,0,1.4856068298277276,0.01
4829,202.7810538101711,33,1,0,0,1.4062376160787284,0.01
4830,177.039528850755,22,1,0,0,1.357718086512404,0.01
4831,200.01103049158942,29,1,0,0,1.4900449795054564,0.01
4832,147.65252694725228,14,1,0,0,1.3750273800205368,0.01
4833,205.12885952732347,23,1,0,0,1.3529200901378327,0.01
4834,186.65278012405128,22,1,0,0,1.399084966236032,0.01
4835,229.1102880275999,43,1,0,0,1.2482685618798555,0.01
4836,166.95799950446155,21,1,0,0,1.386883025893402,0.01
4837,152.24165164900842,18,1,0,0,1.4861737259424461,0.01
4838,181.05777509327731,25,1,0,0,1.4015148966722446,0.01
4839,144.34794549476493,58,1,0,0,1.4872122752510415,0.01
4840,139.54911895017304,16,1,0,0,1.3874187361104584,0.01
4841,171.20864952890673,25,1,0,0,1.325267900534299,0.01
4842,-50.0,1,0,1,0,4.909909497649142,0.01
4843,221.58848244266062,39,1,0,0,1.3792427493288253,0.01
4844,179.9414181988051,24,1,0,0,1.079106220288467,0.01
4845,157.4863965636049,28,1,0,0,1.2461539727974718,0.01
4846,172.14468851217364,24,1,0,0,1.463009868772666,0.01
4847,151.50059679450817,14,1,0,0,1.1634307639987926,0.01
4848,175.7770355184033,28,1,0,0,1.1576728195082842,0.01
4849,208.25646496560555,36,1,0,0,1.2353793864027878,0.01
4850,264.74001143476875,53,1,0,0,1.4211145876724771,0.01
4851,196.4750578292161,27,1,0,0,1.121282796552706,0.01
4852,133.4277374725898,10,1,0,0,1.4223587853064679,0.01
4853,138.54014954138606,13,1,0,0,1.4637363953506373,0.01
4854,100.0,1,1,0,0,1.4296874307005036,0.01
4855,231.0047573416971,38,1,0,0,1.3000672726890201,0.01
4856,201.3241014259542,36,1,0,0,1.3776469748614801,0.01
4857,126.94768767053185,16,1,0,0,1.2663315939601871,0.01
4858,165.05031099570974,21,1,0,0,1.1752321254735836,0.01
4859,197.36506205196596,23,1,0,0,1.2102024216797418,0.01
4860,178.9277535100255,23,1,0,0,1.4910197846694828,0.01
4861,106.58568007964037,40,1,0,0,1.408632766768118,0.01
4862,188.6433223417116,28,1,0,0,1.4402457334432086,0.01
4863,161.46843675186827,23,1,0,0,1.3356339824544206,0.01
4864,166.19472673268876,33,1,0,0,1.4932570671457286,0.01
4865,262.3966618098304,60,1,0,0,1.4944817624458295,0.01
4866,223.1832891144564,35,1,0,0,1.2191176053235449,0.01
4867,240.81032934737155,38,1,0,0,1.365294638188113,0.01
4868,152.9846831248255,15,1,0,0,1.3627385782749664,0.01
4869,145.05803266852433,13,1,0,0,1.1635192200699103,0.01
4870,145.72789029956874,20,1,0,0,1.2672923466821298,0.01
4871,134.71919456901026,11,1,0,0,1.4458158730140531,0.01
4872,192.99005408244938,27,1,0,0,1.2919559900588482,0.01
4873,231.28938623437458,44,1,0,0,1.2112400501824945,0.01
4874,138.01382317129026,18,1,0,0,1.4106900217555116,0.01
4875,104.24651974960953,29,1,0,0,1.475088457886223,0.01
4876,249.06079794218522,47,1,0,0,1.2993024365869579,0.01
4877,86.20468830202417,92,1,0,0,1.423973633646827,0.01
4878,159.34053067999426,22,1,0,0,1.132482770721545,0.01
4879,160.5119350011711,17,1,0,0,1.3382140997121448,0.01
4880,147.64635755238652,16,1,0,0,1.2945790736202036,0.01
4881,159.7189899905001,15,1,0,0,1.4735649366254722,0.01
4882,164.29176317592544,19,1,0,0,1.2622248171438917,0.01
4883,192.55503897768222,31,1,0,0,1.2174429090112928,0.01
4884,223.8270207308493,39,1,0,0,1.3800992547841036,0.01
4885,194.35072676516148,30,1,0,0,1.467043571933982,0.01
4886,157.51501946103872,16,1,0,0,1.49527343853709,0.01
4887,160.86863744356313,23,1,0,0,1.3609377635037234,0.01
4888,155.81529015378686,20,1,0,0,1.458596181206021,0.01
4889,219.0187987503634,75,1,0,0,1.4747707873352742,0.01
4890,145.2077876120291,14,1,0,0,1.494715575409,0.01
4891,201.6432272765481,31,1,0,0,1.4325807527217096,0.01
4892,155.8222099723527,15,1,0,0,1.3238749558332918,0.01
4893,134.90148411678396,18,1,0,0,1.3466005962835874,0.01
4894,194.07984428309464,26,1,0,0,1.407676138301424,0.01
4895,111.44739740464834,4,1,0,0,1.4971306122050998,0.01
4896,182.62816491058558,27,1,0,0,1.4172865449372003,0.01
4897,159.79307605766252,16,1,0,0,1.3494071080954189,0.01
4898,254.56558884690682,51,1,0,0,1.3965121015173827,0.01
4899,188.52217922204156,21,1,0,0,1.1093214202434833,0.01
4900,168.3208447021275,18,1,0,0,1.2020076782335682,0.01
4901,220.54593011188945,41,1,0,0,1.2850705479711462,0.01
4902,141.9129040854369,19,1,0,0,1.4463755333477155,0.01
4903,175.06291645818595,24,1,0,0,1.450453563224698,0.01
4904,173.01507612058217,25,1,0,0,1.2093543405485614,0.01
4905,175.93043535838848,20,1,0,0,1.3174857724439748,0.01
4906,171.79735831902087,22,1,0,0,1.2230314299495575,0.01
4907,142.86000927583868,13,1,0,0,1.2585281266850639,0.01
4908,117.87699223718553,10,1,0,0,1.4825337954102502,0.01
4909,170.31261771972243,36,1,0,0,1.2441008595997467,0.01
4910,133.2653578754722,109,1,0,0,1.440277916300449,0.01
4911,171.47148190094765,26,1,0,0,1.3468143917322295,0.01
4912,181.3468657174487,25,1,0,0,1.40032233863064,0.01
4913,136.8187279720601,11,1,0,0,1.4459251458441256,0.01
4914,233.88870000566754,45,1,0,0,1.3621167824288523,0.01
4915,132.82670979876846,10,1,0,0,1.2844551326559277,0.01
4916,126.52723939281456,9,1,0,0,1.31685601922153,0.01
4917,173.2991640880512,20,1,0,0,1.3722894737502742,0.01
4918,199.98350516015495,36,1,0,0,1.3374738837408966,0.01
4919,131.33232399294891,8,1,0,0,1.3482715908860017,0.01
4920,171.24616282007528,23,1,0,0,1.3785502580112012,0.01
4921,184.63702053754875,24,1,0,0,1.418772239102726,0.01
4922,210.18345249947612,32,1,0,0,1.2649042332024483,0.01
4923,266.394139625814,50,1,0,0,1.2894101603221482,0.01
4924,161.0004915038765,18,1,0,0,1.1954639164111458,0.01
4925,153.09240011543477,14,1,0,0,1.3392046218278548,0.01
4926,162.0273957596864,21,1,0,0,1.3113661890442114,0.01
4927,170.37803179682743,20,1,0,0,1.4488746381318478,0.01
4928,154.92722221328063,17,1,0,0,1.3153192142475811,0.01
4929,3.21384908156152,200,0,0,1,2.4776691915122684,0.01
4930,185.6782209289055,21,1,0,0,1.464708360435099,0.01
4931,144.51203282213189,17,1,0,0,1.464802720142178,0.01
4932,79.8354596850107,200,0,0,1,1.7543226175672668,0.01
4933,134.10577336356118,15,1,0,0,1.345655490952454,0.01
4934,177.20995909074895,25,1,0,0,1.4743701302845906,0.01
4935,135.9242298974519,15,1,0,0,1.361977426678212,0.01
4936,-11.096598337415164,200,0,0,1,2.5648557208872536,0.01
4937,179.50806515206904,26,1,0,0,1.4981303308744918,0.01
4938,152.88492133338596,15,1,0,0,1.211703428954804,0.01
4939,194.49124633823357,22,1,0,0,1.3872866388823328,0.01
4940,140.85435000271787,13,1,0,0,1.2243883317934317,0.01
4941,-50.0,1,0,1,0,7.669729631592104,0.01
4942,174.02775129934415,19,1,0,0,1.3980112857955787,0.01
4943,155.3566949223012,14,1,0,0,1.342022002342329,0.01
4944,155.0891377778643,20,1,0,0,1.3045431968302401,0.01
4945,190.59799534754097,32,1,0,0,1.449436530115577,0.01
4946,163.85173559819708,24,1,0,0,1.4320992105837569,0.01
4947,-50.0,1,0,1,0,3.312011787653594,0.01
4948,134.93085760885052,13,1,0,0,1.3844182777920586,0.01
4949,121.63713129705923,181,1,0,0,1.498187276492646,0.01
4950,219.44113015622221,37,1,0,0,1.4063455594499428,0.01
4951,150.80545829464216,21,1,0,0,1.1837694954091706,0.01
4952,88.5078572669719,200,0,0,1,2.633894325943169,0.01
4953,154.30600860674258,23,1,0,0,1.4797979074474277,0.01
4954,206.31246302872626,28,1,0,0,1.3800606717401618,0.01
4955,250.8369967194007,55,1,0,0,1.3244837146766717,0.01
4956,138.34225105635224,18,1,0,0,1.2979092142031035,0.01
4957,161.91879547049874,17,1,0,0,1.300308148950244,0.01
4958,132.46680933978683,11,1,0,0,1.190459807728619,0.01
4959,185.22112571874476,28,1,0,0,1.2128961714948463,0.01
4960,204.18984751309347,29,1,0,0,1.3188502267097053,0.01
4961,178.15783357916283,27,1,0,0,1.316408420971036,0.01
4962,120.30094934348489,10,1,0,0,1.395344315749977,0.01
4963,157.16871478792734,22,1,0,0,1.3240416963166366,0.01
4964,159.63451231168852,17,1,0,0,1.2575635192539356,0.01
4965,165.04829577940444,23,1,0,0,1.193061149570856,0.01
4966,-50.0,1,0,1,0,3.6985638182914227,0.01
4967,183.40744273506198,33,1,0,0,1.4889544272673896,0.01
4968,198.58677559182124,27,1,0,0,1.3601473933337866,0.01
4969,200.05632417897112,26,1,0,0,1.2406085071851478,0.01
4970,164.60025250227426,21,1,0,0,1.3923249189273825,0.01
4971,199.04394866005626,24,1,0,0,1.297602327709857,0.01
4972,187.02279229943298,23,1,0,0,1.2723532064123035,0.01
4973,162.48073277635828,24,1,0,0,1.3811533360029813,0.01
4974,152.4848321659763,19,1,0,0,1.365139162108641,0.01
4975,242.93749236217232,49,1,0,0,1.233114536977913,0.01
4976,175.42524456978788,21,1,0,0,1.2407391204004323,0.01
4977,271.66497211950514,52,1,0,0,1.497578196173855,0.01
4978,182.10110963601358,25,1,0,0,1.269251046306814,0.01
4979,141.96590179124598,18,1,0,0,1.2156671165848403,0.01
4980,223.9824730532244,34,1,0,0,1.3659933190977962,0.01
4981,164.67742520968358,17,1,0,0,1.2824789211945289,0.01
4982,143.50407762735438,15,1,0,0,1.2466698470843847,0.01
4983,12.999480559988733,200,0,0,1,2.990313085402842,0.01
4984,178.20761507469416,22,1,0,0,1.3549142649530517,0.01
4985,182.9550053708597,22,1,0,0,1.2200096005918661,0.01
4986,126.40251708559013,11,1,0,0,1.3047515748491376,0.01
4987,207.5265072381822,31,1,0,0,1.3195757256703502,0.01
4988,196.7006786186194,26,1,0,0,1.3611580595362869,0.01
4989,187.637621011254,24,1,0,0,1.3220912518550656,0.01
4990,138.20410182459776,12,1,0,0,1.066030297225188,0.01
4991,148.6744695436962,17,1,0,0,1.4832490198866373,0.01
4992,157.48453209546759,16,1,0,0,1.2400579047184568,0.01
4993,160.25190814014886,19,1,0,0,1.3610609847617003,0.01
4994,127.435391805483,11,1,0,0,1.4157204790751798,0.01
4995,169.06116594192483,22,1,0,0,1.3342598891362454,0.01
4996,174.4843880559361,27,1,0,0,1.3850378322305394,0.01
4997,209.00541967154365,35,1,0,0,1.2303405695674479,0.01
4998,177.8311996625949,26,1,0,0,1.3041522086787676,0.01
4999,154.85623119133905,18,1,0,0,1.4710186189980192,0.01
