episode,reward,steps,run_id,smoothed_reward_run
0,-154.83785774813052,200,training_log_TD3_20260328_114546.csv,-154.83785774813052
1,-132.54205517297302,200,training_log_TD3_20260328_114546.csv,-143.68995646055177
2,-121.4793272782573,200,training_log_TD3_20260328_114546.csv,-136.28641339978694
3,-98.65814435121116,200,training_log_TD3_20260328_114546.csv,-126.879346137643
4,-99.14508325057672,200,training_log_TD3_20260328_114546.csv,-121.33249356022975
5,-164.70900860118934,81,training_log_TD3_20260328_114546.csv,-128.561912733723
6,164.21761570492316,15,training_log_TD3_20260328_114546.csv,-86.7362658139164
7,-166.0251137263773,59,training_log_TD3_20260328_114546.csv,-96.64737180297402
8,-188.4272517387477,62,training_log_TD3_20260328_114546.csv,-106.84513624028222
9,-211.46952099632347,45,training_log_TD3_20260328_114546.csv,-117.30757471588633
10,-133.47673651224704,42,training_log_TD3_20260328_114546.csv,-118.7774985155555
11,-180.61207091197525,56,training_log_TD3_20260328_114546.csv,-123.93037954859047
12,-194.38089675862471,54,training_log_TD3_20260328_114546.csv,-129.3496501032085
13,-182.8204259329182,50,training_log_TD3_20260328_114546.csv,-133.16899123390203
14,-32.85015888304697,39,training_log_TD3_20260328_114546.csv,-126.48106907717836
15,-151.79157290770496,45,training_log_TD3_20260328_114546.csv,-128.0629755665863
16,-73.96527634979134,55,training_log_TD3_20260328_114546.csv,-124.88075796559833
17,-144.63946931771238,39,training_log_TD3_20260328_114546.csv,-125.97846415182691
18,-275.6495748622386,56,training_log_TD3_20260328_114546.csv,-133.85589103132224
19,-29.705119303774183,54,training_log_TD3_20260328_114546.csv,-128.64835244494483
20,-208.12397864741365,36,training_log_TD3_20260328_114546.csv,-131.312658489909
21,-169.16707299041246,45,training_log_TD3_20260328_114546.csv,-133.143909380781
22,8.199675983827717,43,training_log_TD3_20260328_114546.csv,-126.65995921767671
23,-44.17218681578952,40,training_log_TD3_20260328_114546.csv,-123.93566134090565
24,-135.7310682177524,54,training_log_TD3_20260328_114546.csv,-125.76496058926443
25,-146.31879921862725,42,training_log_TD3_20260328_114546.csv,-124.84545012013632
26,-185.350096460284,39,training_log_TD3_20260328_114546.csv,-142.32383572839666
27,-131.03693349432316,41,training_log_TD3_20260328_114546.csv,-140.574426716794
28,-216.11515946999933,50,training_log_TD3_20260328_114546.csv,-141.95882210335657
29,-196.68484821971128,38,training_log_TD3_20260328_114546.csv,-141.21958846452594
30,-122.07369284791884,47,training_log_TD3_20260328_114546.csv,-140.64943628130953
31,-226.5308925879912,45,training_log_TD3_20260328_114546.csv,-142.94537736511035
32,-79.97123513246697,41,training_log_TD3_20260328_114546.csv,-137.22489428380246
33,-283.6349318620295,55,training_log_TD3_20260328_114546.csv,-142.26561958025803
34,-128.6768406693384,38,training_log_TD3_20260328_114546.csv,-147.05695366957258
35,-179.13474414651114,39,training_log_TD3_20260328_114546.csv,-148.42411223151288
36,-116.9369079953886,56,training_log_TD3_20260328_114546.csv,-150.57269381379277
37,-147.2689633829137,49,training_log_TD3_20260328_114546.csv,-150.7041685170528
38,-166.50150435508755,53,training_log_TD3_20260328_114546.csv,-145.24676499169527
39,-218.5669395548336,65,training_log_TD3_20260328_114546.csv,-154.68985600424827
40,-158.23195172581694,63,training_log_TD3_20260328_114546.csv,-152.19525465816838
41,-180.5515621853888,100,training_log_TD3_20260328_114546.csv,-152.7644791179172
42,-132.6502588885506,110,training_log_TD3_20260328_114546.csv,-159.80697586153616
43,35.33556122960987,200,training_log_TD3_20260328_114546.csv,-155.83158845926616
44,-1.708504663265088,200,training_log_TD3_20260328_114546.csv,-149.13046028154181
45,80.87117306459812,200,training_log_TD3_20260328_114546.csv,-137.77096166738053
46,156.82055548200586,40,training_log_TD3_20260328_114546.csv,-120.66242907026606
47,7.558640424289454,200,training_log_TD3_20260328_114546.csv,-113.7326503743354
48,25.398592651349222,200,training_log_TD3_20260328_114546.csv,-101.65696276826799
49,167.36919982362602,23,training_log_TD3_20260328_114546.csv,-83.45426036610111
50,54.223061275479104,200,training_log_TD3_20260328_114546.csv,-74.63942265993123
51,11.441721347314967,200,training_log_TD3_20260328_114546.csv,-62.740791963165904
52,189.72014198854168,35,training_log_TD3_20260328_114546.csv,-49.256223107115474
53,140.19612315210648,18,training_log_TD3_20260328_114546.csv,-28.06467035640868
54,40.276946378781936,200,training_log_TD3_20260328_114546.csv,-19.616981004002664
55,183.545190809976,80,training_log_TD3_20260328_114546.csv,-1.4829842561783095
56,18.407929975651268,200,training_log_TD3_20260328_114546.csv,5.284257642373683
57,48.27941841543806,200,training_log_TD3_20260328_114546.csv,15.061676732291271
58,151.96637347437775,51,training_log_TD3_20260328_114546.csv,30.985070623764535
59,68.35360706875294,200,training_log_TD3_20260328_114546.csv,45.331097954943864
60,173.00223306007362,96,training_log_TD3_20260328_114546.csv,61.89280719423839
61,185.6188796717428,43,training_log_TD3_20260328_114546.csv,80.20132928709498
62,147.33358116538398,24,training_log_TD3_20260328_114546.csv,94.20052128979171
63,167.9668997980413,79,training_log_TD3_20260328_114546.csv,100.83208821821327
64,100.0,1,training_log_TD3_20260328_114546.csv,105.91751345137652
65,50.02981786626879,200,training_log_TD3_20260328_114546.csv,104.37544569146004
66,158.8356577028119,52,training_log_TD3_20260328_114546.csv,104.47620080250036
67,135.72950405290646,9,training_log_TD3_20260328_114546.csv,110.8847439839312
68,161.47352450338022,48,training_log_TD3_20260328_114546.csv,117.68849057653276
69,25.365530478418023,200,training_log_TD3_20260328_114546.csv,110.58830710927236
70,56.91945795661384,200,training_log_TD3_20260328_114546.csv,110.72312694332909
71,60.636479744481285,200,training_log_TD3_20260328_114546.csv,113.1828648631874
72,38.36525097070918,200,training_log_TD3_20260328_114546.csv,105.61512031229579
73,175.4500279638301,59,training_log_TD3_20260328_114546.csv,107.37781555288197
74,58.47874374128922,200,training_log_TD3_20260328_114546.csv,108.28790542100735
75,41.14231333318646,200,training_log_TD3_20260328_114546.csv,101.16776154716786
76,57.70711482338634,200,training_log_TD3_20260328_114546.csv,103.13272078955461
77,156.11150381795278,77,training_log_TD3_20260328_114546.csv,108.52432505968036
78,168.35302751469084,56,training_log_TD3_20260328_114546.csv,109.343657761696
79,203.49564947942972,54,training_log_TD3_20260328_114546.csv,116.10075988222984
80,139.03022095239427,15,training_log_TD3_20260328_114546.csv,114.40215927684588
81,149.26943964659404,24,training_log_TD3_20260328_114546.csv,112.58468727558844
82,211.5948792984312,44,training_log_TD3_20260328_114546.csv,115.79775218224081
83,155.75277763113905,86,training_log_TD3_20260328_114546.csv,115.18704607389569
84,154.4307599530917,25,training_log_TD3_20260328_114546.csv,117.90858407155027
85,188.53423784682852,197,training_log_TD3_20260328_114546.csv,124.83380507057825
86,122.88707977598013,116,training_log_TD3_20260328_114546.csv,123.03637617423666
87,55.53415104122436,200,training_log_TD3_20260328_114546.csv,119.02660852365257
88,144.4467008236179,24,training_log_TD3_20260328_114546.csv,118.17526733966444
89,130.06747869568386,35,training_log_TD3_20260328_114546.csv,123.41036475052775
90,179.13131607639687,78,training_log_TD3_20260328_114546.csv,129.5209576565169
91,162.75772567649275,39,training_log_TD3_20260328_114546.csv,134.62701995311747
92,37.600657887089554,200,training_log_TD3_20260328_114546.csv,134.5887902989365
93,144.4695058985773,11,training_log_TD3_20260328_114546.csv,133.03976419567385
94,143.50061041487498,15,training_log_TD3_20260328_114546.csv,137.29085752935313
95,178.8759678456645,30,training_log_TD3_20260328_114546.csv,144.17754025497703
96,178.72694120249236,97,training_log_TD3_20260328_114546.csv,150.22853157393234
97,174.6510548082062,67,training_log_TD3_20260328_114546.csv,151.15550912344503
98,177.00700659103455,31,training_log_TD3_20260328_114546.csv,151.5882080772622
99,161.142321718287,43,training_log_TD3_20260328_114546.csv,149.47054168920505
100,185.7253500632678,32,training_log_TD3_20260328_114546.csv,151.80529814474875
101,9.221251079218645,200,training_log_TD3_20260328_114546.csv,144.80288871637998
102,157.4621913670078,25,training_log_TD3_20260328_114546.csv,142.0962543198088
103,201.6588831768843,83,training_log_TD3_20260328_114546.csv,144.39155959709606
104,190.3087819497908,38,training_log_TD3_20260328_114546.csv,146.18546069693102
105,180.4782697776124,24,training_log_TD3_20260328_114546.csv,145.7826622934702
106,166.071269081811,39,training_log_TD3_20260328_114546.csv,147.94187175876175
107,174.0387893780395,53,training_log_TD3_20260328_114546.csv,153.8671036756025
108,169.0938355974338,35,training_log_TD3_20260328_114546.csv,155.0994604142933
109,116.45983143942624,200,training_log_TD3_20260328_114546.csv,154.41907805148043
110,202.36411136880483,35,training_log_TD3_20260328_114546.csv,155.58071781610082
111,161.85948987541386,19,training_log_TD3_20260328_114546.csv,155.53580602604686
112,51.53719244668317,200,training_log_TD3_20260328_114546.csv,156.23263275402655
113,174.66250866021414,40,training_log_TD3_20260328_114546.csv,157.7422828921084
114,210.51061514711677,75,training_log_TD3_20260328_114546.csv,161.09278312872047
115,159.49387563300837,19,training_log_TD3_20260328_114546.csv,160.12367851808767
116,169.9957752395341,79,training_log_TD3_20260328_114546.csv,159.68712021993977
117,167.95960782691307,30,training_log_TD3_20260328_114546.csv,159.3525478708751
118,189.8699606408444,29,training_log_TD3_20260328_114546.csv,159.9956955733656
119,45.144587628211134,200,training_log_TD3_20260328_114546.csv,154.1958088688618
120,65.47277559742714,200,training_log_TD3_20260328_114546.csv,148.1831801455698
121,125.64721696546904,7,training_log_TD3_20260328_114546.csv,154.0044784398823
122,148.41616372524106,14,training_log_TD3_20260328_114546.csv,153.55217705779395
123,154.6752527582661,58,training_log_TD3_20260328_114546.csv,151.20299553686306
124,214.4439726173989,31,training_log_TD3_20260328_114546.csv,152.40975507024348
125,28.82441393976605,200,training_log_TD3_20260328_114546.csv,144.82706227835112
126,164.4807455551727,23,training_log_TD3_20260328_114546.csv,144.7475361020192
127,162.5797015174031,25,training_log_TD3_20260328_114546.csv,144.17458170898743
128,65.22147108343721,200,training_log_TD3_20260328_114546.csv,138.98096348328755
129,244.94691737507213,89,training_log_TD3_20260328_114546.csv,145.40531778006988
130,125.41101490171847,200,training_log_TD3_20260328_114546.csv,141.55766295671555
131,55.37316885237164,200,training_log_TD3_20260328_114546.csv,136.23334690556345
132,262.26608362112097,63,training_log_TD3_20260328_114546.csv,146.76979146428533
133,215.92408332468017,31,training_log_TD3_20260328_114546.csv,148.8328701975086
134,178.29155505327702,26,training_log_TD3_20260328_114546.csv,147.22191719281665
135,176.01238471937145,37,training_log_TD3_20260328_114546.csv,148.04784264713481
136,138.288488305141,14,training_log_TD3_20260328_114546.csv,146.46247830041514
137,179.11886856515432,25,training_log_TD3_20260328_114546.csv,147.0204413373272
138,30.59454421902221,200,training_log_TD3_20260328_114546.csv,139.0566705162361
139,136.08335242490642,12,training_log_TD3_20260328_114546.csv,143.60360875607086
140,155.86407001648257,20,training_log_TD3_20260328_114546.csv,148.1231734770236
141,200.1521118088077,42,training_log_TD3_20260328_114546.csv,151.84841821919056
142,222.15537758153545,55,training_log_TD3_20260328_114546.csv,155.53537891200529
143,165.80231946889748,18,training_log_TD3_20260328_114546.csv,156.09173224753687
144,203.7451448254676,51,training_log_TD3_20260328_114546.csv,155.55679085794026
145,161.03626671310877,23,training_log_TD3_20260328_114546.csv,162.16738349660744
146,47.197201399441774,200,training_log_TD3_20260328_114546.csv,156.3032062888209
147,55.67678479250268,200,training_log_TD3_20260328_114546.csv,150.95806045257584
148,164.0994520814706,21,training_log_TD3_20260328_114546.csv,155.90195950247752
149,176.9275164643088,84,training_log_TD3_20260328_114546.csv,152.50098945693935
150,159.8051882629925,127,training_log_TD3_20260328_114546.csv,154.22069812500305
151,159.66844925736814,19,training_log_TD3_20260328_114546.csv,159.43546214525287
152,163.64673966066778,26,training_log_TD3_20260328_114546.csv,154.5044949472302
153,169.8114848099488,24,training_log_TD3_20260328_114546.csv,152.19886502149365
154,185.72164163899143,23,training_log_TD3_20260328_114546.csv,152.57036935077937
155,174.0886932729826,17,training_log_TD3_20260328_114546.csv,152.47418477845991
156,194.8641516548508,27,training_log_TD3_20260328_114546.csv,155.30296794594543
157,157.12661479909332,191,training_log_TD3_20260328_114546.csv,154.2033552576424
158,70.57329724071379,200,training_log_TD3_20260328_114546.csv,156.20229290872695
159,193.14494293017927,26,training_log_TD3_20260328_114546.csv,159.05537243399058
160,147.90807972943747,13,training_log_TD3_20260328_114546.csv,158.6575729196383
161,100.0,1,training_log_TD3_20260328_114546.csv,153.64996732919795
162,202.5262150282396,40,training_log_TD3_20260328_114546.csv,152.66850920153314
163,133.97670624748105,46,training_log_TD3_20260328_114546.csv,151.07722854046233
164,48.41674999338756,200,training_log_TD3_20260328_114546.csv,143.31080879885832
165,238.40124624532007,135,training_log_TD3_20260328_114546.csv,147.1790577754689
166,227.4374244410215,38,training_log_TD3_20260328_114546.csv,156.19106892754786
167,159.0543111794006,25,training_log_TD3_20260328_114546.csv,161.35994524689278
168,189.6648184239255,26,training_log_TD3_20260328_114546.csv,162.63821356401553
169,168.15402301165406,21,training_log_TD3_20260328_114546.csv,162.19953889138282
170,180.0033747446344,35,training_log_TD3_20260328_114546.csv,163.20944821546487
171,115.99447413285462,10,training_log_TD3_20260328_114546.csv,161.0257494592392
172,65.13862099262978,200,training_log_TD3_20260328_114546.csv,156.10034352583733
173,175.19829567802134,39,training_log_TD3_20260328_114546.csv,156.36968406924092
174,153.17907003274044,20,training_log_TD3_20260328_114546.csv,154.7425554889284
175,210.2928050722213,66,training_log_TD3_20260328_114546.csv,156.5527610788903
176,143.74614512618683,200,training_log_TD3_20260328_114546.csv,153.99686075245714
177,187.36102734843283,26,training_log_TD3_20260328_114546.csv,155.5085813799241
178,148.19879294057375,20,training_log_TD3_20260328_114546.csv,159.3898561649171
179,122.62430376586886,13,training_log_TD3_20260328_114546.csv,155.8638242067016
180,153.1698484823546,15,training_log_TD3_20260328_114546.csv,156.12691264434744
181,159.19758158039176,19,training_log_TD3_20260328_114546.csv,159.08679172336704
182,160.07053303542477,15,training_log_TD3_20260328_114546.csv,156.9640076237263
183,187.46716315862372,26,training_log_TD3_20260328_114546.csv,159.6385304692834
184,136.84004920032254,191,training_log_TD3_20260328_114546.csv,164.05969542963015
185,32.88959903495849,200,training_log_TD3_20260328_114546.csv,153.7841130691121
186,161.7385558397827,67,training_log_TD3_20260328_114546.csv,150.49916963905017
187,200.886285874214,27,training_log_TD3_20260328_114546.csv,152.5907683737908
188,112.8374802873027,200,training_log_TD3_20260328_114546.csv,148.74940146695968
189,158.10985799855266,20,training_log_TD3_20260328_114546.csv,148.2471932163046
190,152.6611594581619,14,training_log_TD3_20260328_114546.csv,146.88008245198097
191,226.5507973538577,29,training_log_TD3_20260328_114546.csv,152.40789861303114
192,192.9685601956425,22,training_log_TD3_20260328_114546.csv,158.79939557318178
193,137.72324538215253,197,training_log_TD3_20260328_114546.csv,156.92564305838835
194,154.74314864013203,26,training_log_TD3_20260328_114546.csv,157.0038469887579
195,177.22436143364348,94,training_log_TD3_20260328_114546.csv,155.35042480682904
196,165.71335889021657,19,training_log_TD3_20260328_114546.csv,156.4487854950305
197,218.69900993084823,34,training_log_TD3_20260328_114546.csv,158.01568462415128
198,182.566948251979,23,training_log_TD3_20260328_114546.csv,159.73409238972152
199,61.26166511706846,200,training_log_TD3_20260328_114546.csv,156.66596045728153
200,196.1999779607177,35,training_log_TD3_20260328_114546.csv,158.81746693119968
201,35.998150438392095,200,training_log_TD3_20260328_114546.csv,152.65749537409968
202,121.31018309016125,50,training_log_TD3_20260328_114546.csv,150.7194778768365
203,192.3374381339824,26,training_log_TD3_20260328_114546.csv,150.96299162560445
204,181.3796177561074,24,training_log_TD3_20260328_114546.csv,153.1899700533937
205,163.6020850643747,183,training_log_TD3_20260328_114546.csv,159.72559435486448
206,137.52192156147885,15,training_log_TD3_20260328_114546.csv,158.5147626409493
207,100.0,1,training_log_TD3_20260328_114546.csv,153.4704483472386
208,146.93353881881438,31,training_log_TD3_20260328_114546.csv,155.1752512738142
209,168.9265836501981,20,training_log_TD3_20260328_114546.csv,155.71608755639647
210,197.83444621645697,31,training_log_TD3_20260328_114546.csv,157.97475189431123
211,211.33175462014893,25,training_log_TD3_20260328_114546.csv,157.21379975762576
212,208.4592634118337,35,training_log_TD3_20260328_114546.csv,157.98833491843533
213,170.2150634488359,24,training_log_TD3_20260328_114546.csv,159.6129258217695
214,201.91920997420127,32,training_log_TD3_20260328_114546.csv,161.97172888847297
215,140.9080742739597,15,training_log_TD3_20260328_114546.csv,160.1559145304888
216,187.81982194436296,28,training_log_TD3_20260328_114546.csv,161.2612376831961
217,158.48622519929123,16,training_log_TD3_20260328_114546.csv,158.25059844661826
218,191.42014361138737,24,training_log_TD3_20260328_114546.csv,158.69325821458867
219,216.19231188953347,119,training_log_TD3_20260328_114546.csv,166.4397905532119
220,97.8531980162848,200,training_log_TD3_20260328_114546.csv,161.52245155599024
221,139.37510246974642,12,training_log_TD3_20260328_114546.csv,166.691299157558
222,204.62456948337865,24,training_log_TD3_20260328_114546.csv,170.85701847721887
223,164.49447074700535,20,training_log_TD3_20260328_114546.csv,169.46487010787
224,153.61703149843424,14,training_log_TD3_20260328_114546.csv,168.07674079498636
225,166.89931678323262,25,training_log_TD3_20260328_114546.csv,168.24160238092924
226,165.82461629887496,24,training_log_TD3_20260328_114546.csv,169.65673711779908
227,179.1036397041156,18,training_log_TD3_20260328_114546.csv,173.61191910300482
228,157.71821446010443,22,training_log_TD3_20260328_114546.csv,174.15115288506934
229,82.078638581142,200,training_log_TD3_20260328_114546.csv,169.80875563161652
230,178.7228993120882,19,training_log_TD3_20260328_114546.csv,168.85317828639808
231,241.3699783774761,71,training_log_TD3_20260328_114546.csv,170.35508947426445
232,195.9768385554521,28,training_log_TD3_20260328_114546.csv,169.73096823144536
233,176.3049619433907,25,training_log_TD3_20260328_114546.csv,170.0354631561731
234,154.4144153637565,24,training_log_TD3_20260328_114546.csv,167.66022342565086
235,228.6748736286843,63,training_log_TD3_20260328_114546.csv,172.0485633933871
236,203.0763975316457,27,training_log_TD3_20260328_114546.csv,172.81139217275125
237,157.3556455956387,17,training_log_TD3_20260328_114546.csv,172.75486319256862
238,181.84075857874487,19,training_log_TD3_20260328_114546.csv,172.2758939409365
239,231.17247286516127,45,training_log_TD3_20260328_114546.csv,173.02490198971788
240,143.27589335375012,16,training_log_TD3_20260328_114546.csv,175.29603675659115
241,204.754720621261,38,training_log_TD3_20260328_114546.csv,178.56501766416687
242,205.78094750015072,39,training_log_TD3_20260328_114546.csv,178.62283656500546
243,164.40172812368837,17,training_log_TD3_20260328_114546.csv,178.6181994338396
244,207.41556591363252,49,training_log_TD3_20260328_114546.csv,181.30812615459953
245,108.54977215279897,200,training_log_TD3_20260328_114546.csv,178.39064892307786
246,205.8301406694636,38,training_log_TD3_20260328_114546.csv,180.39092514160728
247,152.81698382004151,13,training_log_TD3_20260328_114546.csv,179.0765923474036
248,197.047706882998,23,training_log_TD3_20260328_114546.csv,181.04306696854826
249,143.46938596194488,17,training_log_TD3_20260328_114546.csv,184.11260433758838
250,204.3951326649127,24,training_log_TD3_20260328_114546.csv,185.39621600522963
251,127.9569913951066,200,training_log_TD3_20260328_114546.csv,179.72556665611117
252,134.16880251211927,10,training_log_TD3_20260328_114546.csv,176.63516485394453
253,202.8944398617699,36,training_log_TD3_20260328_114546.csv,177.96463874986347
254,179.91442877714883,23,training_log_TD3_20260328_114546.csv,179.2396394205331
255,235.8829890280374,50,training_log_TD3_20260328_114546.csv,179.60004519050074
256,177.19033949912856,20,training_log_TD3_20260328_114546.csv,178.30574228887488
257,127.70817074543793,7,training_log_TD3_20260328_114546.csv,176.82336854636486
258,193.38837019010828,22,training_log_TD3_20260328_114546.csv,177.40074912693302
259,200.6341222021074,23,training_log_TD3_20260328_114546.csv,175.87383159378032
260,160.03323649358848,22,training_log_TD3_20260328_114546.csv,176.71169875077223
261,144.12652239965882,17,training_log_TD3_20260328_114546.csv,173.68028883969214
262,186.8747814176521,23,training_log_TD3_20260328_114546.csv,172.73498053556722
263,135.75390238865896,12,training_log_TD3_20260328_114546.csv,171.30258924881574
264,168.97265117201255,25,training_log_TD3_20260328_114546.csv,169.38044351173477
265,169.2236560034847,177,training_log_TD3_20260328_114546.csv,172.41413770426902
266,131.67237697390263,9,training_log_TD3_20260328_114546.csv,168.706249519491
267,150.04063080878643,20,training_log_TD3_20260328_114546.csv,168.56743186892822
268,197.3162867019111,24,training_log_TD3_20260328_114546.csv,168.58086085987387
269,186.27836336110423,23,training_log_TD3_20260328_114546.csv,170.72130972983183
270,181.27197066037428,23,training_log_TD3_20260328_114546.csv,169.56515162960494
271,161.98145805600143,17,training_log_TD3_20260328_114546.csv,171.26637496264965
272,162.58894257701218,23,training_log_TD3_20260328_114546.csv,172.6873819658943
273,149.1790497242864,20,training_log_TD3_20260328_114546.csv,170.00161245902012
274,186.53497441749536,133,training_log_TD3_20260328_114546.csv,170.33263974103744
275,120.56217560722531,7,training_log_TD3_20260328_114546.csv,164.56659906999687
276,192.08871407692496,27,training_log_TD3_20260328_114546.csv,165.31151779888668
277,155.08513604179882,18,training_log_TD3_20260328_114546.csv,166.68036606370472
278,167.6818350367717,15,training_log_TD3_20260328_114546.csv,165.3950393060379
279,204.66923442203688,29,training_log_TD3_20260328_114546.csv,165.59679491703437
280,143.18303722123193,15,training_log_TD3_20260328_114546.csv,164.75428495341652
281,169.12961626437914,18,training_log_TD3_20260328_114546.csv,166.00443964665254
282,165.371347976433,18,training_log_TD3_20260328_114546.csv,164.9292679745916
283,161.69999293917004,21,training_log_TD3_20260328_114546.csv,166.22657250211714
284,173.59558749197384,23,training_log_TD3_20260328_114546.csv,166.4577193181152
285,179.08102787048557,69,training_log_TD3_20260328_114546.csv,166.95058791146525
286,168.84759077200158,16,training_log_TD3_20260328_114546.csv,168.8093486013702
287,187.36744609424116,20,training_log_TD3_20260328_114546.csv,170.67568936564294
288,173.34058173202556,20,training_log_TD3_20260328_114546.csv,169.47690411714868
289,191.10811233180567,25,training_log_TD3_20260328_114546.csv,169.71839156568373
290,196.3939659542425,25,training_log_TD3_20260328_114546.csv,170.47449133037713
291,190.1076559806332,23,training_log_TD3_20260328_114546.csv,171.88080122660875
292,139.81219362803097,13,training_log_TD3_20260328_114546.csv,170.74196377915968
293,157.07970346095726,21,training_log_TD3_20260328_114546.csv,171.13699646599324
294,175.8841087237384,20,training_log_TD3_20260328_114546.csv,170.60445318130536
295,180.59928298798644,19,training_log_TD3_20260328_114546.csv,173.6063085503434
296,79.44223983261891,200,training_log_TD3_20260328_114546.csv,167.97398483812816
297,172.21414000551243,23,training_log_TD3_20260328_114546.csv,168.8304350363138
298,167.9677234292209,19,training_log_TD3_20260328_114546.csv,168.84472945593626
299,224.2248344176847,89,training_log_TD3_20260328_114546.csv,169.82250945571866
300,151.73354420525385,15,training_log_TD3_20260328_114546.csv,170.25003480491975
301,166.66140304983367,19,training_log_TD3_20260328_114546.csv,170.12662414419248
302,162.12455400233907,20,training_log_TD3_20260328_114546.csv,169.96428444548778
303,123.6037907570546,7,training_log_TD3_20260328_114546.csv,168.05947433638204
304,186.35100592706317,23,training_log_TD3_20260328_114546.csv,168.69724525813646
305,189.17741103937053,27,training_log_TD3_20260328_114546.csv,169.20206441658075
306,139.28891231539373,10,training_log_TD3_20260328_114546.csv,167.72413049375035
307,81.64215228487292,200,training_log_TD3_20260328_114546.csv,162.4378658032819
308,166.32690547322298,22,training_log_TD3_20260328_114546.csv,162.08718199034178
309,136.68073928336435,12,training_log_TD3_20260328_114546.csv,159.36581333791975
310,117.10850026676044,6,training_log_TD3_20260328_114546.csv,155.40154005354563
311,150.98802458789388,18,training_log_TD3_20260328_114546.csv,153.44555848390866
312,122.55915068445178,8,training_log_TD3_20260328_114546.csv,152.5829063367297
313,127.05280374936844,9,training_log_TD3_20260328_114546.csv,151.08156135115024
314,111.04909197116451,5,training_log_TD3_20260328_114546.csv,147.83981051352157
315,134.70632425226162,11,training_log_TD3_20260328_114546.csv,145.54516257673532
316,178.46545516162757,22,training_log_TD3_20260328_114546.csv,150.49632334318576
317,195.8246102850769,23,training_log_TD3_20260328_114546.csv,151.67684685716398
318,175.39003104291427,20,training_log_TD3_20260328_114546.csv,152.04796223784865
319,143.2438791761999,17,training_log_TD3_20260328_114546.csv,147.9989144757744
320,203.96771901679188,23,training_log_TD3_20260328_114546.csv,150.61062321635129
321,105.58189764989773,3,training_log_TD3_20260328_114546.csv,147.5566479463545
322,200.11532021250576,22,training_log_TD3_20260328_114546.csv,149.45618625686285
323,115.44894257460312,5,training_log_TD3_20260328_114546.csv,149.0484438477403
324,129.571593740393,11,training_log_TD3_20260328_114546.csv,146.2094732384068
325,174.5086782594151,22,training_log_TD3_20260328_114546.csv,145.47603659940899
326,197.47880495796792,27,training_log_TD3_20260328_114546.csv,148.3855312315377
327,138.7185780507853,14,training_log_TD3_20260328_114546.csv,151.23935251983332
328,156.89139501049914,20,training_log_TD3_20260328_114546.csv,150.76757699669713
329,167.28916551396668,21,training_log_TD3_20260328_114546.csv,152.29799830822725
330,151.42169607309364,16,training_log_TD3_20260328_114546.csv,154.01365809854389
331,162.7670676253784,22,training_log_TD3_20260328_114546.csv,154.6026102504181
332,133.30219889960384,8,training_log_TD3_20260328_114546.csv,155.13976266117575
333,220.894201109386,179,training_log_TD3_20260328_114546.csv,159.83183252917664
334,169.656741200684,23,training_log_TD3_20260328_114546.csv,162.76221499065258
335,178.94975961743543,23,training_log_TD3_20260328_114546.csv,164.9743867589113
336,135.9690363363973,12,training_log_TD3_20260328_114546.csv,162.84956581764976
337,181.5916133544956,18,training_log_TD3_20260328_114546.csv,162.1379159711207
338,155.56634763356507,22,training_log_TD3_20260328_114546.csv,161.14673180065324
339,194.90081000032973,66,training_log_TD3_20260328_114546.csv,163.72957834185974
340,169.61560813356448,45,training_log_TD3_20260328_114546.csv,162.01197279769838
341,160.60830604299466,21,training_log_TD3_20260328_114546.csv,164.76329321735324
342,159.2126372526239,16,training_log_TD3_20260328_114546.csv,162.7181590693591
343,182.5146567306074,22,training_log_TD3_20260328_114546.csv,166.07144477715931
344,179.64541939973242,22,training_log_TD3_20260328_114546.csv,168.57513606012628
345,140.32504544857272,16,training_log_TD3_20260328_114546.csv,166.86595441958417
346,243.986093770852,80,training_log_TD3_20260328_114546.csv,169.1913188602284
347,130.86053533628203,9,training_log_TD3_20260328_114546.csv,168.79841672450323
348,180.97197347504823,23,training_log_TD3_20260328_114546.csv,170.00244564773067
349,116.58207213700048,6,training_log_TD3_20260328_114546.csv,167.46709097888237
350,171.55029277593297,19,training_log_TD3_20260328_114546.csv,168.47352081402434
351,167.71745043247813,20,training_log_TD3_20260328_114546.csv,168.72103995437934
352,156.29861123179683,15,training_log_TD3_20260328_114546.csv,169.87086057098895
353,127.43271073295224,11,training_log_TD3_20260328_114546.csv,165.19778605216726
354,167.52682205096568,21,training_log_TD3_20260328_114546.csv,165.09129009468137
355,160.9418254405276,23,training_log_TD3_20260328_114546.csv,164.19089338583598
356,144.48046238438047,15,training_log_TD3_20260328_114546.csv,164.61646468823514
357,187.61979934728117,26,training_log_TD3_20260328_114546.csv,164.91787398787443
358,177.0398104525412,19,training_log_TD3_20260328_114546.csv,165.9915471288232
359,160.66830792271702,33,training_log_TD3_20260328_114546.csv,164.27992202494258
360,163.38466059075327,21,training_log_TD3_20260328_114546.csv,163.96837464780202
361,179.8900288735383,22,training_log_TD3_20260328_114546.csv,164.9324607893292
362,128.08804991123154,10,training_log_TD3_20260328_114546.csv,163.3762314222596
363,196.10188061325195,30,training_log_TD3_20260328_114546.csv,164.05559261639183
364,216.72712058070084,47,training_log_TD3_20260328_114546.csv,165.90967767544026
365,191.4667524901979,24,training_log_TD3_20260328_114546.csv,168.4667630275215
366,154.536944761848,19,training_log_TD3_20260328_114546.csv,163.9943055770713
367,173.4346175506184,20,training_log_TD3_20260328_114546.csv,166.1230096877881
368,166.7549567300033,15,training_log_TD3_20260328_114546.csv,165.41215885053586
369,143.6167196159611,14,training_log_TD3_20260328_114546.csv,166.76389122448387
370,159.01600759018524,18,training_log_TD3_20260328_114546.csv,166.1371769651965
371,202.1953721850201,113,training_log_TD3_20260328_114546.csv,167.8610730528236
372,191.3651035505077,35,training_log_TD3_20260328_114546.csv,169.61439766875915
373,168.2416028705335,21,training_log_TD3_20260328_114546.csv,171.65484227563823
374,145.6201263764885,16,training_log_TD3_20260328_114546.csv,170.55950749191436
375,195.49414193905267,27,training_log_TD3_20260328_114546.csv,172.2871233168406
376,162.82195324128998,23,training_log_TD3_20260328_114546.csv,173.20419785968608
377,175.13287499039842,70,training_log_TD3_20260328_114546.csv,172.57985164184194
378,173.02423235665694,23,training_log_TD3_20260328_114546.csv,172.37907273704772
379,187.74397362229337,28,training_log_TD3_20260328_114546.csv,173.73285602202657
380,185.60423618737303,19,training_log_TD3_20260328_114546.csv,174.84383480185755
381,196.94520799491988,24,training_log_TD3_20260328_114546.csv,175.69659375792662
382,127.67917233366948,8,training_log_TD3_20260328_114546.csv,175.67614987904852
383,174.80527024782236,33,training_log_TD3_20260328_114546.csv,174.61131936077703
384,156.7752035331509,21,training_log_TD3_20260328_114546.csv,171.61372350839954
385,181.64906490694125,30,training_log_TD3_20260328_114546.csv,171.1228391292367
386,177.00019765222513,21,training_log_TD3_20260328_114546.csv,172.24600177375558
387,178.34223579422496,23,training_log_TD3_20260328_114546.csv,172.4913826859359
388,206.38826259143656,32,training_log_TD3_20260328_114546.csv,174.47304797900756
389,150.87507669020167,14,training_log_TD3_20260328_114546.csv,174.8359658327196
390,178.08815550073518,51,training_log_TD3_20260328_114546.csv,175.7895732282471
391,161.2123269425833,19,training_log_TD3_20260328_114546.csv,173.74042096612524
392,144.36288146936587,12,training_log_TD3_20260328_114546.csv,171.39030986206814
393,177.8919652176129,21,training_log_TD3_20260328_114546.csv,171.8728279794221
394,187.97358764828527,31,training_log_TD3_20260328_114546.csv,173.99050104301196
395,195.1546166838365,24,training_log_TD3_20260328_114546.csv,173.97352478025115
396,232.9705662351317,40,training_log_TD3_20260328_114546.csv,177.48095542994324
397,159.60648579877488,20,training_log_TD3_20260328_114546.csv,176.70463597036206
398,161.03302172418898,22,training_log_TD3_20260328_114546.csv,176.10507543873865
399,253.47999651958204,65,training_log_TD3_20260328_114546.csv,179.39187658360308
400,189.62280004176472,30,training_log_TD3_20260328_114546.csv,179.59280477632268
401,170.235785110488,20,training_log_TD3_20260328_114546.csv,178.25733363210105
402,173.4583056880581,23,training_log_TD3_20260328_114546.csv,180.54629029982053
403,81.60340321691989,200,training_log_TD3_20260328_114546.csv,175.8861969482754
404,169.69354181429864,22,training_log_TD3_20260328_114546.csv,176.53211386233278
405,155.70120887730943,16,training_log_TD3_20260328_114546.csv,175.2347210608512
406,172.98050920681533,21,training_log_TD3_20260328_114546.csv,175.0337366385807
407,162.60849312997416,23,training_log_TD3_20260328_114546.csv,174.24704950536815
408,182.8283589185484,61,training_log_TD3_20260328_114546.csv,173.06905432172374
409,133.68053482948773,10,training_log_TD3_20260328_114546.csv,172.20932722868804
410,156.71182102606323,16,training_log_TD3_20260328_114546.csv,171.14051050495445
411,189.7922525690662,20,training_log_TD3_20260328_114546.csv,172.5695067862786
412,233.9858624538308,49,training_log_TD3_20260328_114546.csv,177.05065583550186
413,120.26434883333376,6,training_log_TD3_20260328_114546.csv,174.16927501628788
414,192.8834106717228,23,training_log_TD3_20260328_114546.csv,174.41476616745976
415,174.18909992088032,21,training_log_TD3_20260328_114546.csv,173.36649032931194
416,187.9568375511664,22,training_log_TD3_20260328_114546.csv,171.1158038951137
417,23.77057294176371,200,training_log_TD3_20260328_114546.csv,164.32400825226313
418,132.43306034683806,14,training_log_TD3_20260328_114546.csv,162.89401018339558
419,195.91883140246935,25,training_log_TD3_20260328_114546.csv,160.01595192753996
420,104.71071881935283,2,training_log_TD3_20260328_114546.csv,155.77034786641937
421,123.00855414233826,9,training_log_TD3_20260328_114546.csv,153.40898631801187
422,164.92727618880653,17,training_log_TD3_20260328_114546.csv,152.98243484304928
423,179.9809308987725,28,training_log_TD3_20260328_114546.csv,157.90131122714192
424,178.77546285376462,22,training_log_TD3_20260328_114546.csv,158.35540727911524
425,147.743299773617,17,training_log_TD3_20260328_114546.csv,157.9575118239306
426,170.5293084957702,200,training_log_TD3_20260328_114546.csv,157.83495178837833
427,150.62963680428993,20,training_log_TD3_20260328_114546.csv,157.2360089720941
428,189.31834616267463,22,training_log_TD3_20260328_114546.csv,157.56050833430044
429,155.4678841811508,15,training_log_TD3_20260328_114546.csv,158.6498758018836
430,162.21231446905543,20,training_log_TD3_20260328_114546.csv,158.92490047403322
431,194.88997282510596,23,training_log_TD3_20260328_114546.csv,159.1797864868352
432,211.7287095594812,38,training_log_TD3_20260328_114546.csv,158.0669288421177
433,128.74115360613368,8,training_log_TD3_20260328_114546.csv,158.49076908075773
434,219.59848609351928,43,training_log_TD3_20260328_114546.csv,159.82652285184753
435,163.91523272171077,139,training_log_TD3_20260328_114546.csv,159.31282949188906
436,177.81552216246294,109,training_log_TD3_20260328_114546.csv,158.8057637224539
437,196.75446010979687,66,training_log_TD3_20260328_114546.csv,167.45495808085553
438,178.58438328295213,18,training_log_TD3_20260328_114546.csv,169.76252422766123
439,204.7526358167521,68,training_log_TD3_20260328_114546.csv,170.20421444837538
440,139.90303664982147,10,training_log_TD3_20260328_114546.csv,171.96383033989883
441,187.2429824274861,24,training_log_TD3_20260328_114546.csv,175.1755517541562
442,161.42003290251623,26,training_log_TD3_20260328_114546.csv,175.00018958984168
443,194.41706271382373,33,training_log_TD3_20260328_114546.csv,175.72199618059423
444,131.41282330959442,9,training_log_TD3_20260328_114546.csv,173.35386420338574
445,160.89410521704798,22,training_log_TD3_20260328_114546.csv,174.0114044755573
446,187.36027090677865,20,training_log_TD3_20260328_114546.csv,174.8529525961077
447,106.63542204725644,4,training_log_TD3_20260328_114546.csv,172.65324185825605
448,172.1998762435786,93,training_log_TD3_20260328_114546.csv,171.79731836230124
449,165.52332139743447,20,training_log_TD3_20260328_114546.csv,172.30009022311543
450,141.81989645105335,15,training_log_TD3_20260328_114546.csv,171.2804693222153
451,203.23686896079664,28,training_log_TD3_20260328_114546.csv,171.69781412899985
452,174.5622840722272,24,training_log_TD3_20260328_114546.csv,169.83949285463717
453,46.6436285969024,200,training_log_TD3_20260328_114546.csv,165.73461660417559
454,138.8752421035352,10,training_log_TD3_20260328_114546.csv,161.6984544046764
455,244.5891951324608,53,training_log_TD3_20260328_114546.csv,165.73215252521388
456,168.19150640654186,15,training_log_TD3_20260328_114546.csv,165.25095173741784
457,113.35422602400492,4,training_log_TD3_20260328_114546.csv,161.08094003312823
458,158.7867344209235,20,training_log_TD3_20260328_114546.csv,160.0910575900268
459,195.94885065541436,25,training_log_TD3_20260328_114546.csv,159.6508683319599
460,126.7387701812789,21,training_log_TD3_20260328_114546.csv,158.99265500853278
461,180.44753745793523,19,training_log_TD3_20260328_114546.csv,158.65288276005523
462,173.32035664762876,26,training_log_TD3_20260328_114546.csv,159.24789894731086
463,154.23574063260406,20,training_log_TD3_20260328_114546.csv,157.2388328432499
464,247.60961141032732,189,training_log_TD3_20260328_114546.csv,163.04867224828655
465,133.38497048884187,9,training_log_TD3_20260328_114546.csv,161.6732155118762
466,155.41556502956774,16,training_log_TD3_20260328_114546.csv,160.07598021801567
467,158.18973002884522,21,training_log_TD3_20260328_114546.csv,162.6536956170951
468,161.08840763890782,24,training_log_TD3_20260328_114546.csv,162.0981221868616
469,119.44907713038688,7,training_log_TD3_20260328_114546.csv,159.79440997350918
470,176.46019275024878,156,training_log_TD3_20260328_114546.csv,161.52642478846897
471,155.20258877172307,74,training_log_TD3_20260328_114546.csv,159.1247107790153
472,260.52795106335776,139,training_log_TD3_20260328_114546.csv,163.42299412857182
473,44.61477057707883,200,training_log_TD3_20260328_114546.csv,163.32155122758064
474,131.33539238440383,9,training_log_TD3_20260328_114546.csv,162.94455874162406
475,41.04002960716412,200,training_log_TD3_20260328_114546.csv,152.76710046535925
476,162.1737609105486,18,training_log_TD3_20260328_114546.csv,152.46621319055959
477,179.9586084443684,51,training_log_TD3_20260328_114546.csv,155.79643231157777
478,187.67401818940607,27,training_log_TD3_20260328_114546.csv,157.2407965000019
479,257.06341663115654,53,training_log_TD3_20260328_114546.csv,160.296524798789
480,172.44118178061353,20,training_log_TD3_20260328_114546.csv,162.58164537875572
481,194.164009163879,25,training_log_TD3_20260328_114546.csv,163.2674689640529
482,178.95584853708982,21,training_log_TD3_20260328_114546.csv,163.54924355852597
483,78.31248635680241,200,training_log_TD3_20260328_114546.csv,159.75308084473588
484,104.321679916848,200,training_log_TD3_20260328_114546.csv,152.58868427006192
485,130.45273678749692,11,training_log_TD3_20260328_114546.csv,152.4420725849947
486,193.47358400278085,25,training_log_TD3_20260328_114546.csv,154.34497353365532
487,61.50824530687224,200,training_log_TD3_20260328_114546.csv,149.51089929755668
488,102.56090304527558,200,training_log_TD3_20260328_114546.csv,146.58452406787507
489,197.51909654875527,22,training_log_TD3_20260328_114546.csv,150.4880250387935
490,176.7151885897972,26,training_log_TD3_20260328_114546.csv,150.5007748307709
491,176.79851956307357,23,training_log_TD3_20260328_114546.csv,151.58057137033842
492,172.02187540240016,50,training_log_TD3_20260328_114546.csv,147.15526758729055
493,156.76121886769872,16,training_log_TD3_20260328_114546.csv,152.76259000182154
494,142.72857745309432,13,training_log_TD3_20260328_114546.csv,153.33224925525607
495,148.3841464252971,13,training_log_TD3_20260328_114546.csv,158.6994550961627
496,139.47269170168357,25,training_log_TD3_20260328_114546.csv,157.56440163571946
497,213.7136282998161,34,training_log_TD3_20260328_114546.csv,159.25215262849184
498,153.97096529789718,119,training_log_TD3_20260328_114546.csv,157.5669999839164
499,122.71613887616964,200,training_log_TD3_20260328_114546.csv,150.84963609616705
500,164.56559642698133,16,training_log_TD3_20260328_114546.csv,150.45585682848542
501,171.72296072142933,144,training_log_TD3_20260328_114546.csv,149.33380440636296
502,70.38906035779895,200,training_log_TD3_20260328_114546.csv,143.9054649973984
503,66.65800576988076,200,training_log_TD3_20260328_114546.csv,143.32274096805233
504,80.7960318395782,200,training_log_TD3_20260328_114546.csv,142.14645856418886
505,168.9915886402497,18,training_log_TD3_20260328_114546.csv,144.0734011568265
506,191.083015942589,31,training_log_TD3_20260328_114546.csv,143.9538727538169
507,128.49327591204388,7,training_log_TD3_20260328_114546.csv,147.3031242840755
508,192.9799660562336,26,training_log_TD3_20260328_114546.csv,151.82407743462338
509,245.7031440882267,55,training_log_TD3_20260328_114546.csv,154.23327981159696
510,158.53468622831792,20,training_log_TD3_20260328_114546.csv,153.32425469352296
511,182.7809307815073,21,training_log_TD3_20260328_114546.csv,153.62337525444465
512,238.3778200927499,46,training_log_TD3_20260328_114546.csv,156.94117248896217
513,157.2153467169692,200,training_log_TD3_20260328_114546.csv,156.9638788814257
514,134.51951981789443,8,training_log_TD3_20260328_114546.csv,156.55342599966568
515,188.3300896575627,23,training_log_TD3_20260328_114546.csv,158.55072316127897
516,171.3115688551283,19,training_log_TD3_20260328_114546.csv,160.1426670189512
517,162.53029653123644,20,training_log_TD3_20260328_114546.csv,157.58350043052224
518,150.6536687416214,16,training_log_TD3_20260328_114546.csv,157.41763560270846
519,143.15442460763106,68,training_log_TD3_20260328_114546.csv,158.43954988928152
520,139.64636543772676,17,training_log_TD3_20260328_114546.csv,157.19358833981877
521,176.01744247575533,22,training_log_TD3_20260328_114546.csv,157.40831242753507
522,209.79125987455808,38,training_log_TD3_20260328_114546.csv,164.37842240337304
523,149.59386079293375,73,training_log_TD3_20260328_114546.csv,168.5252151545257
524,192.9880961646382,31,training_log_TD3_20260328_114546.csv,174.13481837077867
525,191.774394122406,20,training_log_TD3_20260328_114546.csv,175.27395864488648
526,216.5141260694051,38,training_log_TD3_20260328_114546.csv,176.5455141512273
527,154.44083129116456,17,training_log_TD3_20260328_114546.csv,177.84289192018335
528,116.02099956582876,5,training_log_TD3_20260328_114546.csv,173.9949435956631
529,154.9093875093537,15,training_log_TD3_20260328_114546.csv,169.45525576671943
530,208.3433558459663,31,training_log_TD3_20260328_114546.csv,171.94568924760185
531,175.87021887368144,20,training_log_TD3_20260328_114546.csv,171.60015365221057
532,155.47102996925707,21,training_log_TD3_20260328_114546.csv,167.45481414603591
533,68.41715564716502,200,training_log_TD3_20260328_114546.csv,163.01490459254572
534,168.9473882080212,23,training_log_TD3_20260328_114546.csv,164.73629801205206
535,179.26776758827597,22,training_log_TD3_20260328_114546.csv,164.28318190858772
536,172.48798157067253,22,training_log_TD3_20260328_114546.csv,164.34200254436493
537,119.95959379677242,9,training_log_TD3_20260328_114546.csv,162.21346740764173
538,197.3574401568,22,training_log_TD3_20260328_114546.csv,164.54865597840066
539,116.83113364050382,7,training_log_TD3_20260328_114546.csv,163.2324914300443
540,167.44073715384462,18,training_log_TD3_20260328_114546.csv,164.6222100158502
541,124.63683868004152,6,training_log_TD3_20260328_114546.csv,162.0531798260645
542,164.9207485181483,18,training_log_TD3_20260328_114546.csv,159.80965425824402
543,159.84532728536618,23,training_log_TD3_20260328_114546.csv,160.32222758286562
544,188.86593202362133,21,training_log_TD3_20260328_114546.csv,160.11611937581478
545,146.0652483725576,22,training_log_TD3_20260328_114546.csv,157.83066208832238
546,154.0713111928659,20,training_log_TD3_20260328_114546.csv,154.7085213444954
547,145.40000642909354,17,training_log_TD3_20260328_114546.csv,154.25648010139184
548,159.89849445645066,22,training_log_TD3_20260328_114546.csv,156.45035484592296
549,163.02162757165073,17,training_log_TD3_20260328_114546.csv,156.8559668490378
550,191.1641363881001,25,training_log_TD3_20260328_114546.csv,155.9970058761445
551,222.20833045491716,36,training_log_TD3_20260328_114546.csv,158.3139114552063
552,171.80463889820493,25,training_log_TD3_20260328_114546.csv,159.13059190165367
553,138.22208121084918,10,training_log_TD3_20260328_114546.csv,162.6208381798379
554,163.45206031068264,15,training_log_TD3_20260328_114546.csv,162.34607178497097
555,180.07849923885624,20,training_log_TD3_20260328_114546.csv,162.38660836749997
556,159.74516224237777,17,training_log_TD3_20260328_114546.csv,161.74946740108524
557,171.2847874602198,17,training_log_TD3_20260328_114546.csv,164.31572708425762
558,205.6993625176493,32,training_log_TD3_20260328_114546.csv,164.73282320230004
559,141.71855103970051,13,training_log_TD3_20260328_114546.csv,165.97719407225992
560,129.65517930042128,10,training_log_TD3_20260328_114546.csv,164.08791617958872
561,232.77888854533725,78,training_log_TD3_20260328_114546.csv,169.49501867285352
562,148.04917080480138,13,training_log_TD3_20260328_114546.csv,168.65143978718615
563,159.34835486107136,22,training_log_TD3_20260328_114546.csv,168.62659116597143
564,175.46177399689643,27,training_log_TD3_20260328_114546.csv,167.95638326463518
565,160.22221207540036,21,training_log_TD3_20260328_114546.csv,168.66423144977733
566,226.02679282439837,48,training_log_TD3_20260328_114546.csv,172.26200553135396
567,170.63848956516227,19,training_log_TD3_20260328_114546.csv,173.52392968815738
568,136.35762641457154,12,training_log_TD3_20260328_114546.csv,172.34688628606344
569,176.54538171271236,28,training_log_TD3_20260328_114546.csv,173.0230739931165
570,170.93920959412455,20,training_log_TD3_20260328_114546.csv,172.01182765341773
571,42.21351819742068,200,training_log_TD3_20260328_114546.csv,163.0120870405429
572,156.47231204034512,24,training_log_TD3_20260328_114546.csv,162.24547069764992
573,173.34579624071017,25,training_log_TD3_20260328_114546.csv,164.00165644914296
574,109.56049148753928,5,training_log_TD3_20260328_114546.csv,161.3070780079858
575,42.90765381583539,200,training_log_TD3_20260328_114546.csv,154.44853573683477
576,154.38496918530066,19,training_log_TD3_20260328_114546.csv,154.1805260839809
577,145.68716884170206,12,training_log_TD3_20260328_114546.csv,152.900645153055
578,183.5218212924595,75,training_log_TD3_20260328_114546.csv,151.79176809179552
579,174.4249002063996,19,training_log_TD3_20260328_114546.csv,153.42708555013047
580,228.1935271929841,38,training_log_TD3_20260328_114546.csv,158.35400294475863
581,158.39920812324524,19,training_log_TD3_20260328_114546.csv,154.63501892365403
582,143.54453178252538,12,training_log_TD3_20260328_114546.csv,154.40978697254022
583,196.20130999020728,23,training_log_TD3_20260328_114546.csv,156.252434728997
584,118.12948636545056,5,training_log_TD3_20260328_114546.csv,153.38582034742473
585,190.9594950386934,24,training_log_TD3_20260328_114546.csv,154.92268449558938
586,162.28445633164114,17,training_log_TD3_20260328_114546.csv,151.73556767095153
587,182.0390486757977,25,training_log_TD3_20260328_114546.csv,152.3055956264833
588,214.2988036718785,33,training_log_TD3_20260328_114546.csv,156.20265448934862
589,199.33089660457804,32,training_log_TD3_20260328_114546.csv,157.34193023394192
590,162.94335070411222,20,training_log_TD3_20260328_114546.csv,156.9421372894413
591,182.0882483937504,22,training_log_TD3_20260328_114546.csv,163.9358737992578
592,175.30642658643856,20,training_log_TD3_20260328_114546.csv,164.87757952656244
593,127.21726731900436,9,training_log_TD3_20260328_114546.csv,162.57115308047716
594,226.01621470695665,37,training_log_TD3_20260328_114546.csv,168.39393924144804
595,171.16439066154877,24,training_log_TD3_20260328_114546.csv,174.8067760837337
596,235.81649764295392,62,training_log_TD3_20260328_114546.csv,178.87835250661638
597,172.90725836976452,21,training_log_TD3_20260328_114546.csv,180.2393569830195
598,171.92973285315807,22,training_log_TD3_20260328_114546.csv,179.6597525610544
599,158.65149318582053,21,training_log_TD3_20260328_114546.csv,178.87108221002546
600,199.42507703825976,23,training_log_TD3_20260328_114546.csv,177.43265970228927
601,168.1726378485414,20,training_log_TD3_20260328_114546.csv,177.92133118855406
602,213.16596541516915,39,training_log_TD3_20260328_114546.csv,181.40240287018625
603,188.5679850099184,37,training_log_TD3_20260328_114546.csv,181.0207366211718
604,180.5742415278857,21,training_log_TD3_20260328_114546.csv,184.14297437929355
605,153.73648776590474,15,training_log_TD3_20260328_114546.csv,182.28182401565414
606,161.86034572604106,24,training_log_TD3_20260328_114546.csv,182.26061848537412
607,169.5351064031399,23,training_log_TD3_20260328_114546.csv,181.63542137174122
608,243.57978172757032,41,training_log_TD3_20260328_114546.csv,183.09947027452583
609,186.2234712313941,23,training_log_TD3_20260328_114546.csv,182.44409900586663
610,67.3933931490953,200,training_log_TD3_20260328_114546.csv,177.6666011281158
611,119.44586204497476,8,training_log_TD3_20260328_114546.csv,174.534481810677
612,145.78025604513672,20,training_log_TD3_20260328_114546.csv,173.05817328361192
613,259.8007210704096,92,training_log_TD3_20260328_114546.csv,179.6873459711822
614,185.62439885289703,23,training_log_TD3_20260328_114546.csv,177.66775517847918
615,237.60477056242416,63,training_log_TD3_20260328_114546.csv,180.98977417352296
616,163.37171344544618,18,training_log_TD3_20260328_114546.csv,177.36753496364759
617,181.84003582476203,23,training_log_TD3_20260328_114546.csv,177.81417383639743
618,155.7275330032459,14,training_log_TD3_20260328_114546.csv,177.00406384390186
619,165.14909486796898,24,training_log_TD3_20260328_114546.csv,177.32894392800927
620,164.14066113895643,21,training_log_TD3_20260328_114546.csv,175.56472313304408
621,120.94531330545222,30,training_log_TD3_20260328_114546.csv,173.20335690588962
622,160.06046458417953,18,training_log_TD3_20260328_114546.csv,170.54808186434016
623,139.10188102785003,11,training_log_TD3_20260328_114546.csv,168.07477666523673
624,151.2365969108937,18,training_log_TD3_20260328_114546.csv,166.6078944343871
625,133.88496822165834,11,training_log_TD3_20260328_114546.csv,165.61531845717482
626,199.398712046105,78,training_log_TD3_20260328_114546.csv,167.492236773178
627,171.4220443412323,19,training_log_TD3_20260328_114546.csv,167.58658367008263
628,182.6944432162649,21,training_log_TD3_20260328_114546.csv,164.54231674451734
629,191.9314846497701,26,training_log_TD3_20260328_114546.csv,164.82771741543615
630,170.937866987113,31,training_log_TD3_20260328_114546.csv,170.00494110733706
631,144.49408992929398,83,training_log_TD3_20260328_114546.csv,171.25735250155302
632,185.47860994784543,56,training_log_TD3_20260328_114546.csv,173.24227019668842
633,160.90458258405727,17,training_log_TD3_20260328_114546.csv,168.29746327237083
634,167.6855823681524,19,training_log_TD3_20260328_114546.csv,167.4005224481336
635,154.01066267564744,200,training_log_TD3_20260328_114546.csv,163.22081705379475
636,132.98411679835323,22,training_log_TD3_20260328_114546.csv,161.7014372214401
637,191.11678932889347,27,training_log_TD3_20260328_114546.csv,162.16527489664668
638,120.34294347439594,7,training_log_TD3_20260328_114546.csv,160.3960454202042
639,214.0634818333251,90,training_log_TD3_20260328_114546.csv,162.841764768472
640,171.29889687434655,20,training_log_TD3_20260328_114546.csv,163.19967655524152
641,254.3030164522806,149,training_log_TD3_20260328_114546.csv,169.86756171258293
642,203.70150000278983,33,training_log_TD3_20260328_114546.csv,172.0496134835134
643,191.2837847551093,32,training_log_TD3_20260328_114546.csv,174.6587086698764
644,144.81833340348274,20,training_log_TD3_20260328_114546.csv,174.33779549450585
645,175.4034680935559,59,training_log_TD3_20260328_114546.csv,176.41372048810072
646,163.46172448983458,19,training_log_TD3_20260328_114546.csv,174.6168711102872
647,113.51310301975064,51,training_log_TD3_20260328_114546.csv,171.72142404421314
648,182.685047086753,29,training_log_TD3_20260328_114546.csv,171.72095423773754
649,173.6342989638394,24,training_log_TD3_20260328_114546.csv,170.806094953441
650,188.37308266548928,22,training_log_TD3_20260328_114546.csv,171.6778557373598
651,231.1371106244492,47,training_log_TD3_20260328_114546.csv,176.01000677211755
652,190.04817258672765,25,training_log_TD3_20260328_114546.csv,176.2384849040617
653,179.88303412653335,123,training_log_TD3_20260328_114546.csv,177.1874074811855
654,181.2782645528419,21,training_log_TD3_20260328_114546.csv,177.86704159041997
655,137.63666037048208,55,training_log_TD3_20260328_114546.csv,177.0483414751617
656,196.30413481236872,25,training_log_TD3_20260328_114546.csv,180.2143423758625
657,36.54591568269533,200,training_log_TD3_20260328_114546.csv,172.48579869355257
658,81.43036342579383,200,training_log_TD3_20260328_114546.csv,170.54016969112246
659,150.02346323557077,85,training_log_TD3_20260328_114546.csv,167.33816876123473
660,137.32022132292997,14,training_log_TD3_20260328_114546.csv,165.6392349836639
661,173.79938232550705,25,training_log_TD3_20260328_114546.csv,161.61405327732524
662,124.67553187811336,10,training_log_TD3_20260328_114546.csv,157.6627548710914
663,211.55565876317928,108,training_log_TD3_20260328_114546.csv,158.67634857149488
664,156.9479142591615,23,training_log_TD3_20260328_114546.csv,159.28282761427886
665,243.2633789232976,46,training_log_TD3_20260328_114546.csv,162.67582315576593
666,189.01038823494392,24,training_log_TD3_20260328_114546.csv,163.9532563430214
667,156.85545150617722,17,training_log_TD3_20260328_114546.csv,166.12037376734273
668,146.39026647347862,23,training_log_TD3_20260328_114546.csv,164.305634736679
669,163.74688827538088,23,training_log_TD3_20260328_114546.csv,163.81126420225607
670,188.42477591796643,24,training_log_TD3_20260328_114546.csv,163.81384886487996
671,149.6638278196847,15,training_log_TD3_20260328_114546.csv,159.7401847246417
672,134.38207262708212,12,training_log_TD3_20260328_114546.csv,156.95687972665942
673,151.7914065662937,13,training_log_TD3_20260328_114546.csv,155.55229834864744
674,171.5489994031975,21,training_log_TD3_20260328_114546.csv,155.0658350911652
675,129.53105482271832,48,training_log_TD3_20260328_114546.csv,154.66055481377705
676,128.56751078463606,10,training_log_TD3_20260328_114546.csv,151.2737236123904
677,165.58045495503185,23,training_log_TD3_20260328_114546.csv,157.72545057600726
678,168.46122273967637,17,training_log_TD3_20260328_114546.csv,162.07699354170137
679,179.04946726546407,26,training_log_TD3_20260328_114546.csv,163.528293743196
680,212.9353795844744,27,training_log_TD3_20260328_114546.csv,167.30905165627325
681,138.14952861422614,13,training_log_TD3_20260328_114546.csv,165.5265589707092
682,208.3903561869893,28,training_log_TD3_20260328_114546.csv,169.712300186153
683,221.1374315417034,43,training_log_TD3_20260328_114546.csv,170.1913888250792
684,173.26051143520698,61,training_log_TD3_20260328_114546.csv,171.00701868388145
685,143.00840992631296,16,training_log_TD3_20260328_114546.csv,165.99427023403226
686,171.68931307319053,23,training_log_TD3_20260328_114546.csv,165.12821647594458
687,221.3391415638528,40,training_log_TD3_20260328_114546.csv,168.35240097882837
688,161.66380773103896,23,training_log_TD3_20260328_114546.csv,169.11607804170637
689,152.37796062953868,16,training_log_TD3_20260328_114546.csv,168.54763165941426
690,133.82855949622942,13,training_log_TD3_20260328_114546.csv,165.8178208383274
691,35.72204516453208,200,training_log_TD3_20260328_114546.csv,160.12073170556977
692,249.4153291411238,53,training_log_TD3_20260328_114546.csv,165.87239453127188
693,171.22045353684933,20,training_log_TD3_20260328_114546.csv,166.84384687979963
694,150.23535321766872,18,training_log_TD3_20260328_114546.csv,165.77816457052322
695,195.79215593412903,52,training_log_TD3_20260328_114546.csv,169.09121962609373
696,103.16911760100928,2,training_log_TD3_20260328_114546.csv,167.8212999669124
697,163.44644107544306,17,training_log_TD3_20260328_114546.csv,167.71459927293296
698,220.2164364010456,40,training_log_TD3_20260328_114546.csv,170.30235995600145
699,191.96584944852964,28,training_log_TD3_20260328_114546.csv,170.9481790651547
700,173.21694623518903,18,training_log_TD3_20260328_114546.csv,168.96225739769042
701,174.41517701313583,27,training_log_TD3_20260328_114546.csv,170.77553981763592
702,176.73955674531976,23,training_log_TD3_20260328_114546.csv,169.19299984555244
703,134.5047872908977,11,training_log_TD3_20260328_114546.csv,164.86136763301215
704,213.471972497206,28,training_log_TD3_20260328_114546.csv,166.8719406861121
705,142.93429410832672,13,training_log_TD3_20260328_114546.csv,166.8682348952128
706,180.3557110331901,24,training_log_TD3_20260328_114546.csv,167.3015547932128
707,248.94194977494212,77,training_log_TD3_20260328_114546.csv,168.68169520376722
708,138.01565361201222,13,training_log_TD3_20260328_114546.csv,167.49928749781589
709,157.4773047581388,96,training_log_TD3_20260328_114546.csv,167.7542547042459
710,121.9416302970917,6,training_log_TD3_20260328_114546.csv,167.15990824428903
711,185.9042352111765,21,training_log_TD3_20260328_114546.csv,174.66901774662125
712,179.81525264617963,71,training_log_TD3_20260328_114546.csv,171.18901392187405
713,170.89139166000393,20,training_log_TD3_20260328_114546.csv,171.17256082803178
714,219.79967145420324,63,training_log_TD3_20260328_114546.csv,174.6507767398585
715,174.87201428825273,19,training_log_TD3_20260328_114546.csv,173.60476965756467
716,148.18527321313226,59,training_log_TD3_20260328_114546.csv,175.85557743817085
717,47.35620603504948,200,training_log_TD3_20260328_114546.csv,170.05106568615116
718,168.3391123482923,22,training_log_TD3_20260328_114546.csv,167.45719948351348
719,161.84041792456782,20,training_log_TD3_20260328_114546.csv,165.9509279073154
720,165.0520308641078,18,training_log_TD3_20260328_114546.csv,165.54268213876134
721,178.99577421083765,159,training_log_TD3_20260328_114546.csv,165.77171199864642
722,148.39034449067026,18,training_log_TD3_20260328_114546.csv,164.35425138591395
723,185.7489205379246,89,training_log_TD3_20260328_114546.csv,166.9164580482653
724,180.8331795069925,28,training_log_TD3_20260328_114546.csv,165.28451839875464
725,175.22155377802105,30,training_log_TD3_20260328_114546.csv,166.89888138223935
726,117.4718781474473,7,training_log_TD3_20260328_114546.csv,163.75468973795222
727,166.69739363734436,24,training_log_TD3_20260328_114546.csv,159.64246193107232
728,190.8714695985575,25,training_log_TD3_20260328_114546.csv,162.28525273039958
729,166.61769621652047,20,training_log_TD3_20260328_114546.csv,162.74227230331866
730,50.50985935551878,200,training_log_TD3_20260328_114546.csv,159.17068375624
731,190.5695341030986,156,training_log_TD3_20260328_114546.csv,159.4039487008361
732,164.91059504691538,18,training_log_TD3_20260328_114546.csv,158.65871582087289
733,153.7918555600492,16,training_log_TD3_20260328_114546.csv,157.80373901587515
734,184.94649128728545,22,training_log_TD3_20260328_114546.csv,156.06108000752928
735,142.92564684778642,16,training_log_TD3_20260328_114546.csv,154.46376163550596
736,49.55012227973444,200,training_log_TD3_20260328_114546.csv,149.53200408883606
737,112.9364667550514,7,training_log_TD3_20260328_114546.csv,152.81101712483616
738,140.64773654186465,16,training_log_TD3_20260328_114546.csv,151.42644833451476
739,198.97121770806012,24,training_log_TD3_20260328_114546.csv,153.2829883236894
740,65.295848481446,200,training_log_TD3_20260328_114546.csv,148.2951792045563
741,120.10688914883016,7,training_log_TD3_20260328_114546.csv,145.35073495145593
742,162.9427437209481,25,training_log_TD3_20260328_114546.csv,146.07835491296981
743,179.31441932957324,19,training_log_TD3_20260328_114546.csv,145.75662985255227
744,179.62243432429526,27,training_log_TD3_20260328_114546.csv,145.6960925934174
745,186.34994336599817,28,training_log_TD3_20260328_114546.csv,146.25251207281624
746,118.29567566938888,8,training_log_TD3_20260328_114546.csv,146.29370194891334
747,158.79343494340287,31,training_log_TD3_20260328_114546.csv,145.89850401421626
748,190.25591348480376,21,training_log_TD3_20260328_114546.csv,145.86772620852858
749,38.89712960991787,200,training_log_TD3_20260328_114546.csv,139.48169787819842
750,78.15209940459944,200,training_log_TD3_20260328_114546.csv,140.86380988065247
751,87.11749917457837,200,training_log_TD3_20260328_114546.csv,135.69120813422646
752,82.47941518096805,200,training_log_TD3_20260328_114546.csv,131.5696491409291
753,178.97534787497756,21,training_log_TD3_20260328_114546.csv,132.8288237566755
754,54.274775767689135,200,training_log_TD3_20260328_114546.csv,126.2952379806957
755,261.0968952634703,54,training_log_TD3_20260328_114546.csv,132.2038004014799
756,194.61350669890103,27,training_log_TD3_20260328_114546.csv,139.4569696224382
757,170.89545972982447,26,training_log_TD3_20260328_114546.csv,142.35491927117687
758,133.6906041918693,13,training_log_TD3_20260328_114546.csv,142.0070626536771
759,171.2654263984989,69,training_log_TD3_20260328_114546.csv,140.62177308819903
760,169.87391930779833,55,training_log_TD3_20260328_114546.csv,145.85067662951667
761,129.24374839702472,200,training_log_TD3_20260328_114546.csv,146.3075195919264
762,146.21242252180025,16,training_log_TD3_20260328_114546.csv,145.471003531969
763,64.6387762719628,200,training_log_TD3_20260328_114546.csv,139.73722137908845
764,162.86782319837323,23,training_log_TD3_20260328_114546.csv,138.89949082279236
765,12.726521672127392,200,training_log_TD3_20260328_114546.csv,130.21831973809884
766,67.3127071378734,200,training_log_TD3_20260328_114546.csv,127.66917131152306
767,140.52041868838626,13,training_log_TD3_20260328_114546.csv,126.75552049877221
768,172.51783394873138,28,training_log_TD3_20260328_114546.csv,125.8686165219686
769,127.82313906937344,13,training_log_TD3_20260328_114546.csv,130.31491699494137
770,153.55092177767926,92,training_log_TD3_20260328_114546.csv,134.08485811359537
771,189.4969810300584,24,training_log_TD3_20260328_114546.csv,139.20383220636938
772,174.01986849811328,26,training_log_TD3_20260328_114546.csv,143.78085487222666
773,204.4136700501836,28,training_log_TD3_20260328_114546.csv,145.05277098098696
774,194.0579565587387,34,training_log_TD3_20260328_114546.csv,152.0419300205394
775,155.0840928239991,22,training_log_TD3_20260328_114546.csv,146.74128989856587
776,208.85791028221325,33,training_log_TD3_20260328_114546.csv,147.45351007773147
777,139.09989650645002,60,training_log_TD3_20260328_114546.csv,145.86373191656276
778,83.1821586594175,200,training_log_TD3_20260328_114546.csv,143.33830963994015
779,157.5340200448669,21,training_log_TD3_20260328_114546.csv,142.65173932225858
780,77.86848120793,200,training_log_TD3_20260328_114546.csv,138.05146741726514
781,160.4265392053886,20,training_log_TD3_20260328_114546.csv,139.61060695768333
782,230.8655895432679,46,training_log_TD3_20260328_114546.csv,143.84326530875674
783,167.5382244387999,69,training_log_TD3_20260328_114546.csv,148.98823771709857
784,180.7876984779352,25,training_log_TD3_20260328_114546.csv,149.88423148107668
785,210.4659103485842,26,training_log_TD3_20260328_114546.csv,159.7712009148995
786,211.0166046278836,82,training_log_TD3_20260328_114546.csv,166.9563957894
787,74.73669070449715,200,training_log_TD3_20260328_114546.csv,163.66720939020556
788,202.77477263931135,28,training_log_TD3_20260328_114546.csv,165.18005632473455
789,177.44569517577446,21,training_log_TD3_20260328_114546.csv,167.66118413005464
790,162.62130422679328,23,training_log_TD3_20260328_114546.csv,168.1147032525103
791,24.834781211443705,200,training_log_TD3_20260328_114546.csv,159.88159326157958
792,133.08223450702002,12,training_log_TD3_20260328_114546.csv,157.8347115620249
793,162.14876598630144,20,training_log_TD3_20260328_114546.csv,155.7214663588308
794,169.25283852977225,23,training_log_TD3_20260328_114546.csv,154.48121045738247
795,194.62916697967765,23,training_log_TD3_20260328_114546.csv,156.45846416516642
796,150.17484227883256,16,training_log_TD3_20260328_114546.csv,153.52431076499738
797,180.00170407612077,26,training_log_TD3_20260328_114546.csv,155.56940114348092
798,163.7878203284598,19,training_log_TD3_20260328_114546.csv,159.59968422693305
799,157.58511997083477,21,training_log_TD3_20260328_114546.csv,159.6022392232314
800,173.40364164308244,26,training_log_TD3_20260328_114546.csv,164.37899724498905
801,185.6558638495373,24,training_log_TD3_20260328_114546.csv,165.64046347719648
802,99.4901404616202,200,training_log_TD3_20260328_114546.csv,159.07169102311408
803,203.27666959902035,91,training_log_TD3_20260328_114546.csv,160.85861328112512
804,162.65743724894466,20,training_log_TD3_20260328_114546.csv,159.9521002196756
805,100.0,1,training_log_TD3_20260328_114546.csv,154.4288047022464
806,173.4910892576048,19,training_log_TD3_20260328_114546.csv,152.55252893373245
807,162.46077889547232,23,training_log_TD3_20260328_114546.csv,156.9387333432812
808,196.6084467148389,25,training_log_TD3_20260328_114546.csv,156.6304170470576
809,59.81947567897039,200,training_log_TD3_20260328_114546.csv,150.7491060722174
810,148.3445933605318,14,training_log_TD3_20260328_114546.csv,150.0352705289043
811,144.11983229057114,13,training_log_TD3_20260328_114546.csv,155.99952308286066
812,145.56799973219194,19,training_log_TD3_20260328_114546.csv,156.62381134411928
813,16.265573361543247,200,training_log_TD3_20260328_114546.csv,149.32965171288134
814,151.72716560082748,106,training_log_TD3_20260328_114546.csv,148.45336806643414
815,175.43629740995735,24,training_log_TD3_20260328_114546.csv,147.4937245879481
816,177.98369595818687,21,training_log_TD3_20260328_114546.csv,148.88416727191583
817,51.96848854387147,200,training_log_TD3_20260328_114546.csv,142.48250649530337
818,165.38467864754622,17,training_log_TD3_20260328_114546.csv,142.56234941125769
819,177.04202371614133,88,training_log_TD3_20260328_114546.csv,143.53519459852302
820,188.8046484337137,21,training_log_TD3_20260328_114546.csv,144.30524493805459
821,257.7396057652177,67,training_log_TD3_20260328_114546.csv,147.90943203383858
822,149.77730715566642,15,training_log_TD3_20260328_114546.csv,150.4237903685409
823,187.36282631540232,23,training_log_TD3_20260328_114546.csv,149.62809820436001
824,185.96806665321267,26,training_log_TD3_20260328_114546.csv,150.7936296745734
825,164.98506534018287,20,training_log_TD3_20260328_114546.csv,154.04288294158255
826,258.3695270840541,54,training_log_TD3_20260328_114546.csv,158.286804832905
827,166.38029124218133,17,training_log_TD3_20260328_114546.csv,158.48278045024045
828,134.44057954159854,53,training_log_TD3_20260328_114546.csv,155.37438709157846
829,162.80266241358436,24,training_log_TD3_20260328_114546.csv,160.52354642830912
830,134.2627864334257,18,training_log_TD3_20260328_114546.csv,159.81945608195383
831,158.90863733375218,20,training_log_TD3_20260328_114546.csv,160.5588963341129
832,177.83156860761196,21,training_log_TD3_20260328_114546.csv,162.1720747778839
833,176.25503241707003,96,training_log_TD3_20260328_114546.csv,170.17154773066022
834,72.6434885802495,200,training_log_TD3_20260328_114546.csv,166.21736387963134
835,223.8343020575913,78,training_log_TD3_20260328_114546.csv,168.63726411201304
836,86.84682390234991,200,training_log_TD3_20260328_114546.csv,164.08042050922117
837,185.3981625586388,25,training_log_TD3_20260328_114546.csv,170.75190420995952
838,131.1561245232837,8,training_log_TD3_20260328_114546.csv,169.04047650374642
839,190.99691350505736,128,training_log_TD3_20260328_114546.csv,169.73822099319221
840,166.0197006942626,36,training_log_TD3_20260328_114546.csv,168.59897360621966
841,68.07351768861584,200,training_log_TD3_20260328_114546.csv,159.1156692023896
842,184.012422281646,20,training_log_TD3_20260328_114546.csv,160.82742495868857
843,173.49247433400615,18,training_log_TD3_20260328_114546.csv,160.13390735961875
844,175.0828648701032,54,training_log_TD3_20260328_114546.csv,159.58964727046327
845,173.34696627181026,28,training_log_TD3_20260328_114546.csv,160.00774231704466
846,188.56652994841005,33,training_log_TD3_20260328_114546.csv,156.51759246026245
847,178.49929792160694,23,training_log_TD3_20260328_114546.csv,157.1235427942337
848,201.4765113877632,34,training_log_TD3_20260328_114546.csv,160.47533938654195
849,174.6100521625412,22,training_log_TD3_20260328_114546.csv,161.0657088739898
850,55.31392139658056,200,training_log_TD3_20260328_114546.csv,157.11826562214753
851,126.3467449290273,19,training_log_TD3_20260328_114546.csv,155.49017100191128
852,236.34226062855527,63,training_log_TD3_20260328_114546.csv,158.41570560295847
853,51.218900222381535,200,training_log_TD3_20260328_114546.csv,152.16389899322402
854,188.51263480295245,32,training_log_TD3_20260328_114546.csv,157.95735630435917
855,198.6704041020977,28,training_log_TD3_20260328_114546.csv,156.6991614065845
856,181.86007399616983,27,training_log_TD3_20260328_114546.csv,161.44982391127547
857,158.06729601497355,36,training_log_TD3_20260328_114546.csv,160.08328058409225
858,164.39499757246108,111,training_log_TD3_20260328_114546.csv,161.7452242365511
859,182.82967712107995,72,training_log_TD3_20260328_114546.csv,161.33686241735225
860,176.68674833310172,23,training_log_TD3_20260328_114546.csv,161.8702147992942
861,182.5931077934409,24,training_log_TD3_20260328_114546.csv,167.59619430453546
862,181.29419949017787,30,training_log_TD3_20260328_114546.csv,167.46028316496205
863,156.27677534393064,127,training_log_TD3_20260328_114546.csv,166.59949821545825
864,175.09522353932837,23,training_log_TD3_20260328_114546.csv,166.6001161489195
865,127.19217466327048,38,training_log_TD3_20260328_114546.csv,164.29237656849253
866,182.28908328798943,25,training_log_TD3_20260328_114546.csv,163.9785042354715
867,170.40336418093244,44,training_log_TD3_20260328_114546.csv,163.57370754843777
868,177.31687907903452,21,training_log_TD3_20260328_114546.csv,162.36572593300133
869,196.62455153177092,29,training_log_TD3_20260328_114546.csv,163.46645090146282
870,61.04298227569693,200,training_log_TD3_20260328_114546.csv,163.75290394541864
871,150.00530734456467,154,training_log_TD3_20260328_114546.csv,164.9358320661955
872,255.15247114082268,57,training_log_TD3_20260328_114546.csv,165.87634259180888
873,123.70526470023658,11,training_log_TD3_20260328_114546.csv,169.50066081570165
874,259.2678330381202,53,training_log_TD3_20260328_114546.csv,173.03842072746002
875,207.3943158336635,34,training_log_TD3_20260328_114546.csv,173.47461631403831
876,224.50340459520976,77,training_log_TD3_20260328_114546.csv,175.60678284399032
877,260.43455464842066,57,training_log_TD3_20260328_114546.csv,180.72514577566267
878,236.085574380148,50,training_log_TD3_20260328_114546.csv,184.30967461604703
879,181.09999895201,21,training_log_TD3_20260328_114546.csv,184.22319070759352
880,254.4820532315957,51,training_log_TD3_20260328_114546.csv,188.11295595251823
881,169.68659825732135,26,training_log_TD3_20260328_114546.csv,187.46763047571224
882,169.28292921488958,144,training_log_TD3_20260328_114546.csv,186.86706696194784
883,167.31397252228692,32,training_log_TD3_20260328_114546.csv,187.41892682086564
884,143.56394350667784,16,training_log_TD3_20260328_114546.csv,185.8423628192331
885,207.17708982106944,31,training_log_TD3_20260328_114546.csv,189.84160857712305
886,186.3351831904421,33,training_log_TD3_20260328_114546.csv,190.04391357224569
887,169.8143093042402,21,training_log_TD3_20260328_114546.csv,190.01446082841107
888,44.17318333782558,200,training_log_TD3_20260328_114546.csv,183.35727604135064
889,157.43468497634166,56,training_log_TD3_20260328_114546.csv,181.39778271357915
890,169.35971276983082,30,training_log_TD3_20260328_114546.csv,186.81361923828587
891,160.556435949256,15,training_log_TD3_20260328_114546.csv,187.34117566852044
892,158.29521094068198,15,training_log_TD3_20260328_114546.csv,182.49831265851338
893,141.65993916295946,13,training_log_TD3_20260328_114546.csv,183.39604638164954
894,176.7283519366988,23,training_log_TD3_20260328_114546.csv,179.26907232657848
895,169.74488785612107,27,training_log_TD3_20260328_114546.csv,177.38660092770132
896,141.81637913732794,13,training_log_TD3_20260328_114546.csv,173.25224965480726
897,167.77025286438817,20,training_log_TD3_20260328_114546.csv,168.61903456560563
898,178.86008155423767,22,training_log_TD3_20260328_114546.csv,165.7577599243101
899,194.5407453647402,22,training_log_TD3_20260328_114546.csv,166.42979724494663
900,161.5212989126493,21,training_log_TD3_20260328_114546.csv,161.78175952899932
901,140.9591581302131,14,training_log_TD3_20260328_114546.csv,160.34538752264388
902,167.2261432445461,43,training_log_TD3_20260328_114546.csv,160.24254822412672
903,195.92955718162727,39,training_log_TD3_20260328_114546.csv,161.67332745709376
904,184.486496624877,72,training_log_TD3_20260328_114546.csv,163.7194551130037
905,128.91593972520985,12,training_log_TD3_20260328_114546.csv,159.80639760821072
906,147.6214960722853,12,training_log_TD3_20260328_114546.csv,157.8707132523029
907,143.12402543110636,18,training_log_TD3_20260328_114546.csv,156.53619905864616
908,122.53284468824268,14,training_log_TD3_20260328_114546.csv,160.45418212616704
909,166.5528912664696,18,training_log_TD3_20260328_114546.csv,160.91009244067345
910,147.55572738943692,18,training_log_TD3_20260328_114546.csv,159.81989317165375
911,161.58088324087527,16,training_log_TD3_20260328_114546.csv,159.8711155362347
912,219.29360274029472,39,training_log_TD3_20260328_114546.csv,162.92103512621534
913,152.16712728364465,13,training_log_TD3_20260328_114546.csv,163.4463945322496
914,127.2867332717354,10,training_log_TD3_20260328_114546.csv,160.97431359900142
915,217.99576595605288,75,training_log_TD3_20260328_114546.csv,163.38685750399802
916,200.9990741336528,33,training_log_TD3_20260328_114546.csv,166.34599225381425
917,173.86662430448138,61,training_log_TD3_20260328_114546.csv,166.65081082581892
918,131.99186797407833,10,training_log_TD3_20260328_114546.csv,164.30740014681095
919,138.0222280730206,200,training_log_TD3_20260328_114546.csv,161.48147428222495
920,163.94355482547743,24,training_log_TD3_20260328_114546.csv,161.6025870778664
921,154.35427256518062,20,training_log_TD3_20260328_114546.csv,162.27234279961476
922,142.68687492255543,10,training_log_TD3_20260328_114546.csv,161.04537938351524
923,157.73378703604214,170,training_log_TD3_20260328_114546.csv,159.13559087623597
924,228.23201431514667,44,training_log_TD3_20260328_114546.csv,161.32286676074946
925,193.6523946104948,29,training_log_TD3_20260328_114546.csv,164.5596895050137
926,167.5146092813318,27,training_log_TD3_20260328_114546.csv,165.55434516546603
927,218.5987616838965,41,training_log_TD3_20260328_114546.csv,169.32808197810556
928,173.62536372151328,109,training_log_TD3_20260328_114546.csv,171.88270792976908
929,152.23283165434714,17,training_log_TD3_20260328_114546.csv,171.16670494916292
930,149.09633822242645,16,training_log_TD3_20260328_114546.csv,171.2437354908124
931,134.25085161750474,11,training_log_TD3_20260328_114546.csv,169.87723390964388
932,179.57062746413027,25,training_log_TD3_20260328_114546.csv,167.89108514583566
933,158.01744131320157,20,training_log_TD3_20260328_114546.csv,168.18360084731353
934,137.96508763146335,44,training_log_TD3_20260328_114546.csv,168.7175185652999
935,43.7746796139602,200,training_log_TD3_20260328_114546.csv,160.0064642481953
936,204.8176144438974,28,training_log_TD3_20260328_114546.csv,160.19739126370752
937,47.5146516512288,200,training_log_TD3_20260328_114546.csv,153.87979263104486
938,180.03791052894783,29,training_log_TD3_20260328_114546.csv,156.28209475878833
939,168.5029861767607,135,training_log_TD3_20260328_114546.csv,157.80613266397535
940,123.9133288049586,73,training_log_TD3_20260328_114546.csv,155.8046213629494
941,181.83088385684624,124,training_log_TD3_20260328_114546.csv,157.1784519275327
942,142.60932578733372,16,training_log_TD3_20260328_114546.csv,157.1745744707716
943,177.95160334884642,19,training_log_TD3_20260328_114546.csv,158.1854652864118
944,185.97885758143624,103,training_log_TD3_20260328_114546.csv,156.07280744972633
945,187.4239778786161,27,training_log_TD3_20260328_114546.csv,155.76138661313237
946,95.54348932995262,200,training_log_TD3_20260328_114546.csv,152.16283061556342
947,50.07185917331156,200,training_log_TD3_20260328_114546.csv,143.73648549003414
948,142.70601113857845,13,training_log_TD3_20260328_114546.csv,142.1905178608874
949,194.41769378115004,99,training_log_TD3_20260328_114546.csv,144.29976096722757
950,162.83288681822702,26,training_log_TD3_20260328_114546.csv,144.9865883970176
951,166.53723691813298,29,training_log_TD3_20260328_114546.csv,146.600907662049
952,161.2310352199287,17,training_log_TD3_20260328_114546.csv,145.68392804983893
953,172.8759435341246,25,training_log_TD3_20260328_114546.csv,146.42685316088506
954,125.11938366873136,7,training_log_TD3_20260328_114546.csv,145.7845679627485
955,245.41830027676244,45,training_log_TD3_20260328_114546.csv,155.8667489958886
956,131.28947000650658,12,training_log_TD3_20260328_114546.csv,152.19034177401906
957,150.77789555674798,14,training_log_TD3_20260328_114546.csv,157.353503969295
958,154.95825366280366,15,training_log_TD3_20260328_114546.csv,156.0995211259878
959,241.68198010193132,50,training_log_TD3_20260328_114546.csv,159.75847082224635
960,190.60102735215133,24,training_log_TD3_20260328_114546.csv,163.09285574960597
961,146.2690969755771,29,training_log_TD3_20260328_114546.csv,161.3147664055425
962,166.99861257857657,21,training_log_TD3_20260328_114546.csv,162.53423074510465
963,175.91351892443112,32,training_log_TD3_20260328_114546.csv,162.4323265238839
964,159.5534298312691,14,training_log_TD3_20260328_114546.csv,161.11105513637554
965,163.5256391085753,20,training_log_TD3_20260328_114546.csv,159.91613819787352
966,149.37624827826875,19,training_log_TD3_20260328_114546.csv,162.60777614528928
967,153.54809531559184,19,training_log_TD3_20260328_114546.csv,167.78158795240333
968,171.8777888313781,21,training_log_TD3_20260328_114546.csv,169.2401768370433
969,167.0546040639887,20,training_log_TD3_20260328_114546.csv,167.87202235118522
970,220.30397284738547,47,training_log_TD3_20260328_114546.csv,170.74557665264314
971,177.88651360637283,23,training_log_TD3_20260328_114546.csv,171.31304048705516
972,159.08810204599783,18,training_log_TD3_20260328_114546.csv,171.2058938283586
973,158.9903396685364,23,training_log_TD3_20260328_114546.csv,170.5116136350792
974,147.47853342407376,20,training_log_TD3_20260328_114546.csv,171.6295711228463
975,158.66946906756505,13,training_log_TD3_20260328_114546.csv,167.29212956238644
976,142.39207106216537,16,training_log_TD3_20260328_114546.csv,167.84725961516938
977,206.7189562635693,170,training_log_TD3_20260328_114546.csv,170.64431265051044
978,173.30517279306417,19,training_log_TD3_20260328_114546.csv,171.56165860702347
979,174.54259257049586,22,training_log_TD3_20260328_114546.csv,168.2046892304517
980,179.88898811644174,23,training_log_TD3_20260328_114546.csv,167.6690872686662
981,159.40302462564833,22,training_log_TD3_20260328_114546.csv,168.3257836511698
982,202.13634255785496,26,training_log_TD3_20260328_114546.csv,170.0826701501337
983,162.1653035306018,24,training_log_TD3_20260328_114546.csv,169.39525938044224
984,150.81317777117832,18,training_log_TD3_20260328_114546.csv,168.9582467774377
985,242.23680449925456,45,training_log_TD3_20260328_114546.csv,172.89380504697164
986,134.5410120582052,12,training_log_TD3_20260328_114546.csv,172.15204323596848
987,225.39535891291436,42,training_log_TD3_20260328_114546.csv,175.74440641583462
988,162.71460539834422,16,training_log_TD3_20260328_114546.csv,175.2862472441829
989,138.92864428733608,14,training_log_TD3_20260328_114546.csv,173.87994925535025
990,154.7828793112688,13,training_log_TD3_20260328_114546.csv,170.60389457854444
991,194.06958527887969,23,training_log_TD3_20260328_114546.csv,171.4130481621698
992,171.2307625659773,23,training_log_TD3_20260328_114546.csv,172.02018118816875
993,171.1588602133978,20,training_log_TD3_20260328_114546.csv,172.62860721541182
994,187.94660009584908,20,training_log_TD3_20260328_114546.csv,174.6520105490006
995,199.11061485929963,36,training_log_TD3_20260328_114546.csv,176.67406783858732
996,221.03066024500367,41,training_log_TD3_20260328_114546.csv,180.60599729772923
997,217.7852171863452,36,training_log_TD3_20260328_114546.csv,181.15931034386804
998,155.4967617337839,18,training_log_TD3_20260328_114546.csv,180.26888979090404
999,188.90404658467733,29,training_log_TD3_20260328_114546.csv,180.9869624916131
1000,174.2232366651357,25,training_log_TD3_20260328_114546.csv,180.7036749190478
1001,176.13086717672297,28,training_log_TD3_20260328_114546.csv,181.54006704660154
1002,140.09068248580832,15,training_log_TD3_20260328_114546.csv,178.4377840429992
1003,123.50777663361528,7,training_log_TD3_20260328_114546.csv,176.50490769814988
1004,147.16299700831058,15,training_log_TD3_20260328_114546.csv,176.32239866000648
1005,175.1010624552043,19,training_log_TD3_20260328_114546.csv,172.96561155780395
1006,-7.064029817680115,14,training_log_TD3_20260328_114546.csv,165.8853594640097
1007,158.00088364856407,16,training_log_TD3_20260328_114546.csv,162.5156357007922
1008,169.45313194905867,19,training_log_TD3_20260328_114546.csv,162.8525620283279
1009,-38.71007407627431,4,training_log_TD3_20260328_114546.csv,153.9706261101474
1010,174.97990150164452,22,training_log_TD3_20260328_114546.csv,154.98047721966617
1011,222.08581719386024,34,training_log_TD3_20260328_114546.csv,156.38128881541522
1012,188.4116698608028,29,training_log_TD3_20260328_114546.csv,157.24033418015648
1013,172.7459048734064,27,training_log_TD3_20260328_114546.csv,157.31968641315692
1014,-15.774914687224516,13,training_log_TD3_20260328_114546.csv,147.13361067400322
1015,169.12167730189634,21,training_log_TD3_20260328_114546.csv,145.63416379613307
1016,178.99692005349746,19,training_log_TD3_20260328_114546.csv,143.53247678655777
1017,-12.315426350977084,13,training_log_TD3_20260328_114546.csv,132.02744460969166
1018,171.76761356383318,20,training_log_TD3_20260328_114546.csv,132.84098720119408
1019,170.5878685569137,26,training_log_TD3_20260328_114546.csv,131.92517829980594
1020,-13.717179531389249,13,training_log_TD3_20260328_114546.csv,122.52815748997966
1021,188.38580636651423,24,training_log_TD3_20260328_114546.csv,123.14090444946923
1022,161.19498917661656,18,training_log_TD3_20260328_114546.csv,124.19611978400965
1023,-17.96797247645943,9,training_log_TD3_20260328_114546.csv,117.1223323285059
1024,183.83952609155105,21,training_log_TD3_20260328_114546.csv,118.95615878266794
1025,131.54379413717646,9,training_log_TD3_20260328_114546.csv,116.77829536676657
1026,220.83301512508484,77,training_log_TD3_20260328_114546.csv,128.1731476139048
1027,-30.45005645735341,9,training_log_TD3_20260328_114546.csv,118.75060060860892
1028,246.4632307602741,51,training_log_TD3_20260328_114546.csv,122.60110554916969
1029,145.272945081482,14,training_log_TD3_20260328_114546.csv,131.80025650705753
1030,149.83692621449882,17,training_log_TD3_20260328_114546.csv,130.54310774270022
1031,163.07922676860233,20,training_log_TD3_20260328_114546.csv,127.59277822143731
1032,132.03520999192608,17,training_log_TD3_20260328_114546.csv,124.7739552279935
1033,-46.16269275519765,3,training_log_TD3_20260328_114546.csv,113.82852534656328
1034,153.69511850581432,29,training_log_TD3_20260328_114546.csv,122.30202700621524
1035,157.38377327999842,188,training_log_TD3_20260328_114546.csv,121.71513180512034
1036,167.81468861577568,22,training_log_TD3_20260328_114546.csv,121.15602023323427
1037,9.099994215383257,16,training_log_TD3_20260328_114546.csv,122.22679126155226
1038,-19.065716863277864,12,training_log_TD3_20260328_114546.csv,112.68512474019671
1039,-4.850318843933245,13,training_log_TD3_20260328_114546.csv,103.91321537015438
1040,165.5046045389374,23,training_log_TD3_20260328_114546.csv,112.8743045736707
1041,-29.75656447411742,8,training_log_TD3_20260328_114546.csv,101.96718603163912
1042,-25.29408231568233,7,training_log_TD3_20260328_114546.csv,92.64273245702417
1043,-20.69795675219244,8,training_log_TD3_20260328_114546.csv,92.50623324323752
1044,100.0,1,training_log_TD3_20260328_114546.csv,88.31425693865997
1045,199.1939599307128,46,training_log_TD3_20260328_114546.csv,91.69676522833677
1046,-50.0,1,training_log_TD3_20260328_114546.csv,78.15511447208254
1047,5.883417799040643,15,training_log_TD3_20260328_114546.csv,79.97178818490224
1048,130.8773295027475,13,training_log_TD3_20260328_114546.csv,74.19249312202592
1049,148.56271419445676,21,training_log_TD3_20260328_114546.csv,74.35698157767465
1050,227.8226500279613,35,training_log_TD3_20260328_114546.csv,78.25626776834778
1051,163.62306841169328,25,training_log_TD3_20260328_114546.csv,78.28345985050233
1052,182.8358766616344,138,training_log_TD3_20260328_114546.csv,80.82349318398774
1053,5.513556073732239,14,training_log_TD3_20260328_114546.csv,83.40730562543423
1054,149.97900391017367,65,training_log_TD3_20260328_114546.csv,83.2214998956522
1055,-39.68488297002014,4,training_log_TD3_20260328_114546.csv,73.36806708315126
1056,250.6650793125086,44,training_log_TD3_20260328_114546.csv,77.51058661798791
1057,228.88474940342957,40,training_log_TD3_20260328_114546.csv,88.49982437739024
1058,136.82857834272798,11,training_log_TD3_20260328_114546.csv,96.29453913769052
1059,155.03395096993518,14,training_log_TD3_20260328_114546.csv,104.28875262838395
1060,140.3750852566059,17,training_log_TD3_20260328_114546.csv,103.03227666426737
1061,172.59808952184807,21,training_log_TD3_20260328_114546.csv,113.15000936406564
1062,244.43991026361155,49,training_log_TD3_20260328_114546.csv,126.63670899303035
1063,166.40715237866772,30,training_log_TD3_20260328_114546.csv,135.99196444957335
1064,-14.888052417755349,11,training_log_TD3_20260328_114546.csv,130.24756182868558
1065,191.1393338345696,25,training_log_TD3_20260328_114546.csv,129.84483052387844
1066,175.9390919822381,47,training_log_TD3_20260328_114546.csv,141.14178512299034
1067,-23.0839877340569,7,training_log_TD3_20260328_114546.csv,139.69341484633546
1068,-50.0,1,training_log_TD3_20260328_114546.csv,130.64954837119808
1069,249.9683944487267,51,training_log_TD3_20260328_114546.csv,135.71983238391155
1070,218.6063728003105,35,training_log_TD3_20260328_114546.csv,135.25901852252903
1071,136.88803927065177,16,training_log_TD3_20260328_114546.csv,133.92226706547697
1072,-29.169089712990008,6,training_log_TD3_20260328_114546.csv,123.32201874674573
1073,-36.770014282875934,6,training_log_TD3_20260328_114546.csv,121.20784022891533
1074,18.932777156515385,18,training_log_TD3_20260328_114546.csv,114.65552889123242
1075,174.86177779735883,47,training_log_TD3_20260328_114546.csv,125.38286192960136
1076,246.47267622241685,48,training_log_TD3_20260328_114546.csv,125.17324177509678
1077,-16.167603807539486,10,training_log_TD3_20260328_114546.csv,112.92062411454833
1078,-26.994174219108466,9,training_log_TD3_20260328_114546.csv,104.7294864864565
1079,153.9457355096822,19,training_log_TD3_20260328_114546.csv,104.67507571344386
1080,160.5220111380317,20,training_log_TD3_20260328_114546.csv,105.68242200751516
1081,52.65226837807843,31,training_log_TD3_20260328_114546.csv,99.68513095032667
1082,135.50659513191124,14,training_log_TD3_20260328_114546.csv,94.23846519374163
1083,-11.17032302240137,11,training_log_TD3_20260328_114546.csv,85.35959142368819
1084,-39.28205329287972,4,training_log_TD3_20260328_114546.csv,84.13989137993198
1085,187.98949244929355,26,training_log_TD3_20260328_114546.csv,83.98239931066817
1086,176.5948322058114,20,training_log_TD3_20260328_114546.csv,84.01518632184684
1087,126.91475223395229,7,training_log_TD3_20260328_114546.csv,91.51512332024728
1088,166.16969135910728,22,training_log_TD3_20260328_114546.csv,102.32360788820264
1089,-50.0,1,training_log_TD3_20260328_114546.csv,87.32518816576632
1090,209.2644686353468,40,training_log_TD3_20260328_114546.csv,86.85809295751814
1091,175.73943543445444,23,training_log_TD3_20260328_114546.csv,88.80066276570827
1092,-10.508816599668783,10,training_log_TD3_20260328_114546.csv,89.73367642137433
1093,185.05890034376188,80,training_log_TD3_20260328_114546.csv,100.82512215270621
1094,-28.6147819402554,7,training_log_TD3_20260328_114546.csv,98.44774419786768
1095,-33.72390019676134,8,training_log_TD3_20260328_114546.csv,88.01846029816167
1096,109.4075555532136,200,training_log_TD3_20260328_114546.csv,81.16520426470152
1097,-50.0,1,training_log_TD3_20260328_114546.csv,79.4735844550785
1098,60.2473592607286,200,training_log_TD3_20260328_114546.csv,83.83566112907033
1099,-12.396576416496243,12,training_log_TD3_20260328_114546.csv,75.51854553276141
1100,113.69735413592498,11,training_log_TD3_20260328_114546.csv,73.17731268265608
1101,-30.75338297793082,6,training_log_TD3_20260328_114546.csv,69.00703011485561
1102,254.39421063156416,46,training_log_TD3_20260328_114546.csv,74.95141088983827
1103,193.57411641786624,55,training_log_TD3_20260328_114546.csv,85.18863286185164
1104,-41.22802244148944,6,training_log_TD3_20260328_114546.csv,85.09133440442116
1105,187.3485738281096,20,training_log_TD3_20260328_114546.csv,85.05928847336197
1106,109.66521573244826,5,training_log_TD3_20260328_114546.csv,81.7128076496938
1107,202.15488537330305,26,training_log_TD3_20260328_114546.csv,85.47481430666134
1108,142.12794594847583,16,training_log_TD3_20260328_114546.csv,84.27272703612978
1109,145.60551242925044,18,training_log_TD3_20260328_114546.csv,94.05300265759229
1110,-38.9232395111482,4,training_log_TD3_20260328_114546.csv,81.64361725026754
1111,-36.18066596397026,4,training_log_TD3_20260328_114546.csv,71.0476121803463
1112,174.49217507160864,50,training_log_TD3_20260328_114546.csv,80.29766176391017
1113,-20.340376946493283,13,training_log_TD3_20260328_114546.csv,70.02769789939742
1114,-18.54274987636676,9,training_log_TD3_20260328_114546.csv,70.53129950259185
1115,155.73229652593784,56,training_log_TD3_20260328_114546.csv,80.0041093387268
1116,213.8054907578812,34,training_log_TD3_20260328_114546.csv,85.22400609896019
1117,100.0,1,training_log_TD3_20260328_114546.csv,92.72400609896019
1118,176.4177347853839,27,training_log_TD3_20260328_114546.csv,98.53252487519296
1119,142.27730730446842,15,training_log_TD3_20260328_114546.csv,106.26621906124119
1120,164.450443719785,40,training_log_TD3_20260328_114546.csv,108.80387354043418
1121,-50.0,1,training_log_TD3_20260328_114546.csv,107.84154268933074
1122,-7.179018662502855,14,training_log_TD3_20260328_114546.csv,94.76288122462738
1123,130.34934252892384,13,training_log_TD3_20260328_114546.csv,91.60164253018027
1124,178.84409769385434,24,training_log_TD3_20260328_114546.csv,102.60524853694744
1125,155.31746565684378,80,training_log_TD3_20260328_114546.csv,101.00369312838416
1126,97.43079659656492,200,training_log_TD3_20260328_114546.csv,100.39197217158998
1127,190.885421165502,197,training_log_TD3_20260328_114546.csv,99.82849896119994
1128,170.36015141958677,20,training_log_TD3_20260328_114546.csv,101.2401092347555
1129,-11.369680447534598,16,training_log_TD3_20260328_114546.csv,93.39134959091624
1130,68.85228432490554,200,training_log_TD3_20260328_114546.csv,98.78012578271891
1131,10.989897717906643,15,training_log_TD3_20260328_114546.csv,101.13865396681277
1132,275.00125227831046,56,training_log_TD3_20260328_114546.csv,106.16410782714786
1133,171.63337493646776,25,training_log_TD3_20260328_114546.csv,115.76279542129592
1134,22.54609709264361,200,training_log_TD3_20260328_114546.csv,117.81723776974643
1135,29.727468895769533,27,training_log_TD3_20260328_114546.csv,111.51699638823803
1136,197.02467190487243,31,training_log_TD3_20260328_114546.csv,110.67795544558757
1137,-18.50296385318452,10,training_log_TD3_20260328_114546.csv,104.75280725292835
1138,247.3875790345966,60,training_log_TD3_20260328_114546.csv,108.30129946538898
1139,-10.173787131103971,14,training_log_TD3_20260328_114546.csv,100.67874474361037
1140,138.58203874134955,15,training_log_TD3_20260328_114546.csv,99.3853244946886
1141,-15.549512713825244,10,training_log_TD3_20260328_114546.csv,101.10784885899733
1142,-26.18539361467237,9,training_log_TD3_20260328_114546.csv,100.15753011138885
1143,-38.53416149961687,4,training_log_TD3_20260328_114546.csv,91.71335490996182
1144,-24.523032496928344,8,training_log_TD3_20260328_114546.csv,81.54499840042268
1145,156.9935372304463,17,training_log_TD3_20260328_114546.csv,81.6288019791028
1146,199.916182251312,60,training_log_TD3_20260328_114546.csv,86.75307126184018
1147,-9.09349909074956,17,training_log_TD3_20260328_114546.csv,76.75412524902758
1148,-24.685002468950778,8,training_log_TD3_20260328_114546.csv,67.00186755460071
1149,194.91203512542725,78,training_log_TD3_20260328_114546.csv,77.3159533332488
1150,245.4662757335927,78,training_log_TD3_20260328_114546.csv,86.14665290368316
1151,134.16090914708576,12,training_log_TD3_20260328_114546.csv,92.30520347514212
1152,147.4229319993439,33,training_log_TD3_20260328_114546.csv,85.92628746119378
1153,-27.712368674245518,6,training_log_TD3_20260328_114546.csv,75.95900028065812
1154,149.2453757613909,19,training_log_TD3_20260328_114546.csv,82.2939642140955
1155,147.23546206504477,18,training_log_TD3_20260328_114546.csv,88.16936387255925
1156,117.22777784176452,9,training_log_TD3_20260328_114546.csv,84.17951916940385
1157,157.22192076057576,19,training_log_TD3_20260328_114546.csv,92.96576340009186
1158,172.12000693859463,51,training_log_TD3_20260328_114546.csv,89.20238479529178
1159,16.56425767391889,200,training_log_TD3_20260328_114546.csv,90.53928703554291
1160,158.60221562183756,18,training_log_TD3_20260328_114546.csv,91.54029587956731
1161,165.29268034268134,24,training_log_TD3_20260328_114546.csv,100.58240553239264
1162,199.68942367109128,57,training_log_TD3_20260328_114546.csv,111.87614639668081
1163,132.6380559395965,12,training_log_TD3_20260328_114546.csv,120.43475726864149
1164,165.10924672724838,54,training_log_TD3_20260328_114546.csv,129.9163712298503
1165,140.4570011098966,58,training_log_TD3_20260328_114546.csv,129.08954442382284
1166,161.2684048682014,23,training_log_TD3_20260328_114546.csv,127.15715555466731
1167,67.47394509409946,200,training_log_TD3_20260328_114546.csv,130.98552776390977
1168,154.71511430142817,15,training_log_TD3_20260328_114546.csv,139.95553360242872
1169,170.02408269793233,20,training_log_TD3_20260328_114546.csv,138.71113598105396
1170,169.16438091536293,20,training_log_TD3_20260328_114546.csv,134.89604124014247
1171,180.35967244597293,55,training_log_TD3_20260328_114546.csv,137.20597940508685
1172,-8.63386378603235,15,training_log_TD3_20260328_114546.csv,129.40313961581802
1173,100.0,1,training_log_TD3_20260328_114546.csv,135.7887580495303
1174,221.78908422980504,48,training_log_TD3_20260328_114546.csv,139.41594347295103
1175,154.7734355826243,21,training_log_TD3_20260328_114546.csv,139.79284214882998
1176,242.63197728366475,59,training_log_TD3_20260328_114546.csv,146.06305212092497
1177,-26.453116380658702,9,training_log_TD3_20260328_114546.csv,136.87930026386326
1178,132.78409797652924,24,training_log_TD3_20260328_114546.csv,134.91250481575997
1179,169.8596837538164,23,training_log_TD3_20260328_114546.csv,142.57727611975488
1180,161.3096269106498,24,training_log_TD3_20260328_114546.csv,142.71264668419548
1181,163.51446997229425,24,training_log_TD3_20260328_114546.csv,142.62373616567612
1182,-23.605071589567583,12,training_log_TD3_20260328_114546.csv,131.4590114026432
1183,-23.304993853370185,13,training_log_TD3_20260328_114546.csv,123.66185891299486
1184,161.96188637827103,32,training_log_TD3_20260328_114546.csv,123.504490895546
1185,171.39503152557788,21,training_log_TD3_20260328_114546.csv,125.05139241633006
1186,-25.00659062173465,9,training_log_TD3_20260328_114546.csv,115.73764264183326
1187,168.2054491739785,92,training_log_TD3_20260328_114546.csv,120.77421784582721
1188,206.51509259293564,36,training_log_TD3_20260328_114546.csv,123.36421676040258
1189,169.7258133750521,28,training_log_TD3_20260328_114546.csv,123.34930329425856
1190,125.67211432428668,12,training_log_TD3_20260328_114546.csv,121.17468996470475
1191,185.0121523011405,33,training_log_TD3_20260328_114546.csv,121.40731395746312
1192,-47.03481283082369,2,training_log_TD3_20260328_114546.csv,119.48726650522357
1193,139.80120621453753,186,training_log_TD3_20260328_114546.csv,121.47732681595043
1194,-35.722243664723194,5,training_log_TD3_20260328_114546.csv,108.60176042122403
1195,-26.502011926207487,9,training_log_TD3_20260328_114546.csv,99.53798804578244
1196,6.478578545004062,19,training_log_TD3_20260328_114546.csv,87.7303181088494
1197,143.701798119701,22,training_log_TD3_20260328_114546.csv,96.23806383386739
1198,119.0124183389766,8,training_log_TD3_20260328_114546.csv,95.54947985198976
1199,149.93952535764845,16,training_log_TD3_20260328_114546.csv,94.55347193218137
1200,9.708335041980328,200,training_log_TD3_20260328_114546.csv,86.97340733874789
1201,138.15729159829735,14,training_log_TD3_20260328_114546.csv,85.70554842004803
1202,148.66610855467002,30,training_log_TD3_20260328_114546.csv,94.31910742725992
1203,237.8691818254044,57,training_log_TD3_20260328_114546.csv,107.37781621119866
1204,-50.0,1,training_log_TD3_20260328_114546.csv,96.7797218922851
1205,-53.42444316006837,21,training_log_TD3_20260328_114546.csv,85.53874815800279
1206,175.12758707035766,26,training_log_TD3_20260328_114546.csv,95.54545704260741
1207,-37.50003314595301,10,training_log_TD3_20260328_114546.csv,85.26018292661082
1208,189.13294262276224,24,training_log_TD3_20260328_114546.csv,84.39107542810216
1209,184.31823946022007,36,training_log_TD3_20260328_114546.csv,85.12069673236056
1210,165.28081536951714,29,training_log_TD3_20260328_114546.csv,87.10113178462208
1211,-38.843203955721066,9,training_log_TD3_20260328_114546.csv,75.908363971779
1212,5.560565109667095,20,training_log_TD3_20260328_114546.csv,78.53813286880354
1213,-15.34419337623114,10,training_log_TD3_20260328_114546.csv,70.78086288926511
1214,-28.609225713997716,8,training_log_TD3_20260328_114546.csv,71.13651378680137
1215,136.5976601476575,12,training_log_TD3_20260328_114546.csv,79.29149739049463
1216,-49.66924569594734,2,training_log_TD3_20260328_114546.csv,76.48410617844706
1217,192.3168212950593,25,training_log_TD3_20260328_114546.csv,78.91485733721498
1218,-35.76185121833812,5,training_log_TD3_20260328_114546.csv,71.17614385934924
1219,205.51205352577315,50,training_log_TD3_20260328_114546.csv,73.95477026775548
1220,-7.652102361705694,103,training_log_TD3_20260328_114546.csv,73.08674839757117
1221,-43.5450072998729,3,training_log_TD3_20260328_114546.csv,64.00163345266267
1222,148.99640958266406,17,training_log_TD3_20260328_114546.csv,64.01814850406235
1223,112.30419085879196,10,training_log_TD3_20260328_114546.csv,57.739898955731746
1224,168.14241167902952,28,training_log_TD3_20260328_114546.csv,68.64701953968321
1225,181.57067051335,30,training_log_TD3_20260328_114546.csv,80.39677522335413
1226,163.92341107865758,31,training_log_TD3_20260328_114546.csv,79.83656642376914
1227,228.8617209077801,91,training_log_TD3_20260328_114546.csv,93.15465412645578
1228,-10.949331403333822,12,training_log_TD3_20260328_114546.csv,83.15054042515098
1229,196.4720213965698,32,training_log_TD3_20260328_114546.csv,83.75822952196847
1230,44.09628625047161,200,training_log_TD3_20260328_114546.csv,77.69900306601619
1231,-34.72630674962477,6,training_log_TD3_20260328_114546.csv,77.90484792632101
1232,162.423497403905,54,training_log_TD3_20260328_114546.csv,85.74799454103291
1233,12.636040144907296,200,training_log_TD3_20260328_114546.csv,87.14700621708982
1234,-29.35276929942583,7,training_log_TD3_20260328_114546.csv,87.10982903781841
1235,190.14339969530752,45,training_log_TD3_20260328_114546.csv,89.78711601520092
1236,155.92257348108615,26,training_log_TD3_20260328_114546.csv,100.0667069740526
1237,129.48377706129727,29,training_log_TD3_20260328_114546.csv,96.9250547623645
1238,222.2322142165749,47,training_log_TD3_20260328_114546.csv,109.82475803411015
1239,182.60539729844567,146,training_log_TD3_20260328_114546.csv,108.67942522274377
1240,180.34695432599324,68,training_log_TD3_20260328_114546.csv,118.07937805712871
1241,269.6379008558554,77,training_log_TD3_20260328_114546.csv,133.73852346491515
1242,192.74859001489372,45,training_log_TD3_20260328_114546.csv,135.9261324865266
1243,188.14105822116065,27,training_log_TD3_20260328_114546.csv,139.71797585464506
1244,161.22550314618843,23,training_log_TD3_20260328_114546.csv,139.372130428003
1245,-14.393642019164432,20,training_log_TD3_20260328_114546.csv,129.57391480137727
1246,102.40293428733224,2,training_log_TD3_20260328_114546.csv,126.49789096181101
1247,38.6525562794979,200,training_log_TD3_20260328_114546.csv,116.9874327303969
1248,160.25775932166906,36,training_log_TD3_20260328_114546.csv,125.54778726664703
1249,154.53657701237432,61,training_log_TD3_20260328_114546.csv,123.45101504743727
1250,202.56562379633897,38,training_log_TD3_20260328_114546.csv,131.37448192473065
1251,143.39906082776537,25,training_log_TD3_20260328_114546.csv,140.28075030360014
1252,122.09006246961576,11,training_log_TD3_20260328_114546.csv,138.26407855688566
1253,252.59353612185217,85,training_log_TD3_20260328_114546.csv,150.26195335573294
1254,163.21702519441683,38,training_log_TD3_20260328_114546.csv,159.89044308042506
1255,159.29710866904702,25,training_log_TD3_20260328_114546.csv,158.34812852911202
1256,173.2256552164971,38,training_log_TD3_20260328_114546.csv,159.21328261588258
1257,183.39414739638943,32,training_log_TD3_20260328_114546.csv,161.9088011326372
1258,10.234006541875104,43,training_log_TD3_20260328_114546.csv,151.3088907489022
1259,180.53735336557435,34,training_log_TD3_20260328_114546.csv,151.2054885522586
1260,172.65878288816896,34,training_log_TD3_20260328_114546.csv,150.82107998036741
1261,197.8970434695485,39,training_log_TD3_20260328_114546.csv,147.23403711105206
1262,186.6556274077828,32,training_log_TD3_20260328_114546.csv,146.92938898069653
1263,204.30420777782197,109,training_log_TD3_20260328_114546.csv,147.7375464585296
1264,179.59350498715008,26,training_log_TD3_20260328_114546.csv,148.65594655057765
1265,-50.0,1,training_log_TD3_20260328_114546.csv,146.8756286515359
1266,196.30723915783705,104,training_log_TD3_20260328_114546.csv,151.57084389506116
1267,172.09907466479808,26,training_log_TD3_20260328_114546.csv,158.24316981432614
1268,186.2307517471052,87,training_log_TD3_20260328_114546.csv,159.54181943559794
1269,177.55427312765448,118,training_log_TD3_20260328_114546.csv,160.69270424136195
1270,158.5098977041688,37,training_log_TD3_20260328_114546.csv,158.48991793675344
1271,158.9798684383025,19,training_log_TD3_20260328_114546.csv,159.26895831728032
1272,150.35947419362356,77,training_log_TD3_20260328_114546.csv,160.6824289034807
1273,194.42830648945105,40,training_log_TD3_20260328_114546.csv,157.77416742186062
1274,180.19084663167496,27,training_log_TD3_20260328_114546.csv,158.62285849372353
1275,86.31653256410695,113,training_log_TD3_20260328_114546.csv,154.97382968847654
1276,174.29692956280206,23,training_log_TD3_20260328_114546.csv,155.0273934057918
1277,189.47127217287897,39,training_log_TD3_20260328_114546.csv,155.33124964461626
1278,38.18712197443102,200,training_log_TD3_20260328_114546.csv,156.7289054162441
1279,122.33727830856598,42,training_log_TD3_20260328_114546.csv,153.81890166339366
1280,201.14301456098207,53,training_log_TD3_20260328_114546.csv,155.2431132470343
1281,194.97723222409047,32,training_log_TD3_20260328_114546.csv,155.0971226847614
1282,-11.961088039401488,136,training_log_TD3_20260328_114546.csv,145.16628691240217
1283,165.52791178607748,37,training_log_TD3_20260328_114546.csv,143.22747211281495
1284,154.5900439685404,31,training_log_TD3_20260328_114546.csv,141.97729906188448
1285,170.4378428018391,43,training_log_TD3_20260328_114546.csv,152.99919120197643
1286,187.06107627883665,22,training_log_TD3_20260328_114546.csv,152.5368830580264
1287,161.20108928056808,29,training_log_TD3_20260328_114546.csv,151.99198378881493
1288,-4.1807396655219,200,training_log_TD3_20260328_114546.csv,142.47140921818357
1289,117.88089196465847,52,training_log_TD3_20260328_114546.csv,139.48774016003375
1290,226.04060094222615,48,training_log_TD3_20260328_114546.csv,142.86427532193665
1291,136.57197048238328,25,training_log_TD3_20260328_114546.csv,141.74388042414066
1292,183.60817276941052,89,training_log_TD3_20260328_114546.csv,143.40631535293
1293,230.68717057933443,78,training_log_TD3_20260328_114546.csv,145.2192585574242
1294,43.46190366947359,200,training_log_TD3_20260328_114546.csv,138.38281140931412
1295,44.72422221745142,200,training_log_TD3_20260328_114546.csv,136.30319589198135
1296,126.62057567164204,200,training_log_TD3_20260328_114546.csv,133.91937819742333
1297,66.10803629528047,83,training_log_TD3_20260328_114546.csv,127.75121640354341
1298,23.260010015644596,200,training_log_TD3_20260328_114546.csv,127.00486080560408
1299,30.430402288810274,200,training_log_TD3_20260328_114546.csv,122.4095170046163
1300,93.7763954214334,200,training_log_TD3_20260328_114546.csv,117.04118604763887
1301,34.24520896502336,200,training_log_TD3_20260328_114546.csv,109.00458488468553
1302,157.49149800709893,114,training_log_TD3_20260328_114546.csv,117.47721418701053
1303,159.83081671966465,59,training_log_TD3_20260328_114546.csv,117.1923594336899
1304,77.95754072045423,200,training_log_TD3_20260328_114546.csv,113.36073427128561
1305,107.86278112294904,200,training_log_TD3_20260328_114546.csv,110.23198118734108
1306,202.07098374544125,37,training_log_TD3_20260328_114546.csv,110.9824765606713
1307,19.20052064542727,200,training_log_TD3_20260328_114546.csv,103.88244812891428
1308,251.4356449224863,75,training_log_TD3_20260328_114546.csv,116.6632673583147
1309,172.48584619076178,53,training_log_TD3_20260328_114546.csv,119.39351506961984
1310,158.1640265473975,21,training_log_TD3_20260328_114546.csv,115.9996863498784
1311,0.7716375100427766,200,training_log_TD3_20260328_114546.csv,109.20966970126139
1312,212.37890839370115,196,training_log_TD3_20260328_114546.csv,110.64820648247591
1313,215.0915572274883,35,training_log_TD3_20260328_114546.csv,109.86842581488361
1314,209.07179012301808,85,training_log_TD3_20260328_114546.csv,118.14892013756085
1315,151.0417600558971,32,training_log_TD3_20260328_114546.csv,123.46479702948314
1316,37.87114274834077,200,training_log_TD3_20260328_114546.csv,119.02732538331807
1317,10.529667202962091,200,training_log_TD3_20260328_114546.csv,116.24840692870217
1318,191.3948996932305,33,training_log_TD3_20260328_114546.csv,124.65515141258145
1319,68.64721919664224,200,training_log_TD3_20260328_114546.csv,126.56599225797304
1320,91.41080681389391,69,training_log_TD3_20260328_114546.csv,126.44771282759606
1321,17.182496189269273,39,training_log_TD3_20260328_114546.csv,125.59457718880837
1322,193.87490765934064,25,training_log_TD3_20260328_114546.csv,127.41374767142045
1323,197.08854481724808,36,training_log_TD3_20260328_114546.csv,129.27663407629962
1324,193.929943305066,132,training_log_TD3_20260328_114546.csv,135.0752542055302
1325,69.22158305293975,200,training_log_TD3_20260328_114546.csv,133.14319430202974
1326,197.65468663456068,29,training_log_TD3_20260328_114546.csv,132.9223794464857
1327,78.77413580451939,200,training_log_TD3_20260328_114546.csv,135.9010602044403
1328,19.652665582756505,200,training_log_TD3_20260328_114546.csv,124.31191123745384
1329,75.79233898523817,200,training_log_TD3_20260328_114546.csv,119.47723587717765
1330,145.88785116655356,87,training_log_TD3_20260328_114546.csv,118.86342710813544
1331,103.0532551843228,10,training_log_TD3_20260328_114546.csv,123.97750799184946
1332,151.4457386156081,48,training_log_TD3_20260328_114546.csv,120.93084950294478
1333,54.8426825141386,200,training_log_TD3_20260328_114546.csv,112.91840576727732
1334,201.7388555452188,165,training_log_TD3_20260328_114546.csv,112.55175903838736
1335,194.00646952105623,26,training_log_TD3_20260328_114546.csv,114.69999451164531
1336,166.6440589018049,149,training_log_TD3_20260328_114546.csv,121.13864031931851
1337,160.87501854764238,42,training_log_TD3_20260328_114546.csv,128.6559078865525
1338,213.53286168520145,57,training_log_TD3_20260328_114546.csv,129.76280598615108
1339,188.7124199200711,28,training_log_TD3_20260328_114546.csv,135.7660660223225
1340,155.96869676901716,93,training_log_TD3_20260328_114546.csv,138.99396052007867
1341,67.78297712773443,43,training_log_TD3_20260328_114546.csv,141.52398456700195
1342,161.14805851408337,23,training_log_TD3_20260328_114546.csv,139.88764210973906
1343,108.71246418981964,4,training_log_TD3_20260328_114546.csv,135.46883807836767
1344,157.5805419751049,21,training_log_TD3_20260328_114546.csv,133.65136801186958
1345,183.087011192014,27,training_log_TD3_20260328_114546.csv,139.3446394188233
1346,179.7779557726321,32,training_log_TD3_20260328_114546.csv,138.45080287572688
1347,220.6477837833036,52,training_log_TD3_20260328_114546.csv,145.5444852746661
1348,164.24150109803514,22,training_log_TD3_20260328_114546.csv,152.77392705043002
1349,186.46690125105803,162,training_log_TD3_20260328_114546.csv,158.307655163721
1350,235.7430888968401,49,training_log_TD3_20260328_114546.csv,162.80041705023535
1351,154.48438877909436,26,training_log_TD3_20260328_114546.csv,165.37197372997392
1352,145.77045655143868,14,training_log_TD3_20260328_114546.csv,165.08820962676546
1353,156.34928188093812,22,training_log_TD3_20260328_114546.csv,170.16353959510542
1354,191.08516854001107,44,training_log_TD3_20260328_114546.csv,169.63085524484504
1355,169.44549167018167,27,training_log_TD3_20260328_114546.csv,168.4028063523013
1356,52.64846644016005,200,training_log_TD3_20260328_114546.csv,162.70302672921906
1357,131.8419807891884,13,training_log_TD3_20260328_114546.csv,161.25137484129635
1358,148.35350281388574,28,training_log_TD3_20260328_114546.csv,157.9924068977306
1359,171.03947153981642,22,training_log_TD3_20260328_114546.csv,157.10875947871787
1360,215.0915453160959,37,training_log_TD3_20260328_114546.csv,160.06490190607178
1361,153.80623957735804,33,training_log_TD3_20260328_114546.csv,164.36606502855295
1362,140.9272532997319,14,training_log_TD3_20260328_114546.csv,163.3550247678354
1363,245.2585388925233,59,training_log_TD3_20260328_114546.csv,170.18232850297056
1364,177.51614421287502,19,training_log_TD3_20260328_114546.csv,171.1791086148591
1365,204.3448825884039,29,training_log_TD3_20260328_114546.csv,172.24200218467857
1366,277.82176221572814,64,training_log_TD3_20260328_114546.csv,177.14419250683335
1367,144.97003904389493,18,training_log_TD3_20260328_114546.csv,173.36030526986295
1368,167.84756051283074,21,training_log_TD3_20260328_114546.csv,173.54060824060272
1369,38.14652846700733,200,training_log_TD3_20260328_114546.csv,166.1245896014002
1370,185.7441499368584,38,training_log_TD3_20260328_114546.csv,163.6246426534011
1371,128.46409965336693,20,training_log_TD3_20260328_114546.csv,162.32362819711472
1372,109.2795696524732,4,training_log_TD3_20260328_114546.csv,160.49908385216645
1373,141.11915873899792,12,training_log_TD3_20260328_114546.csv,159.73757769506943
1374,184.37640231680967,79,training_log_TD3_20260328_114546.csv,159.40213938390937
1375,178.37656511440122,192,training_log_TD3_20260328_114546.csv,159.84869305612034
1376,140.62654355141012,18,training_log_TD3_20260328_114546.csv,164.24759691168285
1377,134.49947437551162,11,training_log_TD3_20260328_114546.csv,164.380471590999
1378,177.2995140948487,53,training_log_TD3_20260328_114546.csv,165.82777215504717
1379,152.81605263048436,100,training_log_TD3_20260328_114546.csv,164.91660120958056
1380,169.61663462068594,28,training_log_TD3_20260328_114546.csv,162.64285567481008
1381,160.66777920019592,36,training_log_TD3_20260328_114546.csv,162.98593265595196
1382,166.05222989663002,25,training_log_TD3_20260328_114546.csv,164.24218148579686
1383,159.38665011562466,25,training_log_TD3_20260328_114546.csv,159.94858704695193
1384,196.3334884748205,27,training_log_TD3_20260328_114546.csv,160.8894542600492
1385,184.5844229981496,34,training_log_TD3_20260328_114546.csv,159.9014312805365
1386,243.9971874847128,53,training_log_TD3_20260328_114546.csv,158.21020254398573
1387,204.69565353585403,38,training_log_TD3_20260328_114546.csv,161.19648326858368
1388,151.82044268615363,17,training_log_TD3_20260328_114546.csv,160.39512737724982
1389,42.83969646975662,200,training_log_TD3_20260328_114546.csv,160.62978577738733
1390,18.36521472637068,200,training_log_TD3_20260328_114546.csv,152.26083901686292
1391,203.88849737089177,32,training_log_TD3_20260328_114546.csv,156.03205890273915
1392,167.13188244842485,29,training_log_TD3_20260328_114546.csv,158.92467454253674
1393,231.36607871438696,51,training_log_TD3_20260328_114546.csv,163.43702054130617
1394,245.223456294496,48,training_log_TD3_20260328_114546.csv,166.4793732401905
1395,193.9100281479474,36,training_log_TD3_20260328_114546.csv,167.2560463918678
1396,150.42507724876296,200,training_log_TD3_20260328_114546.csv,167.74597307673545
1397,139.57938797808956,18,training_log_TD3_20260328_114546.csv,167.99996875686435
1398,166.24269844536263,79,training_log_TD3_20260328_114546.csv,167.44712797439007
1399,181.0458353291364,29,training_log_TD3_20260328_114546.csv,168.85861710932264
1400,162.47913444764427,20,training_log_TD3_20260328_114546.csv,168.50174210067055
1401,210.5200786482402,40,training_log_TD3_20260328_114546.csv,170.9943570730728
1402,169.9694597230528,27,training_log_TD3_20260328_114546.csv,171.19021856439392
1403,166.1850800718127,25,training_log_TD3_20260328_114546.csv,171.53014006220332
1404,170.20923271304133,17,training_log_TD3_20260328_114546.csv,170.22392727411437
1405,141.94205232710078,12,training_log_TD3_20260328_114546.csv,168.09180874056193
1406,143.50314534431268,19,training_log_TD3_20260328_114546.csv,163.06710663354193
1407,242.1530383481372,57,training_log_TD3_20260328_114546.csv,164.9399758741561
1408,179.3287302331929,25,training_log_TD3_20260328_114546.csv,166.31539025150803
1409,156.99887358396631,23,training_log_TD3_20260328_114546.csv,172.0233491072185
1410,174.98346229211626,27,training_log_TD3_20260328_114546.csv,179.8542614855058
1411,177.18756642827117,46,training_log_TD3_20260328_114546.csv,178.51921493837477
1412,-50.0,1,training_log_TD3_20260328_114546.csv,167.66262081595352
1413,157.97488004740438,21,training_log_TD3_20260328_114546.csv,163.99306088260442
1414,143.65495934296928,126,training_log_TD3_20260328_114546.csv,158.91463603502805
1415,118.16126591758253,6,training_log_TD3_20260328_114546.csv,155.1271979235098
1416,141.4771281926196,17,training_log_TD3_20260328_114546.csv,154.67980047070265
1417,137.02639789491832,14,training_log_TD3_20260328_114546.csv,154.55215096654408
1418,210.0651300486385,40,training_log_TD3_20260328_114546.csv,156.74327254670789
1419,201.52656205790277,28,training_log_TD3_20260328_114546.csv,157.7673088831462
1420,156.40658427051585,19,training_log_TD3_20260328_114546.csv,157.4636813742898
1421,165.94302223166994,24,training_log_TD3_20260328_114546.csv,155.23482855346126
1422,202.19947578764868,37,training_log_TD3_20260328_114546.csv,156.84632935669106
1423,145.67646357795746,14,training_log_TD3_20260328_114546.csv,155.8208985319983
1424,277.65217132041806,60,training_log_TD3_20260328_114546.csv,161.19304546236714
1425,169.64929793288542,26,training_log_TD3_20260328_114546.csv,162.57840774265634
1426,169.8589308536588,24,training_log_TD3_20260328_114546.csv,163.89619701812367
1427,150.26358372123238,14,training_log_TD3_20260328_114546.csv,159.30172428677844
1428,157.0997094309869,16,training_log_TD3_20260328_114546.csv,158.19027324666814
1429,160.71208172836143,22,training_log_TD3_20260328_114546.csv,158.3759336538879
1430,183.06304725222503,20,training_log_TD3_20260328_114546.csv,158.7799129018933
1431,187.44238902769828,59,training_log_TD3_20260328_114546.csv,159.29265403186469
1432,190.8998487308476,29,training_log_TD3_20260328_114546.csv,171.33764646840706
1433,178.9794862932897,26,training_log_TD3_20260328_114546.csv,172.38787678070133
1434,181.2580324742314,22,training_log_TD3_20260328_114546.csv,174.26803043726446
1435,178.4325656807306,19,training_log_TD3_20260328_114546.csv,177.28159542542184
1436,165.76328747052804,21,training_log_TD3_20260328_114546.csv,178.49590338931725
1437,193.7598867158844,33,training_log_TD3_20260328_114546.csv,181.33257783036555
1438,162.28967879302505,20,training_log_TD3_20260328_114546.csv,178.94380526758488
1439,176.1572899333063,136,training_log_TD3_20260328_114546.csv,177.67534166135505
1440,174.78046919068632,24,training_log_TD3_20260328_114546.csv,178.59403590736358
1441,121.74498733762783,28,training_log_TD3_20260328_114546.csv,176.3841341626615
1442,151.28580451457873,20,training_log_TD3_20260328_114546.csv,173.83845059900798
1443,143.24779864804958,23,training_log_TD3_20260328_114546.csv,173.71701735251258
1444,134.46946746296152,14,training_log_TD3_20260328_114546.csv,166.55788215963975
1445,145.42059869912404,21,training_log_TD3_20260328_114546.csv,165.3464471979517
1446,135.9269684905926,13,training_log_TD3_20260328_114546.csv,163.6498490797984
1447,186.15139628989917,39,training_log_TD3_20260328_114546.csv,165.44423970823172
1448,139.65052131740282,38,training_log_TD3_20260328_114546.csv,164.57178030255253
1449,155.12220482416157,15,training_log_TD3_20260328_114546.csv,164.29228645734253
1450,164.41200798397654,29,training_log_TD3_20260328_114546.csv,163.35973449393012
1451,167.35952679288113,23,training_log_TD3_20260328_114546.csv,162.35559138218923
1452,194.01620374830915,28,training_log_TD3_20260328_114546.csv,162.51140913306233
1453,171.8939261397686,28,training_log_TD3_20260328_114546.csv,162.15713112538626
1454,164.90345047476745,24,training_log_TD3_20260328_114546.csv,161.33940202541305
1455,167.12129938923266,18,training_log_TD3_20260328_114546.csv,160.77383871083816
1456,172.12738217976698,26,training_log_TD3_20260328_114546.csv,161.09204344630012
1457,109.66655686210878,6,training_log_TD3_20260328_114546.csv,156.88737695361135
1458,156.64035117901028,23,training_log_TD3_20260328_114546.csv,156.6049105729106
1459,248.9245185741765,56,training_log_TD3_20260328_114546.csv,160.24327200495412
1460,146.23214030331405,54,training_log_TD3_20260328_114546.csv,158.8158555605855
1461,150.663340770085,16,training_log_TD3_20260328_114546.csv,160.26177323220836
1462,160.47061616720694,175,training_log_TD3_20260328_114546.csv,160.72101381483975
1463,234.66078734772051,44,training_log_TD3_20260328_114546.csv,165.29166324982333
1464,167.98012216874707,25,training_log_TD3_20260328_114546.csv,166.9671959851126
1465,176.40949419333597,26,training_log_TD3_20260328_114546.csv,168.51664075982322
1466,213.7306748986319,41,training_log_TD3_20260328_114546.csv,172.40682608022513
1467,235.2934161424603,43,training_log_TD3_20260328_114546.csv,174.86392707285322
1468,283.2271199416025,64,training_log_TD3_20260328_114546.csv,182.0427570040632
1469,193.22715811651267,23,training_log_TD3_20260328_114546.csv,183.94800466868077
1470,225.69497147240537,41,training_log_TD3_20260328_114546.csv,187.0121528431022
1471,121.332522536602,55,training_log_TD3_20260328_114546.csv,184.71080263028824
1472,206.4001481598649,28,training_log_TD3_20260328_114546.csv,185.32999985086605
1473,170.73049671288567,26,training_log_TD3_20260328_114546.csv,185.27182837952188
1474,163.7252347811813,43,training_log_TD3_20260328_114546.csv,185.2129175948426
1475,115.18469194971084,10,training_log_TD3_20260328_114546.csv,182.6160872228665
1476,156.29125635191363,17,training_log_TD3_20260328_114546.csv,181.8242809314738
1477,202.45062787458505,27,training_log_TD3_20260328_114546.csv,186.4634844820976
1478,181.7452722056408,23,training_log_TD3_20260328_114546.csv,187.71873053342915
1479,127.64145611267082,11,training_log_TD3_20260328_114546.csv,181.65457741035388
1480,216.9195153465053,33,training_log_TD3_20260328_114546.csv,185.18894616251345
1481,179.54492239189727,48,training_log_TD3_20260328_114546.csv,186.63302524360404
1482,109.12775820962406,5,training_log_TD3_20260328_114546.csv,184.0658823457249
1483,194.1238672247221,30,training_log_TD3_20260328_114546.csv,182.03903633957498
1484,128.13985874069206,16,training_log_TD3_20260328_114546.csv,180.04702316817222
1485,265.74121901023005,58,training_log_TD3_20260328_114546.csv,184.51360940901696
1486,241.54064626687423,46,training_log_TD3_20260328_114546.csv,185.90410797742905
1487,168.31914727922424,37,training_log_TD3_20260328_114546.csv,182.55539453426724
1488,186.84053892890165,23,training_log_TD3_20260328_114546.csv,177.73606548363222
1489,176.2130148688459,38,training_log_TD3_20260328_114546.csv,176.88535832124887
1490,161.29623997939862,25,training_log_TD3_20260328_114546.csv,173.6654217465985
1491,170.9800782885897,17,training_log_TD3_20260328_114546.csv,176.1477995341979
1492,143.50975127091274,14,training_log_TD3_20260328_114546.csv,173.0032796897503
1493,-50.0,1,training_log_TD3_20260328_114546.csv,161.966754854106
1494,189.88701980870871,37,training_log_TD3_20260328_114546.csv,163.27484410548237
1495,19.49881673446261,200,training_log_TD3_20260328_114546.csv,158.49055034472
1496,169.09638370615963,35,training_log_TD3_20260328_114546.csv,159.13080671243227
1497,144.02844428697566,21,training_log_TD3_20260328_114546.csv,156.2096975330518
1498,104.81217192249538,2,training_log_TD3_20260328_114546.csv,152.36304251889456
1499,171.4416496184578,124,training_log_TD3_20260328_114546.csv,154.55305219418386
1500,137.49660695648103,107,training_log_TD3_20260328_114546.csv,150.58190677468266
1501,162.42150533053135,19,training_log_TD3_20260328_114546.csv,149.72573592161436
1502,138.39318814910254,12,training_log_TD3_20260328_114546.csv,151.1890074185883
1503,143.33481071773969,200,training_log_TD3_20260328_114546.csv,148.6495545932392
1504,182.98949818153164,69,training_log_TD3_20260328_114546.csv,151.39203656528116
1505,182.4491452099334,23,training_log_TD3_20260328_114546.csv,147.22743287526632
1506,132.3994923437674,17,training_log_TD3_20260328_114546.csv,141.770375179111
1507,194.89855601222612,32,training_log_TD3_20260328_114546.csv,143.09934561576108
1508,142.60339698344364,12,training_log_TD3_20260328_114546.csv,140.88748851848817
1509,197.8128180340221,142,training_log_TD3_20260328_114546.csv,141.967478676747
1510,147.59072044510617,22,training_log_TD3_20260328_114546.csv,141.28220270003237
1511,222.60889029398425,38,training_log_TD3_20260328_114546.csv,143.86364330030207
1512,130.1207787936979,19,training_log_TD3_20260328_114546.csv,143.19419467644136
1513,164.63673205777116,18,training_log_TD3_20260328_114546.csv,153.92603127932992
1514,203.9582172863281,25,training_log_TD3_20260328_114546.csv,154.62959115321087
1515,250.47475558338013,45,training_log_TD3_20260328_114546.csv,166.17838809565674
1516,184.62955550482204,19,training_log_TD3_20260328_114546.csv,166.95504668558988
1517,104.03998726251386,8,training_log_TD3_20260328_114546.csv,164.9556238343668
1518,181.14589538531075,20,training_log_TD3_20260328_114546.csv,168.77231000750754
1519,137.20253313847462,10,training_log_TD3_20260328_114546.csv,167.0603541835084
1520,248.81298441352604,47,training_log_TD3_20260328_114546.csv,172.62617305636064
1521,161.81534155786272,26,training_log_TD3_20260328_114546.csv,172.59586486772724
1522,198.85346956186544,25,training_log_TD3_20260328_114546.csv,175.61887893836536
1523,179.54630205639074,125,training_log_TD3_20260328_114546.csv,177.42945350529791
1524,169.78055092342038,25,training_log_TD3_20260328_114546.csv,176.76900614239236
1525,-25.071980390647173,12,training_log_TD3_20260328_114546.csv,166.3929498623633
1526,156.35401042464275,20,training_log_TD3_20260328_114546.csv,167.5906757664071
1527,144.786057676297,19,training_log_TD3_20260328_114546.csv,165.0850508496106
1528,162.5429366802905,25,training_log_TD3_20260328_114546.csv,166.08202783445296
1529,150.54626415173422,38,training_log_TD3_20260328_114546.csv,163.71870014033857
1530,177.90957435476324,22,training_log_TD3_20260328_114546.csv,165.23464283582143
1531,163.55295311891882,21,training_log_TD3_20260328_114546.csv,162.28184597706817
1532,211.35000169534104,63,training_log_TD3_20260328_114546.csv,166.3433071221503
1533,222.8110365254973,33,training_log_TD3_20260328_114546.csv,169.25202234553663
1534,137.56107269272033,19,training_log_TD3_20260328_114546.csv,165.93216511585624
1535,-32.15519365823137,6,training_log_TD3_20260328_114546.csv,151.80066765377566
1536,180.84400856321008,21,training_log_TD3_20260328_114546.csv,151.61139030669506
1537,140.07537867787832,15,training_log_TD3_20260328_114546.csv,153.41315987746327
1538,175.05662470362637,23,training_log_TD3_20260328_114546.csv,153.10869634337905
1539,149.40604889319266,18,training_log_TD3_20260328_114546.csv,153.71887213111498
1540,127.94421946622492,13,training_log_TD3_20260328_114546.csv,147.67543388374992
1541,192.30532786739585,26,training_log_TD3_20260328_114546.csv,149.19993319922656
1542,170.64262998696248,168,training_log_TD3_20260328_114546.csv,147.78939122048143
1543,190.47821082291185,26,training_log_TD3_20260328_114546.csv,148.33598665880749
1544,49.31672016526462,200,training_log_TD3_20260328_114546.csv,142.3127951208997
1545,162.4252318343282,18,training_log_TD3_20260328_114546.csv,151.68765573214847
1546,200.82360983297207,33,training_log_TD3_20260328_114546.csv,153.91113570256493
1547,134.00156837217224,12,training_log_TD3_20260328_114546.csv,153.3719112373587
1548,179.80746857146087,21,training_log_TD3_20260328_114546.csv,154.2351378319172
1549,177.03453015865995,21,training_log_TD3_20260328_114546.csv,155.5595511322635
1550,157.46560900890975,20,training_log_TD3_20260328_114546.csv,154.53735286497084
1551,159.00410369843178,20,training_log_TD3_20260328_114546.csv,154.30991039394647
1552,150.35695333955627,22,training_log_TD3_20260328_114546.csv,151.26025797615722
1553,150.84046409720096,17,training_log_TD3_20260328_114546.csv,147.66172935474242
1554,141.6840541564536,14,training_log_TD3_20260328_114546.csv,147.86787842792907
1555,172.5946776785711,30,training_log_TD3_20260328_114546.csv,158.1053719947692
1556,181.02614710679023,26,training_log_TD3_20260328_114546.csv,158.1144789219482
1557,174.8060614226443,26,training_log_TD3_20260328_114546.csv,159.85101305918653
1558,129.91749861040833,15,training_log_TD3_20260328_114546.csv,157.5940567545256
1559,148.9514732800472,19,training_log_TD3_20260328_114546.csv,157.57132797386834
1560,79.10566293998933,200,training_log_TD3_20260328_114546.csv,155.12940014755654
1561,166.46021652678684,25,training_log_TD3_20260328_114546.csv,153.83714458052611
1562,149.6436160170817,28,training_log_TD3_20260328_114546.csv,152.78719388203206
1563,115.2515972414435,6,training_log_TD3_20260328_114546.csv,149.02586320295865
1564,140.32339151284367,11,training_log_TD3_20260328_114546.csv,153.5761967703376
1565,192.80747625930337,57,training_log_TD3_20260328_114546.csv,155.09530899158636
1566,177.61624199993793,21,training_log_TD3_20260328_114546.csv,153.93494059993466
1567,17.70469819039756,200,training_log_TD3_20260328_114546.csv,148.12009709084592
1568,182.41718814634984,32,training_log_TD3_20260328_114546.csv,148.2505830695904
1569,147.06507310519683,17,training_log_TD3_20260328_114546.csv,146.75211021691717
1570,154.81581832122447,55,training_log_TD3_20260328_114546.csv,146.6196206825329
1571,206.55997899149705,33,training_log_TD3_20260328_114546.csv,148.9974144471862
1572,181.9667327770304,29,training_log_TD3_20260328_114546.csv,150.5779034190599
1573,158.4014244635674,17,training_log_TD3_20260328_114546.csv,150.95595143737825
1574,162.66885909131864,25,training_log_TD3_20260328_114546.csv,152.00519168412148
1575,198.715467784607,32,training_log_TD3_20260328_114546.csv,153.31123118942327
1576,150.1438270424209,91,training_log_TD3_20260328_114546.csv,151.7671151862048
1577,159.904684671432,17,training_log_TD3_20260328_114546.csv,151.0220463486442
1578,194.92319574813536,26,training_log_TD3_20260328_114546.csv,154.27233120553055
1579,236.37539300395775,70,training_log_TD3_20260328_114546.csv,158.6435271917261
1580,148.89791957767977,16,training_log_TD3_20260328_114546.csv,162.1331400236106
1581,178.42116835200062,22,training_log_TD3_20260328_114546.csv,162.7311876148713
1582,200.7717628174774,22,training_log_TD3_20260328_114546.csv,165.28759495489106
1583,143.61053278332963,23,training_log_TD3_20260328_114546.csv,166.7055417319854
1584,140.14205756357754,196,training_log_TD3_20260328_114546.csv,166.69647503452208
1585,192.47129464136304,63,training_log_TD3_20260328_114546.csv,166.67966595362503
1586,204.95656856361083,27,training_log_TD3_20260328_114546.csv,168.0466822818087
1587,120.4824321283279,124,training_log_TD3_20260328_114546.csv,173.18556897870522
1588,150.5237471673276,17,training_log_TD3_20260328_114546.csv,171.5908969297541
1589,168.15344365340462,19,training_log_TD3_20260328_114546.csv,172.6453154571645
1590,179.9074021675954,23,training_log_TD3_20260328_114546.csv,173.89989464948306
1591,166.29179904251697,31,training_log_TD3_20260328_114546.csv,171.88648565203403
1592,173.629470956311,28,training_log_TD3_20260328_114546.csv,171.46962256099806
1593,213.86578956734277,25,training_log_TD3_20260328_114546.csv,174.24284081618686
1594,164.9308696653924,17,training_log_TD3_20260328_114546.csv,174.35594134489054
1595,180.30093001662797,21,training_log_TD3_20260328_114546.csv,173.43521445649156
1596,18.419798079271672,200,training_log_TD3_20260328_114546.csv,166.8490130083341
1597,65.82066923330768,200,training_log_TD3_20260328_114546.csv,162.14481223642787
1598,117.01959042656604,7,training_log_TD3_20260328_114546.csv,158.2496319703494
1599,198.16690689445167,44,training_log_TD3_20260328_114546.csv,156.33920766487412
1600,176.99664336884285,21,training_log_TD3_20260328_114546.csv,157.74414385443228
1601,201.48121861645225,42,training_log_TD3_20260328_114546.csv,158.89714636765487
1602,179.41352187347871,23,training_log_TD3_20260328_114546.csv,157.82923432045493
1603,58.07407996580255,200,training_log_TD3_20260328_114546.csv,153.55241167957857
1604,209.24270150119224,35,training_log_TD3_20260328_114546.csv,157.0074438764593
1605,174.9386668467975,23,training_log_TD3_20260328_114546.csv,156.13081248673103
1606,230.02956205911025,39,training_log_TD3_20260328_114546.csv,157.384462161506
1607,204.3665370926941,34,training_log_TD3_20260328_114546.csv,161.57866740972432
1608,53.75914374143241,200,training_log_TD3_20260328_114546.csv,156.74043723842956
1609,-50.0,1,training_log_TD3_20260328_114546.csv,145.83276505575932
1610,164.1866916413165,23,training_log_TD3_20260328_114546.csv,145.04672952944537
1611,199.5793791881827,24,training_log_TD3_20260328_114546.csv,146.71110853672866
1612,61.15292398045783,200,training_log_TD3_20260328_114546.csv,141.08728118793601
1613,195.64161594509028,33,training_log_TD3_20260328_114546.csv,140.17607250682337
1614,184.9328158669851,27,training_log_TD3_20260328_114546.csv,141.176169816903
1615,137.9598293623227,20,training_log_TD3_20260328_114546.csv,139.05911478418776
1616,146.67989468988196,16,training_log_TD3_20260328_114546.csv,145.47211961471825
1617,151.00456969628272,17,training_log_TD3_20260328_114546.csv,149.73131463786703
1618,160.32728750344504,17,training_log_TD3_20260328_114546.csv,151.896699491711
1619,163.82467677132576,25,training_log_TD3_20260328_114546.csv,150.17958798555466
1620,155.62593529176104,54,training_log_TD3_20260328_114546.csv,149.11105258170056
1621,153.78564199706574,16,training_log_TD3_20260328_114546.csv,146.72627375073125
1622,181.89214252202245,37,training_log_TD3_20260328_114546.csv,146.85020478315843
1623,125.97277113704736,35,training_log_TD3_20260328_114546.csv,150.2451393417207
1624,214.22883425380888,38,training_log_TD3_20260328_114546.csv,150.49444597935153
1625,194.8594229082561,24,training_log_TD3_20260328_114546.csv,151.49048378242443
1626,159.45837855585933,16,training_log_TD3_20260328_114546.csv,147.9619246072619
1627,137.5404881342111,9,training_log_TD3_20260328_114546.csv,144.62062215933776
1628,162.3122686002966,21,training_log_TD3_20260328_114546.csv,150.04827840228097
1629,163.54446222914905,25,training_log_TD3_20260328_114546.csv,160.72550151373838
1630,196.47033493315163,106,training_log_TD3_20260328_114546.csv,162.33968367833015
1631,132.56396373240835,19,training_log_TD3_20260328_114546.csv,158.98891290554144
1632,159.31301275759924,23,training_log_TD3_20260328_114546.csv,163.8969173443985
1633,173.87064305288732,22,training_log_TD3_20260328_114546.csv,162.80836869978836
1634,160.81260522646645,21,training_log_TD3_20260328_114546.csv,161.60235816776245
1635,142.58346523816496,16,training_log_TD3_20260328_114546.csv,161.83353996155455
1636,181.78387319308715,21,training_log_TD3_20260328_114546.csv,163.58873888671482
1637,159.9021430755543,18,training_log_TD3_20260328_114546.csv,164.0336175556784
1638,249.21896341651023,48,training_log_TD3_20260328_114546.csv,168.47820135133165
1639,165.57972612579084,90,training_log_TD3_20260328_114546.csv,168.5659538190549
1640,192.10378485930028,29,training_log_TD3_20260328_114546.csv,170.38984629743186
1641,218.7027153194675,30,training_log_TD3_20260328_114546.csv,173.63569996355196
1642,150.82056430621344,27,training_log_TD3_20260328_114546.csv,172.0821210527615
1643,180.1040529856777,26,training_log_TD3_20260328_114546.csv,174.78868514519303
1644,136.1377677637994,18,training_log_TD3_20260328_114546.csv,170.88413182069252
1645,19.763200514256223,200,training_log_TD3_20260328_114546.csv,162.12932070099254
1646,182.4218731881797,24,training_log_TD3_20260328_114546.csv,163.27749543260856
1647,153.29275841612275,186,training_log_TD3_20260328_114546.csv,164.06510894670416
1648,194.76469834007327,22,training_log_TD3_20260328_114546.csv,165.687730433693
1649,138.84798183881293,35,training_log_TD3_20260328_114546.csv,164.4529064141762
1650,218.72309108756065,52,training_log_TD3_20260328_114546.csv,165.56554422189663
1651,225.4833430399132,40,training_log_TD3_20260328_114546.csv,170.2115131872719
1652,244.14060052321344,41,training_log_TD3_20260328_114546.csv,174.4528925755526
1653,122.47489422505856,16,training_log_TD3_20260328_114546.csv,171.88310513416116
1654,180.2847348902525,23,training_log_TD3_20260328_114546.csv,172.85671161735044
1655,8.557160746300283,200,training_log_TD3_20260328_114546.csv,166.1553963927572
1656,75.08092145996426,200,training_log_TD3_20260328_114546.csv,160.82024880610106
1657,183.0927831067922,27,training_log_TD3_20260328_114546.csv,161.97978080766296
1658,173.66106778352523,24,training_log_TD3_20260328_114546.csv,158.2018860260137
1659,227.5915481537676,45,training_log_TD3_20260328_114546.csv,161.30247712741254
1660,234.27178166945737,40,training_log_TD3_20260328_114546.csv,163.41087696792042
1661,182.57639127671447,21,training_log_TD3_20260328_114546.csv,161.60456076578276
1662,178.63123230246873,26,training_log_TD3_20260328_114546.csv,162.99509416559553
1663,140.45578951231207,15,training_log_TD3_20260328_114546.csv,161.01268099192725
1664,210.83915746968404,171,training_log_TD3_20260328_114546.csv,164.74775047722147
1665,196.79379430954444,54,training_log_TD3_20260328_114546.csv,173.5992801669859
1666,175.33515278144142,20,training_log_TD3_20260328_114546.csv,173.24494414664898
1667,165.877152474206,19,training_log_TD3_20260328_114546.csv,173.87416384955313
1668,173.4125997636012,23,training_log_TD3_20260328_114546.csv,172.80655892072951
1669,221.7783235165739,40,training_log_TD3_20260328_114546.csv,176.95307600461757
1670,206.2500384336712,30,training_log_TD3_20260328_114546.csv,176.32942337192313
1671,138.99229693350898,102,training_log_TD3_20260328_114546.csv,172.0048710666029
1672,178.9713741155487,24,training_log_TD3_20260328_114546.csv,168.74640974621965
1673,178.0217965489219,24,training_log_TD3_20260328_114546.csv,171.52375486241283
1674,151.2317083557166,15,training_log_TD3_20260328_114546.csv,170.07110353568604
1675,234.67702042960644,39,training_log_TD3_20260328_114546.csv,181.37709651985136
1676,152.84650805922004,14,training_log_TD3_20260328_114546.csv,185.26537584981412
1677,252.824371343978,51,training_log_TD3_20260328_114546.csv,188.75195526167343
1678,192.3685641568528,30,training_log_TD3_20260328_114546.csv,189.6873300803398
1679,169.14554530321206,20,training_log_TD3_20260328_114546.csv,186.76502993781202
1680,-50.0,1,training_log_TD3_20260328_114546.csv,172.55144085433915
1681,176.1308276330314,22,training_log_TD3_20260328_114546.csv,172.229162672155
1682,169.53866175306098,21,training_log_TD3_20260328_114546.csv,171.7745341446846
1683,178.32856345335443,23,training_log_TD3_20260328_114546.csv,173.66817284173672
1684,165.09397950627329,19,training_log_TD3_20260328_114546.csv,171.3809139435662
1685,96.45918769813068,5,training_log_TD3_20260328_114546.csv,166.3641836129955
1686,139.74066053417857,45,training_log_TD3_20260328_114546.csv,164.58445900063234
1687,236.71057009611727,60,training_log_TD3_20260328_114546.csv,168.1261298817279
1688,158.80410445752474,14,training_log_TD3_20260328_114546.csv,167.3957051164241
1689,135.93811823830285,10,training_log_TD3_20260328_114546.csv,163.10369485251056
1690,149.4545138162941,92,training_log_TD3_20260328_114546.csv,160.2639186216417
1691,225.60256681094364,37,training_log_TD3_20260328_114546.csv,164.59443211551343
1692,180.82992690343377,76,training_log_TD3_20260328_114546.csv,164.68735975490767
1693,166.53328080420607,16,training_log_TD3_20260328_114546.csv,164.1129339676719
1694,181.754477689337,21,training_log_TD3_20260328_114546.csv,165.63907243435293
1695,146.63878550596792,21,training_log_TD3_20260328_114546.csv,161.23716068817097
1696,152.3405039800125,85,training_log_TD3_20260328_114546.csv,161.2118604842106
1697,0.0621585462566076,200,training_log_TD3_20260328_114546.csv,148.57374984432454
1698,176.76036570002333,19,training_log_TD3_20260328_114546.csv,147.79333992148307
1699,137.6953719700559,14,training_log_TD3_20260328_114546.csv,146.22083125482524
1700,194.57838910407835,38,training_log_TD3_20260328_114546.csv,158.44975071002915
1701,181.2757011514321,23,training_log_TD3_20260328_114546.csv,158.7069943859492
1702,172.27485742809083,24,training_log_TD3_20260328_114546.csv,158.84380416970072
1703,128.79484990347663,13,training_log_TD3_20260328_114546.csv,156.3671184922068
1704,133.1718301235344,16,training_log_TD3_20260328_114546.csv,154.77101102306986
1705,200.7083846845764,25,training_log_TD3_20260328_114546.csv,159.98347087239216
1706,166.5758598752069,18,training_log_TD3_20260328_114546.csv,161.32523083944355
1707,154.21422633979654,22,training_log_TD3_20260328_114546.csv,157.20041365162754
1708,196.73422003716811,27,training_log_TD3_20260328_114546.csv,159.09691943060972
1709,164.72869943196804,20,training_log_TD3_20260328_114546.csv,160.53644849029294
1710,209.66469552869117,80,training_log_TD3_20260328_114546.csv,163.5469575759128
1711,182.77124865752955,31,training_log_TD3_20260328_114546.csv,161.4053916682421
1712,170.9136126885067,21,training_log_TD3_20260328_114546.csv,160.90957595749575
1713,176.0862928400585,24,training_log_TD3_20260328_114546.csv,161.38722655928837
1714,171.2414277813806,27,training_log_TD3_20260328_114546.csv,160.86157406389054
1715,172.06438408668797,17,training_log_TD3_20260328_114546.csv,162.13285399292653
1716,128.6300548347458,10,training_log_TD3_20260328_114546.csv,160.9473315356632
1717,200.8572319520826,29,training_log_TD3_20260328_114546.csv,170.98708520595451
1718,173.53936332280455,20,training_log_TD3_20260328_114546.csv,170.82603508709357
1719,178.98580186238536,24,training_log_TD3_20260328_114546.csv,172.89055658171006
1720,155.8997033099714,21,training_log_TD3_20260328_114546.csv,170.9566222920047
1721,163.66276912399138,29,training_log_TD3_20260328_114546.csv,170.07597569063267
1722,47.19253313599688,200,training_log_TD3_20260328_114546.csv,163.82185947602798
1723,-50.0,1,training_log_TD3_20260328_114546.csv,154.88211698085416
1724,171.65827735908044,23,training_log_TD3_20260328_114546.csv,156.80643934263145
1725,113.44179041357503,5,training_log_TD3_20260328_114546.csv,152.4431096290814
1726,183.4856495861353,30,training_log_TD3_20260328_114546.csv,153.2885991146278
1727,193.8245215694397,38,training_log_TD3_20260328_114546.csv,155.26911387610994
1728,166.04412343505822,26,training_log_TD3_20260328_114546.csv,153.73460904600444
1729,175.51717746876227,26,training_log_TD3_20260328_114546.csv,154.27403294784418
1730,196.4015131690932,28,training_log_TD3_20260328_114546.csv,153.61087382986426
1731,89.42224834203542,200,training_log_TD3_20260328_114546.csv,148.94342381408956
1732,164.75541307160526,25,training_log_TD3_20260328_114546.csv,148.6355138332445
1733,165.19683201273267,53,training_log_TD3_20260328_114546.csv,148.0910407918782
1734,188.2388671740353,32,training_log_TD3_20260328_114546.csv,148.94091276151093
1735,179.22894865632577,25,training_log_TD3_20260328_114546.csv,149.29914098999285
1736,183.06638428357405,20,training_log_TD3_20260328_114546.csv,152.0209574624342
1737,165.54113405880707,18,training_log_TD3_20260328_114546.csv,150.2551525677705
1738,129.53107882576353,52,training_log_TD3_20260328_114546.csv,148.05473834291843
1739,220.90446906240567,42,training_log_TD3_20260328_114546.csv,150.15067170291942
1740,182.9622577867413,30,training_log_TD3_20260328_114546.csv,151.50379942675792
1741,148.78726974231648,35,training_log_TD3_20260328_114546.csv,150.7600244576742
1742,185.2804283143219,78,training_log_TD3_20260328_114546.csv,157.66441921659043
1743,164.61942081761472,24,training_log_TD3_20260328_114546.csv,168.39539025747118
1744,176.41703207182798,27,training_log_TD3_20260328_114546.csv,168.63332799310854
1745,154.98606810123098,16,training_log_TD3_20260328_114546.csv,170.71054187749135
1746,188.33322541251545,23,training_log_TD3_20260328_114546.csv,170.95292066881035
1747,192.49759587621205,20,training_log_TD3_20260328_114546.csv,170.886574384149
1748,180.4305101654556,32,training_log_TD3_20260328_114546.csv,171.60589372066883
1749,-50.0,1,training_log_TD3_20260328_114546.csv,160.3300348472307
1750,47.33529192240732,200,training_log_TD3_20260328_114546.csv,152.87672378489643
1751,170.70795752592971,30,training_log_TD3_20260328_114546.csv,156.94100924409116
1752,178.46556576768444,27,training_log_TD3_20260328_114546.csv,157.6265168788951
1753,207.51723013182928,38,training_log_TD3_20260328_114546.csv,159.74253678484993
1754,183.8991966653685,29,training_log_TD3_20260328_114546.csv,159.5255532594166
1755,199.85094543880396,27,training_log_TD3_20260328_114546.csv,160.5566530985405
1756,163.43516129302674,23,training_log_TD3_20260328_114546.csv,159.57509194901314
1757,19.458668335627497,200,training_log_TD3_20260328_114546.csv,152.27096866285416
1758,137.11900648951243,15,training_log_TD3_20260328_114546.csv,152.6503650460416
1759,199.55151954907157,23,training_log_TD3_20260328_114546.csv,151.58271757037488
1760,161.35519697822872,35,training_log_TD3_20260328_114546.csv,150.50236452994926
1761,170.93041217260676,26,training_log_TD3_20260328_114546.csv,151.60952165146378
1762,65.46791369338773,200,training_log_TD3_20260328_114546.csv,145.61889592041706
1763,160.18204032327824,19,training_log_TD3_20260328_114546.csv,145.39702689570024
1764,137.3415203135719,13,training_log_TD3_20260328_114546.csv,143.44325130778745
1765,27.840307823770505,200,training_log_TD3_20260328_114546.csv,137.0859632939144
1766,179.87864624631268,56,training_log_TD3_20260328_114546.csv,136.66323433560427
1767,167.4821770104996,25,training_log_TD3_20260328_114546.csv,135.41246339231867
1768,162.34634374757763,18,training_log_TD3_20260328_114546.csv,134.50825507142477
1769,178.49193331886795,55,training_log_TD3_20260328_114546.csv,145.93285173736814
1770,181.68560903022183,21,training_log_TD3_20260328_114546.csv,152.65036759275887
1771,176.76266953413477,19,training_log_TD3_20260328_114546.csv,152.95310319316914
1772,186.5181145652916,72,training_log_TD3_20260328_114546.csv,153.3557306330495
1773,169.75920876383535,52,training_log_TD3_20260328_114546.csv,151.46782956464978
1774,185.3019917947552,29,training_log_TD3_20260328_114546.csv,151.53796932111914
1775,194.67761131973884,29,training_log_TD3_20260328_114546.csv,151.27930261516588
1776,230.46386952887045,38,training_log_TD3_20260328_114546.csv,154.63073802695806
1777,146.5764929149061,14,training_log_TD3_20260328_114546.csv,160.98662925592197
1778,175.85075718642224,25,training_log_TD3_20260328_114546.csv,162.9232167907675
1779,143.4414388202774,18,training_log_TD3_20260328_114546.csv,160.11771275432778
1780,170.90284582803207,55,training_log_TD3_20260328_114546.csv,160.59509519681794
1781,179.3186142961095,21,training_log_TD3_20260328_114546.csv,161.0145053029931
1782,214.50930678968783,195,training_log_TD3_20260328_114546.csv,168.46657495780806
1783,177.00968623245154,21,training_log_TD3_20260328_114546.csv,169.30795725326675
1784,131.87153550573203,19,training_log_TD3_20260328_114546.csv,169.03445801287475
1785,163.08885171470763,27,training_log_TD3_20260328_114546.csv,175.7968852074216
1786,151.26635382587966,17,training_log_TD3_20260328_114546.csv,174.36627058639996
1787,13.266488025844344,200,training_log_TD3_20260328_114546.csv,166.6554861371672
1788,244.449168259357,46,training_log_TD3_20260328_114546.csv,170.76062736275617
1789,159.89735947036036,16,training_log_TD3_20260328_114546.csv,169.83089867033078
1790,160.857222795889,20,training_log_TD3_20260328_114546.csv,168.78947935861413
1791,133.026173343587,46,training_log_TD3_20260328_114546.csv,166.60265454908676
1792,100.0,1,training_log_TD3_20260328_114546.csv,162.2767488208222
1793,188.65514444005828,65,training_log_TD3_20260328_114546.csv,163.22154560463332
1794,148.84237657590214,19,training_log_TD3_20260328_114546.csv,161.39856484369065
1795,208.85709736685504,26,training_log_TD3_20260328_114546.csv,162.10753914604646
1796,132.08385188231173,9,training_log_TD3_20260328_114546.csv,157.18853826371853
1797,114.06563732497368,45,training_log_TD3_20260328_114546.csv,155.56299548422194
1798,212.49361551698132,37,training_log_TD3_20260328_114546.csv,157.3951384007499
1799,200.08418295963088,23,training_log_TD3_20260328_114546.csv,160.22727560771756
1800,235.14249745241875,45,training_log_TD3_20260328_114546.csv,163.4392581889369
1801,180.05499908098085,23,training_log_TD3_20260328_114546.csv,163.47607742818045
1802,171.8900159608915,19,training_log_TD3_20260328_114546.csv,161.34511288674065
1803,178.47440844384164,23,training_log_TD3_20260328_114546.csv,161.41834899731015
1804,133.50512812700225,115,training_log_TD3_20260328_114546.csv,161.50002862837363
1805,238.10572243372627,48,training_log_TD3_20260328_114546.csv,165.25087216432456
1806,162.95876823590177,19,training_log_TD3_20260328_114546.csv,165.8354928848257
1807,-50.0,1,training_log_TD3_20260328_114546.csv,162.67216848353348
1808,64.78525838548664,200,training_log_TD3_20260328_114546.csv,153.68897298983995
1809,139.36900222030286,16,training_log_TD3_20260328_114546.csv,152.66255512733707
1810,123.52052254450548,7,training_log_TD3_20260328_114546.csv,150.7957201147679
1811,161.52729207272702,22,training_log_TD3_20260328_114546.csv,152.2207760512249
1812,171.93034121724207,26,training_log_TD3_20260328_114546.csv,155.81729311208701
1813,70.57281580224098,200,training_log_TD3_20260328_114546.csv,149.91317668019616
1814,159.88149687832322,17,training_log_TD3_20260328_114546.csv,150.4651326953172
1815,147.2900185727592,19,training_log_TD3_20260328_114546.csv,147.3867787556124
1816,155.24559469456176,29,training_log_TD3_20260328_114546.csv,148.54486589622493
1817,193.719560618366,25,training_log_TD3_20260328_114546.csv,152.52756206089452
1818,161.76708317345705,14,training_log_TD3_20260328_114546.csv,149.99123544371832
1819,202.52778654880225,32,training_log_TD3_20260328_114546.csv,150.11341562317688
1820,163.62220799872176,19,training_log_TD3_20260328_114546.csv,146.53740115049203
1821,172.84411174053255,25,training_log_TD3_20260328_114546.csv,146.17685678346962
1822,225.7319204763665,37,training_log_TD3_20260328_114546.csv,148.86895200924337
1823,193.9608166961748,30,training_log_TD3_20260328_114546.csv,149.64327242186002
1824,151.99551969180072,21,training_log_TD3_20260328_114546.csv,150.56779200009996
1825,149.32781743974712,19,training_log_TD3_20260328_114546.csv,146.128896750401
1826,134.3763433707951,200,training_log_TD3_20260328_114546.csv,144.69977550714563
1827,145.798547094308,60,training_log_TD3_20260328_114546.csv,154.48970286186105
1828,209.2518757649348,26,training_log_TD3_20260328_114546.csv,161.71303373083347
1829,257.1843550148027,54,training_log_TD3_20260328_114546.csv,167.60380137055844
1830,142.08441464110768,14,training_log_TD3_20260328_114546.csv,168.53199597538855
1831,173.82912786519435,21,training_log_TD3_20260328_114546.csv,169.14708776501192
1832,191.3235481197725,39,training_log_TD3_20260328_114546.csv,170.11674811013845
1833,118.69060852438174,7,training_log_TD3_20260328_114546.csv,172.5226377462455
1834,186.4801891139553,37,training_log_TD3_20260328_114546.csv,173.8525723580271
1835,196.8331786876385,34,training_log_TD3_20260328_114546.csv,176.32973036377106
1836,183.64778432877563,19,training_log_TD3_20260328_114546.csv,177.74983984548174
1837,182.5582999573787,24,training_log_TD3_20260328_114546.csv,177.19177681243238
1838,129.338767323477,10,training_log_TD3_20260328_114546.csv,175.5703610199334
1839,171.01262866673196,25,training_log_TD3_20260328_114546.csv,173.99460312582988
1840,209.30428587173188,36,training_log_TD3_20260328_114546.csv,176.27870701948035
1841,187.87208480303488,33,training_log_TD3_20260328_114546.csv,177.03010567260552
1842,110.2225934530691,5,training_log_TD3_20260328_114546.csv,171.2546393214406
1843,190.49044509140407,23,training_log_TD3_20260328_114546.csv,171.08112074120208
1844,173.2874635715158,162,training_log_TD3_20260328_114546.csv,172.14571793518783
1845,-50.0,1,training_log_TD3_20260328_114546.csv,162.17932706320047
1846,163.94999228657107,17,training_log_TD3_20260328_114546.csv,163.6580095089893
1847,9.231710606590026,200,training_log_TD3_20260328_114546.csv,156.8296676846034
1848,50.81699563444422,200,training_log_TD3_20260328_114546.csv,148.90792367807884
1849,216.5639378007887,35,training_log_TD3_20260328_114546.csv,146.87690281737815
1850,14.627264228538742,200,training_log_TD3_20260328_114546.csv,140.50404529674972
1851,155.84913056680787,17,training_log_TD3_20260328_114546.csv,139.60504543183038
1852,140.85838779554894,21,training_log_TD3_20260328_114546.csv,137.0817874156192
1853,166.90190804982404,89,training_log_TD3_20260328_114546.csv,139.4923523918913
1854,177.89596565342163,66,training_log_TD3_20260328_114546.csv,139.06314121886464
1855,266.5483911413337,161,training_log_TD3_20260328_114546.csv,142.54890184154937
1856,236.3679146583851,49,training_log_TD3_20260328_114546.csv,145.18490835802987
1857,163.4722368511812,56,training_log_TD3_20260328_114546.csv,144.23060520272
1858,131.3298627499736,15,training_log_TD3_20260328_114546.csv,144.33015997404482
1859,148.92980769080313,16,training_log_TD3_20260328_114546.csv,143.22601892524838
1860,64.25521101833235,200,training_log_TD3_20260328_114546.csv,135.9735651825784
1861,177.4435844494163,24,training_log_TD3_20260328_114546.csv,135.45214016489746
1862,189.60441094958705,44,training_log_TD3_20260328_114546.csv,139.42123103972338
1863,144.24105776807085,33,training_log_TD3_20260328_114546.csv,137.10876167355673
1864,182.79488091550368,27,training_log_TD3_20260328_114546.csv,137.58413254075612
1865,13.551753476744643,40,training_log_TD3_20260328_114546.csv,140.76172021459337
1866,130.89758424636457,11,training_log_TD3_20260328_114546.csv,139.109099812583
1867,160.5860649227156,23,training_log_TD3_20260328_114546.csv,146.67681752838928
1868,134.51745074044263,76,training_log_TD3_20260328_114546.csv,150.86184028368922
1869,162.92109165029044,125,training_log_TD3_20260328_114546.csv,148.1796979761643
1870,166.85581259157027,30,training_log_TD3_20260328_114546.csv,155.79112539431588
1871,149.7401202978263,17,training_log_TD3_20260328_114546.csv,155.4856748808668
1872,129.85606654522266,17,training_log_TD3_20260328_114546.csv,154.9355588183505
1873,252.25664232078864,107,training_log_TD3_20260328_114546.csv,159.20329553189873
1874,196.69917881664207,33,training_log_TD3_20260328_114546.csv,160.14345619005974
1875,157.60930830507215,77,training_log_TD3_20260328_114546.csv,154.69650204824669
1876,176.8805407398303,23,training_log_TD3_20260328_114546.csv,151.72213335231893
1877,166.99729060918258,44,training_log_TD3_20260328_114546.csv,151.898386040219
1878,162.2661316806565,15,training_log_TD3_20260328_114546.csv,153.44519948675315
1879,142.1259835314299,124,training_log_TD3_20260328_114546.csv,153.10500827878448
1880,188.43813144537765,36,training_log_TD3_20260328_114546.csv,159.31415430013675
1881,28.0511577134424,200,training_log_TD3_20260328_114546.csv,151.84453296333805
1882,173.1867508934399,96,training_log_TD3_20260328_114546.csv,151.0236499605307
1883,171.76494115805986,90,training_log_TD3_20260328_114546.csv,152.39984413003012
1884,65.26972351512117,200,training_log_TD3_20260328_114546.csv,146.523586260011
1885,163.91906203330467,17,training_log_TD3_20260328_114546.csv,154.041951687839
1886,183.13900606818737,24,training_log_TD3_20260328_114546.csv,156.65402277893014
1887,157.17947525778763,15,training_log_TD3_20260328_114546.csv,156.48369329568376
1888,115.30776975774702,8,training_log_TD3_20260328_114546.csv,155.523209246549
1889,199.57105963862136,32,training_log_TD3_20260328_114546.csv,157.35570764596554
1890,148.84259915152808,26,training_log_TD3_20260328_114546.csv,156.45504697396342
1891,175.14704843005478,25,training_log_TD3_20260328_114546.csv,157.72539338057484
1892,200.705325090631,30,training_log_TD3_20260328_114546.csv,161.26785630784525
1893,165.58234939792186,18,training_log_TD3_20260328_114546.csv,156.93414166170191
1894,173.33141844982927,22,training_log_TD3_20260328_114546.csv,155.76575364336128
1895,138.83864002074995,14,training_log_TD3_20260328_114546.csv,154.82722022914515
1896,153.69725423036653,19,training_log_TD3_20260328_114546.csv,153.66805590367196
1897,47.07830237179327,200,training_log_TD3_20260328_114546.csv,147.67210649180248
1898,145.34860560914632,16,training_log_TD3_20260328_114546.csv,146.826230188227
1899,183.219100321628,26,training_log_TD3_20260328_114546.csv,148.88088602773692
1900,157.94162504440447,25,training_log_TD3_20260328_114546.csv,147.35606070768827
1901,142.10740499274547,20,training_log_TD3_20260328_114546.csv,153.0588730716534
1902,143.6929288350628,14,training_log_TD3_20260328_114546.csv,151.58418196873453
1903,184.56326741535264,22,training_log_TD3_20260328_114546.csv,152.2240982815992
1904,233.0887952583677,45,training_log_TD3_20260328_114546.csv,160.6150518687615
1905,144.300593378044,200,training_log_TD3_20260328_114546.csv,159.63412843599846
1906,134.674496334841,11,training_log_TD3_20260328_114546.csv,157.21090294933114
1907,75.79036985215114,200,training_log_TD3_20260328_114546.csv,153.14144767904932
1908,137.45263174177936,15,training_log_TD3_20260328_114546.csv,154.24869077825093
1909,163.27767632985783,44,training_log_TD3_20260328_114546.csv,152.43402161281276
1910,130.61968018887606,24,training_log_TD3_20260328_114546.csv,151.52287566468016
1911,28.910950235007626,200,training_log_TD3_20260328_114546.csv,144.21107075492782
1912,182.12694699279143,44,training_log_TD3_20260328_114546.csv,143.28215185003583
1913,191.67121442336932,32,training_log_TD3_20260328_114546.csv,144.5865951013082
1914,217.38094623885084,37,training_log_TD3_20260328_114546.csv,146.78907149075928
1915,100.0,1,training_log_TD3_20260328_114546.csv,144.84713948972177
1916,155.15804648521012,17,training_log_TD3_20260328_114546.csv,144.92017910246398
1917,198.8612639845284,26,training_log_TD3_20260328_114546.csv,152.50932718310074
1918,160.8963828568753,25,training_log_TD3_20260328_114546.csv,153.28671604548717
1919,164.92586462691025,27,training_log_TD3_20260328_114546.csv,152.3720542607513
1920,158.2263603864111,22,training_log_TD3_20260328_114546.csv,152.3862910278516
1921,203.33489517628655,132,training_log_TD3_20260328_114546.csv,155.44766553702868
1922,74.07069928493453,200,training_log_TD3_20260328_114546.csv,151.96655405952225
1923,176.24122837430775,30,training_log_TD3_20260328_114546.csv,151.55045210747
1924,173.67320223265227,26,training_log_TD3_20260328_114546.csv,148.57967245618426
1925,39.85445808869449,200,training_log_TD3_20260328_114546.csv,143.35736569171678
1926,155.78205904445483,42,training_log_TD3_20260328_114546.csv,144.41274382719746
1927,165.9836122271168,24,training_log_TD3_20260328_114546.csv,148.92240594594574
1928,83.22743906827802,200,training_log_TD3_20260328_114546.csv,146.21114631227067
1929,54.11286859010794,200,training_log_TD3_20260328_114546.csv,140.7529059252832
1930,232.3817746532228,50,training_log_TD3_20260328_114546.csv,145.84101064850051
1931,175.94276798184256,100,training_log_TD3_20260328_114546.csv,153.19260153584224
1932,184.1245660994195,27,training_log_TD3_20260328_114546.csv,153.29248249117367
1933,175.21249424123505,28,training_log_TD3_20260328_114546.csv,152.46954648206696
1934,186.29944857399704,46,training_log_TD3_20260328_114546.csv,150.91547159882427
1935,64.18140541641253,200,training_log_TD3_20260328_114546.csv,149.1245418696449
1936,209.6467311609537,30,training_log_TD3_20260328_114546.csv,151.84897610343208
1937,145.7337998803864,15,training_log_TD3_20260328_114546.csv,149.19260289822498
1938,154.16964554872794,22,training_log_TD3_20260328_114546.csv,148.8562660328176
1939,176.7375609285329,36,training_log_TD3_20260328_114546.csv,149.44685084789873
1940,231.26412941078567,46,training_log_TD3_20260328_114546.csv,153.09873929911745
1941,41.32890467921178,200,training_log_TD3_20260328_114546.csv,144.99843977426372
1942,168.52585501387887,36,training_log_TD3_20260328_114546.csv,149.72119756071092
1943,78.850654397813,200,training_log_TD3_20260328_114546.csv,144.85166886188622
1944,194.2816678572759,22,training_log_TD3_20260328_114546.csv,145.8820921431174
1945,50.949466220151976,200,training_log_TD3_20260328_114546.csv,146.43684254969025
1946,185.6057683422589,23,training_log_TD3_20260328_114546.csv,147.92802801458046
1947,172.02032729516077,25,training_log_TD3_20260328_114546.csv,148.22986376798266
1948,228.82614939307567,104,training_log_TD3_20260328_114546.csv,155.50979928422254
1949,117.60861931019036,200,training_log_TD3_20260328_114546.csv,158.68458682022668
1950,27.10893318253577,200,training_log_TD3_20260328_114546.csv,148.42094474669233
1951,166.20745976713744,25,training_log_TD3_20260328_114546.csv,147.93417933595705
1952,49.862731191327335,200,training_log_TD3_20260328_114546.csv,141.22108759055246
1953,52.2788617099698,200,training_log_TD3_20260328_114546.csv,135.07440596398916
1954,173.68321041129528,19,training_log_TD3_20260328_114546.csv,134.4435940558541
1955,156.79890200167088,18,training_log_TD3_20260328_114546.csv,139.07446888511703
1956,198.29515631157463,31,training_log_TD3_20260328_114546.csv,138.50689014264805
1957,173.2323869505903,24,training_log_TD3_20260328_114546.csv,139.88181949615824
1958,217.2565107546673,59,training_log_TD3_20260328_114546.csv,143.0361627564552
1959,196.80881775948455,31,training_log_TD3_20260328_114546.csv,144.0397255980028
1960,124.81835831913656,75,training_log_TD3_20260328_114546.csv,138.71743704342035
1961,75.22955325111073,200,training_log_TD3_20260328_114546.csv,140.4124694720153
1962,161.48388425988864,29,training_log_TD3_20260328_114546.csv,140.0603709343158
1963,2.3125876059696253,200,training_log_TD3_20260328_114546.csv,136.2334675947236
1964,76.4397282812004,200,training_log_TD3_20260328_114546.csv,130.34137061591986
1965,148.21863809608547,21,training_log_TD3_20260328_114546.csv,135.2048292097165
1966,245.3958545138867,49,training_log_TD3_20260328_114546.csv,138.1943335182979
1967,196.7033263822534,120,training_log_TD3_20260328_114546.csv,139.42848347265254
1968,188.09061501291995,28,training_log_TD3_20260328_114546.csv,137.39170675364477
1969,162.13545170558314,27,training_log_TD3_20260328_114546.csv,139.6180483734144
1970,28.45682350280319,200,training_log_TD3_20260328_114546.csv,139.68544288942778
1971,138.30098207586337,22,training_log_TD3_20260328_114546.csv,138.29011900486404
1972,140.0009744102138,17,training_log_TD3_20260328_114546.csv,142.7970311658084
1973,58.9223683798729,200,training_log_TD3_20260328_114546.csv,143.12920649930354
1974,142.4174449759537,19,training_log_TD3_20260328_114546.csv,141.56591822753646
1975,184.29015284944217,88,training_log_TD3_20260328_114546.csv,142.94048076992505
1976,206.0136235624969,35,training_log_TD3_20260328_114546.csv,143.32640413247114
1977,183.17396961968976,26,training_log_TD3_20260328_114546.csv,143.8234832659261
1978,136.5063190843071,11,training_log_TD3_20260328_114546.csv,139.7859736824081
1979,156.84518908695318,16,training_log_TD3_20260328_114546.csv,137.78779224878153
1980,206.7739075667701,43,training_log_TD3_20260328_114546.csv,141.8855697111632
1981,148.38105052041732,22,training_log_TD3_20260328_114546.csv,145.54314457462854
1982,160.08269713464475,21,training_log_TD3_20260328_114546.csv,145.47308521836635
1983,149.6426974565295,19,training_log_TD3_20260328_114546.csv,152.83959071089436
1984,227.76206368491512,40,training_log_TD3_20260328_114546.csv,160.40570748108007
1985,181.71366188879583,29,training_log_TD3_20260328_114546.csv,162.0804586707156
1986,203.50600041227895,58,training_log_TD3_20260328_114546.csv,159.98596596563522
1987,44.61451922195346,200,training_log_TD3_20260328_114546.csv,152.3815256076202
1988,234.4453918714816,163,training_log_TD3_20260328_114546.csv,154.6992644505483
1989,114.03704477264203,200,training_log_TD3_20260328_114546.csv,152.2943441039012
1990,29.488030220370483,200,training_log_TD3_20260328_114546.csv,152.3459044397796
1991,62.19930923308409,200,training_log_TD3_20260328_114546.csv,148.54082079764063
1992,146.52863469169748,200,training_log_TD3_20260328_114546.csv,148.86720381171483
1993,167.65838097235056,24,training_log_TD3_20260328_114546.csv,154.3040044413387
1994,53.72632803144462,200,training_log_TD3_20260328_114546.csv,149.86944859411324
1995,100.0,1,training_log_TD3_20260328_114546.csv,145.65494095164112
1996,137.9398945560251,13,training_log_TD3_20260328_114546.csv,142.25125450131753
1997,92.17930657392624,63,training_log_TD3_20260328_114546.csv,137.7015213490294
1998,174.84010642666897,111,training_log_TD3_20260328_114546.csv,139.61821071614747
1999,137.06829559252446,14,training_log_TD3_20260328_114546.csv,138.62936604142604
2000,11.015492682735855,200,training_log_TD3_20260328_114546.csv,128.8414452972243
2001,119.67087633881442,15,training_log_TD3_20260328_114546.csv,127.40593658814419
2002,191.8906283680434,22,training_log_TD3_20260328_114546.csv,128.99633314981412
2003,232.32102814409595,72,training_log_TD3_20260328_114546.csv,133.13024968419242
2004,183.8351010695037,22,training_log_TD3_20260328_114546.csv,130.93390155342186
2005,163.2186105838097,18,training_log_TD3_20260328_114546.csv,130.00914898817254
2006,81.53881907666266,200,training_log_TD3_20260328_114546.csv,123.91078992139174
2007,192.91539773908855,28,training_log_TD3_20260328_114546.csv,131.32583384724848
2008,154.5359730082102,21,training_log_TD3_20260328_114546.csv,127.33036290408492
2009,176.6004248933889,27,training_log_TD3_20260328_114546.csv,130.45853191012228
2010,173.6571237247013,20,training_log_TD3_20260328_114546.csv,137.6669865853388
2011,61.10401148665258,200,training_log_TD3_20260328_114546.csv,137.61222169801724
2012,72.45556990009327,200,training_log_TD3_20260328_114546.csv,133.908568458437
2013,30.375381036902887,200,training_log_TD3_20260328_114546.csv,127.04441846166465
2014,171.99478919786338,24,training_log_TD3_20260328_114546.csv,132.9578415199856
2015,240.87717270713105,41,training_log_TD3_20260328_114546.csv,140.00170015534212
2016,214.03192676433795,36,training_log_TD3_20260328_114546.csv,143.80630176575778
2017,173.6129243817661,24,training_log_TD3_20260328_114546.csv,147.87798265614975
2018,70.42922409797801,200,training_log_TD3_20260328_114546.csv,142.6574385397152
2019,105.04374245191896,200,training_log_TD3_20260328_114546.csv,141.05621088268495
2020,200.0101789141237,32,training_log_TD3_20260328_114546.csv,150.50594519425434
2021,179.50006090782227,58,training_log_TD3_20260328_114546.csv,153.49740442270473
2022,132.804834457534,34,training_log_TD3_20260328_114546.csv,150.54311472717924
2023,174.00057708651468,27,training_log_TD3_20260328_114546.csv,147.6270921743002
2024,151.02061152615352,63,training_log_TD3_20260328_114546.csv,145.9863676971327
2025,155.0606227919599,18,training_log_TD3_20260328_114546.csv,145.5784683075402
2026,206.8530065977026,36,training_log_TD3_20260328_114546.csv,151.8441776835922
2027,173.68573919021418,22,training_log_TD3_20260328_114546.csv,150.88269475614848
2028,193.7475050178454,28,training_log_TD3_20260328_114546.csv,152.84327135663023
2029,169.39213056010493,19,training_log_TD3_20260328_114546.csv,152.48285663996603
2030,168.4726504297532,29,training_log_TD3_20260328_114546.csv,152.22363297521864
2031,185.9845269276768,26,training_log_TD3_20260328_114546.csv,158.46765874726984
2032,22.65486729464311,200,training_log_TD3_20260328_114546.csv,155.97762361699733
2033,172.33132491896097,35,training_log_TD3_20260328_114546.csv,163.07542081110023
2034,124.4551952270393,10,training_log_TD3_20260328_114546.csv,160.698441112559
2035,160.61950078433657,18,training_log_TD3_20260328_114546.csv,156.68555751641932
2036,198.67320110104268,35,training_log_TD3_20260328_114546.csv,155.91762123325455
2037,130.9853463863396,19,training_log_TD3_20260328_114546.csv,153.78624233348324
2038,191.89346015866977,26,training_log_TD3_20260328_114546.csv,159.85945413651783
2039,189.6506514529479,31,training_log_TD3_20260328_114546.csv,164.08979958656926
2040,221.6726905752938,42,training_log_TD3_20260328_114546.csv,165.17292516962777
2041,185.4257673073763,34,training_log_TD3_20260328_114546.csv,165.46921048960547
2042,215.8303097034148,32,training_log_TD3_20260328_114546.csv,169.6204842518995
2043,196.3894684958605,29,training_log_TD3_20260328_114546.csv,170.7399288223668
2044,160.93004105715613,31,training_log_TD3_20260328_114546.csv,171.23540029891691
2045,190.88741594709444,48,training_log_TD3_20260328_114546.csv,173.02673995667368
2046,166.58308889268213,20,training_log_TD3_20260328_114546.csv,171.01324407142263
2047,132.19185545367102,9,training_log_TD3_20260328_114546.csv,168.9385498845955
2048,183.39088668396104,24,training_log_TD3_20260328_114546.csv,168.42071896790125
2049,209.18862290272108,33,training_log_TD3_20260328_114546.csv,170.41054358503206
2050,159.14458967599165,75,training_log_TD3_20260328_114546.csv,169.94414054734398
2051,184.97427055058276,30,training_log_TD3_20260328_114546.csv,169.89362772848926
2052,179.9750275329563,88,training_log_TD3_20260328_114546.csv,177.75963574040495
2053,214.57880386576053,35,training_log_TD3_20260328_114546.csv,179.8720096877449
2054,155.42769973558242,137,training_log_TD3_20260328_114546.csv,181.42063491317208
2055,149.2362507733152,22,training_log_TD3_20260328_114546.csv,180.851472412621
2056,188.11739011125096,175,training_log_TD3_20260328_114546.csv,180.3236818631314
2057,193.2534991551868,25,training_log_TD3_20260328_114546.csv,183.43708950157378
2058,175.90637597920255,24,training_log_TD3_20260328_114546.csv,182.6377352926004
2059,163.10907659299443,26,training_log_TD3_20260328_114546.csv,181.31065654960273
2060,36.95471961618381,200,training_log_TD3_20260328_114546.csv,172.07475800164724
2061,-50.0,1,training_log_TD3_20260328_114546.csv,160.3034696362784
2062,35.35436464055181,200,training_log_TD3_20260328_114546.csv,151.27967238313528
2063,173.17340292258882,24,training_log_TD3_20260328_114546.csv,150.11886910447168
2064,215.7653139417781,31,training_log_TD3_20260328_114546.csv,152.8606327487028
2065,146.29065873981793,179,training_log_TD3_20260328_114546.csv,150.63079488833895
2066,59.1854645091235,200,training_log_TD3_20260328_114546.csv,145.26091366916103
2067,158.47207931208172,14,training_log_TD3_20260328_114546.csv,146.57492486208156
2068,150.82611838787906,23,training_log_TD3_20260328_114546.csv,144.94668644727747
2069,262.3255722713503,54,training_log_TD3_20260328_114546.csv,147.60353391570894
2070,96.03852510221633,200,training_log_TD3_20260328_114546.csv,144.44823068702016
2071,179.9763542359081,24,training_log_TD3_20260328_114546.csv,144.19833487128645
2072,150.9986369482296,18,training_log_TD3_20260328_114546.csv,142.74951534205007
2073,161.53547497280738,18,training_log_TD3_20260328_114546.csv,140.09734889740244
2074,185.55335073994604,25,training_log_TD3_20260328_114546.csv,141.60363144762061
2075,174.3772452879026,128,training_log_TD3_20260328_114546.csv,142.86068117334997
2076,234.16493168084304,42,training_log_TD3_20260328_114546.csv,145.16305825182957
2077,166.05352708431548,23,training_log_TD3_20260328_114546.csv,143.80305964828602
2078,170.2981644053465,31,training_log_TD3_20260328_114546.csv,143.52264906959323
2079,175.92845730239966,24,training_log_TD3_20260328_114546.csv,144.1636181050635
2080,124.10309341562836,7,training_log_TD3_20260328_114546.csv,148.52103679503574
2081,221.36941687504623,62,training_log_TD3_20260328_114546.csv,162.08950763878804
2082,131.1899147406515,41,training_log_TD3_20260328_114546.csv,166.88128514379304
2083,138.62605215640443,18,training_log_TD3_20260328_114546.csv,165.15391760548377
2084,106.23814427764586,65,training_log_TD3_20260328_114546.csv,159.67755912227716
2085,121.23031349300612,7,training_log_TD3_20260328_114546.csv,158.4245418599366
2086,210.07076540407184,39,training_log_TD3_20260328_114546.csv,165.96880690468402
2087,134.9369531351453,17,training_log_TD3_20260328_114546.csv,164.7920505958372
2088,180.3104245446565,28,training_log_TD3_20260328_114546.csv,166.26626590367604
2089,181.0504599464235,27,training_log_TD3_20260328_114546.csv,162.20251028742973
2090,150.84147879150646,18,training_log_TD3_20260328_114546.csv,164.94265797189422
2091,191.8172514256455,124,training_log_TD3_20260328_114546.csv,165.53470283138108
2092,137.1902662738531,21,training_log_TD3_20260328_114546.csv,164.84428429766228
2093,188.48243832735187,29,training_log_TD3_20260328_114546.csv,166.1916324653895
2094,178.96171006385583,32,training_log_TD3_20260328_114546.csv,165.86205043158498
2095,169.24742518543928,21,training_log_TD3_20260328_114546.csv,165.60555942646184
2096,65.9853392909328,200,training_log_TD3_20260328_114546.csv,157.19657980696633
2097,138.03739698849222,13,training_log_TD3_20260328_114546.csv,155.79577330217515
2098,162.17211221677434,21,training_log_TD3_20260328_114546.csv,155.38947069274653
2099,179.4613284152927,22,training_log_TD3_20260328_114546.csv,155.5661142483912
2100,159.7171511797277,23,training_log_TD3_20260328_114546.csv,157.34681713659614
2101,156.22817766184033,17,training_log_TD3_20260328_114546.csv,154.08975517593586
2102,161.59040549008287,20,training_log_TD3_20260328_114546.csv,155.60977971340742
2103,261.77700080689345,126,training_log_TD3_20260328_114546.csv,161.7673271459319
2104,179.57640889944864,52,training_log_TD3_20260328_114546.csv,165.43424037702204
2105,184.2437111843301,19,training_log_TD3_20260328_114546.csv,168.58491026158822
2106,122.2767898519612,200,training_log_TD3_20260328_114546.csv,164.19521148398266
2107,157.12629638335125,26,training_log_TD3_20260328_114546.csv,165.304678646393
2108,225.96470851421068,37,training_log_TD3_20260328_114546.csv,167.5873928448707
2109,147.519846097407,21,training_log_TD3_20260328_114546.csv,165.91086215241984
2110,151.10593949306747,24,training_log_TD3_20260328_114546.csv,165.92408518749792
2111,162.58812763768938,16,training_log_TD3_20260328_114546.csv,164.46262899810012
2112,152.97399393008874,180,training_log_TD3_20260328_114546.csv,165.25181538091186
2113,34.51867903196899,200,training_log_TD3_20260328_114546.csv,157.55362741614275
2114,164.62075492177985,24,training_log_TD3_20260328_114546.csv,156.83657965903896
2115,153.13358059712496,20,training_log_TD3_20260328_114546.csv,156.03088742962322
2116,169.61335050769543,141,training_log_TD3_20260328_114546.csv,161.21228799046136
2117,87.19063780297158,200,training_log_TD3_20260328_114546.csv,158.66995003118535
2118,142.50886968149425,14,training_log_TD3_20260328_114546.csv,157.68678790442135
2119,165.1205259760146,24,training_log_TD3_20260328_114546.csv,156.96974778245743
2120,151.0350624651321,35,training_log_TD3_20260328_114546.csv,156.53564334672762
2121,233.7781148052994,45,training_log_TD3_20260328_114546.csv,160.41314020390058
2122,138.29444013751836,11,training_log_TD3_20260328_114546.csv,159.24834193627237
2123,171.58072372579124,27,training_log_TD3_20260328_114546.csv,154.73852808221727
2124,164.67307736279582,22,training_log_TD3_20260328_114546.csv,153.9933615053846
2125,142.11801138747,20,training_log_TD3_20260328_114546.csv,151.88707651554162
2126,146.74697038653497,15,training_log_TD3_20260328_114546.csv,153.11058554227031
2127,165.41788795672025,27,training_log_TD3_20260328_114546.csv,153.52516512093877
2128,157.0643207382244,16,training_log_TD3_20260328_114546.csv,150.08014573213944
2129,173.26110103064434,24,training_log_TD3_20260328_114546.csv,151.3672084788013
2130,161.40222297871955,17,training_log_TD3_20260328_114546.csv,151.8820226530839
2131,141.724734188385,15,training_log_TD3_20260328_114546.csv,150.8388529806187
2132,143.1519057746693,14,training_log_TD3_20260328_114546.csv,150.3477485728477
2133,173.51440283354367,22,training_log_TD3_20260328_114546.csv,157.29753476292646
2134,180.86353408996,18,training_log_TD3_20260328_114546.csv,158.10967372133547
2135,158.91148081149387,38,training_log_TD3_20260328_114546.csv,158.3985687320539
2136,226.79727537091628,43,training_log_TD3_20260328_114546.csv,161.25776497521494
2137,142.2257064811759,17,training_log_TD3_20260328_114546.csv,164.00951840912518
2138,187.06207080774377,22,training_log_TD3_20260328_114546.csv,166.23717846543764
2139,206.29780171319956,28,training_log_TD3_20260328_114546.csv,168.2960422522969
2140,193.5419488746138,32,training_log_TD3_20260328_114546.csv,170.42138657277098
2141,218.64089441120524,87,training_log_TD3_20260328_114546.csv,169.66452555306628
2142,22.87461753967262,200,training_log_TD3_20260328_114546.csv,163.893534423174
2143,182.6222188248977,21,training_log_TD3_20260328_114546.csv,164.4456091781293
2144,159.08919093362238,22,training_log_TD3_20260328_114546.csv,164.16641485667066
2145,166.85664885719655,23,training_log_TD3_20260328_114546.csv,165.40334673015695
2146,184.5206958404133,20,training_log_TD3_20260328_114546.csv,167.29203300285087
2147,162.29921884307402,17,training_log_TD3_20260328_114546.csv,167.13609954716856
2148,155.38145916370812,130,training_log_TD3_20260328_114546.csv,167.05195646844274
2149,185.5735841689536,22,training_log_TD3_20260328_114546.csv,167.6675806253582
2150,172.2655605293977,17,training_log_TD3_20260328_114546.csv,168.2107475028921
2151,141.08208007924014,63,training_log_TD3_20260328_114546.csv,168.17861479743488
2152,161.62942086781052,22,training_log_TD3_20260328_114546.csv,169.10249055209195
2153,187.13959799713507,26,training_log_TD3_20260328_114546.csv,169.7837503102715
2154,222.1828805033534,40,training_log_TD3_20260328_114546.csv,171.84971763094117
2155,165.54477808901015,17,training_log_TD3_20260328_114546.csv,172.181382494817
2156,133.5017887040485,12,training_log_TD3_20260328_114546.csv,167.51660816147358
2157,155.68222305483135,21,training_log_TD3_20260328_114546.csv,168.18943399015637
2158,106.62323148934092,3,training_log_TD3_20260328_114546.csv,164.16749202423622
2159,221.62346190101164,44,training_log_TD3_20260328_114546.csv,164.93377503362683
2160,168.59364803365003,21,training_log_TD3_20260328_114546.csv,163.68635999157863
2161,255.24837112969945,52,training_log_TD3_20260328_114546.csv,165.51673382750334
2162,172.3472287599138,18,training_log_TD3_20260328_114546.csv,172.9903643885154
2163,195.7554592147573,38,training_log_TD3_20260328_114546.csv,173.6470264080084
2164,150.66434145483868,18,training_log_TD3_20260328_114546.csv,173.2257839340692
2165,180.62380355311743,100,training_log_TD3_20260328_114546.csv,173.91414166886526
2166,205.89445852862315,79,training_log_TD3_20260328_114546.csv,174.98282980327573
2167,232.3056292378032,44,training_log_TD3_20260328_114546.csv,178.4831503230122
2168,188.0322516034445,29,training_log_TD3_20260328_114546.csv,180.11568994499902
2169,238.23676414788065,40,training_log_TD3_20260328_114546.csv,182.74884894394538
2170,120.51072883910793,8,training_log_TD3_20260328_114546.csv,180.1611073594309
2171,194.3708619148157,26,training_log_TD3_20260328_114546.csv,182.82554645120968
2172,39.143409258661165,200,training_log_TD3_20260328_114546.csv,176.7012458707522
2173,117.96995534260992,39,training_log_TD3_20260328_114546.csv,173.24276373802593
2174,152.60664508967866,200,training_log_TD3_20260328_114546.csv,169.7639519673422
2175,168.63018900484582,25,training_log_TD3_20260328_114546.csv,169.918222513134
2176,50.861333331987744,200,training_log_TD3_20260328_114546.csv,165.78619974453096
2177,130.7886236260915,40,training_log_TD3_20260328_114546.csv,164.54151977309397
2178,214.8225348308905,29,training_log_TD3_20260328_114546.csv,169.95148494017144
2179,167.0172407849039,21,training_log_TD3_20260328_114546.csv,167.22117388436607
2180,162.65818160931948,19,training_log_TD3_20260328_114546.csv,166.92440056314953
2181,15.952505770340675,200,training_log_TD3_20260328_114546.csv,154.95960729518157
2182,253.11408953238345,85,training_log_TD3_20260328_114546.csv,158.99795033380508
2183,204.81304354438265,34,training_log_TD3_20260328_114546.csv,159.45082955028633
2184,118.40998063474004,5,training_log_TD3_20260328_114546.csv,157.83811150928142
2185,158.824883841359,18,training_log_TD3_20260328_114546.csv,156.74816552369347
2186,175.05821828868014,22,training_log_TD3_20260328_114546.csv,155.20635351169634
2187,146.39850214128674,30,training_log_TD3_20260328_114546.csv,150.9109971568705
2188,167.69123183060304,22,training_log_TD3_20260328_114546.csv,149.8939461682284
2189,159.30649649527848,21,training_log_TD3_20260328_114546.csv,145.94743278559832
2190,193.726848353362,24,training_log_TD3_20260328_114546.csv,149.60823876131101
2191,115.54230578506242,8,training_log_TD3_20260328_114546.csv,145.66681095482335
2192,150.02696237893016,15,training_log_TD3_20260328_114546.csv,151.21098861083684
2193,188.06204146914348,27,training_log_TD3_20260328_114546.csv,154.71559291716352
2194,163.1009686024511,15,training_log_TD3_20260328_114546.csv,155.2403090928021
2195,178.27118080703065,24,training_log_TD3_20260328_114546.csv,155.72235868291136
2196,168.57628612365818,18,training_log_TD3_20260328_114546.csv,161.60810632249488
2197,-50.0,1,training_log_TD3_20260328_114546.csv,152.5686751411903
2198,208.70315170071336,37,training_log_TD3_20260328_114546.csv,152.26270598468145
2199,161.85139581114814,23,training_log_TD3_20260328_114546.csv,152.00441373599364
2200,159.89884737342015,20,training_log_TD3_20260328_114546.csv,151.8664470241987
2201,190.9495618352281,38,training_log_TD3_20260328_114546.csv,160.61629982744307
2202,131.8957600920355,12,training_log_TD3_20260328_114546.csv,154.55538335542568
2203,156.9593891950476,17,training_log_TD3_20260328_114546.csv,152.16270063795892
2204,238.1092828638877,39,training_log_TD3_20260328_114546.csv,158.1476657494163
2205,138.6682921080798,11,training_log_TD3_20260328_114546.csv,157.13983616275235
2206,179.27299519087933,23,training_log_TD3_20260328_114546.csv,157.35057500786232
2207,168.5725405222808,21,training_log_TD3_20260328_114546.csv,158.459276926912
2208,109.21660602066574,5,training_log_TD3_20260328_114546.csv,155.53554563641515
2209,104.89787425533656,200,training_log_TD3_20260328_114546.csv,152.81511452441802
2210,190.97281179984063,23,training_log_TD3_20260328_114546.csv,152.67741269674198
2211,207.6518469904823,24,training_log_TD3_20260328_114546.csv,157.28288975701295
2212,128.45453213174753,30,training_log_TD3_20260328_114546.csv,156.20426824465383
2213,209.596417364873,40,training_log_TD3_20260328_114546.csv,157.2809870394403
2214,174.87589350714325,25,training_log_TD3_20260328_114546.csv,157.86973328467494
2215,-50.0,1,training_log_TD3_20260328_114546.csv,146.4561742443234
2216,152.82052278406508,16,training_log_TD3_20260328_114546.csv,145.66838607734374
2217,185.04808545121887,27,training_log_TD3_20260328_114546.csv,157.42079034990468
2218,146.17500838333345,12,training_log_TD3_20260328_114546.csv,154.29438318403567
2219,131.06060332756573,15,training_log_TD3_20260328_114546.csv,152.75484355985657
2220,144.81586515446477,15,training_log_TD3_20260328_114546.csv,152.00069444890877
2221,140.84344677525917,11,training_log_TD3_20260328_114546.csv,149.49538869591032
2222,140.68132214486255,14,training_log_TD3_20260328_114546.csv,149.9346667985517
2223,194.7920519139166,27,training_log_TD3_20260328_114546.csv,151.82629993449513
2224,156.48121943922428,37,training_log_TD3_20260328_114546.csv,147.74489676326198
2225,171.34421925066465,19,training_log_TD3_20260328_114546.csv,149.37869312039123
2226,168.3089670450846,24,training_log_TD3_20260328_114546.csv,148.83049171310148
2227,139.72504990169145,26,training_log_TD3_20260328_114546.csv,147.388117182072
2228,209.9788110891009,29,training_log_TD3_20260328_114546.csv,152.42622743549376
2229,-23.547625927919743,8,training_log_TD3_20260328_114546.csv,146.00395242633095
2230,140.04354042973284,20,training_log_TD3_20260328_114546.csv,143.45748885782558
2231,141.8505052111248,13,training_log_TD3_20260328_114546.csv,140.16742176885768
2232,163.12531442214524,18,training_log_TD3_20260328_114546.csv,141.90096088337756
2233,159.66617342665708,17,training_log_TD3_20260328_114546.csv,139.40444868646676
2234,181.7037444910568,89,training_log_TD3_20260328_114546.csv,139.74584123566245
2235,116.31546592762304,5,training_log_TD3_20260328_114546.csv,148.0616145320436
2236,253.5005084423215,86,training_log_TD3_20260328_114546.csv,153.0956138149564
2237,169.24102851240497,18,training_log_TD3_20260328_114546.csv,152.30526096801572
2238,180.706085342996,23,training_log_TD3_20260328_114546.csv,154.03181481599887
2239,181.7246856504638,25,training_log_TD3_20260328_114546.csv,156.56501893214377
2240,193.43972244472943,24,training_log_TD3_20260328_114546.csv,158.996211796657
2241,138.87925454085155,14,training_log_TD3_20260328_114546.csv,158.89800218493662
2242,226.1871266369697,38,training_log_TD3_20260328_114546.csv,163.17329240954197
2243,129.3501286679358,13,training_log_TD3_20260328_114546.csv,159.90119624724292
2244,134.65215071074695,22,training_log_TD3_20260328_114546.csv,158.80974281081905
2245,106.56195418569892,3,training_log_TD3_20260328_114546.csv,155.57062955757078
2246,163.13813011873128,18,training_log_TD3_20260328_114546.csv,155.31208771125313
2247,139.4390534482319,25,training_log_TD3_20260328_114546.csv,155.29778788858013
2248,133.19732957922258,10,training_log_TD3_20260328_114546.csv,151.45871381308623
2249,136.227332825571,21,training_log_TD3_20260328_114546.csv,159.44746175076074
2250,174.67308703266394,160,training_log_TD3_20260328_114546.csv,161.17893908090733
2251,179.786442854788,24,training_log_TD3_20260328_114546.csv,163.07573596309047
2252,152.81086662820036,44,training_log_TD3_20260328_114546.csv,162.56001357339323
2253,131.85163664725297,14,training_log_TD3_20260328_114546.csv,161.169286734423
2254,152.78372872523835,16,training_log_TD3_20260328_114546.csv,159.7232859461321
2255,115.26722720402158,13,training_log_TD3_20260328_114546.csv,159.67087400995203
2256,139.83529513207026,23,training_log_TD3_20260328_114546.csv,153.98761334443947
2257,151.14869459342668,20,training_log_TD3_20260328_114546.csv,153.08299664849056
2258,151.92958121217674,18,training_log_TD3_20260328_114546.csv,151.6441714419496
2259,186.80753383125816,21,training_log_TD3_20260328_114546.csv,151.89831385098933
2260,199.330851991591,30,training_log_TD3_20260328_114546.csv,152.1928703283324
2261,149.3021964039289,15,training_log_TD3_20260328_114546.csv,152.71401742148626
2262,161.1269039160607,20,training_log_TD3_20260328_114546.csv,149.4610062854408
2263,205.7937803729963,38,training_log_TD3_20260328_114546.csv,153.28318887069383
2264,163.1847714091306,20,training_log_TD3_20260328_114546.csv,154.70981990561302
2265,126.39839750821032,12,training_log_TD3_20260328_114546.csv,155.70164207173858
2266,185.0079786037981,27,training_log_TD3_20260328_114546.csv,156.79513449599193
2267,163.0024558951419,22,training_log_TD3_20260328_114546.csv,157.97330461833744
2268,144.23965607599297,19,training_log_TD3_20260328_114546.csv,158.52542094317596
2269,161.47082820954702,17,training_log_TD3_20260328_114546.csv,159.78759571237475
2270,137.44299032497972,33,training_log_TD3_20260328_114546.csv,157.92609087699051
2271,112.9175645165673,21,training_log_TD3_20260328_114546.csv,154.5826469600795
2272,151.47291537015798,16,training_log_TD3_20260328_114546.csv,154.51574939717736
2273,180.01812359674557,24,training_log_TD3_20260328_114546.csv,156.92407374465202
2274,185.8350659640039,32,training_log_TD3_20260328_114546.csv,158.57664060659027
2275,181.8254882781008,22,training_log_TD3_20260328_114546.csv,161.90455366029425
2276,238.44612601524267,39,training_log_TD3_20260328_114546.csv,166.83509520445287
2277,210.48354504347125,27,training_log_TD3_20260328_114546.csv,169.80183772695509
2278,197.3583512931552,27,training_log_TD3_20260328_114546.csv,172.07327623100403
2279,-50.0,1,training_log_TD3_20260328_114546.csv,160.23289953944112
2280,189.83373905902303,27,training_log_TD3_20260328_114546.csv,159.75804389281274
2281,188.08732046274025,37,training_log_TD3_20260328_114546.csv,161.6973000957533
2282,120.05551963133618,6,training_log_TD3_20260328_114546.csv,159.64373088151706
2283,115.1663625030928,5,training_log_TD3_20260328_114546.csv,155.11235998802186
2284,160.52414696143762,19,training_log_TD3_20260328_114546.csv,154.97932876563723
2285,137.3407139330041,11,training_log_TD3_20260328_114546.csv,155.52644458687695
2286,147.07369757533706,25,training_log_TD3_20260328_114546.csv,153.6297305354539
2287,163.57531214555317,19,training_log_TD3_20260328_114546.csv,153.65837334797442
2288,104.29405107389844,2,training_log_TD3_20260328_114546.csv,151.6610930978697
2289,163.61123573130874,20,training_log_TD3_20260328_114546.csv,151.7681134739578
2290,185.61520928384405,24,training_log_TD3_20260328_114546.csv,154.176724421901
2291,171.04372545501872,20,training_log_TD3_20260328_114546.csv,157.08303246882357
2292,162.3343229909469,81,training_log_TD3_20260328_114546.csv,157.62610284986303
2293,142.45387542247852,136,training_log_TD3_20260328_114546.csv,155.74789044114968
2294,124.6554292607207,131,training_log_TD3_20260328_114546.csv,152.68890860598552
2295,193.24823493259169,25,training_log_TD3_20260328_114546.csv,153.26004593871005
2296,178.96364934672053,25,training_log_TD3_20260328_114546.csv,150.28592210528396
2297,183.54214987430257,23,training_log_TD3_20260328_114546.csv,148.9388523468255
2298,193.50770854976187,27,training_log_TD3_20260328_114546.csv,148.74632020965583
2299,209.76531905569925,26,training_log_TD3_20260328_114546.csv,161.73458616244082
2300,133.98673548065904,12,training_log_TD3_20260328_114546.csv,158.9422359835226
2301,128.51802321135534,13,training_log_TD3_20260328_114546.csv,155.96377112095337
2302,132.17310600404565,15,training_log_TD3_20260328_114546.csv,156.56965043958883
2303,172.567579651535,29,training_log_TD3_20260328_114546.csv,159.43971129701094
2304,154.5642866184496,25,training_log_TD3_20260328_114546.csv,159.14171827986155
2305,240.6660181795076,46,training_log_TD3_20260328_114546.csv,164.3079834921867
2306,151.9648720548193,19,training_log_TD3_20260328_114546.csv,164.55254221616082
2307,146.61306897118476,15,training_log_TD3_20260328_114546.csv,163.7044300574424
2308,182.76664813339855,27,training_log_TD3_20260328_114546.csv,167.62805991041742
2309,139.48400887303265,12,training_log_TD3_20260328_114546.csv,166.4216985675036
2310,232.50612814041835,48,training_log_TD3_20260328_114546.csv,168.76624451033234
2311,113.33472786591152,11,training_log_TD3_20260328_114546.csv,165.88079463087698
2312,-17.36778480568855,200,training_log_TD3_20260328_114546.csv,156.8956892410452
2313,214.01458371342528,39,training_log_TD3_20260328_114546.csv,160.47372465559252
2314,197.7836202976003,29,training_log_TD3_20260328_114546.csv,164.1301342074365
2315,157.984994312416,19,training_log_TD3_20260328_114546.csv,162.36697217642774
2316,167.6960156315562,21,training_log_TD3_20260328_114546.csv,161.8035904906695
2317,171.44732056204492,136,training_log_TD3_20260328_114546.csv,161.19884902505663
2318,164.39235708415578,24,training_log_TD3_20260328_114546.csv,159.74308145177633
2319,227.23707034339932,32,training_log_TD3_20260328_114546.csv,160.61666901616132
2320,202.6858325603273,24,training_log_TD3_20260328_114546.csv,164.05162387014474
2321,131.93671399675736,70,training_log_TD3_20260328_114546.csv,164.22255840941483
2322,157.93729614075409,15,training_log_TD3_20260328_114546.csv,165.51076791625027
2323,162.99729006284073,15,training_log_TD3_20260328_114546.csv,165.03225343681555
2324,141.11760345813406,27,training_log_TD3_20260328_114546.csv,164.3599192787998
2325,160.82500212550232,15,training_log_TD3_20260328_114546.csv,160.36786847609952
2326,-50.0,1,training_log_TD3_20260328_114546.csv,150.26962487335854
2327,197.1229540589069,22,training_log_TD3_20260328_114546.csv,152.79511912774464
2328,226.48479200249176,40,training_log_TD3_20260328_114546.csv,154.98102632119932
2329,154.22309482974515,30,training_log_TD3_20260328_114546.csv,155.71798061903493
2330,176.117668883354,23,training_log_TD3_20260328_114546.csv,152.8985576561817
2331,189.33569322286144,24,training_log_TD3_20260328_114546.csv,156.6986059240292
2332,127.1845143457127,7,training_log_TD3_20260328_114546.csv,163.92622088159928
2333,169.46611713544928,25,training_log_TD3_20260328_114546.csv,161.69879755270048
2334,165.82759021711232,19,training_log_TD3_20260328_114546.csv,160.1009960486761
2335,151.33207825251722,21,training_log_TD3_20260328_114546.csv,159.76835024568115
2336,143.40675804470183,16,training_log_TD3_20260328_114546.csv,158.55388736633842
2337,162.73224459820423,17,training_log_TD3_20260328_114546.csv,158.1181335681464
2338,180.8364581551064,21,training_log_TD3_20260328_114546.csv,158.9403386216939
2339,158.11421378966946,16,training_log_TD3_20260328_114546.csv,155.48419579400743
2340,121.8186347788668,28,training_log_TD3_20260328_114546.csv,151.4408359049344
2341,180.38205190184885,21,training_log_TD3_20260328_114546.csv,153.86310280018898
2342,185.62804668817583,21,training_log_TD3_20260328_114546.csv,155.24764032756008
2343,276.837733452926,52,training_log_TD3_20260328_114546.csv,160.93966249706432
2344,119.6756449790972,9,training_log_TD3_20260328_114546.csv,159.86756457311247
2345,198.74654131033463,26,training_log_TD3_20260328_114546.csv,161.76364153235411
2346,158.7623733065396,20,training_log_TD3_20260328_114546.csv,172.20176019768107
2347,173.1517915819545,31,training_log_TD3_20260328_114546.csv,171.00320207383345
2348,224.5752083559036,36,training_log_TD3_20260328_114546.csv,170.90772289150405
2349,136.55430702954823,74,training_log_TD3_20260328_114546.csv,170.0242835014942
2350,130.94597668104382,10,training_log_TD3_20260328_114546.csv,167.7656988913787
2351,148.3740072449573,21,training_log_TD3_20260328_114546.csv,165.71761459248347
2352,183.94776055588824,22,training_log_TD3_20260328_114546.csv,168.55577690299225
2353,173.03619537942905,24,training_log_TD3_20260328_114546.csv,168.73428081519125
2354,160.3028700300932,23,training_log_TD3_20260328_114546.csv,168.4580448058403
2355,179.31644220042983,24,training_log_TD3_20260328_114546.csv,169.85726300323591
2356,268.5270964978735,58,training_log_TD3_20260328_114546.csv,176.11327992589452
2357,222.16715102968595,38,training_log_TD3_20260328_114546.csv,179.0850252474686
2358,200.4220323685429,32,training_log_TD3_20260328_114546.csv,180.0643039581404
2359,161.70066416517002,19,training_log_TD3_20260328_114546.csv,180.24362647691544
2360,241.9277240042016,48,training_log_TD3_20260328_114546.csv,186.2490809381822
2361,150.57911636107485,18,training_log_TD3_20260328_114546.csv,184.7589341611435
2362,172.86645680010372,25,training_log_TD3_20260328_114546.csv,184.1208546667399
2363,176.978608475261,26,training_log_TD3_20260328_114546.csv,179.12789841785664
2364,178.14010825751174,37,training_log_TD3_20260328_114546.csv,182.05112158177735
2365,115.90798336390024,5,training_log_TD3_20260328_114546.csv,177.90919368445563
2366,177.7715357819617,21,training_log_TD3_20260328_114546.csv,178.85965180822677
2367,202.10060537963443,32,training_log_TD3_20260328_114546.csv,180.30709249811076
2368,229.27925426022188,37,training_log_TD3_20260328_114546.csv,180.54229479332668
2369,199.6470353551408,25,training_log_TD3_20260328_114546.csv,183.69693120960628
2370,148.21238807566812,27,training_log_TD3_20260328_114546.csv,184.5602517793375
2371,197.78137722824715,30,training_log_TD3_20260328_114546.csv,187.030620278502
2372,175.18534024574024,19,training_log_TD3_20260328_114546.csv,186.5924992629946
2373,205.6924450212808,37,training_log_TD3_20260328_114546.csv,188.2253117450872
2374,118.22884898204506,9,training_log_TD3_20260328_114546.csv,186.12161069268478
2375,179.8428057237192,20,training_log_TD3_20260328_114546.csv,186.14792886884925
2376,214.81901162249076,40,training_log_TD3_20260328_114546.csv,183.4625246250801
2377,173.35745287218043,22,training_log_TD3_20260328_114546.csv,181.02203971720482
2378,183.34928305560084,23,training_log_TD3_20260328_114546.csv,180.16840225155775
2379,175.46176097736537,25,training_log_TD3_20260328_114546.csv,180.85645709216752
2380,174.29713679749534,22,training_log_TD3_20260328_114546.csv,177.4749277318322
2381,125.6005441834285,11,training_log_TD3_20260328_114546.csv,176.22599912294987
2382,195.6206657124985,31,training_log_TD3_20260328_114546.csv,177.36370956856962
2383,202.7263833216004,32,training_log_TD3_20260328_114546.csv,178.65109831088657
2384,139.03727624016642,14,training_log_TD3_20260328_114546.csv,176.69595671001932
2385,198.73691368283528,25,training_log_TD3_20260328_114546.csv,180.83740322596606
2386,169.46187641934705,22,training_log_TD3_20260328_114546.csv,180.42192025783532
2387,209.4391304357856,26,training_log_TD3_20260328_114546.csv,180.78884651064288
2388,216.54388005524652,32,training_log_TD3_20260328_114546.csv,180.15207780039412
2389,185.52565970567952,22,training_log_TD3_20260328_114546.csv,179.44600901792106
2390,143.26694243920682,43,training_log_TD3_20260328_114546.csv,179.198736736098
2391,186.19041153993345,23,training_log_TD3_20260328_114546.csv,178.6191884516823
2392,155.5974647908099,20,training_log_TD3_20260328_114546.csv,177.63979467893577
2393,143.27058827842163,14,training_log_TD3_20260328_114546.csv,174.51870184179282
2394,136.7683084445415,9,training_log_TD3_20260328_114546.csv,175.44567481491765
2395,148.0153570141164,20,training_log_TD3_20260328_114546.csv,173.8543023794375
2396,177.83293560731593,45,training_log_TD3_20260328_114546.csv,172.00499857867877
2397,156.70908077640934,15,training_log_TD3_20260328_114546.csv,171.1725799738902
2398,256.893006951301,50,training_log_TD3_20260328_114546.csv,174.84976616867522
2399,157.4921323765374,22,training_log_TD3_20260328_114546.csv,173.9512847386338
2400,265.6992628643062,51,training_log_TD3_20260328_114546.csv,178.52139104197437
2401,168.466254321281,19,training_log_TD3_20260328_114546.csv,180.664676548867
2402,162.99518317958362,19,training_log_TD3_20260328_114546.csv,179.03340242222126
2403,206.01005549645785,29,training_log_TD3_20260328_114546.csv,179.19758603096415
2404,117.860863064744,86,training_log_TD3_20260328_114546.csv,178.13876537219298
2405,200.9664043853283,34,training_log_TD3_20260328_114546.csv,178.25023990731765
2406,124.10960702569372,8,training_log_TD3_20260328_114546.csv,175.982626437635
2407,125.7359329936086,9,training_log_TD3_20260328_114546.csv,171.79746656552612
2408,183.40827521736972,18,training_log_TD3_20260328_114546.csv,170.1406863236323
2409,148.67238010753402,16,training_log_TD3_20260328_114546.csv,168.29802234372502
2410,236.6224647119492,45,training_log_TD3_20260328_114546.csv,172.96579845736215
2411,237.5752537505552,45,training_log_TD3_20260328_114546.csv,175.53504056789322
2412,151.2227334580888,13,training_log_TD3_20260328_114546.csv,175.31630400125718
2413,165.9758926826923,17,training_log_TD3_20260328_114546.csv,176.45156922147072
2414,224.646920447877,36,training_log_TD3_20260328_114546.csv,180.84549982163747
2415,138.00274670016657,10,training_log_TD3_20260328_114546.csv,180.34486930594
2416,164.23775550171297,18,training_log_TD3_20260328_114546.csv,179.66511030065982
2417,191.085304756531,21,training_log_TD3_20260328_114546.csv,181.38392149966592
2418,155.23279773468727,13,training_log_TD3_20260328_114546.csv,176.3009110388352
2419,209.5377781648096,32,training_log_TD3_20260328_114546.csv,178.90319332824885
2420,151.58986058055848,19,training_log_TD3_20260328_114546.csv,173.19772321406145
2421,170.45585274652362,25,training_log_TD3_20260328_114546.csv,173.2972031353236
2422,164.60256051672107,20,training_log_TD3_20260328_114546.csv,173.37757200218044
2423,197.72847815342,23,training_log_TD3_20260328_114546.csv,172.96349313502856
2424,138.36943223171448,20,training_log_TD3_20260328_114546.csv,173.9889215933771
2425,142.84110509040454,18,training_log_TD3_20260328_114546.csv,171.0826566286309
2426,147.6897613452878,18,training_log_TD3_20260328_114546.csv,172.2616643446106
2427,222.19150343368864,53,training_log_TD3_20260328_114546.csv,177.08444286661464
2428,188.3283479388869,26,training_log_TD3_20260328_114546.csv,177.33044650269048
2429,199.9355872251847,33,training_log_TD3_20260328_114546.csv,179.893606858573
2430,134.91638682297963,12,training_log_TD3_20260328_114546.csv,174.80830296412452
2431,153.6668777888195,19,training_log_TD3_20260328_114546.csv,170.61288416603776
2432,156.27988933911666,21,training_log_TD3_20260328_114546.csv,170.8657419600891
2433,220.6262378855736,39,training_log_TD3_20260328_114546.csv,173.5982592202332
2434,158.5841164841556,13,training_log_TD3_20260328_114546.csv,170.29511902204712
2435,137.1328393129733,10,training_log_TD3_20260328_114546.csv,170.25162365268747
2436,182.1423722105774,21,training_log_TD3_20260328_114546.csv,171.1468544881307
2437,239.5109321081133,48,training_log_TD3_20260328_114546.csv,173.5681358557098
2438,191.63238727427628,26,training_log_TD3_20260328_114546.csv,175.38811533268927
2439,156.97363465673925,19,training_log_TD3_20260328_114546.csv,172.75990815728574
2440,-50.0,1,training_log_TD3_20260328_114546.csv,162.68041512825783
2441,154.3894505372916,20,training_log_TD3_20260328_114546.csv,161.8770950177962
2442,121.83908643385364,11,training_log_TD3_20260328_114546.csv,159.73892131365284
2443,179.14770500577046,22,training_log_TD3_20260328_114546.csv,158.80988265627036
2444,136.01627526925552,13,training_log_TD3_20260328_114546.csv,158.69222480814742
2445,263.6045550578866,50,training_log_TD3_20260328_114546.csv,164.73039730652152
2446,190.54552043681292,32,training_log_TD3_20260328_114546.csv,166.87318526109777
2447,224.2547313488396,38,training_log_TD3_20260328_114546.csv,166.97634665685533
2448,167.14326109407708,19,training_log_TD3_20260328_114546.csv,165.91709231461485
2449,185.3472152447988,32,training_log_TD3_20260328_114546.csv,165.18767371559554
2450,201.46616737737003,33,training_log_TD3_20260328_114546.csv,168.51516274331505
2451,175.86774682235102,23,training_log_TD3_20260328_114546.csv,169.62520619499165
2452,168.06481534083645,29,training_log_TD3_20260328_114546.csv,170.21445249507764
2453,166.3654517700146,21,training_log_TD3_20260328_114546.csv,167.50141318929965
2454,157.45809753914995,24,training_log_TD3_20260328_114546.csv,167.4451122420494
2455,221.4597606789892,36,training_log_TD3_20260328_114546.csv,171.66145831035018
2456,165.9841960681861,19,training_log_TD3_20260328_114546.csv,170.85354950323062
2457,147.08882041756,17,training_log_TD3_20260328_114546.csv,166.23244391870296
2458,138.4752515494531,15,training_log_TD3_20260328_114546.csv,163.57458713246177
2459,143.58215912348723,16,training_log_TD3_20260328_114546.csv,162.9050133557992
2460,138.60119159136391,14,training_log_TD3_20260328_114546.csv,172.33507293536738
2461,-50.0,1,training_log_TD3_20260328_114546.csv,162.11560040850281
2462,165.17951527049743,24,training_log_TD3_20260328_114546.csv,164.282621850335
2463,118.85436043708394,10,training_log_TD3_20260328_114546.csv,161.26795462190069
2464,152.5787246522576,46,training_log_TD3_20260328_114546.csv,162.09607709105077
2465,146.10647752352264,20,training_log_TD3_20260328_114546.csv,156.22117321433257
2466,176.37905778938534,26,training_log_TD3_20260328_114546.csv,155.5128500819612
2467,129.50439523740476,10,training_log_TD3_20260328_114546.csv,150.77533327638946
2468,186.9521545698282,22,training_log_TD3_20260328_114546.csv,151.765777950177
2469,130.37775748318,27,training_log_TD3_20260328_114546.csv,149.01730506209609
2470,192.28997288214225,23,training_log_TD3_20260328_114546.csv,148.5584953373347
2471,153.36980217735322,18,training_log_TD3_20260328_114546.csv,147.4335981050848
2472,131.12496283982117,12,training_log_TD3_20260328_114546.csv,145.58660548003405
2473,179.3060632780427,23,training_log_TD3_20260328_114546.csv,146.23363605543543
2474,156.82962964190827,19,training_log_TD3_20260328_114546.csv,146.20221266057337
2475,204.14529614082085,27,training_log_TD3_20260328_114546.csv,145.33648943366492
2476,189.76190229345465,23,training_log_TD3_20260328_114546.csv,146.52537474492834
2477,140.92044300196076,14,training_log_TD3_20260328_114546.csv,146.2169558741484
2478,155.6758332874621,17,training_log_TD3_20260328_114546.csv,147.07698496104885
2479,179.08747763897264,30,training_log_TD3_20260328_114546.csv,148.85225088682313
2480,269.5039853857261,60,training_log_TD3_20260328_114546.csv,155.39739057654123
2481,168.8518685508265,19,training_log_TD3_20260328_114546.csv,166.33998400408257
2482,179.94674371292922,26,training_log_TD3_20260328_114546.csv,167.07834542620415
2483,143.12151345190142,13,training_log_TD3_20260328_114546.csv,168.291703076945
2484,162.20858427044976,17,training_log_TD3_20260328_114546.csv,168.77319605785462
2485,140.9525233934114,14,training_log_TD3_20260328_114546.csv,168.5154983513491
2486,135.56999011416724,21,training_log_TD3_20260328_114546.csv,166.47504496758816
2487,256.26417338608394,51,training_log_TD3_20260328_114546.csv,172.81303387502211
2488,152.4224300115569,16,training_log_TD3_20260328_114546.csv,171.08654764710855
2489,159.29480760214582,24,training_log_TD3_20260328_114546.csv,172.53240015305684
2490,212.13569177045417,32,training_log_TD3_20260328_114546.csv,173.52468609747243
2491,159.43174533100105,16,training_log_TD3_20260328_114546.csv,173.82778325515486
2492,195.2717438797775,24,training_log_TD3_20260328_114546.csv,177.03512230715265
2493,171.28177473530283,21,training_log_TD3_20260328_114546.csv,176.63390788001567
2494,178.01891345917187,24,training_log_TD3_20260328_114546.csv,177.69337207087884
2495,135.66799084344473,10,training_log_TD3_20260328_114546.csv,174.26950680601004
2496,173.46022516630043,20,training_log_TD3_20260328_114546.csv,173.45442294965233
2497,140.2765521890579,17,training_log_TD3_20260328_114546.csv,173.42222840900718
2498,144.199780876675,15,training_log_TD3_20260328_114546.csv,172.84842578846784
2499,179.99659630198187,21,training_log_TD3_20260328_114546.csv,172.89388172161827
2500,160.20200356243234,18,training_log_TD3_20260328_114546.csv,167.42878263045358
2501,169.53645359110467,18,training_log_TD3_20260328_114546.csv,167.4630118824675
2502,153.9942071599664,38,training_log_TD3_20260328_114546.csv,166.16538505481935
2503,150.87292098686862,15,training_log_TD3_20260328_114546.csv,166.55295543156774
2504,144.99590392502807,15,training_log_TD3_20260328_114546.csv,165.69232141429663
2505,201.9328842717087,27,training_log_TD3_20260328_114546.csv,168.74133945821148
2506,188.7468744869529,29,training_log_TD3_20260328_114546.csv,171.4001836768508
2507,181.31836255061285,22,training_log_TD3_20260328_114546.csv,167.65289313507722
2508,192.9968544738632,23,training_log_TD3_20260328_114546.csv,169.68161435819255
2509,140.56880900802392,11,training_log_TD3_20260328_114546.csv,168.74531442848644
2510,207.81579908467623,25,training_log_TD3_20260328_114546.csv,168.52931979419756
2511,130.3416897302355,12,training_log_TD3_20260328_114546.csv,167.07481701415927
2512,171.0912341702138,32,training_log_TD3_20260328_114546.csv,165.8657915286811
2513,240.22434783023743,45,training_log_TD3_20260328_114546.csv,169.31292018342782
2514,100.0,1,training_log_TD3_20260328_114546.csv,165.41197451046924
2515,153.4422736629031,21,training_log_TD3_20260328_114546.csv,166.30068865144216
2516,168.5651137507707,23,training_log_TD3_20260328_114546.csv,166.05593308066565
2517,187.632630151049,26,training_log_TD3_20260328_114546.csv,168.42373697876522
2518,143.40738867416528,12,training_log_TD3_20260328_114546.csv,168.38411736863972
2519,136.88357047882113,163,training_log_TD3_20260328_114546.csv,166.2284660774817
2520,189.39419711331288,25,training_log_TD3_20260328_114546.csv,167.68807575502572
2521,166.4765393173033,24,training_log_TD3_20260328_114546.csv,167.53508004133565
2522,217.6526542384576,35,training_log_TD3_20260328_114546.csv,170.7180023952602
2523,131.29373615737342,19,training_log_TD3_20260328_114546.csv,169.73904315378545
2524,168.94564095958896,20,training_log_TD3_20260328_114546.csv,170.93653000551348
2525,135.99800412136057,11,training_log_TD3_20260328_114546.csv,167.63978599799609
2526,199.70012112401224,31,training_log_TD3_20260328_114546.csv,168.18744832984905
2527,134.76985863726938,9,training_log_TD3_20260328_114546.csv,165.8600231341819
2528,155.66581342266255,19,training_log_TD3_20260328_114546.csv,163.99347108162183
2529,209.21240916371224,40,training_log_TD3_20260328_114546.csv,167.42565108940624
2530,162.42800110206431,21,training_log_TD3_20260328_114546.csv,165.15626119027564
2531,189.3259606865236,29,training_log_TD3_20260328_114546.csv,168.10547473809007
2532,152.04251380355782,16,training_log_TD3_20260328_114546.csv,167.15303871975726
2533,205.23873847535825,41,training_log_TD3_20260328_114546.csv,165.40375825201332
2534,182.32472002265743,24,training_log_TD3_20260328_114546.csv,169.5199942531462
2535,185.99037486063335,34,training_log_TD3_20260328_114546.csv,171.1473993130327
2536,244.2100613463649,45,training_log_TD3_20260328_114546.csv,174.9296466928124
2537,216.6839946859239,38,training_log_TD3_20260328_114546.csv,176.38221491955613
2538,176.90982752243676,21,training_log_TD3_20260328_114546.csv,178.05733686196973
2539,197.04368112162712,27,training_log_TD3_20260328_114546.csv,181.06534239411002
2540,147.52449165929693,18,training_log_TD3_20260328_114546.csv,178.97185712140924
2541,170.14671523174667,23,training_log_TD3_20260328_114546.csv,179.1553659171314
2542,150.91942511203035,17,training_log_TD3_20260328_114546.csv,175.81870446081004
2543,149.02906810598725,13,training_log_TD3_20260328_114546.csv,176.7054710582407
2544,143.71012479067645,26,training_log_TD3_20260328_114546.csv,175.4436952497951
2545,203.5862936605208,28,training_log_TD3_20260328_114546.csv,178.8231097267531
2546,155.86556712920782,19,training_log_TD3_20260328_114546.csv,176.63138202701288
2547,199.35603894646795,33,training_log_TD3_20260328_114546.csv,179.8606910424728
2548,-50.0,1,training_log_TD3_20260328_114546.csv,169.57740037133968
2549,192.71911933466257,23,training_log_TD3_20260328_114546.csv,168.7527358798872
2550,166.76126407896766,29,training_log_TD3_20260328_114546.csv,168.9693990287324
2551,199.48284059638283,38,training_log_TD3_20260328_114546.csv,169.47724302422534
2552,170.07153709535447,22,training_log_TD3_20260328_114546.csv,170.37869418881516
2553,170.08608684029286,24,training_log_TD3_20260328_114546.csv,168.6210616070619
2554,213.81061212734804,29,training_log_TD3_20260328_114546.csv,170.19535621229642
2555,169.95707869730938,34,training_log_TD3_20260328_114546.csv,169.39369140413024
2556,165.4996654294463,18,training_log_TD3_20260328_114546.csv,165.45817160828432
2557,187.5901353260573,27,training_log_TD3_20260328_114546.csv,164.00347864029098
2558,186.23547020894264,26,training_log_TD3_20260328_114546.csv,164.46976077461628
2559,222.86447975867347,35,training_log_TD3_20260328_114546.csv,165.7608007064686
2560,207.91811934454452,25,training_log_TD3_20260328_114546.csv,168.78048209073094
2561,255.54330071357768,51,training_log_TD3_20260328_114546.csv,173.05031136482253
2562,155.78009890535944,20,training_log_TD3_20260328_114546.csv,173.29334505448895
2563,220.5433809362927,36,training_log_TD3_20260328_114546.csv,176.86906069600425
2564,162.99708029099796,21,training_log_TD3_20260328_114546.csv,177.8334084710203
2565,168.9142638450997,17,training_log_TD3_20260328_114546.csv,176.09980698024927
2566,189.9187693568527,23,training_log_TD3_20260328_114546.csv,177.8024670916315
2567,165.6402792749283,24,training_log_TD3_20260328_114546.csv,176.11667910805454
2568,116.40434251247676,8,training_log_TD3_20260328_114546.csv,184.43689623367837
2569,194.17298810825395,26,training_log_TD3_20260328_114546.csv,184.50958967235795
2570,162.8754564457288,21,training_log_TD3_20260328_114546.csv,184.31529929069598
2571,166.51097005911964,17,training_log_TD3_20260328_114546.csv,182.66670576383282
2572,187.75529145105537,26,training_log_TD3_20260328_114546.csv,183.5508934816179
2573,160.90029183130727,22,training_log_TD3_20260328_114546.csv,183.09160373116862
2574,163.26930897116463,21,training_log_TD3_20260328_114546.csv,180.56453857335944
2575,152.90907024832526,37,training_log_TD3_20260328_114546.csv,179.71213815091022
2576,174.92394474887294,21,training_log_TD3_20260328_114546.csv,180.18335211688154
2577,166.39731012697382,17,training_log_TD3_20260328_114546.csv,179.1237108569274
2578,112.68560146338004,5,training_log_TD3_20260328_114546.csv,175.44621741964926
2579,209.2495362381032,34,training_log_TD3_20260328_114546.csv,174.76547024362074
2580,239.6860991652512,42,training_log_TD3_20260328_114546.csv,176.3538692346561
2581,246.0002291553557,49,training_log_TD3_20260328_114546.csv,175.87671565674495
2582,192.3789054006688,26,training_log_TD3_20260328_114546.csv,177.70665598151044
2583,162.58772012595335,21,training_log_TD3_20260328_114546.csv,174.80887294099347
2584,188.22900950350032,24,training_log_TD3_20260328_114546.csv,176.0704694016186
2585,200.8662679817239,31,training_log_TD3_20260328_114546.csv,177.6680696084498
2586,-2.373617612577005,200,training_log_TD3_20260328_114546.csv,168.05345025997832
2587,142.16803124552715,12,training_log_TD3_20260328_114546.csv,166.87983785850824
2588,126.60256397626488,16,training_log_TD3_20260328_114546.csv,167.38974893169768
2589,188.1977188438204,57,training_log_TD3_20260328_114546.csv,167.090985468476
2590,198.5618368859165,34,training_log_TD3_20260328_114546.csv,168.87530449048538
2591,157.53984207756343,16,training_log_TD3_20260328_114546.csv,168.42674809140755
2592,180.68704600755,87,training_log_TD3_20260328_114546.csv,168.07333581923228
2593,160.35184927847814,16,training_log_TD3_20260328_114546.csv,168.04591369159084
2594,239.9002532123032,46,training_log_TD3_20260328_114546.csv,171.87746090364777
2595,178.12422963036056,24,training_log_TD3_20260328_114546.csv,173.13821887274952
2596,145.7108665970999,19,training_log_TD3_20260328_114546.csv,171.67756496516088
2597,234.55266577732704,39,training_log_TD3_20260328_114546.csv,175.08533274767854
2598,167.4544324953962,20,training_log_TD3_20260328_114546.csv,177.82377429927936
2599,153.24535391534056,17,training_log_TD3_20260328_114546.csv,175.02356518314122
2600,162.0520913176291,67,training_log_TD3_20260328_114546.csv,171.1418647907601
2601,189.62017530176524,23,training_log_TD3_20260328_114546.csv,168.3228620980806
2602,28.288269283297343,200,training_log_TD3_20260328_114546.csv,160.11833029221202
2603,154.92194082066086,21,training_log_TD3_20260328_114546.csv,159.7350413269474
2604,163.62864554147873,22,training_log_TD3_20260328_114546.csv,158.50502312884632
2605,122.22969875300834,9,training_log_TD3_20260328_114546.csv,154.57319466741052
2606,196.546843211484,27,training_log_TD3_20260328_114546.csv,164.51921770861355
2607,209.08489964678128,23,training_log_TD3_20260328_114546.csv,167.8650611286763
2608,163.8277067737803,68,training_log_TD3_20260328_114546.csv,169.72631826855203
2609,155.4272516201467,19,training_log_TD3_20260328_114546.csv,168.08779490736836
2610,175.99072604964016,24,training_log_TD3_20260328_114546.csv,166.95923936555454
2611,169.08583662182008,21,training_log_TD3_20260328_114546.csv,167.5365390927674
2612,266.0203229510421,53,training_log_TD3_20260328_114546.csv,171.803202939942
2613,233.86860713913137,44,training_log_TD3_20260328_114546.csv,175.47904083297465
2614,171.58388647809755,19,training_log_TD3_20260328_114546.csv,172.06322249626436
2615,156.0468172238722,20,training_log_TD3_20260328_114546.csv,170.95935187593994
2616,190.0041455152625,31,training_log_TD3_20260328_114546.csv,173.1740158218481
2617,177.2486742886171,20,training_log_TD3_20260328_114546.csv,170.3088162474126
2618,179.51178394310472,23,training_log_TD3_20260328_114546.csv,170.91168381979801
2619,163.25335470345846,19,training_log_TD3_20260328_114546.csv,171.4120838592039
2620,160.38736894178567,16,training_log_TD3_20260328_114546.csv,171.32884774041173
2621,252.4225742639149,51,training_log_TD3_20260328_114546.csv,174.4689676885192
2622,218.0463562400556,32,training_log_TD3_20260328_114546.csv,183.95687203635714
2623,213.1618843558558,34,training_log_TD3_20260328_114546.csv,186.86886921311688
2624,174.56915897102476,23,training_log_TD3_20260328_114546.csv,187.41589488459417
2625,179.81423124150896,30,training_log_TD3_20260328_114546.csv,190.29512150901922
2626,189.30030667392776,26,training_log_TD3_20260328_114546.csv,189.9327946821414
2627,152.5544939572721,27,training_log_TD3_20260328_114546.csv,187.1062743976659
2628,205.88250600842605,33,training_log_TD3_20260328_114546.csv,189.20901435939822
2629,161.26253379175495,27,training_log_TD3_20260328_114546.csv,189.50077846797865
2630,170.1707510755877,18,training_log_TD3_20260328_114546.csv,189.209779719276
2631,247.13289487145477,41,training_log_TD3_20260328_114546.csv,193.11213263175773
2632,134.68502726358,12,training_log_TD3_20260328_114546.csv,186.54536784738465
2633,144.06690315192333,11,training_log_TD3_20260328_114546.csv,182.05528264802425
2634,156.26250225443926,32,training_log_TD3_20260328_114546.csv,181.28921343684132
2635,142.21826827893062,16,training_log_TD3_20260328_114546.csv,180.59778598959423
2636,166.23186414782032,31,training_log_TD3_20260328_114546.csv,179.40917192122214
2637,188.3490243614964,30,training_log_TD3_20260328_114546.csv,179.9641894248661
2638,174.71057310032165,22,training_log_TD3_20260328_114546.csv,179.72412888272694
2639,196.54418038772923,33,training_log_TD3_20260328_114546.csv,181.38867016694047
2640,183.81178116943528,35,training_log_TD3_20260328_114546.csv,182.55989077832297
2641,234.9240207180129,43,training_log_TD3_20260328_114546.csv,181.68496310102788
2642,167.74765128214423,19,training_log_TD3_20260328_114546.csv,179.1700278531323
2643,228.05997522059525,40,training_log_TD3_20260328_114546.csv,179.9149323963693
2644,158.06101645491344,18,training_log_TD3_20260328_114546.csv,179.0895252705637
2645,163.62322156816808,28,training_log_TD3_20260328_114546.csv,178.27997478689667
2646,176.5521267668878,23,training_log_TD3_20260328_114546.csv,177.64256579154465
2647,210.46916157936067,33,training_log_TD3_20260328_114546.csv,180.5382991726491
2648,126.576050544346,9,training_log_TD3_20260328_114546.csv,176.5729763994451
2649,179.94071680226995,26,training_log_TD3_20260328_114546.csv,177.50688554997083
2650,162.18816942970423,24,training_log_TD3_20260328_114546.csv,177.10775646767667
2651,172.34245550003624,27,training_log_TD3_20260328_114546.csv,173.36823449910577
2652,147.7028452535092,24,training_log_TD3_20260328_114546.csv,174.0191253986022
2653,142.50323050201197,11,training_log_TD3_20260328_114546.csv,173.94094176610662
2654,143.3302347685227,17,training_log_TD3_20260328_114546.csv,173.2943283918108
2655,177.02595422056015,20,training_log_TD3_20260328_114546.csv,175.03471268889228
2656,161.24295642625725,20,training_log_TD3_20260328_114546.csv,174.78526730281413
2657,207.6879333160927,36,training_log_TD3_20260328_114546.csv,175.75221275054395
2658,197.11409021379987,29,training_log_TD3_20260328_114546.csv,176.87238860621784
2659,164.10010721145505,24,training_log_TD3_20260328_114546.csv,175.25018494740414
2660,241.0677403923628,42,training_log_TD3_20260328_114546.csv,178.11298290855052
2661,123.4626208559673,7,training_log_TD3_20260328_114546.csv,172.53991291544827
2662,161.3744775328919,22,training_log_TD3_20260328_114546.csv,172.22125422798564
2663,183.5643099013712,19,training_log_TD3_20260328_114546.csv,169.9964709620244
2664,222.3453915574969,36,training_log_TD3_20260328_114546.csv,173.21068971715357
2665,189.7261013747691,38,training_log_TD3_20260328_114546.csv,174.51583370748364
2666,134.67436920115227,23,training_log_TD3_20260328_114546.csv,172.4219458291969
2667,-3.411029698484976,200,training_log_TD3_20260328_114546.csv,161.7279362653046
2668,150.99631864893374,22,training_log_TD3_20260328_114546.csv,162.94894967053398
2669,150.17986156334666,16,training_log_TD3_20260328_114546.csv,161.4609069085878
2670,186.09019307816584,37,training_log_TD3_20260328_114546.csv,162.6560080910109
2671,166.52541164832363,19,training_log_TD3_20260328_114546.csv,162.36515589842526
2672,161.15864133932328,20,training_log_TD3_20260328_114546.csv,163.03794570271594
2673,248.6125830919651,47,training_log_TD3_20260328_114546.csv,168.34341333221363
2674,143.94874279994605,18,training_log_TD3_20260328_114546.csv,168.37433873378478
2675,181.41700297538085,30,training_log_TD3_20260328_114546.csv,168.59389117152583
2676,167.02671459946788,42,training_log_TD3_20260328_114546.csv,168.88307908018635
2677,145.04585213492118,19,training_log_TD3_20260328_114546.csv,165.75097502112777
2678,180.71983988091583,57,training_log_TD3_20260328_114546.csv,164.93126250448358
2679,122.00191075711196,10,training_log_TD3_20260328_114546.csv,162.82635268176642
2680,179.4586334683982,30,training_log_TD3_20260328_114546.csv,159.7458973355682
2681,174.9650195300164,21,training_log_TD3_20260328_114546.csv,162.32101726927064
2682,153.680028378859,22,training_log_TD3_20260328_114546.csv,161.93629481156898
2683,155.3947976319444,13,training_log_TD3_20260328_114546.csv,160.5278191980977
2684,157.50693353726146,21,training_log_TD3_20260328_114546.csv,157.2858962970859
2685,192.51150857775693,22,training_log_TD3_20260328_114546.csv,157.42516665723528
2686,154.03995951438296,17,training_log_TD3_20260328_114546.csv,158.3934461728968
2687,179.10648950869353,26,training_log_TD3_20260328_114546.csv,167.51932213325574
2688,182.07167127915832,28,training_log_TD3_20260328_114546.csv,169.07308976476696
2689,111.68119644189046,8,training_log_TD3_20260328_114546.csv,167.14815650869417
2690,191.54765348636727,31,training_log_TD3_20260328_114546.csv,167.42102952910423
2691,193.9047989250632,26,training_log_TD3_20260328_114546.csv,168.78999889294124
2692,138.35290289250813,18,training_log_TD3_20260328_114546.csv,167.64971197060046
2693,194.73870782256336,22,training_log_TD3_20260328_114546.csv,164.9560182071304
2694,163.98644199584706,23,training_log_TD3_20260328_114546.csv,165.9579031669254
2695,146.77758965422345,15,training_log_TD3_20260328_114546.csv,164.22593250086754
2696,170.7519302141086,24,training_log_TD3_20260328_114546.csv,164.41219328159957
2697,247.4243294729937,49,training_log_TD3_20260328_114546.csv,169.53111714850323
2698,137.74630617213887,14,training_log_TD3_20260328_114546.csv,167.38244046306437
2699,153.7395779102635,46,training_log_TD3_20260328_114546.csv,168.96932382072194
2700,135.42808595915574,16,training_log_TD3_20260328_114546.csv,166.76779644525982
2701,150.39260003049833,19,training_log_TD3_20260328_114546.csv,165.5391754702839
2702,169.28402883078536,21,training_log_TD3_20260328_114546.csv,166.31937549288023
2703,204.54106126741604,33,training_log_TD3_20260328_114546.csv,168.77668867465383
2704,135.7750880194829,12,training_log_TD3_20260328_114546.csv,167.69009639876487
2705,213.90800400196525,36,training_log_TD3_20260328_114546.csv,168.75992116997529
2706,210.4328627265932,40,training_log_TD3_20260328_114546.csv,171.5795663305858
2707,171.65756713498922,26,training_log_TD3_20260328_114546.csv,171.2071202119006
2708,189.3867057072076,30,training_log_TD3_20260328_114546.csv,171.57287193330305
2709,175.23194410110352,23,training_log_TD3_20260328_114546.csv,174.75040931626373
2710,155.9972863778061,20,training_log_TD3_20260328_114546.csv,172.97289096083566
2711,157.16789377363526,16,training_log_TD3_20260328_114546.csv,171.13604570326424
2712,196.54526090196867,25,training_log_TD3_20260328_114546.csv,174.0456636037373
2713,154.56603590819844,20,training_log_TD3_20260328_114546.csv,172.03703000801903
2714,226.6652423479751,39,training_log_TD3_20260328_114546.csv,175.17097002562545
2715,195.7024226471144,27,training_log_TD3_20260328_114546.csv,177.61721167527
2716,259.2526351996315,51,training_log_TD3_20260328_114546.csv,182.04224692454613
2717,148.57000708082677,16,training_log_TD3_20260328_114546.csv,177.09953080493779
2718,172.06535270045845,46,training_log_TD3_20260328_114546.csv,178.81548313135377
2719,185.90960046610635,27,training_log_TD3_20260328_114546.csv,180.42398425914593
2720,40.35544985416319,200,training_log_TD3_20260328_114546.csv,175.67035245389627
2721,184.2966572552254,25,training_log_TD3_20260328_114546.csv,177.36555531513264
2722,172.16985421638643,35,training_log_TD3_20260328_114546.csv,177.5098465844127
2723,112.64635054903532,30,training_log_TD3_20260328_114546.csv,172.91511104849366
2724,201.2105874149089,24,training_log_TD3_20260328_114546.csv,176.18688601826494
2725,151.3405439053635,16,training_log_TD3_20260328_114546.csv,173.05851301343486
2726,167.00988853585596,29,training_log_TD3_20260328_114546.csv,170.887364303898
2727,166.90178411411898,18,training_log_TD3_20260328_114546.csv,170.6495751528545
2728,193.54794345200477,41,training_log_TD3_20260328_114546.csv,170.85763704009437
2729,250.7345413809321,45,training_log_TD3_20260328_114546.csv,174.6327669040858
2730,200.57750096180348,31,training_log_TD3_20260328_114546.csv,176.86177763328564
2731,136.61519952720872,78,training_log_TD3_20260328_114546.csv,175.83414292096433
2732,145.05107286273136,16,training_log_TD3_20260328_114546.csv,173.25943351900247
2733,142.6167524034011,15,training_log_TD3_20260328_114546.csv,172.66196934376256
2734,173.69167125983708,17,training_log_TD3_20260328_114546.csv,170.0132907893557
2735,224.00488413557397,39,training_log_TD3_20260328_114546.csv,171.42841386377864
2736,173.82007306497468,22,training_log_TD3_20260328_114546.csv,167.1567857570458
2737,167.45083334403762,18,training_log_TD3_20260328_114546.csv,168.10082707020635
2738,165.8692963174962,20,training_log_TD3_20260328_114546.csv,167.79102425105825
2739,144.67543377998925,47,training_log_TD3_20260328_114546.csv,165.7293159167524
2740,153.17888602252506,16,training_log_TD3_20260328_114546.csv,171.3704877251705
2741,198.16626879076725,32,training_log_TD3_20260328_114546.csv,172.06396830194757
2742,183.86185519006412,26,training_log_TD3_20260328_114546.csv,172.64856835063148
2743,150.76063794663156,18,training_log_TD3_20260328_114546.csv,174.55428272051128
2744,176.78438730510942,24,training_log_TD3_20260328_114546.csv,173.3329727150213
2745,172.1513294881257,21,training_log_TD3_20260328_114546.csv,174.3735119941594
2746,174.45334626314877,28,training_log_TD3_20260328_114546.csv,174.74568488052404
2747,180.2555933103788,20,training_log_TD3_20260328_114546.csv,175.41337534033704
2748,178.09887590984764,26,training_log_TD3_20260328_114546.csv,174.64092196322918
2749,169.08311264349572,19,training_log_TD3_20260328_114546.csv,170.55835052635737
2750,19.95613013062839,200,training_log_TD3_20260328_114546.csv,161.52728198479863
2751,176.3724036211737,20,training_log_TD3_20260328_114546.csv,163.51514218949688
2752,186.93822939044247,19,training_log_TD3_20260328_114546.csv,165.60950001588242
2753,168.0425904080736,17,training_log_TD3_20260328_114546.csv,166.88079191611604
2754,225.90934740869477,39,training_log_TD3_20260328_114546.csv,169.49167572355893
2755,170.16402090833805,20,training_log_TD3_20260328_114546.csv,166.79963256219713
2756,214.31422852887076,32,training_log_TD3_20260328_114546.csv,168.82434033539195
2757,167.12446908363316,22,training_log_TD3_20260328_114546.csv,168.8080221223717
2758,158.86570369391205,18,training_log_TD3_20260328_114546.csv,168.4578424911925
2759,193.11362265429375,35,training_log_TD3_20260328_114546.csv,170.87975193490774
2760,171.19795698218945,27,training_log_TD3_20260328_114546.csv,171.78070548289094
2761,135.9460378633141,17,training_log_TD3_20260328_114546.csv,168.6696939365183
2762,142.2127834633375,52,training_log_TD3_20260328_114546.csv,166.58724035018196
2763,171.1601110868988,26,training_log_TD3_20260328_114546.csv,167.60721400719532
2764,154.10519456509925,17,training_log_TD3_20260328_114546.csv,166.47325437019484
2765,130.52520229719838,19,training_log_TD3_20260328_114546.csv,164.39194801064846
2766,172.1978756246449,25,training_log_TD3_20260328_114546.csv,164.27917447872326
2767,115.24625657541698,6,training_log_TD3_20260328_114546.csv,161.02870764197516
2768,145.949159051376,22,training_log_TD3_20260328_114546.csv,159.42122179905158
2769,200.77932411245084,33,training_log_TD3_20260328_114546.csv,161.00603237249933
2770,160.42890910837653,27,training_log_TD3_20260328_114546.csv,168.02967132138673
2771,31.72998455012336,200,training_log_TD3_20260328_114546.csv,160.79755036783425
2772,170.79652994180373,25,training_log_TD3_20260328_114546.csv,159.99046539540228
2773,185.9179999840545,26,training_log_TD3_20260328_114546.csv,160.88423587420135
2774,200.89535782059164,29,training_log_TD3_20260328_114546.csv,159.63353639479618
2775,190.42617767041543,25,training_log_TD3_20260328_114546.csv,160.64664423290006
2776,161.11177653083578,20,training_log_TD3_20260328_114546.csv,157.9865216329983
2777,171.84391875543955,25,training_log_TD3_20260328_114546.csv,158.22249411658862
2778,158.37176697064348,17,training_log_TD3_20260328_114546.csv,158.1977972804252
2779,219.24040934521616,41,training_log_TD3_20260328_114546.csv,159.50413661497132
2780,163.2649748376195,35,training_log_TD3_20260328_114546.csv,159.10748750774283
2781,171.17979953478627,37,training_log_TD3_20260328_114546.csv,160.8691755913164
2782,141.2531546421504,19,training_log_TD3_20260328_114546.csv,160.82119415025707
2783,132.36753183040113,11,training_log_TD3_20260328_114546.csv,158.8815651874322
2784,239.91549566998705,38,training_log_TD3_20260328_114546.csv,163.17208024267657
2785,173.43934996175133,18,training_log_TD3_20260328_114546.csv,165.31778762590423
2786,179.3641105788236,22,training_log_TD3_20260328_114546.csv,165.67609937361317
2787,160.396866562695,24,training_log_TD3_20260328_114546.csv,167.93362987297706
2788,164.31294236946147,17,training_log_TD3_20260328_114546.csv,168.85181903888136
2789,136.58716817873932,135,training_log_TD3_20260328_114546.csv,165.64221124219577
2790,201.1712675701035,33,training_log_TD3_20260328_114546.csv,167.67932916528213
2791,157.64261897422284,19,training_log_TD3_20260328_114546.csv,173.97496088648708
2792,209.4910106933879,25,training_log_TD3_20260328_114546.csv,175.9096849240663
2793,152.49087205700673,19,training_log_TD3_20260328_114546.csv,174.23832852771392
2794,234.3386932397117,43,training_log_TD3_20260328_114546.csv,175.9104952986699
2795,159.06312834664453,39,training_log_TD3_20260328_114546.csv,174.34234283248136
2796,173.95694390810758,59,training_log_TD3_20260328_114546.csv,174.98460120134496
2797,201.03312843499324,24,training_log_TD3_20260328_114546.csv,176.44406168532265
2798,-50.0,1,training_log_TD3_20260328_114546.csv,166.02547333679047
2799,182.42461991238088,21,training_log_TD3_20260328_114546.csv,164.18468386514868
2800,239.42273411695837,49,training_log_TD3_20260328_114546.csv,167.99257182911566
2801,105.0756348309868,2,training_log_TD3_20260328_114546.csv,164.68736359392568
2802,148.1099905410336,13,training_log_TD3_20260328_114546.csv,165.03020538886983
2803,163.19733372237857,19,training_log_TD3_20260328_114546.csv,166.5716954834687
2804,181.47044782553309,26,training_log_TD3_20260328_114546.csv,163.649443091246
2805,150.91432610887315,15,training_log_TD3_20260328_114546.csv,162.5231918986021
2806,185.1055071564507,24,training_log_TD3_20260328_114546.csv,162.81026172748346
2807,213.07354493346264,38,training_log_TD3_20260328_114546.csv,165.44409564602182
2808,152.7349662908983,19,training_log_TD3_20260328_114546.csv,164.86519684209367
2809,178.92582648049813,23,training_log_TD3_20260328_114546.csv,166.9821297571816
2810,157.6299838104163,24,training_log_TD3_20260328_114546.csv,164.80506556919724
2811,146.06823402843366,13,training_log_TD3_20260328_114546.csv,164.22634632190778
2812,143.64934064357897,18,training_log_TD3_20260328_114546.csv,160.93426281941734
2813,149.0966285862171,16,training_log_TD3_20260328_114546.csv,160.76455064587788
2814,135.305165085162,11,training_log_TD3_20260328_114546.csv,155.81287423815039
2815,147.1571662322773,19,training_log_TD3_20260328_114546.csv,155.21757613243204
2816,230.96910010676424,44,training_log_TD3_20260328_114546.csv,158.06818394236484
2817,184.405865074659,20,training_log_TD3_20260328_114546.csv,157.23682077434813
2818,168.07902801120855,24,training_log_TD3_20260328_114546.csv,168.14077217490856
2819,159.6992922386707,21,training_log_TD3_20260328_114546.csv,167.00450579122304
2820,173.69996710378177,20,training_log_TD3_20260328_114546.csv,163.71836744056424
2821,148.4264083122427,16,training_log_TD3_20260328_114546.csv,165.88590611462703
2822,257.0485108219564,49,training_log_TD3_20260328_114546.csv,171.33283212867315
2823,163.02093009070467,19,training_log_TD3_20260328_114546.csv,171.32401194708947
2824,139.23719169341814,20,training_log_TD3_20260328_114546.csv,169.21234914048372
2825,163.48726069753735,20,training_log_TD3_20260328_114546.csv,169.84099586991692
2826,223.1593942336895,42,training_log_TD3_20260328_114546.csv,171.74369022377886
2827,141.59566274565702,24,training_log_TD3_20260328_114546.csv,168.1697961143886
2828,166.23536781937256,17,training_log_TD3_20260328_114546.csv,168.8448161908123
2829,189.5296839750998,24,training_log_TD3_20260328_114546.csv,169.37500906554237
2830,197.3758251171756,28,training_log_TD3_20260328_114546.csv,171.36230113088035
2831,159.52485966244416,25,training_log_TD3_20260328_114546.csv,172.03513241258088
2832,182.3404445230857,24,training_log_TD3_20260328_114546.csv,173.96968760655622
2833,150.82730967812913,14,training_log_TD3_20260328_114546.csv,174.05622166115182
2834,124.0512167065666,60,training_log_TD3_20260328_114546.csv,173.49352424222207
2835,175.69212982477015,21,training_log_TD3_20260328_114546.csv,174.92027242184668
2836,173.88079185270277,19,training_log_TD3_20260328_114546.csv,172.0658570091436
2837,217.92746776693517,29,training_log_TD3_20260328_114546.csv,173.7419371437574
2838,183.8321303286726,20,training_log_TD3_20260328_114546.csv,174.52959225963065
2839,186.24679085297132,25,training_log_TD3_20260328_114546.csv,175.85696719034564
2840,165.95642687311047,19,training_log_TD3_20260328_114546.csv,175.46979017881208
2841,150.10873025469505,20,training_log_TD3_20260328_114546.csv,175.5539062759347
2842,153.95984572746153,19,training_log_TD3_20260328_114546.csv,170.39947302120999
2843,204.39905711518568,27,training_log_TD3_20260328_114546.csv,172.46837937243401
2844,139.66252064681498,14,training_log_TD3_20260328_114546.csv,172.48964582010385
2845,157.14929646934505,31,training_log_TD3_20260328_114546.csv,172.17274760869424
2846,181.2708490716004,25,training_log_TD3_20260328_114546.csv,170.0783203505898
2847,248.9164100869511,45,training_log_TD3_20260328_114546.csv,175.44435771765447
2848,166.79506631132213,27,training_log_TD3_20260328_114546.csv,175.47234264225196
2849,158.91919526030154,18,training_log_TD3_20260328_114546.csv,173.94181820651207
2850,178.36864276548073,27,training_log_TD3_20260328_114546.csv,172.99145908892731
2851,175.8776618434577,18,training_log_TD3_20260328_114546.csv,173.809099197978
2852,138.23446862567368,14,training_log_TD3_20260328_114546.csv,171.60380040310739
2853,125.67767062234104,8,training_log_TD3_20260328_114546.csv,170.34631845031797
2854,176.36780039379394,45,training_log_TD3_20260328_114546.csv,172.96214763467933
2855,194.43202802890335,26,training_log_TD3_20260328_114546.csv,173.89914254488602
2856,197.38675757850956,33,training_log_TD3_20260328_114546.csv,175.07444083117636
2857,118.05589464319304,8,training_log_TD3_20260328_114546.csv,170.08086217498925
2858,150.38352895441056,18,training_log_TD3_20260328_114546.csv,168.40843210627614
2859,183.85238872216036,26,training_log_TD3_20260328_114546.csv,168.2887119997356
2860,124.297793610433,6,training_log_TD3_20260328_114546.csv,166.20578033660172
2861,183.7509867741614,23,training_log_TD3_20260328_114546.csv,167.88789316257504
2862,126.269759001059,51,training_log_TD3_20260328_114546.csv,166.5033888262549
2863,253.1078166356318,47,training_log_TD3_20260328_114546.csv,168.93882680227722
2864,115.44793142615048,30,training_log_TD3_20260328_114546.csv,167.728097341244
2865,199.98159924340476,32,training_log_TD3_20260328_114546.csv,169.86971247994697
2866,178.44123011639672,21,training_log_TD3_20260328_114546.csv,169.72823153218678
2867,180.9016521721604,21,training_log_TD3_20260328_114546.csv,166.32749363644726
2868,111.87188513335886,5,training_log_TD3_20260328_114546.csv,163.5813345775491
2869,202.1707042392161,30,training_log_TD3_20260328_114546.csv,165.7439100264948
2870,171.76890593316602,19,training_log_TD3_20260328_114546.csv,165.41392318487908
2871,213.59588000652792,27,training_log_TD3_20260328_114546.csv,167.29983409303262
2872,181.945689348639,21,training_log_TD3_20260328_114546.csv,169.48539512918086
2873,183.60544511284664,29,training_log_TD3_20260328_114546.csv,172.38178385370617
2874,151.22268850498313,16,training_log_TD3_20260328_114546.csv,171.12452825926562
2875,185.26274563203555,23,training_log_TD3_20260328_114546.csv,170.66606413942222
2876,167.61039158991036,21,training_log_TD3_20260328_114546.csv,169.17724583999225
2877,120.07908340807153,89,training_log_TD3_20260328_114546.csv,169.2784052782362
2878,196.9536424261625,23,training_log_TD3_20260328_114546.csv,171.60691095182378
2879,125.12209905071909,8,training_log_TD3_20260328_114546.csv,168.6703964682517
2880,146.05163525399257,15,training_log_TD3_20260328_114546.csv,169.7580885504297
2881,170.40688105925926,25,training_log_TD3_20260328_114546.csv,169.09088326468458
2882,162.22579861768372,21,training_log_TD3_20260328_114546.csv,170.88868524551583
2883,248.3376156536992,49,training_log_TD3_20260328_114546.csv,170.65017519641918
2884,169.56366570679174,28,training_log_TD3_20260328_114546.csv,173.35596191045127
2885,182.65788225815453,21,training_log_TD3_20260328_114546.csv,172.48977606118873
2886,194.45592318227116,26,training_log_TD3_20260328_114546.csv,173.29051071448245
2887,243.72074874262825,48,training_log_TD3_20260328_114546.csv,176.43146554300586
2888,118.73364548518816,8,training_log_TD3_20260328_114546.csv,176.77455356059733
2889,142.82446517703147,16,training_log_TD3_20260328_114546.csv,173.8072416074881
2890,118.92368841787382,15,training_log_TD3_20260328_114546.csv,171.1649807317235
2891,148.9464853569915,26,training_log_TD3_20260328_114546.csv,167.93251099924666
2892,189.22042279838564,27,training_log_TD3_20260328_114546.csv,168.296247671734
2893,121.04114367496754,10,training_log_TD3_20260328_114546.csv,165.16803259984005
2894,203.75957452945397,29,training_log_TD3_20260328_114546.csv,167.79487690106356
2895,128.97645735685933,18,training_log_TD3_20260328_114546.csv,164.98056248730478
2896,147.58420350400414,16,training_log_TD3_20260328_114546.csv,163.97925308300947
2897,173.14410909853555,41,training_log_TD3_20260328_114546.csv,166.63250436753265
2898,163.15890409336396,18,training_log_TD3_20260328_114546.csv,164.94276745089275
2899,142.64374636064176,11,training_log_TD3_20260328_114546.csv,165.81884981638888
2900,156.67059883468073,16,training_log_TD3_20260328_114546.csv,166.34979799542327
2901,190.73584634938408,53,training_log_TD3_20260328_114546.csv,167.3662462599295
2902,203.6914128501827,25,training_log_TD3_20260328_114546.csv,169.43952697155447
2903,129.60828181490643,18,training_log_TD3_20260328_114546.csv,163.50306027961483
2904,155.09059613007025,17,training_log_TD3_20260328_114546.csv,162.77940680077876
2905,156.96824057934785,131,training_log_TD3_20260328_114546.csv,161.4949247168384
2906,198.10854307972775,24,training_log_TD3_20260328_114546.csv,161.67755571171125
2907,233.1519079693188,38,training_log_TD3_20260328_114546.csv,161.14911367304575
2908,160.54962388329852,17,training_log_TD3_20260328_114546.csv,163.2399125929513
2909,175.2412497035898,25,training_log_TD3_20260328_114546.csv,164.86075181927922
2910,190.80532407040948,26,training_log_TD3_20260328_114546.csv,168.454833601906
2911,269.1287694965744,57,training_log_TD3_20260328_114546.csv,174.46394780888514
2912,155.52658902314394,18,training_log_TD3_20260328_114546.csv,172.77925612012305
2913,176.85206558533827,20,training_log_TD3_20260328_114546.csv,175.56980221564157
2914,148.37051733348554,14,training_log_TD3_20260328_114546.csv,172.80034935584317
2915,112.0151180037257,23,training_log_TD3_20260328_114546.csv,171.95228238818646
2916,153.7256949876595,17,training_log_TD3_20260328_114546.csv,172.25935696236925
2917,202.1813738198392,26,training_log_TD3_20260328_114546.csv,173.71122019843443
2918,160.32617648924096,23,training_log_TD3_20260328_114546.csv,173.5695838182283
2919,168.65163938030878,24,training_log_TD3_20260328_114546.csv,174.86997846921162
2920,144.7494963497388,16,training_log_TD3_20260328_114546.csv,174.27392334496454
2921,186.5760133364663,21,training_log_TD3_20260328_114546.csv,174.06593169431864
2922,192.74147657118212,30,training_log_TD3_20260328_114546.csv,173.5184348803686
2923,38.33477722399561,200,training_log_TD3_20260328_114546.csv,168.95475965082306
2924,157.13935446329597,24,training_log_TD3_20260328_114546.csv,169.05719756748437
2925,119.28053591945604,132,training_log_TD3_20260328_114546.csv,167.17281233448978
2926,154.44873834182073,22,training_log_TD3_20260328_114546.csv,164.9898220975944
2927,154.7254331945058,19,training_log_TD3_20260328_114546.csv,161.0684983588538
2928,179.4728625140222,29,training_log_TD3_20260328_114546.csv,162.01466029038994
2929,157.20425605608452,30,training_log_TD3_20260328_114546.csv,161.11281060801468
2930,174.15484635513172,22,training_log_TD3_20260328_114546.csv,160.2802867222508
2931,148.46928330386328,20,training_log_TD3_20260328_114546.csv,154.24731241261526
2932,127.78860231544142,14,training_log_TD3_20260328_114546.csv,152.86041307723013
2933,156.43395605699052,22,training_log_TD3_20260328_114546.csv,151.83950760081274
2934,142.38876672319952,14,training_log_TD3_20260328_114546.csv,151.54042007029844
2935,181.1341754803972,26,training_log_TD3_20260328_114546.csv,154.99637294413202
2936,188.0336258863747,26,training_log_TD3_20260328_114546.csv,156.71176948906776
2937,175.6007809524766,42,training_log_TD3_20260328_114546.csv,155.38273984569963
2938,148.18450085453213,11,training_log_TD3_20260328_114546.csv,154.7756560639642
2939,163.49459052139628,21,training_log_TD3_20260328_114546.csv,154.51780362101857
2940,106.25051933031916,8,training_log_TD3_20260328_114546.csv,152.5928547700476
2941,194.51124501404843,29,training_log_TD3_20260328_114546.csv,152.9896163539267
2942,17.28595811389811,200,training_log_TD3_20260328_114546.csv,144.2168404310625
2943,238.14646534425225,43,training_log_TD3_20260328_114546.csv,154.2074248370753
2944,161.55141687339685,31,training_log_TD3_20260328_114546.csv,154.42802795758035
2945,165.97488839149673,20,training_log_TD3_20260328_114546.csv,156.7627455811824
2946,154.60647304304976,23,training_log_TD3_20260328_114546.csv,156.77063231624385
2947,139.68973544486516,10,training_log_TD3_20260328_114546.csv,156.01884742876183
2948,163.35891955458715,18,training_log_TD3_20260328_114546.csv,155.21315028079007
2949,190.50965526765935,24,training_log_TD3_20260328_114546.csv,156.87842024136881
2950,173.55600588670433,58,training_log_TD3_20260328_114546.csv,156.84847821794745
2951,166.49552173290994,29,training_log_TD3_20260328_114546.csv,157.74979013939978
2952,187.3765516707196,22,training_log_TD3_20260328_114546.csv,160.72918760716368
2953,190.8043942668964,25,training_log_TD3_20260328_114546.csv,162.447709517659
2954,177.21274576868967,26,training_log_TD3_20260328_114546.csv,164.1889084699335
2955,142.6834842999681,11,training_log_TD3_20260328_114546.csv,162.26637391091202
2956,147.46823810442822,22,training_log_TD3_20260328_114546.csv,160.2381045218147
2957,167.33441227880522,17,training_log_TD3_20260328_114546.csv,159.82478608813113
2958,171.80098276365845,22,training_log_TD3_20260328_114546.csv,161.00561018358746
2959,160.5197769499644,28,training_log_TD3_20260328_114546.csv,160.85686950501585
2960,166.07873957424374,22,training_log_TD3_20260328_114546.csv,163.84828051721212
2961,188.2189939654195,25,training_log_TD3_20260328_114546.csv,163.53366796478065
2962,168.3513260453396,21,training_log_TD3_20260328_114546.csv,171.0869363613527
2963,123.3985136667464,6,training_log_TD3_20260328_114546.csv,165.34953877747742
2964,169.62453553845648,21,training_log_TD3_20260328_114546.csv,165.7531947107304
2965,137.49247594446683,13,training_log_TD3_20260328_114546.csv,164.32907408837892
2966,102.07208321165452,11,training_log_TD3_20260328_114546.csv,161.70235459680913
2967,198.9820542875189,29,training_log_TD3_20260328_114546.csv,164.66697053894183
2968,223.74109789043524,37,training_log_TD3_20260328_114546.csv,167.68607945573427
2969,-50.0,1,training_log_TD3_20260328_114546.csv,155.66059669235128
2970,164.5260639545982,88,training_log_TD3_20260328_114546.csv,155.20909959574598
2971,176.0395974250887,19,training_log_TD3_20260328_114546.csv,155.6863033803549
2972,143.17591264891902,13,training_log_TD3_20260328_114546.csv,153.47627142926487
2973,209.31807572790044,36,training_log_TD3_20260328_114546.csv,154.40195550231508
2974,162.20754258326326,17,training_log_TD3_20260328_114546.csv,153.65169534304374
2975,174.4905898543779,27,training_log_TD3_20260328_114546.csv,155.24205062076425
2976,151.99351620662335,32,training_log_TD3_20260328_114546.csv,155.468314525874
2977,226.00544769374503,35,training_log_TD3_20260328_114546.csv,158.401866296621
2978,162.73521801029688,22,training_log_TD3_20260328_114546.csv,157.94857805895293
2979,190.30302565487295,22,training_log_TD3_20260328_114546.csv,159.43774049419835
2980,185.78946276292555,24,training_log_TD3_20260328_114546.csv,160.42327665363243
2981,180.76136509183883,28,training_log_TD3_20260328_114546.csv,160.0503952099534
2982,184.1580840749758,49,training_log_TD3_20260328_114546.csv,160.8407331114352
2983,160.91747991308253,20,training_log_TD3_20260328_114546.csv,162.71668142375202
2984,132.45926227544592,11,training_log_TD3_20260328_114546.csv,160.8584177606015
2985,106.08491895641414,3,training_log_TD3_20260328_114546.csv,159.28803991119884
2986,143.48372212263618,11,training_log_TD3_20260328_114546.csv,161.35862185674793
2987,189.2848818874504,26,training_log_TD3_20260328_114546.csv,160.8737632367445
2988,170.7101966800908,23,training_log_TD3_20260328_114546.csv,158.2222181762273
2989,144.7190905558132,15,training_log_TD3_20260328_114546.csv,167.95817270401795
2990,170.7737424017301,20,training_log_TD3_20260328_114546.csv,168.27055662637454
2991,119.68906532905382,16,training_log_TD3_20260328_114546.csv,165.4530300215728
2992,170.75623970619876,24,training_log_TD3_20260328_114546.csv,166.8320463744368
2993,187.17591441269252,27,training_log_TD3_20260328_114546.csv,165.72493830867637
2994,212.46158005334303,31,training_log_TD3_20260328_114546.csv,168.2376401821804
2995,123.3739374091668,17,training_log_TD3_20260328_114546.csv,165.68180755991983
2996,160.48847950451102,18,training_log_TD3_20260328_114546.csv,166.1065557248142
2997,157.06555569497917,76,training_log_TD3_20260328_114546.csv,162.65956112487592
2998,151.57181415213282,19,training_log_TD3_20260328_114546.csv,162.10139093196773
2999,183.6637916764291,23,training_log_TD3_20260328_114546.csv,161.7694292330455
3000,178.1652822619241,19,training_log_TD3_20260328_114546.csv,161.38822020799543
3001,234.7731053197812,40,training_log_TD3_20260328_114546.csv,164.08880721939255
3002,169.4110324158441,24,training_log_TD3_20260328_114546.csv,163.351454636436
3003,39.32740133023362,200,training_log_TD3_20260328_114546.csv,157.27195070729354
3004,207.56148182016253,26,training_log_TD3_20260328_114546.csv,161.02706168452934
3005,183.76005255168087,22,training_log_TD3_20260328_114546.csv,164.9108183642927
3006,190.09778950775743,22,training_log_TD3_20260328_114546.csv,167.24152173354878
3007,168.78306702998043,30,training_log_TD3_20260328_114546.csv,166.2164309906753
3008,-4.523467382740741,200,training_log_TD3_20260328_114546.csv,157.45474778753368
3009,95.73220731770594,171,training_log_TD3_20260328_114546.csv,155.00540362562833
3010,224.7423490324582,41,training_log_TD3_20260328_114546.csv,157.70383395716473
3011,179.87132661452006,26,training_log_TD3_20260328_114546.csv,160.71294702143805
3012,233.88321755640368,45,training_log_TD3_20260328_114546.csv,163.8692959139483
3013,195.128652372051,36,training_log_TD3_20260328_114546.csv,164.2669328119162
3014,171.08160936830313,17,training_log_TD3_20260328_114546.csv,162.19793427766422
3015,140.05532518904909,22,training_log_TD3_20260328_114546.csv,163.03200366665834
3016,225.60239233565835,48,training_log_TD3_20260328_114546.csv,166.2876993082157
3017,159.84915749148757,23,training_log_TD3_20260328_114546.csv,166.4268793980411
3018,173.25705873043194,28,training_log_TD3_20260328_114546.csv,167.5111416269561
3019,136.27416913887168,24,training_log_TD3_20260328_114546.csv,165.14166050007822
3020,202.09960305142687,28,training_log_TD3_20260328_114546.csv,166.33837653955337
3021,147.19931290505164,88,training_log_TD3_20260328_114546.csv,161.95968691881689
3022,146.78289576054294,42,training_log_TD3_20260328_114546.csv,160.82828008605182
3023,157.43006137489516,18,training_log_TD3_20260328_114546.csv,166.7334130882849
3024,203.40180796353903,35,training_log_TD3_20260328_114546.csv,166.52542939545373
3025,186.94904044321615,23,training_log_TD3_20260328_114546.csv,166.6848787900305
3026,123.02208437163893,9,training_log_TD3_20260328_114546.csv,163.33109353322453
3027,157.67300606721875,20,training_log_TD3_20260328_114546.csv,162.77559048508647
3028,176.4706646775804,22,training_log_TD3_20260328_114546.csv,171.82529708810253
3029,169.27059815037137,18,training_log_TD3_20260328_114546.csv,175.50221662973578
3030,153.01148238743207,19,training_log_TD3_20260328_114546.csv,171.9156732974845
3031,142.6890667446164,22,training_log_TD3_20260328_114546.csv,170.0565603039893
3032,173.7449782528204,26,training_log_TD3_20260328_114546.csv,167.04964833881016
3033,156.66733910063223,19,training_log_TD3_20260328_114546.csv,165.1265826752392
3034,168.50874144353793,23,training_log_TD3_20260328_114546.csv,164.99793927900095
3035,151.77656189079573,31,training_log_TD3_20260328_114546.csv,165.58400111408827
3036,136.88784133947763,25,training_log_TD3_20260328_114546.csv,161.14827356427924
3037,150.67052133332623,55,training_log_TD3_20260328_114546.csv,160.6893417563712
3038,212.1754904359844,39,training_log_TD3_20260328_114546.csv,162.6352633416488
3039,140.78369931894423,16,training_log_TD3_20260328_114546.csv,162.86073985065244
3040,183.7422160082401,26,training_log_TD3_20260328_114546.csv,161.94287049849308
3041,204.9285611808621,41,training_log_TD3_20260328_114546.csv,164.8293329122836
3042,234.3334836318853,39,training_log_TD3_20260328_114546.csv,169.20686230585073
3043,173.66051883115676,49,training_log_TD3_20260328_114546.csv,170.0183851786638
3044,157.1439695161074,28,training_log_TD3_20260328_114546.csv,167.70549325629221
3045,114.23019582317092,160,training_log_TD3_20260328_114546.csv,164.06955102528997
3046,160.9316473046452,18,training_log_TD3_20260328_114546.csv,165.96502917194027
3047,210.15461388815325,27,training_log_TD3_20260328_114546.csv,168.589109562987
3048,144.5280472829606,80,training_log_TD3_20260328_114546.csv,166.99197869325602
3049,150.45290036944908,19,training_log_TD3_20260328_114546.csv,166.0510938042099
3050,176.1417302388801,24,training_log_TD3_20260328_114546.csv,167.2076061967823
3051,118.9488197511964,10,training_log_TD3_20260328_114546.csv,166.02059384711131
3052,173.23604851108732,23,training_log_TD3_20260328_114546.csv,165.99514736002465
3053,171.02790695149798,26,training_log_TD3_20260328_114546.csv,166.71317575256793
3054,204.74839818836236,35,training_log_TD3_20260328_114546.csv,168.52515858980917
3055,174.07883697346583,29,training_log_TD3_20260328_114546.csv,169.64027234394266
3056,172.4501122987456,25,training_log_TD3_20260328_114546.csv,171.41838589190607
3057,174.1061417884422,32,training_log_TD3_20260328_114546.csv,172.59016691466186
3058,118.00509881173372,158,training_log_TD3_20260328_114546.csv,167.8816473334493
3059,192.71357994801167,28,training_log_TD3_20260328_114546.csv,170.47814136490268
3060,199.25483281182707,33,training_log_TD3_20260328_114546.csv,171.25377220508204
3061,156.77422369415245,127,training_log_TD3_20260328_114546.csv,168.84605533074657
3062,161.0990194168845,25,training_log_TD3_20260328_114546.csv,165.18433211999653
3063,190.39221718663708,26,training_log_TD3_20260328_114546.csv,166.02091703777052
3064,222.23675562547743,54,training_log_TD3_20260328_114546.csv,169.27555634323906
3065,154.42723662744854,21,training_log_TD3_20260328_114546.csv,171.28540838345293
3066,243.0934222608561,43,training_log_TD3_20260328_114546.csv,175.39349713126347
3067,164.0476651061986,22,training_log_TD3_20260328_114546.csv,173.08814969216573
3068,196.00544766960343,24,training_log_TD3_20260328_114546.csv,175.66201971149786
3069,165.66173288914888,22,training_log_TD3_20260328_114546.csv,176.42246133748284
3070,157.3090108055327,168,training_log_TD3_20260328_114546.csv,175.4808253658155
3071,155.75219125525598,20,training_log_TD3_20260328_114546.csv,177.32099394101846
3072,200.8160875718752,35,training_log_TD3_20260328_114546.csv,178.69999589405788
3073,275.5464981083486,54,training_log_TD3_20260328_114546.csv,183.92592545190038
3074,183.7706403536241,30,training_log_TD3_20260328_114546.csv,182.87703756016347
3075,233.6883169212343,43,training_log_TD3_20260328_114546.csv,185.8575115575519
3076,118.75443815003509,13,training_log_TD3_20260328_114546.csv,183.17272785011636
3077,189.9644708644048,29,training_log_TD3_20260328_114546.csv,183.96564430391453
3078,201.57664050048115,26,training_log_TD3_20260328_114546.csv,188.1442213883519
3079,145.99985575421996,15,training_log_TD3_20260328_114546.csv,185.80853517866228
3080,183.97166466723368,31,training_log_TD3_20260328_114546.csv,185.0443767714326
3081,139.69908832453052,22,training_log_TD3_20260328_114546.csv,184.19062000295153
3082,168.3121361035964,24,training_log_TD3_20260328_114546.csv,184.55127583728714
3083,185.6438859267534,28,training_log_TD3_20260328_114546.csv,184.31385927429295
3084,160.27476031756208,21,training_log_TD3_20260328_114546.csv,181.21575950889718
3085,210.31529872329,40,training_log_TD3_20260328_114546.csv,184.01016261368923
3086,150.0334114630113,126,training_log_TD3_20260328_114546.csv,179.357162073797
3087,121.1640323296276,7,training_log_TD3_20260328_114546.csv,177.21298043496844
3088,104.4822267463191,5,training_log_TD3_20260328_114546.csv,172.63681938880424
3089,266.6435125888926,53,training_log_TD3_20260328_114546.csv,177.68590837379142
3090,159.77311912686702,28,training_log_TD3_20260328_114546.csv,177.80911378985815
3091,255.20086315785665,51,training_log_TD3_20260328_114546.csv,182.7815473849882
3092,187.5545166970036,23,training_log_TD3_20260328_114546.csv,182.11846884124458
3093,159.12164706723522,22,training_log_TD3_20260328_114546.csv,176.29722628918893
3094,143.29483674115536,18,training_log_TD3_20260328_114546.csv,174.2734361085655
3095,123.69893566564268,11,training_log_TD3_20260328_114546.csv,168.77396704578592
3096,175.82446842168343,27,training_log_TD3_20260328_114546.csv,171.62746855936834
3097,179.80813126847778,24,training_log_TD3_20260328_114546.csv,171.11965157957198
3098,118.56380826632578,6,training_log_TD3_20260328_114546.csv,166.96900996786422
3099,152.66170236935238,20,training_log_TD3_20260328_114546.csv,167.30210229862084
3100,197.5096158719145,35,training_log_TD3_20260328_114546.csv,167.97899985885488
3101,-50.0,1,training_log_TD3_20260328_114546.csv,158.49404544262833
3102,190.8132601408778,53,training_log_TD3_20260328_114546.csv,159.61910164449242
3103,215.24761270109605,32,training_log_TD3_20260328_114546.csv,161.09928798320954
3104,142.48381257567004,38,training_log_TD3_20260328_114546.csv,160.20974059611495
3105,125.8659784554756,10,training_log_TD3_20260328_114546.csv,155.98727458272424
3106,151.843956263557,15,training_log_TD3_20260328_114546.csv,156.0778018227515
3107,155.2185827040929,60,training_log_TD3_20260328_114546.csv,157.78052934147476
3108,121.81019345804216,10,training_log_TD3_20260328_114546.csv,158.64692767706092
3109,164.5928521390121,58,training_log_TD3_20260328_114546.csv,153.5443946545669
3110,114.2700620872225,10,training_log_TD3_20260328_114546.csv,151.26924180258465
3111,186.22145597067163,28,training_log_TD3_20260328_114546.csv,147.8202714432254
3112,217.1815889401116,36,training_log_TD3_20260328_114546.csv,149.30162505538084
3113,161.77888616228782,23,training_log_TD3_20260328_114546.csv,149.43448701013344
3114,256.71119032327255,52,training_log_TD3_20260328_114546.csv,155.1053046892393
3115,176.03487908460357,26,training_log_TD3_20260328_114546.csv,157.72210186018737
3116,171.71224148092608,26,training_log_TD3_20260328_114546.csv,157.51649051314948
3117,227.21317295619,53,training_log_TD3_20260328_114546.csv,159.88674259753512
3118,218.41229210427272,41,training_log_TD3_20260328_114546.csv,164.87916678943245
3119,219.9843619778604,40,training_log_TD3_20260328_114546.csv,168.24529976985784
3120,174.24925196642565,19,training_log_TD3_20260328_114546.csv,167.08228157458342
3121,187.53906290347828,25,training_log_TD3_20260328_114546.csv,178.95923471975732
3122,208.34321840555043,43,training_log_TD3_20260328_114546.csv,179.83573263299095
3123,159.6890218590911,19,training_log_TD3_20260328_114546.csv,177.0578030908907
3124,217.50663347488364,36,training_log_TD3_20260328_114546.csv,180.8089441358514
3125,175.88432404650172,20,training_log_TD3_20260328_114546.csv,183.30986141540268
3126,212.36741207318997,85,training_log_TD3_20260328_114546.csv,186.33603420588435
3127,178.43884638615822,28,training_log_TD3_20260328_114546.csv,187.4970473899876
3128,183.5211936363774,22,training_log_TD3_20260328_114546.csv,190.58259739890437
3129,168.44107617249637,19,training_log_TD3_20260328_114546.csv,190.7750086005786
3130,180.23786094833852,23,training_log_TD3_20260328_114546.csv,194.0733985436344
3131,-50.0,1,training_log_TD3_20260328_114546.csv,182.2623257451008
3132,148.47809071827285,81,training_log_TD3_20260328_114546.csv,178.82715083400885
3133,167.39376478962288,19,training_log_TD3_20260328_114546.csv,179.10789476537562
3134,206.40077140355567,32,training_log_TD3_20260328_114546.csv,176.5923738193898
3135,159.77776967020677,16,training_log_TD3_20260328_114546.csv,175.7795183486699
3136,175.23575037367263,27,training_log_TD3_20260328_114546.csv,175.95569379330726
3137,166.69151556728377,17,training_log_TD3_20260328_114546.csv,172.92961092386196
3138,132.76998050700666,10,training_log_TD3_20260328_114546.csv,168.64749534399863
3139,221.37993603480768,43,training_log_TD3_20260328_114546.csv,168.717274046846
3140,150.35424154716333,22,training_log_TD3_20260328_114546.csv,167.5225235258829
3141,187.40424848837372,23,training_log_TD3_20260328_114546.csv,167.51578280512769
3142,195.22280030038485,26,training_log_TD3_20260328_114546.csv,166.8597618998694
3143,168.4035371177054,26,training_log_TD3_20260328_114546.csv,167.2954876628001
3144,169.13911660147158,18,training_log_TD3_20260328_114546.csv,164.8771118191295
3145,162.985060146647,21,training_log_TD3_20260328_114546.csv,164.23214862413676
3146,142.75065928885596,12,training_log_TD3_20260328_114546.csv,160.75131098492005
3147,150.6678899089152,18,training_log_TD3_20260328_114546.csv,159.3627631610579
3148,179.3711208604025,31,training_log_TD3_20260328_114546.csv,159.15525952225917
3149,189.3239741130267,26,training_log_TD3_20260328_114546.csv,160.19940441928568
3150,228.91148048360756,41,training_log_TD3_20260328_114546.csv,162.63308539604913
3151,168.244362186969,27,training_log_TD3_20260328_114546.csv,173.54530350539758
3152,162.10236724083913,20,training_log_TD3_20260328_114546.csv,174.2265173315259
3153,245.34956892056184,42,training_log_TD3_20260328_114546.csv,178.12430753807286
3154,155.68105975453324,19,training_log_TD3_20260328_114546.csv,175.58832195562172
3155,150.45341717341518,22,training_log_TD3_20260328_114546.csv,175.12210433078215
3156,140.81565088235337,13,training_log_TD3_20260328_114546.csv,173.4010993562162
3157,243.03614666585165,44,training_log_TD3_20260328_114546.csv,177.21833091114456
3158,159.85984669524836,22,training_log_TD3_20260328_114546.csv,178.57282422055667
3159,114.6286280645174,49,training_log_TD3_20260328_114546.csv,173.23525882204214
3160,174.08102205265806,28,training_log_TD3_20260328_114546.csv,174.4215978473169
3161,193.3349331336706,29,training_log_TD3_20260328_114546.csv,174.71813207958172
3162,200.55414245069215,22,training_log_TD3_20260328_114546.csv,174.98469918709708
3163,114.8326001038604,4,training_log_TD3_20260328_114546.csv,172.30615233640484
3164,128.62502146349925,15,training_log_TD3_20260328_114546.csv,170.28044757950622
3165,265.77516707004395,79,training_log_TD3_20260328_114546.csv,175.41995292567609
3166,157.3254836844141,23,training_log_TD3_20260328_114546.csv,176.14869414545396
3167,156.7797954918781,21,training_log_TD3_20260328_114546.csv,176.4542894246021
3168,209.6041829728873,33,training_log_TD3_20260328_114546.csv,177.96594253022639
3169,134.2033490275951,10,training_log_TD3_20260328_114546.csv,175.20991127595477
3170,214.3007120740556,41,training_log_TD3_20260328_114546.csv,174.47937285547718
3171,111.9819166329293,13,training_log_TD3_20260328_114546.csv,171.6662505777752
3172,170.02023045454442,35,training_log_TD3_20260328_114546.csv,172.06214373846046
3173,157.95719863887746,21,training_log_TD3_20260328_114546.csv,167.69252522437623
3174,221.8399101783885,39,training_log_TD3_20260328_114546.csv,171.000467745569
3175,158.21998023111698,24,training_log_TD3_20260328_114546.csv,171.38879589845413
3176,128.6503836610308,12,training_log_TD3_20260328_114546.csv,170.78053253738796
3177,180.45335278520665,36,training_log_TD3_20260328_114546.csv,167.65139284335572
3178,175.5373560313136,41,training_log_TD3_20260328_114546.csv,168.435268310159
3179,206.83708968338092,33,training_log_TD3_20260328_114546.csv,173.04569139110217
3180,160.23067836131577,16,training_log_TD3_20260328_114546.csv,172.35317420653504
3181,-50.0,1,training_log_TD3_20260328_114546.csv,160.18642754985152
3182,159.32909136099178,55,training_log_TD3_20260328_114546.csv,158.1251749953665
3183,178.85971660797998,20,training_log_TD3_20260328_114546.csv,161.3265308205725
3184,180.9632496195689,22,training_log_TD3_20260328_114546.csv,163.94344222837597
3185,256.8729392550897,52,training_log_TD3_20260328_114546.csv,163.49833083762826
3186,192.6339025081628,29,training_log_TD3_20260328_114546.csv,165.26375177881567
3187,138.74160266765176,17,training_log_TD3_20260328_114546.csv,164.36184213760436
3188,160.2500419285645,22,training_log_TD3_20260328_114546.csv,161.8941350853882
3189,144.59301134745468,112,training_log_TD3_20260328_114546.csv,162.4136182013812
3190,152.6318157713545,20,training_log_TD3_20260328_114546.csv,159.33017338624614
3191,155.26790660594764,21,training_log_TD3_20260328_114546.csv,161.49447288489705
3192,114.1123447380748,8,training_log_TD3_20260328_114546.csv,158.6990785990736
3193,206.98636178829324,30,training_log_TD3_20260328_114546.csv,161.15053675654434
3194,173.35104451367204,22,training_log_TD3_20260328_114546.csv,158.72609347330854
3195,122.8607116535412,12,training_log_TD3_20260328_114546.csv,156.95813004442977
3196,122.14236739800948,10,training_log_TD3_20260328_114546.csv,156.6327292312787
3197,173.09806988039168,24,training_log_TD3_20260328_114546.csv,156.26496508603796
3198,201.53515834235628,30,training_log_TD3_20260328_114546.csv,157.5648552015901
3199,116.5592971985446,7,training_log_TD3_20260328_114546.csv,153.05096557734828
3200,150.99219557729242,23,training_log_TD3_20260328_114546.csv,152.5890414381471
3201,186.50829462168724,23,training_log_TD3_20260328_114546.csv,164.41445616923147
3202,137.7998368916102,19,training_log_TD3_20260328_114546.csv,163.33799344576238
3203,138.34160070284253,141,training_log_TD3_20260328_114546.csv,161.3120876505055
3204,141.47639767497125,37,training_log_TD3_20260328_114546.csv,159.33774505327563
3205,191.13168415843177,24,training_log_TD3_20260328_114546.csv,156.05068229844272
3206,178.38953117825196,22,training_log_TD3_20260328_114546.csv,155.3384637319472
3207,217.9843470448237,33,training_log_TD3_20260328_114546.csv,159.30060095080577
3208,192.8515172506015,28,training_log_TD3_20260328_114546.csv,160.93067471690765
3209,65.19530277592955,200,training_log_TD3_20260328_114546.csv,156.96078928833137
3210,160.86320352545695,23,training_log_TD3_20260328_114546.csv,157.3723586760365
3211,196.4233647177853,35,training_log_TD3_20260328_114546.csv,159.4301315816284
3212,201.45826120105443,41,training_log_TD3_20260328_114546.csv,163.79742740477735
3213,217.6564259913165,38,training_log_TD3_20260328_114546.csv,164.33093061492855
3214,175.5577312148664,24,training_log_TD3_20260328_114546.csv,164.44126494998824
3215,233.61123381143796,43,training_log_TD3_20260328_114546.csv,169.9787910578831
3216,186.7749729928956,21,training_log_TD3_20260328_114546.csv,173.2104213376274
3217,178.50063220982327,75,training_log_TD3_20260328_114546.csv,173.48054945409896
3218,171.0763562587666,21,training_log_TD3_20260328_114546.csv,171.95760934991947
3219,165.5315464959262,37,training_log_TD3_20260328_114546.csv,174.40622181478855
3220,170.91862409214488,30,training_log_TD3_20260328_114546.csv,175.4025432405312
3221,146.8890656090179,23,training_log_TD3_20260328_114546.csv,173.42158178989771
3222,171.63430208806292,21,training_log_TD3_20260328_114546.csv,175.11330504972037
3223,163.28551713033187,159,training_log_TD3_20260328_114546.csv,176.36050087109484
3224,175.70056619499005,20,training_log_TD3_20260328_114546.csv,178.07170929709577
3225,189.3514948485212,32,training_log_TD3_20260328_114546.csv,177.98269983160026
3226,154.48005046767722,22,training_log_TD3_20260328_114546.csv,176.78722579607148
3227,185.08566178770147,25,training_log_TD3_20260328_114546.csv,175.1422915332154
3228,114.28353600799127,6,training_log_TD3_20260328_114546.csv,171.21389247108488
3229,108.36728887544211,72,training_log_TD3_20260328_114546.csv,173.37249177606049
3230,122.84110847731284,11,training_log_TD3_20260328_114546.csv,171.4713870236533
3231,169.3265173239109,23,training_log_TD3_20260328_114546.csv,170.11654465395958
3232,177.87522941691577,24,training_log_TD3_20260328_114546.csv,168.93739306475263
3233,138.61355713676966,13,training_log_TD3_20260328_114546.csv,164.9852496220253
3234,155.1411929560836,21,training_log_TD3_20260328_114546.csv,163.96442270908616
3235,147.59958242118094,17,training_log_TD3_20260328_114546.csv,159.66384013957332
3236,178.26348748376063,26,training_log_TD3_20260328_114546.csv,159.23826586411656
3237,200.0175261818585,107,training_log_TD3_20260328_114546.csv,160.31411056271833
3238,162.4746272529798,21,training_log_TD3_20260328_114546.csv,159.88402411242902
3239,170.47342515943882,28,training_log_TD3_20260328_114546.csv,160.13111804560464
3240,168.739977092061,27,training_log_TD3_20260328_114546.csv,160.02218569560043
3241,138.81744481737422,12,training_log_TD3_20260328_114546.csv,159.61860465601825
3242,178.13027917598708,21,training_log_TD3_20260328_114546.csv,159.94340351041444
3243,249.99711109784624,46,training_log_TD3_20260328_114546.csv,164.27898320879018
3244,143.569188025259,20,training_log_TD3_20260328_114546.csv,162.67241430030361
3245,143.67874387173396,23,training_log_TD3_20260328_114546.csv,160.38877675146423
3246,213.3121168034476,27,training_log_TD3_20260328_114546.csv,163.33038006825277
3247,216.85477648751075,41,training_log_TD3_20260328_114546.csv,164.9188358032432
3248,191.62614680937628,26,training_log_TD3_20260328_114546.csv,168.7859663433125
3249,140.33192327002106,17,training_log_TD3_20260328_114546.csv,170.38419806304142
3250,158.02345787091113,32,training_log_TD3_20260328_114546.csv,172.14331553272135
3251,207.9868854016524,31,training_log_TD3_20260328_114546.csv,174.0763339366084
3252,160.36683626966132,28,training_log_TD3_20260328_114546.csv,173.20091427924572
3253,157.35791892212885,25,training_log_TD3_20260328_114546.csv,174.13813236851365
3254,157.87310940549725,36,training_log_TD3_20260328_114546.csv,174.27472819098435
3255,123.5080847590332,7,training_log_TD3_20260328_114546.csv,173.07015330787695
3256,209.6902872932172,27,training_log_TD3_20260328_114546.csv,174.6414932983498
3257,114.4404372438322,8,training_log_TD3_20260328_114546.csv,170.36263885144848
3258,167.70798262728664,22,training_log_TD3_20260328_114546.csv,170.6243066201638
3259,156.68351554422912,16,training_log_TD3_20260328_114546.csv,169.9348111394033
3260,166.50995336675533,19,training_log_TD3_20260328_114546.csv,169.82330995313802
3261,167.62569349879976,28,training_log_TD3_20260328_114546.csv,171.26372238720933
3262,-50.0,1,training_log_TD3_20260328_114546.csv,159.85720842840996
3263,175.0894750474922,22,training_log_TD3_20260328_114546.csv,156.11182662589226
3264,182.5092859936592,22,training_log_TD3_20260328_114546.csv,158.05883152431227
3265,227.5314527494584,42,training_log_TD3_20260328_114546.csv,162.25146696819849
3266,172.61312765530045,29,training_log_TD3_20260328_114546.csv,160.21651751079114
3267,157.6173379739626,20,training_log_TD3_20260328_114546.csv,157.25464558511374
3268,207.40533576531203,26,training_log_TD3_20260328_114546.csv,158.0436050329105
3269,100.0,1,training_log_TD3_20260328_114546.csv,156.02700886940946
3270,160.20603836866053,19,training_log_TD3_20260328_114546.csv,156.13613789429695
3271,145.86243792827509,16,training_log_TD3_20260328_114546.csv,153.0299155206281
3272,35.68479315732512,200,training_log_TD3_20260328_114546.csv,146.79581336501127
3273,174.64017110442876,23,training_log_TD3_20260328_114546.csv,147.65992597412625
3274,186.97685391215376,25,training_log_TD3_20260328_114546.csv,149.11511319945907
3275,146.39648967136276,37,training_log_TD3_20260328_114546.csv,150.25953344507556
3276,132.42251684022722,14,training_log_TD3_20260328_114546.csv,146.39614492242606
3277,209.34231837868637,32,training_log_TD3_20260328_114546.csv,151.14123897916878
3278,-50.0,1,training_log_TD3_20260328_114546.csv,140.25583984780445
3279,181.40506151251964,29,training_log_TD3_20260328_114546.csv,141.49191714621898
3280,-50.0,1,training_log_TD3_20260328_114546.csv,130.66641947788122
3281,139.58833276130375,15,training_log_TD3_20260328_114546.csv,129.2645514410064
3282,168.5993129288313,24,training_log_TD3_20260328_114546.csv,140.19451708744796
3283,198.47576021791735,32,training_log_TD3_20260328_114546.csv,141.36383134596923
3284,155.47796392114378,19,training_log_TD3_20260328_114546.csv,140.01226524234343
3285,162.84860236618465,23,training_log_TD3_20260328_114546.csv,136.77812272317976
3286,235.51902948016576,41,training_log_TD3_20260328_114546.csv,139.92341781442303
3287,130.15581241883518,13,training_log_TD3_20260328_114546.csv,138.55034153666665
3288,114.03141275707938,53,training_log_TD3_20260328_114546.csv,133.881645386255
3289,148.74806959318872,18,training_log_TD3_20260328_114546.csv,136.31904886591445
3290,104.06094267694267,9,training_log_TD3_20260328_114546.csv,133.51179408132856
3291,162.07296376321725,28,training_log_TD3_20260328_114546.csv,134.32232037307568
3292,145.30805415519097,14,training_log_TD3_20260328_114546.csv,139.80348342296895
3293,20.7700942931622,200,training_log_TD3_20260328_114546.csv,132.10997958240563
3294,155.3835467393195,17,training_log_TD3_20260328_114546.csv,130.53031422376392
3295,166.44239227184954,15,training_log_TD3_20260328_114546.csv,131.53260935378825
3296,163.84149305372532,19,training_log_TD3_20260328_114546.csv,133.10355816446315
3297,202.1513489088168,35,training_log_TD3_20260328_114546.csv,132.74400969096968
3298,175.4833678706541,28,training_log_TD3_20260328_114546.csv,144.01817808450238
3299,124.61722679590996,13,training_log_TD3_20260328_114546.csv,141.1787863486719
3300,174.5220716018007,21,training_log_TD3_20260328_114546.csv,152.40488992876195
3301,145.15689100198043,16,training_log_TD3_20260328_114546.csv,152.68331784079578
3302,237.929245832243,48,training_log_TD3_20260328_114546.csv,156.14981448596637
3303,169.72760158810712,25,training_log_TD3_20260328_114546.csv,154.71240655447588
3304,257.63705469417806,73,training_log_TD3_20260328_114546.csv,159.8203610931276
3305,199.17716945565869,26,training_log_TD3_20260328_114546.csv,161.63678944760127
3306,146.57304176046074,15,training_log_TD3_20260328_114546.csv,157.18949006161603
3307,184.8447834799151,30,training_log_TD3_20260328_114546.csv,159.92393861467002
3308,160.86347080962713,20,training_log_TD3_20260328_114546.csv,162.26554151729738
3309,195.6176675824265,39,training_log_TD3_20260328_114546.csv,164.60902141675928
3310,169.57389748230466,23,training_log_TD3_20260328_114546.csv,167.8846691570274
3311,191.05175112427736,31,training_log_TD3_20260328_114546.csv,169.33360852508036
3312,181.4356663845741,31,training_log_TD3_20260328_114546.csv,171.13998913654956
3313,219.3492949859572,38,training_log_TD3_20260328_114546.csv,181.0689491711893
3314,169.86254738947497,22,training_log_TD3_20260328_114546.csv,181.7928992036971
3315,175.33969773717178,18,training_log_TD3_20260328_114546.csv,182.23776447696318
3316,165.34338731700095,20,training_log_TD3_20260328_114546.csv,182.31285919012697
3317,167.51016931699107,21,training_log_TD3_20260328_114546.csv,180.58080021053567
3318,243.91780756487373,50,training_log_TD3_20260328_114546.csv,184.00252219524666
3319,162.69299438239818,19,training_log_TD3_20260328_114546.csv,185.90631057457105
3320,199.8707270277993,28,training_log_TD3_20260328_114546.csv,187.173743345871
3321,193.8354000895331,23,training_log_TD3_20260328_114546.csv,189.60766880024863
3322,173.11223526214235,26,training_log_TD3_20260328_114546.csv,186.3668182717436
3323,214.93888115546685,32,training_log_TD3_20260328_114546.csv,188.62738225011157
3324,130.89518944023234,15,training_log_TD3_20260328_114546.csv,182.2902889874143
3325,251.67858904757392,53,training_log_TD3_20260328_114546.csv,184.91535996701006
3326,163.2180597959661,27,training_log_TD3_20260328_114546.csv,185.74761086878533
3327,148.87723497577915,32,training_log_TD3_20260328_114546.csv,183.94923344357852
3328,163.17553355218627,23,training_log_TD3_20260328_114546.csv,184.0648365807065
3329,147.8816815715982,15,training_log_TD3_20260328_114546.csv,181.67803728016506
3330,185.41660818739155,31,training_log_TD3_20260328_114546.csv,182.47017281541943
3331,207.97375799645303,94,training_log_TD3_20260328_114546.csv,183.3162731590282
3332,165.29338559461485,25,training_log_TD3_20260328_114546.csv,182.50915911953024
3333,-50.0,1,training_log_TD3_20260328_114546.csv,169.0416943702324
3334,153.36702081085394,17,training_log_TD3_20260328_114546.csv,168.2169180413013
3335,188.594532134446,26,training_log_TD3_20260328_114546.csv,168.87965976116504
3336,260.9303760532784,50,training_log_TD3_20260328_114546.csv,173.65900919797892
3337,198.7736718425071,36,training_log_TD3_20260328_114546.csv,175.22218432425473
3338,216.53592633844505,33,training_log_TD3_20260328_114546.csv,173.85309026293328
3339,237.52170995234425,51,training_log_TD3_20260328_114546.csv,177.59452604143058
3340,146.60526939405912,16,training_log_TD3_20260328_114546.csv,174.93125315974356
3341,168.90101853993028,19,training_log_TD3_20260328_114546.csv,173.68453408226344
3342,151.7999457536428,16,training_log_TD3_20260328_114546.csv,172.61891960683846
3343,183.33301258572,30,training_log_TD3_20260328_114546.csv,171.0386261783511
3344,165.08904347520064,24,training_log_TD3_20260328_114546.csv,172.74831888009953
3345,201.80389139516572,36,training_log_TD3_20260328_114546.csv,170.2545839974791
3346,160.11860988482346,26,training_log_TD3_20260328_114546.csv,170.099611501922
3347,176.85111418068254,23,training_log_TD3_20260328_114546.csv,171.49830546216717
3348,154.0077389279189,25,training_log_TD3_20260328_114546.csv,171.0399157309538
3349,171.8742947198209,30,training_log_TD3_20260328_114546.csv,172.23954638836494
3350,160.14792371500147,16,training_log_TD3_20260328_114546.csv,170.97611216474542
3351,188.0710660161589,26,training_log_TD3_20260328_114546.csv,169.9809775657307
3352,142.9315363020498,17,training_log_TD3_20260328_114546.csv,168.86288510110245
3353,175.310950340962,26,training_log_TD3_20260328_114546.csv,180.12843261815055
3354,173.31801826511355,20,training_log_TD3_20260328_114546.csv,181.12598249086355
3355,226.1391124916724,35,training_log_TD3_20260328_114546.csv,183.00321150872486
3356,173.61085412148012,23,training_log_TD3_20260328_114546.csv,178.63723541213494
3357,157.09092042490792,18,training_log_TD3_20260328_114546.csv,176.55309784125498
3358,238.7718991841924,45,training_log_TD3_20260328_114546.csv,177.66489648354235
3359,176.4930811231621,24,training_log_TD3_20260328_114546.csv,174.61346504208325
3360,177.7879365843571,145,training_log_TD3_20260328_114546.csv,176.17259840159815
3361,154.4426750781499,24,training_log_TD3_20260328_114546.csv,175.44968122850915
3362,130.9585250024673,23,training_log_TD3_20260328_114546.csv,174.40761019095035
3363,163.4691194521601,27,training_log_TD3_20260328_114546.csv,173.41441553427234
3364,191.1127836158347,26,training_log_TD3_20260328_114546.csv,174.71560254130407
3365,155.1368980536908,25,training_log_TD3_20260328_114546.csv,172.38225287423035
3366,129.08510060201186,122,training_log_TD3_20260328_114546.csv,170.83057741008972
3367,154.71910944263954,18,training_log_TD3_20260328_114546.csv,169.7239771731876
3368,134.9130459962847,17,training_log_TD3_20260328_114546.csv,168.76924252660586
3369,159.5765166402195,17,training_log_TD3_20260328_114546.csv,168.15435362262582
3370,208.232599288343,26,training_log_TD3_20260328_114546.csv,170.55858740129287
3371,173.39592945945458,30,training_log_TD3_20260328_114546.csv,169.8248305734577
3372,160.02737637611875,23,training_log_TD3_20260328_114546.csv,170.67962257716113
3373,258.5586524037028,54,training_log_TD3_20260328_114546.csv,174.84200768029817
3374,240.73814015952823,46,training_log_TD3_20260328_114546.csv,178.21301377501888
3375,178.02798156292505,26,training_log_TD3_20260328_114546.csv,175.8074572285815
3376,125.26931841951452,20,training_log_TD3_20260328_114546.csv,173.39038044348325
3377,169.05472885869412,24,training_log_TD3_20260328_114546.csv,173.98857086517256
3378,161.8652461260458,17,training_log_TD3_20260328_114546.csv,170.1432382122652
3379,119.84950472913678,8,training_log_TD3_20260328_114546.csv,167.31105939256398
3380,-50.0,1,training_log_TD3_20260328_114546.csv,155.9216625633461
3381,133.1308229147229,14,training_log_TD3_20260328_114546.csv,154.85606995517475
3382,191.33384932401043,26,training_log_TD3_20260328_114546.csv,157.87483617125193
3383,153.9574495709956,22,training_log_TD3_20260328_114546.csv,157.3992526771937
3384,190.10413600760603,30,training_log_TD3_20260328_114546.csv,157.34882029678224
3385,170.0888429482685,33,training_log_TD3_20260328_114546.csv,158.09641754151113
3386,163.48763360329934,22,training_log_TD3_20260328_114546.csv,159.8165441915755
3387,203.26909094627476,25,training_log_TD3_20260328_114546.csv,162.24404326675727
3388,174.79364618042473,18,training_log_TD3_20260328_114546.csv,164.23807327596427
3389,169.02626960129277,28,training_log_TD3_20260328_114546.csv,164.71056092401793
3390,152.43481592684617,17,training_log_TD3_20260328_114546.csv,161.9206717559431
3391,146.2053365510114,16,training_log_TD3_20260328_114546.csv,160.56114211052093
3392,214.0777087008347,31,training_log_TD3_20260328_114546.csv,163.26365872675674
3393,131.0232345470974,12,training_log_TD3_20260328_114546.csv,156.88688783392647
3394,180.1942006875943,27,training_log_TD3_20260328_114546.csv,153.85969086032978
3395,175.39512833825364,18,training_log_TD3_20260328_114546.csv,153.7280481990962
3396,190.69648984181575,34,training_log_TD3_20260328_114546.csv,156.99940677021127
3397,25.55417409304487,200,training_log_TD3_20260328_114546.csv,149.8243790319288
3398,133.24667866284034,10,training_log_TD3_20260328_114546.csv,148.39345065876853
3399,160.73569532467835,18,training_log_TD3_20260328_114546.csv,150.4377601885456
3400,144.61386019196595,21,training_log_TD3_20260328_114546.csv,160.16845319814388
3401,169.99134063990056,20,training_log_TD3_20260328_114546.csv,162.0114790844028
3402,214.6903453968916,40,training_log_TD3_20260328_114546.csv,163.17930388804683
3403,162.49200819214212,84,training_log_TD3_20260328_114546.csv,163.60603181910417
3404,152.40760265886252,17,training_log_TD3_20260328_114546.csv,161.721205151667
3405,160.3388372301862,21,training_log_TD3_20260328_114546.csv,161.23370486576286
3406,160.02917248475927,24,training_log_TD3_20260328_114546.csv,161.06078180983587
3407,139.15296932267245,22,training_log_TD3_20260328_114546.csv,157.85497572865575
3408,172.59923653324273,23,training_log_TD3_20260328_114546.csv,157.74525524629667
3409,241.906926369193,47,training_log_TD3_20260328_114546.csv,161.38928808469166
3410,158.3187034262926,28,training_log_TD3_20260328_114546.csv,161.683482459664
3411,162.73801924000145,25,training_log_TD3_20260328_114546.csv,162.5101165941135
3412,211.6648667814576,33,training_log_TD3_20260328_114546.csv,162.38947449814464
3413,185.2068511805368,21,training_log_TD3_20260328_114546.csv,165.0986553298166
3414,153.10212212945453,33,training_log_TD3_20260328_114546.csv,163.74405140190962
3415,148.3356311054186,25,training_log_TD3_20260328_114546.csv,162.39107654026787
3416,170.54166877047933,39,training_log_TD3_20260328_114546.csv,161.38333548670101
3417,239.76280880635616,48,training_log_TD3_20260328_114546.csv,172.09376722236658
3418,185.65835381824556,28,training_log_TD3_20260328_114546.csv,174.71435098013689
3419,191.63117975705796,34,training_log_TD3_20260328_114546.csv,176.25912520175584
3420,175.31882511812563,21,training_log_TD3_20260328_114546.csv,177.79437344806382
3421,-17.969632100707223,200,training_log_TD3_20260328_114546.csv,168.39632481103342
3422,138.99401821229588,15,training_log_TD3_20260328_114546.csv,164.61150845180367
3423,179.0088119184445,20,training_log_TD3_20260328_114546.csv,165.43734863811878
3424,226.7966318164056,41,training_log_TD3_20260328_114546.csv,169.15680009599592
3425,170.01291822450213,18,training_log_TD3_20260328_114546.csv,169.64050414571173
3426,143.0967979100621,16,training_log_TD3_20260328_114546.csv,168.79388541697685
3427,171.346875548342,34,training_log_TD3_20260328_114546.csv,170.40358072826035
3428,176.88030361575707,25,training_log_TD3_20260328_114546.csv,170.61763408238605
3429,177.88317068312386,29,training_log_TD3_20260328_114546.csv,167.4164462980826
3430,180.7840263200134,21,training_log_TD3_20260328_114546.csv,168.53971244276863
3431,124.72898500021056,26,training_log_TD3_20260328_114546.csv,166.63926073077909
3432,171.90790523474217,26,training_log_TD3_20260328_114546.csv,164.65141265344332
3433,134.5380842681416,15,training_log_TD3_20260328_114546.csv,162.11797430782357
3434,157.79346939843924,16,training_log_TD3_20260328_114546.csv,162.3525416712728
3435,178.27120136822157,22,training_log_TD3_20260328_114546.csv,163.84932018441296
3436,189.7643929299605,29,training_log_TD3_20260328_114546.csv,164.81045639238704
3437,133.84419256560665,44,training_log_TD3_20260328_114546.csv,159.51452558034956
3438,165.9678249475826,37,training_log_TD3_20260328_114546.csv,158.52999913681637
3439,122.2470456905464,84,training_log_TD3_20260328_114546.csv,155.0607924334908
3440,161.54859694840772,23,training_log_TD3_20260328_114546.csv,154.37228102500492
3441,180.05322085797576,20,training_log_TD3_20260328_114546.csv,164.27342367293906
3442,123.33186058556892,22,training_log_TD3_20260328_114546.csv,163.49031579160274
3443,175.6085659754417,20,training_log_TD3_20260328_114546.csv,163.3203034944526
3444,146.88579119629836,25,training_log_TD3_20260328_114546.csv,159.32476146344723
3445,123.82281370253992,15,training_log_TD3_20260328_114546.csv,157.0152562373491
3446,153.67960112597615,21,training_log_TD3_20260328_114546.csv,157.5443963981448
3447,163.49036344354693,22,training_log_TD3_20260328_114546.csv,157.15157079290503
3448,187.30672847337175,26,training_log_TD3_20260328_114546.csv,157.6728920357858
3449,174.69819149761727,26,training_log_TD3_20260328_114546.csv,157.51364307651048
3450,130.7225500697395,20,training_log_TD3_20260328_114546.csv,155.01056926399679
3451,125.50918761666458,8,training_log_TD3_20260328_114546.csv,155.04957939481946
3452,186.0688875601452,25,training_log_TD3_20260328_114546.csv,155.75762851108962
3453,147.75867735088684,20,training_log_TD3_20260328_114546.csv,156.41865816522687
3454,138.91753596392647,25,training_log_TD3_20260328_114546.csv,155.47486149350124
3455,182.9535047046245,25,training_log_TD3_20260328_114546.csv,155.70897666032138
3456,185.24415107503324,20,training_log_TD3_20260328_114546.csv,155.48296456757504
3457,149.15391309889017,29,training_log_TD3_20260328_114546.csv,156.2484505942392
3458,182.8828954960844,21,training_log_TD3_20260328_114546.csv,157.0942041216643
3459,113.78177305468986,22,training_log_TD3_20260328_114546.csv,156.67094048987147
3460,153.2620973941566,21,training_log_TD3_20260328_114546.csv,156.25661551215893
3461,169.04153463380715,24,training_log_TD3_20260328_114546.csv,155.70603120095046
3462,251.317097064802,48,training_log_TD3_20260328_114546.csv,162.1052930249121
3463,148.13457328955718,16,training_log_TD3_20260328_114546.csv,160.7315933906179
3464,140.05243026061646,17,training_log_TD3_20260328_114546.csv,160.3899253438338
3465,229.62738159219012,44,training_log_TD3_20260328_114546.csv,165.6801537383163
3466,195.24863980609672,24,training_log_TD3_20260328_114546.csv,167.75860567232235
3467,229.3205634575671,43,training_log_TD3_20260328_114546.csv,171.05011567302336
3468,187.61547683377916,26,training_log_TD3_20260328_114546.csv,171.0655530910437
3469,160.5619925913895,17,training_log_TD3_20260328_114546.csv,170.35874314573232
3470,130.9983273965654,26,training_log_TD3_20260328_114546.csv,170.3725320120736
3471,126.29453929621246,16,training_log_TD3_20260328_114546.csv,170.41179959605103
3472,166.5935923286575,23,training_log_TD3_20260328_114546.csv,169.43803483447664
3473,210.5836224050893,35,training_log_TD3_20260328_114546.csv,172.57928208718675
3474,74.01057024118201,200,training_log_TD3_20260328_114546.csv,169.33393380104954
3475,140.78528606362943,13,training_log_TD3_20260328_114546.csv,167.22552286899978
3476,133.81057342206913,14,training_log_TD3_20260328_114546.csv,164.65384398635157
3477,147.05212956754278,16,training_log_TD3_20260328_114546.csv,164.5487548097842
3478,153.66331824624066,15,training_log_TD3_20260328_114546.csv,163.08777594729202
3479,186.86296181824977,33,training_log_TD3_20260328_114546.csv,166.74183538547
3480,88.38926346641031,33,training_log_TD3_20260328_114546.csv,163.4981936890827
3481,191.5332513671288,24,training_log_TD3_20260328_114546.csv,164.6227795257488
3482,153.5536074556219,26,training_log_TD3_20260328_114546.csv,159.7346050452898
3483,190.9692475151536,23,training_log_TD3_20260328_114546.csv,161.8763387565696
3484,152.19254049096935,22,training_log_TD3_20260328_114546.csv,162.48334426808725
3485,156.89289435024116,18,training_log_TD3_20260328_114546.csv,158.84661990598983
3486,175.83966487776536,21,training_log_TD3_20260328_114546.csv,157.87617115957323
3487,175.2831805888756,25,training_log_TD3_20260328_114546.csv,155.17430201613865
3488,176.1020888426367,26,training_log_TD3_20260328_114546.csv,154.59863261658154
3489,182.783886810562,20,training_log_TD3_20260328_114546.csv,155.70972732754018
3490,215.34766511786788,40,training_log_TD3_20260328_114546.csv,159.9271942136053
3491,163.4500621717701,16,training_log_TD3_20260328_114546.csv,161.78497035738314
3492,171.79545386351495,17,training_log_TD3_20260328_114546.csv,162.04506343412604
3493,157.69578512016656,27,training_log_TD3_20260328_114546.csv,159.4006715698799
3494,165.0558415282298,19,training_log_TD3_20260328_114546.csv,163.9529351342323
3495,173.1377130765406,23,training_log_TD3_20260328_114546.csv,165.57055648487784
3496,188.7038464435942,23,training_log_TD3_20260328_114546.csv,168.3152201359541
3497,207.46329603004065,35,training_log_TD3_20260328_114546.csv,171.335778459079
3498,129.71842515707664,107,training_log_TD3_20260328_114546.csv,170.1385338046208
3499,177.07045397240685,29,training_log_TD3_20260328_114546.csv,169.64890841232864
3500,233.1379815426725,46,training_log_TD3_20260328_114546.csv,176.88634431614176
3501,165.47906318604657,63,training_log_TD3_20260328_114546.csv,175.58363490708763
3502,159.86076163635903,31,training_log_TD3_20260328_114546.csv,175.8989926161245
3503,177.6229614215888,27,training_log_TD3_20260328_114546.csv,175.23167831144627
3504,163.0018846155937,19,training_log_TD3_20260328_114546.csv,175.7721455176775
3505,152.23034895086647,19,training_log_TD3_20260328_114546.csv,175.53901824770873
3506,174.59679009946305,20,training_log_TD3_20260328_114546.csv,175.47687450879363
3507,139.24952030443023,18,training_log_TD3_20260328_114546.csv,173.67519149457138
3508,164.8791779397486,26,training_log_TD3_20260328_114546.csv,173.11404594942695
3509,184.1516850692901,21,training_log_TD3_20260328_114546.csv,173.18243586236335
3510,168.67162459596375,22,training_log_TD3_20260328_114546.csv,170.84863383626814
3511,100.0,1,training_log_TD3_20260328_114546.csv,167.67613072767963
3512,133.7766257398641,21,training_log_TD3_20260328_114546.csv,165.7751893214971
3513,147.6175574851422,16,training_log_TD3_20260328_114546.csv,165.2712779397459
3514,200.32156129507285,62,training_log_TD3_20260328_114546.csv,167.03456392808803
3515,179.79208958340922,26,training_log_TD3_20260328_114546.csv,167.36728275343148
3516,189.1792350150777,32,training_log_TD3_20260328_114546.csv,167.39105218200567
3517,169.47732301736673,30,training_log_TD3_20260328_114546.csv,165.49175353137196
3518,124.87693795814442,9,training_log_TD3_20260328_114546.csv,165.24967917142533
3519,172.26941154255724,22,training_log_TD3_20260328_114546.csv,165.00962704993287
3520,221.1815481741517,42,training_log_TD3_20260328_114546.csv,164.41180538150684
3521,177.18727299434295,21,training_log_TD3_20260328_114546.csv,164.99721587192167
3522,142.5459813384807,27,training_log_TD3_20260328_114546.csv,164.13147685702774
3523,171.92540664389008,28,training_log_TD3_20260328_114546.csv,163.84659911814282
3524,222.95777104807172,49,training_log_TD3_20260328_114546.csv,166.8443934397667
3525,211.3827066623126,30,training_log_TD3_20260328_114546.csv,169.802011325339
3526,144.08590432782717,13,training_log_TD3_20260328_114546.csv,168.2764670367572
3527,142.93678210362728,18,training_log_TD3_20260328_114546.csv,168.46083012671707
3528,159.20781532781876,20,training_log_TD3_20260328_114546.csv,168.17726199612054
3529,215.3840049906224,41,training_log_TD3_20260328_114546.csv,169.73887799218718
3530,181.1026060498348,29,training_log_TD3_20260328_114546.csv,170.36042706488075
3531,231.8753038602821,41,training_log_TD3_20260328_114546.csv,176.95419225789485
3532,147.32175746983378,25,training_log_TD3_20260328_114546.csv,177.63144884439333
3533,196.0538115749094,29,training_log_TD3_20260328_114546.csv,180.05326154888166
3534,128.79102115743223,21,training_log_TD3_20260328_114546.csv,176.47673454199966
3535,162.44542903258298,24,training_log_TD3_20260328_114546.csv,175.60940151445834
3536,100.0,1,training_log_TD3_20260328_114546.csv,171.15043976370444
3537,192.3381119985043,157,training_log_TD3_20260328_114546.csv,172.29347921276133
3538,166.65109795607782,21,training_log_TD3_20260328_114546.csv,174.382187212658
3539,161.46434010073713,22,training_log_TD3_20260328_114546.csv,173.841933640567
3540,153.5960966393016,19,training_log_TD3_20260328_114546.csv,170.46266106382447
3541,209.42286837935887,39,training_log_TD3_20260328_114546.csv,172.07444083307527
3542,172.23681372432077,23,training_log_TD3_20260328_114546.csv,173.55898245236727
3543,133.49141654201858,13,training_log_TD3_20260328_114546.csv,171.63728294727372
3544,-6.438106028826494,200,training_log_TD3_20260328_114546.csv,160.1674890934288
3545,185.577253201146,24,training_log_TD3_20260328_114546.csv,158.87721642037047
3546,171.9126484879868,19,training_log_TD3_20260328_114546.csv,160.26855362837847
3547,206.55820223426332,27,training_log_TD3_20260328_114546.csv,163.44962463491024
3548,153.97362018971057,20,training_log_TD3_20260328_114546.csv,163.18791487800485
3549,170.10229351616994,18,training_log_TD3_20260328_114546.csv,160.92382930428224
3550,140.94420006270445,18,training_log_TD3_20260328_114546.csv,158.9159090049257
3551,131.65613781913163,15,training_log_TD3_20260328_114546.csv,153.90495070286818
3552,185.5158751005012,22,training_log_TD3_20260328_114546.csv,155.81465658440155
3553,168.64397396142374,26,training_log_TD3_20260328_114546.csv,154.44416470372727
3554,194.99584747892203,31,training_log_TD3_20260328_114546.csv,157.75440601980176
3555,55.941854388055646,200,training_log_TD3_20260328_114546.csv,152.4292272875754
3556,-50.0,1,training_log_TD3_20260328_114546.csv,144.9292272875754
3557,175.17802673760582,31,training_log_TD3_20260328_114546.csv,144.07122302453047
3558,163.41230139484855,30,training_log_TD3_20260328_114546.csv,143.909283196469
3559,-50.0,1,training_log_TD3_20260328_114546.csv,133.33606619143217
3560,157.5225464295865,21,training_log_TD3_20260328_114546.csv,133.5323886809464
3561,169.84405642303213,21,training_log_TD3_20260328_114546.csv,131.55344808313004
3562,125.36097014270192,10,training_log_TD3_20260328_114546.csv,129.20965590404913
3563,166.2343540895203,29,training_log_TD3_20260328_114546.csv,130.8468027814242
3564,186.1380082370985,32,training_log_TD3_20260328_114546.csv,140.47560849472046
3565,136.83839048196512,49,training_log_TD3_20260328_114546.csv,138.03866535876142
3566,167.46039391514086,23,training_log_TD3_20260328_114546.csv,137.81605263011912
3567,162.79672231333612,19,training_log_TD3_20260328_114546.csv,135.62797863407275
3568,207.44200658017385,38,training_log_TD3_20260328_114546.csv,138.3013979535959
3569,164.17803743960428,19,training_log_TD3_20260328_114546.csv,138.0051851497676
3570,165.9975862678109,17,training_log_TD3_20260328_114546.csv,139.25785446002297
3571,190.12548664561533,23,training_log_TD3_20260328_114546.csv,142.18132190134713
3572,189.599593460088,25,training_log_TD3_20260328_114546.csv,142.3855078193265
3573,160.84802225330938,18,training_log_TD3_20260328_114546.csv,141.99571023392076
3574,128.01592139217445,19,training_log_TD3_20260328_114546.csv,138.6467139295834
3575,193.8902434160765,24,training_log_TD3_20260328_114546.csv,145.54413338098442
3576,132.62544714739232,23,training_log_TD3_20260328_114546.csv,154.67540573835407
3577,206.80741556261796,29,training_log_TD3_20260328_114546.csv,156.25687517960463
3578,192.24783808923948,23,training_log_TD3_20260328_114546.csv,157.69865201432418
3579,177.28807063143194,37,training_log_TD3_20260328_114546.csv,169.0630555458958
3580,181.38739948418132,28,training_log_TD3_20260328_114546.csv,170.25629819862553
3581,164.7910075958726,18,training_log_TD3_20260328_114546.csv,170.00364575726755
3582,69.04409267329184,200,training_log_TD3_20260328_114546.csv,167.18780188379705
3583,174.39334683991098,26,training_log_TD3_20260328_114546.csv,167.59575152131657
3584,244.3160937884577,46,training_log_TD3_20260328_114546.csv,170.50465579888456
3585,197.72824907670665,27,training_log_TD3_20260328_114546.csv,173.54914872862162
3586,188.4829403161388,37,training_log_TD3_20260328_114546.csv,174.60027604867153
3587,174.10620674271806,19,training_log_TD3_20260328_114546.csv,175.16575027014062
3588,154.48818726959743,39,training_log_TD3_20260328_114546.csv,172.51805930461177
3589,165.29541324388325,24,training_log_TD3_20260328_114546.csv,172.57392809482576
3590,186.29750745369853,26,training_log_TD3_20260328_114546.csv,173.58892415412012
3591,182.41673061608057,21,training_log_TD3_20260328_114546.csv,173.20348635264338
3592,154.42769135050088,17,training_log_TD3_20260328_114546.csv,171.444891247164
3593,144.3675035896143,15,training_log_TD3_20260328_114546.csv,170.62086531397927
3594,191.00017050334864,32,training_log_TD3_20260328_114546.csv,173.77007776953798
3595,172.3024778545773,20,training_log_TD3_20260328_114546.csv,172.69068949146305
3596,164.2608867622639,22,training_log_TD3_20260328_114546.csv,174.2724614722066
3597,137.72587454022985,23,training_log_TD3_20260328_114546.csv,170.8183844210872
3598,177.8704285229015,52,training_log_TD3_20260328_114546.csv,170.09951394277033
3599,154.82408568663877,20,training_log_TD3_20260328_114546.csv,168.97631469553065
3600,186.3982270007174,23,training_log_TD3_20260328_114546.csv,169.22685607135745
3601,177.45217343151984,25,training_log_TD3_20260328_114546.csv,169.8599143631398
3602,183.7382253123588,26,training_log_TD3_20260328_114546.csv,175.59462099509315
3603,138.30476835767408,15,training_log_TD3_20260328_114546.csv,173.7901920709813
3604,149.36685471371487,18,training_log_TD3_20260328_114546.csv,169.04273011724416
3605,157.86013869828864,20,training_log_TD3_20260328_114546.csv,167.04932459832327
3606,193.6110794524953,20,training_log_TD3_20260328_114546.csv,167.3057315551411
3607,198.9561836529855,32,training_log_TD3_20260328_114546.csv,168.54823040065446
3608,160.66932989213248,23,training_log_TD3_20260328_114546.csv,168.85728753178122
3609,182.49972202797164,21,training_log_TD3_20260328_114546.csv,169.71750297098563
3610,-50.0,1,training_log_TD3_20260328_114546.csv,157.9026275983007
3611,177.6709176501039,21,training_log_TD3_20260328_114546.csv,157.6653369500019
3612,207.0486414877409,28,training_log_TD3_20260328_114546.csv,160.2963844568639
3613,176.3985449326296,26,training_log_TD3_20260328_114546.csv,161.89793652401465
3614,187.08875026076564,26,training_log_TD3_20260328_114546.csv,161.7023655118855
3615,194.4243547698915,31,training_log_TD3_20260328_114546.csv,162.8084593576512
3616,182.1543015487273,18,training_log_TD3_20260328_114546.csv,163.70313009697435
3617,157.62677654183622,19,training_log_TD3_20260328_114546.csv,164.6981751970547
3618,152.824454403229,22,training_log_TD3_20260328_114546.csv,163.44587649107106
3619,176.91475715069228,23,training_log_TD3_20260328_114546.csv,164.55041006427373
3620,110.71684250678648,112,training_log_TD3_20260328_114546.csv,160.7663408395772
3621,123.22448055548324,11,training_log_TD3_20260328_114546.csv,158.05495619577536
3622,177.51516567178987,25,training_log_TD3_20260328_114546.csv,157.74380321374693
3623,194.49009938749955,32,training_log_TD3_20260328_114546.csv,160.55306976523818
3624,171.36205991032085,24,training_log_TD3_20260328_114546.csv,161.65283002506848
3625,201.36208298332056,27,training_log_TD3_20260328_114546.csv,163.8279272393201
3626,238.77998497681023,47,training_log_TD3_20260328_114546.csv,166.08637251553583
3627,149.01996154891964,12,training_log_TD3_20260328_114546.csv,163.58956141033255
3628,174.84859434599247,22,training_log_TD3_20260328_114546.csv,164.29852463302555
3629,214.6125046302465,33,training_log_TD3_20260328_114546.csv,165.90416376313928
3630,183.14114933914448,23,training_log_TD3_20260328_114546.csv,177.5612212300965
3631,147.4000381661511,17,training_log_TD3_20260328_114546.csv,176.04767725589886
3632,129.3462463456831,13,training_log_TD3_20260328_114546.csv,172.16255749879596
3633,180.2351592273624,26,training_log_TD3_20260328_114546.csv,172.35438821353262
3634,167.80031008662485,26,training_log_TD3_20260328_114546.csv,171.3899662048256
3635,191.76627659926083,27,training_log_TD3_20260328_114546.csv,171.25706229629404
3636,151.12135995916714,19,training_log_TD3_20260328_114546.csv,169.70541521681605
3637,124.12416287496468,16,training_log_TD3_20260328_114546.csv,168.03028453347244
3638,233.9009531958377,37,training_log_TD3_20260328_114546.csv,172.0841094731029
3639,172.60967742613985,24,training_log_TD3_20260328_114546.csv,171.86885548687528
3640,162.65086017070098,23,training_log_TD3_20260328_114546.csv,174.465556370071
3641,197.16377832906895,28,training_log_TD3_20260328_114546.csv,178.16252125875027
3642,165.34432671559867,22,training_log_TD3_20260328_114546.csv,177.55397931094072
3643,147.52525024825067,54,training_log_TD3_20260328_114546.csv,175.2057368539783
3644,163.96984475042973,22,training_log_TD3_20260328_114546.csv,174.83612609598373
3645,197.21240721891135,31,training_log_TD3_20260328_114546.csv,174.62864230776327
3646,220.0073171915153,42,training_log_TD3_20260328_114546.csv,173.69000891849853
3647,119.4094176244783,22,training_log_TD3_20260328_114546.csv,172.20948172227645
3648,174.49979679729182,26,training_log_TD3_20260328_114546.csv,172.1920418448414
3649,121.7202386708675,16,training_log_TD3_20260328_114546.csv,167.54742854687248
3650,156.23815722875665,18,training_log_TD3_20260328_114546.csv,166.2022789413531
3651,196.3482709008086,24,training_log_TD3_20260328_114546.csv,168.64969057808597
3652,198.15431803493837,25,training_log_TD3_20260328_114546.csv,172.09009416254872
3653,-50.0,1,training_log_TD3_20260328_114546.csv,160.57833620118058
3654,169.1609173299476,23,training_log_TD3_20260328_114546.csv,160.64636656334673
3655,164.7701825245225,20,training_log_TD3_20260328_114546.csv,159.29656185960982
3656,156.1507188025306,20,training_log_TD3_20260328_114546.csv,159.548029801778
3657,195.96140522692556,29,training_log_TD3_20260328_114546.csv,163.13989191937605
3658,-50.0,1,training_log_TD3_20260328_114546.csv,148.94484425958416
3659,228.8641738547258,42,training_log_TD3_20260328_114546.csv,151.75756908101346
3660,166.58229939994385,30,training_log_TD3_20260328_114546.csv,151.95414104247558
3661,160.8920735767593,78,training_log_TD3_20260328_114546.csv,150.1405558048601
3662,173.22294718760742,31,training_log_TD3_20260328_114546.csv,150.53448682846056
3663,174.02370290349523,24,training_log_TD3_20260328_114546.csv,151.85940946122278
3664,200.2049099007289,26,training_log_TD3_20260328_114546.csv,153.67116271873775
3665,-50.0,1,training_log_TD3_20260328_114546.csv,141.31054235779217
3666,192.8564544948272,32,training_log_TD3_20260328_114546.csv,139.95299922295777
3667,131.36836654564752,10,training_log_TD3_20260328_114546.csv,140.55094666901624
3668,159.35348318593273,21,training_log_TD3_20260328_114546.csv,139.79363098844826
3669,170.88191061834166,27,training_log_TD3_20260328_114546.csv,142.25171458582196
3670,197.52898713321505,30,training_log_TD3_20260328_114546.csv,144.31625608104488
3671,150.1626960869549,17,training_log_TD3_20260328_114546.csv,142.0069773403522
3672,178.96502498466666,25,training_log_TD3_20260328_114546.csv,141.04751268783863
3673,111.49244087663426,4,training_log_TD3_20260328_114546.csv,149.12213473167034
3674,147.36917230868067,13,training_log_TD3_20260328_114546.csv,148.03254748060698
3675,184.8774550777009,24,training_log_TD3_20260328_114546.csv,149.03791110826592
3676,165.4620894575197,21,training_log_TD3_20260328_114546.csv,149.50347964101536
3677,167.4458389013162,24,training_log_TD3_20260328_114546.csv,148.07770132473487
3678,129.71571791704406,22,training_log_TD3_20260328_114546.csv,157.0634872205871
3679,178.16573037504548,27,training_log_TD3_20260328_114546.csv,154.5285650466031
3680,172.75209577870424,23,training_log_TD3_20260328_114546.csv,154.83705486554112
3681,137.19353329123658,19,training_log_TD3_20260328_114546.csv,153.652127851265
3682,179.68861492128948,26,training_log_TD3_20260328_114546.csv,153.97541123794906
3683,168.5692670743125,27,training_log_TD3_20260328_114546.csv,153.70268944648996
3684,193.416135456345,25,training_log_TD3_20260328_114546.csv,153.36325072427073
3685,166.74833226533335,25,training_log_TD3_20260328_114546.csv,164.2006673375374
3686,173.3703755096442,19,training_log_TD3_20260328_114546.csv,163.22636338827823
3687,222.52599105040065,43,training_log_TD3_20260328_114546.csv,167.7842446135159
3688,191.21116928120276,21,training_log_TD3_20260328_114546.csv,169.37712891827942
3689,-50.0,1,training_log_TD3_20260328_114546.csv,158.33303338736235
3690,177.88627922654717,21,training_log_TD3_20260328_114546.csv,157.35089799202893
3691,185.9220493172711,23,training_log_TD3_20260328_114546.csv,159.13886565354477
3692,150.19952629804425,18,training_log_TD3_20260328_114546.csv,157.7005907192136
3693,140.107790249082,21,training_log_TD3_20260328_114546.csv,159.131358187836
3694,165.0409091656561,37,training_log_TD3_20260328_114546.csv,160.01494503068477
3695,265.4439113855186,74,training_log_TD3_20260328_114546.csv,164.04326784607568
3696,166.31587762652345,25,training_log_TD3_20260328_114546.csv,164.08595725452588
3697,172.00991290945672,20,training_log_TD3_20260328_114546.csv,164.3141609549329
3698,246.94913127336616,44,training_log_TD3_20260328_114546.csv,170.175831622749
3699,27.43641021308065,23,training_log_TD3_20260328_114546.csv,162.63936561465076
3700,197.1001648473599,29,training_log_TD3_20260328_114546.csv,163.85676906808354
3701,166.95474157268046,15,training_log_TD3_20260328_114546.csv,165.34482948215572
3702,158.66091606673652,21,training_log_TD3_20260328_114546.csv,164.2934445394281
3703,182.99923365242276,29,training_log_TD3_20260328_114546.csv,165.01494286833358
3704,155.62375350398187,19,training_log_TD3_20260328_114546.csv,163.12532377071543
3705,177.90893157615574,27,training_log_TD3_20260328_114546.csv,163.68335373625655
3706,164.15815356830555,20,training_log_TD3_20260328_114546.csv,163.22274263918962
3707,152.12077909136147,21,training_log_TD3_20260328_114546.csv,159.70248204123766
3708,93.05205898225276,200,training_log_TD3_20260328_114546.csv,154.79452652629016
3709,202.22308394496764,24,training_log_TD3_20260328_114546.csv,167.40568072353852
3710,158.85624154034605,22,training_log_TD3_20260328_114546.csv,166.4541788392285
3711,171.94219226458063,36,training_log_TD3_20260328_114546.csv,165.75518598659397
3712,139.80447814481383,14,training_log_TD3_20260328_114546.csv,165.23543357893246
3713,147.01846410476537,13,training_log_TD3_20260328_114546.csv,165.58096727171662
3714,181.03943224115432,22,training_log_TD3_20260328_114546.csv,166.38089342549154
3715,154.54237508929026,18,training_log_TD3_20260328_114546.csv,160.8358166106801
3716,222.13452127039727,35,training_log_TD3_20260328_114546.csv,163.6267487928738
3717,133.75359847113864,13,training_log_TD3_20260328_114546.csv,161.7139330709579
3718,44.17565760773456,200,training_log_TD3_20260328_114546.csv,151.5752593876763
3719,54.79148439348765,200,training_log_TD3_20260328_114546.csv,152.94301309669666
3720,170.80206509137588,24,training_log_TD3_20260328_114546.csv,151.62810810889746
3721,164.59908516404877,21,training_log_TD3_20260328_114546.csv,151.51032528846588
3722,161.6413060279398,20,training_log_TD3_20260328_114546.csv,151.65934478652605
3723,-50.0,1,training_log_TD3_20260328_114546.csv,140.0093831039049
3724,160.2415669605533,20,training_log_TD3_20260328_114546.csv,140.24027377673346
3725,197.8666511499806,27,training_log_TD3_20260328_114546.csv,141.23815975542473
3726,164.38945995184372,28,training_log_TD3_20260328_114546.csv,141.2497250746016
3727,173.86481735876146,23,training_log_TD3_20260328_114546.csv,142.33692698797162
3728,217.64638620646764,36,training_log_TD3_20260328_114546.csv,148.56664334918236
3729,112.76117679732826,23,training_log_TD3_20260328_114546.csv,144.09354799180042
3730,201.16454373273197,29,training_log_TD3_20260328_114546.csv,146.2089631014197
3731,125.63663747367482,11,training_log_TD3_20260328_114546.csv,143.8936853618744
3732,178.77109618033967,30,training_log_TD3_20260328_114546.csv,145.8420162636507
3733,172.90655207578936,19,training_log_TD3_20260328_114546.csv,147.13642066220189
3734,168.15174631540037,31,training_log_TD3_20260328_114546.csv,146.4920363659142
3735,184.4839190913874,22,training_log_TD3_20260328_114546.csv,147.98911356601906
3736,144.69919692413237,19,training_log_TD3_20260328_114546.csv,144.1173473487058
3737,164.89896000952564,18,training_log_TD3_20260328_114546.csv,145.67461542562518
3738,166.6470178186552,20,training_log_TD3_20260328_114546.csv,151.7981834361712
3739,171.93387825990857,20,training_log_TD3_20260328_114546.csv,157.65530312949224
3740,169.0337045673729,62,training_log_TD3_20260328_114546.csv,157.5668851032921
3741,184.25855086257604,31,training_log_TD3_20260328_114546.csv,158.54985838821847
3742,168.26145349437704,28,training_log_TD3_20260328_114546.csv,158.8808657615403
3743,166.50520141034173,23,training_log_TD3_20260328_114546.csv,169.70612583205738
3744,185.4832603097645,24,training_log_TD3_20260328_114546.csv,170.96821049951797
3745,196.92194320325424,26,training_log_TD3_20260328_114546.csv,170.92097510218164
3746,145.28179195723575,18,training_log_TD3_20260328_114546.csv,169.96559170245126
3747,148.66077949992,21,training_log_TD3_20260328_114546.csv,168.70538980950917
3748,199.2209741672503,43,training_log_TD3_20260328_114546.csv,167.78411920754831
3749,154.8487140340621,23,training_log_TD3_20260328_114546.csv,169.88849606938498
3750,132.34292483513778,12,training_log_TD3_20260328_114546.csv,166.44741512450528
3751,124.07358763413636,32,training_log_TD3_20260328_114546.csv,166.36926263252838
3752,-50.0,1,training_log_TD3_20260328_114546.csv,154.93070782351137
3753,213.2233585015519,56,training_log_TD3_20260328_114546.csv,156.94654814479952
3754,121.7486127064721,7,training_log_TD3_20260328_114546.csv,154.6263914643531
3755,158.19799524105088,20,training_log_TD3_20260328_114546.csv,153.31209527183626
3756,240.4788303466724,46,training_log_TD3_20260328_114546.csv,158.1010769429633
3757,188.2390277362583,27,training_log_TD3_20260328_114546.csv,159.26808032929992
3758,147.5421415060206,14,training_log_TD3_20260328_114546.csv,158.31283651366817
3759,151.21470699994956,26,training_log_TD3_20260328_114546.csv,157.2768779506702
3760,144.4303688733498,16,training_log_TD3_20260328_114546.csv,156.04671116596907
3761,200.48681499797647,32,training_log_TD3_20260328_114546.csv,156.8581243727391
3762,133.59729311289294,12,training_log_TD3_20260328_114546.csv,155.1249163536649
3763,158.41632964526153,15,training_log_TD3_20260328_114546.csv,154.72047276541088
3764,157.65543716116537,27,training_log_TD3_20260328_114546.csv,153.32908160798092
3765,116.3769223198697,5,training_log_TD3_20260328_114546.csv,149.3018305638117
3766,192.9222592598612,22,training_log_TD3_20260328_114546.csv,151.68385392894297
3767,163.6065232856662,83,training_log_TD3_20260328_114546.csv,152.43114111823027
3768,157.61278484960755,90,training_log_TD3_20260328_114546.csv,150.35073165234812
3769,131.480794387666,11,training_log_TD3_20260328_114546.csv,149.18233567002832
3770,254.81417195437143,52,training_log_TD3_20260328_114546.csv,155.30589802599002
3771,176.68466751755687,22,training_log_TD3_20260328_114546.csv,157.93645202016103
3772,120.12749914081698,9,training_log_TD3_20260328_114546.csv,166.4428269772019
3773,179.39348229221656,26,training_log_TD3_20260328_114546.csv,164.75133316673512
3774,159.06462575623024,24,training_log_TD3_20260328_114546.csv,166.61713381922303
3775,168.37829661434697,19,training_log_TD3_20260328_114546.csv,167.12614888788784
3776,143.22816825779398,25,training_log_TD3_20260328_114546.csv,162.2636157834439
3777,-50.0,1,training_log_TD3_20260328_114546.csv,150.35166439663098
3778,156.08266750563683,19,training_log_TD3_20260328_114546.csv,150.77869069661182
3779,194.32740635802827,23,training_log_TD3_20260328_114546.csv,152.93432566451574
3780,203.9700669363069,29,training_log_TD3_20260328_114546.csv,155.9113105676636
3781,151.48603013605526,26,training_log_TD3_20260328_114546.csv,153.46127132456752
3782,166.69216077869004,22,training_log_TD3_20260328_114546.csv,155.1160147078574
3783,189.89595242068305,30,training_log_TD3_20260328_114546.csv,156.68999584662848
3784,202.0978378458717,26,training_log_TD3_20260328_114546.csv,158.91211588086378
3785,147.8545306541547,13,training_log_TD3_20260328_114546.csv,160.48599629757803
3786,157.26055327059686,21,training_log_TD3_20260328_114546.csv,158.70291099811482
3787,25.677717759964825,200,training_log_TD3_20260328_114546.csv,151.80647072182975
3788,198.7371926061824,27,training_log_TD3_20260328_114546.csv,153.8626911096585
3789,225.0952978856256,41,training_log_TD3_20260328_114546.csv,158.54341628455649
3790,132.3420509582433,11,training_log_TD3_20260328_114546.csv,152.41981023475006
3791,177.54181586939865,23,training_log_TD3_20260328_114546.csv,152.46266765234216
3792,163.82179880641172,21,training_log_TD3_20260328_114546.csv,154.6473826356219
3793,152.80474545124008,15,training_log_TD3_20260328_114546.csv,153.31794579357307
3794,218.88321194325036,40,training_log_TD3_20260328_114546.csv,156.30887510292408
3795,184.09141440104156,24,training_log_TD3_20260328_114546.csv,157.09453099225883
3796,180.6028533363992,29,training_log_TD3_20260328_114546.csv,158.96326524618908
3797,132.89235477161924,20,training_log_TD3_20260328_114546.csv,168.10788298477001
3798,197.8853909409009,31,training_log_TD3_20260328_114546.csv,170.19801915653323
3799,166.39806835023865,19,training_log_TD3_20260328_114546.csv,168.80155225614374
3800,198.55987540112164,22,training_log_TD3_20260328_114546.csv,168.53104267938448
3801,234.33093818285525,45,training_log_TD3_20260328_114546.csv,172.67328808172448
3802,167.63997895447886,28,training_log_TD3_20260328_114546.csv,172.72067899051393
3803,240.22278119248588,42,training_log_TD3_20260328_114546.csv,175.23702042910406
3804,126.8386564407129,9,training_log_TD3_20260328_114546.csv,171.47406135884611
3805,-41.568085061654806,200,training_log_TD3_20260328_114546.csv,162.00293057305566
3806,159.22172753612568,20,training_log_TD3_20260328_114546.csv,162.1009892863321
3807,142.33916904092968,12,training_log_TD3_20260328_114546.csv,167.93406185038035
3808,195.3278296208518,26,training_log_TD3_20260328_114546.csv,167.76359370111382
3809,182.5996151750303,22,training_log_TD3_20260328_114546.csv,165.63880956558404
3810,251.53242007987055,50,training_log_TD3_20260328_114546.csv,171.5983280216654
3811,203.98482010515733,27,training_log_TD3_20260328_114546.csv,172.92047823345337
3812,110.8556415747401,6,training_log_TD3_20260328_114546.csv,170.27217037186975
3813,162.7361535123677,20,training_log_TD3_20260328_114546.csv,170.76874077492613
3814,221.5830604853128,33,training_log_TD3_20260328_114546.csv,170.90373320202926
3815,163.65159071575653,23,training_log_TD3_20260328_114546.csv,169.88174201776502
3816,168.44492218376536,30,training_log_TD3_20260328_114546.csv,169.27384546013332
3817,183.4028825563888,22,training_log_TD3_20260328_114546.csv,171.7993718493718
3818,-4.797966020724644,200,training_log_TD3_20260328_114546.csv,161.66520400129053
3819,168.22835989161672,21,training_log_TD3_20260328_114546.csv,161.75671857835943
3820,170.02524543850868,21,training_log_TD3_20260328_114546.csv,160.3299870802288
3821,144.151873164631,15,training_log_TD3_20260328_114546.csv,155.82103382931757
3822,162.0537942398845,15,training_log_TD3_20260328_114546.csv,155.54172459358784
3823,-50.0,1,training_log_TD3_20260328_114546.csv,141.03058553396355
3824,198.45553094073415,28,training_log_TD3_20260328_114546.csv,144.61142925896462
3825,158.29559369400965,25,training_log_TD3_20260328_114546.csv,154.60461319674783
3826,169.7855048614212,22,training_log_TD3_20260328_114546.csv,155.1328020630126
3827,186.55245221084908,33,training_log_TD3_20260328_114546.csv,157.34346622150858
3828,121.51336063771664,11,training_log_TD3_20260328_114546.csv,153.65274277235181
3829,157.73436692055245,20,training_log_TD3_20260328_114546.csv,152.40948035962793
3830,185.22003183152333,22,training_log_TD3_20260328_114546.csv,149.09386094721057
3831,121.40263757208886,8,training_log_TD3_20260328_114546.csv,144.96475182055713
3832,192.80691430301252,25,training_log_TD3_20260328_114546.csv,149.0623154569708
3833,185.3035165844052,52,training_log_TD3_20260328_114546.csv,150.19068361057265
3834,48.10492546380711,200,training_log_TD3_20260328_114546.csv,141.51677685949738
3835,185.2066373044017,25,training_log_TD3_20260328_114546.csv,142.5945291889296
3836,124.98893757963964,13,training_log_TD3_20260328_114546.csv,140.42172995872335
3837,130.49226058755747,18,training_log_TD3_20260328_114546.csv,137.77619886028177
3838,204.3834466155571,36,training_log_TD3_20260328_114546.csv,148.23526949209585
3839,-29.276733895991036,50,training_log_TD3_20260328_114546.csv,138.36001480271545
3840,205.44702501463212,27,training_log_TD3_20260328_114546.csv,140.13110378152163
3841,165.29124377083346,22,training_log_TD3_20260328_114546.csv,141.18807231183175
3842,167.8103757447877,20,training_log_TD3_20260328_114546.csv,141.47590138707693
3843,194.54148292515544,25,training_log_TD3_20260328_114546.csv,153.70297553333472
3844,139.41812303232226,13,training_log_TD3_20260328_114546.csv,150.7511051379141
3845,183.7000549041712,27,training_log_TD3_20260328_114546.csv,152.02132819842217
3846,180.15707548327737,33,training_log_TD3_20260328_114546.csv,152.539906729515
3847,-13.139920475683947,200,training_log_TD3_20260328_114546.csv,142.55528809518833
3848,170.27481900380604,17,training_log_TD3_20260328_114546.csv,144.9933610134928
3849,-50.0,1,training_log_TD3_20260328_114546.csv,134.60664266746517
3850,194.3687478801591,27,training_log_TD3_20260328_114546.csv,135.06407846989697
3851,149.2863045907759,17,training_log_TD3_20260328_114546.csv,136.45826182083132
3852,100.0,1,training_log_TD3_20260328_114546.csv,131.8179161056807
3853,165.80755679388227,24,training_log_TD3_20260328_114546.csv,130.84311811615456
3854,203.7278511225277,29,training_log_TD3_20260328_114546.csv,138.62426439909058
3855,202.7693886913953,24,training_log_TD3_20260328_114546.csv,139.50240196844024
3856,172.30796532185175,23,training_log_TD3_20260328_114546.csv,141.86835335555088
3857,170.1800085727768,22,training_log_TD3_20260328_114546.csv,143.85274075481183
3858,157.0435062852948,24,training_log_TD3_20260328_114546.csv,141.4857437382987
3859,147.63683208424737,15,training_log_TD3_20260328_114546.csv,150.33142203731063
3860,185.4046381037959,22,training_log_TD3_20260328_114546.csv,149.32930269176882
3861,-50.0,1,training_log_TD3_20260328_114546.csv,138.56474050322714
3862,-50.0,1,training_log_TD3_20260328_114546.csv,127.67422171598778
3863,194.6842613937337,22,training_log_TD3_20260328_114546.csv,127.68136063941668
3864,224.45757716330036,36,training_log_TD3_20260328_114546.csv,131.9333333459656
3865,143.86770022513429,11,training_log_TD3_20260328_114546.csv,129.94171561201375
3866,151.31998299239274,20,training_log_TD3_20260328_114546.csv,128.4998609874695
3867,131.92882991763454,16,training_log_TD3_20260328_114546.csv,135.7532985071354
3868,149.26052226006038,13,training_log_TD3_20260328_114546.csv,134.70258366994815
3869,171.1968206622543,33,training_log_TD3_20260328_114546.csv,145.76242470306084
3870,167.69226681832566,25,training_log_TD3_20260328_114546.csv,144.42860064996918
3871,189.54305668960865,35,training_log_TD3_20260328_114546.csv,146.44143825491082
3872,210.42130961012208,36,training_log_TD3_20260328_114546.csv,151.96250373541693
3873,123.73612822023024,13,training_log_TD3_20260328_114546.csv,149.85893230673432
3874,179.03894166631432,26,training_log_TD3_20260328_114546.csv,148.62448683392364
3875,141.0696749146585,13,training_log_TD3_20260328_114546.csv,145.53950114508683
3876,166.783224853089,22,training_log_TD3_20260328_114546.csv,145.26326412164866
3877,192.7072073124841,27,training_log_TD3_20260328_114546.csv,146.38962405863404
3878,170.0668742479449,23,training_log_TD3_20260328_114546.csv,147.04079245676652
3879,151.2120517078259,18,training_log_TD3_20260328_114546.csv,147.21955343794548
3880,193.3896540477328,23,training_log_TD3_20260328_114546.csv,147.6188042351423
3881,192.16787723258423,28,training_log_TD3_20260328_114546.csv,159.72719809677153
3882,127.51969695167898,30,training_log_TD3_20260328_114546.csv,168.60318294435547
3883,162.44134960179684,19,training_log_TD3_20260328_114546.csv,166.99103735475862
3884,-50.0,1,training_log_TD3_20260328_114546.csv,153.2681584965936
3885,163.5419007372179,29,training_log_TD3_20260328_114546.csv,154.25186852219778
3886,152.6897025355397,19,training_log_TD3_20260328_114546.csv,154.32035449935515
3887,154.40802461039667,16,training_log_TD3_20260328_114546.csv,155.44431423399325
3888,169.912569765091,23,training_log_TD3_20260328_114546.csv,156.4769166092448
3889,193.0061279911041,26,training_log_TD3_20260328_114546.csv,157.56738197568728
3890,166.3833425020132,18,training_log_TD3_20260328_114546.csv,157.50193575987166
3891,173.00440250016982,30,training_log_TD3_20260328_114546.csv,156.6750030503997
3892,166.68109400364074,21,training_log_TD3_20260328_114546.csv,154.48799227007564
3893,155.0473497848959,20,training_log_TD3_20260328_114546.csv,156.05355334830892
3894,191.42053927289584,24,training_log_TD3_20260328_114546.csv,156.672633228638
3895,137.07260493796645,66,training_log_TD3_20260328_114546.csv,156.47277972980342
3896,200.0618423366638,26,training_log_TD3_20260328_114546.csv,158.13671060398215
3897,123.87893606685132,14,training_log_TD3_20260328_114546.csv,154.69529704170048
3898,177.90354755940643,22,training_log_TD3_20260328_114546.csv,155.0871307072736
3899,165.98278682470414,38,training_log_TD3_20260328_114546.csv,155.8256674631175
3900,179.20996141392231,21,training_log_TD3_20260328_114546.csv,155.116682831427
3901,159.3383431295466,28,training_log_TD3_20260328_114546.csv,153.47520612627508
3902,146.29363972118404,20,training_log_TD3_20260328_114546.csv,154.41390326475033
3903,154.0578427334864,20,training_log_TD3_20260328_114546.csv,153.99472792133483
3904,172.11268346912223,28,training_log_TD3_20260328_114546.csv,165.10036209479094
3905,200.91638489449747,26,training_log_TD3_20260328_114546.csv,166.96908630265492
3906,204.56503356399065,31,training_log_TD3_20260328_114546.csv,169.56285285407745
3907,222.98818485485836,36,training_log_TD3_20260328_114546.csv,172.99186086630056
3908,93.7458310354203,200,training_log_TD3_20260328_114546.csv,169.183523929817
3909,171.80929910840908,23,training_log_TD3_20260328_114546.csv,168.12368248568225
3910,170.24953486979737,24,training_log_TD3_20260328_114546.csv,168.31699210407146
3911,146.7225571382763,18,training_log_TD3_20260328_114546.csv,167.0028998359768
3912,184.559650538147,23,training_log_TD3_20260328_114546.csv,167.8968276627021
3913,257.65755236363856,49,training_log_TD3_20260328_114546.csv,173.02733779163924
3914,134.41367983516483,14,training_log_TD3_20260328_114546.csv,170.17699481975268
3915,185.65584110754872,23,training_log_TD3_20260328_114546.csv,172.60615662823182
3916,175.29947682228496,58,training_log_TD3_20260328_114546.csv,171.36803835251285
3917,199.9996346040816,26,training_log_TD3_20260328_114546.csv,175.17407327937437
3918,146.47492198314038,14,training_log_TD3_20260328_114546.csv,173.60264200056108
3919,177.695784513925,27,training_log_TD3_20260328_114546.csv,174.18829188502212
3920,141.5305586200157,19,training_log_TD3_20260328_114546.csv,172.30432174532677
3921,188.0687929893276,23,training_log_TD3_20260328_114546.csv,173.74084423831582
3922,259.16655573535843,52,training_log_TD3_20260328_114546.csv,179.38449003902457
3923,120.23694322335125,6,training_log_TD3_20260328_114546.csv,177.6934450635178
3924,153.88744565227128,18,training_log_TD3_20260328_114546.csv,176.78218317267525
3925,198.6770420532524,29,training_log_TD3_20260328_114546.csv,176.67021603061298
3926,86.43612253125946,200,training_log_TD3_20260328_114546.csv,170.76377047897643
3927,142.52558362171953,15,training_log_TD3_20260328_114546.csv,166.7406404173195
3928,223.4917088268965,43,training_log_TD3_20260328_114546.csv,173.22793430689327
3929,180.29065600168872,22,training_log_TD3_20260328_114546.csv,173.65200215155727
3930,175.9375025570908,20,training_log_TD3_20260328_114546.csv,173.93640053592196
3931,190.92995244966613,26,training_log_TD3_20260328_114546.csv,176.14677030149144
3932,175.1259652664993,25,training_log_TD3_20260328_114546.csv,175.67508603790907
3933,136.87469344784222,21,training_log_TD3_20260328_114546.csv,169.63594309211925
3934,206.72152579125932,30,training_log_TD3_20260328_114546.csv,173.25133538992398
3935,100.0,1,training_log_TD3_20260328_114546.csv,168.96854333454652
3936,169.8131886629676,21,training_log_TD3_20260328_114546.csv,168.69422892658068
3937,197.48103476663715,35,training_log_TD3_20260328_114546.csv,168.56829893470845
3938,156.74794055115598,30,training_log_TD3_20260328_114546.csv,169.0819498631092
3939,185.8654764713214,24,training_log_TD3_20260328_114546.csv,169.49043446097903
3940,144.49081613821494,16,training_log_TD3_20260328_114546.csv,169.638447336889
3941,165.71770370176674,24,training_log_TD3_20260328_114546.csv,168.52089287251096
3942,175.74962537437634,19,training_log_TD3_20260328_114546.csv,164.35004635446185
3943,169.50288271773823,20,training_log_TD3_20260328_114546.csv,166.8133433291812
3944,170.9278263836193,30,training_log_TD3_20260328_114546.csv,167.6653623657486
3945,151.14591722888636,22,training_log_TD3_20260328_114546.csv,165.2888061245303
3946,162.1172533824126,22,training_log_TD3_20260328_114546.csv,169.07286266708795
3947,150.94232906066657,21,training_log_TD3_20260328_114546.csv,169.4936999390353
3948,194.69612258774885,41,training_log_TD3_20260328_114546.csv,168.05392062707793
3949,189.75388526138508,27,training_log_TD3_20260328_114546.csv,168.52708209006272
3950,225.6499966988402,37,training_log_TD3_20260328_114546.csv,171.0127067971502
3951,134.14260013231743,13,training_log_TD3_20260328_114546.csv,168.17333918128278
3952,183.2381887430736,23,training_log_TD3_20260328_114546.csv,168.5789503551115
3953,149.6933991741247,20,training_log_TD3_20260328_114546.csv,169.2198856414256
3954,134.0405595735673,13,training_log_TD3_20260328_114546.csv,165.585837330541
3955,164.76002129881925,33,training_log_TD3_20260328_114546.csv,168.82383839548197
3956,183.61381266314663,34,training_log_TD3_20260328_114546.csv,169.51386959549092
3957,187.91975429634016,23,training_log_TD3_20260328_114546.csv,169.03580557197608
3958,139.510155227536,64,training_log_TD3_20260328_114546.csv,168.1739163057951
3959,126.10497579642188,15,training_log_TD3_20260328_114546.csv,165.1858912720501
3960,172.86731681198052,23,training_log_TD3_20260328_114546.csv,166.60471630573838
3961,198.80130919185183,31,training_log_TD3_20260328_114546.csv,168.25889658024263
3962,261.4303896853871,49,training_log_TD3_20260328_114546.csv,172.5429347957932
3963,155.52394541340294,20,training_log_TD3_20260328_114546.csv,171.8439879305764
3964,180.37813937404724,24,training_log_TD3_20260328_114546.csv,172.31650358009782
3965,191.6156957572056,28,training_log_TD3_20260328_114546.csv,174.33999250651377
3966,158.40345885930526,23,training_log_TD3_20260328_114546.csv,174.15430278035842
3967,160.11113481531768,20,training_log_TD3_20260328_114546.csv,174.61274306809096
3968,138.79967062559746,15,training_log_TD3_20260328_114546.csv,171.8179204699834
3969,-50.0,1,training_log_TD3_20260328_114546.csv,159.83022620691412
3970,180.12129446905027,21,training_log_TD3_20260328_114546.csv,157.55379109542463
3971,172.16300577040852,26,training_log_TD3_20260328_114546.csv,159.45481137732918
3972,154.94481930104172,18,training_log_TD3_20260328_114546.csv,158.04014290522758
3973,192.3769654123076,30,training_log_TD3_20260328_114546.csv,160.17432121713676
3974,220.1191222422665,41,training_log_TD3_20260328_114546.csv,164.4782493505717
3975,169.50941064119704,24,training_log_TD3_20260328_114546.csv,164.7157188176906
3976,201.7404358757872,28,training_log_TD3_20260328_114546.csv,165.62204997832262
3977,168.9122356555074,17,training_log_TD3_20260328_114546.csv,164.671674046281
3978,195.7492203859554,22,training_log_TD3_20260328_114546.csv,167.48362730420195
3979,181.92822030423184,24,training_log_TD3_20260328_114546.csv,170.27478952959245
3980,158.1688972127858,21,training_log_TD3_20260328_114546.csv,169.53986854963273
3981,183.18225097835628,23,training_log_TD3_20260328_114546.csv,168.75891563895794
3982,121.62652517395362,104,training_log_TD3_20260328_114546.csv,161.76872241338626
3983,117.41580332471108,9,training_log_TD3_20260328_114546.csv,159.86331530895166
3984,161.87552234343536,24,training_log_TD3_20260328_114546.csv,158.93818445742107
3985,135.33630081443445,22,training_log_TD3_20260328_114546.csv,156.12421471028253
3986,193.05087332715053,24,training_log_TD3_20260328_114546.csv,157.85658543367478
3987,161.78013167132752,18,training_log_TD3_20260328_114546.csv,157.94003527647527
3988,154.82181980843123,14,training_log_TD3_20260328_114546.csv,158.74114273561696
3989,163.73741139332168,24,training_log_TD3_20260328_114546.csv,169.42801330528306
3990,168.94346920042355,19,training_log_TD3_20260328_114546.csv,168.8691220418517
3991,174.65421537082148,24,training_log_TD3_20260328_114546.csv,168.99368252187236
3992,156.9604162900311,20,training_log_TD3_20260328_114546.csv,169.09446237132184
3993,156.68555168124277,21,training_log_TD3_20260328_114546.csv,167.3098916847686
3994,149.36242209361993,17,training_log_TD3_20260328_114546.csv,163.77205667733625
3995,175.95445059906703,24,training_log_TD3_20260328_114546.csv,164.09430867522977
3996,153.45986371787086,21,training_log_TD3_20260328_114546.csv,161.68028006733397
3997,16.25752252646103,200,training_log_TD3_20260328_114546.csv,154.0475444108816
3998,157.9177880748451,20,training_log_TD3_20260328_114546.csv,152.15597279532614
3999,254.9325906743628,55,training_log_TD3_20260328_114546.csv,155.80619131383264
4000,183.2272260469653,29,training_log_TD3_20260328_114546.csv,157.05910775554162
4001,159.10318677248625,25,training_log_TD3_20260328_114546.csv,155.85515454524813
4002,188.50273712513572,33,training_log_TD3_20260328_114546.csv,159.19896514280725
4003,155.44704272258642,19,training_log_TD3_20260328_114546.csv,161.10052711270103
4004,170.73521948262197,19,training_log_TD3_20260328_114546.csv,161.54351196966033
4005,125.99193651500168,13,training_log_TD3_20260328_114546.csv,161.0762937546887
4006,161.27917436521085,29,training_log_TD3_20260328_114546.csv,159.4877088065917
4007,185.9301209917855,31,training_log_TD3_20260328_114546.csv,160.6952082726146
4008,128.04474063489337,17,training_log_TD3_20260328_114546.csv,159.35635431393774
4009,143.84803582560477,19,training_log_TD3_20260328_114546.csv,158.36188553555186
4010,156.3054846745963,16,training_log_TD3_20260328_114546.csv,157.7299863092605
4011,153.89515486553734,18,training_log_TD3_20260328_114546.csv,156.6920332839963
4012,183.99306547334484,29,training_log_TD3_20260328_114546.csv,158.04366574316197
4013,190.9320304615098,25,training_log_TD3_20260328_114546.csv,159.75598968217534
4014,139.89296951148924,29,training_log_TD3_20260328_114546.csv,159.28251705306883
4015,100.0,1,training_log_TD3_20260328_114546.csv,155.48479452311545
4016,161.21188823902878,21,training_log_TD3_20260328_114546.csv,155.87239574917334
4017,147.04919518563025,17,training_log_TD3_20260328_114546.csv,162.41197938213182
4018,179.89032509341845,26,training_log_TD3_20260328_114546.csv,163.51060623306049
4019,190.85970879882137,24,training_log_TD3_20260328_114546.csv,160.30696213928343
4020,150.6948459359527,17,training_log_TD3_20260328_114546.csv,158.6803431337328
4021,166.7338185233558,24,training_log_TD3_20260328_114546.csv,159.06187472127627
4022,172.79405744006692,17,training_log_TD3_20260328_114546.csv,158.27644073702282
4023,174.6667448071895,24,training_log_TD3_20260328_114546.csv,159.23742584125296
4024,210.45757344671264,43,training_log_TD3_20260328_114546.csv,161.22354353945752
4025,125.94287677759831,16,training_log_TD3_20260328_114546.csv,161.22109055258733
4026,155.56816826410733,39,training_log_TD3_20260328_114546.csv,160.93554024753217
4027,153.1292553069557,24,training_log_TD3_20260328_114546.csv,159.29549696329067
4028,119.9531333527054,24,training_log_TD3_20260328_114546.csv,158.89091659918125
4029,190.08506563969533,26,training_log_TD3_20260328_114546.csv,161.2027680898858
4030,137.01433303251662,51,training_log_TD3_20260328_114546.csv,160.23821050778182
4031,165.08972552739425,19,training_log_TD3_20260328_114546.csv,160.79793904087467
4032,132.9303660312109,15,training_log_TD3_20260328_114546.csv,158.24480406876796
4033,157.45455288052435,20,training_log_TD3_20260328_114546.csv,156.5709301897187
4034,129.8871314025433,13,training_log_TD3_20260328_114546.csv,156.0706382842714
4035,197.1076272375953,32,training_log_TD3_20260328_114546.csv,160.92601964615116
4036,164.68719370944876,23,training_log_TD3_20260328_114546.csv,161.09978491967217
4037,154.5924061437579,18,training_log_TD3_20260328_114546.csv,161.47694546757856
4038,160.67053185541158,22,training_log_TD3_20260328_114546.csv,160.51595580567817
4039,149.57129090061846,15,training_log_TD3_20260328_114546.csv,158.45153491076806
4040,178.47976508421914,21,training_log_TD3_20260328_114546.csv,159.84078086818135
4041,166.02333834098854,19,training_log_TD3_20260328_114546.csv,159.805256859063
4042,132.65399789930936,57,training_log_TD3_20260328_114546.csv,157.79825388202514
4043,137.6228838126861,20,training_log_TD3_20260328_114546.csv,155.94606083229996
4044,283.258910510993,57,training_log_TD3_20260328_114546.csv,159.586127685514
4045,182.52732397908383,25,training_log_TD3_20260328_114546.csv,162.41535004558824
4046,182.690840398784,19,training_log_TD3_20260328_114546.csv,163.77148365232208
4047,198.7369891945787,129,training_log_TD3_20260328_114546.csv,166.05187034670323
4048,270.748930085596,54,training_log_TD3_20260328_114546.csv,173.59166018334776
4049,147.9811497651413,15,training_log_TD3_20260328_114546.csv,171.48646438962007
4050,151.6765063176644,25,training_log_TD3_20260328_114546.csv,172.21957305387747
4051,-6.972345490711447,200,training_log_TD3_20260328_114546.csv,163.61646950297217
4052,161.0215726581523,15,training_log_TD3_20260328_114546.csv,165.02102983431925
4053,223.22323649482595,42,training_log_TD3_20260328_114546.csv,168.3094640150343
4054,161.3602908524382,24,training_log_TD3_20260328_114546.csv,169.88312198752905
4055,205.87405995875272,31,training_log_TD3_20260328_114546.csv,170.32144362358693
4056,194.0526049488147,27,training_log_TD3_20260328_114546.csv,171.78971418555523
4057,133.15790521700885,105,training_log_TD3_20260328_114546.csv,170.71798913921776
4058,164.7189007117497,21,training_log_TD3_20260328_114546.csv,170.92040758203467
4059,151.37418859074887,16,training_log_TD3_20260328_114546.csv,171.0105524665412
4060,213.02558194767687,39,training_log_TD3_20260328_114546.csv,172.73784330971412
4061,190.69263201724985,28,training_log_TD3_20260328_114546.csv,173.97130799352718
4062,202.1637644013068,30,training_log_TD3_20260328_114546.csv,177.44679631862704
4063,161.47709205685402,18,training_log_TD3_20260328_114546.csv,178.63950673083542
4064,158.76745361563707,26,training_log_TD3_20260328_114546.csv,172.41493388606764
4065,164.19143636416928,24,training_log_TD3_20260328_114546.csv,171.49813950532192
4066,150.13076627136664,16,training_log_TD3_20260328_114546.csv,169.87013579895103
4067,148.47280701945422,26,training_log_TD3_20260328_114546.csv,167.35692669019483
4068,163.2599658170264,29,training_log_TD3_20260328_114546.csv,161.98247847676635
4069,146.01372173773717,15,training_log_TD3_20260328_114546.csv,161.88410707539612
4070,246.2484571204657,42,training_log_TD3_20260328_114546.csv,166.6127046155362
4071,108.65978421983658,15,training_log_TD3_20260328_114546.csv,172.39431110106358
4072,61.05514844385768,200,training_log_TD3_20260328_114546.csv,167.39598989034886
4073,160.66038984323674,25,training_log_TD3_20260328_114546.csv,164.26784755776941
4074,200.9082484616757,38,training_log_TD3_20260328_114546.csv,166.24524543823128
4075,191.62374406586588,32,training_log_TD3_20260328_114546.csv,165.53272964358695
4076,169.77014741445836,19,training_log_TD3_20260328_114546.csv,164.31860676686912
4077,195.03608070548083,25,training_log_TD3_20260328_114546.csv,167.41251554129275
4078,23.694615618648783,200,training_log_TD3_20260328_114546.csv,160.36130128663768
4079,191.86347101805063,30,training_log_TD3_20260328_114546.csv,162.38576540800275
4080,175.71644949524324,22,training_log_TD3_20260328_114546.csv,160.52030878538108
4081,187.6916758693926,25,training_log_TD3_20260328_114546.csv,160.3702609779882
4082,199.612093438981,25,training_log_TD3_20260328_114546.csv,160.24267742987192
4083,170.562043799126,23,training_log_TD3_20260328_114546.csv,160.69692501698552
4084,160.34384909743412,14,training_log_TD3_20260328_114546.csv,160.77574479107537
4085,165.72617795677542,21,training_log_TD3_20260328_114546.csv,160.8524818707057
4086,151.6956942154852,19,training_log_TD3_20260328_114546.csv,160.93072826791163
4087,183.0432036476153,21,training_log_TD3_20260328_114546.csv,162.65924809931965
4088,164.96467636356437,17,training_log_TD3_20260328_114546.csv,162.74448362664657
4089,220.7659993383151,35,training_log_TD3_20260328_114546.csv,166.48209750667544
4090,246.1540943197827,49,training_log_TD3_20260328_114546.csv,166.47737936664132
4091,149.67115147464233,21,training_log_TD3_20260328_114546.csv,168.5279477293816
4092,201.13817447946923,31,training_log_TD3_20260328_114546.csv,175.53209903116218
4093,100.0,1,training_log_TD3_20260328_114546.csv,172.49907953900032
4094,145.74392118830303,18,training_log_TD3_20260328_114546.csv,169.7408631753317
4095,150.4006221507257,15,training_log_TD3_20260328_114546.csv,167.6797070795747
4096,139.07175656059755,123,training_log_TD3_20260328_114546.csv,166.14478753688167
4097,145.58073450346942,23,training_log_TD3_20260328_114546.csv,163.67202022678106
4098,171.12201716581518,22,training_log_TD3_20260328_114546.csv,171.0433903041394
4099,176.94221124050483,30,training_log_TD3_20260328_114546.csv,170.29732731526212
4100,155.70405143802333,21,training_log_TD3_20260328_114546.csv,169.2967074124011
4101,161.0871801505384,18,training_log_TD3_20260328_114546.csv,167.96648262645843
4102,167.3479642572741,22,training_log_TD3_20260328_114546.csv,166.35327616737305
4103,203.26019583241967,28,training_log_TD3_20260328_114546.csv,167.98818376903776
4104,181.94437062865396,25,training_log_TD3_20260328_114546.csv,169.06820984559874
4105,188.4096897889974,24,training_log_TD3_20260328_114546.csv,170.20238543720984
4106,183.75379321746777,23,training_log_TD3_20260328_114546.csv,171.80529038730896
4107,181.7432033692908,23,training_log_TD3_20260328_114546.csv,171.74029037339275
4108,190.28852910483863,23,training_log_TD3_20260328_114546.csv,173.00648301045644
4109,211.7371776176801,34,training_log_TD3_20260328_114546.csv,172.5550419244247
4110,201.8839353654102,25,training_log_TD3_20260328_114546.csv,170.34153397670607
4111,-50.0,1,training_log_TD3_20260328_114546.csv,160.35797640297397
4112,127.9528227184718,11,training_log_TD3_20260328_114546.csv,156.6987088149241
4113,157.59099864110738,19,training_log_TD3_20260328_114546.csv,159.57825874697946
4114,164.0857636231197,22,training_log_TD3_20260328_114546.csv,160.4953508687203
4115,218.6561047052596,42,training_log_TD3_20260328_114546.csv,163.908124996447
4116,185.34584748017969,26,training_log_TD3_20260328_114546.csv,166.22182954242606
4117,166.1773844845758,22,training_log_TD3_20260328_114546.csv,167.25166204148144
4118,186.52249126986985,27,training_log_TD3_20260328_114546.csv,168.02168574668417
4119,209.5908746380008,27,training_log_TD3_20260328_114546.csv,169.65411891655896
4120,179.6744174060627,22,training_log_TD3_20260328_114546.csv,170.8526372149609
4121,157.90285815342867,25,training_log_TD3_20260328_114546.csv,170.69342111510542
4122,142.51655630312263,16,training_log_TD3_20260328_114546.csv,169.45185071739786
4123,203.65756924974107,25,training_log_TD3_20260328_114546.csv,169.47171938826392
4124,-50.0,1,training_log_TD3_20260328_114546.csv,157.87450085683125
4125,164.48702876590968,28,training_log_TD3_20260328_114546.csv,156.67836780567683
4126,103.60821244549852,95,training_log_TD3_20260328_114546.csv,152.67108876707837
4127,163.54961502725712,17,training_log_TD3_20260328_114546.csv,151.76140934997667
4128,163.2854767051794,22,training_log_TD3_20260328_114546.csv,150.41125672999374
4129,148.9703219380627,19,training_log_TD3_20260328_114546.csv,147.27291394601286
4130,177.29003469971647,26,training_log_TD3_20260328_114546.csv,146.04321891272818
4131,160.3463191988386,20,training_log_TD3_20260328_114546.csv,156.5605348726701
4132,147.56193552124915,20,training_log_TD3_20260328_114546.csv,157.54099051280897
4133,-50.0,1,training_log_TD3_20260328_114546.csv,147.1614405807536
4134,193.6993793760006,24,training_log_TD3_20260328_114546.csv,148.64212136839768
4135,191.94544606599567,25,training_log_TD3_20260328_114546.csv,147.30658843643445
4136,215.2696693568731,38,training_log_TD3_20260328_114546.csv,148.8027795302691
4137,120.34119168495238,6,training_log_TD3_20260328_114546.csv,146.51096989028795
4138,163.33182919613307,22,training_log_TD3_20260328_114546.csv,145.3514367866011
4139,152.14391892398984,17,training_log_TD3_20260328_114546.csv,142.4790890009006
4140,205.27940397724825,30,training_log_TD3_20260328_114546.csv,143.75933832945984
4141,155.15842569316064,17,training_log_TD3_20260328_114546.csv,143.62211670644643
4142,164.59461143555166,18,training_log_TD3_20260328_114546.csv,144.7260194630679
4143,175.8461713837903,21,training_log_TD3_20260328_114546.csv,143.33544956977033
4144,184.52519327807104,30,training_log_TD3_20260328_114546.csv,155.0617092336739
4145,198.31732557404732,31,training_log_TD3_20260328_114546.csv,156.75322407408078
4146,181.54285490997023,30,training_log_TD3_20260328_114546.csv,160.6499561973044
4147,212.01584187739297,29,training_log_TD3_20260328_114546.csv,163.07326753981118
4148,182.9388012801288,26,training_log_TD3_20260328_114546.csv,164.05593376855865
4149,191.5180906258792,24,training_log_TD3_20260328_114546.csv,166.18332220294946
4150,119.6523684898074,7,training_log_TD3_20260328_114546.csv,163.301438892454
4151,185.75437154235436,23,training_log_TD3_20260328_114546.csv,164.5718415096298
4152,210.10395233327057,25,training_log_TD3_20260328_114546.csv,167.69894235023088
4153,158.29794254159876,20,training_log_TD3_20260328_114546.csv,178.11383947731082
4154,130.38220260975885,17,training_log_TD3_20260328_114546.csv,174.9479806389987
4155,231.7565398510897,35,training_log_TD3_20260328_114546.csv,176.9385353282534
4156,181.3380877960796,30,training_log_TD3_20260328_114546.csv,175.24195625021375
4157,137.20312654215914,18,training_log_TD3_20260328_114546.csv,176.0850529930741
4158,209.35804676513231,40,training_log_TD3_20260328_114546.csv,178.38636387152405
4159,-50.0,1,training_log_TD3_20260328_114546.csv,168.27916792532454
4160,211.74654414590367,31,training_log_TD3_20260328_114546.csv,168.60252493375734
4161,214.04848047525385,37,training_log_TD3_20260328_114546.csv,171.547027672862
4162,198.404727940859,28,training_log_TD3_20260328_114546.csv,173.23753349812733
4163,167.25815203149443,22,training_log_TD3_20260328_114546.csv,172.80813253051255
4164,170.07382646464117,17,training_log_TD3_20260328_114546.csv,172.08556418984108
4165,171.30212148163002,19,training_log_TD3_20260328_114546.csv,170.73480398522022
4166,262.1405578487696,52,training_log_TD3_20260328_114546.csv,174.76468913216019
4167,214.0120436774756,27,training_log_TD3_20260328_114546.csv,174.8644992221643
4168,167.71835704395926,22,training_log_TD3_20260328_114546.csv,174.10347701035585
4169,171.3279767819829,24,training_log_TD3_20260328_114546.csv,173.093971318161
4170,122.58852891349244,8,training_log_TD3_20260328_114546.csv,173.24077933934527
4171,245.1769004381055,48,training_log_TD3_20260328_114546.csv,176.21190578413282
4172,179.92930484864678,22,training_log_TD3_20260328_114546.csv,174.70317340990164
4173,-50.0,1,training_log_TD3_20260328_114546.csv,164.2882762828217
4174,138.98315940085058,23,training_log_TD3_20260328_114546.csv,164.7183241223763
4175,210.85269521750809,36,training_log_TD3_20260328_114546.csv,163.67313189069722
4176,214.91850924990263,40,training_log_TD3_20260328_114546.csv,165.35215296338833
4177,171.77509426024855,24,training_log_TD3_20260328_114546.csv,167.08075134929283
4178,180.7484991559828,27,training_log_TD3_20260328_114546.csv,165.65027396883534
4179,174.91303466351687,19,training_log_TD3_20260328_114546.csv,176.8959257020112
4180,-50.0,1,training_log_TD3_20260328_114546.csv,163.80859849471602
4181,172.2661455668822,22,training_log_TD3_20260328_114546.csv,161.71948174929744
4182,246.89681039842523,45,training_log_TD3_20260328_114546.csv,164.14408587217574
4183,-50.0,1,training_log_TD3_20260328_114546.csv,153.28117827060103
4184,184.9011404930259,22,training_log_TD3_20260328_114546.csv,154.02254397202026
4185,143.62332164065035,24,training_log_TD3_20260328_114546.csv,152.63860397997126
4186,187.5823746364752,31,training_log_TD3_20260328_114546.csv,148.91069481935654
4187,122.57004411928348,6,training_log_TD3_20260328_114546.csv,144.33859484144693
4188,190.8073738893696,28,training_log_TD3_20260328_114546.csv,145.49304568371744
4189,172.7406359661927,35,training_log_TD3_20260328_114546.csv,145.56367864292795
4190,179.33359064197282,21,training_log_TD3_20260328_114546.csv,148.40093172935195
4191,170.67223142512083,22,training_log_TD3_20260328_114546.csv,144.67569827870273
4192,150.49391395924226,17,training_log_TD3_20260328_114546.csv,143.2039287342325
4193,59.19224613740253,200,training_log_TD3_20260328_114546.csv,148.66354104110263
4194,225.96290782991616,35,training_log_TD3_20260328_114546.csv,153.0125284625559
4195,125.38659724969736,11,training_log_TD3_20260328_114546.csv,148.73922356416537
4196,167.91856654423458,18,training_log_TD3_20260328_114546.csv,146.38922642888198
4197,194.48430898447637,27,training_log_TD3_20260328_114546.csv,147.52468716509335
4198,259.1633122670261,55,training_log_TD3_20260328_114546.csv,151.44542782064553
4199,182.15530845858365,21,training_log_TD3_20260328_114546.csv,151.80754151039886
4200,111.9319470714839,8,training_log_TD3_20260328_114546.csv,159.90413886397306
4201,227.70847504854757,39,training_log_TD3_20260328_114546.csv,162.67625533805634
4202,197.42240552311256,26,training_log_TD3_20260328_114546.csv,160.20253509429068
4203,177.98601878296964,23,training_log_TD3_20260328_114546.csv,171.60183603343916
4204,190.36689174018943,33,training_log_TD3_20260328_114546.csv,171.87512359579736
4205,137.15156153348786,20,training_log_TD3_20260328_114546.csv,171.55153559043924
4206,196.0360238581104,32,training_log_TD3_20260328_114546.csv,171.97421805152098
4207,111.1606151319242,9,training_log_TD3_20260328_114546.csv,171.40374660215303
4208,180.93758794531016,21,training_log_TD3_20260328_114546.csv,170.91025730495005
4209,130.39471684735815,16,training_log_TD3_20260328_114546.csv,168.79296134900832
4210,168.9773282215491,20,training_log_TD3_20260328_114546.csv,168.27514822798713
4211,172.35230740191662,33,training_log_TD3_20260328_114546.csv,168.35915202682693
4212,144.99074200330313,38,training_log_TD3_20260328_114546.csv,168.08399342902996
4213,163.47719840940965,20,training_log_TD3_20260328_114546.csv,173.2982410426303
4214,129.06289499132626,10,training_log_TD3_20260328_114546.csv,168.45324040070085
4215,224.56679183847365,42,training_log_TD3_20260328_114546.csv,173.41225013013963
4216,205.9921296709352,28,training_log_TD3_20260328_114546.csv,175.31592828647467
4217,164.4434840942367,29,training_log_TD3_20260328_114546.csv,173.8138870419627
4218,98.37071775675106,4,training_log_TD3_20260328_114546.csv,165.77425731644894
4219,199.1851134280198,23,training_log_TD3_20260328_114546.csv,166.62574756492074
4220,178.65063689715646,27,training_log_TD3_20260328_114546.csv,169.96168205620438
4221,220.4508831072182,37,training_log_TD3_20260328_114546.csv,169.59880245913791
4222,132.65950102399083,9,training_log_TD3_20260328_114546.csv,166.36065723418182
4223,171.85199516090103,22,training_log_TD3_20260328_114546.csv,166.0539560530784
4224,129.11144749243678,12,training_log_TD3_20260328_114546.csv,162.99118384069075
4225,193.2968969025613,23,training_log_TD3_20260328_114546.csv,165.79845060914445
4226,135.61161861246077,11,training_log_TD3_20260328_114546.csv,162.77723034686196
4227,148.4916052996257,66,training_log_TD3_20260328_114546.csv,164.64377985524703
4228,190.27989330454665,47,training_log_TD3_20260328_114546.csv,165.11089512320888
4229,154.0483982006527,24,training_log_TD3_20260328_114546.csv,166.29357919087357
4230,201.64273060435107,32,training_log_TD3_20260328_114546.csv,167.92684931001367
4231,175.70275053438408,25,training_log_TD3_20260328_114546.csv,168.09437146663706
4232,166.45407106060688,30,training_log_TD3_20260328_114546.csv,169.16753791950225
4233,160.97887346092472,23,training_log_TD3_20260328_114546.csv,169.042621672078
4234,162.82595240541394,25,training_log_TD3_20260328_114546.csv,170.73077454278237
4235,141.17527754331846,19,training_log_TD3_20260328_114546.csv,166.5611988280246
4236,169.67923220131155,19,training_log_TD3_20260328_114546.csv,164.74555395454342
4237,-50.0,1,training_log_TD3_20260328_114546.csv,154.02337974983158
4238,-51.248858376975534,3,training_log_TD3_20260328_114546.csv,146.54240094314528
4239,151.1190611003578,20,training_log_TD3_20260328_114546.csv,144.13909832676217
4240,137.47683497003797,36,training_log_TD3_20260328_114546.csv,142.08040823040625
4241,150.99383580644684,61,training_log_TD3_20260328_114546.csv,138.60755586536766
4242,206.3204615124017,34,training_log_TD3_20260328_114546.csv,142.2906038897882
4243,240.52109297371197,44,training_log_TD3_20260328_114546.csv,145.72405878042878
4244,167.6578446774046,24,training_log_TD3_20260328_114546.csv,147.65137863967715
4245,157.06328311360545,28,training_log_TD3_20260328_114546.csv,145.83969795022935
4246,191.5810971938749,29,training_log_TD3_20260328_114546.csv,148.63817187930005
4247,127.51071149084858,17,training_log_TD3_20260328_114546.csv,147.58912718886123
4248,181.99208642692335,28,training_log_TD3_20260328_114546.csv,147.17473684498003
4249,145.4602266676132,16,training_log_TD3_20260328_114546.csv,146.74532826832808
4250,161.19277925253883,24,training_log_TD3_20260328_114546.csv,144.72283070073746
4251,203.59746485716957,27,training_log_TD3_20260328_114546.csv,146.11756641687674
4252,159.06144186399405,15,training_log_TD3_20260328_114546.csv,145.74793495704608
4253,167.4154190007941,24,training_log_TD3_20260328_114546.csv,146.06976223403956
4254,182.01598282196977,25,training_log_TD3_20260328_114546.csv,147.02926375486737
4255,132.8947080532185,13,training_log_TD3_20260328_114546.csv,146.61523528036236
4256,14.696696436803627,200,training_log_TD3_20260328_114546.csv,138.866108492137
4257,209.51966883949257,31,training_log_TD3_20260328_114546.csv,151.84209193411158
4258,254.88820126549132,45,training_log_TD3_20260328_114546.csv,167.14894491623494
4259,162.69699552751746,26,training_log_TD3_20260328_114546.csv,167.72784163759292
4260,170.69972541125017,25,training_log_TD3_20260328_114546.csv,169.3889861596535
4261,163.1527515143368,24,training_log_TD3_20260328_114546.csv,169.99693194504803
4262,121.92761485056477,11,training_log_TD3_20260328_114546.csv,165.77728961195618
4263,262.68542190296534,51,training_log_TD3_20260328_114546.csv,166.88550605841885
4264,179.46415097786834,19,training_log_TD3_20260328_114546.csv,167.47582137344205
4265,202.52849360006567,28,training_log_TD3_20260328_114546.csv,169.74908189776505
4266,182.57974225253884,26,training_log_TD3_20260328_114546.csv,169.29901415069827
4267,167.6416282916137,34,training_log_TD3_20260328_114546.csv,171.3055599907365
4268,170.86319487763765,30,training_log_TD3_20260328_114546.csv,170.74911541327222
4269,162.36601265214506,21,training_log_TD3_20260328_114546.csv,171.5944047124988
4270,181.41090857996485,21,training_log_TD3_20260328_114546.csv,172.60531117887012
4271,168.94795901083955,21,training_log_TD3_20260328_114546.csv,170.87283588655362
4272,121.50428245967082,8,training_log_TD3_20260328_114546.csv,168.99497791633743
4273,194.7451674634496,20,training_log_TD3_20260328_114546.csv,170.36146533947021
4274,149.29829599733858,18,training_log_TD3_20260328_114546.csv,168.72558099823866
4275,185.2327326758773,24,training_log_TD3_20260328_114546.csv,171.3424822293716
4276,149.08987693043863,15,training_log_TD3_20260328_114546.csv,178.06214125405333
4277,143.49183049112577,15,training_log_TD3_20260328_114546.csv,174.760749336635
4278,194.4540403176279,39,training_log_TD3_20260328_114546.csv,171.7390412892418
4279,184.32086689092887,25,training_log_TD3_20260328_114546.csv,172.82023485741243
4280,183.2593591835528,23,training_log_TD3_20260328_114546.csv,173.44821654602754
4281,222.69230382030764,40,training_log_TD3_20260328_114546.csv,176.4251941613261
4282,143.15841051734648,15,training_log_TD3_20260328_114546.csv,177.48673394466516
4283,174.59619173461522,23,training_log_TD3_20260328_114546.csv,173.08227243624768
4284,213.66920248474247,40,training_log_TD3_20260328_114546.csv,174.79252501159138
4285,114.5563668256856,8,training_log_TD3_20260328_114546.csv,170.39391867287236
4286,180.8258563598132,21,training_log_TD3_20260328_114546.csv,170.3062243782361
4287,231.8208611732333,40,training_log_TD3_20260328_114546.csv,173.5151860223171
4288,172.81992716654952,19,training_log_TD3_20260328_114546.csv,173.61302263676265
4289,202.46044756505304,30,training_log_TD3_20260328_114546.csv,175.61774438240806
4290,132.97798912011098,23,training_log_TD3_20260328_114546.csv,173.19609840941536
4291,115.41132964907,8,training_log_TD3_20260328_114546.csv,170.5192669413269
4292,140.94686820001994,13,training_log_TD3_20260328_114546.csv,171.49139622834434
4293,239.83008504085623,43,training_log_TD3_20260328_114546.csv,173.74564210721468
4294,221.4938545144873,39,training_log_TD3_20260328_114546.csv,177.3554200330721
4295,163.2922300621958,37,training_log_TD3_20260328_114546.csv,176.25839490238803
4296,145.1209238897586,40,training_log_TD3_20260328_114546.csv,176.05994725035404
4297,184.3728332653287,34,training_log_TD3_20260328_114546.csv,178.1039973890642
4298,148.43499459467785,20,training_log_TD3_20260328_114546.csv,175.80304510291668
4299,185.345924407098,26,training_log_TD3_20260328_114546.csv,175.85429797872513
4300,169.64838496380685,23,training_log_TD3_20260328_114546.csv,175.17374926773783
4301,153.41726082970635,19,training_log_TD3_20260328_114546.csv,171.70999711820778
4302,175.82509087163467,25,training_log_TD3_20260328_114546.csv,173.34333113592217
4303,132.814289140457,14,training_log_TD3_20260328_114546.csv,171.25423600621428
4304,220.394903785767,39,training_log_TD3_20260328_114546.csv,171.5905210712655
4305,153.7558508021031,19,training_log_TD3_20260328_114546.csv,173.55049527008637
4306,164.472672080758,22,training_log_TD3_20260328_114546.csv,172.7328360561336
4307,136.34799819890208,17,training_log_TD3_20260328_114546.csv,167.95919290741705
4308,132.83805688806066,14,training_log_TD3_20260328_114546.csv,165.9600993934926
4309,130.5639580389277,16,training_log_TD3_20260328_114546.csv,162.36527491718635
4310,166.34214351220055,23,training_log_TD3_20260328_114546.csv,164.0334826367908
4311,191.10504609774176,22,training_log_TD3_20260328_114546.csv,167.8181684592244
4312,175.52840725270892,23,training_log_TD3_20260328_114546.csv,169.54724541185885
4313,-50.0,1,training_log_TD3_20260328_114546.csv,155.05574115981602
4314,171.659125451009,19,training_log_TD3_20260328_114546.csv,152.56400470664212
4315,195.2344455861884,32,training_log_TD3_20260328_114546.csv,154.16111548284175
4316,103.33238823570454,2,training_log_TD3_20260328_114546.csv,152.07168870013905
4317,148.25300789449966,13,training_log_TD3_20260328_114546.csv,150.2656974315976
4318,194.1023571985328,33,training_log_TD3_20260328_114546.csv,152.54906556179034
4319,158.24082113775603,17,training_log_TD3_20260328_114546.csv,151.19381039832325
4320,172.1526451344361,19,training_log_TD3_20260328_114546.csv,151.3190234068547
4321,139.6365857676431,15,training_log_TD3_20260328_114546.csv,150.62998965375158
4322,128.05875877641938,8,training_log_TD3_20260328_114546.csv,148.2416730489908
4323,142.38012401937956,20,training_log_TD3_20260328_114546.csv,148.7199647929369
4324,227.6535121270457,35,training_log_TD3_20260328_114546.csv,149.08289521000086
4325,183.3573056462673,24,training_log_TD3_20260328_114546.csv,150.56296795220908
4326,255.10412814185875,44,training_log_TD3_20260328_114546.csv,155.0945407552641
4327,103.90618135700718,71,training_log_TD3_20260328_114546.csv,153.47244991316936
4328,136.17004770849053,12,training_log_TD3_20260328_114546.csv,153.63904945419085
4329,146.07793755381647,20,training_log_TD3_20260328_114546.csv,154.4147484299353
4330,138.68884199421203,18,training_log_TD3_20260328_114546.csv,153.03208335403585
4331,170.4166326654966,24,training_log_TD3_20260328_114546.csv,151.9976626824236
4332,191.23436036106477,37,training_log_TD3_20260328_114546.csv,152.78296033784142
4333,191.08385949231263,30,training_log_TD3_20260328_114546.csv,164.83715331245702
4334,140.59082505501982,15,training_log_TD3_20260328_114546.csv,163.28373829265757
4335,149.90662179492978,19,training_log_TD3_20260328_114546.csv,161.01734710309464
4336,183.4931914666317,33,training_log_TD3_20260328_114546.csv,165.02538726464098
4337,129.52560213056728,10,training_log_TD3_20260328_114546.csv,164.08901697644438
4338,148.51911726247354,18,training_log_TD3_20260328_114546.csv,161.80985497964141
4339,191.0637360930316,26,training_log_TD3_20260328_114546.csv,163.4510007274052
4340,185.70075628804585,24,training_log_TD3_20260328_114546.csv,164.12840628508567
4341,152.49030019847876,22,training_log_TD3_20260328_114546.csv,164.77109200662744
4342,130.92010569532812,11,training_log_TD3_20260328_114546.csv,164.91415935257288
4343,139.86990195259023,13,training_log_TD3_20260328_114546.csv,164.78864824923343
4344,109.60654309945583,8,training_log_TD3_20260328_114546.csv,158.88629979785395
4345,198.94627966650276,25,training_log_TD3_20260328_114546.csv,159.6657484988657
4346,167.10198257238292,19,training_log_TD3_20260328_114546.csv,155.26564122039193
4347,165.0077784172085,21,training_log_TD3_20260328_114546.csv,158.32072107340198
4348,123.66196354320552,8,training_log_TD3_20260328_114546.csv,157.69531686513773
4349,-50.0,1,training_log_TD3_20260328_114546.csv,147.8914199874469
4350,181.22860001453824,58,training_log_TD3_20260328_114546.csv,150.01840788846323
4351,213.1000950490344,41,training_log_TD3_20260328_114546.csv,152.1525810076401
4352,145.27445084366326,26,training_log_TD3_20260328_114546.csv,149.85458553177006
4353,113.09688113967684,10,training_log_TD3_20260328_114546.csv,145.95523661413824
4354,186.6793327252305,21,training_log_TD3_20260328_114546.csv,148.25966199764878
4355,219.18614248167216,40,training_log_TD3_20260328_114546.csv,151.7236380319859
4356,175.64586030580045,23,training_log_TD3_20260328_114546.csv,151.33127147394435
4357,182.09340721827243,22,training_log_TD3_20260328_114546.csv,153.9596617283296
4358,191.89545185406857,24,training_log_TD3_20260328_114546.csv,156.12847845790935
4359,226.4351985428275,43,training_log_TD3_20260328_114546.csv,157.89705158039914
4360,188.72391250230268,33,training_log_TD3_20260328_114546.csv,158.04820939111198
4361,229.47828597064787,37,training_log_TD3_20260328_114546.csv,161.89760867972043
4362,-50.0,1,training_log_TD3_20260328_114546.csv,152.85160339495403
4363,163.31314522780485,21,training_log_TD3_20260328_114546.csv,154.02376555871476
4364,188.0857473591968,24,training_log_TD3_20260328_114546.csv,157.9477257717018
4365,164.79274377091048,20,training_log_TD3_20260328_114546.csv,156.2400489769222
4366,242.75605267021723,50,training_log_TD3_20260328_114546.csv,160.02275248181394
4367,141.20010454178887,20,training_log_TD3_20260328_114546.csv,158.83236878804294
4368,165.18823576868976,21,training_log_TD3_20260328_114546.csv,160.90868239931714
4369,164.25988210313636,23,training_log_TD3_20260328_114546.csv,171.62167650447395
4370,152.45984103244007,19,training_log_TD3_20260328_114546.csv,170.18323855536906
4371,146.2507006408528,21,training_log_TD3_20260328_114546.csv,166.84076883496
4372,151.49116998103557,22,training_log_TD3_20260328_114546.csv,167.15160479182856
4373,182.72638977858952,25,training_log_TD3_20260328_114546.csv,170.63308022377424
4374,170.37860745894835,21,training_log_TD3_20260328_114546.csv,169.8180439604601
4375,251.3865147473931,49,training_log_TD3_20260328_114546.csv,171.42806257374616
4376,184.98128354785388,24,training_log_TD3_20260328_114546.csv,171.89483373584883
4377,150.83313240732812,16,training_log_TD3_20260328_114546.csv,170.3318199953016
4378,189.84148398344385,26,training_log_TD3_20260328_114546.csv,170.22912160177037
4379,145.444711578278,24,training_log_TD3_20260328_114546.csv,166.1795972535429
4380,131.9861488445599,16,training_log_TD3_20260328_114546.csv,163.34270907065576
4381,201.8646491717489,29,training_log_TD3_20260328_114546.csv,161.96202723071082
4382,-9.263923940278971,200,training_log_TD3_20260328_114546.csv,163.99883103369686
4383,189.72020546034216,23,training_log_TD3_20260328_114546.csv,165.31918404532374
4384,178.28618967987717,20,training_log_TD3_20260328_114546.csv,164.82920616135775
4385,178.33385144169767,25,training_log_TD3_20260328_114546.csv,165.50626154489711
4386,174.282260355029,24,training_log_TD3_20260328_114546.csv,162.0825719291377
4387,153.91745587982888,17,training_log_TD3_20260328_114546.csv,162.7184394960397
4388,214.1291594366122,37,training_log_TD3_20260328_114546.csv,165.16548567943582
4389,261.7698848240464,47,training_log_TD3_20260328_114546.csv,170.04098581548132
4390,168.53513754768733,21,training_log_TD3_20260328_114546.csv,170.8447506412437
4391,197.0930429200096,25,training_log_TD3_20260328_114546.csv,173.38686775520154
4392,186.13840733138323,28,training_log_TD3_20260328_114546.csv,175.11922962271893
4393,121.02332370419526,154,training_log_TD3_20260328_114546.csv,172.0340763189992
4394,180.96564170933624,33,training_log_TD3_20260328_114546.csv,172.5634280315186
4395,215.41432188200667,33,training_log_TD3_20260328_114546.csv,170.76481838824927
4396,146.16394341615228,17,training_log_TD3_20260328_114546.csv,168.82395138166422
4397,149.950529017103,24,training_log_TD3_20260328_114546.csv,168.77982121215294
4398,158.06540150228818,19,training_log_TD3_20260328_114546.csv,167.19101708809515
4399,149.62398629137664,19,training_log_TD3_20260328_114546.csv,167.3999808237501
4400,150.99067272050542,22,training_log_TD3_20260328_114546.csv,168.35020701754735
4401,142.09513626088778,178,training_log_TD3_20260328_114546.csv,165.3617313720043
4402,159.13934914889154,27,training_log_TD3_20260328_114546.csv,173.78189502646285
4403,159.64368219931112,21,training_log_TD3_20260328_114546.csv,172.2780688634113
4404,200.29559332762776,29,training_log_TD3_20260328_114546.csv,173.37853904579882
4405,234.08100635050985,42,training_log_TD3_20260328_114546.csv,176.16589679123942
4406,217.63087712212905,38,training_log_TD3_20260328_114546.csv,178.3333276295944
4407,160.42835373251955,23,training_log_TD3_20260328_114546.csv,178.65887252222893
4408,152.1625609785346,22,training_log_TD3_20260328_114546.csv,175.56054259932506
4409,151.79019133039571,18,training_log_TD3_20260328_114546.csv,170.06155792464256
4410,169.08197022682987,32,training_log_TD3_20260328_114546.csv,170.08889955859968
4411,177.3732172185653,27,training_log_TD3_20260328_114546.csv,169.10290827352745
4412,190.38782775806504,25,training_log_TD3_20260328_114546.csv,169.31537929486154
4413,171.849975899622,42,training_log_TD3_20260328_114546.csv,171.85671190463287
4414,160.46650428608808,24,training_log_TD3_20260328_114546.csv,170.83175503347047
4415,223.8522505746107,39,training_log_TD3_20260328_114546.csv,171.25365146810068
4416,185.74038072436844,24,training_log_TD3_20260328_114546.csv,173.23247333351148
4417,175.74236495149816,27,training_log_TD3_20260328_114546.csv,174.52206513023125
4418,137.85969708783148,14,training_log_TD3_20260328_114546.csv,173.51177990950842
4419,185.79219884456447,23,training_log_TD3_20260328_114546.csv,175.32019053716778
4420,231.2123394021324,43,training_log_TD3_20260328_114546.csv,179.33127387124915
4421,165.3338867821165,20,training_log_TD3_20260328_114546.csv,180.49321139731057
4422,198.3575903391066,22,training_log_TD3_20260328_114546.csv,182.45412345682132
4423,162.47488138909964,18,training_log_TD3_20260328_114546.csv,182.59568341631075
4424,150.89097412457988,24,training_log_TD3_20260328_114546.csv,180.12545245615837
4425,185.91476996945613,24,training_log_TD3_20260328_114546.csv,177.71714063710567
4426,167.81721499843667,18,training_log_TD3_20260328_114546.csv,175.22645753092107
4427,154.96643464213696,23,training_log_TD3_20260328_114546.csv,174.95336157640193
4428,139.3546505009336,14,training_log_TD3_20260328_114546.csv,174.31296605252186
4429,157.69902590839715,23,training_log_TD3_20260328_114546.csv,174.60840778142193
4430,265.3684539038684,51,training_log_TD3_20260328_114546.csv,179.42273196527387
4431,164.91307589484234,28,training_log_TD3_20260328_114546.csv,178.79972489908772
4432,186.0580386930851,37,training_log_TD3_20260328_114546.csv,178.58323544583874
4433,160.9080461357729,26,training_log_TD3_20260328_114546.csv,178.0361389576463
4434,163.9759517824878,18,training_log_TD3_20260328_114546.csv,178.21161133246625
4435,224.87671753662784,56,training_log_TD3_20260328_114546.csv,178.26283468056712
4436,160.85613194073306,20,training_log_TD3_20260328_114546.csv,177.01862224138534
4437,150.35331046857783,16,training_log_TD3_20260328_114546.csv,175.74916951723932
4438,145.2785744567268,14,training_log_TD3_20260328_114546.csv,176.12011338568408
4439,131.74229000336845,14,training_log_TD3_20260328_114546.csv,173.4176179436243
4440,187.76673269958064,22,training_log_TD3_20260328_114546.csv,171.24533760849673
4441,147.24317120914824,19,training_log_TD3_20260328_114546.csv,170.34080182984832
4442,187.3040748087691,23,training_log_TD3_20260328_114546.csv,169.78812605333144
4443,169.55546050510313,19,training_log_TD3_20260328_114546.csv,170.1421550091316
4444,153.41321291059293,16,training_log_TD3_20260328_114546.csv,170.26826694843226
4445,171.94606226861697,19,training_log_TD3_20260328_114546.csv,169.5698315633903
4446,159.76123751323104,21,training_log_TD3_20260328_114546.csv,169.16703268913002
4447,167.13730607905353,23,training_log_TD3_20260328_114546.csv,169.77557626097584
4448,226.93752246852887,39,training_log_TD3_20260328_114546.csv,174.1547198593556
4449,163.27512672620327,22,training_log_TD3_20260328_114546.csv,174.4335249002459
4450,191.25570448304435,32,training_log_TD3_20260328_114546.csv,170.7278874292047
4451,76.87739638087606,129,training_log_TD3_20260328_114546.csv,166.3261034535064
4452,153.55389155087295,19,training_log_TD3_20260328_114546.csv,164.70089609639578
4453,195.75642266423063,28,training_log_TD3_20260328_114546.csv,166.44331492281867
4454,215.5049165884746,40,training_log_TD3_20260328_114546.csv,169.01976316311803
4455,192.0961602650057,28,training_log_TD3_20260328_114546.csv,167.3807352995369
4456,161.36838466445295,30,training_log_TD3_20260328_114546.csv,167.4063479357229
4457,194.789215321896,26,training_log_TD3_20260328_114546.csv,169.62814317838883
4458,131.27215853654846,13,training_log_TD3_20260328_114546.csv,168.9278223823799
4459,159.67323396760426,15,training_log_TD3_20260328_114546.csv,170.32436958059168
4460,181.8935958031792,26,training_log_TD3_20260328_114546.csv,170.0307127357716
4461,243.22353658427417,47,training_log_TD3_20260328_114546.csv,174.8297310045279
4462,195.95864554787917,28,training_log_TD3_20260328_114546.csv,175.2624595414834
4463,7.531215364090311,200,training_log_TD3_20260328_114546.csv,167.1612472844328
4464,-50.0,1,training_log_TD3_20260328_114546.csv,156.99058663890315
4465,245.53662120477856,48,training_log_TD3_20260328_114546.csv,160.67011458571122
4466,194.4401095024176,26,training_log_TD3_20260328_114546.csv,162.40405818517053
4467,186.5070130839223,25,training_log_TD3_20260328_114546.csv,163.37254353541397
4468,161.32316078112916,18,training_log_TD3_20260328_114546.csv,160.09182545104397
4469,237.5386109662236,47,training_log_TD3_20260328_114546.csv,163.80499966304498
4470,182.98148422068985,22,training_log_TD3_20260328_114546.csv,163.39128864992728
4471,182.11462183112903,24,training_log_TD3_20260328_114546.csv,168.65314992243992
4472,146.72033867343345,20,training_log_TD3_20260328_114546.csv,168.31147227856795
4473,207.0619025646212,37,training_log_TD3_20260328_114546.csv,168.87674627358746
4474,192.5524131613869,25,training_log_TD3_20260328_114546.csv,167.72912110223308
4475,162.79493231286682,29,training_log_TD3_20260328_114546.csv,166.26405970462616
4476,157.43701264901938,20,training_log_TD3_20260328_114546.csv,166.06749110385448
4477,138.7173726854738,15,training_log_TD3_20260328_114546.csv,163.26389897203336
4478,185.649280384313,33,training_log_TD3_20260328_114546.csv,165.9827550644216
4479,166.93522464325343,22,training_log_TD3_20260328_114546.csv,166.34585459820406
4480,165.85243408706071,24,training_log_TD3_20260328_114546.csv,165.54379651239813
4481,175.24374717106792,30,training_log_TD3_20260328_114546.csv,162.1448070417378
4482,200.2505265149617,34,training_log_TD3_20260328_114546.csv,162.35940109009195
4483,146.18443220074064,14,training_log_TD3_20260328_114546.csv,169.29206193192445
4484,230.5426764816885,37,training_log_TD3_20260328_114546.csv,183.31919575600887
4485,122.56104257872693,7,training_log_TD3_20260328_114546.csv,177.17041682470628
4486,189.1244811080605,28,training_log_TD3_20260328_114546.csv,176.90463540498843
4487,152.6831727457905,26,training_log_TD3_20260328_114546.csv,175.21344338808186
4488,160.97185121701955,19,training_log_TD3_20260328_114546.csv,175.19587790987637
4489,245.493838706246,47,training_log_TD3_20260328_114546.csv,175.59363929687748
4490,140.81184210821908,25,training_log_TD3_20260328_114546.csv,173.48515719125393
4491,138.33720047080843,12,training_log_TD3_20260328_114546.csv,171.29628612323793
4492,104.21449935513252,29,training_log_TD3_20260328_114546.csv,169.17099415732287
4493,117.10896347309168,7,training_log_TD3_20260328_114546.csv,164.6733472027464
4494,-50.0,1,training_log_TD3_20260328_114546.csv,152.54572654467705
4495,253.13307508159733,51,training_log_TD3_20260328_114546.csv,157.06263368311357
4496,14.26821734196568,200,training_log_TD3_20260328_114546.csv,149.9041939177609
4497,171.91340018730244,25,training_log_TD3_20260328_114546.csv,151.56399529285233
4498,104.6425794417897,2,training_log_TD3_20260328_114546.csv,147.51366024572616
4499,165.79575928855388,24,training_log_TD3_20260328_114546.csv,147.45668697799118
4500,162.8103224890895,25,training_log_TD3_20260328_114546.csv,147.3045813980926
4501,192.7036536594656,25,training_log_TD3_20260328_114546.csv,148.17757672251253
4502,205.0895186797237,32,training_log_TD3_20260328_114546.csv,148.41952633075059
4503,172.86448664943583,21,training_log_TD3_20260328_114546.csv,149.75352905318536
4504,220.21009663702463,34,training_log_TD3_20260328_114546.csv,149.23690006095217
4505,185.0612789525981,25,training_log_TD3_20260328_114546.csv,152.36191187964573
4506,135.18237226178107,56,training_log_TD3_20260328_114546.csv,149.66480643733178
4507,257.90654444077325,54,training_log_TD3_20260328_114546.csv,154.92597502208088
4508,139.85508779497823,14,training_log_TD3_20260328_114546.csv,153.87013685097884
4509,196.83196844594937,34,training_log_TD3_20260328_114546.csv,151.43704333796398
4510,158.9269325865941,32,training_log_TD3_20260328_114546.csv,152.34279786188276
4511,-50.0,1,training_log_TD3_20260328_114546.csv,142.92593783834235
4512,125.42033681472002,15,training_log_TD3_20260328_114546.csv,143.98622971132173
4513,269.35934199652684,152,training_log_TD3_20260328_114546.csv,151.59874863749346
4514,156.83837589135567,20,training_log_TD3_20260328_114546.csv,161.94066743206125
4515,165.4674446894281,23,training_log_TD3_20260328_114546.csv,157.5573859124528
4516,199.80248498792903,27,training_log_TD3_20260328_114546.csv,166.83409929475096
4517,147.62756236492683,19,training_log_TD3_20260328_114546.csv,165.61980740363217
4518,237.6369709200954,45,training_log_TD3_20260328_114546.csv,172.26952697754746
4519,138.6907035830149,20,training_log_TD3_20260328_114546.csv,170.9142741922705
4520,150.4479328610128,21,training_log_TD3_20260328_114546.csv,170.2961547108667
4521,175.49638662465162,26,training_log_TD3_20260328_114546.csv,169.43579135912597
4522,191.89524821106912,23,training_log_TD3_20260328_114546.csv,168.77607783569323
4523,176.41496091892645,30,training_log_TD3_20260328_114546.csv,168.9536015491678
4524,174.42635036661557,17,training_log_TD3_20260328_114546.csv,166.66441423564734
4525,197.05917387496083,23,training_log_TD3_20260328_114546.csv,167.26430898176548
4526,154.47176275857962,20,training_log_TD3_20260328_114546.csv,168.22877850660538
4527,183.304942745096,21,training_log_TD3_20260328_114546.csv,164.49869842182153
4528,183.67323836121815,27,training_log_TD3_20260328_114546.csv,166.6896059501335
4529,144.2254764248979,23,training_log_TD3_20260328_114546.csv,164.05928134908095
4530,138.60624656807585,12,training_log_TD3_20260328_114546.csv,163.04324704815502
4531,183.93480725808155,27,training_log_TD3_20260328_114546.csv,174.7399874110591
4532,175.68388304751412,122,training_log_TD3_20260328_114546.csv,177.2531647226988
4533,152.27451621138246,19,training_log_TD3_20260328_114546.csv,171.39892343344158
4534,193.2052940121752,22,training_log_TD3_20260328_114546.csv,173.21726933948258
4535,173.39150121696366,20,training_log_TD3_20260328_114546.csv,173.61347216585935
4536,186.701281088977,28,training_log_TD3_20260328_114546.csv,172.95841197091175
4537,183.77477849326573,28,training_log_TD3_20260328_114546.csv,174.7657727773287
4538,-50.0,1,training_log_TD3_20260328_114546.csv,160.38392423132393
4539,151.3207469536767,18,training_log_TD3_20260328_114546.csv,161.01542639985703
4540,209.11118983126147,34,training_log_TD3_20260328_114546.csv,163.94858924836944
4541,168.84973783619847,22,training_log_TD3_20260328_114546.csv,163.6162568089468
4542,136.72345867355284,19,training_log_TD3_20260328_114546.csv,160.857667332071
4543,250.88373828101055,50,training_log_TD3_20260328_114546.csv,164.58110620017518
4544,190.84087209038648,31,training_log_TD3_20260328_114546.csv,165.4018322863637
4545,146.9294340952098,36,training_log_TD3_20260328_114546.csv,162.89534529737617
4546,131.3810205678784,12,training_log_TD3_20260328_114546.csv,161.7408081878411
4547,135.41745438611247,19,training_log_TD3_20260328_114546.csv,159.34643376989192
4548,182.8588004616111,28,training_log_TD3_20260328_114546.csv,159.3057118749116
4549,-50.0,1,training_log_TD3_20260328_114546.csv,149.5944380536667
4550,200.26799562666503,25,training_log_TD3_20260328_114546.csv,152.67752550659614
4551,193.9990137743953,26,training_log_TD3_20260328_114546.csv,153.1807358324118
4552,213.4318363663471,33,training_log_TD3_20260328_114546.csv,155.0681334983535
4553,163.05564773835786,25,training_log_TD3_20260328_114546.csv,155.60719007470226
4554,121.66533315602342,10,training_log_TD3_20260328_114546.csv,152.03019203189467
4555,-6.83456082067573,200,training_log_TD3_20260328_114546.csv,143.01888893001268
4556,186.12156384406632,25,training_log_TD3_20260328_114546.csv,142.9899030677672
4557,154.8061513545297,18,training_log_TD3_20260328_114546.csv,141.54147171083036
4558,254.44631694728085,45,training_log_TD3_20260328_114546.csv,156.76378755819442
4559,183.81144542737957,22,training_log_TD3_20260328_114546.csv,158.38832248187956
4560,167.46132635560244,29,training_log_TD3_20260328_114546.csv,156.3058293080966
4561,198.7162446678094,34,training_log_TD3_20260328_114546.csv,157.79915464967718
4562,191.86441761658824,32,training_log_TD3_20260328_114546.csv,160.5562025968289
4563,164.80359699957717,27,training_log_TD3_20260328_114546.csv,156.25219553275724
4564,205.09699832156625,38,training_log_TD3_20260328_114546.csv,156.96500184431625
4565,191.29088453206444,31,training_log_TD3_20260328_114546.csv,159.183074366159
4566,153.81242588573878,19,training_log_TD3_20260328_114546.csv,160.30464463205197
4567,145.02515670355885,20,training_log_TD3_20260328_114546.csv,160.7850297479243
4568,252.26177530622488,52,training_log_TD3_20260328_114546.csv,164.25517849015498
4569,217.65217836865716,39,training_log_TD3_20260328_114546.csv,177.63778740858783
4570,134.53869337997835,12,training_log_TD3_20260328_114546.csv,174.35132229625353
4571,159.68363038236816,200,training_log_TD3_20260328_114546.csv,172.63555312665216
4572,219.10473748920828,40,training_log_TD3_20260328_114546.csv,172.9191981827952
4573,174.35962858499806,39,training_log_TD3_20260328_114546.csv,173.48439722512722
4574,173.40516706200194,20,training_log_TD3_20260328_114546.csv,176.07138892042616
4575,225.69862465523815,39,training_log_TD3_20260328_114546.csv,187.69804819422185
4576,236.9713469163215,47,training_log_TD3_20260328_114546.csv,190.24053734783462
4577,-50.0,1,training_log_TD3_20260328_114546.csv,180.00022978010813
4578,204.0008248010949,25,training_log_TD3_20260328_114546.csv,177.47795517279883
4579,219.74976896558144,42,training_log_TD3_20260328_114546.csv,179.27487134970892
4580,171.45056484846697,23,training_log_TD3_20260328_114546.csv,179.47433327435212
4581,191.3547805355946,25,training_log_TD3_20260328_114546.csv,179.1062600677414
4582,162.5537919716079,23,training_log_TD3_20260328_114546.csv,177.6407287854924
4583,158.59702267253013,22,training_log_TD3_20260328_114546.csv,177.33040006914
4584,135.3855082330778,21,training_log_TD3_20260328_114546.csv,173.8448255647156
4585,160.0908158347559,19,training_log_TD3_20260328_114546.csv,172.28482212985017
4586,168.62946663487642,19,training_log_TD3_20260328_114546.csv,173.02567416730705
4587,182.23835931246637,23,training_log_TD3_20260328_114546.csv,174.88633429775243
4588,148.7698948003097,12,training_log_TD3_20260328_114546.csv,169.7117402724567
4589,173.49994454411714,21,training_log_TD3_20260328_114546.csv,167.5041285812297
4590,145.34971040500642,20,training_log_TD3_20260328_114546.csv,168.04467943248108
4591,125.33365149921576,17,training_log_TD3_20260328_114546.csv,166.32718048832345
4592,155.0229541539222,16,training_log_TD3_20260328_114546.csv,163.12309132155917
4593,224.0981578201916,43,training_log_TD3_20260328_114546.csv,165.61001778331882
4594,181.22110089778175,24,training_log_TD3_20260328_114546.csv,166.00081447510783
4595,168.13141438396968,19,training_log_TD3_20260328_114546.csv,163.1224539615444
4596,192.2374660041986,21,training_log_TD3_20260328_114546.csv,160.88575991593825
4597,182.0166763036013,21,training_log_TD3_20260328_114546.csv,172.48659373111832
4598,179.46705026595296,19,training_log_TD3_20260328_114546.csv,171.25990500436123
4599,190.41710573328976,21,training_log_TD3_20260328_114546.csv,169.79327184274666
4600,136.81886269213516,25,training_log_TD3_20260328_114546.csv,168.06168673493008
4601,166.91982668677682,20,training_log_TD3_20260328_114546.csv,166.83993904248916
4602,172.15988072357024,19,training_log_TD3_20260328_114546.csv,167.3202434800873
4603,171.9624960946565,26,training_log_TD3_20260328_114546.csv,167.9885171511936
4604,176.97360141057055,22,training_log_TD3_20260328_114546.csv,170.06792181006824
4605,177.97347257821636,19,training_log_TD3_20260328_114546.csv,170.96205464724125
4606,-50.0,1,training_log_TD3_20260328_114546.csv,160.03058131549744
4607,182.68326313475364,21,training_log_TD3_20260328_114546.csv,160.0528265066118
4608,169.17205559173215,19,training_log_TD3_20260328_114546.csv,161.07293454618292
4609,207.009538025382,28,training_log_TD3_20260328_114546.csv,162.74841422024616
4610,186.71348827756805,22,training_log_TD3_20260328_114546.csv,164.81660311387424
4611,196.3908213267807,29,training_log_TD3_20260328_114546.csv,168.36946160525252
4612,223.20926649095253,32,training_log_TD3_20260328_114546.csv,171.778777222104
4613,132.4457848868937,26,training_log_TD3_20260328_114546.csv,167.1961585754391
4614,157.25167031702975,15,training_log_TD3_20260328_114546.csv,165.99768704640152
4615,184.33225462877425,25,training_log_TD3_20260328_114546.csv,166.80772905864177
4616,154.494374039599,17,training_log_TD3_20260328_114546.csv,164.92057446041176
4617,174.87046691416083,19,training_log_TD3_20260328_114546.csv,164.56326399093976
4618,155.8989584879561,26,training_log_TD3_20260328_114546.csv,163.38485940203992
4619,192.36445965688017,29,training_log_TD3_20260328_114546.csv,163.48222709821943
4620,153.8914764500889,127,training_log_TD3_20260328_114546.csv,164.3358577861171
4621,159.35163153132925,21,training_log_TD3_20260328_114546.csv,163.95744802834474
4622,147.01241316518926,16,training_log_TD3_20260328_114546.csv,162.70007465042568
4623,171.67742603025596,21,training_log_TD3_20260328_114546.csv,162.68582114720567
4624,192.65306133277448,27,training_log_TD3_20260328_114546.csv,163.46979414331585
4625,256.0464361594671,50,training_log_TD3_20260328_114546.csv,167.3734423223784
4626,117.30760677387735,9,training_log_TD3_20260328_114546.csv,175.73882266107225
4627,140.7628808075063,57,training_log_TD3_20260328_114546.csv,173.6428035447099
4628,196.85101321719995,30,training_log_TD3_20260328_114546.csv,175.0267514259833
4629,148.34734797536834,23,training_log_TD3_20260328_114546.csv,172.0936419234826
4630,190.04174782659464,28,training_log_TD3_20260328_114546.csv,172.26005490093394
4631,243.77606594262824,47,training_log_TD3_20260328_114546.csv,174.62931713172628
4632,179.63158276080787,22,training_log_TD3_20260328_114546.csv,172.4504329452191
4633,193.05052123141277,28,training_log_TD3_20260328_114546.csv,175.48066976244502
4634,169.60320970382054,21,training_log_TD3_20260328_114546.csv,176.09824673178454
4635,120.22874963111175,10,training_log_TD3_20260328_114546.csv,172.89307148190144
4636,205.58406608816009,31,training_log_TD3_20260328_114546.csv,175.4475560843295
4637,189.19723174327189,27,training_log_TD3_20260328_114546.csv,176.16389432578504
4638,174.28250987261436,25,training_log_TD3_20260328_114546.csv,177.08307189501795
4639,148.98656997921748,28,training_log_TD3_20260328_114546.csv,174.91417741113483
4640,143.0716279451866,17,training_log_TD3_20260328_114546.csv,174.37318498588974
4641,162.13570074262526,49,training_log_TD3_20260328_114546.csv,174.5123884464545
4642,156.0548004803799,30,training_log_TD3_20260328_114546.csv,174.96450781221404
4643,195.1654696126743,24,training_log_TD3_20260328_114546.csv,176.13890999133497
4644,244.36752947275755,45,training_log_TD3_20260328_114546.csv,178.7246333983341
4645,132.11395456321733,22,training_log_TD3_20260328_114546.csv,172.5280093185216
4646,165.99177046115256,25,training_log_TD3_20260328_114546.csv,174.96221750288538
4647,245.0877426530532,50,training_log_TD3_20260328_114546.csv,180.17846059516273
4648,175.52158627767506,20,training_log_TD3_20260328_114546.csv,179.1119892481865
4649,181.5717883628879,23,training_log_TD3_20260328_114546.csv,180.77321126756246
4650,153.51698218975815,20,training_log_TD3_20260328_114546.csv,178.94697298572063
4651,184.8910670182104,30,training_log_TD3_20260328_114546.csv,176.00272303949976
4652,-50.0,1,training_log_TD3_20260328_114546.csv,164.52114390145934
4653,123.52644694853235,20,training_log_TD3_20260328_114546.csv,161.04494018731535
4654,169.8369215899217,18,training_log_TD3_20260328_114546.csv,161.0566257816204
4655,163.21796488013638,23,training_log_TD3_20260328_114546.csv,163.20608654407164
4656,176.88236813221727,23,training_log_TD3_20260328_114546.csv,161.7710016462745
4657,174.53965482545274,28,training_log_TD3_20260328_114546.csv,161.03812280038352
4658,196.11550259565053,36,training_log_TD3_20260328_114546.csv,162.12977243653535
4659,162.63088961054294,26,training_log_TD3_20260328_114546.csv,162.8119884181016
4660,183.14983181805823,27,training_log_TD3_20260328_114546.csv,164.81589861174518
4661,145.44245154413937,15,training_log_TD3_20260328_114546.csv,163.9812361518209
4662,174.05326625271653,28,training_log_TD3_20260328_114546.csv,164.88115944043773
4663,144.1838973949695,16,training_log_TD3_20260328_114546.csv,162.33208082955247
4664,217.72563057290955,42,training_log_TD3_20260328_114546.csv,160.9999858845601
4665,155.6475555050801,20,training_log_TD3_20260328_114546.csv,162.17666593165322
4666,188.09676528929924,27,training_log_TD3_20260328_114546.csv,163.28191567306055
4667,198.8234517789949,31,training_log_TD3_20260328_114546.csv,160.96870112935764
4668,164.17401800146038,22,training_log_TD3_20260328_114546.csv,160.4013227155469
4669,135.052472309649,16,training_log_TD3_20260328_114546.csv,158.07535691288496
4670,155.98477811584075,21,training_log_TD3_20260328_114546.csv,158.1987467091891
4671,160.8927730052695,21,training_log_TD3_20260328_114546.csv,156.99883200854205
4672,164.2410186746353,24,training_log_TD3_20260328_114546.csv,167.71088294227383
4673,166.13215249647044,23,training_log_TD3_20260328_114546.csv,169.84116821967072
4674,168.24441010833075,20,training_log_TD3_20260328_114546.csv,169.7615426455912
4675,161.02125949238228,19,training_log_TD3_20260328_114546.csv,169.65170737620346
4676,201.977871223796,26,training_log_TD3_20260328_114546.csv,170.9064825307824
4677,209.67817841862575,26,training_log_TD3_20260328_114546.csv,172.66340871044105
4678,165.0480562036671,17,training_log_TD3_20260328_114546.csv,171.11003639084188
4679,171.87246404596493,23,training_log_TD3_20260328_114546.csv,171.57211511261298
4680,123.26175738895002,22,training_log_TD3_20260328_114546.csv,168.57771139115758
4681,201.1531935789201,33,training_log_TD3_20260328_114546.csv,171.36324849289662
4682,168.23904283092537,22,training_log_TD3_20260328_114546.csv,171.07253732180703
4683,153.12603958544904,17,training_log_TD3_20260328_114546.csv,171.51964443133105
4684,134.4949400744031,12,training_log_TD3_20260328_114546.csv,167.3581099064057
4685,212.91246611850735,34,training_log_TD3_20260328_114546.csv,170.22135543707708
4686,153.37458295955474,14,training_log_TD3_20260328_114546.csv,168.48524632058985
4687,179.805658673078,21,training_log_TD3_20260328_114546.csv,167.53435666529398
4688,142.33680435863891,28,training_log_TD3_20260328_114546.csv,166.44249598315292
4689,195.1311519547529,43,training_log_TD3_20260328_114546.csv,169.44642996540813
4690,239.37466118392007,43,training_log_TD3_20260328_114546.csv,173.61592411881207
4691,152.41014080999076,15,training_log_TD3_20260328_114546.csv,173.19179250904813
4692,223.92249869422224,41,training_log_TD3_20260328_114546.csv,176.1758665100275
4693,70.89602815059207,200,training_log_TD3_20260328_114546.csv,171.41406029273358
4694,164.7738321529131,24,training_log_TD3_20260328_114546.csv,171.2405313949627
4695,172.70830201266966,29,training_log_TD3_20260328_114546.csv,171.82488352097704
4696,235.238182910004,40,training_log_TD3_20260328_114546.csv,173.48789910528745
4697,152.1598581159679,21,training_log_TD3_20260328_114546.csv,170.61198309015455
4698,169.95018003334758,22,training_log_TD3_20260328_114546.csv,170.8570892816386
4699,162.70454720672987,17,training_log_TD3_20260328_114546.csv,170.39869343967683
4700,124.97105885183252,24,training_log_TD3_20260328_114546.csv,170.48415851282095
4701,166.49313533241548,21,training_log_TD3_20260328_114546.csv,168.7511556004957
4702,138.13539273346723,116,training_log_TD3_20260328_114546.csv,167.24597309562284
4703,188.02010295579944,23,training_log_TD3_20260328_114546.csv,168.99067626414035
4704,170.92043220336285,20,training_log_TD3_20260328_114546.csv,170.81195087058833
4705,128.11830340968984,34,training_log_TD3_20260328_114546.csv,166.57224273514746
4706,163.42056471959864,34,training_log_TD3_20260328_114546.csv,167.07454182314967
4707,175.6915280650015,30,training_log_TD3_20260328_114546.csv,166.8688352927458
4708,184.2459481369568,23,training_log_TD3_20260328_114546.csv,168.96429248166174
4709,134.00304937899088,13,training_log_TD3_20260328_114546.csv,165.90788735287362
4710,175.10509798457534,18,training_log_TD3_20260328_114546.csv,162.6944091929064
4711,177.71595298940326,24,training_log_TD3_20260328_114546.csv,163.95969980187698
4712,194.09160412458232,27,training_log_TD3_20260328_114546.csv,162.468155073395
4713,116.48143769031353,74,training_log_TD3_20260328_114546.csv,164.74742555038108
4714,145.97127802225162,14,training_log_TD3_20260328_114546.csv,163.80729784384803
4715,188.3141706129926,31,training_log_TD3_20260328_114546.csv,164.58759127386418
4716,149.62913843818677,19,training_log_TD3_20260328_114546.csv,160.3071390502733
4717,125.58660543660152,11,training_log_TD3_20260328_114546.csv,158.978476416305
4718,144.2566612314694,19,training_log_TD3_20260328_114546.csv,157.69380047621107
4719,122.70066744584986,7,training_log_TD3_20260328_114546.csv,155.69360648816706
4720,142.45204624916815,138,training_log_TD3_20260328_114546.csv,156.56765585803387
4721,145.65849519301594,17,training_log_TD3_20260328_114546.csv,155.52592385106388
4722,165.97913365712088,22,training_log_TD3_20260328_114546.csv,156.91811089724655
4723,112.36000333989924,5,training_log_TD3_20260328_114546.csv,153.13510591645155
4724,221.4308456889599,43,training_log_TD3_20260328_114546.csv,155.6606265907314
4725,129.23932908184523,13,training_log_TD3_20260328_114546.csv,155.71667787433915
4726,156.2339291926485,15,training_log_TD3_20260328_114546.csv,155.35734609799164
4727,202.762803988209,26,training_log_TD3_20260328_114546.csv,156.71090989415205
4728,185.541471547178,21,training_log_TD3_20260328_114546.csv,156.7756860646631
4729,160.37849036548022,21,training_log_TD3_20260328_114546.csv,158.09445811398754
4730,175.5587895894453,26,training_log_TD3_20260328_114546.csv,158.11714269423106
4731,179.20411938711908,24,training_log_TD3_20260328_114546.csv,158.19155101411687
4732,156.5508127180211,28,training_log_TD3_20260328_114546.csv,156.3145114437888
4733,127.76647276889943,10,training_log_TD3_20260328_114546.csv,156.8787631977181
4734,52.17064963795757,200,training_log_TD3_20260328_114546.csv,152.18873177850338
4735,157.72678505809938,42,training_log_TD3_20260328_114546.csv,150.65936250075873
4736,151.9595334716231,17,training_log_TD3_20260328_114546.csv,150.77588225243053
4737,225.51939534677967,43,training_log_TD3_20260328_114546.csv,155.77252174793944
4738,153.11745822676588,20,training_log_TD3_20260328_114546.csv,156.21556159770427
4739,140.57264237452495,41,training_log_TD3_20260328_114546.csv,157.10916034413802
4740,110.49408369699384,7,training_log_TD3_20260328_114546.csv,155.5112622165293
4741,247.99410419509525,79,training_log_TD3_20260328_114546.csv,160.62804266663326
4742,132.10947203687857,19,training_log_TD3_20260328_114546.csv,158.93455958562117
4743,164.89230356615792,26,training_log_TD3_20260328_114546.csv,161.5611745969341
4744,182.0659620331561,25,training_log_TD3_20260328_114546.csv,159.59293041414392
4745,230.8074043272396,35,training_log_TD3_20260328_114546.csv,164.6713341764136
4746,174.67612408418043,20,training_log_TD3_20260328_114546.csv,165.59344392099024
4747,159.9701966598904,17,training_log_TD3_20260328_114546.csv,163.45381355457428
4748,127.45652925798342,23,training_log_TD3_20260328_114546.csv,160.54956644011457
4749,200.70246101171008,39,training_log_TD3_20260328_114546.csv,162.56576497242605
4750,179.81860756009792,22,training_log_TD3_20260328_114546.csv,162.7787558709587
4751,259.03639233791023,49,training_log_TD3_20260328_114546.csv,166.77036951849823
4752,-9.144403259242432,200,training_log_TD3_20260328_114546.csv,158.48560871963508
4753,170.87394759081448,26,training_log_TD3_20260328_114546.csv,160.6409824607308
4754,204.26713541373977,39,training_log_TD3_20260328_114546.csv,168.24580674951994
4755,205.73476690694287,32,training_log_TD3_20260328_114546.csv,170.6462058419621
4756,171.33381368683348,33,training_log_TD3_20260328_114546.csv,171.6149198527226
4757,164.2639821674121,25,training_log_TD3_20260328_114546.csv,168.55214919375425
4758,179.32667531506513,22,training_log_TD3_20260328_114546.csv,169.86261004816922
4759,122.6576733043698,9,training_log_TD3_20260328_114546.csv,168.96686159466145
4760,181.0749019727776,24,training_log_TD3_20260328_114546.csv,172.49590250845063
4761,173.37911474205043,24,training_log_TD3_20260328_114546.csv,168.7651530357984
4762,135.55138315029353,18,training_log_TD3_20260328_114546.csv,168.93724859146914
4763,50.44867825847926,200,training_log_TD3_20260328_114546.csv,163.2150673260852
4764,177.25210333431187,27,training_log_TD3_20260328_114546.csv,162.974374391143
4765,172.91253826061626,27,training_log_TD3_20260328_114546.csv,160.07963108781183
4766,143.75400280712603,28,training_log_TD3_20260328_114546.csv,158.5335250239591
4767,131.52818770266848,105,training_log_TD3_20260328_114546.csv,157.11142457609805
4768,154.39150280477335,19,training_log_TD3_20260328_114546.csv,158.4581732534375
4769,198.6769379077368,24,training_log_TD3_20260328_114546.csv,158.35689709823885
4770,193.72754914338515,28,training_log_TD3_20260328_114546.csv,159.0523441774032
4771,137.95846876517876,13,training_log_TD3_20260328_114546.csv,152.99844799876664
4772,158.0310082278984,24,training_log_TD3_20260328_114546.csv,161.35721857312367
4773,191.00661195652668,28,training_log_TD3_20260328_114546.csv,162.3638517914093
4774,186.2823804524757,27,training_log_TD3_20260328_114546.csv,161.46461404334607
4775,149.13829475700706,14,training_log_TD3_20260328_114546.csv,158.6347904358493
4776,125.31326472405576,12,training_log_TD3_20260328_114546.csv,156.33376298771043
4777,160.4758662475669,20,training_log_TD3_20260328_114546.csv,156.14435719171814
4778,178.34483285393162,22,training_log_TD3_20260328_114546.csv,156.09526506866146
4779,178.90523408752298,27,training_log_TD3_20260328_114546.csv,158.90764310781913
4780,211.6285517829672,35,training_log_TD3_20260328_114546.csv,160.4353255983286
4781,208.99724810457627,37,training_log_TD3_20260328_114546.csv,162.2162322664549
4782,200.30163181425405,26,training_log_TD3_20260328_114546.csv,165.45374469965293
4783,239.94573791769056,48,training_log_TD3_20260328_114546.csv,174.9285976826135
4784,148.3710079214738,22,training_log_TD3_20260328_114546.csv,173.4845429119716
4785,163.05244201113214,25,training_log_TD3_20260328_114546.csv,172.9915380994974
4786,151.21197081485087,19,training_log_TD3_20260328_114546.csv,173.36443649988362
4787,137.7225144464439,12,training_log_TD3_20260328_114546.csv,173.6741528370724
4788,180.13680914658437,29,training_log_TD3_20260328_114546.csv,174.96141815416294
4789,185.833378669904,27,training_log_TD3_20260328_114546.csv,174.3192401922713
4790,159.53672298579045,18,training_log_TD3_20260328_114546.csv,172.60969888439158
4791,196.8221685073485,26,training_log_TD3_20260328_114546.csv,175.55288387150006
4792,151.9316893271603,16,training_log_TD3_20260328_114546.csv,175.24791792646315
4793,156.16017064988063,21,training_log_TD3_20260328_114546.csv,173.50559586113087
4794,212.67971032020023,35,training_log_TD3_20260328_114546.csv,174.8254623545171
4795,239.63465612920183,44,training_log_TD3_20260328_114546.csv,179.3502804231268
4796,166.1348710728388,20,training_log_TD3_20260328_114546.csv,181.39136074056597
4797,203.9516295602253,28,training_log_TD3_20260328_114546.csv,183.56514890619889
4798,197.9425990693008,32,training_log_TD3_20260328_114546.csv,184.54503721696736
4799,127.31472363903984,9,training_log_TD3_20260328_114546.csv,181.96551169454318
4800,155.2296358097879,17,training_log_TD3_20260328_114546.csv,179.14556589588423
4801,102.04017190895388,2,training_log_TD3_20260328_114546.csv,173.7977120861031
4802,181.9050838921458,23,training_log_TD3_20260328_114546.csv,172.8778846899977
4803,160.37779553781283,146,training_log_TD3_20260328_114546.csv,168.89948757100382
4804,133.406025444497,10,training_log_TD3_20260328_114546.csv,168.15123844715498
4805,137.54880161336595,14,training_log_TD3_20260328_114546.csv,166.87605642726666
4806,192.4559576501456,34,training_log_TD3_20260328_114546.csv,168.9382557690314
4807,188.75637275233237,30,training_log_TD3_20260328_114546.csv,171.48994868432584
4808,173.804348843162,21,training_log_TD3_20260328_114546.csv,171.1733256691547
4809,-50.0,1,training_log_TD3_20260328_114546.csv,159.3816567356595
4810,181.40314360032104,20,training_log_TD3_20260328_114546.csv,160.47497776638605
4811,-50.0,1,training_log_TD3_20260328_114546.csv,148.13386934101862
4812,124.45575557657824,16,training_log_TD3_20260328_114546.csv,146.76007265348952
4813,179.45295768731515,21,training_log_TD3_20260328_114546.csv,147.92471200536122
4814,170.98806726129737,39,training_log_TD3_20260328_114546.csv,145.84012985241608
4815,162.06488537939833,19,training_log_TD3_20260328_114546.csv,141.9616413149259
4816,114.06045673933016,10,training_log_TD3_20260328_114546.csv,139.35792059825047
4817,142.94230033682987,24,training_log_TD3_20260328_114546.csv,136.3074541370807
4818,206.86141670096208,31,training_log_TD3_20260328_114546.csv,136.75339501866378
4819,176.41784837242778,26,training_log_TD3_20260328_114546.csv,139.20855125533316
4820,89.55325706140422,94,training_log_TD3_20260328_114546.csv,135.924732317914
4821,143.40186479832605,14,training_log_TD3_20260328_114546.csv,137.99281696238262
4822,194.09502900173132,33,training_log_TD3_20260328_114546.csv,138.60231421786187
4823,148.21083332088878,19,training_log_TD3_20260328_114546.csv,137.99396610701567
4824,135.97011544810206,98,training_log_TD3_20260328_114546.csv,138.1221706071959
4825,29.84196618266087,200,training_log_TD3_20260328_114546.csv,132.73682883566067
4826,129.0810436101688,15,training_log_TD3_20260328_114546.csv,129.56808313366182
4827,138.28450631348335,11,training_log_TD3_20260328_114546.csv,127.04448981171939
4828,187.45417368064827,28,training_log_TD3_20260328_114546.csv,127.72698105359368
4829,150.0146731377935,19,training_log_TD3_20260328_114546.csv,137.72771471048335
4830,161.92182282613902,18,training_log_TD3_20260328_114546.csv,136.75364867177427
4831,163.22577619881287,23,training_log_TD3_20260328_114546.csv,147.4149374817149
4832,141.27026425641415,24,training_log_TD3_20260328_114546.csv,148.2556629157067
4833,139.4692818565562,13,training_log_TD3_20260328_114546.csv,146.25647912416875
4834,206.3621912363417,35,training_log_TD3_20260328_114546.csv,148.02518532292098
4835,178.68663335916682,28,training_log_TD3_20260328_114546.csv,148.8562727219094
4836,281.4553705992903,60,training_log_TD3_20260328_114546.csv,157.2260184149074
4837,-50.0,1,training_log_TD3_20260328_114546.csv,147.5789033980659
4838,140.3439023641941,17,training_log_TD3_20260328_114546.csv,144.25302768122748
4839,186.6349541175368,31,training_log_TD3_20260328_114546.csv,144.76388296848296
4840,156.93733395992797,182,training_log_TD3_20260328_114546.csv,148.13308681340914
4841,156.36639766421294,15,training_log_TD3_20260328_114546.csv,148.7813134567035
4842,240.43848489558735,48,training_log_TD3_20260328_114546.csv,151.0984862513963
4843,-50.0,1,training_log_TD3_20260328_114546.csv,141.18794458535186
4844,165.61998634457893,25,training_log_TD3_20260328_114546.csv,142.67043813017568
4845,136.32805570308898,19,training_log_TD3_20260328_114546.csv,147.9947426061971
4846,187.7431331041808,21,training_log_TD3_20260328_114546.csv,150.92784708089772
4847,187.70518331781815,25,training_log_TD3_20260328_114546.csv,153.39888093111443
4848,138.02229142010853,31,training_log_TD3_20260328_114546.csv,150.92728681808745
4849,140.5642964651781,24,training_log_TD3_20260328_114546.csv,150.45476798445668
4850,152.1646107080823,24,training_log_TD3_20260328_114546.csv,149.96690737855383
4851,158.02459777341582,22,training_log_TD3_20260328_114546.csv,149.706848457284
4852,176.45387582462854,25,training_log_TD3_20260328_114546.csv,151.4660290356947
4853,147.0347866594746,19,training_log_TD3_20260328_114546.csv,151.84430427584064
4854,203.2091044386109,26,training_log_TD3_20260328_114546.csv,151.68664993595408
4855,198.12542464038935,25,training_log_TD3_20260328_114546.csv,152.65858950001524
4856,206.21520802279463,33,training_log_TD3_20260328_114546.csv,148.89658137119045
4857,149.06037297389554,18,training_log_TD3_20260328_114546.csv,158.84960001988523
4858,162.9347596173483,18,training_log_TD3_20260328_114546.csv,159.97914288254293
4859,129.06109734795336,11,training_log_TD3_20260328_114546.csv,157.10045004406376
4860,198.6779747614389,29,training_log_TD3_20260328_114546.csv,159.1874820841393
4861,116.180820855347,5,training_log_TD3_20260328_114546.csv,157.178203243696
4862,158.4968109117849,16,training_log_TD3_20260328_114546.csv,153.0811195445059
4863,185.94905333604248,36,training_log_TD3_20260328_114546.csv,164.87857221130798
4864,-18.879135833414747,200,training_log_TD3_20260328_114546.csv,155.6536161024083
4865,143.86001259091114,15,training_log_TD3_20260328_114546.csv,156.03021394679945
4866,237.89223998173787,38,training_log_TD3_20260328_114546.csv,158.5376692906773
4867,143.52275927778513,40,training_log_TD3_20260328_114546.csv,156.32854808867563
4868,208.059618473733,29,training_log_TD3_20260328_114546.csv,159.83041444135685
4869,129.57507604074368,200,training_log_TD3_20260328_114546.csv,159.28095342013515
4870,154.8781277061973,21,training_log_TD3_20260328_114546.csv,159.4166292700409
4871,159.26024305329094,17,training_log_TD3_20260328_114546.csv,159.47841153403465
4872,192.47474557899343,27,training_log_TD3_20260328_114546.csv,160.27945502175288
4873,231.18824883963387,63,training_log_TD3_20260328_114546.csv,164.48712813076085
4874,150.49832779590955,16,training_log_TD3_20260328_114546.csv,161.8515892986258
4875,174.35385286836384,25,training_log_TD3_20260328_114546.csv,160.66301071002448
4876,136.96910993723205,16,training_log_TD3_20260328_114546.csv,157.20070580574637
4877,164.11573441475193,24,training_log_TD3_20260328_114546.csv,157.9534738777892
4878,164.63118593582288,56,training_log_TD3_20260328_114546.csv,158.0382951937129
4879,167.866975126108,20,training_log_TD3_20260328_114546.csv,159.97858908262066
4880,163.685734393579,20,training_log_TD3_20260328_114546.csv,158.22897706422765
4881,123.09406154315585,11,training_log_TD3_20260328_114546.csv,158.5746390986181
4882,149.1524810599027,17,training_log_TD3_20260328_114546.csv,158.107422606024
4883,178.07329685032747,20,training_log_TD3_20260328_114546.csv,157.71363478173822
4884,120.01643432522437,14,training_log_TD3_20260328_114546.csv,164.65841328967022
4885,179.22773720574946,28,training_log_TD3_20260328_114546.csv,166.4267995204121
4886,106.74637793009032,17,training_log_TD3_20260328_114546.csv,159.86950641782974
4887,234.0723257551552,47,training_log_TD3_20260328_114546.csv,164.39698474169825
4888,118.72560625523644,12,training_log_TD3_20260328_114546.csv,159.9302841307734
4889,197.39188489929327,34,training_log_TD3_20260328_114546.csv,163.3211245737009
4890,182.59695341245936,37,training_log_TD3_20260328_114546.csv,164.707065859014
4891,142.06580760175763,19,training_log_TD3_20260328_114546.csv,163.84734408643732
4892,187.5666149190897,33,training_log_TD3_20260328_114546.csv,163.60193755344216
4893,185.10163809749065,25,training_log_TD3_20260328_114546.csv,161.29760701633498
4894,215.5219896041541,39,training_log_TD3_20260328_114546.csv,164.5487901067472
4895,186.31014311898824,26,training_log_TD3_20260328_114546.csv,165.14660461927843
4896,133.0190647256519,81,training_log_TD3_20260328_114546.csv,164.94910235869943
4897,164.31678680404752,24,training_log_TD3_20260328_114546.csv,164.95915497816418
4898,190.3445224297472,22,training_log_TD3_20260328_114546.csv,166.24482180286043
4899,163.2543088041234,17,training_log_TD3_20260328_114546.csv,166.01418848676119
4900,170.51735220980967,23,training_log_TD3_20260328_114546.csv,166.35576937757273
4901,195.61068927845767,30,training_log_TD3_20260328_114546.csv,169.9816007643378
4902,154.99522546354285,16,training_log_TD3_20260328_114546.csv,170.2737379845198
4903,210.98056967356928,35,training_log_TD3_20260328_114546.csv,171.9191016256819
4904,166.84532452992516,24,training_log_TD3_20260328_114546.csv,174.26054613591694
4905,174.65060424799245,24,training_log_TD3_20260328_114546.csv,174.03168948802912
4906,188.85305718531865,25,training_log_TD3_20260328_114546.csv,178.13702345079054
4907,197.25911020906324,31,training_log_TD3_20260328_114546.csv,176.29636267348593
4908,175.8778808475154,30,training_log_TD3_20260328_114546.csv,179.15397640309988
4909,148.97500286175602,17,training_log_TD3_20260328_114546.csv,176.73313230122298
4910,174.9666407221167,23,training_log_TD3_20260328_114546.csv,176.35161666670587
4911,181.53188848974509,22,training_log_TD3_20260328_114546.csv,178.32492071110522
4912,100.0,1,training_log_TD3_20260328_114546.csv,173.94658996515076
4913,161.49379060235623,67,training_log_TD3_20260328_114546.csv,172.76619759039403
4914,134.9448203758518,29,training_log_TD3_20260328_114546.csv,168.73733912897893
4915,190.58289174085832,26,training_log_TD3_20260328_114546.csv,168.95097656007243
4916,184.0078201696789,23,training_log_TD3_20260328_114546.csv,171.50041433227378
4917,206.0722908638233,33,training_log_TD3_20260328_114546.csv,173.58818953526256
4918,181.11176209334832,24,training_log_TD3_20260328_114546.csv,173.12655151844262
4919,143.2525659428523,21,training_log_TD3_20260328_114546.csv,172.12646437537904
4920,211.36886026618248,42,training_log_TD3_20260328_114546.csv,174.1690397781977
4921,161.37496492996274,32,training_log_TD3_20260328_114546.csv,172.45725356077295
4922,138.53986822813775,26,training_log_TD3_20260328_114546.csv,171.6344856990027
4923,176.86487209998438,23,training_log_TD3_20260328_114546.csv,169.92870082032348
4924,189.30412256901627,23,training_log_TD3_20260328_114546.csv,171.05164072227802
4925,191.8643607584181,25,training_log_TD3_20260328_114546.csv,171.9123285477993
4926,107.07525230338724,8,training_log_TD3_20260328_114546.csv,167.82343830370274
4927,25.777467705582044,200,training_log_TD3_20260328_114546.csv,159.24935617852867
4928,205.68779431919,29,training_log_TD3_20260328_114546.csv,160.7398518521124
4929,126.25028153698374,20,training_log_TD3_20260328_114546.csv,159.60361578587379
4930,232.6137960762634,38,training_log_TD3_20260328_114546.csv,162.48597355358112
4931,169.85964741487774,32,training_log_TD3_20260328_114546.csv,161.90236149983775
4932,160.45048811541034,20,training_log_TD3_20260328_114546.csv,164.92488590560828
4933,177.505386112186,22,training_log_TD3_20260328_114546.csv,165.72546568109976
4934,119.9475880474076,13,training_log_TD3_20260328_114546.csv,164.97560406467755
4935,139.6209755916864,16,training_log_TD3_20260328_114546.csv,162.42750825721896
4936,124.10066352385478,11,training_log_TD3_20260328_114546.csv,159.43215042492776
4937,156.68483804211962,25,training_log_TD3_20260328_114546.csv,156.96277778384257
4938,174.16472767130543,27,training_log_TD3_20260328_114546.csv,156.6154260627404
4939,172.7515198436452,25,training_log_TD3_20260328_114546.csv,158.09037375778007
4940,191.4466873290073,27,training_log_TD3_20260328_114546.csv,157.0942651109213
4941,219.1623837494102,42,training_log_TD3_20260328_114546.csv,159.98363605189368
4942,158.63122629373737,21,training_log_TD3_20260328_114546.csv,160.98820395517367
4943,206.6373911675114,31,training_log_TD3_20260328_114546.csv,162.47682990855
4944,160.27011094915082,19,training_log_TD3_20260328_114546.csv,161.02512932755673
4945,135.03370235058657,11,training_log_TD3_20260328_114546.csv,158.18359640716514
4946,154.5476770021573,22,training_log_TD3_20260328_114546.csv,160.55721764210367
4947,154.43095731702957,19,training_log_TD3_20260328_114546.csv,166.98989212267605
4948,-50.0,1,training_log_TD3_20260328_114546.csv,154.20550240671653
4949,167.2752888960403,20,training_log_TD3_20260328_114546.csv,156.25675277466937
4950,103.3494255084324,191,training_log_TD3_20260328_114546.csv,149.79353424627783
4951,149.68622625659088,17,training_log_TD3_20260328_114546.csv,148.78486318836346
4952,165.76401390780603,20,training_log_TD3_20260328_114546.csv,149.05053947798325
4953,172.68790815221095,26,training_log_TD3_20260328_114546.csv,148.80966557998448
4954,173.11355840767487,24,training_log_TD3_20260328_114546.csv,151.46796409799788
4955,175.83780925375174,21,training_log_TD3_20260328_114546.csv,153.2788057811011
4956,220.59621640910203,36,training_log_TD3_20260328_114546.csv,158.10358342536352
4957,185.17219144428825,25,training_log_TD3_20260328_114546.csv,159.5279510954719
4958,149.0004287124989,18,training_log_TD3_20260328_114546.csv,158.2697361475316
4959,188.1756837317365,26,training_log_TD3_20260328_114546.csv,159.04094434193615
4960,155.47737508455165,22,training_log_TD3_20260328_114546.csv,157.24247872971335
4961,150.5413074600761,18,training_log_TD3_20260328_114546.csv,153.8114249152467
4962,166.06937718209304,24,training_log_TD3_20260328_114546.csv,154.18333245966446
4963,180.61076292223876,30,training_log_TD3_20260328_114546.csv,152.88200104740082
4964,150.88221912566328,16,training_log_TD3_20260328_114546.csv,152.41260645622646
4965,185.81882670727964,25,training_log_TD3_20260328_114546.csv,154.95186267406112
4966,170.46823326776064,25,training_log_TD3_20260328_114546.csv,155.7478904873413
4967,184.6345298741494,25,training_log_TD3_20260328_114546.csv,157.2580691151973
4968,171.75815783356472,23,training_log_TD3_20260328_114546.csv,168.3459770068755
4969,181.02115935522687,26,training_log_TD3_20260328_114546.csv,169.03327052983485
4970,-50.0,1,training_log_TD3_20260328_114546.csv,161.36579925441322
4971,147.11237665027986,14,training_log_TD3_20260328_114546.csv,161.23710677409764
4972,215.38639399345,33,training_log_TD3_20260328_114546.csv,163.71822577837983
4973,131.36888434739672,15,training_log_TD3_20260328_114546.csv,161.65227458813916
4974,156.4044561442227,37,training_log_TD3_20260328_114546.csv,160.81681947496654
4975,197.5884410369013,22,training_log_TD3_20260328_114546.csv,161.90435106412403
4976,205.7345954458603,32,training_log_TD3_20260328_114546.csv,161.16127001596195
4977,217.01834182462284,36,training_log_TD3_20260328_114546.csv,162.75357753497866
4978,147.09645544875966,15,training_log_TD3_20260328_114546.csv,162.6583788717917
4979,176.62531278621657,28,training_log_TD3_20260328_114546.csv,162.0808603245157
4980,183.8946710100283,29,training_log_TD3_20260328_114546.csv,163.50172512078956
4981,188.12322030592588,22,training_log_TD3_20260328_114546.csv,165.38082076308203
4982,193.30601101633687,26,training_log_TD3_20260328_114546.csv,166.7426524547942
4983,261.31420417268583,44,training_log_TD3_20260328_114546.csv,170.77782451731656
4984,215.24120000034253,38,training_log_TD3_20260328_114546.csv,173.99577356105053
4985,185.7046285296065,21,training_log_TD3_20260328_114546.csv,173.99006365216687
4986,184.34099251488965,24,training_log_TD3_20260328_114546.csv,174.6837016145233
4987,97.32750515990698,14,training_log_TD3_20260328_114546.csv,170.3183503788112
4988,178.1083249015373,24,training_log_TD3_20260328_114546.csv,170.6358587322098
4989,172.66814943457948,23,training_log_TD3_20260328_114546.csv,170.21820823617745
4990,211.08887853121607,34,training_log_TD3_20260328_114546.csv,183.27265216273827
4991,148.57541070157413,32,training_log_TD3_20260328_114546.csv,183.345803865303
4992,218.47885649524716,36,training_log_TD3_20260328_114546.csv,183.5004269903928
4993,170.87820420608716,31,training_log_TD3_20260328_114546.csv,185.47589298332736
4994,194.78206280727736,29,training_log_TD3_20260328_114546.csv,187.3947733164801
4995,187.3607676636136,23,training_log_TD3_20260328_114546.csv,186.8833896478157
4996,158.314646454437,22,training_log_TD3_20260328_114546.csv,184.51239219824453
4997,189.7060737805917,32,training_log_TD3_20260328_114546.csv,183.14677879604298
4998,166.1969504028242,25,training_log_TD3_20260328_114546.csv,184.10180354374623
4999,155.31576987339844,17,training_log_TD3_20260328_114546.csv,183.0363263981053
