episode,reward,steps,train_success,train_collision,train_timeout,final_distance,exploration_noise
0,-52.304648498193394,2,0,1,0,3.1789166114279186,0.2
1,5.1568731037250775,200,0,0,1,10.883483307611568,0.2
2,52.034504679436196,200,0,0,1,4.920874753078353,0.2
3,-13.776903857745236,200,0,0,1,9.337723280799311,0.2
4,-15.047764135588789,200,0,0,1,9.460507008759576,0.2
5,-50.52614855168285,200,0,0,1,13.74820034975111,0.2
6,-212.13072944229367,63,0,0,0,18.28722868998324,0.2
7,-144.27037700164067,61,0,0,0,23.326719604152913,0.2
8,-151.39827759444947,42,0,0,0,18.402446023747597,0.2
9,-210.39394988070788,50,0,0,0,23.816027016425192,0.2
10,-26.6721206942772,8,0,1,0,6.806367445645187,0.2
11,-174.82766085098297,87,0,0,0,19.438343341005528,0.2
12,-39.98163690785004,61,0,0,0,13.00795853599924,0.2
13,-48.24103995074461,2,0,1,0,5.594971091984927,0.2
14,-84.06614453128799,38,0,0,0,9.716272774795645,0.2
15,-116.05200822216177,59,0,0,0,13.55576204492871,0.2
16,-105.65905659061224,50,0,0,0,13.521064998279478,0.2
17,-24.4591506458393,47,0,0,0,6.835614630399011,0.2
18,-148.83323457539333,61,0,0,0,18.51599085759851,0.2
19,-73.6943155558873,50,0,0,0,9.879124467938222,0.2
20,-17.303650254133217,14,0,1,0,3.52757658728445,0.2
21,-122.31807587353538,59,0,0,0,16.23847578818191,0.2
22,-26.203448795289642,56,0,0,0,8.992930141453037,0.2
23,-156.6946834929376,38,0,0,0,15.028375214796698,0.2
24,-58.15067003989859,40,0,0,0,7.272359122852867,0.2
25,29.647753598935108,200,0,0,1,8.665072453532286,0.2
26,50.26395753766628,200,0,0,1,2.7241961565397417,0.2
27,-50.0,1,0,1,0,3.050122493747646,0.2
28,34.24624867155848,200,0,0,1,6.051804100729572,0.2
29,68.73213187403684,200,0,0,1,4.380295286674869,0.2
30,183.42034272908356,62,1,0,0,1.4880265677994404,0.2
31,24.776308699217342,200,0,0,1,2.784662976123316,0.2
32,152.10482927439165,107,1,0,0,1.4324536721885177,0.2
33,60.58537139589843,200,0,0,1,3.938235272915089,0.2
34,173.61870783077347,146,1,0,0,1.4062476893571723,0.2
35,229.7471949798827,176,1,0,0,1.387607864392431,0.2
36,178.34346410704688,33,1,0,0,1.4830388413335562,0.2
37,183.42512511157435,101,1,0,0,1.49567862470393,0.2
38,-11.388437576046975,24,0,1,0,4.983356405772607,0.2
39,159.99475801745365,38,1,0,0,1.47684959092169,0.2
40,-31.5542553008452,7,0,1,0,4.125779890399334,0.2
41,-50.0,1,0,1,0,7.623225788406233,0.2
42,167.43378671860808,76,1,0,0,1.4110105615424366,0.2
43,-50.0,1,0,1,0,3.010850348742369,0.2
44,-37.680236301967746,200,0,0,1,4.178141463406281,0.2
45,222.49512195771496,74,1,0,0,1.4718456887976838,0.2
46,-67.52735182704404,8,0,1,0,3.276191861084202,0.2
47,-8.284710285805573,15,0,1,0,12.330219585427379,0.2
48,-29.415351603983755,22,0,1,0,4.3397055026403315,0.2
49,-37.428047917192785,67,0,1,0,3.202719907938766,0.2
50,-27.37486570372743,34,0,1,0,4.89242522480072,0.2
51,54.512163549037,200,0,0,1,3.246634337035622,0.2
52,102.30109984827853,184,1,0,0,1.3982767227610924,0.2
53,-50.0,1,0,1,0,5.154284724650492,0.2
54,-5.341081201452944,56,0,1,0,3.184177082827518,0.2
55,-31.74526090741113,77,0,0,0,6.291546065959887,0.2
56,147.10512389310534,39,1,0,0,1.4747680238454786,0.2
57,252.03410404576724,76,1,0,0,1.4672745503406641,0.2
58,126.15848475779728,18,1,0,0,1.4538201860626747,0.2
59,-51.77962912653185,96,0,1,0,5.2749302344546445,0.2
60,189.34177128776008,54,1,0,0,1.3913983791674809,0.2
61,229.04953313393997,79,1,0,0,1.4615475586185451,0.2
62,152.56706491593533,43,1,0,0,1.4359899642294764,0.2
63,79.91203711996276,200,0,0,1,3.672408906345464,0.2
64,178.30253289293879,52,1,0,0,1.4489946178788915,0.2
65,169.45551671919176,78,1,0,0,1.451608821199407,0.2
66,229.04839013209255,63,1,0,0,1.4880077725500827,0.2
67,154.57590649126192,40,1,0,0,1.454071566286677,0.2
68,172.01871321420606,56,1,0,0,1.4706151731433754,0.2
69,176.80532594994304,83,1,0,0,1.316614531286054,0.2
70,112.65470721975665,68,1,0,0,1.4541449647225921,0.2
71,163.49192616211258,72,1,0,0,1.4992152077409329,0.2
72,146.63435324092592,115,1,0,0,1.4809356751343004,0.2
73,163.4507362877903,37,1,0,0,1.330623068985595,0.2
74,132.76183640897102,35,1,0,0,1.4558924887591864,0.2
75,153.11097500398716,42,1,0,0,1.4958614419834098,0.2
76,-50.0,1,0,1,0,7.649132187742293,0.2
77,5.5949019235880115,141,0,0,0,5.6875803397283065,0.2
78,202.483661701624,77,1,0,0,1.4169820237097606,0.2
79,255.65338095791762,180,1,0,0,1.4293104437575184,0.2
80,-38.81834725697568,20,0,1,0,3.837669308608905,0.2
81,32.22981927865427,200,0,0,1,4.132514545124327,0.2
82,163.80802232308594,38,1,0,0,1.4915376752664746,0.2
83,114.02122805760044,29,1,0,0,1.4123999220995016,0.2
84,-12.045484254392086,200,0,0,1,5.011107242343487,0.2
85,234.39669186914531,135,1,0,0,1.4119355541398844,0.2
86,14.637591376076386,200,0,0,1,4.7736600037757295,0.2
87,32.25260560101184,200,0,0,1,3.0745814696796225,0.2
88,155.21174509951751,52,1,0,0,1.4995394550967844,0.2
89,154.77606066896357,93,1,0,0,1.463829478537339,0.2
90,-3.3648478340934664,200,0,0,1,2.8606904985956256,0.2
91,175.88290256175478,48,1,0,0,1.4692885794343185,0.2
92,182.05754824698238,167,1,0,0,1.466791707961202,0.2
93,167.19741402008788,29,1,0,0,1.402207368354457,0.2
94,161.44454190559028,139,1,0,0,1.353753106085081,0.2
95,153.57947850464086,103,1,0,0,1.4880821828880568,0.2
96,177.65740308444154,87,1,0,0,1.4739355961121114,0.2
97,197.2344486583059,79,1,0,0,1.4776005791872548,0.2
98,173.96185515367338,38,1,0,0,1.3456658576053806,0.2
99,199.53671575798091,71,1,0,0,1.3426360620182825,0.2
100,17.183827434784206,200,0,0,1,2.7864848065908374,0.2
101,198.2819195389037,76,1,0,0,1.3668026096413683,0.2
102,186.75537987755524,57,1,0,0,1.3783838384198692,0.2
103,258.4715444128916,148,1,0,0,1.4138207975371087,0.2
104,146.2238052956736,38,1,0,0,1.4105342894668327,0.2
105,126.62098313064064,200,0,0,1,1.5087615752674493,0.2
106,161.65839088572633,134,1,0,0,1.3223694578233811,0.2
107,190.96767962135633,101,1,0,0,1.4619850043808083,0.2
108,136.47371794792392,49,1,0,0,1.4602463287114251,0.2
109,141.60059222941302,53,1,0,0,1.4489520351125929,0.2
110,174.52443046398264,102,1,0,0,1.4931379917041858,0.2
111,194.50885550449243,60,1,0,0,1.3795984586821877,0.2
112,191.32596124325562,66,1,0,0,1.4239310763992328,0.2
113,116.85700211656795,41,1,0,0,1.435921982184268,0.2
114,143.40073544865788,138,1,0,0,1.3450753937746718,0.2
115,177.12865187589588,35,1,0,0,1.3778158054506464,0.2
116,172.8317797341952,89,1,0,0,1.4321518319779516,0.2
117,187.82768591835213,100,1,0,0,1.4950666428235007,0.2
118,146.91692055359513,110,1,0,0,1.425078261066031,0.2
119,197.7896304953034,39,1,0,0,1.4768437371477174,0.2
120,197.63705494402484,117,1,0,0,1.468832855054669,0.2
121,151.2802864549497,58,1,0,0,1.420691802913339,0.2
122,117.3912914950484,93,1,0,0,1.4458865370760443,0.2
123,180.10222087860348,124,1,0,0,1.49131451706825,0.2
124,173.21569290513636,77,1,0,0,1.4442617641678952,0.2
125,172.9458627792976,97,1,0,0,1.464515015037377,0.2
126,55.42967110951059,200,0,0,1,2.228072149366747,0.2
127,182.90213437899354,27,1,0,0,1.4684047861193839,0.2
128,21.46199397701127,200,0,0,1,2.09809304642577,0.2
129,178.4165367204393,185,1,0,0,1.3433735343622657,0.2
130,143.35609188110047,161,1,0,0,1.4931062843082843,0.2
131,212.52631322880873,53,1,0,0,1.4281345396918992,0.2
132,163.12461975271256,67,1,0,0,1.4172833787666315,0.2
133,170.7291937693838,51,1,0,0,1.4465959708824463,0.2
134,127.67895558669716,141,1,0,0,1.3436480087930633,0.2
135,167.41849741217527,21,1,0,0,1.4692305741054035,0.2
136,203.8023893075719,47,1,0,0,1.480609605081425,0.2
137,152.41602993119005,83,1,0,0,1.4775055705310505,0.2
138,202.614924447726,179,1,0,0,1.4853229305785318,0.2
139,136.3666534955873,189,1,0,0,1.4524066765086554,0.2
140,141.65397484900237,107,1,0,0,1.4726612032787243,0.2
141,180.03503257958036,115,1,0,0,1.3907711832830498,0.2
142,179.08908720757688,60,1,0,0,1.4724512354485813,0.2
143,174.48186744943533,92,1,0,0,1.4697615780382227,0.2
144,154.21964909861595,26,1,0,0,1.4638701151948603,0.2
145,181.46276939970372,47,1,0,0,1.4219570393432157,0.2
146,181.99612244980926,108,1,0,0,1.4751413532003623,0.2
147,181.52402041590236,49,1,0,0,1.3724307503717443,0.2
148,203.82993561008215,43,1,0,0,1.3920601344130925,0.2
149,239.90105058363943,61,1,0,0,1.4502886791278018,0.2
150,9.843961885800905,200,0,0,1,3.1328752388388716,0.2
151,117.68722867521936,32,1,0,0,1.3896407752537328,0.2
152,235.0527771461729,135,1,0,0,1.4709059697647564,0.2
153,138.11443579007417,38,1,0,0,1.3693063639082976,0.2
154,137.32328353815703,52,1,0,0,1.3792446061180366,0.2
155,141.8366891819908,98,1,0,0,1.4852440257622974,0.2
156,214.73993780685132,41,1,0,0,1.2787651471332535,0.2
157,64.27563874107003,200,0,0,1,2.8283859026638143,0.2
158,178.73752612450755,31,1,0,0,1.4950196550407866,0.2
159,181.2123692707768,28,1,0,0,1.411117329165673,0.2
160,163.703074406817,30,1,0,0,1.370304958608388,0.2
161,183.49033666932007,24,1,0,0,1.4834916131479314,0.2
162,191.3446312611407,28,1,0,0,1.4395625880437604,0.2
163,202.9682633795485,66,1,0,0,1.4990184479328332,0.2
164,155.7562483974723,69,1,0,0,1.4918866384663965,0.2
165,22.78141855046203,200,0,0,1,4.117268870477736,0.2
166,180.94205873907214,25,1,0,0,1.3289964419523965,0.2
167,-67.77348405718448,128,0,0,0,8.271657610122995,0.2
168,17.137380421209777,200,0,0,1,4.262507541855108,0.2
169,54.029135354639635,200,0,0,1,3.3768522393515887,0.2
170,171.54782406416177,35,1,0,0,1.4305527771070663,0.2
171,144.48000603211116,27,1,0,0,1.3395883050922082,0.2
172,121.46141289790863,200,0,0,1,3.437855505755645,0.2
173,174.5581531167449,36,1,0,0,1.356755514090047,0.2
174,177.2336048582523,43,1,0,0,1.4652808907807913,0.2
175,-36.74576467363496,57,0,0,0,5.483646140471052,0.2
176,165.4966495492872,23,1,0,0,1.41654668637705,0.2
177,16.00158898718867,200,0,0,1,2.2776003784390704,0.2
178,148.58191497021954,123,1,0,0,1.2924680034071365,0.2
179,123.45984460564775,166,1,0,0,1.4637875498564823,0.2
180,168.35130605391544,103,1,0,0,1.4822980312789642,0.2
181,133.1820227013382,45,1,0,0,1.3173686012323205,0.2
182,253.80202494594383,61,1,0,0,1.4696108010422206,0.2
183,121.84794531840022,159,1,0,0,1.3083068346148794,0.2
184,148.00679364851518,74,1,0,0,1.360320856782409,0.2
185,127.37354502768723,17,1,0,0,1.420325644992938,0.2
186,166.3294575008248,24,1,0,0,1.4169005797487515,0.2
187,144.53858387378585,21,1,0,0,1.267053856306809,0.2
188,175.90969387373698,93,1,0,0,1.488528192110266,0.2
189,120.18169039940081,22,1,0,0,1.379292687690285,0.2
190,168.1108965182976,185,1,0,0,1.490498267953805,0.2
191,160.82858357514147,23,1,0,0,1.4613985498929085,0.2
192,38.519455076558955,200,0,0,1,3.0463040798763212,0.2
193,168.43755928474013,164,1,0,0,1.2486452433064303,0.2
194,209.88672053218164,41,1,0,0,1.316128011111657,0.2
195,168.2549590142815,36,1,0,0,1.4879174849085512,0.2
196,147.90189097382134,26,1,0,0,1.4747006737090558,0.2
197,119.34914245630165,66,1,0,0,1.4492908621852367,0.2
198,212.63415594574235,39,1,0,0,1.4795893575112145,0.2
199,164.60184138556713,40,1,0,0,1.4970138028885915,0.2
200,170.44860458451427,89,1,0,0,1.4274295973041105,0.2
201,135.08737402100155,103,1,0,0,1.4822581232311423,0.2
202,142.73793940632063,55,1,0,0,1.4982986865838104,0.2
203,159.01003458886308,32,1,0,0,1.4245032396659099,0.2
204,188.7598333646805,73,1,0,0,1.439894061553303,0.2
205,114.7002676322968,133,1,0,0,1.4779303725496533,0.2
206,163.49539382835994,41,1,0,0,1.4708928781026267,0.2
207,113.27473010139525,138,1,0,0,1.488232120620963,0.2
208,175.04264537732632,24,1,0,0,1.3356626517874544,0.2
209,218.3585640798186,39,1,0,0,1.3927241262029606,0.2
210,197.52746683706062,104,1,0,0,1.4885218026541107,0.2
211,22.391368160091055,200,0,0,1,1.920644296077445,0.2
212,133.52605711085994,108,1,0,0,1.3271981911810835,0.2
213,170.53431603852124,38,1,0,0,1.393449397352418,0.2
214,122.42959298704483,44,1,0,0,1.2797582481361638,0.2
215,-50.0,1,0,1,0,6.742832646271881,0.2
216,139.56633979205034,14,1,0,0,1.4615057204850643,0.2
217,168.20275427261492,30,1,0,0,1.2629220384622915,0.2
218,152.0945736204231,25,1,0,0,1.4229305621246036,0.2
219,156.50319443026368,86,1,0,0,1.4403151884912662,0.2
220,231.99198974707488,57,1,0,0,1.4587034388145248,0.2
221,245.04732374388902,49,1,0,0,1.4405713381720875,0.2
222,134.9064404127771,80,1,0,0,1.4565542510990785,0.2
223,178.91335590385785,33,1,0,0,1.3251998831184795,0.2
224,161.08366636884008,68,1,0,0,1.3605795801365799,0.2
225,276.2127313448284,79,1,0,0,1.430847844575581,0.2
226,171.57218926922775,42,1,0,0,1.4935708876920182,0.2
227,267.8780110213305,53,1,0,0,1.308402158479018,0.2
228,198.92751519965856,34,1,0,0,1.3100999493948924,0.2
229,64.71876095129056,200,0,0,1,3.0631141037064054,0.2
230,180.18150481729083,77,1,0,0,1.4970345298020284,0.2
231,169.6427647522824,136,1,0,0,1.483794175556585,0.2
232,158.03883378385075,33,1,0,0,1.2710343505574022,0.2
233,205.63269913703766,30,1,0,0,1.4769060981682158,0.2
234,120.54889483249035,73,1,0,0,1.4919609628426853,0.2
235,228.2774294643427,71,1,0,0,1.4001129483393038,0.2
236,161.68054161256165,26,1,0,0,1.344486592373856,0.2
237,178.2588774598246,73,1,0,0,1.4839300488802036,0.2
238,169.5827279052519,29,1,0,0,1.3814339439749863,0.2
239,149.77973624290038,33,1,0,0,1.37943113924992,0.2
240,155.528160079585,20,1,0,0,1.4787554773290175,0.2
241,180.7629240136949,28,1,0,0,1.4956168822921445,0.2
242,177.03129642162216,58,1,0,0,1.4798628432722736,0.2
243,145.2222311169701,24,1,0,0,1.38181111428778,0.2
244,157.68817661440178,59,1,0,0,1.4874715768777795,0.2
245,134.97336745324085,74,1,0,0,1.4867352559746727,0.2
246,166.07004026560918,28,1,0,0,1.3356974374978503,0.2
247,171.62410455572518,62,1,0,0,1.4255473279144966,0.2
248,172.3595239438989,23,1,0,0,1.4967360942901273,0.2
249,156.7629656002232,16,1,0,0,1.4116180652763226,0.2
250,138.40931281793672,34,1,0,0,1.3941537258233117,0.2
251,266.37911091133753,60,1,0,0,1.441135335480647,0.2
252,163.52501671184723,44,1,0,0,1.4999261381175983,0.2
253,-50.0,1,0,1,0,3.0391762202292414,0.2
254,177.68801656111555,40,1,0,0,1.358895136607031,0.2
255,200.52949096986913,32,1,0,0,1.3837144270980253,0.2
256,186.75264541628178,35,1,0,0,1.4162116159908993,0.2
257,149.22641216875633,22,1,0,0,1.3932827041482123,0.2
258,125.66884881948488,54,1,0,0,1.309786086826847,0.2
259,207.2494873339176,33,1,0,0,1.4633265110871774,0.2
260,30.449264245411992,200,0,0,1,2.165751662662006,0.2
261,173.13426810365607,53,1,0,0,1.4752402474492041,0.2
262,23.38647829103934,200,0,0,1,2.2450192321461353,0.2
263,195.52781462183236,35,1,0,0,1.473437225565448,0.2
264,184.91964391218218,37,1,0,0,1.262758012844259,0.2
265,-3.188888010724135,200,0,0,1,3.2798680581527977,0.2
266,-24.888797586876073,18,0,1,0,6.629694964965624,0.2
267,192.97644798439234,35,1,0,0,1.498967838245505,0.2
268,185.97957958729097,23,1,0,0,1.3359399568893282,0.2
269,186.8056658179492,57,1,0,0,1.4820282421442676,0.2
270,197.0720341328404,146,1,0,0,1.4761165418465374,0.2
271,263.99081367582244,76,1,0,0,1.472784138042807,0.2
272,170.10492156780998,32,1,0,0,1.3847573114023066,0.2
273,175.97597784747444,36,1,0,0,1.4753535541293186,0.2
274,75.57513156264044,200,0,0,1,2.108226158090247,0.2
275,158.48122700305944,19,1,0,0,1.4286241297051196,0.2
276,-13.931868596414702,13,0,1,0,3.7412606340114434,0.2
277,169.68294464966584,34,1,0,0,1.335262579586771,0.2
278,201.5439258033703,56,1,0,0,1.4781912945405649,0.2
279,39.62144739111912,200,0,0,1,4.156453027869091,0.2
280,-50.0,1,0,1,0,4.2413257036982115,0.2
281,143.72067997590858,75,1,0,0,1.4324995384925767,0.2
282,-50.0,1,0,1,0,6.449535098903739,0.2
283,62.24037263272592,200,0,0,1,2.2199318448879524,0.2
284,197.40525911009362,45,1,0,0,1.4221029901884268,0.2
285,142.7148326557982,200,0,0,1,2.136637190157395,0.2
286,34.62878022556879,200,0,0,1,2.7091310720342983,0.2
287,224.65221604189082,41,1,0,0,1.3659197421335658,0.2
288,248.5249005127404,50,1,0,0,1.4237302683119253,0.2
289,9.813391441648621,200,0,0,1,2.078904565433398,0.2
290,189.7972657264624,32,1,0,0,1.3653527540770567,0.2
291,176.68802792845077,42,1,0,0,1.4628213159870174,0.2
292,166.94679410913133,21,1,0,0,1.4232694932175523,0.2
293,158.67564400331466,28,1,0,0,1.3295400977647915,0.2
294,163.14344729101623,28,1,0,0,1.4014641850088594,0.2
295,142.2348251537155,34,1,0,0,1.2523014019610113,0.2
296,59.23090294772209,200,0,0,1,2.3346382707343545,0.2
297,160.5396430280459,34,1,0,0,1.3513786190722572,0.2
298,157.18399423468824,27,1,0,0,1.4372623841755523,0.2
299,176.20133434317782,31,1,0,0,1.4575008761744237,0.2
300,185.69387623564282,51,1,0,0,1.4388870503907902,0.2
301,240.10755588500206,75,1,0,0,1.3972256328197408,0.2
302,163.19565595174933,25,1,0,0,1.484401442818936,0.2
303,224.74286122812066,48,1,0,0,1.4363868668969706,0.2
304,29.729882560177735,200,0,0,1,3.396900465821383,0.2
305,197.2156601736399,37,1,0,0,1.4977004219454246,0.2
306,151.87488896508273,26,1,0,0,1.4881556810224832,0.2
307,173.57525782475253,18,1,0,0,1.2549506491110511,0.2
308,175.1709084116594,30,1,0,0,1.3826503320300851,0.2
309,129.16526097567237,171,1,0,0,1.4513689791597921,0.2
310,-50.0,1,0,1,0,4.6212444556343435,0.2
311,158.60709626255777,27,1,0,0,1.4745379740618316,0.2
312,178.48253799398861,28,1,0,0,1.1600779388543925,0.2
313,139.66675441627316,17,1,0,0,1.4301799016500043,0.2
314,146.39459645492693,25,1,0,0,1.462100702206553,0.2
315,253.24247674633858,74,1,0,0,1.4515546246042046,0.2
316,157.31436289650685,28,1,0,0,1.4310512918064655,0.2
317,189.24116107657562,85,1,0,0,1.4754366262468905,0.2
318,180.62850693427612,25,1,0,0,1.4992187236006826,0.2
319,180.44549816058324,58,1,0,0,1.4900662459541625,0.2
320,115.338047415044,20,1,0,0,1.4260967452733975,0.2
321,191.97450756423524,31,1,0,0,1.3037007847077084,0.2
322,122.85969480798349,19,1,0,0,1.4571127848122911,0.2
323,152.0577252269911,146,1,0,0,1.4468952912069597,0.2
324,218.9387432457719,40,1,0,0,1.2331615787972838,0.2
325,221.51116748932395,51,1,0,0,1.4362176217697225,0.2
326,159.99435962357302,126,1,0,0,1.4290698944347213,0.2
327,174.2735492713049,37,1,0,0,1.3655835667244132,0.2
328,223.24189226717795,35,1,0,0,1.3803938751944838,0.2
329,114.72057721319973,103,1,0,0,1.4437334370939299,0.2
330,188.17118368616468,32,1,0,0,1.3605359701641184,0.2
331,191.60243889797613,36,1,0,0,1.2932511827723379,0.2
332,168.82719061497696,38,1,0,0,1.3547191367441591,0.2
333,233.96053369148385,48,1,0,0,1.3689789513584882,0.2
334,132.9747842102803,118,1,0,0,1.486939144443932,0.2
335,186.63162422458146,40,1,0,0,1.4042276841463124,0.2
336,-11.360401176884523,118,0,0,0,4.249504794461138,0.2
337,-50.0,1,0,1,0,9.959923125072198,0.2
338,143.1081189687661,20,1,0,0,1.4669103466555036,0.2
339,176.3946631815079,28,1,0,0,1.2960108688975354,0.2
340,187.31707144833905,170,1,0,0,1.4506860135821795,0.2
341,169.02565028283038,26,1,0,0,1.3718507956237123,0.2
342,174.6973495237586,49,1,0,0,1.3938717643073346,0.2
343,166.33954544390016,20,1,0,0,1.4930982050206274,0.2
344,249.23625700384648,54,1,0,0,1.2966604776718391,0.2
345,144.7093388802145,18,1,0,0,1.1917432313502685,0.2
346,41.73581656292517,200,0,0,1,2.800770467535834,0.2
347,167.54543612209378,56,1,0,0,1.481734392060951,0.2
348,152.60215674564517,26,1,0,0,1.344596669177531,0.2
349,143.03510858120748,30,1,0,0,1.405971089352575,0.2
350,168.3174429122364,25,1,0,0,1.4420137918787246,0.2
351,22.55336239837466,49,0,0,0,4.674386665022731,0.2
352,168.889334492717,40,1,0,0,1.3272931006737374,0.2
353,153.91285407211421,30,1,0,0,1.3646725452636472,0.2
354,235.36525786481667,56,1,0,0,1.3809664403524622,0.2
355,-50.0,1,0,1,0,1.3512585405935615,0.2
356,185.6955594857796,31,1,0,0,1.496012135222706,0.2
357,144.6642800806083,32,1,0,0,1.476044807413627,0.2
358,206.11939000798716,44,1,0,0,1.3341538507261252,0.2
359,186.4740333499111,39,1,0,0,1.4788173971486345,0.2
360,156.55022855854762,26,1,0,0,1.4255801421812455,0.2
361,178.9925477718607,30,1,0,0,1.4366742011236033,0.2
362,140.39904168836736,44,1,0,0,1.4678876903071314,0.2
363,17.112777873050874,200,0,0,1,4.517766746849384,0.2
364,160.61017172217714,36,1,0,0,1.3853839946505206,0.2
365,191.30213800231274,41,1,0,0,1.364608841643868,0.2
366,-20.62427191999622,200,0,0,1,3.3448378847889577,0.2
367,169.4383063144441,40,1,0,0,1.3742322655483241,0.2
368,155.06916130945945,27,1,0,0,1.448403500480037,0.2
369,198.99031479887336,47,1,0,0,1.3947172735652937,0.2
370,184.16319743984437,32,1,0,0,1.4317736265331558,0.2
371,201.0793407110378,41,1,0,0,1.442910708429237,0.2
372,186.5265294933991,32,1,0,0,1.45869456491254,0.2
373,141.30452935617126,13,1,0,0,1.2128067300466092,0.2
374,181.38357139088947,156,1,0,0,1.4484119480702717,0.2
375,167.33509425140656,75,1,0,0,1.4384336980675558,0.2
376,146.61976055280394,40,1,0,0,1.4731775383895924,0.2
377,159.10450522190212,75,1,0,0,1.4857860012696498,0.2
378,212.8077782223184,38,1,0,0,1.4549414595768269,0.2
379,162.6807396588777,31,1,0,0,1.3351544782477356,0.2
380,105.26812259585765,4,1,0,0,1.3383762732476139,0.2
381,138.74144857874762,34,1,0,0,1.4597145450798017,0.2
382,180.90885529099478,36,1,0,0,1.3558076808448718,0.2
383,135.03157338840822,17,1,0,0,1.4874270214548064,0.2
384,168.07193527158756,52,1,0,0,1.4473734260651132,0.2
385,170.12058666279722,32,1,0,0,1.3593146774237082,0.2
386,171.39037197652678,164,1,0,0,1.4613739126398575,0.2
387,181.80010400548235,53,1,0,0,1.3935890324361553,0.2
388,198.27463960898893,27,1,0,0,1.2619050849765496,0.2
389,189.53921106660258,89,1,0,0,1.4390199997229767,0.2
390,167.32479040577113,24,1,0,0,1.4933940769129916,0.2
391,212.47654636659325,38,1,0,0,1.4429042354570654,0.2
392,189.32339950508253,24,1,0,0,1.3740618920067602,0.2
393,161.62470534231093,47,1,0,0,1.2982645580342875,0.2
394,181.2813457815376,32,1,0,0,1.4304371661162472,0.2
395,184.2585884148766,59,1,0,0,1.4077761091479821,0.2
396,140.99685772159754,27,1,0,0,1.4270971380824433,0.2
397,188.80318833654974,25,1,0,0,1.3323513125007662,0.2
398,155.75905629868163,26,1,0,0,1.3237576932398745,0.2
399,160.15840923420907,48,1,0,0,1.4608804159915307,0.2
400,158.55184038792567,41,1,0,0,1.3737286505270037,0.2
401,166.82549963255002,21,1,0,0,1.4692482960892999,0.2
402,153.4470347898211,20,1,0,0,1.4973078629216294,0.2
403,201.08214408532382,37,1,0,0,1.4800089750255572,0.2
404,206.32758913767142,40,1,0,0,1.439104357960463,0.2
405,174.81845122562038,28,1,0,0,1.4670083104258356,0.2
406,145.86130689315144,15,1,0,0,1.3985348458064566,0.2
407,176.90460640030506,29,1,0,0,1.3921798901544933,0.2
408,163.4118797809344,21,1,0,0,1.3973518506012528,0.2
409,161.58188162156603,38,1,0,0,1.3681087310158877,0.2
410,171.81386793662773,31,1,0,0,1.293532504031114,0.2
411,135.52991481437476,29,1,0,0,1.4945770208473432,0.2
412,193.61673236422214,27,1,0,0,1.2539061356867138,0.2
413,151.60296530624578,16,1,0,0,1.1637075763262936,0.2
414,144.9683593664022,49,1,0,0,1.4009056627749288,0.2
415,170.73033648343923,26,1,0,0,1.2901214936148084,0.2
416,194.98398086223,43,1,0,0,1.485845504925732,0.2
417,199.43898870329633,27,1,0,0,1.3421377812653177,0.2
418,236.97611412866019,49,1,0,0,1.3795614223396497,0.2
419,179.71292600539147,33,1,0,0,1.3646618205384118,0.2
420,176.5486497819598,22,1,0,0,1.1898223366377665,0.2
421,146.9106915075169,19,1,0,0,1.3230445520441645,0.2
422,162.52411848906127,25,1,0,0,1.270058210873133,0.2
423,199.3559809385742,31,1,0,0,1.497992815900847,0.2
424,165.6456648030312,31,1,0,0,1.465615619551399,0.2
425,241.47137499286615,51,1,0,0,1.4596031325499674,0.2
426,172.40842521018433,28,1,0,0,1.4882372402216892,0.2
427,156.3661746948516,14,1,0,0,1.1514068336684151,0.2
428,191.64986364439835,26,1,0,0,1.495847729911923,0.2
429,14.06010866843151,17,0,1,0,3.876616879146054,0.2
430,145.57955350483516,21,1,0,0,1.3731823731627817,0.2
431,239.33841494679834,51,1,0,0,1.3233753633850305,0.2
432,40.755948271267414,200,0,0,1,3.28563201237868,0.2
433,185.1155160862288,40,1,0,0,1.4038469869101915,0.2
434,61.580308529090104,200,0,0,1,2.2348460067430915,0.2
435,224.56042390214338,53,1,0,0,1.4634304187857257,0.2
436,164.04716956750727,23,1,0,0,1.4035185116309965,0.2
437,199.54385450467595,51,1,0,0,1.4791865437598881,0.2
438,-50.0,1,0,1,0,2.976182830475455,0.2
439,123.24311900698282,73,1,0,0,1.4681611146271596,0.2
440,116.60076656208969,9,1,0,0,1.4859406699968831,0.2
441,195.8768951094509,40,1,0,0,1.297844447401496,0.2
442,175.973267677404,43,1,0,0,1.4999392553089137,0.2
443,213.79025556488412,46,1,0,0,1.376672947095249,0.2
444,170.9734682704579,27,1,0,0,1.4351969310025174,0.2
445,221.91888736428513,44,1,0,0,1.380171091280248,0.2
446,186.55431241193162,48,1,0,0,1.366072908135231,0.2
447,183.75884762689486,56,1,0,0,1.499813148357417,0.2
448,141.86267686266189,106,1,0,0,1.4474181209219468,0.2
449,185.21796199482515,25,1,0,0,1.326177179590721,0.2
450,173.7348273718817,33,1,0,0,1.4589179919356756,0.2
451,151.27974867654015,40,1,0,0,1.392221284779585,0.2
452,196.98504202264596,92,1,0,0,1.445996717426268,0.2
453,199.00156090137742,41,1,0,0,1.4147405920851974,0.2
454,188.0833887215784,32,1,0,0,1.4228308719886675,0.2
455,143.42131643375143,26,1,0,0,1.484337742547161,0.2
456,170.12437434985526,54,1,0,0,1.4640875322752058,0.2
457,249.02518331858903,54,1,0,0,1.2563262996817344,0.2
458,159.36743031815348,26,1,0,0,1.3883761396472478,0.2
459,171.36774132409997,143,1,0,0,1.1606486752406728,0.2
460,207.38967707717907,29,1,0,0,1.3541232440108055,0.2
461,169.9330875023402,30,1,0,0,1.3149986793719413,0.2
462,179.17007290226348,36,1,0,0,1.479547028524286,0.2
463,166.57527185944332,22,1,0,0,1.3608368239902533,0.2
464,162.6057558219008,17,1,0,0,1.1306992083700826,0.2
465,162.45907949310623,44,1,0,0,1.4140386594440923,0.2
466,178.94931704870734,23,1,0,0,1.2550648358147583,0.2
467,238.93949804125077,50,1,0,0,1.4025510620893533,0.2
468,138.24683665083882,40,1,0,0,1.4955911729542763,0.2
469,179.3700960732843,39,1,0,0,1.4947796527800026,0.2
470,151.60191402426346,18,1,0,0,1.3537995981783393,0.2
471,183.8813806508802,31,1,0,0,1.4413212397837867,0.2
472,202.4145167548671,25,1,0,0,1.306533857492829,0.2
473,224.95582876689633,48,1,0,0,1.4445598405121844,0.2
474,243.8293185949807,47,1,0,0,1.487765817452292,0.2
475,171.03507092664597,34,1,0,0,1.438111128067241,0.2
476,163.00881350410214,39,1,0,0,1.1680046354020968,0.2
477,171.0106193709637,30,1,0,0,1.4119092323360833,0.2
478,172.31812146070067,51,1,0,0,1.4292880217540873,0.2
479,151.34551495762202,154,1,0,0,1.483051505731308,0.2
480,156.10279450985473,19,1,0,0,1.3291825412827833,0.2
481,263.67237373363434,53,1,0,0,1.443383583615952,0.2
482,213.8794089532886,103,1,0,0,1.3181522654522702,0.2
483,196.92415409899166,60,1,0,0,1.4929040999081575,0.2
484,190.86739475439563,80,1,0,0,1.493048086292022,0.2
485,164.30712621743422,25,1,0,0,1.4864331245634474,0.2
486,154.65288519475325,64,1,0,0,1.4408122856719312,0.2
487,156.37561352930828,83,1,0,0,1.283780881580043,0.2
488,144.51525121950627,115,1,0,0,1.410580536006124,0.2
489,169.45775624406429,191,1,0,0,1.4885912761539613,0.2
490,213.46964181721773,44,1,0,0,1.3931471009581533,0.2
491,54.0223728793927,200,0,0,1,1.8031174485822345,0.2
492,158.01451378099222,24,1,0,0,1.3112604991559584,0.2
493,192.04669923659577,35,1,0,0,1.3654035717830095,0.2
494,139.4018368942975,35,1,0,0,1.331336372890238,0.2
495,169.12284295456195,22,1,0,0,1.449095858975378,0.2
496,184.56547171183223,38,1,0,0,1.216181853423601,0.2
497,49.546747035474276,200,0,0,1,2.719290983658055,0.2
498,258.37369218230026,57,1,0,0,1.4550447100224675,0.2
499,137.9777669308516,23,1,0,0,1.3132392144826606,0.2
500,170.1344098756187,40,1,0,0,1.1167705484287993,0.2
501,177.08350078031367,35,1,0,0,1.4738973595141422,0.2
502,197.3689112271833,50,1,0,0,1.4805959893393859,0.2
503,173.05053449534557,22,1,0,0,1.4578782292960273,0.2
504,160.6648884568213,29,1,0,0,1.3995671955523772,0.2
505,178.5177080130445,30,1,0,0,1.3218869040725925,0.2
506,170.51581821523547,36,1,0,0,1.1734218088069068,0.2
507,135.26443238860256,17,1,0,0,1.1535213653192093,0.2
508,193.33088535105065,49,1,0,0,1.3093114299668644,0.2
509,128.50687588043712,147,1,0,0,1.4937511875144698,0.2
510,189.35777991021428,37,1,0,0,1.453338685379577,0.2
511,200.51103134071963,36,1,0,0,1.422413099637163,0.2
512,165.49702128351254,25,1,0,0,1.391895228054634,0.2
513,210.04057231899262,35,1,0,0,1.3464464926085675,0.2
514,175.17535062817308,22,1,0,0,1.2406101693220037,0.2
515,187.84042927474837,30,1,0,0,1.1341029295598013,0.2
516,158.14381919570994,21,1,0,0,1.4950440778703205,0.2
517,161.57002897967948,74,1,0,0,1.4639150026818373,0.2
518,123.74663842190512,111,1,0,0,1.433959165015573,0.2
519,217.64449066575446,37,1,0,0,1.446913337003014,0.2
520,195.12569376952672,28,1,0,0,1.414032448769768,0.2
521,151.92177743053486,27,1,0,0,1.466458001233295,0.2
522,154.19145270969483,16,1,0,0,1.4573955119170114,0.2
523,216.81861119845385,27,1,0,0,1.2600681640269837,0.2
524,148.50697683008045,36,1,0,0,1.274947601093405,0.2
525,158.55862174985685,131,1,0,0,1.3799983607578494,0.2
526,184.65326291393592,29,1,0,0,1.4758228709764907,0.2
527,154.2129603038564,16,1,0,0,1.3718545652316019,0.2
528,153.67531832773773,51,1,0,0,1.4213074409001873,0.2
529,-50.0,1,0,1,0,3.7940664488920457,0.2
530,165.6019433512289,20,1,0,0,1.369537892113234,0.2
531,154.53435046106154,39,1,0,0,1.492683163761637,0.2
532,97.22373631781026,9,1,0,0,1.381560734171542,0.2
533,177.32912190574694,26,1,0,0,1.3516469294231512,0.2
534,172.87506549575778,40,1,0,0,1.469451920464584,0.2
535,166.30880600875642,24,1,0,0,1.2363411286919814,0.2
536,145.96917950720925,41,1,0,0,1.4568685804017734,0.2
537,171.99246927916013,33,1,0,0,1.478190721086839,0.2
538,5.316636102675236,200,0,0,1,3.566990697764548,0.2
539,174.8617610682976,48,1,0,0,1.4998674960860787,0.2
540,104.82176411149696,30,1,0,0,1.4356048818222455,0.2
541,121.8986983896793,14,1,0,0,1.47604174087385,0.2
542,147.6329526670281,19,1,0,0,1.2543835308979379,0.2
543,168.8366962218149,113,1,0,0,1.4459546733246762,0.2
544,185.2914614030193,35,1,0,0,1.4057961431677963,0.2
545,188.9860696748062,33,1,0,0,1.3775689565984826,0.2
546,187.80010325786327,87,1,0,0,1.461124306223862,0.2
547,180.32827946090504,35,1,0,0,1.363475660568927,0.2
548,174.04385442186702,25,1,0,0,1.47855151405958,0.2
549,192.49878062791234,84,1,0,0,1.4928464222461981,0.2
550,128.76433236770998,82,1,0,0,1.3491811344877611,0.2
551,133.88208381545076,14,1,0,0,1.305249412799143,0.2
552,203.7062862209827,32,1,0,0,1.4729501661625557,0.2
553,149.702563053442,114,1,0,0,1.3907681590552357,0.2
554,8.059811887387225,200,0,0,1,2.493651585273766,0.2
555,168.725667752309,33,1,0,0,1.3747485609015309,0.2
556,148.87508738633534,15,1,0,0,1.4985984096620908,0.2
557,149.87145610132671,23,1,0,0,1.4957164325606496,0.2
558,179.4530343198282,30,1,0,0,1.4304674837442548,0.2
559,246.1408009896636,52,1,0,0,1.4120222620904181,0.2
560,147.82155425071306,32,1,0,0,1.4987273892423503,0.2
561,125.78924361120687,66,1,0,0,1.3808546148675744,0.2
562,188.74293679376188,33,1,0,0,1.4701634868626527,0.2
563,194.25962367177445,52,1,0,0,1.346143946589704,0.2
564,115.32981988397188,22,1,0,0,1.424868669689835,0.2
565,-50.0,1,0,1,0,6.405285298885236,0.2
566,171.36122069189497,26,1,0,0,1.3862406835948022,0.2
567,189.98133645528623,39,1,0,0,1.2094393420953573,0.2
568,145.17108379555665,24,1,0,0,1.4930236008772353,0.2
569,-37.80049492190092,5,0,1,0,5.83643378688065,0.2
570,200.4986534922582,25,1,0,0,1.3077069235440277,0.2
571,162.93152711196677,36,1,0,0,1.4488472639191494,0.2
572,167.10756494049056,31,1,0,0,1.3802694421387742,0.2
573,256.47684920370773,57,1,0,0,1.4568715693470404,0.2
574,173.6432518867593,27,1,0,0,1.2705995458815227,0.2
575,152.73685508466787,25,1,0,0,1.387778325600887,0.2
576,222.2386761829119,38,1,0,0,1.2685286109410674,0.2
577,152.49115676348038,30,1,0,0,1.4211008310244844,0.2
578,125.73429427612024,16,1,0,0,1.4550212702296628,0.2
579,191.87907149892044,29,1,0,0,1.4504157726456828,0.2
580,113.87303247595153,14,1,0,0,1.334967168788127,0.2
581,167.9935434896246,19,1,0,0,1.335605926582889,0.2
582,188.17304731291745,24,1,0,0,1.367594617321704,0.2
583,-50.0,1,0,1,0,4.826820925390655,0.2
584,194.69172954033712,25,1,0,0,1.0755363015075146,0.2
585,185.26234018658562,41,1,0,0,1.358909288356387,0.2
586,141.31892962417322,50,1,0,0,1.264978902219275,0.2
587,179.96429566150016,28,1,0,0,1.3936471419385104,0.2
588,187.33099701821308,58,1,0,0,1.3915074555728124,0.2
589,137.88116587226403,28,1,0,0,1.4684589181598644,0.2
590,162.30197750143455,30,1,0,0,1.4249667433778752,0.2
591,180.7030145809585,36,1,0,0,1.489999402745103,0.2
592,224.5629526965875,44,1,0,0,1.3923302049824313,0.2
593,160.23969504002736,32,1,0,0,1.4546560429956295,0.2
594,140.16593221319374,23,1,0,0,1.4380859340232113,0.2
595,261.00822443040124,59,1,0,0,1.4588139442119676,0.2
596,128.87234416301015,50,1,0,0,1.4544320676185991,0.2
597,156.29164179719245,31,1,0,0,1.3690874727005684,0.2
598,132.07845140084305,24,1,0,0,1.4202360343502063,0.2
599,55.19922009830274,200,0,0,1,1.6853716307860733,0.2
600,126.87088978754014,85,1,0,0,1.4838531928689058,0.2
601,170.3872975592928,30,1,0,0,1.496823921612825,0.2
602,37.32177999895941,200,0,0,1,2.6871899983351892,0.2
603,171.72997756180337,48,1,0,0,1.4256754403909213,0.2
604,192.83570293449168,164,1,0,0,1.4887564719946909,0.2
605,201.0175762595726,43,1,0,0,1.4608515534694848,0.2
606,239.85687950543453,48,1,0,0,1.4690542254899495,0.2
607,128.63013012529618,12,1,0,0,1.2695282115579705,0.2
608,212.78324610389467,55,1,0,0,1.411216793604654,0.2
609,265.10585813203716,69,1,0,0,1.481829591690057,0.2
610,144.93171155212013,20,1,0,0,1.497737020674992,0.2
611,210.6203140819754,44,1,0,0,1.2536345658909982,0.2
612,173.71451572903567,26,1,0,0,1.203044126871436,0.2
613,197.9133933860233,33,1,0,0,1.2491016736880336,0.2
614,174.33379591886194,33,1,0,0,1.367788990193913,0.2
615,169.78855420447252,28,1,0,0,1.382345879592304,0.2
616,179.6952509812039,28,1,0,0,1.3594239936236447,0.2
617,171.49827073927776,24,1,0,0,1.4318239532457062,0.2
618,192.33332562665143,31,1,0,0,1.308440738438183,0.2
619,123.17977433231414,103,1,0,0,1.3849383916583182,0.2
620,173.12173232808897,33,1,0,0,1.4894903274644145,0.2
621,203.70168246595216,74,1,0,0,1.4831616729330044,0.2
622,39.46704246999884,200,0,0,1,3.084080896015494,0.2
623,156.83585715693118,42,1,0,0,1.473141704743348,0.2
624,-9.201046958800395,200,0,0,1,2.538147936258847,0.2
625,237.4585691327308,47,1,0,0,1.3909725033007416,0.2
626,169.7344608525047,36,1,0,0,1.397354379749581,0.2
627,131.11235592438797,82,1,0,0,1.4647989242383077,0.2
628,152.66212643687652,16,1,0,0,1.4851578114323989,0.2
629,235.57643832059648,85,1,0,0,1.3192308423326087,0.2
630,190.3344519377705,26,1,0,0,1.3982720035108427,0.2
631,168.98355495536487,23,1,0,0,1.4006330778697211,0.2
632,197.8415037240886,39,1,0,0,1.3624779712463282,0.2
633,177.91243822038942,39,1,0,0,1.410952909507966,0.2
634,173.91885239691442,25,1,0,0,1.2922264774243273,0.2
635,161.03312988910707,87,1,0,0,1.446168916369228,0.2
636,171.93069010601704,21,1,0,0,1.4127420221170157,0.2
637,175.39983916855675,62,1,0,0,1.4411339422056886,0.2
638,159.6498672843671,24,1,0,0,1.3170499722035764,0.2
639,24.682923594271582,200,0,0,1,2.0077729012436016,0.2
640,134.18252753456755,20,1,0,0,1.487629683832078,0.2
641,186.36029606028717,39,1,0,0,1.325365546436641,0.2
642,176.9602238822864,20,1,0,0,1.3852505019785883,0.2
643,204.30532846672924,34,1,0,0,1.4314682599462873,0.2
644,124.0342175288203,8,1,0,0,1.4550684634399766,0.2
645,162.54762614485168,26,1,0,0,1.237716296864474,0.2
646,213.57261249670046,34,1,0,0,1.4999652318483956,0.2
647,246.02984045313715,66,1,0,0,1.4945230681046824,0.2
648,190.47932239054472,29,1,0,0,1.4928094190881644,0.2
649,129.28999507829448,27,1,0,0,1.4597512789177145,0.2
650,165.22588954342677,30,1,0,0,1.3859150557769337,0.2
651,143.00447467701554,27,1,0,0,1.4389674076202386,0.2
652,-50.0,1,0,1,0,6.20407772559807,0.2
653,158.79942406773793,43,1,0,0,1.4946402681272593,0.2
654,169.0605908362244,35,1,0,0,1.4239458336296142,0.2
655,188.53047258709327,59,1,0,0,1.3496594882097777,0.2
656,190.73251718204932,25,1,0,0,1.4117685952197019,0.2
657,-23.532535115409754,9,0,1,0,5.643856080202677,0.2
658,14.354163381190446,200,0,0,1,2.1288997415887683,0.2
659,147.48500534329912,38,1,0,0,1.4296862287269907,0.2
660,160.6241293565727,23,1,0,0,1.4230353104724673,0.2
661,156.910548426553,33,1,0,0,1.3351158188665013,0.2
662,192.85339330879538,32,1,0,0,1.2990078451174558,0.2
663,127.99158489717387,11,1,0,0,1.3710698718055843,0.2
664,165.24402903534826,35,1,0,0,1.2876459326846788,0.2
665,170.05954045843828,22,1,0,0,1.2832260527824673,0.2
666,157.6392652943766,28,1,0,0,1.3577747430205414,0.2
667,-50.0,1,0,1,0,3.3579954427920566,0.2
668,194.6510402578501,28,1,0,0,1.2372218724208321,0.2
669,170.41772341198092,25,1,0,0,1.385255573474294,0.2
670,121.17670799039024,19,1,0,0,1.4323353560240955,0.2
671,154.00983806417216,45,1,0,0,1.465311128673514,0.2
672,190.09944619593824,38,1,0,0,1.1323386774760933,0.2
673,175.0085526497514,50,1,0,0,1.4933368089180807,0.2
674,168.23965042599758,23,1,0,0,1.4181522065985808,0.2
675,161.8594682565525,23,1,0,0,1.4405182160322723,0.2
676,183.0559704078202,25,1,0,0,1.4718354223196606,0.2
677,167.05509355493342,22,1,0,0,1.4827680467221762,0.2
678,262.9453203991061,57,1,0,0,1.4299596643747619,0.2
679,152.2986638685204,26,1,0,0,1.4744879113853286,0.2
680,230.63312528814507,48,1,0,0,1.4090148021501467,0.2
681,186.14238962838678,27,1,0,0,1.4877664243270603,0.2
682,165.77378460742412,36,1,0,0,1.325436381914901,0.2
683,153.50680441461452,27,1,0,0,1.4882888270751742,0.2
684,150.1258241773631,39,1,0,0,1.4803106813500577,0.2
685,140.81897091664842,15,1,0,0,1.4196563305158656,0.2
686,119.68022890447529,48,1,0,0,1.480781719933776,0.2
687,169.7456984515038,22,1,0,0,1.2946383982133465,0.2
688,170.07735973281882,36,1,0,0,1.4934688987079223,0.2
689,191.9962877515481,117,1,0,0,1.3937358723303306,0.2
690,18.314369495185524,200,0,0,1,1.735424820727796,0.2
691,189.6132427033812,27,1,0,0,1.3331761768183268,0.2
692,204.81068844256546,40,1,0,0,1.2163863804149004,0.2
693,194.3534771108774,42,1,0,0,1.3777893964000385,0.2
694,155.03078271549649,22,1,0,0,1.4490535266471491,0.2
695,195.97252631740514,34,1,0,0,1.1816512714823604,0.2
696,135.0267268681671,33,1,0,0,1.3079125669516165,0.2
697,169.0382145849012,22,1,0,0,1.0886902101107465,0.2
698,162.13002474087955,29,1,0,0,1.4498234854425502,0.2
699,238.17027128207226,76,1,0,0,1.493807239537473,0.2
700,170.28510450505738,33,1,0,0,1.4497100824321398,0.2
701,173.47396508530414,54,1,0,0,1.3981476700164357,0.2
702,169.24265913203192,24,1,0,0,1.472548478183775,0.2
703,168.44155927265373,31,1,0,0,1.3611073388363364,0.2
704,147.040789408516,26,1,0,0,1.3895481976432087,0.2
705,7.020120526373611,200,0,0,1,4.293251755712816,0.2
706,193.03515390704067,47,1,0,0,1.3947863856624843,0.2
707,185.19683781244936,27,1,0,0,1.2064405033900614,0.2
708,197.45884234437983,32,1,0,0,1.2890440617958014,0.2
709,205.30060764004082,29,1,0,0,1.3957171251982883,0.2
710,179.06391557257967,28,1,0,0,1.2995583259312382,0.2
711,171.7307881505361,28,1,0,0,1.3950737470001002,0.2
712,201.30637257391135,39,1,0,0,1.4185812555643238,0.2
713,171.39655861656138,27,1,0,0,1.4037373971731482,0.2
714,145.17129915417027,136,1,0,0,1.4542328120543748,0.2
715,129.72051999463392,26,1,0,0,1.2466074357340715,0.2
716,177.01596958951524,33,1,0,0,1.4223863230493237,0.2
717,227.199739416934,41,1,0,0,1.4011185142290685,0.2
718,174.82489929300175,36,1,0,0,1.4675023415565216,0.2
719,135.5850070778164,17,1,0,0,1.3950888278423539,0.2
720,187.0128938865651,46,1,0,0,1.4966781912091591,0.2
721,224.27685849253777,46,1,0,0,1.499817778685524,0.2
722,141.46834863289956,16,1,0,0,1.4664432688747555,0.2
723,167.73443269178682,36,1,0,0,1.4909090721151184,0.2
724,164.02607166777912,24,1,0,0,1.49165489242981,0.2
725,255.26304750386853,67,1,0,0,1.494941092827031,0.2
726,186.64453035544983,50,1,0,0,1.492723694383753,0.2
727,195.26557573405265,31,1,0,0,1.4668755371642028,0.2
728,107.85298588982769,6,1,0,0,1.479884349777211,0.2
729,118.17756076220199,10,1,0,0,1.372905629608628,0.2
730,172.2580276497652,25,1,0,0,1.4740131337327231,0.2
731,161.31463106566414,21,1,0,0,1.4807233994771438,0.2
732,176.19881599304475,21,1,0,0,1.3246333185634547,0.2
733,-50.0,1,0,1,0,4.84664217104509,0.2
734,190.28068745206215,32,1,0,0,1.4888056329556898,0.2
735,210.6906784336489,41,1,0,0,1.331853160394758,0.2
736,47.39353677385505,200,0,0,1,2.0396598690715066,0.2
737,174.30590077102914,28,1,0,0,1.2842674679409791,0.2
738,150.21531933001995,25,1,0,0,1.2576261199485408,0.2
739,144.39837369811448,40,1,0,0,1.4694020224526219,0.2
740,163.60756703487039,31,1,0,0,1.4390114449514428,0.2
741,137.24652261212975,13,1,0,0,1.4249927920468806,0.2
742,135.62709085087013,26,1,0,0,1.4823827750588674,0.2
743,196.1203193764602,58,1,0,0,1.498278598943037,0.2
744,155.1723633664556,27,1,0,0,1.498910789200107,0.2
745,169.5703556972802,30,1,0,0,1.2470023944004873,0.2
746,173.42965315311466,32,1,0,0,1.3347197967968811,0.2
747,174.27111184234903,110,1,0,0,1.4267065992307328,0.2
748,203.1522516897649,45,1,0,0,1.4132254444725343,0.2
749,173.81942556397163,25,1,0,0,1.4057905939161204,0.2
750,164.9166228723933,20,1,0,0,1.332367271196565,0.2
751,167.6609084282133,31,1,0,0,1.2534927651672902,0.2
752,172.0135123090706,29,1,0,0,1.4169728119366967,0.2
753,149.40896542943418,15,1,0,0,1.3255282663778478,0.2
754,149.9030629440987,109,1,0,0,1.465010070594107,0.2
755,184.21538262390294,40,1,0,0,1.238779623448498,0.2
756,109.41349735693157,5,1,0,0,1.4606111383387248,0.2
757,157.2138542969529,21,1,0,0,1.3675868991962634,0.2
758,161.09936819466432,27,1,0,0,1.388844309552671,0.2
759,132.20404951468268,19,1,0,0,1.4310678305813935,0.2
760,210.09591189747127,37,1,0,0,1.43300991992288,0.2
761,139.21795457636225,17,1,0,0,1.1709750517203072,0.2
762,171.41661875328552,26,1,0,0,1.423877271620867,0.2
763,89.72823076357085,121,1,0,0,1.4807756348026926,0.2
764,177.5907050701918,40,1,0,0,1.411593359172851,0.2
765,176.31465231116704,67,1,0,0,1.429143129578939,0.2
766,165.46075831925998,25,1,0,0,1.4842573347391983,0.2
767,205.71639162950038,35,1,0,0,1.3972724222245798,0.2
768,243.5630703955758,40,1,0,0,1.3350068330127636,0.2
769,135.9025395019171,45,1,0,0,1.0988046326891547,0.2
770,108.06186046757917,5,1,0,0,1.3264102405899298,0.2
771,141.3570099619135,33,1,0,0,1.4999103114515109,0.2
772,193.1351127632904,41,1,0,0,1.4470409524105399,0.2
773,167.62579899091014,25,1,0,0,1.321094872068811,0.2
774,195.76934766247598,34,1,0,0,1.3593344900554836,0.2
775,195.37490388373357,28,1,0,0,1.2573721759012393,0.2
776,163.53036697944438,26,1,0,0,1.203620871221689,0.2
777,171.33477829506683,21,1,0,0,1.498130048214309,0.2
778,132.81698501462472,19,1,0,0,1.3460919612598887,0.2
779,146.31539683291163,22,1,0,0,1.2698685854898946,0.2
780,139.9378576467918,48,1,0,0,1.4506508099883022,0.2
781,-14.602919031097866,200,0,0,1,3.4657342777187368,0.2
782,143.87707114232057,14,1,0,0,1.4608194950124374,0.2
783,115.8024885448798,108,1,0,0,1.4348191875323768,0.2
784,147.00733253303238,27,1,0,0,1.3005849845349382,0.2
785,148.63097900698057,20,1,0,0,1.390289703198524,0.2
786,222.7952350962251,43,1,0,0,1.412712350506634,0.2
787,208.97274055004004,26,1,0,0,1.30516805475225,0.2
788,198.08790177930092,38,1,0,0,1.4872084964675063,0.2
789,-24.00456259913061,200,0,0,1,2.3274932481585275,0.2
790,232.8614928000041,49,1,0,0,1.1085433113198244,0.2
791,139.28934443192009,17,1,0,0,1.1900111160513802,0.2
792,174.15184113853843,24,1,0,0,1.2668548556108723,0.2
793,189.54054010931767,30,1,0,0,1.2914256511620719,0.2
794,148.289612619629,23,1,0,0,1.356912024458631,0.2
795,259.4442636586838,53,1,0,0,1.232238062555562,0.2
796,141.57578149678204,35,1,0,0,1.3803748091737307,0.2
797,131.57464878027056,14,1,0,0,1.4736439169361901,0.2
798,173.67409546917492,26,1,0,0,1.2947639929845802,0.2
799,153.3580651103112,46,1,0,0,1.498844892590364,0.2
800,165.45740629408212,20,1,0,0,1.4236269437253999,0.2
801,178.70187735473243,27,1,0,0,1.1619945463428845,0.2
802,196.57063125509245,27,1,0,0,1.4696009758121797,0.2
803,242.52293832752778,48,1,0,0,1.3482737050642721,0.2
804,125.693365095132,11,1,0,0,1.3444754663158445,0.2
805,147.2276734115717,16,1,0,0,1.136299367650552,0.2
806,158.80367037882993,32,1,0,0,1.1879163538789335,0.2
807,130.7272052385315,74,1,0,0,1.4204101532720532,0.2
808,230.2062567142392,43,1,0,0,1.4717951385529844,0.2
809,155.26856301799373,26,1,0,0,1.4116545651610641,0.2
810,174.86525143990357,66,1,0,0,1.4738749541523306,0.2
811,-50.0,1,0,1,0,9.441663413988389,0.2
812,235.86599275972094,55,1,0,0,1.4766406037074598,0.2
813,-50.0,1,0,1,0,3.9250157201670817,0.2
814,244.46305569637525,49,1,0,0,1.2671024922875604,0.2
815,150.53110715473463,19,1,0,0,1.4711564463084246,0.2
816,130.48644515948627,24,1,0,0,1.3130706674690307,0.2
817,160.73258594413664,146,1,0,0,1.45718378527282,0.2
818,191.5113316824826,49,1,0,0,1.4164160697442625,0.2
819,137.59241677200933,14,1,0,0,1.2585256868794503,0.2
820,140.5792674572969,35,1,0,0,1.308649628710595,0.2
821,199.2061207779395,25,1,0,0,1.2645724834777983,0.2
822,152.1272488666686,22,1,0,0,1.4064613458051838,0.2
823,153.87341318441725,21,1,0,0,1.4214011697810445,0.2
824,170.82942734340614,31,1,0,0,1.3567897384623568,0.2
825,183.85250303239823,29,1,0,0,1.335021917585217,0.2
826,152.3414368712028,37,1,0,0,1.444818522769409,0.2
827,178.68405352193417,29,1,0,0,1.4992569858063993,0.2
828,141.75004202609654,46,1,0,0,1.2425553311128,0.2
829,183.464119575396,30,1,0,0,1.3787886197724326,0.2
830,205.66500212277444,28,1,0,0,1.3119737094699209,0.2
831,-50.0,1,0,1,0,5.265811676015943,0.2
832,10.962149151970529,200,0,0,1,3.8422836940586307,0.2
833,215.74541170706738,44,1,0,0,1.4010700005838093,0.2
834,193.04843409242937,39,1,0,0,1.3330770170532416,0.2
835,212.91199717551274,43,1,0,0,1.4417292958655794,0.2
836,165.2704999939488,29,1,0,0,1.2700502408434469,0.2
837,174.441022760985,26,1,0,0,1.3235103405343467,0.2
838,161.52984370846866,23,1,0,0,1.2255537680271562,0.2
839,192.7180121846743,25,1,0,0,1.4398856862355596,0.2
840,212.55165398287932,90,1,0,0,1.3707670091856752,0.2
841,192.81409397131722,50,1,0,0,1.4402819299166287,0.2
842,168.2708124181862,21,1,0,0,1.3568253462878461,0.2
843,182.39449195218793,41,1,0,0,1.204729709195799,0.2
844,150.87086200206036,25,1,0,0,1.4448702115570986,0.2
845,179.53884899635833,24,1,0,0,1.2841248885428918,0.2
846,190.9567898081799,25,1,0,0,1.2854642724056877,0.2
847,160.50732555533955,54,1,0,0,1.3284030641650915,0.2
848,219.18222588280696,46,1,0,0,1.4947893138394095,0.2
849,155.38794133698752,21,1,0,0,1.40152211399798,0.2
850,133.02035004431872,16,1,0,0,1.4209269193937613,0.2
851,169.08547283080458,40,1,0,0,1.163903656784858,0.2
852,166.1716675283265,24,1,0,0,1.3066323607188532,0.2
853,183.3980050013218,21,1,0,0,1.1729338280957913,0.2
854,228.5262455612838,123,1,0,0,1.4981280472193321,0.2
855,185.48257403049786,34,1,0,0,1.3786234762993403,0.2
856,146.76823418099173,50,1,0,0,1.4171191158325702,0.2
857,203.93702058756338,34,1,0,0,1.4109350023154739,0.2
858,111.66218355392535,50,1,0,0,1.4858961235945676,0.2
859,-50.0,1,0,1,0,4.138639199564289,0.2
860,178.52431609074497,47,1,0,0,1.4107721474638837,0.2
861,192.59962223163814,27,1,0,0,1.3225975265437937,0.2
862,167.34938633734436,20,1,0,0,1.1500494075154593,0.2
863,172.61398247725512,39,1,0,0,1.4547381251633682,0.2
864,159.32266167734133,25,1,0,0,1.353080340086067,0.2
865,187.9059833942359,37,1,0,0,1.459173683477611,0.2
866,146.2582328032913,28,1,0,0,1.4238830424967108,0.2
867,140.25559669796849,30,1,0,0,1.4220301084086637,0.2
868,160.6105096139472,23,1,0,0,1.2996799595775144,0.2
869,154.34725754543288,28,1,0,0,1.497065910392035,0.2
870,202.64740129422574,34,1,0,0,1.349891328175084,0.2
871,169.74583633830562,52,1,0,0,1.454860159967596,0.2
872,153.84589165848988,50,1,0,0,1.499245271176624,0.2
873,170.52186673219265,34,1,0,0,1.2721694562710453,0.2
874,174.7058875659368,41,1,0,0,1.3633775450588683,0.2
875,120.48185133166095,97,1,0,0,1.436180505302663,0.2
876,171.25152875841584,21,1,0,0,1.4412195539740873,0.2
877,260.33900502144246,62,1,0,0,1.4804262866060223,0.2
878,174.07005044504194,28,1,0,0,1.2719810701202001,0.2
879,169.9218133820682,38,1,0,0,1.499097542617599,0.2
880,5.999707269519754,200,0,0,1,2.661699139639173,0.2
881,193.38604782946283,28,1,0,0,1.3489280158983314,0.2
882,115.69177122449364,193,1,0,0,1.3528695398027324,0.2
883,136.06359563868585,38,1,0,0,1.484446997311749,0.2
884,192.83492526342354,23,1,0,0,1.0618794666900293,0.2
885,144.64796159947701,12,1,0,0,1.2152308496799842,0.2
886,172.47419400750124,25,1,0,0,1.2574794648805472,0.2
887,173.66120745661226,27,1,0,0,1.3076017802468964,0.2
888,153.36553237491245,20,1,0,0,1.264725940087881,0.2
889,142.11442343746765,27,1,0,0,1.4706211135327074,0.2
890,105.94666041401237,4,1,0,0,1.4256818639122464,0.2
891,149.43855884242035,44,1,0,0,1.4468614412094942,0.2
892,167.67240779584128,31,1,0,0,1.485385400017058,0.2
893,130.5984011141831,14,1,0,0,1.4740544716376853,0.2
894,164.36571065076168,17,1,0,0,1.2156392711271564,0.2
895,164.0068337977662,20,1,0,0,1.2340927230362475,0.2
896,194.65563660023287,30,1,0,0,1.2392295461626388,0.2
897,124.42836953055203,14,1,0,0,1.4365313654589946,0.2
898,211.60987728188434,40,1,0,0,1.2880343833301087,0.2
899,165.54328261986342,29,1,0,0,1.342300416548772,0.2
900,189.85051714443256,29,1,0,0,1.4128269042707258,0.2
901,177.47070242135288,24,1,0,0,1.4574864129188316,0.2
902,150.50560135097186,19,1,0,0,1.3618444714100102,0.2
903,151.0293815051515,19,1,0,0,1.3819133939063823,0.2
904,202.3719543036642,37,1,0,0,1.4064527407569163,0.2
905,214.18869286264203,48,1,0,0,1.2285066380914733,0.2
906,169.87650865384728,81,1,0,0,1.4653590142518218,0.2
907,170.0622655133139,21,1,0,0,1.2317666155396716,0.2
908,206.0129219866207,47,1,0,0,1.3906038589713625,0.2
909,182.04785283036983,32,1,0,0,1.4656035935905354,0.2
910,143.67669378294264,23,1,0,0,1.3704430837709034,0.2
911,132.69594472590023,16,1,0,0,1.4261291471655289,0.2
912,165.5797557590202,25,1,0,0,1.4348583999683777,0.2
913,165.98164369530372,27,1,0,0,1.4531559068086515,0.2
914,166.02796669456603,158,1,0,0,1.4747777484111904,0.2
915,154.73750894741175,45,1,0,0,1.4766747507377702,0.2
916,171.12153742451284,26,1,0,0,1.2370781061225915,0.2
917,148.95237100783092,20,1,0,0,1.36075405223144,0.2
918,143.6240396972876,30,1,0,0,1.3538758055136884,0.2
919,224.33877743462477,41,1,0,0,1.4834385498554548,0.2
920,-50.0,1,0,1,0,4.9905872762978705,0.2
921,132.4665481274843,22,1,0,0,1.3916939553528862,0.2
922,170.2306868195168,26,1,0,0,1.4204482258117943,0.2
923,169.58946235102917,31,1,0,0,1.4708344001807152,0.2
924,167.2427446827294,38,1,0,0,1.4555123274856574,0.2
925,221.47475748967275,45,1,0,0,1.3134511179973214,0.2
926,186.59672695891476,26,1,0,0,1.4988834036368124,0.2
927,141.16415704932757,19,1,0,0,1.410958899949251,0.2
928,126.27399574882276,16,1,0,0,1.3030138556518704,0.2
929,160.89449679857137,19,1,0,0,1.3493045410760542,0.2
930,167.5819328660603,31,1,0,0,1.3971063774232384,0.2
931,171.684495371328,19,1,0,0,1.0804042778453429,0.2
932,133.36173228640706,69,1,0,0,1.4690869791894907,0.2
933,145.14361718790792,160,1,0,0,1.4424232223297389,0.2
934,167.7532104920688,24,1,0,0,1.3268596694461103,0.2
935,149.5175554560941,22,1,0,0,1.4193664185620347,0.2
936,154.83901776177393,36,1,0,0,1.3754320390936539,0.2
937,172.0240572110622,33,1,0,0,1.2688236687447876,0.2
938,164.09993588640435,26,1,0,0,1.469683082794903,0.2
939,153.5435966718806,22,1,0,0,1.3311675821928608,0.2
940,146.90933143444758,21,1,0,0,1.2809527144947925,0.2
941,185.13224157035668,25,1,0,0,1.2479411689364839,0.2
942,139.62380297053727,20,1,0,0,1.4594218372904293,0.2
943,158.60704200575682,22,1,0,0,1.408176592614703,0.2
944,219.45013748155165,63,1,0,0,1.4966986623745109,0.2
945,170.06477588655014,35,1,0,0,1.4733293497212803,0.2
946,161.56214728761705,30,1,0,0,1.325269588876778,0.2
947,215.5957572292569,47,1,0,0,1.3695024269133507,0.2
948,172.64497124955068,27,1,0,0,1.4079898249385523,0.2
949,165.71276748557062,26,1,0,0,1.4174765587979612,0.2
950,195.7999567780128,41,1,0,0,1.408924491399839,0.2
951,169.6854065780401,76,1,0,0,1.428545950078439,0.2
952,160.71240357755377,42,1,0,0,1.4604292748872283,0.2
953,263.491573864805,57,1,0,0,1.2452881693522555,0.2
954,135.58505833803574,17,1,0,0,1.1698711995383462,0.2
955,151.56206297793577,25,1,0,0,1.1756338056172062,0.2
956,258.7983846482439,126,1,0,0,1.44721252057769,0.2
957,170.76426269581003,26,1,0,0,1.4236538522118516,0.2
958,145.86980523962967,21,1,0,0,1.3873862410500324,0.2
959,183.86016599108552,24,1,0,0,1.457671004558336,0.2
960,146.80311215291778,22,1,0,0,1.2718475747656415,0.2
961,174.98202802374288,21,1,0,0,1.4784546542534385,0.2
962,146.25579518416131,73,1,0,0,1.2625446680140133,0.2
963,124.64048031905583,17,1,0,0,1.277442442503701,0.2
964,159.38957571959048,30,1,0,0,1.4980713731203879,0.2
965,132.71344077874727,27,1,0,0,1.4024470395461903,0.2
966,-50.0,1,0,1,0,2.803947365412649,0.2
967,162.2350348922306,20,1,0,0,1.465264129183436,0.2
968,161.54925406154075,118,1,0,0,1.2894804298243314,0.2
969,22.70630474346775,200,0,0,1,2.2755817491602848,0.2
970,201.9338835622254,31,1,0,0,1.4958471488970924,0.2
971,155.85604186931192,16,1,0,0,1.3051603932076272,0.2
972,184.67423887155076,32,1,0,0,1.3060671901186587,0.2
973,148.14810543205087,92,1,0,0,1.4763601872662284,0.2
974,170.78485853809832,28,1,0,0,1.3265361676050293,0.2
975,181.62467829767346,34,1,0,0,1.2384341117415567,0.2
976,139.25133848989165,14,1,0,0,1.0767617128006195,0.2
977,172.06140428786694,34,1,0,0,1.2710426241819022,0.2
978,59.67084106334273,200,0,0,1,1.889346940965612,0.2
979,183.09898283393693,31,1,0,0,1.372598850656473,0.2
980,165.38510688599496,32,1,0,0,1.478717828881314,0.2
981,188.09443920105886,32,1,0,0,1.2429006149052815,0.2
982,143.32481475585286,13,1,0,0,1.4640448296893005,0.2
983,144.1367807730278,18,1,0,0,1.2982743318106011,0.2
984,170.10290168032827,35,1,0,0,1.2454850842888316,0.2
985,148.61539840527382,22,1,0,0,1.1854999828198691,0.2
986,174.06992924477146,25,1,0,0,1.4663227445427032,0.2
987,162.48843076491684,22,1,0,0,1.3255356565119911,0.2
988,139.46061311997374,23,1,0,0,1.3196504442533203,0.2
989,259.74995212005274,59,1,0,0,1.40462464274661,0.2
990,163.424352672136,31,1,0,0,1.3967078551517131,0.2
991,159.47449361849846,38,1,0,0,1.3830793122821816,0.2
992,163.50135840149935,28,1,0,0,1.481427406882643,0.2
993,201.94099584592277,46,1,0,0,1.2179591093441535,0.2
994,180.42037230347168,23,1,0,0,1.4875344079409267,0.2
995,195.20735322339507,35,1,0,0,1.3860523413118007,0.2
996,145.80637657747562,22,1,0,0,1.2612958120468303,0.2
997,170.59623835737113,22,1,0,0,1.2819981319162517,0.2
998,158.69531156202467,26,1,0,0,1.4804932713815917,0.2
999,191.9336878874018,26,1,0,0,1.4408069368695922,0.2
1000,189.62686476626385,29,1,0,0,1.2410433972707304,0.2
1001,140.63185774403664,16,1,0,0,1.36059721290447,0.2
1002,165.51844173669735,23,1,0,0,1.3237773203950638,0.2
1003,54.15088347716166,200,0,0,1,2.540812826957891,0.2
1004,181.98519761316726,32,1,0,0,1.4577535937735677,0.2
1005,246.53393520709452,49,1,0,0,1.3240820068907744,0.2
1006,180.64977122615497,27,1,0,0,1.4554171809981336,0.2
1007,224.2296451944606,45,1,0,0,1.3889235737422263,0.2
1008,216.56118565716991,35,1,0,0,1.378320004126423,0.2
1009,194.82106419742382,42,1,0,0,1.4623788782123754,0.2
1010,198.8582144892423,34,1,0,0,1.3923924063775899,0.2
1011,184.99313932295922,31,1,0,0,1.351239485239242,0.2
1012,159.16644319580402,29,1,0,0,1.378610824423752,0.2
1013,232.02854092202384,42,1,0,0,1.2645078962932306,0.2
1014,214.1504068659757,43,1,0,0,1.4228962388406503,0.2
1015,169.0776061095209,29,1,0,0,1.410674603497852,0.2
1016,121.01589213530292,9,1,0,0,1.1625049070839142,0.2
1017,135.61321551180293,17,1,0,0,1.4495014660791072,0.2
1018,180.8474755523529,25,1,0,0,1.3741593562006043,0.2
1019,153.186084793787,200,0,0,1,2.756029856592092,0.2
1020,189.16908189652736,28,1,0,0,1.2944961592987947,0.2
1021,165.11997581801043,24,1,0,0,1.2210262537976317,0.2
1022,185.10464137353551,39,1,0,0,1.4597927617183684,0.2
1023,163.27213258740272,22,1,0,0,1.356947757469337,0.2
1024,216.6981066683589,99,1,0,0,1.4899791239664968,0.2
1025,156.7606799140443,21,1,0,0,1.4788706578336628,0.2
1026,187.4610988052358,31,1,0,0,1.3492555527445151,0.2
1027,155.23948760441257,25,1,0,0,1.3161396831529764,0.2
1028,184.16967006852607,33,1,0,0,1.3512821007530014,0.2
1029,-7.9202395911739965,200,0,0,1,2.6432574252299834,0.2
1030,-50.0,1,0,1,0,5.407111364754947,0.2
1031,150.433437667254,25,1,0,0,1.3502206307604123,0.2
1032,-50.0,1,0,1,0,3.3173310983414037,0.2
1033,155.8812487376623,34,1,0,0,1.4855794221007794,0.2
1034,162.53021593574417,25,1,0,0,1.2370424200902446,0.2
1035,150.78429253765506,25,1,0,0,1.399991753597972,0.2
1036,152.54234817597265,25,1,0,0,1.3905220997030168,0.2
1037,140.0406937284639,99,1,0,0,1.4667122129822106,0.2
1038,151.81187903013213,27,1,0,0,1.456712384194865,0.2
1039,162.13312963323537,22,1,0,0,1.3096208169173817,0.2
1040,196.00039789406753,36,1,0,0,1.396915490391886,0.2
1041,162.4822083080967,18,1,0,0,1.169671120898325,0.2
1042,169.32192512970352,30,1,0,0,1.2738460808742587,0.2
1043,168.76168733723253,22,1,0,0,1.4463312127326042,0.2
1044,24.165530663537062,200,0,0,1,2.970000628582164,0.2
1045,206.66300309835637,34,1,0,0,1.3970865404340147,0.2
1046,-50.0,1,0,1,0,5.349374824194147,0.2
1047,182.91041869372668,42,1,0,0,1.3684803142774635,0.2
1048,124.35972020365051,43,1,0,0,1.454693796353664,0.2
1049,-50.0,1,0,1,0,2.688575868623844,0.2
1050,193.72409232698723,34,1,0,0,1.3429890999691365,0.2
1051,158.27204468096778,24,1,0,0,1.3918880503352067,0.2
1052,156.4821051879496,24,1,0,0,1.3563847147614088,0.2
1053,258.9559686309989,54,1,0,0,1.4853129991439544,0.2
1054,173.8311141866584,27,1,0,0,1.3930025052528499,0.2
1055,-50.0,1,0,1,0,6.330119291023558,0.2
1056,140.76696420849467,17,1,0,0,1.2343077976118118,0.2
1057,183.68288146840257,36,1,0,0,1.3103164484207983,0.2
1058,204.82016274356286,25,1,0,0,1.1083901442635593,0.2
1059,163.40480485959324,45,1,0,0,1.4447598313524939,0.2
1060,166.71142132251268,41,1,0,0,1.3082833012912498,0.2
1061,189.42981038755119,35,1,0,0,1.3651985586674138,0.2
1062,178.17765692840254,24,1,0,0,1.3122792025441634,0.2
1063,178.99769315666282,21,1,0,0,1.414730699606394,0.2
1064,154.95099073922577,19,1,0,0,1.3376411533625103,0.2
1065,104.98944003682817,12,1,0,0,1.4934888300944864,0.2
1066,170.91716251136754,28,1,0,0,1.371049846896824,0.2
1067,212.46801377365236,45,1,0,0,1.46352854883113,0.2
1068,183.68324224785565,31,1,0,0,1.4968697977483925,0.2
1069,178.1697490745475,42,1,0,0,1.4246109641154603,0.2
1070,188.0015019468368,28,1,0,0,1.3101669114832675,0.2
1071,148.94251558427658,19,1,0,0,1.3286546379152215,0.2
1072,141.8450965101008,27,1,0,0,1.493638721852854,0.2
1073,173.8351163215232,25,1,0,0,1.340580706969919,0.2
1074,194.95931617673756,35,1,0,0,1.4515651723025884,0.2
1075,144.9475012308793,18,1,0,0,1.4230376648572651,0.2
1076,171.19409185165594,22,1,0,0,1.4962515904121456,0.2
1077,177.52189875436866,19,1,0,0,1.2348787267851058,0.2
1078,185.9722012546029,34,1,0,0,1.247171561759193,0.2
1079,165.10013007097808,27,1,0,0,1.274064990733469,0.2
1080,180.35170214402382,24,1,0,0,1.3351013137325765,0.2
1081,221.79651195157862,38,1,0,0,1.2569038753755324,0.2
1082,123.97921286223644,18,1,0,0,1.150682387702995,0.2
1083,115.47561479816585,8,1,0,0,1.3049445491917475,0.2
1084,151.47675029442348,20,1,0,0,1.4689354641396948,0.2
1085,172.90581827617422,25,1,0,0,1.4912745419851068,0.2
1086,174.1513011032623,27,1,0,0,1.4180447898275197,0.2
1087,172.93101070444493,40,1,0,0,1.3084942308159988,0.2
1088,190.65505107213846,33,1,0,0,1.4601236133431112,0.2
1089,175.66510977253603,49,1,0,0,1.4518788498370854,0.2
1090,211.75356380910918,31,1,0,0,1.3560853817294527,0.2
1091,188.38339480855547,32,1,0,0,1.336502221402752,0.2
1092,116.75765524709095,10,1,0,0,1.282082037584704,0.2
1093,115.98210088853833,94,1,0,0,1.483312075030668,0.2
1094,-50.0,1,0,1,0,9.187539445526493,0.2
1095,240.82577232750307,46,1,0,0,1.306505901337664,0.2
1096,183.05324483606216,29,1,0,0,1.3666916419327977,0.2
1097,179.66623127875903,36,1,0,0,1.3748990514125627,0.2
1098,212.35330041161555,38,1,0,0,1.3474578179994345,0.2
1099,174.2009150835486,32,1,0,0,1.4873097410885867,0.2
1100,154.5439638238202,18,1,0,0,1.4908806065207854,0.2
1101,187.51788283902206,34,1,0,0,1.433045667758041,0.2
1102,195.92829256109167,58,1,0,0,1.4991291531795115,0.2
1103,192.4775520512942,26,1,0,0,1.4640845084490137,0.2
1104,203.48208690811254,42,1,0,0,1.33178299437837,0.2
1105,181.61390051862335,39,1,0,0,1.4583672487001134,0.2
1106,223.33731723514512,44,1,0,0,1.4408036765726182,0.2
1107,135.25267153497003,15,1,0,0,1.3696075413958633,0.2
1108,177.36791778024684,27,1,0,0,1.4004440960819022,0.2
1109,264.42339453453604,60,1,0,0,1.3941793552766406,0.2
1110,160.37972540595578,29,1,0,0,1.4450884883141883,0.2
1111,172.01037229323583,41,1,0,0,1.334349910688134,0.2
1112,171.65138779441165,29,1,0,0,1.3993542879577825,0.2
1113,186.73151232862364,28,1,0,0,1.4468983480841584,0.2
1114,162.718977893758,26,1,0,0,1.2804358390420152,0.2
1115,154.83637443397015,24,1,0,0,1.3674369327024019,0.2
1116,153.07429195646984,22,1,0,0,1.355623081183074,0.2
1117,134.70339449728326,25,1,0,0,1.4191806732484817,0.2
1118,187.40216204506962,32,1,0,0,1.4674782607612908,0.2
1119,51.046020034309976,200,0,0,1,1.7476967265526233,0.2
1120,161.25957962947072,24,1,0,0,1.4039498646598754,0.2
1121,114.21936390648152,8,1,0,0,1.468612202211249,0.2
1122,163.07076829533082,25,1,0,0,1.3152819026547147,0.2
1123,207.76535809047925,32,1,0,0,1.3572374884102503,0.2
1124,174.31581078212363,30,1,0,0,1.2923659115940729,0.2
1125,160.35422738817942,31,1,0,0,1.487547450607274,0.2
1126,161.38277658833388,22,1,0,0,1.4439524771443049,0.2
1127,136.56670382377928,16,1,0,0,1.2596241410907019,0.2
1128,125.52035476375062,52,1,0,0,1.451436429710966,0.2
1129,202.9042245683106,33,1,0,0,1.4301083992605075,0.2
1130,179.53734442152387,23,1,0,0,1.3942444331323092,0.2
1131,122.4625263477676,12,1,0,0,1.4577354346929927,0.2
1132,179.26796738308104,39,1,0,0,1.4426853001887774,0.2
1133,32.10977549068008,200,0,0,1,2.1374275112195202,0.2
1134,161.3282057932159,24,1,0,0,1.4976085313237768,0.2
1135,172.20899768115584,40,1,0,0,1.4761135518468096,0.2
1136,147.56869605736046,32,1,0,0,1.4437880777271246,0.2
1137,89.32094774021898,133,1,0,0,1.4078094023441716,0.2
1138,167.9251953281554,26,1,0,0,1.2806253622923633,0.2
1139,135.0272608428505,11,1,0,0,1.354224644504754,0.2
1140,179.83298768418655,33,1,0,0,1.3854177546259028,0.2
1141,123.72552732198605,11,1,0,0,1.3456065229632463,0.2
1142,172.07313756095363,80,1,0,0,1.2699305429825458,0.2
1143,161.2874253908202,27,1,0,0,1.425065908722993,0.2
1144,174.0500955816953,23,1,0,0,1.1916531083538664,0.2
1145,164.45609327077364,91,1,0,0,1.2864561042791385,0.2
1146,137.9622366619939,30,1,0,0,1.4760065352014955,0.2
1147,162.4337603327142,35,1,0,0,1.3373970294624373,0.2
1148,190.38404029054672,32,1,0,0,1.104326952457596,0.2
1149,165.50222475207903,23,1,0,0,1.3947297573388477,0.2
1150,211.83287464815345,36,1,0,0,1.2707793776299983,0.2
1151,155.69674663622465,18,1,0,0,1.439571761097496,0.2
1152,199.57091116140606,31,1,0,0,1.4868883775205761,0.2
1153,146.5548486536807,45,1,0,0,1.4471551068601682,0.2
1154,181.65246176708231,24,1,0,0,1.4645224848929939,0.2
1155,162.16860725200982,25,1,0,0,1.3762661830588063,0.2
1156,165.51022105123684,22,1,0,0,1.3494652194918797,0.2
1157,183.7008962470178,23,1,0,0,1.3214270241140418,0.2
1158,170.61499515336328,45,1,0,0,1.4935718506597735,0.2
1159,160.69184401251118,26,1,0,0,1.4497393854718958,0.2
1160,167.65115939547854,20,1,0,0,1.4654642443778045,0.2
1161,206.33998924587797,31,1,0,0,1.3232900985102212,0.2
1162,155.89916500148604,35,1,0,0,1.4223260207815596,0.2
1163,191.70846594545128,34,1,0,0,1.3020630567466014,0.2
1164,181.33053702991074,32,1,0,0,1.4524338136221884,0.2
1165,136.6767725200263,64,1,0,0,1.4926263267520687,0.2
1166,151.42528314742353,24,1,0,0,1.330068478452237,0.2
1167,163.6073286485165,29,1,0,0,1.4976427897756817,0.2
1168,127.23872494188277,12,1,0,0,1.3908974684365072,0.2
1169,193.2538194632865,37,1,0,0,1.448218580687465,0.2
1170,158.6099353237658,26,1,0,0,1.367502771044957,0.2
1171,150.62821585006117,19,1,0,0,1.3907756094910435,0.2
1172,167.22999123303345,24,1,0,0,1.327152916225297,0.2
1173,236.81996168667385,46,1,0,0,1.3761479625704498,0.2
1174,167.72628394788705,19,1,0,0,1.384889948271378,0.2
1175,131.83194998391573,21,1,0,0,1.4415836151591328,0.2
1176,189.957200448983,30,1,0,0,1.4242145907644133,0.2
1177,162.86853171553435,25,1,0,0,1.4004000851586542,0.2
1178,186.2052709773487,25,1,0,0,1.459336063827872,0.2
1179,151.7164203714098,19,1,0,0,1.464687272597716,0.2
1180,177.88653972305144,22,1,0,0,1.3557010141099035,0.2
1181,136.7002886187792,17,1,0,0,1.2169978788945515,0.2
1182,172.23757785977358,28,1,0,0,1.2864763921223683,0.2
1183,147.60866337545312,31,1,0,0,1.399088195677399,0.2
1184,165.92410422839586,80,1,0,0,1.4306799303299207,0.2
1185,150.39472667869984,28,1,0,0,1.4412749808621874,0.2
1186,145.19129777995698,26,1,0,0,1.4206204726976417,0.2
1187,169.07185277344394,27,1,0,0,1.3831361151632338,0.2
1188,195.7615895542993,30,1,0,0,1.3974009078762804,0.2
1189,152.88175774469397,144,1,0,0,1.4232969822135666,0.2
1190,214.96515234276123,40,1,0,0,1.2688959264489055,0.2
1191,150.56922860849704,30,1,0,0,1.4636172089537272,0.2
1192,261.8775286163818,60,1,0,0,1.334635960205361,0.2
1193,209.24238622794604,36,1,0,0,1.2339668502978087,0.2
1194,217.40872715240857,34,1,0,0,1.4206230161343834,0.2
1195,160.97407306158937,172,1,0,0,1.476398695188854,0.2
1196,135.2114729211979,61,1,0,0,1.4628542305527166,0.2
1197,169.95222002343414,27,1,0,0,1.44675558142002,0.2
1198,124.01505914669406,51,1,0,0,1.489102587779423,0.2
1199,170.49750187707306,27,1,0,0,1.469139000749037,0.2
1200,191.3507293609436,30,1,0,0,1.474759829435128,0.2
1201,171.80101928848546,26,1,0,0,1.467585674743765,0.2
1202,189.89654167436268,32,1,0,0,1.2600455908967205,0.2
1203,134.2854935036264,26,1,0,0,1.3247018908456358,0.2
1204,183.05573396204136,57,1,0,0,1.3131763422638716,0.2
1205,142.3097907066988,22,1,0,0,1.467554962865048,0.2
1206,184.7903162622949,32,1,0,0,1.425691747549068,0.2
1207,199.99667242379138,37,1,0,0,1.4169668394660788,0.2
1208,188.0233070005616,30,1,0,0,1.3410161292377554,0.2
1209,-50.0,1,0,1,0,6.2682959037466714,0.2
1210,204.56616139165453,39,1,0,0,1.4870368828323666,0.2
1211,189.70018906433046,29,1,0,0,1.3701634166370917,0.2
1212,168.31388809487277,21,1,0,0,1.4003418077759753,0.2
1213,143.2598045237042,19,1,0,0,1.3744784704211173,0.2
1214,131.15906373280276,16,1,0,0,1.1738930309565692,0.2
1215,141.06196890010074,17,1,0,0,1.4940798558513746,0.2
1216,181.33667037150497,24,1,0,0,1.3813858180195964,0.2
1217,61.43103757690646,200,0,0,1,2.5009838330396694,0.2
1218,173.63561061387503,21,1,0,0,1.3282575145370792,0.2
1219,152.1784904627038,26,1,0,0,1.3181110679172017,0.2
1220,17.903195752703773,200,0,0,1,2.76701796871956,0.2
1221,171.45380683781133,27,1,0,0,1.4963235018811654,0.2
1222,268.7100953779209,76,1,0,0,1.3945063593396203,0.2
1223,185.0803640806193,21,1,0,0,1.4147171041598923,0.2
1224,142.32445648823102,165,1,0,0,1.4404664129449458,0.2
1225,141.53546616375218,22,1,0,0,1.4323697822325907,0.2
1226,47.84084092980835,200,0,0,1,3.2056007419102412,0.2
1227,153.6027682605392,19,1,0,0,1.4844169233087519,0.2
1228,181.5361515187888,35,1,0,0,1.41216519338276,0.2
1229,220.19940564655147,41,1,0,0,1.4558975158342389,0.2
1230,151.61296898444738,52,1,0,0,1.4926067467345734,0.2
1231,187.5352452541232,30,1,0,0,1.4149614335393004,0.2
1232,153.68310561176892,18,1,0,0,1.3564946613393878,0.2
1233,173.22739688144412,24,1,0,0,1.2280831034041708,0.2
1234,-50.0,1,0,1,0,7.06633337090616,0.2
1235,163.3462491315096,26,1,0,0,1.462759344622241,0.2
1236,165.3934455092721,28,1,0,0,1.394000000466323,0.2
1237,197.80327635572965,29,1,0,0,1.4838222917809323,0.2
1238,167.83003018582113,25,1,0,0,1.4104583047020298,0.2
1239,155.81946629185035,20,1,0,0,1.3982338144650888,0.2
1240,178.15133606719826,28,1,0,0,1.3927457893412296,0.2
1241,115.53915891307396,17,1,0,0,1.3268120296571644,0.2
1242,170.0440610898421,22,1,0,0,1.4242581066569753,0.2
1243,160.46711886787472,24,1,0,0,1.4441501174914229,0.2
1244,148.2825390120097,43,1,0,0,1.417720664199449,0.2
1245,186.2393057636201,33,1,0,0,1.1591524320421651,0.2
1246,195.9562302808422,25,1,0,0,1.410834687958254,0.2
1247,150.66574717187802,22,1,0,0,1.4853748181674835,0.2
1248,190.22704602795505,25,1,0,0,1.4421686622014311,0.2
1249,233.66669940487006,42,1,0,0,1.4021450029654448,0.2
1250,164.20407621095063,23,1,0,0,1.461272791343885,0.2
1251,177.8797266539037,29,1,0,0,1.176561028425832,0.2
1252,206.02934183835828,33,1,0,0,1.3079718155420739,0.2
1253,178.55933251725878,34,1,0,0,1.378781357867487,0.2
1254,146.80597299651652,18,1,0,0,1.4685835290567444,0.2
1255,152.63835791467244,29,1,0,0,1.496530402656453,0.2
1256,160.48090427422466,28,1,0,0,1.3375381729930569,0.2
1257,186.16010605025798,28,1,0,0,1.456102006169403,0.2
1258,147.34902674426576,26,1,0,0,1.2740604858836952,0.2
1259,191.73938117176124,30,1,0,0,1.2288876667801296,0.2
1260,170.25690597930026,31,1,0,0,1.4711456483764465,0.2
1261,206.8824775782861,41,1,0,0,1.404839618831359,0.2
1262,173.98665029236759,22,1,0,0,1.2401909707523147,0.2
1263,165.99624371399398,25,1,0,0,1.3734658983256112,0.2
1264,108.3105965667175,131,1,0,0,1.2767922877595377,0.2
1265,184.72339095443022,29,1,0,0,1.1510772341649183,0.2
1266,165.11484699744383,37,1,0,0,1.3785367389295407,0.2
1267,166.2242621320596,29,1,0,0,1.2985413239312047,0.2
1268,172.1345192539875,21,1,0,0,1.4419138155479225,0.2
1269,125.6242921297956,161,1,0,0,1.4970644743102428,0.2
1270,182.670856918708,34,1,0,0,1.3846325993982143,0.2
1271,183.3628921813441,22,1,0,0,1.3883551603597561,0.2
1272,132.32521106120905,194,1,0,0,1.4817154526351284,0.2
1273,203.37217006573871,33,1,0,0,1.234561004949795,0.2
1274,157.63566924798192,17,1,0,0,1.2094341476706085,0.2
1275,168.80897494947385,25,1,0,0,1.2137684447202417,0.2
1276,184.50788749952363,26,1,0,0,1.2888497598193174,0.2
1277,174.01037903278433,26,1,0,0,1.354231315535768,0.2
1278,270.5125934828318,64,1,0,0,1.351235520895681,0.2
1279,193.72612334164813,27,1,0,0,1.3235114781885509,0.2
1280,170.4028967720302,28,1,0,0,1.342037538033722,0.2
1281,213.84964076714272,32,1,0,0,1.3134733564007055,0.2
1282,146.6960618969594,25,1,0,0,1.4484894595586022,0.2
1283,184.63126667809243,31,1,0,0,1.4222030811819302,0.2
1284,-4.718712101946059,200,0,0,1,2.0569628585418287,0.2
1285,174.8151084604409,29,1,0,0,1.3917156556394068,0.2
1286,173.56932539689575,25,1,0,0,1.4989047497998187,0.2
1287,216.63187667763566,44,1,0,0,1.481082539438553,0.2
1288,116.50999286437931,8,1,0,0,1.3542674705367832,0.2
1289,-50.0,1,0,1,0,5.517565609857543,0.2
1290,183.5980906688014,23,1,0,0,1.4685434070124495,0.2
1291,150.95375580787893,47,1,0,0,1.4926303111614592,0.2
1292,174.82240605638953,34,1,0,0,1.4894408513565727,0.2
1293,157.7617526135357,33,1,0,0,1.4038249109817684,0.2
1294,139.57112774182102,35,1,0,0,1.452704434912361,0.2
1295,149.74941058910753,25,1,0,0,1.4173785732200634,0.2
1296,140.1158761516638,13,1,0,0,1.294189020422584,0.2
1297,148.3977985718754,40,1,0,0,1.2878310917652451,0.2
1298,147.59535266716813,26,1,0,0,1.2167853254176795,0.2
1299,139.77836655334153,26,1,0,0,1.3390697037928152,0.2
1300,166.98551272650684,23,1,0,0,1.4571189559699707,0.2
1301,156.82762277789078,24,1,0,0,1.2372981147785236,0.2
1302,251.89276110088238,64,1,0,0,1.4643633404740068,0.2
1303,220.3500374164928,34,1,0,0,1.363718792309953,0.2
1304,161.91960115639367,23,1,0,0,1.4668612974517563,0.2
1305,46.513519367927266,200,0,0,1,2.204051809418437,0.2
1306,238.82158436974748,87,1,0,0,1.331610792175656,0.2
1307,178.03789013735604,27,1,0,0,1.440549760862119,0.2
1308,155.25671852331675,17,1,0,0,1.236929447638518,0.2
1309,170.57254091836685,27,1,0,0,1.3903876516722713,0.2
1310,151.51509828061876,31,1,0,0,1.3509065311562416,0.2
1311,105.39576175711626,23,1,0,0,1.2007875613161219,0.2
1312,157.9084930746926,19,1,0,0,1.4165504831370572,0.2
1313,240.43200547300907,46,1,0,0,1.2911691067064963,0.2
1314,122.11391072583694,132,1,0,0,1.4313403379088196,0.2
1315,141.1788223414757,24,1,0,0,1.2453943491681434,0.2
1316,225.59206010323632,44,1,0,0,1.4211601618283396,0.2
1317,177.9355411877638,29,1,0,0,1.3668942286617694,0.2
1318,156.70590238823908,24,1,0,0,1.4824839845840487,0.2
1319,164.3933796798729,22,1,0,0,1.3471671342804172,0.2
1320,181.65432450620693,41,1,0,0,1.4454052411534284,0.2
1321,165.20092479617108,28,1,0,0,1.2111134250386857,0.2
1322,-10.59988760225554,200,0,0,1,2.593861860678735,0.2
1323,144.5086506761589,18,1,0,0,1.2999156878174287,0.2
1324,-50.0,1,0,1,0,3.538464748757844,0.2
1325,208.93846999438034,37,1,0,0,1.4243121465690136,0.2
1326,150.9066860564485,15,1,0,0,1.2891553252760726,0.2
1327,170.41831575253144,31,1,0,0,1.300001541581925,0.2
1328,117.48753992073465,10,1,0,0,1.4223294166106928,0.2
1329,188.35856850002224,25,1,0,0,1.3300686821128223,0.2
1330,232.68005791201725,45,1,0,0,1.3461963533955996,0.2
1331,42.269340716182946,200,0,0,1,2.646690088781607,0.2
1332,171.3079565257945,24,1,0,0,1.3705723072452953,0.2
1333,138.44152006372678,15,1,0,0,1.4681768335123513,0.2
1334,133.28118878551354,22,1,0,0,1.3951229328869938,0.2
1335,144.26323875052583,22,1,0,0,1.4783730035629175,0.2
1336,158.35634364441376,27,1,0,0,1.4349610965320847,0.2
1337,161.6261184864411,19,1,0,0,1.1690897368268744,0.2
1338,174.25790641930809,26,1,0,0,1.323241851346888,0.2
1339,-21.927170546206362,200,0,0,1,3.3220871416778004,0.2
1340,130.92666372997934,22,1,0,0,1.421550746262013,0.2
1341,162.1921132735194,26,1,0,0,1.2654707517964547,0.2
1342,182.75186742841214,22,1,0,0,1.318796406338843,0.2
1343,255.24709944641643,54,1,0,0,1.446705679062517,0.2
1344,255.24873306640637,55,1,0,0,1.1954371388713734,0.2
1345,145.93266389547858,73,1,0,0,1.3540008908047279,0.2
1346,176.43855330638553,27,1,0,0,1.0920033193162308,0.2
1347,168.99202130909893,21,1,0,0,1.290036901648644,0.2
1348,174.12231175461613,21,1,0,0,1.4820985391431314,0.2
1349,174.20707319033102,26,1,0,0,1.4353272928087653,0.2
1350,158.3722011284958,25,1,0,0,1.382235526859306,0.2
1351,137.83984167638545,15,1,0,0,1.3557739641949267,0.2
1352,161.0615834426366,17,1,0,0,1.209240308151938,0.2
1353,202.96040938656796,32,1,0,0,1.4319145561720665,0.2
1354,179.10664054107446,28,1,0,0,1.312137718975469,0.2
1355,185.5114723498234,29,1,0,0,1.4267605398360148,0.2
1356,140.51069778603915,25,1,0,0,1.4452599013284864,0.2
1357,150.99365692718771,17,1,0,0,1.3656356313408833,0.2
1358,179.63462622596677,21,1,0,0,1.4705112246387766,0.2
1359,172.5667225947369,42,1,0,0,1.4276230153553362,0.2
1360,222.55888820951873,47,1,0,0,1.4194740783670774,0.2
1361,136.2959720096369,18,1,0,0,1.488419242778135,0.2
1362,167.271228184302,45,1,0,0,1.348385834020774,0.2
1363,158.84881843669484,48,1,0,0,1.458869046659872,0.2
1364,99.21364665550875,7,1,0,0,1.1351862552584564,0.2
1365,159.9161503575552,23,1,0,0,1.313158902705924,0.2
1366,192.23572918166974,53,1,0,0,1.4673115351685067,0.2
1367,177.4031505825817,53,1,0,0,1.4942695114585434,0.2
1368,273.3024959289927,58,1,0,0,1.4911968394450674,0.2
1369,164.3394206775401,30,1,0,0,1.2891942726591106,0.2
1370,191.6130680452293,26,1,0,0,1.265109100091218,0.2
1371,138.50230069500705,16,1,0,0,1.482386444809839,0.2
1372,197.79485438548733,43,1,0,0,1.3241445669515084,0.2
1373,220.7071243229547,42,1,0,0,1.4815221524285362,0.2
1374,157.59024072615227,27,1,0,0,1.4295795934852502,0.2
1375,148.87387359213793,36,1,0,0,1.3643594411299622,0.2
1376,180.02012823791193,26,1,0,0,1.1977365757093703,0.2
1377,215.26623949351713,38,1,0,0,1.1305568956022356,0.2
1378,175.68499918634015,34,1,0,0,1.1872471320951485,0.2
1379,253.24361583293413,93,1,0,0,1.395743680400639,0.2
1380,163.038722354485,25,1,0,0,1.2592923459356467,0.2
1381,168.07982079430576,37,1,0,0,1.485501992977931,0.2
1382,200.5078346240175,38,1,0,0,1.1937983078397814,0.2
1383,224.2455125327566,37,1,0,0,1.3975442948718693,0.2
1384,154.63774605136211,19,1,0,0,1.473912826721068,0.2
1385,180.7441695303906,56,1,0,0,1.4959627873690182,0.2
1386,152.833678009429,16,1,0,0,1.4159102046544887,0.2
1387,155.7290883930988,39,1,0,0,1.2653581603603348,0.2
1388,141.94161829307822,14,1,0,0,1.4320768904622203,0.2
1389,156.132059801275,25,1,0,0,1.416593676391779,0.2
1390,190.771997699743,34,1,0,0,1.475811094750137,0.2
1391,163.285927977053,21,1,0,0,1.3762719758023594,0.2
1392,111.6103565831921,91,1,0,0,1.4754702316179855,0.2
1393,116.93993800245192,13,1,0,0,1.3034420337139154,0.2
1394,139.16225711866386,27,1,0,0,1.4140652473365816,0.2
1395,175.45358764828137,51,1,0,0,1.4656679999307265,0.2
1396,172.02649877025195,25,1,0,0,1.3365245562027424,0.2
1397,220.64888861824596,37,1,0,0,1.4683205181014811,0.2
1398,160.9335005858172,20,1,0,0,1.2471043504642796,0.2
1399,137.80041977442437,15,1,0,0,1.2775850499489876,0.2
1400,-12.278976129934698,200,0,0,1,2.836059457869498,0.2
1401,269.1022132274927,58,1,0,0,1.4377985445916013,0.2
1402,149.69223294011513,24,1,0,0,1.2533162954487942,0.2
1403,108.67477826531292,9,1,0,0,1.3821022166697208,0.2
1404,190.2709561397927,30,1,0,0,1.38465803394738,0.2
1405,192.68198496856235,32,1,0,0,1.214382873333416,0.2
1406,196.14464885371416,28,1,0,0,1.4020673492929878,0.2
1407,170.278117948021,38,1,0,0,1.4150595897529092,0.2
1408,153.57915666590642,18,1,0,0,1.4901650434778064,0.2
1409,140.86116313228993,19,1,0,0,1.471857483690662,0.2
1410,135.46175902448957,14,1,0,0,1.456977537378538,0.2
1411,171.6913636080458,29,1,0,0,1.3824804353161833,0.2
1412,182.1254632364044,29,1,0,0,1.2015506583716575,0.2
1413,206.72606370098947,35,1,0,0,1.4779057421370663,0.2
1414,170.42274341997825,22,1,0,0,1.449925006778009,0.2
1415,165.56417084364978,28,1,0,0,1.3037091688676008,0.2
1416,162.04295612389055,21,1,0,0,1.422589445590175,0.2
1417,217.25001485856018,36,1,0,0,1.4883610792147721,0.2
1418,189.26923832052938,36,1,0,0,1.144523817735911,0.2
1419,168.39235533159535,33,1,0,0,1.1959971551777322,0.2
1420,-50.0,1,0,1,0,6.3411572914873275,0.2
1421,162.2089413759918,26,1,0,0,1.43540711418233,0.2
1422,-50.0,1,0,1,0,8.04237689828501,0.2
1423,153.6481373486802,37,1,0,0,1.27609180202625,0.2
1424,168.4487571785923,25,1,0,0,1.3404274448383826,0.2
1425,121.73330728350368,32,1,0,0,1.4839334185901532,0.2
1426,172.1563794935295,120,1,0,0,1.4730861887073758,0.2
1427,143.39633648466173,29,1,0,0,1.4342117270397865,0.2
1428,206.38305362160446,40,1,0,0,1.4835523843118759,0.2
1429,141.12922586080705,30,1,0,0,1.4687257991587455,0.2
1430,173.52972876800925,24,1,0,0,1.3386857552712341,0.2
1431,90.1989820991073,200,0,0,1,2.1746354796644587,0.2
1432,176.63122264003385,28,1,0,0,1.3484147690609722,0.2
1433,201.35742147634983,39,1,0,0,1.3456842335352337,0.2
1434,276.22088025273536,65,1,0,0,1.4627815360878542,0.2
1435,201.3868443880285,40,1,0,0,1.2562553216716168,0.2
1436,133.5784240163358,15,1,0,0,1.4936816536250976,0.2
1437,156.2765171679469,18,1,0,0,1.2247702741142603,0.2
1438,191.33569086283126,27,1,0,0,1.2502612543655063,0.2
1439,159.4099400781987,26,1,0,0,1.4237982910084168,0.2
1440,148.2302615517916,21,1,0,0,1.4040267788220069,0.2
1441,165.73074241235167,24,1,0,0,1.401477980889658,0.2
1442,248.77792862103774,49,1,0,0,1.2835231409166514,0.2
1443,168.96549778024018,24,1,0,0,1.4085586524706541,0.2
1444,164.2359982154506,24,1,0,0,1.4999076647061689,0.2
1445,243.47277661399653,119,1,0,0,1.4943746542348397,0.2
1446,183.5131826710675,24,1,0,0,1.4664075492799162,0.2
1447,161.5232606839452,21,1,0,0,1.4968434128480947,0.2
1448,171.66727935681536,28,1,0,0,1.3479320786429625,0.2
1449,194.949563205442,30,1,0,0,1.2756017258529329,0.2
1450,186.59358238762422,37,1,0,0,1.3582406598633454,0.2
1451,225.30828659644953,41,1,0,0,1.1307994002791046,0.2
1452,178.78070890043796,23,1,0,0,1.3012834864784795,0.2
1453,128.34909184804073,22,1,0,0,1.455784173769719,0.2
1454,253.8181815365624,59,1,0,0,1.4367601485337005,0.2
1455,209.29565360515,26,1,0,0,1.4613790745934663,0.2
1456,209.06733911828394,63,1,0,0,1.446720024811013,0.2
1457,126.57565109230346,29,1,0,0,1.4242529397780475,0.2
1458,177.0829197688814,23,1,0,0,1.3252038332415406,0.2
1459,130.241650980534,13,1,0,0,1.310254196977505,0.2
1460,195.12790122834002,29,1,0,0,1.4682830371663194,0.2
1461,176.5222348336162,19,1,0,0,1.3769845588412972,0.2
1462,170.7084113459622,29,1,0,0,1.338288579261068,0.2
1463,177.66533948827612,26,1,0,0,1.3606094127662853,0.2
1464,182.5607313663828,57,1,0,0,1.2431630486129879,0.2
1465,187.45114152667713,32,1,0,0,1.411375614482805,0.2
1466,-50.0,1,0,1,0,3.6696205020953623,0.2
1467,151.33534462209144,29,1,0,0,1.2794543179288906,0.2
1468,167.13615847081348,19,1,0,0,1.2408755779778808,0.2
1469,185.55102054682106,36,1,0,0,1.4302571457831006,0.2
1470,146.47379440651048,17,1,0,0,1.3231977664784365,0.2
1471,170.0084753199537,30,1,0,0,1.499594352609399,0.2
1472,95.53625734754289,179,1,0,0,1.4199480908018147,0.2
1473,177.98309551407357,34,1,0,0,1.3228122311070467,0.2
1474,185.6116289860725,41,1,0,0,1.3971126686300293,0.2
1475,165.21833614820127,28,1,0,0,1.378695895441201,0.2
1476,166.35495602686746,20,1,0,0,1.4190870540991039,0.2
1477,152.14224476866852,17,1,0,0,1.3668162234092478,0.2
1478,164.64939430349114,23,1,0,0,1.4808227571395938,0.2
1479,11.6988663616956,200,0,0,1,2.5233333514655873,0.2
1480,199.73688842536706,40,1,0,0,1.4592884026079127,0.2
1481,129.75158277760926,21,1,0,0,1.368508237047017,0.2
1482,135.2450989275492,11,1,0,0,1.1538970991780377,0.2
1483,137.73579492497626,18,1,0,0,1.2189702881384203,0.2
1484,179.27846997282927,27,1,0,0,1.235312207550216,0.2
1485,170.7865475154981,58,1,0,0,1.311842890611145,0.2
1486,131.84049564478875,15,1,0,0,1.4873149431115544,0.2
1487,173.0841019860068,31,1,0,0,1.3228957647871584,0.2
1488,138.12261051434865,55,1,0,0,1.4425377957793244,0.2
1489,191.19273048281593,35,1,0,0,1.4080221872030554,0.2
1490,-50.0,1,0,1,0,5.019328870726393,0.2
1491,154.71471086124507,32,1,0,0,1.4269546422060013,0.2
1492,156.0202502530763,20,1,0,0,1.1662241609921316,0.2
1493,154.36444084062953,22,1,0,0,1.2236160661507094,0.2
1494,154.5137303781671,36,1,0,0,1.439711043853568,0.2
1495,173.48953318834705,20,1,0,0,1.4505694588570288,0.2
1496,156.3880822014106,19,1,0,0,1.3655421487497126,0.2
1497,175.74944110588947,34,1,0,0,1.4647306506909323,0.2
1498,190.71270239900014,34,1,0,0,1.2898612222718884,0.2
1499,145.47355812189437,22,1,0,0,1.3889022940924092,0.2
1500,135.24883890365115,11,1,0,0,1.3148204332842555,0.2
1501,159.63932649393723,18,1,0,0,1.318004236412817,0.2
1502,199.7972206384014,26,1,0,0,1.2930462290740288,0.2
1503,180.44984779265488,32,1,0,0,1.4784636540155363,0.2
1504,160.08118394356288,22,1,0,0,1.3187351105671765,0.2
1505,191.43421102983461,29,1,0,0,1.4725170906608893,0.2
1506,216.68261001588422,43,1,0,0,1.4504240107562092,0.2
1507,168.46665239151332,25,1,0,0,1.3755762345300582,0.2
1508,80.79562050198342,200,0,0,1,1.8862616441825417,0.2
1509,189.86014098021514,28,1,0,0,1.3187453330471226,0.2
1510,276.25335731311145,65,1,0,0,1.396349748413996,0.2
1511,168.69827281188782,30,1,0,0,1.47241843817618,0.2
1512,208.05195054518725,41,1,0,0,1.2533834352335587,0.2
1513,171.54645375210043,29,1,0,0,1.4578267494232025,0.2
1514,199.59046032236083,27,1,0,0,1.322394031249973,0.2
1515,141.45447684083095,19,1,0,0,1.332599902455237,0.2
1516,136.20046623944728,12,1,0,0,1.398187967529038,0.2
1517,153.19393271229603,31,1,0,0,1.378960343486877,0.2
1518,237.0397392998236,48,1,0,0,1.4595450251410198,0.2
1519,159.18461210839826,17,1,0,0,1.2789745957566638,0.2
1520,203.68201693621901,39,1,0,0,1.2838476263803116,0.2
1521,159.30401992599963,17,1,0,0,1.3206676376876332,0.2
1522,216.4218843127618,35,1,0,0,1.4086625753405924,0.2
1523,203.818185592151,36,1,0,0,1.480800482667254,0.2
1524,166.669850880512,20,1,0,0,1.2526628268456572,0.2
1525,149.80530336716154,45,1,0,0,1.4653452595015242,0.2
1526,-50.0,1,0,1,0,6.051279200927365,0.2
1527,116.84693780631068,6,1,0,0,1.218296373025773,0.2
1528,-11.08461216196214,200,0,0,1,3.1889670258008898,0.2
1529,143.8545868726904,15,1,0,0,1.1936725797569374,0.2
1530,167.3478680485431,25,1,0,0,1.417491719372683,0.2
1531,196.87787946831062,27,1,0,0,1.4239291210066096,0.2
1532,214.58423105110552,38,1,0,0,1.4135246277999183,0.2
1533,137.42714994832323,20,1,0,0,1.2759393513809505,0.2
1534,154.5982157371892,22,1,0,0,1.2550048056832697,0.2
1535,-50.0,1,0,1,0,3.62290452621146,0.2
1536,164.96903612883128,21,1,0,0,1.1338278402807087,0.2
1537,188.64045362007573,32,1,0,0,1.4302496728783394,0.2
1538,223.1728398440544,45,1,0,0,1.1761049394664254,0.2
1539,167.73313517229607,20,1,0,0,1.3464060898748675,0.2
1540,160.3522018257387,27,1,0,0,1.4231598212243712,0.2
1541,199.44328952991526,26,1,0,0,1.1215286461064622,0.2
1542,150.91000565866545,36,1,0,0,1.291635256257287,0.2
1543,139.85024726875704,16,1,0,0,1.2051908762661687,0.2
1544,161.52663629649015,21,1,0,0,1.3594923899236333,0.2
1545,206.1511296501634,33,1,0,0,1.4518424235674217,0.2
1546,149.2879885158622,17,1,0,0,1.4140144435555169,0.2
1547,136.79055696636922,15,1,0,0,1.1071597870283618,0.2
1548,224.93050312449944,41,1,0,0,1.4408437251643793,0.2
1549,171.5391161884059,24,1,0,0,1.467747912958303,0.2
1550,177.91552802033766,23,1,0,0,1.3564663729986328,0.2
1551,151.885883585305,18,1,0,0,1.3532261877275087,0.2
1552,164.98142480767507,25,1,0,0,1.2646797086960324,0.2
1553,45.24375779705639,200,0,0,1,2.1968092378372135,0.2
1554,-31.331035822602136,11,0,1,0,4.925316063609614,0.2
1555,185.47228237043333,38,1,0,0,1.3101493709689314,0.2
1556,233.99209846498638,38,1,0,0,1.3053816139978127,0.2
1557,128.13649871124588,88,1,0,0,1.4173481690688534,0.2
1558,244.34653624667487,52,1,0,0,1.4151446805542995,0.2
1559,178.197935330113,36,1,0,0,1.3329653964162298,0.2
1560,211.98369844717269,38,1,0,0,1.2741009665451424,0.2
1561,216.50238011795298,44,1,0,0,1.2955926573681007,0.2
1562,191.26644652459748,25,1,0,0,1.4802502863334934,0.2
1563,220.51261442087537,41,1,0,0,1.3598267785337357,0.2
1564,182.64514813773116,39,1,0,0,1.4204385103666584,0.2
1565,185.79810764970497,27,1,0,0,1.3237848402310708,0.2
1566,209.72143834871764,28,1,0,0,1.4467910053118,0.2
1567,184.60358424560332,34,1,0,0,1.402435062569599,0.2
1568,161.2217278419857,22,1,0,0,1.480556818721268,0.2
1569,152.18705320675204,28,1,0,0,1.430820075398111,0.2
1570,124.25086675386444,15,1,0,0,1.2857101547680214,0.2
1571,159.5196019264475,23,1,0,0,1.4013348100908758,0.2
1572,168.01686890227447,23,1,0,0,1.4625407361942777,0.2
1573,176.93436975424015,25,1,0,0,1.2973396300868212,0.2
1574,169.47531249542448,26,1,0,0,1.2888297094750667,0.2
1575,171.1474992965921,28,1,0,0,1.4771684930337323,0.2
1576,151.39481633795702,22,1,0,0,1.3034376852571266,0.2
1577,161.11234896208794,22,1,0,0,1.4002698269028868,0.2
1578,159.42619947804099,23,1,0,0,1.4520681500035038,0.2
1579,205.29504879425215,35,1,0,0,1.4657140607750128,0.2
1580,183.31034837777204,38,1,0,0,1.1605487073659537,0.2
1581,141.42034371560572,16,1,0,0,1.4716739655060993,0.2
1582,170.4398871964449,29,1,0,0,1.428628068041722,0.2
1583,151.73935458902014,18,1,0,0,1.1102932456490446,0.2
1584,156.87811061303,19,1,0,0,1.279835354867235,0.2
1585,159.92183151834317,35,1,0,0,1.3623264689638945,0.2
1586,-13.656670018708176,12,0,1,0,6.6256484410238965,0.2
1587,157.9722890366055,19,1,0,0,1.2796190043182774,0.2
1588,138.53322724154762,13,1,0,0,1.4611601947432962,0.2
1589,152.11683586678885,18,1,0,0,1.4589342106772745,0.2
1590,180.97326859775944,26,1,0,0,1.3954951313768387,0.2
1591,177.7388999259183,30,1,0,0,1.2307115356334994,0.2
1592,204.7513037303226,31,1,0,0,1.294682344963088,0.2
1593,172.71151416307478,26,1,0,0,1.184140907842723,0.2
1594,241.62906184950623,105,1,0,0,1.4621088567187344,0.2
1595,185.6123443228949,26,1,0,0,1.4504733812052542,0.2
1596,197.4141797331668,33,1,0,0,1.4894757849122615,0.2
1597,111.62362675682782,5,1,0,0,1.3670239298328781,0.2
1598,168.24178446103704,22,1,0,0,1.4609154834825133,0.2
1599,243.12671530915563,128,1,0,0,1.4172770684658975,0.2
1600,172.07849599807378,29,1,0,0,1.2467558354063528,0.2
1601,207.8580732039091,34,1,0,0,1.2565288309833895,0.2
1602,158.04281911668525,46,1,0,0,1.4584088759972946,0.2
1603,162.59628890912987,22,1,0,0,1.4464667223428616,0.2
1604,172.05679875516415,24,1,0,0,1.313145978796002,0.2
1605,179.14551991224636,29,1,0,0,1.1245519362892318,0.2
1606,191.2898227919511,36,1,0,0,1.2538641283675764,0.2
1607,171.9342774892321,23,1,0,0,1.3941553682831225,0.2
1608,-50.0,1,0,1,0,6.3893922768834885,0.2
1609,191.87743117078287,30,1,0,0,1.3561862500699269,0.2
1610,147.69260306108544,15,1,0,0,1.454422855562755,0.2
1611,200.6567976892972,33,1,0,0,1.484049633808884,0.2
1612,174.3114246275902,39,1,0,0,1.409842050459458,0.2
1613,207.72871895041413,33,1,0,0,1.155525661535393,0.2
1614,-50.0,1,0,1,0,5.664390753454178,0.2
1615,162.86591131876776,20,1,0,0,1.1820651139699005,0.2
1616,203.30591820900725,54,1,0,0,1.4728138773708794,0.2
1617,178.7004516472179,26,1,0,0,1.3432072820969267,0.2
1618,-50.0,1,0,1,0,8.073464232937392,0.2
1619,149.414936490807,29,1,0,0,1.4599872527291098,0.2
1620,176.77635477959336,26,1,0,0,1.417400144441419,0.2
1621,166.4714683573797,28,1,0,0,1.3601530882522623,0.2
1622,8.924556753636416,200,0,0,1,2.293368343307075,0.2
1623,199.03887760662306,37,1,0,0,1.4707265622091144,0.2
1624,174.85121423979376,33,1,0,0,1.2575168348611783,0.2
1625,155.0879605114378,24,1,0,0,1.3325687712805374,0.2
1626,159.70593752324217,31,1,0,0,1.393733794564037,0.2
1627,143.9808075076401,16,1,0,0,1.3153586129564678,0.2
1628,184.78343787439672,28,1,0,0,1.2997590316012915,0.2
1629,157.32493861005455,21,1,0,0,1.3849751393685545,0.2
1630,159.75716469544275,17,1,0,0,1.3605068642016003,0.2
1631,134.9178604109045,15,1,0,0,1.3795928084107278,0.2
1632,205.4809826621035,30,1,0,0,1.2707723372261905,0.2
1633,139.08577001265036,17,1,0,0,1.4763133392618983,0.2
1634,180.9725788277459,31,1,0,0,1.1744610661312425,0.2
1635,148.57358643221227,15,1,0,0,1.497646413659707,0.2
1636,142.0955560146101,17,1,0,0,1.4400191438629666,0.2
1637,184.0315965373348,23,1,0,0,1.4846630762484545,0.2
1638,166.66957673046653,56,1,0,0,1.4045664728835154,0.2
1639,234.32580447591738,46,1,0,0,1.4016188708337154,0.2
1640,200.54117491600206,32,1,0,0,1.2836109529708837,0.2
1641,177.01406374376273,23,1,0,0,1.4873314634054684,0.2
1642,102.11968264529332,8,1,0,0,1.466661053606512,0.2
1643,171.73230476404467,20,1,0,0,1.345064390003805,0.2
1644,166.0940697026819,27,1,0,0,1.4160224088782212,0.2
1645,188.7915878781319,22,1,0,0,1.3852683680766353,0.2
1646,165.28269641836886,16,1,0,0,1.259851099174034,0.2
1647,171.38808457384573,30,1,0,0,1.3466067135798858,0.2
1648,257.08151242682754,56,1,0,0,1.433607850513542,0.2
1649,198.4310209202481,41,1,0,0,1.4026911807589377,0.2
1650,181.2807639818676,27,1,0,0,1.4718391180588046,0.2
1651,-50.0,1,0,1,0,2.990799322772591,0.2
1652,190.86929514162114,28,1,0,0,1.3113750121463545,0.2
1653,273.5266592513567,65,1,0,0,1.3881577229231137,0.2
1654,129.35818483016592,11,1,0,0,1.447176605645078,0.2
1655,235.74840578676483,50,1,0,0,1.3989524607367625,0.2
1656,180.725935898994,33,1,0,0,1.2587394097280433,0.2
1657,124.4248087826159,148,1,0,0,1.4535302488901034,0.2
1658,184.68822610892937,22,1,0,0,1.2651790875735,0.2
1659,185.4605888427766,29,1,0,0,1.4456311393641728,0.2
1660,161.6342781384837,31,1,0,0,1.4938498741709463,0.2
1661,155.9790162471275,24,1,0,0,1.3095193526366509,0.2
1662,161.66729505006745,23,1,0,0,1.4996899538296697,0.2
1663,169.3256358935726,21,1,0,0,1.440574968544435,0.2
1664,147.77909139705005,33,1,0,0,1.3766263818095907,0.2
1665,177.58730745371747,21,1,0,0,1.4593943973194003,0.2
1666,136.30647454757872,13,1,0,0,1.4062841779603001,0.2
1667,136.3870574126455,35,1,0,0,1.4280560441657222,0.2
1668,210.01890313636727,36,1,0,0,1.3849720274337582,0.2
1669,173.22850459252527,27,1,0,0,1.452734323149045,0.2
1670,118.42481880096875,7,1,0,0,1.4207009713556364,0.2
1671,179.93252871033692,26,1,0,0,1.464200367137213,0.2
1672,185.8794909602704,29,1,0,0,1.4151458597545594,0.2
1673,172.2768434139485,24,1,0,0,1.254074033883811,0.2
1674,168.41898654592654,36,1,0,0,1.4802129832679698,0.2
1675,194.5524082539256,27,1,0,0,1.3276806414399585,0.2
1676,176.1771632790165,22,1,0,0,1.3144419283665052,0.2
1677,273.82051577620393,56,1,0,0,1.3939719721503483,0.2
1678,171.3466352016366,25,1,0,0,1.3487832956754753,0.2
1679,195.70041607101038,29,1,0,0,1.2911252741833514,0.2
1680,195.22748237450384,30,1,0,0,1.3097819753422282,0.2
1681,180.60082113412153,33,1,0,0,1.229892365182002,0.2
1682,164.65709758406882,35,1,0,0,1.4667770664089483,0.2
1683,156.60773951462048,19,1,0,0,1.3400201760054629,0.2
1684,123.00536635495956,171,1,0,0,1.4529068924570434,0.2
1685,211.8545821093656,42,1,0,0,1.4669974493235913,0.2
1686,141.43886693617182,11,1,0,0,1.2091053661075728,0.2
1687,199.0352812848987,30,1,0,0,1.3533548501228712,0.2
1688,164.0097496325489,25,1,0,0,1.270483737571812,0.2
1689,144.75820722733005,17,1,0,0,1.3226857222682964,0.2
1690,231.9820881901665,46,1,0,0,1.316322717985877,0.2
1691,144.1555790074654,35,1,0,0,1.169854768413319,0.2
1692,171.03450744396633,27,1,0,0,1.4227686929742758,0.2
1693,184.92590669309476,44,1,0,0,1.4377021615028969,0.2
1694,235.371296063313,73,1,0,0,1.4678873298759911,0.2
1695,180.35893308189932,30,1,0,0,1.226506293548601,0.2
1696,163.10891654393419,21,1,0,0,1.3839415614353259,0.2
1697,167.28338269947648,20,1,0,0,1.208293649995297,0.2
1698,132.66259261169438,25,1,0,0,1.4234304982372483,0.2
1699,-0.8649726145832535,200,0,0,1,2.459863625790101,0.2
1700,129.0151481699207,18,1,0,0,1.4657230209119554,0.2
1701,156.21329843725414,18,1,0,0,1.3763156185005647,0.2
1702,201.11860680352748,29,1,0,0,1.2173649065873937,0.2
1703,103.03394571883628,5,1,0,0,1.2263949087099384,0.2
1704,196.9003496071431,32,1,0,0,1.4088331684867996,0.2
1705,198.25859522401797,38,1,0,0,1.4356110542019718,0.2
1706,185.84194895452555,25,1,0,0,1.4407759558004853,0.2
1707,140.4163750051154,25,1,0,0,1.4513125522731924,0.2
1708,150.67692720584176,81,1,0,0,1.3653193730960431,0.2
1709,177.48419643529417,28,1,0,0,1.3826907459708382,0.2
1710,11.128046583427643,200,0,0,1,1.9771933441723522,0.2
1711,215.62906623245053,42,1,0,0,1.3177692255111366,0.2
1712,151.02236878804655,31,1,0,0,1.3795404382410592,0.2
1713,178.67848450031238,30,1,0,0,1.4104214992950115,0.2
1714,129.61386060035144,11,1,0,0,1.2771330227076938,0.2
1715,167.03889470918534,25,1,0,0,1.2740188007217284,0.2
1716,231.0174874436777,45,1,0,0,1.1345575332933127,0.2
1717,179.69124517290663,25,1,0,0,1.2090221000240813,0.2
1718,184.7517074536122,26,1,0,0,1.1007792270962231,0.2
1719,153.68157487970723,18,1,0,0,1.4499717541520512,0.2
1720,162.0362233063091,17,1,0,0,1.4056277668469417,0.2
1721,153.30602162249937,17,1,0,0,1.2814820836565104,0.2
1722,-50.0,1,0,1,0,5.278001829022913,0.2
1723,214.95788481817914,41,1,0,0,1.4804731259831416,0.2
1724,167.61546745248776,27,1,0,0,1.3620586614653134,0.2
1725,140.98605201349886,15,1,0,0,1.4600097060681128,0.2
1726,100.0,1,1,0,0,0.8899127549721674,0.2
1727,211.39154303658643,51,1,0,0,1.4833826983391902,0.2
1728,101.72364044663213,138,1,0,0,1.3403850437175993,0.2
1729,172.34153381197285,33,1,0,0,1.3577671451739257,0.2
1730,107.10746000682727,6,1,0,0,1.300512366629207,0.2
1731,183.52604782538307,29,1,0,0,1.4949608944809398,0.2
1732,196.67675009531848,27,1,0,0,1.286348897094959,0.2
1733,121.51957455310725,12,1,0,0,1.3183973309056622,0.2
1734,154.56753587134017,17,1,0,0,1.3321612227969921,0.2
1735,158.07400065044615,18,1,0,0,1.4852639535554022,0.2
1736,152.7806796337094,22,1,0,0,1.4328560601388507,0.2
1737,171.8855388837656,20,1,0,0,1.3416350060689042,0.2
1738,238.68301927746765,41,1,0,0,1.4781942918253497,0.2
1739,161.0604502879757,32,1,0,0,1.45701665148725,0.2
1740,116.78717258486444,7,1,0,0,1.4078316717330024,0.2
1741,253.8632364991187,57,1,0,0,1.3686760561528735,0.2
1742,179.29292420272225,21,1,0,0,1.2779326944971747,0.2
1743,197.48495504745608,33,1,0,0,1.4476806160172895,0.2
1744,122.03901099682622,19,1,0,0,1.1164826359347477,0.2
1745,205.55940428688606,33,1,0,0,1.3849056122687178,0.2
1746,169.44906201899693,33,1,0,0,1.3237889235893006,0.2
1747,138.57618030901864,12,1,0,0,1.3602538185455093,0.2
1748,164.35685188317683,33,1,0,0,1.2201875971032998,0.2
1749,162.6811583614114,20,1,0,0,1.4654392736432509,0.2
1750,191.25806279186705,25,1,0,0,1.4070241873140164,0.2
1751,154.32122100171867,59,1,0,0,1.2599323151684727,0.2
1752,187.92410858632843,31,1,0,0,1.3956899763467217,0.2
1753,229.08925461716865,43,1,0,0,1.2845601400108166,0.2
1754,120.16319736135611,33,1,0,0,1.4860081833079903,0.2
1755,261.3221164354756,68,1,0,0,1.4681241869883814,0.2
1756,182.1046306439914,37,1,0,0,1.4371968162903355,0.2
1757,141.9271765266721,18,1,0,0,1.433123860978231,0.2
1758,164.93563856692987,20,1,0,0,1.3751808188304389,0.2
1759,142.81551885773064,14,1,0,0,1.2984188514691088,0.2
1760,235.07339041197287,50,1,0,0,1.3019815208293637,0.2
1761,211.64124952035417,35,1,0,0,1.4108333743242898,0.2
1762,-50.0,1,0,1,0,6.451234257059323,0.2
1763,199.1988097114949,34,1,0,0,1.3121022513389808,0.2
1764,223.59277533141034,62,1,0,0,1.3012013495281838,0.2
1765,156.55161349725415,23,1,0,0,1.1190928017961232,0.2
1766,177.28968839709063,29,1,0,0,1.1886587777663846,0.2
1767,177.81046157159093,32,1,0,0,1.1367966491581796,0.2
1768,177.25083574149716,25,1,0,0,1.1520528049292915,0.2
1769,163.61448261422373,24,1,0,0,1.4592331984194902,0.2
1770,267.53144389760104,60,1,0,0,1.4560300306596283,0.2
1771,202.46230275459652,34,1,0,0,1.4410228228828508,0.2
1772,190.2027060619581,28,1,0,0,1.3696204915532224,0.2
1773,163.264946426113,28,1,0,0,1.3763935776155216,0.2
1774,118.71068703301759,14,1,0,0,1.4466880492320915,0.2
1775,219.54550275541163,39,1,0,0,1.3753571936140478,0.2
1776,154.51671075955193,21,1,0,0,1.3301261822014345,0.2
1777,174.6416481735546,27,1,0,0,1.3851157405421703,0.2
1778,148.42548983078206,36,1,0,0,1.379622949578301,0.2
1779,150.33781555371957,33,1,0,0,1.2333577374682512,0.2
1780,154.8524830260843,20,1,0,0,1.474983246764755,0.2
1781,146.78657181650053,21,1,0,0,1.2510623769505487,0.2
1782,185.39508059228768,23,1,0,0,1.2767134916761211,0.2
1783,185.71617671439213,25,1,0,0,1.3470912114236921,0.2
1784,165.2160357048563,27,1,0,0,1.1227219090420226,0.2
1785,191.87865182210373,58,1,0,0,1.3594752974277435,0.2
1786,-50.0,1,0,1,0,4.719565826002128,0.2
1787,125.42115840876869,10,1,0,0,1.347002364617583,0.2
1788,-6.100820488630228,200,0,0,1,2.2252183412720927,0.2
1789,178.17306569301053,115,1,0,0,1.4685346699343014,0.2
1790,199.82057815784498,31,1,0,0,1.385479482922237,0.2
1791,177.9354240123281,29,1,0,0,1.4763431455260032,0.2
1792,180.20212247792298,32,1,0,0,1.329187828907532,0.2
1793,145.8287431140075,29,1,0,0,1.437218564076958,0.2
1794,174.7536557695148,23,1,0,0,1.3494884140916719,0.2
1795,103.42056768817676,6,1,0,0,1.314538020087352,0.2
1796,151.3909660965008,14,1,0,0,1.1365731517406326,0.2
1797,163.48994734926495,33,1,0,0,1.446555385521296,0.2
1798,199.68467296270802,64,1,0,0,1.408812522902438,0.2
1799,166.33393622539344,28,1,0,0,1.4590032871514098,0.2
1800,190.4449751307196,32,1,0,0,1.3469016549836859,0.2
1801,194.57118113012356,27,1,0,0,1.1732614116107523,0.2
1802,-17.85438063333452,200,0,0,1,3.0131404971232674,0.2
1803,175.5008774521316,49,1,0,0,1.4861557257222784,0.2
1804,138.06663570023608,27,1,0,0,1.312310974756941,0.2
1805,177.50075148698178,26,1,0,0,1.2149677474285203,0.2
1806,164.96937952214654,31,1,0,0,1.4965135323386147,0.2
1807,152.6606948896636,23,1,0,0,1.435417928521946,0.2
1808,114.97559248845923,30,1,0,0,1.394526671447159,0.2
1809,179.31625122581886,23,1,0,0,1.288498815804818,0.2
1810,152.75863093316536,20,1,0,0,1.2801263100033133,0.2
1811,199.41117679640928,31,1,0,0,1.4527517204771276,0.2
1812,191.22939865578587,35,1,0,0,1.4696045234804918,0.2
1813,153.30464913765542,23,1,0,0,1.1778339415335057,0.2
1814,101.83371898992253,20,1,0,0,1.4155267752234744,0.2
1815,155.29539409817178,30,1,0,0,1.4671930998615024,0.2
1816,148.29986828710648,29,1,0,0,1.4319233950533088,0.2
1817,158.24077983581927,22,1,0,0,1.2399812793215852,0.2
1818,152.40817672994365,21,1,0,0,1.4791965148080477,0.2
1819,164.837955103874,26,1,0,0,1.133167428609534,0.2
1820,159.5844434533979,24,1,0,0,1.4248743755043884,0.2
1821,123.45573242570246,17,1,0,0,1.4161302235499271,0.2
1822,179.15180852532174,29,1,0,0,1.328643540928121,0.2
1823,46.54927887200574,200,0,0,1,2.5589007093073897,0.2
1824,161.89243904645866,27,1,0,0,1.4549468716149172,0.2
1825,165.01607627588862,22,1,0,0,1.2800856600437753,0.2
1826,205.89782195332805,31,1,0,0,1.427042440355444,0.2
1827,172.0260724172973,34,1,0,0,1.4165306150820993,0.2
1828,216.4309887304965,42,1,0,0,1.4192609186124898,0.2
1829,-50.0,1,0,1,0,2.421868283716683,0.2
1830,143.90433882069658,24,1,0,0,1.182742938740257,0.2
1831,100.0,1,1,0,0,1.1129230955606526,0.2
1832,187.83114681248117,25,1,0,0,1.3936672583818799,0.2
1833,131.85562305415166,11,1,0,0,1.2110528796206361,0.2
1834,195.6537694640891,32,1,0,0,1.4930671507997963,0.2
1835,203.01088597725345,34,1,0,0,1.3061547832454332,0.2
1836,165.8197125586476,72,1,0,0,1.4822114625357141,0.2
1837,172.32775906072786,19,1,0,0,1.408627953748095,0.2
1838,167.58564144416533,22,1,0,0,1.496499234365767,0.2
1839,162.13957684030783,25,1,0,0,1.3455100664800153,0.2
1840,177.08831683149987,24,1,0,0,1.1218913810265219,0.2
1841,171.85883947344112,30,1,0,0,1.3490270466471306,0.2
1842,157.3191901706645,23,1,0,0,1.4711724205965662,0.2
1843,155.67106729745973,17,1,0,0,1.466893625295236,0.2
1844,162.88465818837562,24,1,0,0,1.4880865149544915,0.2
1845,-50.0,1,0,1,0,7.0928319641437865,0.2
1846,194.09999469647477,27,1,0,0,1.3149239430476134,0.2
1847,127.10987485766677,12,1,0,0,1.319334384247495,0.2
1848,164.42058277867943,39,1,0,0,1.480054325332802,0.2
1849,177.44979199635378,30,1,0,0,1.426833260205223,0.2
1850,182.5225735126266,27,1,0,0,1.3112475337442366,0.2
1851,-50.0,1,0,1,0,6.0993633543331685,0.2
1852,172.56268173436865,26,1,0,0,1.3867331969395897,0.2
1853,129.2391762660729,13,1,0,0,1.3396278379311128,0.2
1854,129.12920730361833,19,1,0,0,1.1467127178675955,0.2
1855,-8.679026135972105,200,0,0,1,2.4990179026410764,0.2
1856,132.69830075050692,12,1,0,0,1.319777493048728,0.2
1857,238.91758445328713,48,1,0,0,1.4501551294489528,0.2
1858,186.61818235728273,27,1,0,0,1.4932794137397924,0.2
1859,180.92773911848033,24,1,0,0,1.472699175097691,0.2
1860,148.48287969586107,16,1,0,0,1.3878497437411306,0.2
1861,-50.0,1,0,1,0,6.08643985287462,0.2
1862,220.7687285916892,37,1,0,0,1.408573032190127,0.2
1863,185.1568026022863,25,1,0,0,1.2076196074828895,0.2
1864,169.15587099730243,28,1,0,0,1.451256293669952,0.2
1865,154.28309209014915,19,1,0,0,1.3693626132090881,0.2
1866,273.73338209627076,60,1,0,0,1.3419293438280204,0.2
1867,171.49900264228404,21,1,0,0,1.4192408565968344,0.2
1868,189.9884294067631,26,1,0,0,1.1894966349768104,0.2
1869,4.016456449556541,200,0,0,1,2.293334295172248,0.2
1870,148.21620867242856,19,1,0,0,1.4556542692041938,0.2
1871,165.9266432613382,42,1,0,0,1.3697837511477575,0.2
1872,233.82553111607163,51,1,0,0,1.4058970819318939,0.2
1873,144.70095572282352,23,1,0,0,1.241414903502675,0.2
1874,166.3906168877454,20,1,0,0,1.488115786681984,0.2
1875,120.9129798288213,10,1,0,0,1.396725548730556,0.2
1876,197.61661859217833,26,1,0,0,1.185920250364352,0.2
1877,149.42501977747506,21,1,0,0,1.319847831792066,0.2
1878,198.39845914995863,35,1,0,0,1.362095972486305,0.2
1879,142.93221282943426,21,1,0,0,1.3902570345234146,0.2
1880,138.68918525484696,18,1,0,0,1.3256529972453235,0.2
1881,133.74980639000918,14,1,0,0,1.1517758763903383,0.2
1882,206.85236527865953,38,1,0,0,1.4044550965055473,0.2
1883,158.57128364841157,26,1,0,0,1.2707003105560937,0.2
1884,174.22901826887582,21,1,0,0,1.217325542790953,0.2
1885,138.99780303300435,16,1,0,0,1.4303263582646,0.2
1886,188.98216303539095,35,1,0,0,1.4731223759868322,0.2
1887,164.84847843907966,51,1,0,0,1.4972005913735775,0.2
1888,180.18795159896155,22,1,0,0,1.2346969028726793,0.2
1889,151.8351689167781,41,1,0,0,1.4076558037245306,0.2
1890,158.7522046674316,59,1,0,0,1.4350216127592121,0.2
1891,155.65287044066355,52,1,0,0,1.2708669151207053,0.2
1892,223.94596771377888,32,1,0,0,1.3927582183172214,0.2
1893,178.4141624153783,26,1,0,0,1.4531211945707143,0.2
1894,159.16114799781428,21,1,0,0,1.3513647206567119,0.2
1895,109.61669826601369,4,1,0,0,1.3162370903070615,0.2
1896,132.77093959595302,11,1,0,0,1.2651469249062268,0.2
1897,193.79081114643503,66,1,0,0,1.4137384400060178,0.2
1898,173.5279413872413,23,1,0,0,1.353934446776076,0.2
1899,110.2802251246035,24,1,0,0,1.2334739285761789,0.2
1900,126.52612059290983,11,1,0,0,1.3714428604251414,0.2
1901,179.87760296714396,33,1,0,0,1.469020988523959,0.2
1902,185.45812134515705,30,1,0,0,1.3730759877136427,0.2
1903,165.3760836435634,25,1,0,0,1.3499144683779478,0.2
1904,191.31925730733127,26,1,0,0,1.169170162509729,0.2
1905,160.00477173542885,22,1,0,0,1.3419529318694414,0.2
1906,155.72717066232775,24,1,0,0,1.4465558336312159,0.2
1907,167.49346572066526,21,1,0,0,1.3343335490144361,0.2
1908,258.5356109119698,55,1,0,0,1.364918669675971,0.2
1909,148.77561271514705,15,1,0,0,1.4127872335854015,0.2
1910,241.64506753820405,44,1,0,0,1.350132338011755,0.2
1911,161.31862647017147,27,1,0,0,1.2615984359352888,0.2
1912,192.22695467229792,30,1,0,0,1.2008832226015036,0.2
1913,155.36690985346098,20,1,0,0,1.43227253081681,0.2
1914,145.54552868862612,22,1,0,0,1.2029046910835983,0.2
1915,134.78839556420112,26,1,0,0,1.405647602036725,0.2
1916,165.37821887492424,21,1,0,0,1.4337329249244422,0.2
1917,234.3231986618495,50,1,0,0,1.2728456851057222,0.2
1918,140.7016726233687,26,1,0,0,1.2574674676653763,0.2
1919,157.8516468392991,16,1,0,0,1.4712156875921267,0.2
1920,173.5091169490385,26,1,0,0,1.4008860077831689,0.2
1921,203.40323723541667,29,1,0,0,1.2935333068065658,0.2
1922,173.27873814523466,32,1,0,0,1.280173932650733,0.2
1923,148.15045669273385,17,1,0,0,1.3615637697784064,0.2
1924,169.4694850257872,24,1,0,0,1.207536889781746,0.2
1925,166.68807719060922,32,1,0,0,1.2518409214575192,0.2
1926,125.67992413398355,19,1,0,0,1.4134364458822433,0.2
1927,201.1750825738811,48,1,0,0,1.4929986892456169,0.2
1928,207.1180710995906,32,1,0,0,1.2194112607429668,0.2
1929,120.31180753989274,20,1,0,0,1.4670884272832223,0.2
1930,175.15350636610827,25,1,0,0,1.3368966335318955,0.2
1931,250.72665255290275,50,1,0,0,1.3278514053729638,0.2
1932,164.56021374104475,24,1,0,0,1.4090939363231434,0.2
1933,165.66787861642624,25,1,0,0,1.2934914122065406,0.2
1934,211.08137191007745,40,1,0,0,1.2375421031842524,0.2
1935,125.77177572047995,8,1,0,0,1.4871160297551074,0.2
1936,133.38897990302723,15,1,0,0,1.4201448214381922,0.2
1937,197.29188075474198,30,1,0,0,1.4901494980390215,0.2
1938,125.82873522742426,10,1,0,0,1.2209274908119065,0.2
1939,141.0027987143141,14,1,0,0,1.420973014512723,0.2
1940,128.6116289534803,10,1,0,0,1.4367673142311868,0.2
1941,190.97232517070768,23,1,0,0,1.2909862749032492,0.2
1942,122.5995040338501,32,1,0,0,1.1661019697752324,0.2
1943,195.46769554579106,27,1,0,0,1.4695070173484743,0.2
1944,184.92051545954462,27,1,0,0,1.3775990978220427,0.2
1945,186.94869410893216,35,1,0,0,1.4465311036981043,0.2
1946,169.51514016369794,21,1,0,0,1.3895894586544029,0.2
1947,153.32136193117952,20,1,0,0,1.4145605512124277,0.2
1948,133.75616933808413,17,1,0,0,1.4955126673836736,0.2
1949,205.0934529582716,36,1,0,0,1.3771429365205714,0.2
1950,150.29488817121614,19,1,0,0,1.4691114859027066,0.2
1951,159.48576494608244,23,1,0,0,1.356937104369311,0.2
1952,158.54533371441414,21,1,0,0,1.4575936954163955,0.2
1953,217.18964129195737,36,1,0,0,1.3809854352596793,0.2
1954,247.34762209808483,52,1,0,0,1.3774463381095226,0.2
1955,180.56378906300804,24,1,0,0,1.255979218144097,0.2
1956,180.72900297512507,34,1,0,0,1.2534395450635636,0.2
1957,151.43145016630626,31,1,0,0,1.4560577689976613,0.2
1958,225.67685098598753,47,1,0,0,1.4629720025712267,0.2
1959,151.45774413350944,22,1,0,0,1.4744352893197101,0.2
1960,194.77091098083386,35,1,0,0,1.4995406940541411,0.2
1961,176.23490700193486,26,1,0,0,1.2989074826722928,0.2
1962,139.18183991371586,12,1,0,0,1.4202597994099828,0.2
1963,174.30840880394456,24,1,0,0,1.3066943116346803,0.2
1964,180.49414022994745,26,1,0,0,1.2516912431712848,0.2
1965,161.50151772079377,25,1,0,0,1.402687583117538,0.2
1966,187.1517609571843,27,1,0,0,1.4873748802348297,0.2
1967,163.06223392466987,23,1,0,0,1.3029516491779494,0.2
1968,178.14066136857437,22,1,0,0,1.2856770099771513,0.2
1969,184.01245681119843,23,1,0,0,1.4756772261217912,0.2
1970,202.70006826546222,33,1,0,0,1.379896647300585,0.2
1971,144.7380134291256,25,1,0,0,1.404986446983934,0.2
1972,222.6582862011552,67,1,0,0,1.4251148560951357,0.2
1973,133.24374720731814,15,1,0,0,1.4320581898751268,0.2
1974,157.04014874321746,19,1,0,0,1.3813816663133576,0.2
1975,190.84230120503906,27,1,0,0,1.3837896756511017,0.2
1976,181.69266433732233,34,1,0,0,1.2400601099842827,0.2
1977,168.25869100893223,23,1,0,0,1.0766701846172666,0.2
1978,159.73671263328816,22,1,0,0,1.347363145944055,0.2
1979,152.8774878233867,34,1,0,0,1.4606373526022987,0.2
1980,154.28129799904096,27,1,0,0,1.2723822679225854,0.2
1981,115.48243999480157,24,1,0,0,1.1604435930586587,0.2
1982,143.510754587779,13,1,0,0,1.484139950431251,0.2
1983,145.0862841604015,23,1,0,0,1.4142548462099027,0.2
1984,217.4848221163009,37,1,0,0,1.4768856142228508,0.2
1985,160.72004112456008,17,1,0,0,1.2574078127359796,0.2
1986,152.8246530524833,15,1,0,0,1.3786185240778719,0.2
1987,175.0721572923962,23,1,0,0,1.2324408259608488,0.2
1988,159.75257665670074,20,1,0,0,1.201986740632492,0.2
1989,173.04330098828032,27,1,0,0,1.35838577023977,0.2
1990,232.95456627128715,46,1,0,0,1.3149190369556203,0.2
1991,155.45655505878466,25,1,0,0,1.3743357581802957,0.2
1992,135.74904562293383,13,1,0,0,1.3337023534193617,0.2
1993,152.02146857528874,22,1,0,0,1.4305612319393108,0.2
1994,167.22014133916014,25,1,0,0,1.251893753131582,0.2
1995,206.67151054651146,35,1,0,0,1.4887937784874268,0.2
1996,170.4891668696709,20,1,0,0,1.424865947037233,0.2
1997,233.76828391136146,44,1,0,0,1.4996721278425755,0.2
1998,156.18722957441403,24,1,0,0,1.3106328829013922,0.2
1999,147.84826005296824,20,1,0,0,1.0504545056164427,0.2
2000,169.00046486806968,22,1,0,0,1.4364692578007425,0.2
2001,184.84977020355268,28,1,0,0,1.478028074483882,0.2
2002,183.67106548119398,28,1,0,0,1.4666934473996507,0.2
2003,146.2876365026487,22,1,0,0,1.4482386288942346,0.2
2004,156.44968257900177,16,1,0,0,1.2698628014835498,0.2
2005,194.86440073287895,30,1,0,0,1.4274268688726592,0.2
2006,166.4986309163225,26,1,0,0,1.2948461854534428,0.2
2007,179.73045482988886,30,1,0,0,1.1869259748430936,0.2
2008,152.74910323316277,21,1,0,0,1.3329606823788906,0.2
2009,167.4218488694852,30,1,0,0,1.4038242414431943,0.2
2010,142.98340716928152,14,1,0,0,1.1060945958540975,0.2
2011,127.45981456290916,20,1,0,0,1.340522834547097,0.2
2012,139.65000366390487,28,1,0,0,1.389192034021752,0.2
2013,180.34249758362355,31,1,0,0,1.4260840047054917,0.2
2014,141.00337251224425,61,1,0,0,1.2191945247562253,0.2
2015,129.64047699672977,14,1,0,0,1.423096546537969,0.2
2016,174.15061533009037,25,1,0,0,1.4041731993249513,0.2
2017,140.7180098643418,22,1,0,0,1.4071241948293258,0.2
2018,-50.0,1,0,1,0,5.847806997166976,0.2
2019,210.22869058458292,41,1,0,0,1.4581740398889933,0.2
2020,-50.0,1,0,1,0,4.66409540177317,0.2
2021,189.53558955286684,31,1,0,0,1.3461506750222865,0.2
2022,144.3349677987671,15,1,0,0,1.4804329793016189,0.2
2023,129.39041395215676,10,1,0,0,1.4602413458596917,0.2
2024,173.85086574444958,24,1,0,0,1.445430917309912,0.2
2025,216.07159793121818,34,1,0,0,1.300886163986943,0.2
2026,184.25126427721312,31,1,0,0,1.3658881100786024,0.2
2027,235.5991271393193,46,1,0,0,1.4253283834912476,0.2
2028,153.15955852595422,86,1,0,0,1.378933100180069,0.2
2029,163.75443491154698,18,1,0,0,1.4698084069319248,0.2
2030,156.36376328672665,29,1,0,0,1.1021681369731635,0.2
2031,156.9882808665425,22,1,0,0,1.341771052215335,0.2
2032,140.74694555909133,22,1,0,0,1.4359997630003325,0.2
2033,173.43757410241165,21,1,0,0,1.3450702949364712,0.2
2034,213.88581894333106,38,1,0,0,1.2978572628418847,0.2
2035,191.8200878510936,36,1,0,0,1.2457142531753729,0.2
2036,-50.0,1,0,1,0,7.76870735091397,0.2
2037,158.71510594596975,23,1,0,0,1.4536282157862543,0.2
2038,152.88275479809354,26,1,0,0,1.2610704350314303,0.2
2039,146.688015978447,18,1,0,0,1.4803509848578391,0.2
2040,174.68022583824137,25,1,0,0,1.4152304796819148,0.2
2041,209.50888944607297,27,1,0,0,1.2838988075576823,0.2
2042,209.5992863376341,26,1,0,0,1.3263909494172639,0.2
2043,134.09078951583766,14,1,0,0,1.284952989523522,0.2
2044,-50.0,1,0,1,0,5.637016980255291,0.2
2045,202.31808016026457,26,1,0,0,1.3784056183871318,0.2
2046,159.5288534656928,23,1,0,0,1.36430416430825,0.2
2047,181.72853036199575,22,1,0,0,1.3938112890447063,0.2
2048,200.2500530707792,37,1,0,0,1.44345849768814,0.2
2049,145.06961778719318,16,1,0,0,1.3588513348061517,0.2
2050,123.25179389512465,13,1,0,0,1.3165176570460844,0.2
2051,144.3041688074194,55,1,0,0,1.479841997559089,0.2
2052,112.60065635167938,10,1,0,0,1.3954390906158156,0.2
2053,228.9728901737769,46,1,0,0,1.3507964524687388,0.2
2054,238.81174903163478,48,1,0,0,1.4224664019177546,0.2
2055,181.0123144121892,33,1,0,0,1.4561914408375574,0.2
2056,246.87509753253204,50,1,0,0,1.372906920194323,0.2
2057,172.34729257779568,27,1,0,0,1.448355090809283,0.2
2058,129.02256921495803,48,1,0,0,1.3638071626209045,0.2
2059,158.84254910560583,17,1,0,0,1.4716168912037797,0.2
2060,-3.9215269560369785,200,0,0,1,2.1961297244918367,0.2
2061,227.31815980068296,43,1,0,0,1.2709210741932209,0.2
2062,191.79614482451845,30,1,0,0,1.2621139278673843,0.2
2063,187.0529179301277,40,1,0,0,1.4671964876924606,0.2
2064,187.9800564313444,28,1,0,0,1.2918634377723859,0.2
2065,191.9154225938063,28,1,0,0,1.4741529650362157,0.2
2066,140.4482519984317,15,1,0,0,1.4008640962443968,0.2
2067,187.1224000356224,27,1,0,0,1.2501491704493224,0.2
2068,188.99469946374546,33,1,0,0,1.3068075476622638,0.2
2069,156.1610718610232,19,1,0,0,1.331296181372579,0.2
2070,203.28439817163894,35,1,0,0,1.4208809864390988,0.2
2071,142.06939561702353,15,1,0,0,1.3961495954461633,0.2
2072,164.12646653505533,19,1,0,0,1.4731763996266722,0.2
2073,-13.75614229582345,200,0,0,1,2.6529384156216094,0.2
2074,250.796149017283,54,1,0,0,1.412025216609923,0.2
2075,230.07944398117183,44,1,0,0,1.4940449197994032,0.2
2076,-50.0,1,0,1,0,4.370226037198388,0.2
2077,144.45380141067042,25,1,0,0,1.2579531640067303,0.2
2078,157.00184773155553,17,1,0,0,1.2403455111564492,0.2
2079,199.93613770863982,45,1,0,0,1.4944721923287532,0.2
2080,145.00404190136976,47,1,0,0,1.493107691153985,0.2
2081,165.8146363649472,20,1,0,0,1.4213767142945577,0.2
2082,178.1515892635953,21,1,0,0,1.3043968981922993,0.2
2083,198.4277041151043,34,1,0,0,1.3282856996656072,0.2
2084,149.85448213530134,27,1,0,0,1.4022072024176577,0.2
2085,190.5683701883437,26,1,0,0,1.2623600942420767,0.2
2086,187.6749958608886,32,1,0,0,1.287115334737877,0.2
2087,179.34324307430052,29,1,0,0,1.4596075385827902,0.2
2088,158.53607277826586,22,1,0,0,1.4146749456144998,0.2
2089,184.8652363057987,26,1,0,0,1.425678606581269,0.2
2090,176.41180689506194,22,1,0,0,1.3439575373009602,0.2
2091,-50.0,1,0,1,0,5.778078664793351,0.2
2092,169.04030953905522,18,1,0,0,1.266256224341332,0.2
2093,165.12255319320792,22,1,0,0,1.483466274721443,0.2
2094,158.59328602533455,17,1,0,0,1.2840606550505373,0.2
2095,217.1051100029843,42,1,0,0,1.3826012128638705,0.2
2096,173.53139322361184,44,1,0,0,1.2915915225508485,0.2
2097,201.52371202546914,28,1,0,0,1.3222511053670893,0.2
2098,187.8409919238896,34,1,0,0,1.3913016644902834,0.2
2099,164.63868625378186,26,1,0,0,1.403860289707994,0.2
2100,143.0279058142257,16,1,0,0,1.2741439730152353,0.2
2101,151.0026792261484,23,1,0,0,1.438119066887016,0.2
2102,149.09399962073252,29,1,0,0,1.0985714180812722,0.2
2103,168.11319211732308,22,1,0,0,1.2681918158168084,0.2
2104,146.04713016723574,18,1,0,0,1.198383967777736,0.2
2105,168.5233975593958,25,1,0,0,1.4070198921250399,0.2
2106,191.56291687441586,30,1,0,0,1.3971342258682684,0.2
2107,159.72403673685776,23,1,0,0,1.2348669574886315,0.2
2108,137.6918839201441,20,1,0,0,1.2947780242502833,0.2
2109,168.21130520855212,34,1,0,0,1.375679776933225,0.2
2110,137.88380143866775,21,1,0,0,1.3950908602483159,0.2
2111,221.75026088492788,42,1,0,0,1.2895427353971325,0.2
2112,148.0596276061258,18,1,0,0,1.2677986029931438,0.2
2113,175.17808114279077,25,1,0,0,1.3882077470064567,0.2
2114,163.669049535655,22,1,0,0,1.2666914518830152,0.2
2115,192.4895840811867,27,1,0,0,1.262335358871994,0.2
2116,203.72572203733432,30,1,0,0,1.3109012750156204,0.2
2117,176.01241503893317,23,1,0,0,1.0667239759912934,0.2
2118,220.408920978471,33,1,0,0,1.3017382458511326,0.2
2119,181.13017595100393,25,1,0,0,1.4375461882803708,0.2
2120,157.5247987272641,22,1,0,0,1.227837468338479,0.2
2121,216.86053110701724,30,1,0,0,1.3188626220274002,0.2
2122,200.58537496500844,29,1,0,0,1.2294686621234836,0.2
2123,138.67758771877587,18,1,0,0,1.2866705667474179,0.2
2124,206.9590505376981,31,1,0,0,1.3047617438020986,0.2
2125,122.0655542501996,10,1,0,0,1.3361744182012179,0.2
2126,121.39427986849877,60,1,0,0,1.366227503329805,0.2
2127,172.11069927506492,25,1,0,0,1.3675410434756312,0.2
2128,-34.717310764965575,200,0,0,1,2.317656324922783,0.2
2129,227.05103347058434,43,1,0,0,1.2959575006636574,0.2
2130,181.9271406889635,29,1,0,0,1.1414534129522271,0.2
2131,147.8454501221517,27,1,0,0,1.478195372600389,0.2
2132,157.70816116353473,20,1,0,0,1.2682629254992988,0.2
2133,175.92917254738032,24,1,0,0,1.466003105696865,0.2
2134,113.73863336361356,6,1,0,0,1.398723080951111,0.2
2135,203.19528913882465,29,1,0,0,1.4808493426647473,0.2
2136,121.76718553446764,11,1,0,0,1.360219753282252,0.2
2137,157.2000853649987,21,1,0,0,1.3931823306264992,0.2
2138,248.6429930091483,53,1,0,0,1.3191779597236746,0.2
2139,163.65771235829527,24,1,0,0,1.26780623633921,0.2
2140,220.96330075371088,44,1,0,0,1.3893705447732831,0.2
2141,132.33951652642372,12,1,0,0,1.420298277901635,0.2
2142,162.89614812886273,21,1,0,0,1.4176537451210973,0.2
2143,142.59877971082008,22,1,0,0,1.3524866627501682,0.2
2144,154.87098724464764,34,1,0,0,1.4259464710884953,0.2
2145,118.52667692164067,32,1,0,0,1.4946960401329532,0.2
2146,145.36879254340562,21,1,0,0,1.4875693195909052,0.2
2147,145.94417118404115,20,1,0,0,1.326626251358153,0.2
2148,145.63778168343072,19,1,0,0,1.4563540193704476,0.2
2149,178.7211338460911,33,1,0,0,1.3610461585569817,0.2
2150,147.32720560238621,26,1,0,0,1.4060938891644803,0.2
2151,223.99570014489186,41,1,0,0,1.3829414342429975,0.2
2152,203.45239089755063,34,1,0,0,1.4508801916445975,0.2
2153,155.45718749381155,15,1,0,0,1.4261424180048192,0.2
2154,198.7011119219599,31,1,0,0,1.4285760807103338,0.2
2155,145.88751849793894,22,1,0,0,1.4556995866393077,0.2
2156,164.68880396615768,30,1,0,0,1.476288895297769,0.2
2157,181.5550590659271,27,1,0,0,1.414164531147289,0.2
2158,171.51570957719457,24,1,0,0,1.493723633795278,0.2
2159,139.46932066174003,15,1,0,0,1.431121201514891,0.2
2160,196.74304505044825,31,1,0,0,1.4857361008120298,0.2
2161,191.36586288323494,25,1,0,0,1.300124011174488,0.2
2162,155.23729212969306,15,1,0,0,1.2134840346980127,0.2
2163,168.10357401589812,20,1,0,0,1.4559917772111932,0.2
2164,178.38563808650278,25,1,0,0,1.3578736787387935,0.2
2165,203.89947382632545,43,1,0,0,1.4960767626609701,0.2
2166,141.77648437275832,93,1,0,0,1.441601486677718,0.2
2167,178.04070234993657,26,1,0,0,1.2979333716182326,0.2
2168,131.96507329796697,14,1,0,0,1.3986603258520132,0.2
2169,172.20102870409653,26,1,0,0,1.3613603717809897,0.2
2170,175.19208390427286,56,1,0,0,1.4892810391455957,0.2
2171,176.23090358067907,29,1,0,0,1.341210731117633,0.2
2172,142.11607374924301,16,1,0,0,1.2456609334652602,0.2
2173,175.64312885827002,24,1,0,0,1.3738187761899219,0.2
2174,108.35331088012677,6,1,0,0,1.2637690027402606,0.2
2175,230.1197868130469,38,1,0,0,1.2965373921237384,0.2
2176,220.832076798327,48,1,0,0,1.3231601409280118,0.2
2177,-50.0,1,0,1,0,5.262028220964408,0.2
2178,122.89924381924097,14,1,0,0,1.4828760852456935,0.2
2179,203.4713018960518,31,1,0,0,1.2169643650578783,0.2
2180,136.82727122761452,17,1,0,0,1.3303269684327255,0.2
2181,147.45122855755386,16,1,0,0,1.3755750197624814,0.2
2182,248.08980195828642,52,1,0,0,1.4974049173768609,0.2
2183,157.7824571951429,37,1,0,0,1.479057146270816,0.2
2184,150.64295683360345,25,1,0,0,1.078518768077091,0.2
2185,146.97548783022933,16,1,0,0,1.36369484536806,0.2
2186,209.6405348042086,34,1,0,0,1.3459201686035944,0.2
2187,153.66283233867932,17,1,0,0,1.332181401691266,0.2
2188,161.92122901098895,22,1,0,0,1.4857769761737996,0.2
2189,109.25933994085199,5,1,0,0,1.0201234559016334,0.2
2190,170.40073378039875,19,1,0,0,1.2798097547537328,0.2
2191,188.9719729758385,27,1,0,0,1.4258164451512774,0.2
2192,177.3931349992992,22,1,0,0,1.1411513282186798,0.2
2193,217.32145483792124,42,1,0,0,1.251798912499319,0.2
2194,-50.0,1,0,1,0,3.9420545684023387,0.2
2195,132.36089287158438,10,1,0,0,1.4891436232998652,0.2
2196,187.24431178829624,34,1,0,0,1.293215266698501,0.2
2197,234.02865622151563,52,1,0,0,1.2840444322397897,0.2
2198,181.3050879633448,23,1,0,0,1.396992212680629,0.2
2199,143.9097528834793,13,1,0,0,1.2930895448500992,0.2
2200,134.6038414428646,19,1,0,0,1.4120914244660834,0.2
2201,145.85555637205294,14,1,0,0,1.4412905594149445,0.2
2202,254.22010292248206,51,1,0,0,1.4383959811233904,0.2
2203,202.5498768084789,108,1,0,0,1.4376200791143914,0.2
2204,129.11542346401262,36,1,0,0,1.3414783526962504,0.2
2205,183.77998974876914,28,1,0,0,1.453078700126957,0.2
2206,135.89852625816437,54,1,0,0,1.4651756955770912,0.2
2207,126.62988904889701,22,1,0,0,1.4620224543334879,0.2
2208,113.25494154508245,7,1,0,0,1.4379510698284934,0.2
2209,142.9265795782988,36,1,0,0,1.4106723131475642,0.2
2210,206.14118840242162,27,1,0,0,1.4247337548898842,0.2
2211,183.21108454828675,27,1,0,0,1.3030891754575142,0.2
2212,0.9806496791180261,200,0,0,1,1.7446165631617658,0.2
2213,154.5396387232222,27,1,0,0,1.461834937438648,0.2
2214,148.8366843787574,20,1,0,0,1.3010783714652245,0.2
2215,201.02765605503532,37,1,0,0,1.3861040537653706,0.2
2216,137.09211843647736,15,1,0,0,1.2483202084359453,0.2
2217,153.37896333003093,18,1,0,0,1.31883208021682,0.2
2218,183.0515801249992,28,1,0,0,1.4621287279343647,0.2
2219,173.51946575049135,23,1,0,0,1.3569822662294375,0.2
2220,212.18671527805668,29,1,0,0,1.4168287343902004,0.2
2221,146.5973757400768,21,1,0,0,1.4847589843180669,0.2
2222,175.71781412623926,22,1,0,0,1.4961888033692703,0.2
2223,111.60283472407836,7,1,0,0,1.3862608185663434,0.2
2224,196.46098905403517,34,1,0,0,1.24907630978989,0.2
2225,171.28650082037598,30,1,0,0,1.4601567219828717,0.2
2226,-1.7313721723657238,12,0,1,0,5.388642875837479,0.2
2227,185.27268238915627,26,1,0,0,1.3218883829426418,0.2
2228,176.5908169233096,22,1,0,0,1.3866044779309314,0.2
2229,187.76339379206385,27,1,0,0,1.2656615613598436,0.2
2230,137.84476887086447,116,1,0,0,1.4657744989986936,0.2
2231,168.83340288521492,25,1,0,0,1.4272682080635906,0.2
2232,198.31896959637626,32,1,0,0,1.2753532082331105,0.2
2233,199.00038991753433,24,1,0,0,1.4333775212807633,0.2
2234,165.70437211939554,40,1,0,0,1.4124593445494469,0.2
2235,151.9030956154546,20,1,0,0,1.2006889494366813,0.2
2236,202.97404564644768,33,1,0,0,1.3083438164074461,0.2
2237,119.49190408961641,18,1,0,0,1.3356181517121255,0.2
2238,238.36311759875616,46,1,0,0,1.3064056498933554,0.2
2239,162.6374899929949,22,1,0,0,1.3320104288578005,0.2
2240,254.00966215171144,52,1,0,0,1.4992432342263962,0.2
2241,129.49349167082877,15,1,0,0,1.4945148878772765,0.2
2242,209.91604644853476,41,1,0,0,1.2576762262250483,0.2
2243,169.37767222298274,22,1,0,0,1.4369008071277252,0.2
2244,127.0739605687692,12,1,0,0,1.418232344347468,0.2
2245,187.01383663239784,34,1,0,0,1.2603889412443925,0.2
2246,160.38811629736716,24,1,0,0,1.371009778853192,0.2
2247,141.40029802242503,26,1,0,0,1.3361687419801669,0.2
2248,177.54094806613332,22,1,0,0,1.3060548674987693,0.2
2249,164.31718669571194,23,1,0,0,1.3155034206176284,0.2
2250,207.22640449941855,36,1,0,0,1.2946744057271926,0.2
2251,143.37270125837034,17,1,0,0,1.393241018728064,0.2
2252,181.18647573105108,29,1,0,0,1.2950936855978665,0.2
2253,168.45490491352118,28,1,0,0,1.3473213267184374,0.2
2254,176.67245073072309,28,1,0,0,1.178460229373802,0.2
2255,145.84853254834968,17,1,0,0,1.2314510767297,0.2
2256,125.98403563098913,20,1,0,0,1.4586517413477165,0.2
2257,189.528503080869,28,1,0,0,1.1554846142632529,0.2
2258,187.36001603893803,27,1,0,0,1.4525222606635588,0.2
2259,171.48354045130696,24,1,0,0,1.1701396343616168,0.2
2260,142.4412520577742,19,1,0,0,1.2837583155103784,0.2
2261,154.5310156155862,21,1,0,0,1.2054706528670702,0.2
2262,129.9315739499948,12,1,0,0,1.464974420719814,0.2
2263,171.2315878596636,27,1,0,0,1.1675155230964238,0.2
2264,194.87347953333955,39,1,0,0,1.4459537126030704,0.2
2265,203.98512006265514,31,1,0,0,1.2182774092386606,0.2
2266,179.2802302497617,24,1,0,0,1.2683825343989195,0.2
2267,191.38730440733454,34,1,0,0,1.296161789345491,0.2
2268,223.6392038820355,46,1,0,0,1.3078097613982347,0.2
2269,158.08686656911715,20,1,0,0,1.387233758462314,0.2
2270,186.147622222187,25,1,0,0,1.343168784081655,0.2
2271,162.98904784998481,26,1,0,0,1.2623230786050663,0.2
2272,171.30504763036075,23,1,0,0,1.3836712040485075,0.2
2273,174.63830669353206,24,1,0,0,1.2948596941173187,0.2
2274,135.86379468801147,62,1,0,0,1.4234092026467966,0.2
2275,182.66019930144955,33,1,0,0,1.3425346624629577,0.2
2276,161.67463116476452,23,1,0,0,1.3927896391467351,0.2
2277,166.8601781025979,22,1,0,0,1.4017307555970204,0.2
2278,153.2984646032198,20,1,0,0,1.1784122776835297,0.2
2279,179.06255693009646,26,1,0,0,1.2617775266222806,0.2
2280,204.69318852693087,30,1,0,0,1.463994880169337,0.2
2281,175.82001293780127,23,1,0,0,1.277451102224605,0.2
2282,158.0275275302934,21,1,0,0,1.2490062443181245,0.2
2283,195.13969980010182,26,1,0,0,1.4059072482775474,0.2
2284,200.9128891799444,33,1,0,0,1.295930598161792,0.2
2285,164.5970525468399,28,1,0,0,1.2515555075152076,0.2
2286,265.51432851849006,89,1,0,0,1.4923776209465438,0.2
2287,157.88813427613374,20,1,0,0,1.2789338741413911,0.2
2288,158.72841578627725,22,1,0,0,1.1234600858643458,0.2
2289,-50.0,1,0,1,0,3.641308453123081,0.2
2290,162.74631898391982,25,1,0,0,1.458348647392836,0.2
2291,145.68915995724763,18,1,0,0,1.3572558124330012,0.2
2292,185.2021504357852,21,1,0,0,1.191057391043704,0.2
2293,166.40600902136237,29,1,0,0,1.4746270864120319,0.2
2294,144.01732146820763,17,1,0,0,1.4960896823985148,0.2
2295,174.73408239450896,27,1,0,0,1.496502360187489,0.2
2296,183.85657310106404,28,1,0,0,1.46328324593492,0.2
2297,169.03130736233464,20,1,0,0,1.3083133846597614,0.2
2298,153.8312125768961,22,1,0,0,1.2475638421309785,0.2
2299,146.99055679255525,50,1,0,0,1.3947355954249332,0.2
2300,184.2156657769646,24,1,0,0,1.4408583882550248,0.2
2301,117.59009810510187,11,1,0,0,1.3912455891713351,0.2
2302,219.0027549985529,39,1,0,0,1.3610959424421134,0.2
2303,44.640386366457314,200,0,0,1,2.7110369204151,0.2
2304,182.45378222119012,27,1,0,0,1.4071409235620629,0.2
2305,149.9971174912244,20,1,0,0,1.4950033087708827,0.2
2306,121.29655245960299,9,1,0,0,1.2082390441040145,0.2
2307,202.99360115480513,27,1,0,0,1.3520318024778797,0.2
2308,240.12461422810122,52,1,0,0,1.3220548230484952,0.2
2309,167.32617714943626,20,1,0,0,1.4326207931831605,0.2
2310,169.4064175462437,21,1,0,0,1.200419144972588,0.2
2311,191.88902438698614,30,1,0,0,1.2428298396222934,0.2
2312,143.2955784253122,18,1,0,0,1.4585392655026788,0.2
2313,188.53848946821677,22,1,0,0,1.4737836384669691,0.2
2314,166.35506361036775,22,1,0,0,1.410750507146145,0.2
2315,162.0750432447391,21,1,0,0,1.2407379779839949,0.2
2316,177.40282361597463,33,1,0,0,1.399276474098825,0.2
2317,153.32388038735223,20,1,0,0,1.2869208208888343,0.2
2318,167.82888823423087,24,1,0,0,1.2934239814285204,0.2
2319,183.19306590118876,27,1,0,0,1.2703197906385584,0.2
2320,182.60307024150032,25,1,0,0,1.195227155930401,0.2
2321,179.6495424307047,36,1,0,0,1.390500895209535,0.2
2322,153.7599376837082,22,1,0,0,1.3274587365448243,0.2
2323,143.18952301193437,22,1,0,0,1.4227247528484814,0.2
2324,190.35566354718628,26,1,0,0,1.3969717527122445,0.2
2325,214.43074425493307,39,1,0,0,1.3988833874357953,0.2
2326,178.47608134501485,23,1,0,0,1.408656848004563,0.2
2327,176.0946147861323,22,1,0,0,1.3381433034014105,0.2
2328,173.85064844868464,32,1,0,0,1.4983269767130607,0.2
2329,166.77159304617533,22,1,0,0,1.4843382642041174,0.2
2330,187.07765351850713,25,1,0,0,1.3351157964217564,0.2
2331,186.27866585695543,31,1,0,0,1.4059068171835163,0.2
2332,-50.0,1,0,1,0,4.537010719830139,0.2
2333,158.03511211456558,37,1,0,0,1.4684683726008538,0.2
2334,159.68358615950422,21,1,0,0,1.1324801652320986,0.2
2335,165.332356083045,19,1,0,0,1.3105529759559469,0.2
2336,246.14619178275646,54,1,0,0,1.4198456829351092,0.2
2337,169.0122438758204,27,1,0,0,1.1899167735237202,0.2
2338,190.33850502751977,33,1,0,0,1.4871375340579196,0.2
2339,120.62252752072078,15,1,0,0,1.3986905714949671,0.2
2340,183.5096430589865,27,1,0,0,1.240754921260667,0.2
2341,31.51629989885732,200,0,0,1,3.251269505966657,0.2
2342,169.55978986198107,23,1,0,0,1.4377897399678548,0.2
2343,108.57354127105667,134,1,0,0,1.4837782721812796,0.2
2344,191.86472646763517,26,1,0,0,1.341928908034513,0.2
2345,112.80439579322413,9,1,0,0,1.297367631195728,0.2
2346,187.57785310779292,32,1,0,0,1.4346015352486579,0.2
2347,149.10460586674935,24,1,0,0,1.4385991450502544,0.2
2348,159.124939003396,31,1,0,0,1.3433129690245118,0.2
2349,168.16590062376156,24,1,0,0,1.3067057853691342,0.2
2350,185.6722554037932,32,1,0,0,1.2074970742146902,0.2
2351,163.46084912663736,30,1,0,0,1.4360799229463288,0.2
2352,137.71484821763934,17,1,0,0,1.3807773734065794,0.2
2353,152.8200872231029,30,1,0,0,1.2914883249784073,0.2
2354,160.62564976473095,15,1,0,0,1.1226520098976986,0.2
2355,161.880931795418,21,1,0,0,1.3312761312218984,0.2
2356,191.82398818187824,28,1,0,0,1.3509261411650204,0.2
2357,189.18413362954902,33,1,0,0,1.3916116933279576,0.2
2358,176.78167592715386,23,1,0,0,1.3475534171558619,0.2
2359,-50.0,1,0,1,0,9.420622981199429,0.2
2360,163.19440161606155,24,1,0,0,1.4065802364279156,0.2
2361,125.17892093344851,61,1,0,0,1.3654361246709146,0.2
2362,176.4944193722191,23,1,0,0,1.276732832568557,0.2
2363,111.73347336514759,18,1,0,0,1.4046931236666946,0.2
2364,159.83100368562563,21,1,0,0,1.3217810520329343,0.2
2365,195.661169874017,29,1,0,0,1.3741652940921405,0.2
2366,116.9985613565389,10,1,0,0,1.3863557981181263,0.2
2367,245.93435383062942,47,1,0,0,1.3948191545184188,0.2
2368,111.82607153305545,7,1,0,0,1.2391679940848814,0.2
2369,250.74065345313616,47,1,0,0,1.3708767263388386,0.2
2370,118.77209526965851,9,1,0,0,1.4669429916088212,0.2
2371,118.80770369621509,22,1,0,0,1.4764743835634324,0.2
2372,192.55179534673664,29,1,0,0,1.2649985642716381,0.2
2373,167.93254155185252,26,1,0,0,1.2351871893188269,0.2
2374,214.93945933042875,30,1,0,0,1.4940739043751814,0.2
2375,178.20390968864757,28,1,0,0,1.277125617645227,0.2
2376,229.07062831857746,49,1,0,0,1.3576499272101001,0.2
2377,152.33935610849085,35,1,0,0,1.3907319560516396,0.2
2378,192.86363304951834,27,1,0,0,1.4103647231653347,0.2
2379,141.51997850694212,17,1,0,0,1.2699820118984353,0.2
2380,205.82234785854206,34,1,0,0,1.3317888299000216,0.2
2381,188.61093878731992,34,1,0,0,1.4327886795284732,0.2
2382,231.7310372996576,44,1,0,0,1.3227611005684239,0.2
2383,180.13137775284912,22,1,0,0,1.4951967511346769,0.2
2384,166.91491531830167,24,1,0,0,1.4915499493767483,0.2
2385,180.8832518200752,24,1,0,0,1.2358775751621875,0.2
2386,126.58617183425261,10,1,0,0,1.1930650377203944,0.2
2387,145.93827608856387,14,1,0,0,1.2703844170053562,0.2
2388,173.14460508517237,27,1,0,0,1.4386758705165876,0.2
2389,142.61959958058054,14,1,0,0,1.3500844548903603,0.2
2390,130.59431356231153,22,1,0,0,1.4542044690428197,0.2
2391,167.09815645997236,24,1,0,0,1.3348074447024738,0.2
2392,187.48694288110065,37,1,0,0,1.4419714617883828,0.2
2393,142.43658895566853,30,1,0,0,1.4822610615988994,0.2
2394,171.1925689343326,26,1,0,0,1.3249318555130924,0.2
2395,181.76756333285152,22,1,0,0,1.3362756834322957,0.2
2396,197.43598204633736,35,1,0,0,1.4300296891450202,0.2
2397,153.09980702091514,18,1,0,0,1.4056535822006688,0.2
2398,152.9414571768044,15,1,0,0,1.2794369497877474,0.2
2399,174.0470814408493,22,1,0,0,1.4152767972090463,0.2
2400,181.66227797719785,25,1,0,0,1.279198570202844,0.2
2401,221.03375445625488,44,1,0,0,1.2612406676257688,0.2
2402,214.59179934446934,44,1,0,0,1.287560549740389,0.2
2403,144.09795891590062,19,1,0,0,1.289208415162345,0.2
2404,135.89971223409094,13,1,0,0,1.272102291690813,0.2
2405,171.53100857331668,21,1,0,0,1.2142751871420794,0.2
2406,150.16540551719532,20,1,0,0,1.3546816489348685,0.2
2407,183.97508306779832,50,1,0,0,1.4267588787248155,0.2
2408,166.5181612634736,34,1,0,0,1.4577744272058029,0.2
2409,136.4303290016528,9,1,0,0,1.2607923890078139,0.2
2410,195.05763348323816,34,1,0,0,1.2717032508703503,0.2
2411,131.19514737342234,14,1,0,0,1.3580706727950616,0.2
2412,170.789621352869,30,1,0,0,1.298609707875615,0.2
2413,157.63158039640194,27,1,0,0,1.4280731565713958,0.2
2414,184.5120275184472,29,1,0,0,1.2817959343767211,0.2
2415,214.7861838613938,44,1,0,0,1.4375910486313483,0.2
2416,159.80169423580188,24,1,0,0,1.4026885977139243,0.2
2417,169.7021864404871,23,1,0,0,1.3166118280722012,0.2
2418,185.66378280090754,24,1,0,0,1.2504862226616957,0.2
2419,124.92437340976018,22,1,0,0,1.1684173914543274,0.2
2420,176.657387343315,24,1,0,0,1.4912394665482869,0.2
2421,183.26682640066025,26,1,0,0,1.26149484829435,0.2
2422,121.03835473288335,13,1,0,0,1.4355586840748689,0.2
2423,-50.0,1,0,1,0,9.713974543920845,0.2
2424,198.68784988702288,42,1,0,0,1.4308972850491453,0.2
2425,156.6486536273915,24,1,0,0,1.4310646274411591,0.2
2426,159.78599509407783,22,1,0,0,1.2648785699443552,0.2
2427,204.64408355505645,29,1,0,0,1.3508891087929775,0.2
2428,108.96795919623023,5,1,0,0,1.463792709945889,0.2
2429,231.25546190948128,40,1,0,0,1.3322160677807962,0.2
2430,182.5848850090161,26,1,0,0,1.473878675135192,0.2
2431,168.76640082873053,22,1,0,0,1.4510249311660497,0.2
2432,190.83413828313684,26,1,0,0,1.3823999178072146,0.2
2433,188.96735301114583,27,1,0,0,1.3007610019992113,0.2
2434,137.78889408859266,15,1,0,0,1.2063678133480058,0.2
2435,175.86636985993505,38,1,0,0,1.4691013191011233,0.2
2436,252.23969729336164,51,1,0,0,1.3663268608880916,0.2
2437,152.11841279384032,15,1,0,0,1.2541149068019743,0.2
2438,177.29996417158588,30,1,0,0,1.3827292480238926,0.2
2439,160.5224526540984,23,1,0,0,1.396854701318899,0.2
2440,186.0693327666366,32,1,0,0,1.3646442704757835,0.2
2441,168.05952372974855,24,1,0,0,1.28841097002765,0.2
2442,159.18679863174452,175,1,0,0,1.4911214013647416,0.2
2443,209.20885787616606,64,1,0,0,1.4646039482534698,0.2
2444,153.4930195993588,30,1,0,0,1.4855145794859788,0.2
2445,178.83052902082636,22,1,0,0,1.411547764280403,0.2
2446,142.03585642454232,26,1,0,0,1.3608797402979687,0.2
2447,150.4793971853629,23,1,0,0,1.412506999553509,0.2
2448,136.25836505714332,22,1,0,0,1.451558792089517,0.2
2449,167.1769948569384,20,1,0,0,1.4114642494899865,0.2
2450,196.24272245224097,26,1,0,0,1.4159104520745966,0.2
2451,135.83555656946035,26,1,0,0,1.3139079743277213,0.2
2452,188.44750238629643,26,1,0,0,1.4543852316067554,0.2
2453,170.44328654183136,25,1,0,0,1.4770253011195802,0.2
2454,25.56634328485982,200,0,0,1,3.012838749603181,0.2
2455,207.79555175222202,29,1,0,0,1.4599993293295535,0.2
2456,163.05260870240446,22,1,0,0,1.4335331615746065,0.2
2457,155.98873121988942,22,1,0,0,1.261685507992841,0.2
2458,144.5191419843379,24,1,0,0,1.417470413912492,0.2
2459,189.90934477188085,26,1,0,0,1.3826410423399331,0.2
2460,195.00278876586032,27,1,0,0,1.4713673212975444,0.2
2461,176.02178763791684,27,1,0,0,1.3007136839413909,0.2
2462,167.72557937520537,19,1,0,0,1.4622165410536971,0.2
2463,199.2474406905656,34,1,0,0,1.4532367389306597,0.2
2464,248.2885451808986,48,1,0,0,1.2985920209672865,0.2
2465,177.44196996568843,23,1,0,0,1.4767001975264855,0.2
2466,118.49944861770295,22,1,0,0,1.496921710034448,0.2
2467,171.1500569409563,24,1,0,0,1.2185184523063672,0.2
2468,200.15193343980815,38,1,0,0,1.4881389268994647,0.2
2469,187.90439565480773,25,1,0,0,1.3447575146501085,0.2
2470,180.06211083370147,22,1,0,0,1.2580044850147323,0.2
2471,143.33425938666963,18,1,0,0,1.4172519537639556,0.2
2472,153.61393099743165,22,1,0,0,1.3900987563919296,0.2
2473,151.5404034653503,19,1,0,0,1.3867765868634958,0.2
2474,239.97967086169498,49,1,0,0,1.459020486052931,0.2
2475,261.0849579471891,57,1,0,0,1.4123114856197023,0.2
2476,184.30666059599494,25,1,0,0,1.4193672860068012,0.2
2477,194.86096850700187,31,1,0,0,1.4237783736720977,0.2
2478,198.99605001816084,56,1,0,0,1.4250924322787955,0.2
2479,235.6798649650219,49,1,0,0,1.2600274945739218,0.2
2480,169.04872959096554,21,1,0,0,1.3894355767072735,0.2
2481,157.71939039745982,20,1,0,0,1.3534814807774984,0.2
2482,152.11880890179717,26,1,0,0,1.259315538490558,0.2
2483,-50.0,1,0,1,0,6.178532516665293,0.2
2484,205.70699117897414,38,1,0,0,1.4101863730421476,0.2
2485,198.32940575538555,33,1,0,0,1.3044019472699155,0.2
2486,120.35239172512728,12,1,0,0,1.4578818813897414,0.2
2487,180.50176380889565,28,1,0,0,1.2618766257344551,0.2
2488,243.2148068981124,45,1,0,0,1.2412011284566689,0.2
2489,168.2016699906943,23,1,0,0,1.496658672547288,0.2
2490,160.50565254878745,22,1,0,0,1.4956556423673328,0.2
2491,126.5888719876857,11,1,0,0,1.237025124364986,0.2
2492,194.42402806104113,25,1,0,0,1.2315335223007589,0.2
2493,182.8147159133011,30,1,0,0,1.171195765677725,0.2
2494,179.21271724691138,23,1,0,0,1.2747737900399772,0.2
2495,157.77058976284692,18,1,0,0,1.3123106261320914,0.2
2496,128.01079323268343,11,1,0,0,1.4048666506376537,0.2
2497,143.91164270936383,29,1,0,0,1.4372761508707177,0.2
2498,224.61939037001451,37,1,0,0,1.4244837236487775,0.2
2499,124.29937201412844,11,1,0,0,1.4019329712018573,0.2
2500,197.52053695432105,34,1,0,0,1.4067299093859535,0.2
2501,167.4004481563061,23,1,0,0,1.4402022346376178,0.2
2502,172.22161434161012,28,1,0,0,1.3809602131509764,0.2
2503,144.296656940514,14,1,0,0,1.4400813623738218,0.2
2504,147.51956778150065,19,1,0,0,1.4255230050214263,0.2
2505,147.95872868007035,115,1,0,0,1.4778804426457628,0.2
2506,149.94741819869773,184,1,0,0,1.4185797438074215,0.2
2507,188.35169248041575,35,1,0,0,1.3270177566930796,0.2
2508,175.48151689814725,24,1,0,0,1.488844395432709,0.2
2509,183.94757991494717,28,1,0,0,1.401277760960446,0.2
2510,133.8638509806882,22,1,0,0,1.434751322130252,0.2
2511,186.90635374986385,26,1,0,0,1.4824329292870555,0.2
2512,210.85818018758664,42,1,0,0,1.2992534228975816,0.2
2513,169.6129595505821,25,1,0,0,1.462082788896439,0.2
2514,128.83910613886002,8,1,0,0,1.3073110677674193,0.2
2515,178.63139166974153,30,1,0,0,1.200218659508441,0.2
2516,194.64830763847795,21,1,0,0,1.2012833586125524,0.2
2517,148.43688849975453,25,1,0,0,1.4955225312064648,0.2
2518,175.1558929713712,23,1,0,0,1.4388159571210535,0.2
2519,173.55253322629613,22,1,0,0,1.368891403995702,0.2
2520,169.56140051047942,31,1,0,0,1.4813904388847985,0.2
2521,166.38801871434438,23,1,0,0,1.4328772373456922,0.2
2522,190.08538350832498,30,1,0,0,1.381282305267836,0.2
2523,149.66424023073006,21,1,0,0,1.2304099034255631,0.2
2524,175.69642917522458,38,1,0,0,1.2608211201219603,0.2
2525,195.77917601153385,32,1,0,0,1.2272478275243333,0.2
2526,161.15064775219435,30,1,0,0,1.3540125211890055,0.2
2527,212.37451480979416,33,1,0,0,1.4608449967342012,0.2
2528,180.60378476513057,31,1,0,0,1.4529332345073944,0.2
2529,191.47783802403563,34,1,0,0,1.399558055823692,0.2
2530,177.5915042575292,22,1,0,0,1.4808634139735148,0.2
2531,188.1465697088334,24,1,0,0,1.4237428293122025,0.2
2532,149.6892365483319,18,1,0,0,1.3310254679800255,0.2
2533,127.17524436817311,10,1,0,0,1.343467813495046,0.2
2534,173.80123789245255,26,1,0,0,1.4746339655252425,0.2
2535,120.7733457979125,11,1,0,0,1.4797565320882147,0.2
2536,154.38314529906503,22,1,0,0,1.4141706015406803,0.2
2537,148.20805765501734,21,1,0,0,1.289532989834075,0.2
2538,189.5251308043299,64,1,0,0,1.312963416671038,0.2
2539,150.09976678304696,22,1,0,0,1.4779988249177516,0.2
2540,131.37615008153665,12,1,0,0,1.2099450675269574,0.2
2541,214.19493289247066,35,1,0,0,1.4642073048812831,0.2
2542,189.25304240873908,24,1,0,0,1.4546051628759336,0.2
2543,179.16451635217308,29,1,0,0,1.4359453707435625,0.2
2544,240.72987936903326,42,1,0,0,1.486393292537954,0.2
2545,160.62965819155585,26,1,0,0,1.1114356217050778,0.2
2546,198.00348818464812,25,1,0,0,1.4864892207122535,0.2
2547,108.66357741084815,9,1,0,0,1.374821335315637,0.2
2548,143.91577575347185,24,1,0,0,1.4267730474261022,0.2
2549,255.94517792608738,48,1,0,0,1.4678938663187977,0.2
2550,214.00365709366253,41,1,0,0,1.399751293325033,0.2
2551,176.23437956498253,28,1,0,0,1.21192550015834,0.2
2552,96.10137079123257,2,1,0,0,1.2361918955695113,0.2
2553,183.23751297454683,29,1,0,0,1.4538558705912858,0.2
2554,200.81977241798364,33,1,0,0,1.4281839739413553,0.2
2555,166.25606715689514,24,1,0,0,1.2694890612749836,0.2
2556,190.87839953801512,31,1,0,0,1.2285377620447802,0.2
2557,136.42736057817785,16,1,0,0,1.2453666771153618,0.2
2558,170.02240617548932,28,1,0,0,1.366802575116886,0.2
2559,162.20492498635252,23,1,0,0,1.2546892475872649,0.2
2560,162.13952060870915,25,1,0,0,1.3947992250604722,0.2
2561,192.38102964051956,23,1,0,0,1.48381935406747,0.2
2562,134.54515111212737,15,1,0,0,1.4288995174578787,0.2
2563,168.35534326677447,26,1,0,0,1.4492636519270214,0.2
2564,154.23939853626052,18,1,0,0,1.4354041705281229,0.2
2565,150.69266724565094,25,1,0,0,1.3717635646045037,0.2
2566,200.18582107369957,32,1,0,0,1.4239343466325296,0.2
2567,189.5385841529739,34,1,0,0,1.365772137443652,0.2
2568,153.827528620603,18,1,0,0,1.2347521541055502,0.2
2569,173.74500093588733,23,1,0,0,1.4978011230028627,0.2
2570,155.09769529549413,22,1,0,0,1.1464742948098374,0.2
2571,133.8074796270795,17,1,0,0,1.3006378129921257,0.2
2572,158.35798669166417,19,1,0,0,1.4597254479948456,0.2
2573,161.26474933564668,18,1,0,0,1.4706338324256103,0.2
2574,148.68225339178545,14,1,0,0,1.419779910833305,0.2
2575,197.36837008577135,26,1,0,0,1.4103263071148837,0.2
2576,172.829938332308,26,1,0,0,1.4403357730259239,0.2
2577,158.14870322518243,21,1,0,0,1.4792861766844059,0.2
2578,171.13561307671478,33,1,0,0,1.4852718316089712,0.2
2579,144.62216736701225,25,1,0,0,1.3924544086280035,0.2
2580,142.54765456361713,17,1,0,0,1.3119379981687769,0.2
2581,225.16947488707342,51,1,0,0,1.3516190272321542,0.2
2582,158.147284019379,27,1,0,0,1.350738746989061,0.2
2583,157.35799919259603,15,1,0,0,1.3410228799707236,0.2
2584,184.3100890336041,30,1,0,0,1.4352757962571783,0.2
2585,201.6246640598276,34,1,0,0,1.328003677026071,0.2
2586,190.65724750428257,24,1,0,0,1.433270057431469,0.2
2587,147.35580263054692,24,1,0,0,1.2697507456141235,0.2
2588,184.29859983456453,25,1,0,0,1.4148136839655607,0.2
2589,181.6531284548244,21,1,0,0,1.4142788498196637,0.2
2590,159.0036747323675,27,1,0,0,1.3792381491783774,0.2
2591,198.12474831597928,47,1,0,0,1.3585429251426024,0.2
2592,126.50616385616594,11,1,0,0,1.4946879662471664,0.2
2593,181.16896065029437,24,1,0,0,1.447150590999323,0.2
2594,158.59411747186974,19,1,0,0,1.393593152953151,0.2
2595,137.2050356868827,13,1,0,0,1.1968261118162868,0.2
2596,125.09334099836758,13,1,0,0,1.2406218295331413,0.2
2597,170.31224918805157,27,1,0,0,1.3431039165250684,0.2
2598,196.51773394965574,28,1,0,0,1.490665251281299,0.2
2599,-50.0,1,0,1,0,4.969607265497645,0.2
2600,247.55406144046125,45,1,0,0,1.3206069348247804,0.2
2601,183.3833468846046,25,1,0,0,1.3914178552896126,0.2
2602,157.8570479175579,21,1,0,0,1.3814142513410945,0.2
2603,159.9245643672965,25,1,0,0,1.307139444021192,0.2
2604,115.49585945811137,12,1,0,0,1.4194088030609489,0.2
2605,162.73240960871192,25,1,0,0,1.4363684555136143,0.2
2606,147.20032610423078,18,1,0,0,1.3615590822010197,0.2
2607,144.31951890958106,21,1,0,0,1.4039322188314185,0.2
2608,176.52063046351788,25,1,0,0,1.1684169147352335,0.2
2609,191.18217042649727,28,1,0,0,1.244462372297619,0.2
2610,207.832983014909,40,1,0,0,1.4056601699894904,0.2
2611,170.80800299703424,23,1,0,0,1.3922734805083314,0.2
2612,119.60226387026776,20,1,0,0,1.460393097092367,0.2
2613,178.35426393758377,28,1,0,0,1.2045933243909728,0.2
2614,186.88435556880705,31,1,0,0,1.3378601712590286,0.2
2615,176.07583480881078,25,1,0,0,1.493644291347385,0.2
2616,142.92439390256635,12,1,0,0,1.2497997317858733,0.2
2617,171.36300815789124,34,1,0,0,1.4976038807992813,0.2
2618,147.31706899689357,33,1,0,0,1.2625122292222242,0.2
2619,197.19181341800595,27,1,0,0,1.452408341376038,0.2
2620,174.8973281714198,20,1,0,0,1.3501324435266104,0.2
2621,123.03653950820757,7,1,0,0,1.4845716364074382,0.2
2622,254.68755709526897,58,1,0,0,1.399859539864504,0.2
2623,139.70505627138317,21,1,0,0,1.2951318211388632,0.2
2624,192.47663120517612,34,1,0,0,1.3948598425033896,0.2
2625,191.00478841164602,31,1,0,0,1.4451578126996751,0.2
2626,153.17395310599952,20,1,0,0,1.3634232729453708,0.2
2627,142.17117537187545,30,1,0,0,1.3422759867032559,0.2
2628,198.29047777050084,29,1,0,0,1.330394699976655,0.2
2629,137.9201824573641,22,1,0,0,1.2085766893726482,0.2
2630,155.27947947272992,19,1,0,0,1.4157850684950393,0.2
2631,164.11628175240128,29,1,0,0,1.4052095224257488,0.2
2632,116.7525260238149,26,1,0,0,1.490643948420067,0.2
2633,163.9745733149656,31,1,0,0,1.2866128280816096,0.2
2634,144.25965138494496,19,1,0,0,1.4889340743734396,0.2
2635,169.1313989720952,23,1,0,0,1.3943750918771853,0.2
2636,202.0531865982143,46,1,0,0,1.4563232340743635,0.2
2637,155.4749193276449,19,1,0,0,1.38027970035586,0.2
2638,147.99747781303554,25,1,0,0,1.28520771065498,0.2
2639,136.29933912809383,13,1,0,0,1.479657095795748,0.2
2640,174.29044215591978,26,1,0,0,1.3074339526451686,0.2
2641,170.72759399652347,28,1,0,0,1.3060732254806047,0.2
2642,166.7219985932087,24,1,0,0,1.4804672059786486,0.2
2643,131.4039666638463,16,1,0,0,1.4935129228605317,0.2
2644,178.22767249668033,22,1,0,0,1.374269853718674,0.2
2645,132.12062309285372,16,1,0,0,1.3100871969408465,0.2
2646,147.6982998315182,18,1,0,0,1.3557575320877866,0.2
2647,147.99388240307303,24,1,0,0,1.3744141914584205,0.2
2648,151.51195570220492,18,1,0,0,1.3913443682589406,0.2
2649,154.3300951229111,19,1,0,0,1.3389220212889876,0.2
2650,172.91247023020304,24,1,0,0,1.3277188422864723,0.2
2651,159.07808752292829,24,1,0,0,1.1757016071909987,0.2
2652,141.30245674648472,12,1,0,0,1.4195880955235844,0.2
2653,179.56340517312427,25,1,0,0,1.1978538946561355,0.2
2654,198.0286494516423,35,1,0,0,1.4864490671931727,0.2
2655,158.38886930546605,30,1,0,0,1.4761392839958982,0.2
2656,133.5335668564076,17,1,0,0,1.4308156892710098,0.2
2657,156.0918622240851,27,1,0,0,1.4258866239177004,0.2
2658,183.71277703338103,26,1,0,0,1.2824246170794982,0.2
2659,209.48059104501777,38,1,0,0,1.1757593947690042,0.2
2660,257.9526525915404,57,1,0,0,1.4976620699014482,0.2
2661,148.4197308914815,17,1,0,0,1.2264078522645165,0.2
2662,206.53496547081556,31,1,0,0,1.424709841106132,0.2
2663,196.63318796599916,36,1,0,0,1.3615308598215965,0.2
2664,173.71047928125694,17,1,0,0,1.4214395114412062,0.2
2665,157.07682636384806,17,1,0,0,1.3550588139286275,0.2
2666,186.79329658074232,30,1,0,0,1.3782134349117163,0.2
2667,189.96882536517376,27,1,0,0,1.1550399112307375,0.2
2668,-50.0,1,0,1,0,8.367647789828172,0.2
2669,192.58679676014185,27,1,0,0,1.3357715581838367,0.2
2670,167.03076230718898,23,1,0,0,1.3433192588692577,0.2
2671,193.64282698149756,32,1,0,0,1.3531326901058551,0.2
2672,175.4921908198556,34,1,0,0,1.3283148937674258,0.2
2673,162.29656947691984,36,1,0,0,1.4614916842737267,0.2
2674,184.90859258990497,42,1,0,0,1.4982045677350204,0.2
2675,142.11086621834738,21,1,0,0,1.230972815682966,0.2
2676,153.0181972618759,21,1,0,0,1.3084485968698594,0.2
2677,172.27111521923985,23,1,0,0,1.391663172920733,0.2
2678,143.77961045607407,21,1,0,0,1.434797265990018,0.2
2679,182.826773474123,27,1,0,0,1.4798823723191787,0.2
2680,183.67868638694137,31,1,0,0,1.4718987646131716,0.2
2681,183.43443779941697,33,1,0,0,1.2947475641069945,0.2
2682,173.3138561421104,25,1,0,0,1.4027345098844333,0.2
2683,212.0918309263743,38,1,0,0,1.4350978201107227,0.2
2684,179.5115046002985,23,1,0,0,1.4144146711082526,0.2
2685,182.65571454907175,23,1,0,0,1.3426566778082447,0.2
2686,153.22522383697046,15,1,0,0,1.4201275311918187,0.2
2687,178.00090557750178,21,1,0,0,1.3264687671569486,0.2
2688,185.72066067695573,27,1,0,0,1.3149898102172362,0.2
2689,-50.0,1,0,1,0,7.908612199571318,0.2
2690,164.59386003680044,21,1,0,0,1.4725672654122401,0.2
2691,168.02360888562805,22,1,0,0,1.4765996768113427,0.2
2692,192.92252252379245,29,1,0,0,1.3415335686959746,0.2
2693,165.11402414397384,27,1,0,0,1.361774450569988,0.2
2694,138.29735821557233,14,1,0,0,1.2081162298062316,0.2
2695,152.4979913542595,22,1,0,0,1.4478287731367436,0.2
2696,139.18363982312604,43,1,0,0,1.4633515928540548,0.2
2697,193.95225404313237,38,1,0,0,1.2358756146365526,0.2
2698,170.09622684906043,26,1,0,0,1.301304105433886,0.2
2699,229.14689828697647,47,1,0,0,1.4319273983228116,0.2
2700,122.3422245319889,11,1,0,0,1.374797878862246,0.2
2701,208.95311803689708,40,1,0,0,1.2720219518977163,0.2
2702,176.00150715368414,28,1,0,0,1.430601048366666,0.2
2703,161.56162664644938,26,1,0,0,1.3953915183741912,0.2
2704,129.90560974514636,13,1,0,0,1.471523228543447,0.2
2705,152.44986475841708,17,1,0,0,1.2070983747703496,0.2
2706,133.6791822483293,24,1,0,0,1.3760599440098702,0.2
2707,171.86325617597328,24,1,0,0,1.4072530208070475,0.2
2708,116.32818861631995,13,1,0,0,1.3602945532154163,0.2
2709,199.722290583193,34,1,0,0,1.4730795588933288,0.2
2710,174.55804896610908,29,1,0,0,1.4507081131667077,0.2
2711,166.61724017006395,19,1,0,0,1.38908566187624,0.2
2712,178.8253912166248,27,1,0,0,1.4500905428390787,0.2
2713,166.3764830909629,26,1,0,0,1.1900833104450272,0.2
2714,-50.0,1,0,1,0,8.911897358643172,0.2
2715,180.59088181517325,26,1,0,0,1.2896795725959973,0.2
2716,216.95108406922782,36,1,0,0,1.4796650137311487,0.2
2717,100.0,1,1,0,0,1.4722024519457912,0.2
2718,275.43952196339797,59,1,0,0,1.1936071061562445,0.2
2719,116.8267813073793,19,1,0,0,1.43409779926781,0.2
2720,148.97079374779577,17,1,0,0,1.4787341279152495,0.2
2721,200.87641230712728,35,1,0,0,1.3159609596844404,0.2
2722,167.70369272014773,22,1,0,0,1.2801479791134205,0.2
2723,152.349443634568,21,1,0,0,1.2134790576847865,0.2
2724,171.67056387656118,22,1,0,0,1.386138412150801,0.2
2725,138.59226144608218,16,1,0,0,1.1438082257049482,0.2
2726,203.16924239863357,33,1,0,0,1.4689481112174396,0.2
2727,164.03471682127662,22,1,0,0,1.2259846604416447,0.2
2728,189.70680962716997,29,1,0,0,1.1087341426051516,0.2
2729,190.04940744097655,28,1,0,0,1.267806194839511,0.2
2730,175.9428861359088,32,1,0,0,1.2942169699155028,0.2
2731,-50.0,1,0,1,0,8.419970129707082,0.2
2732,-50.0,1,0,1,0,2.997233448394895,0.2
2733,150.80581372272093,19,1,0,0,1.1156532427752797,0.2
2734,175.82336205324748,27,1,0,0,1.3208767182743404,0.2
2735,187.61035924272844,25,1,0,0,1.2253078934170292,0.2
2736,160.30674797796553,19,1,0,0,1.444159112006505,0.2
2737,207.69028403198143,27,1,0,0,1.1355069869102972,0.2
2738,155.0476231547476,17,1,0,0,1.3780247322105668,0.2
2739,183.81763567319348,24,1,0,0,1.4852738899441598,0.2
2740,162.24932653818075,23,1,0,0,1.3760250600299018,0.2
2741,160.38359889736057,23,1,0,0,1.343739966071969,0.2
2742,148.70278260873252,20,1,0,0,1.2695127079334612,0.2
2743,152.42856597205014,15,1,0,0,1.3229086507523695,0.2
2744,166.01782385868736,24,1,0,0,1.4779363188855434,0.2
2745,164.1195890218437,27,1,0,0,1.4774377261171918,0.2
2746,176.47695580243766,28,1,0,0,1.3658993763342635,0.2
2747,172.31179245161638,34,1,0,0,1.4549847977563757,0.2
2748,163.78470232793856,24,1,0,0,1.2379858768623406,0.2
2749,178.99667696130723,50,1,0,0,1.4892310808417002,0.2
2750,211.22510955659112,35,1,0,0,1.2767795200533307,0.2
2751,192.0872427524103,34,1,0,0,1.423354293318113,0.2
2752,175.9300761252858,22,1,0,0,1.2840046335461492,0.2
2753,156.92098306105913,60,1,0,0,1.3430724032221195,0.2
2754,132.4577502992479,15,1,0,0,1.4088025902328547,0.2
2755,167.9119806348532,29,1,0,0,1.3430370260778648,0.2
2756,246.86720653004645,47,1,0,0,1.346497778446666,0.2
2757,159.9485184080495,31,1,0,0,1.2774004423900671,0.2
2758,158.62771468792846,26,1,0,0,1.4337040600480886,0.2
2759,241.70601368856111,49,1,0,0,1.4638308291645517,0.2
2760,170.40601617596292,25,1,0,0,1.375624625411113,0.2
2761,129.94211055959124,10,1,0,0,1.4583966770866408,0.2
2762,138.42332310164474,37,1,0,0,1.4634910242902017,0.2
2763,217.3633900655755,45,1,0,0,1.1742269249267359,0.2
2764,155.58444854207872,20,1,0,0,1.4943890170623628,0.2
2765,168.76034051428627,26,1,0,0,1.1564079044443294,0.2
2766,147.91745090707417,18,1,0,0,1.4207025117357102,0.2
2767,186.39768330713812,37,1,0,0,1.4535101640438706,0.2
2768,190.3276651121418,27,1,0,0,1.3695085236994742,0.2
2769,147.79520223569048,15,1,0,0,1.259202169409952,0.2
2770,-50.0,1,0,1,0,4.442596316175155,0.2
2771,120.82689528414686,11,1,0,0,1.492861049978203,0.2
2772,203.6499223562941,30,1,0,0,1.435134070639949,0.2
2773,174.12490670153167,21,1,0,0,1.3345566929575694,0.2
2774,144.69990509201085,17,1,0,0,1.4765997937706148,0.2
2775,138.41439568865695,17,1,0,0,1.4396582223070833,0.2
2776,156.6382766621755,22,1,0,0,1.460353452542416,0.2
2777,193.62892670308685,29,1,0,0,1.4354592759440234,0.2
2778,159.93919515038257,23,1,0,0,1.0961985066561342,0.2
2779,139.96199978719048,16,1,0,0,1.4142234491239538,0.2
2780,127.07284062641727,24,1,0,0,1.4060586141786242,0.2
2781,145.57689957909167,45,1,0,0,1.4159917460205231,0.2
2782,241.95137467227335,50,1,0,0,1.4662422148883119,0.2
2783,183.68740982781492,25,1,0,0,1.2999052164021505,0.2
2784,144.0152919193146,17,1,0,0,1.1702948705746017,0.2
2785,136.45303514034703,16,1,0,0,1.418268300171064,0.2
2786,142.5222271142786,19,1,0,0,1.2464186978163516,0.2
2787,227.88800714197072,39,1,0,0,1.2404254161362038,0.2
2788,178.48799312900212,22,1,0,0,1.3476581954390656,0.2
2789,183.41232982279217,24,1,0,0,1.447461395871785,0.2
2790,141.37085201893638,16,1,0,0,1.4430348829659807,0.2
2791,123.2044271555614,93,1,0,0,1.3753984663031373,0.2
2792,230.00280804723803,41,1,0,0,1.496465206919995,0.2
2793,186.6115894325631,23,1,0,0,1.236768085684078,0.2
2794,115.28402311927677,7,1,0,0,1.4407327164982346,0.2
2795,245.2149410911825,53,1,0,0,1.344995843641235,0.2
2796,182.76976988238593,41,1,0,0,1.4935720317778847,0.2
2797,204.22367375166868,37,1,0,0,1.456572273547577,0.2
2798,134.3528264722426,15,1,0,0,1.3569547785126599,0.2
2799,170.4281996180763,20,1,0,0,1.467497565385019,0.2
2800,183.61602273902253,23,1,0,0,1.4797907039819642,0.2
2801,-50.0,1,0,1,0,1.245639100493083,0.2
2802,170.9488523208796,26,1,0,0,1.4057564735857613,0.2
2803,174.08439634040496,29,1,0,0,1.3454788358535335,0.2
2804,-9.660587628420751,200,0,0,1,3.296263078046009,0.2
2805,203.92627040294414,28,1,0,0,1.2521757574087515,0.2
2806,121.4933797940237,17,1,0,0,1.4314074823799332,0.2
2807,169.1956053331385,60,1,0,0,1.4557139267953476,0.2
2808,119.25222332759633,12,1,0,0,1.4997983848473828,0.2
2809,19.468877893218984,200,0,0,1,2.1709126717059153,0.2
2810,205.86619542735673,27,1,0,0,1.4707018982563822,0.2
2811,156.84673871160595,18,1,0,0,1.4332295733567753,0.2
2812,234.7282621763124,43,1,0,0,1.4420148107163109,0.2
2813,160.72044829228085,25,1,0,0,1.1972466398006951,0.2
2814,-50.0,1,0,1,0,5.785032738292206,0.2
2815,196.87899194455855,38,1,0,0,1.4719979005514623,0.2
2816,196.06835099343175,24,1,0,0,1.451855943100552,0.2
2817,176.2406778066342,26,1,0,0,1.3669878537232762,0.2
2818,161.38320924946632,18,1,0,0,1.3545920280283967,0.2
2819,178.3316392789095,31,1,0,0,1.4927008694884163,0.2
2820,189.05194921203187,25,1,0,0,1.244113357685854,0.2
2821,-50.0,1,0,1,0,8.719117643652506,0.2
2822,192.32519465095112,35,1,0,0,1.4803329322042151,0.2
2823,238.29157258425656,47,1,0,0,1.3476834290678918,0.2
2824,201.44334959321796,30,1,0,0,1.3301488570965077,0.2
2825,231.27495772996062,49,1,0,0,1.3256732007204157,0.2
2826,202.62501845390418,34,1,0,0,1.2999748321931164,0.2
2827,-50.0,1,0,1,0,1.75383896192116,0.2
2828,169.5416415475813,23,1,0,0,1.2959013298613806,0.2
2829,188.1005930472271,24,1,0,0,1.4298301576789612,0.2
2830,142.61254809885284,17,1,0,0,1.2636173719132873,0.2
2831,254.8395980850319,52,1,0,0,1.4956381803786936,0.2
2832,-50.0,1,0,1,0,4.30289365017543,0.2
2833,159.45021705219665,26,1,0,0,1.4095251435114682,0.2
2834,144.09260453710792,24,1,0,0,1.3708370544932886,0.2
2835,161.91304003072483,21,1,0,0,1.4985101054402319,0.2
2836,182.55076586889552,26,1,0,0,1.2754995418992274,0.2
2837,148.59632285830412,22,1,0,0,1.4443921373509359,0.2
2838,127.97094340453674,13,1,0,0,1.1956323691192028,0.2
2839,137.199641970223,18,1,0,0,1.4085647882766796,0.2
2840,114.26841364337724,12,1,0,0,1.4105242164939626,0.2
2841,122.28524723643265,16,1,0,0,1.4396954044160915,0.2
2842,162.7169810601509,24,1,0,0,1.4540810955037924,0.2
2843,180.64776789477847,25,1,0,0,1.4016977530038037,0.2
2844,180.01568469471124,24,1,0,0,1.4023168178577907,0.2
2845,188.89834772359524,23,1,0,0,1.2355618589880812,0.2
2846,215.33099053311616,44,1,0,0,1.206415441741257,0.2
2847,167.5351571829373,32,1,0,0,1.331216466670466,0.2
2848,157.62261494982909,25,1,0,0,1.4893091651500063,0.2
2849,172.17682119798715,26,1,0,0,1.4872987164656246,0.2
2850,164.4751691522709,24,1,0,0,1.2661603518867859,0.2
2851,-41.5042214893581,4,0,1,0,4.050261198275577,0.2
2852,179.96202083053907,33,1,0,0,1.2968891252308643,0.2
2853,164.89961962732224,30,1,0,0,1.3744881714654291,0.2
2854,157.4271608013658,21,1,0,0,1.4953453310115805,0.2
2855,234.74596067174647,52,1,0,0,1.1937227690912064,0.2
2856,157.24429395153072,26,1,0,0,1.3614354002454074,0.2
2857,152.64754218512527,23,1,0,0,1.4707561466851147,0.2
2858,181.48162936327572,24,1,0,0,1.37774669494882,0.2
2859,166.9291318772768,19,1,0,0,1.185185432818948,0.2
2860,181.38449042726123,33,1,0,0,1.2467748518065795,0.2
2861,196.81183335748253,32,1,0,0,1.4758500584400311,0.2
2862,196.8987622189716,23,1,0,0,1.1317126640408501,0.2
2863,190.3241727286351,26,1,0,0,1.2864768084446478,0.2
2864,169.61148698493,30,1,0,0,1.39589510427668,0.2
2865,175.39992733466414,28,1,0,0,1.43313102531339,0.2
2866,160.46536886827136,18,1,0,0,1.2093528173776795,0.2
2867,142.56057817240813,18,1,0,0,1.3443711499151798,0.2
2868,163.4122563216562,26,1,0,0,1.491260546871191,0.2
2869,200.8735145563865,52,1,0,0,1.4541639474115504,0.2
2870,154.8499623429603,35,1,0,0,1.392783715884,0.2
2871,116.67873615265694,8,1,0,0,1.233727144653161,0.2
2872,154.52306099212598,26,1,0,0,1.4312716116196773,0.2
2873,150.71468393039868,18,1,0,0,1.1915661494728136,0.2
2874,-14.264458114611337,200,0,0,1,3.0119764344477953,0.2
2875,153.12695761234684,21,1,0,0,1.4335422453467204,0.2
2876,114.88120319424769,7,1,0,0,1.2320286331450634,0.2
2877,138.26305219342925,15,1,0,0,1.4877951854515068,0.2
2878,144.7954438084103,14,1,0,0,1.4111593340584438,0.2
2879,160.53702691602035,19,1,0,0,1.4935253877143284,0.2
2880,205.67743888942954,28,1,0,0,1.129274496984202,0.2
2881,133.02530907173,20,1,0,0,1.4947910421856574,0.2
2882,190.15575110922867,25,1,0,0,1.4061181309714328,0.2
2883,183.92767892657017,28,1,0,0,1.2822759340209318,0.2
2884,220.3547742240525,40,1,0,0,1.3054233405646998,0.2
2885,142.76576416218623,14,1,0,0,1.3195231355156822,0.2
2886,190.2361137413268,24,1,0,0,1.3588052326776499,0.2
2887,199.94428047632638,35,1,0,0,1.1235491436289524,0.2
2888,227.01346058832354,45,1,0,0,1.3558786989284675,0.2
2889,153.61574710416699,18,1,0,0,1.2822164260947724,0.2
2890,110.61234355474117,5,1,0,0,1.3739690568424467,0.2
2891,214.52692373002083,30,1,0,0,1.2886789108845007,0.2
2892,168.08188727926122,24,1,0,0,1.4435968353786641,0.2
2893,178.81531905911152,43,1,0,0,1.45582555348339,0.2
2894,193.64849700939834,31,1,0,0,1.2800120328459166,0.2
2895,234.62550211853352,49,1,0,0,1.2242853105968228,0.2
2896,174.9953419808789,29,1,0,0,1.2874313367087515,0.2
2897,185.954066834509,31,1,0,0,1.1617001593355245,0.2
2898,174.92652046778898,28,1,0,0,1.27367170594636,0.2
2899,146.254657281154,19,1,0,0,1.4550711718860274,0.2
2900,158.74453004900144,18,1,0,0,1.4033769818949158,0.2
2901,169.89823027924388,22,1,0,0,1.3243003092268546,0.2
2902,159.40186565259702,19,1,0,0,1.4993810377408976,0.2
2903,219.6002849807042,44,1,0,0,1.4513494338498023,0.2
2904,193.93177618743564,22,1,0,0,1.4494285644552347,0.2
2905,203.26081898345862,30,1,0,0,1.3322223170208067,0.2
2906,-50.0,1,0,1,0,4.074313675933519,0.2
2907,203.38472171774572,34,1,0,0,1.4330257600359744,0.2
2908,150.61624906860362,16,1,0,0,1.4371259569545098,0.2
2909,183.52073463297404,40,1,0,0,1.375304823706412,0.2
2910,151.41811809527084,18,1,0,0,1.3105381121706219,0.2
2911,175.3367293306962,24,1,0,0,1.4671078703515852,0.2
2912,231.9257097720675,47,1,0,0,1.448257322968285,0.2
2913,212.75554513201348,43,1,0,0,1.2747251414393272,0.2
2914,153.85330925845975,24,1,0,0,1.3396381050354245,0.2
2915,-50.0,1,0,1,0,4.224368137279038,0.2
2916,0.6713458043231688,200,0,0,1,2.6479561427475056,0.2
2917,197.51556199132247,27,1,0,0,1.4901687034020092,0.2
2918,172.53520969996094,25,1,0,0,1.3986008941930612,0.2
2919,183.9822002079381,21,1,0,0,1.2900603308804681,0.2
2920,208.30612116885044,40,1,0,0,1.428322093554131,0.2
2921,172.26735200150517,30,1,0,0,1.413601766114196,0.2
2922,183.72620756205765,32,1,0,0,1.3161911058345208,0.2
2923,215.836374317774,42,1,0,0,1.214397357299928,0.2
2924,149.50820523335588,16,1,0,0,1.4344426146989904,0.2
2925,177.60347600219816,29,1,0,0,1.474351658083509,0.2
2926,202.50775890174748,32,1,0,0,1.3409565234403884,0.2
2927,199.15620946080278,40,1,0,0,1.3822499563230377,0.2
2928,100.0,1,1,0,0,1.4862752121411134,0.2
2929,227.0435546488952,39,1,0,0,1.3995180905480857,0.2
2930,164.2271057379508,23,1,0,0,1.4247692726322252,0.2
2931,232.04585844723678,43,1,0,0,1.2388155248477348,0.2
2932,128.86124621761348,11,1,0,0,1.4797720534394836,0.2
2933,98.86466993794704,4,1,0,0,1.4302500245859966,0.2
2934,123.08816220325895,9,1,0,0,1.3005002846324025,0.2
2935,-33.84952072496179,10,0,1,0,4.3847483535039,0.2
2936,180.963788970419,22,1,0,0,1.3614635466244784,0.2
2937,8.530446305226134,200,0,0,1,3.757493885000525,0.2
2938,190.16041441419193,24,1,0,0,1.3495343779630822,0.2
2939,169.6205638159654,19,1,0,0,1.4417774300350006,0.2
2940,218.5888171354185,42,1,0,0,1.340573656393938,0.2
2941,142.74630244402024,24,1,0,0,1.3749977281624493,0.2
2942,184.19948256801416,23,1,0,0,1.449795231291674,0.2
2943,-50.0,1,0,1,0,3.8401010385678416,0.2
2944,128.20243556764166,13,1,0,0,1.4519918429485588,0.2
2945,196.5249409255393,26,1,0,0,1.4173006930456218,0.2
2946,149.78059737106634,19,1,0,0,1.4508792320242292,0.2
2947,145.54135497482423,27,1,0,0,1.4359522178592963,0.2
2948,131.26869375694403,23,1,0,0,1.4371999908838347,0.2
2949,155.28673785184145,25,1,0,0,1.4501281576508325,0.2
2950,119.90606645532458,45,1,0,0,1.4455219134048074,0.2
2951,160.05929947487056,21,1,0,0,1.3941230408549363,0.2
2952,134.85151655755192,171,1,0,0,1.2992839672329752,0.2
2953,138.6263124673502,18,1,0,0,1.4993168611074452,0.2
2954,208.226461998544,24,1,0,0,1.215211944249364,0.2
2955,147.27446309786507,14,1,0,0,1.254849224331291,0.2
2956,158.87480083689496,21,1,0,0,1.456707294887906,0.2
2957,147.80135502968085,18,1,0,0,1.168555759369749,0.2
2958,179.60469668112378,21,1,0,0,1.3946687890269305,0.2
2959,167.08554757682356,26,1,0,0,1.3589844487504206,0.2
2960,124.55965915447322,39,1,0,0,1.1493902562013725,0.2
2961,253.79123805892587,56,1,0,0,1.3807023124969853,0.2
2962,174.31324007295495,28,1,0,0,1.4539710635712002,0.2
2963,-50.0,1,0,1,0,8.963491169959276,0.2
2964,189.0016394243442,29,1,0,0,1.2865869205177467,0.2
2965,112.86272390026569,61,1,0,0,1.449241150208757,0.2
2966,8.030079737590983,200,0,0,1,1.8983936503264862,0.2
2967,192.06793334176945,31,1,0,0,1.4748932192511763,0.2
2968,187.14446626473284,28,1,0,0,1.154573185172088,0.2
2969,177.37698117808822,25,1,0,0,1.297473965129842,0.2
2970,172.21053212091886,19,1,0,0,1.3569409809012682,0.2
2971,115.22447498551753,9,1,0,0,1.4854637228092469,0.2
2972,125.06169753711134,16,1,0,0,1.4956277313656547,0.2
2973,-50.0,1,0,1,0,6.929746238654347,0.2
2974,169.70915007218053,25,1,0,0,1.3944335933568548,0.2
2975,191.0830454435266,24,1,0,0,1.4549271493031763,0.2
2976,167.48468554494994,19,1,0,0,1.435567806974942,0.2
2977,170.87628311974834,32,1,0,0,1.3267780913920353,0.2
2978,158.28403616619698,19,1,0,0,1.4397954218166809,0.2
2979,155.41237984603222,16,1,0,0,1.328952993209285,0.2
2980,191.27163618019705,27,1,0,0,1.3170772496729701,0.2
2981,126.500828420202,19,1,0,0,1.4706332914633267,0.2
2982,168.63337255768096,26,1,0,0,1.103339634452943,0.2
2983,117.25331737032914,10,1,0,0,1.4068431274090671,0.2
2984,152.09459917560582,22,1,0,0,1.4707181597926557,0.2
2985,187.6985614345483,31,1,0,0,1.2091253916938218,0.2
2986,140.86197746661588,28,1,0,0,1.1500453543543692,0.2
2987,136.81877424134169,16,1,0,0,1.4707503385173097,0.2
2988,152.4276764014463,16,1,0,0,1.3918843316662666,0.2
2989,256.7285442762189,52,1,0,0,1.4659752149996277,0.2
2990,149.76489419261586,32,1,0,0,1.464551180994701,0.2
2991,216.9269735481023,41,1,0,0,1.3789733067539156,0.2
2992,-23.847866195104817,200,0,0,1,2.667384297054792,0.2
2993,186.9284610691309,32,1,0,0,1.3764907673930198,0.2
2994,140.0751294215558,12,1,0,0,1.2847392687865875,0.2
2995,190.0103501046613,28,1,0,0,1.409970502073363,0.2
2996,176.04751062668734,22,1,0,0,1.44406599706091,0.2
2997,129.52911414801235,17,1,0,0,1.4935782401514701,0.2
2998,129.51750303505838,11,1,0,0,1.1529956773904746,0.2
2999,176.48326691731637,24,1,0,0,1.2863438981768807,0.2
3000,31.946175329496167,200,0,0,1,2.3951903052783776,0.2
3001,135.06633801327868,15,1,0,0,1.4858829013350023,0.2
3002,161.89403408753049,20,1,0,0,1.2941084722196863,0.2
3003,164.6539562490496,25,1,0,0,1.291658118026609,0.2
3004,167.5567725874755,19,1,0,0,1.2814131953257004,0.2
3005,218.12606852823885,43,1,0,0,1.409572450734533,0.2
3006,214.02267037493326,37,1,0,0,1.2506106311606842,0.2
3007,175.95178680636573,20,1,0,0,1.4381655216782927,0.2
3008,261.3600129608845,58,1,0,0,1.4555096463825,0.2
3009,153.63242119330627,16,1,0,0,1.4068453511464618,0.2
3010,145.85504669725924,15,1,0,0,1.269957343611837,0.2
3011,138.3667572567395,13,1,0,0,1.4785910014382608,0.2
3012,144.72094815303757,18,1,0,0,1.4219317844378183,0.2
3013,176.3929493872438,31,1,0,0,1.3339822227874405,0.2
3014,162.40306284613558,18,1,0,0,1.0926040552931837,0.2
3015,188.0281133442134,32,1,0,0,1.1722694092601935,0.2
3016,137.72345843850255,15,1,0,0,1.4811289005690653,0.2
3017,164.7519253317013,19,1,0,0,1.2169741306936313,0.2
3018,186.0916046941294,25,1,0,0,1.302573217940479,0.2
3019,239.48286636416623,50,1,0,0,1.4499379871328935,0.2
3020,161.32421502978522,20,1,0,0,1.2580137009327432,0.2
3021,164.57450211925828,20,1,0,0,1.4854317380637683,0.2
3022,119.82898080018691,23,1,0,0,1.4746114118449432,0.2
3023,138.8403696162564,18,1,0,0,1.3521359811999718,0.2
3024,182.20976732469643,26,1,0,0,1.3239303688248218,0.2
3025,166.81648339110376,21,1,0,0,1.3070757373359354,0.2
3026,124.39861146609023,9,1,0,0,1.4436625255512672,0.2
3027,168.06761562107783,31,1,0,0,1.411346617675533,0.2
3028,198.9933916736555,36,1,0,0,1.3822146842172454,0.2
3029,274.3663137588443,62,1,0,0,1.4441037505406356,0.2
3030,174.3897423244562,22,1,0,0,1.300571678720304,0.2
3031,162.72807433081226,24,1,0,0,1.44853744926144,0.2
3032,167.62675700723608,28,1,0,0,1.312110351797216,0.2
3033,141.46855649918467,16,1,0,0,1.4226623750755876,0.2
3034,139.59154512995494,14,1,0,0,1.4284998022780706,0.2
3035,168.0055082871384,23,1,0,0,1.393654779487169,0.2
3036,203.3063976486971,29,1,0,0,1.2332558551608455,0.2
3037,176.37068295089148,22,1,0,0,1.4800768875761894,0.2
3038,184.5433393348882,27,1,0,0,1.4920011124690897,0.2
3039,157.1192280185371,27,1,0,0,1.2287591786053895,0.2
3040,166.43264420996877,24,1,0,0,1.4752445194654131,0.2
3041,221.99889942151697,38,1,0,0,1.4282025527245308,0.2
3042,158.9679087253081,22,1,0,0,1.4838659982727838,0.2
3043,182.66115557940464,23,1,0,0,1.4465022282539288,0.2
3044,126.4114546078265,14,1,0,0,1.4027269999196743,0.2
3045,153.59515907878085,25,1,0,0,1.2103199929159127,0.2
3046,147.99045619202045,15,1,0,0,1.4620742207985178,0.2
3047,167.1587608570625,21,1,0,0,1.4256725507583143,0.2
3048,272.54382839676816,61,1,0,0,1.3519735036325022,0.2
3049,163.4878608103067,24,1,0,0,1.4962280788567728,0.2
3050,202.95217752215663,34,1,0,0,1.2215205036715384,0.2
3051,115.37167985993416,11,1,0,0,1.1354262169189007,0.2
3052,131.99415191129341,15,1,0,0,1.4145553451894122,0.2
3053,161.83889819763957,24,1,0,0,1.3765069657538092,0.2
3054,167.48931034203594,23,1,0,0,1.4134875636892927,0.2
3055,133.47060882412026,11,1,0,0,1.4855572855568084,0.2
3056,142.30201576070672,16,1,0,0,1.4003274649819455,0.2
3057,159.29707683726062,19,1,0,0,1.4837381329260506,0.2
3058,256.7822375251194,47,1,0,0,1.3330532334827385,0.2
3059,191.263434644172,25,1,0,0,1.4422450985991275,0.2
3060,140.94252956088675,26,1,0,0,1.4537824852586534,0.2
3061,1.7383949020743923,200,0,0,1,1.8561079709278538,0.2
3062,174.3741481589591,25,1,0,0,1.2995361889606962,0.2
3063,163.11203217068538,21,1,0,0,1.2058538708854811,0.2
3064,194.2677185638432,28,1,0,0,1.3426470357603126,0.2
3065,151.45512058733206,15,1,0,0,1.495740600822804,0.2
3066,201.89184822386648,29,1,0,0,1.4750935960158933,0.2
3067,115.75706567203794,11,1,0,0,1.3792117446181447,0.2
3068,137.62746137274073,16,1,0,0,1.4805409518756354,0.2
3069,171.72430617471943,22,1,0,0,1.1136387613685457,0.2
3070,161.55350853127476,24,1,0,0,1.4247524213216614,0.2
3071,159.98589747412535,24,1,0,0,1.2531148394412173,0.2
3072,164.12748447156233,23,1,0,0,1.462592349036608,0.2
3073,112.9166931522985,5,1,0,0,1.3563120429493782,0.2
3074,193.33811464732844,34,1,0,0,1.3799406888657642,0.2
3075,139.48383015418517,14,1,0,0,1.1232481449390896,0.2
3076,276.2821621616162,61,1,0,0,1.2150285404750274,0.2
3077,193.91748419555407,38,1,0,0,1.4064715999513964,0.2
3078,161.65470865839376,27,1,0,0,1.400991918923969,0.2
3079,167.6285451539419,23,1,0,0,1.4172834224696926,0.2
3080,179.9401039154984,27,1,0,0,1.308225498680329,0.2
3081,172.46664961227353,23,1,0,0,1.3275011947574336,0.2
3082,158.07960470408665,21,1,0,0,1.4969962762522389,0.2
3083,191.80477569742553,27,1,0,0,1.2781796197490014,0.2
3084,180.0958794339355,26,1,0,0,1.470948849993526,0.2
3085,179.0598898747405,94,1,0,0,1.3866800253249236,0.2
3086,191.1742711599012,28,1,0,0,1.274218539902433,0.2
3087,247.99306777158773,50,1,0,0,1.3651338761217895,0.2
3088,193.3902344694178,26,1,0,0,1.2623654520033878,0.2
3089,266.2972070906154,59,1,0,0,1.4527140177882878,0.2
3090,-50.0,1,0,1,0,7.029146268209528,0.2
3091,158.74157484411418,18,1,0,0,1.2620744881458295,0.2
3092,154.0247957432778,22,1,0,0,1.4846047170650745,0.2
3093,159.626865222574,22,1,0,0,1.3943513334782764,0.2
3094,185.1073919943351,25,1,0,0,1.2160217316966238,0.2
3095,169.60021396248248,23,1,0,0,1.4298136057531055,0.2
3096,189.49118029711656,25,1,0,0,1.2220265773835015,0.2
3097,115.88524190794217,15,1,0,0,1.4911635783343185,0.2
3098,182.90771145270497,27,1,0,0,1.2055171599057675,0.2
3099,210.7397257709581,36,1,0,0,1.4459072415002912,0.2
3100,185.4566224668612,28,1,0,0,1.3134532156178633,0.2
3101,119.15016908766981,7,1,0,0,1.3245517047421382,0.2
3102,237.6394265937073,51,1,0,0,1.414661048404878,0.2
3103,180.38004834090083,23,1,0,0,1.301767243481095,0.2
3104,-50.0,1,0,1,0,4.87312309537961,0.2
3105,165.78067594696472,19,1,0,0,1.4522540779009339,0.2
3106,192.25054801465387,25,1,0,0,1.4197339403562266,0.2
3107,139.5447046885282,11,1,0,0,1.1328684728807394,0.2
3108,116.93048671506777,17,1,0,0,1.3773291671981032,0.2
3109,189.065687085146,27,1,0,0,1.4782261299132349,0.2
3110,157.7816837607097,18,1,0,0,1.2732883284391092,0.2
3111,152.86504642914707,23,1,0,0,1.4440169618144618,0.2
3112,156.8818540019222,26,1,0,0,1.1242798119917126,0.2
3113,163.203899254759,24,1,0,0,1.192303406221928,0.2
3114,165.12700607823342,20,1,0,0,1.423697254402457,0.2
3115,168.9879574664807,27,1,0,0,1.337318396860967,0.2
3116,153.12489058157493,18,1,0,0,1.3148852208756958,0.2
3117,169.83997956476793,26,1,0,0,1.347221791880686,0.2
3118,172.62120126277193,23,1,0,0,1.449411480850778,0.2
3119,122.74300702540206,11,1,0,0,1.4311281454872644,0.2
3120,146.18301892970385,17,1,0,0,1.3129375686722038,0.2
3121,-50.0,1,0,1,0,3.9757601877145503,0.2
3122,193.9177714098204,29,1,0,0,1.3083853822253342,0.2
3123,135.70204184761374,19,1,0,0,1.2942186642144,0.2
3124,167.87813517664688,26,1,0,0,1.45820261014586,0.2
3125,180.60130642686016,29,1,0,0,1.3938446200911887,0.2
3126,156.17814976487557,24,1,0,0,1.3153099133974624,0.2
3127,228.75213169099555,48,1,0,0,1.305301002189695,0.2
3128,187.84735511507603,37,1,0,0,1.467788219772299,0.2
3129,145.6256927671782,15,1,0,0,1.2188594137015438,0.2
3130,117.79698519003693,23,1,0,0,1.4344313338055306,0.2
3131,152.64324024870854,27,1,0,0,1.4805273229652465,0.2
3132,258.9913691391984,57,1,0,0,1.3119536500655091,0.2
3133,159.72442105800584,18,1,0,0,1.3490976600734093,0.2
3134,225.7632163508943,45,1,0,0,1.2847248471025507,0.2
3135,150.45887311741615,17,1,0,0,1.2776689949227873,0.2
3136,221.0771533836484,40,1,0,0,1.4777740738381986,0.2
3137,74.23573107301563,200,0,0,1,2.434378017404562,0.2
3138,174.8176161006118,24,1,0,0,1.493388645376101,0.2
3139,207.30345915173504,29,1,0,0,1.3619028285120707,0.2
3140,110.60983807940744,9,1,0,0,1.4663810993422974,0.2
3141,201.45486691973895,29,1,0,0,1.3804557994014357,0.2
3142,171.28823294217608,27,1,0,0,1.335552354324203,0.2
3143,166.27192456783698,22,1,0,0,1.2397709696670507,0.2
3144,139.52315842832098,17,1,0,0,1.376381360794831,0.2
3145,198.92989822935195,30,1,0,0,1.2711567647126563,0.2
3146,167.12338394834669,21,1,0,0,1.4516244573713313,0.2
3147,178.71431769824065,28,1,0,0,1.4316726819659382,0.2
3148,143.5458879451748,17,1,0,0,1.2455010698815363,0.2
3149,202.92157151713923,36,1,0,0,1.2154193179944217,0.2
3150,145.35139943479882,28,1,0,0,1.2988976659190288,0.2
3151,200.33794358794393,27,1,0,0,1.3025657486917674,0.2
3152,154.62834412260503,23,1,0,0,1.4137153678176906,0.2
3153,179.7574437954919,27,1,0,0,1.1578741539050055,0.2
3154,150.5746593296442,24,1,0,0,1.4013391021577883,0.2
3155,164.52227114211843,25,1,0,0,1.4955556352871158,0.2
3156,150.62881316236692,26,1,0,0,1.3703359056968816,0.2
3157,236.25424285889875,43,1,0,0,1.3375940718903299,0.2
3158,173.9131496933887,22,1,0,0,1.488530500684581,0.2
3159,205.9075240466812,37,1,0,0,1.4376055156266656,0.2
3160,110.77049671321791,6,1,0,0,1.1872214425021714,0.2
3161,161.61817243152544,28,1,0,0,1.438975049231146,0.2
3162,216.84861740085776,39,1,0,0,1.219958735229629,0.2
3163,127.15963113927917,12,1,0,0,1.4995151929807133,0.2
3164,160.66206657185393,17,1,0,0,1.302198104717559,0.2
3165,156.08881543302712,28,1,0,0,1.3489875198741417,0.2
3166,141.24785594374106,19,1,0,0,1.407111222017299,0.2
3167,132.98314265496504,13,1,0,0,1.3230364912884718,0.2
3168,141.02207910457128,21,1,0,0,1.3874997852306454,0.2
3169,235.6080155802895,47,1,0,0,1.2201776151764123,0.2
3170,212.56458309333863,44,1,0,0,1.3827122490646573,0.2
3171,149.11317548540902,14,1,0,0,1.2665802350227342,0.2
3172,212.51746483648716,26,1,0,0,1.2063710885885655,0.2
3173,201.54289044545538,31,1,0,0,1.2115330690706492,0.2
3174,144.31217962974975,15,1,0,0,1.4270521526574123,0.2
3175,224.36531168601158,41,1,0,0,1.3277239866244612,0.2
3176,-50.0,1,0,1,0,6.164416093597638,0.2
3177,151.90667025334352,24,1,0,0,1.4099846969455996,0.2
3178,188.36748087051063,29,1,0,0,1.348072430300342,0.2
3179,156.1469024284046,20,1,0,0,1.4586618342288868,0.2
3180,223.499970426942,43,1,0,0,1.3976731294825309,0.2
3181,195.17744966340385,31,1,0,0,1.387424326884117,0.2
3182,100.0,1,1,0,0,1.1549896558735386,0.2
3183,140.58751666407292,11,1,0,0,1.2833936052839774,0.2
3184,176.1140887974611,23,1,0,0,1.1726595829424407,0.2
3185,226.26249402952539,42,1,0,0,1.225297478676467,0.2
3186,243.64986905054974,51,1,0,0,1.4214871406115723,0.2
3187,134.09192719343326,19,1,0,0,1.4286432638138282,0.2
3188,137.36745750633665,14,1,0,0,1.4518280081967208,0.2
3189,181.7399767029349,27,1,0,0,1.359266730777686,0.2
3190,117.39462402044492,5,1,0,0,1.35575299243637,0.2
3191,140.89804731906503,17,1,0,0,1.2628071068452367,0.2
3192,135.68650650369926,16,1,0,0,1.2993114545328326,0.2
3193,179.64221937769923,30,1,0,0,1.205463893239182,0.2
3194,192.6863035387109,27,1,0,0,1.3611746235213722,0.2
3195,164.65932118882859,25,1,0,0,1.4772435751730861,0.2
3196,117.20222750023994,15,1,0,0,1.4125643254849107,0.2
3197,152.75083300922398,20,1,0,0,1.475696445688471,0.2
3198,153.63871924670462,21,1,0,0,1.2742438282701345,0.2
3199,139.74575266197604,21,1,0,0,1.3926745665117888,0.2
3200,195.52897621511835,28,1,0,0,1.329217684999731,0.2
3201,175.31043451738958,21,1,0,0,1.4486416891027543,0.2
3202,156.70616558488345,29,1,0,0,1.3259748077441698,0.2
3203,125.26187299867718,12,1,0,0,1.4002673868155633,0.2
3204,165.2197809237225,46,1,0,0,1.4988371945475358,0.2
3205,221.34907816989244,43,1,0,0,1.2870207558206477,0.2
3206,126.78534719583861,10,1,0,0,1.316805895122338,0.2
3207,154.21759001985896,18,1,0,0,1.4101048787862824,0.2
3208,146.5232975637314,17,1,0,0,1.3462386896605099,0.2
3209,155.6537904320299,20,1,0,0,1.35018443617106,0.2
3210,159.54935789515585,27,1,0,0,1.4884487691655082,0.2
3211,230.9931459850276,38,1,0,0,1.3014305986242551,0.2
3212,230.17418757036083,39,1,0,0,1.38831212542715,0.2
3213,157.6574141581367,20,1,0,0,1.1846379102080782,0.2
3214,154.41274775243463,21,1,0,0,1.3329994838118224,0.2
3215,165.0913039040862,24,1,0,0,1.472018447352468,0.2
3216,181.56658474138283,30,1,0,0,1.0977420315516813,0.2
3217,223.6336790990381,38,1,0,0,1.1865134087736595,0.2
3218,164.45170255663658,19,1,0,0,1.3845849787344442,0.2
3219,180.72847144978124,25,1,0,0,1.3142468239487028,0.2
3220,124.6284348990556,19,1,0,0,1.4909302001053315,0.2
3221,-50.0,1,0,1,0,7.406825944232611,0.2
3222,230.60539420704967,48,1,0,0,1.4842876299084022,0.2
3223,139.67703726495358,19,1,0,0,1.4888952464865406,0.2
3224,196.44014609274763,27,1,0,0,1.3938082208450193,0.2
3225,206.75827956646805,30,1,0,0,1.410380825464175,0.2
3226,192.33631603289024,24,1,0,0,1.3592988545106799,0.2
3227,184.88468544798178,22,1,0,0,1.2066643539447084,0.2
3228,145.4117537706476,19,1,0,0,1.3493764127097125,0.2
3229,151.69995899625866,22,1,0,0,1.0807651164065304,0.2
3230,205.10735352958525,33,1,0,0,1.4483267847483445,0.2
3231,153.5997404410005,19,1,0,0,1.28818168121692,0.2
3232,193.7000075308425,34,1,0,0,1.3897213711917378,0.2
3233,241.76578747639732,50,1,0,0,1.4609165752186484,0.2
3234,151.31421427898266,15,1,0,0,1.3124153656496318,0.2
3235,114.58160794358973,9,1,0,0,1.3476574115905158,0.2
3236,177.58577885768855,24,1,0,0,1.3629117783195217,0.2
3237,197.74098145611237,30,1,0,0,1.2921309323473031,0.2
3238,216.3178360860862,32,1,0,0,1.4611733971453098,0.2
3239,177.84545075436145,32,1,0,0,1.0769512520984197,0.2
3240,155.4589654244959,24,1,0,0,1.2547993259460735,0.2
3241,245.90203702868064,50,1,0,0,1.2622985900735268,0.2
3242,137.98458063588748,18,1,0,0,1.3162266972852903,0.2
3243,150.57540496717252,15,1,0,0,1.4419493758418043,0.2
3244,155.08165821723634,19,1,0,0,1.2029058956876482,0.2
3245,153.03236295917273,17,1,0,0,1.4748413105274822,0.2
3246,159.41581503818784,36,1,0,0,1.4329771937311337,0.2
3247,186.80237975346628,32,1,0,0,1.448679251208348,0.2
3248,182.8789163755483,25,1,0,0,1.478450258138033,0.2
3249,-50.0,1,0,1,0,6.294821508163315,0.2
3250,-50.0,1,0,1,0,9.729348658204795,0.2
3251,154.96635224145265,24,1,0,0,1.2348707494735753,0.2
3252,196.4782772172801,33,1,0,0,1.364710648025619,0.2
3253,-50.0,1,0,1,0,4.056422504904584,0.2
3254,110.11349757247035,18,1,0,0,1.4265617933149963,0.2
3255,172.43155418758397,27,1,0,0,1.3068726237811914,0.2
3256,169.9483489302567,23,1,0,0,1.3630154079671544,0.2
3257,241.10425968559224,46,1,0,0,1.462190478157709,0.2
3258,163.4206344859844,21,1,0,0,1.4521269153799043,0.2
3259,131.92604422058537,10,1,0,0,1.4513072403828684,0.2
3260,177.39533652112914,22,1,0,0,1.44478745175023,0.2
3261,162.53506477084977,31,1,0,0,1.4856901210905074,0.2
3262,164.0530754174239,19,1,0,0,1.4960858749867438,0.2
3263,196.39222611696374,30,1,0,0,1.2557624806790515,0.2
3264,193.66601685362662,32,1,0,0,1.4460624813549128,0.2
3265,145.86473594020748,19,1,0,0,1.4035809133383914,0.2
3266,164.69925396181372,30,1,0,0,1.2662996602022307,0.2
3267,154.21595921004442,19,1,0,0,1.3520250705641164,0.2
3268,168.50510015245993,22,1,0,0,1.420801401831989,0.2
3269,124.44028777884424,27,1,0,0,1.4580426107033484,0.2
3270,173.5634325537329,26,1,0,0,1.470728326405345,0.2
3271,137.93772200607242,13,1,0,0,1.3921862273195018,0.2
3272,193.57896660246064,26,1,0,0,1.420828149486719,0.2
3273,139.01540913135403,18,1,0,0,1.4181545638288815,0.2
3274,167.82289761158543,23,1,0,0,1.3448926116293298,0.2
3275,155.13141351821406,21,1,0,0,1.2541873206071756,0.2
3276,164.50433733079612,21,1,0,0,1.4856942144693217,0.2
3277,146.31145666399655,17,1,0,0,1.4542254466030478,0.2
3278,148.14266241648312,13,1,0,0,1.443344096865052,0.2
3279,131.17815217233968,29,1,0,0,1.3161384836249543,0.2
3280,243.52393221008282,55,1,0,0,1.3490727787724504,0.2
3281,164.4075619623795,34,1,0,0,1.4686088895046328,0.2
3282,162.0880980573982,21,1,0,0,1.4786762381144785,0.2
3283,169.8418477773435,26,1,0,0,1.317645924621492,0.2
3284,144.76050904985095,15,1,0,0,1.4765170055767476,0.2
3285,171.89269559030777,26,1,0,0,1.2223015467104543,0.2
3286,176.7091344790701,25,1,0,0,1.2582817350362971,0.2
3287,37.19720635130631,200,0,0,1,2.0990253068655145,0.2
3288,186.20621739269455,25,1,0,0,1.3468042773092412,0.2
3289,228.6051667229002,42,1,0,0,1.4665268907226032,0.2
3290,169.51614315843187,28,1,0,0,1.4423383740475746,0.2
3291,160.22471508621237,19,1,0,0,1.2893100502077304,0.2
3292,162.76563155260365,29,1,0,0,1.3290725653968831,0.2
3293,174.94979144141215,24,1,0,0,1.3946357680485708,0.2
3294,188.65274540717564,30,1,0,0,1.3649822624054129,0.2
3295,162.6789520207462,18,1,0,0,1.3357072362143272,0.2
3296,100.0,1,1,0,0,1.4039974276058638,0.2
3297,125.12915910235498,11,1,0,0,1.242779245764671,0.2
3298,179.83863386021847,22,1,0,0,1.402854027102401,0.2
3299,125.3639591511058,12,1,0,0,1.3857157570782095,0.2
3300,244.06492524623383,48,1,0,0,1.279646293004195,0.2
3301,149.27447097015806,18,1,0,0,1.461255648529094,0.2
3302,132.4899299161666,11,1,0,0,1.429418970664936,0.2
3303,162.11023622226864,20,1,0,0,1.3517966426654218,0.2
3304,174.13913364677927,24,1,0,0,1.4009077873629794,0.2
3305,131.70566160643395,11,1,0,0,1.4664632544182805,0.2
3306,193.99528849479861,23,1,0,0,1.2908973983964642,0.2
3307,-50.0,1,0,1,0,3.8110637124382887,0.2
3308,154.13946012400618,18,1,0,0,1.3612857250646788,0.2
3309,168.0593880321902,23,1,0,0,1.360411170626458,0.2
3310,165.8022779262676,21,1,0,0,1.488893127834783,0.2
3311,173.87916743095798,21,1,0,0,1.3495918343310487,0.2
3312,147.86241596236567,24,1,0,0,1.2474272091586756,0.2
3313,222.57492744507607,42,1,0,0,1.4136679319372394,0.2
3314,176.3500960662284,23,1,0,0,1.405372595742825,0.2
3315,167.0226601242103,24,1,0,0,1.4032754266659906,0.2
3316,-50.0,1,0,1,0,6.393756698875506,0.2
3317,177.10459236237375,23,1,0,0,1.0970389535806608,0.2
3318,160.4746180175045,26,1,0,0,1.463189173535817,0.2
3319,149.32177323585773,15,1,0,0,1.3590646148953083,0.2
3320,160.7241687629425,20,1,0,0,1.3095083823192553,0.2
3321,116.2841675844955,6,1,0,0,1.4901935437566267,0.2
3322,221.68016115434204,43,1,0,0,1.2823382076884533,0.2
3323,140.70942784294834,23,1,0,0,1.3830455501213919,0.2
3324,121.01766328579632,8,1,0,0,1.2341104083154626,0.2
3325,257.1501183975859,57,1,0,0,1.3436076147729208,0.2
3326,201.55371803455347,38,1,0,0,1.2885676237165424,0.2
3327,109.83047779099073,76,1,0,0,1.3925872027162276,0.2
3328,169.54202433927938,25,1,0,0,1.359789032903066,0.2
3329,238.64684153544786,40,1,0,0,1.2945066600069217,0.2
3330,139.9332988745817,77,1,0,0,1.3706791838739005,0.2
3331,190.79100242814775,34,1,0,0,1.3610245594619346,0.2
3332,157.6902819692294,20,1,0,0,1.44482468253515,0.2
3333,152.6989918755674,25,1,0,0,1.2786396641133742,0.2
3334,149.25162826411758,26,1,0,0,1.4247761656068312,0.2
3335,228.7149766187115,42,1,0,0,1.2954570184841336,0.2
3336,157.9938931298541,24,1,0,0,1.3786820346888455,0.2
3337,183.79935081253132,26,1,0,0,1.2751280573459656,0.2
3338,169.9555380257591,25,1,0,0,1.495478591902157,0.2
3339,106.00594707371698,9,1,0,0,1.3886337408766136,0.2
3340,226.48191657284823,36,1,0,0,1.3636684631291927,0.2
3341,202.90507438417433,36,1,0,0,1.49927241637326,0.2
3342,173.97511054317755,19,1,0,0,1.3797370812874563,0.2
3343,174.7138126400476,22,1,0,0,1.4083036812628977,0.2
3344,147.37371647579806,31,1,0,0,1.4082058451173922,0.2
3345,137.5757469325643,150,1,0,0,1.2243844111890418,0.2
3346,184.74191772315035,27,1,0,0,1.3963054874691854,0.2
3347,-50.0,1,0,1,0,3.1431457379504537,0.2
3348,-50.0,1,0,1,0,5.586684213394632,0.2
3349,175.01065132129293,28,1,0,0,1.2860085193179234,0.2
3350,194.13108227549634,26,1,0,0,1.3329732129739038,0.2
3351,134.27845081852004,12,1,0,0,1.217190812065898,0.2
3352,174.0675684610535,25,1,0,0,1.362248235574704,0.2
3353,165.44460071042664,19,1,0,0,1.3843070403515263,0.2
3354,219.84147004420734,35,1,0,0,1.4669139087979146,0.2
3355,161.3775540331408,24,1,0,0,1.366594554072506,0.2
3356,159.2655155960859,29,1,0,0,1.2910893177910066,0.2
3357,137.721464557341,19,1,0,0,1.159752366759881,0.2
3358,144.55618524358715,18,1,0,0,1.4808367772731983,0.2
3359,181.18310549102057,27,1,0,0,1.1951815403539694,0.2
3360,143.50001279238123,15,1,0,0,1.1710014051411424,0.2
3361,203.31934532277586,26,1,0,0,1.4412743516830449,0.2
3362,240.34765200986124,49,1,0,0,1.2856312894971544,0.2
3363,196.46948371879893,31,1,0,0,1.439191966416878,0.2
3364,160.95326005182574,21,1,0,0,1.2412280669066784,0.2
3365,138.27805836775508,20,1,0,0,1.399943178988329,0.2
3366,177.3475768189746,23,1,0,0,1.3314374643880205,0.2
3367,167.35346639207881,22,1,0,0,1.2017713851179956,0.2
3368,163.11509596900984,30,1,0,0,1.387601357786563,0.2
3369,144.88466508962082,18,1,0,0,1.4847598314884958,0.2
3370,184.74827442987566,25,1,0,0,1.1840108382656855,0.2
3371,185.3907830270337,25,1,0,0,1.2502469492066113,0.2
3372,37.92955136047001,200,0,0,1,3.0619962498518896,0.2
3373,179.7915444207262,26,1,0,0,1.376958734086088,0.2
3374,129.9511634534789,9,1,0,0,1.3050514949479606,0.2
3375,108.47914006328283,9,1,0,0,1.480719618552618,0.2
3376,225.58608735210785,45,1,0,0,1.422364292046324,0.2
3377,175.63387962741143,27,1,0,0,1.3293907642294138,0.2
3378,155.04944428426683,19,1,0,0,1.334235151907405,0.2
3379,173.99459578648282,21,1,0,0,1.4436831893078288,0.2
3380,152.22954185678503,23,1,0,0,1.4388760881474691,0.2
3381,193.36831628172797,29,1,0,0,1.1539220640684609,0.2
3382,180.52215752390578,22,1,0,0,1.3069448113541318,0.2
3383,149.42868863566434,16,1,0,0,1.3665936777846406,0.2
3384,172.71139945302804,26,1,0,0,1.3939601695950388,0.2
3385,143.93457082625548,12,1,0,0,1.3081977484938427,0.2
3386,164.10967799438177,17,1,0,0,1.2959601932031084,0.2
3387,172.86344744111767,32,1,0,0,1.4842287018289761,0.2
3388,254.8659173882403,51,1,0,0,1.333823061302204,0.2
3389,192.57328342193662,26,1,0,0,1.3892019818694867,0.2
3390,196.8331831482507,32,1,0,0,1.261205551056041,0.2
3391,254.86907262229906,58,1,0,0,1.4834864977747944,0.2
3392,148.83157134365305,22,1,0,0,1.4106850778092235,0.2
3393,183.54979365949498,29,1,0,0,1.154994515699431,0.2
3394,151.58900144766926,20,1,0,0,1.3886780690025542,0.2
3395,187.40524326461122,34,1,0,0,1.4594223373943533,0.2
3396,177.6864521653176,24,1,0,0,1.4745599822637807,0.2
3397,189.33112206725082,38,1,0,0,1.3069437474291976,0.2
3398,140.1278121042311,69,1,0,0,1.4702667353584982,0.2
3399,217.92786345294465,40,1,0,0,1.238920730269798,0.2
3400,184.75627117560222,24,1,0,0,1.2701387065816052,0.2
3401,133.50469643417568,14,1,0,0,1.4993825180085607,0.2
3402,154.62813002856507,18,1,0,0,1.2440003917892046,0.2
3403,191.5504548214109,32,1,0,0,1.4587524015683693,0.2
3404,140.33269813499516,12,1,0,0,1.3159785720872408,0.2
3405,181.43501176498262,29,1,0,0,1.4359669182360613,0.2
3406,199.20253701392886,29,1,0,0,1.3266452445211299,0.2
3407,-50.0,1,0,1,0,4.342534039177241,0.2
3408,156.44512090240298,23,1,0,0,1.4455048152178496,0.2
3409,170.10710558157976,20,1,0,0,1.4160742014134613,0.2
3410,133.3082063435125,16,1,0,0,1.409755459631773,0.2
3411,171.0169055682778,31,1,0,0,1.421751685240421,0.2
3412,164.21959143508334,21,1,0,0,1.2994490372280687,0.2
3413,173.73773825338804,21,1,0,0,1.234650143678657,0.2
3414,211.9419003119919,41,1,0,0,1.386202969456517,0.2
3415,205.08575624302318,40,1,0,0,1.2919457789767144,0.2
3416,158.48473706119415,26,1,0,0,1.4292756863562335,0.2
3417,149.8470854702216,23,1,0,0,1.2548964916864627,0.2
3418,161.36525858836666,25,1,0,0,1.1657484977976271,0.2
3419,156.9434149235231,23,1,0,0,1.4470399921666526,0.2
3420,185.09610744967705,25,1,0,0,1.2259334970805902,0.2
3421,100.0,1,1,0,0,1.0269000090797804,0.2
3422,188.33822131389775,24,1,0,0,1.311434597881426,0.2
3423,156.66352602414827,32,1,0,0,1.3138331868456852,0.2
3424,171.4325598027645,29,1,0,0,1.495996392567616,0.2
3425,193.92552245330592,30,1,0,0,1.395916038027036,0.2
3426,170.3690198335284,26,1,0,0,1.3424772339528928,0.2
3427,181.01000545549232,30,1,0,0,1.4163195049017003,0.2
3428,258.0866788064534,62,1,0,0,1.383166196524118,0.2
3429,170.78975151175183,26,1,0,0,1.4364526919982592,0.2
3430,174.102998498533,25,1,0,0,1.3091461111236706,0.2
3431,189.09960706779032,26,1,0,0,1.3007093962508114,0.2
3432,155.93093007203885,15,1,0,0,1.297065569734827,0.2
3433,176.62445657088347,22,1,0,0,1.160220555686197,0.2
3434,131.26051290065448,11,1,0,0,1.4613827706931253,0.2
3435,128.69427562260935,12,1,0,0,1.2560229986493876,0.2
3436,172.2946700665509,27,1,0,0,1.323430556575805,0.2
3437,161.32022017746203,22,1,0,0,1.412608712658995,0.2
3438,162.64373313632183,22,1,0,0,1.322266594238642,0.2
3439,158.49089746443514,25,1,0,0,1.457989603521589,0.2
3440,194.29668973832185,31,1,0,0,1.2518973953908357,0.2
3441,152.84594285927142,21,1,0,0,1.4179113580070213,0.2
3442,174.36798160311463,29,1,0,0,1.3657589086823565,0.2
3443,206.87753947128093,33,1,0,0,1.4884927539934982,0.2
3444,194.6051096461968,24,1,0,0,1.3010247722651693,0.2
3445,144.26671390259938,13,1,0,0,1.2648204022881284,0.2
3446,136.87508680128343,29,1,0,0,1.2895725174793848,0.2
3447,135.865807108124,20,1,0,0,1.3853543649035693,0.2
3448,149.31654222854672,18,1,0,0,1.4864729064559368,0.2
3449,155.9024136281416,20,1,0,0,1.2273547081007385,0.2
3450,178.65956263100398,27,1,0,0,1.3540438956133918,0.2
3451,168.80021094651352,22,1,0,0,1.4714125953146369,0.2
3452,172.04509665172986,36,1,0,0,1.1951289767817896,0.2
3453,147.95326457257048,15,1,0,0,1.20318968719524,0.2
3454,144.60059051673747,17,1,0,0,1.439961186893654,0.2
3455,214.9329631780908,37,1,0,0,1.335879651502588,0.2
3456,182.7454708977898,19,1,0,0,1.4208922325592173,0.2
3457,155.21214207904907,18,1,0,0,1.3771510985566777,0.2
3458,150.6465285526134,20,1,0,0,1.1551763709400242,0.2
3459,39.02305354391647,200,0,0,1,4.714830411108077,0.2
3460,152.31322811581492,29,1,0,0,1.4305559749420593,0.2
3461,166.96249020383289,25,1,0,0,1.3462473991505526,0.2
3462,177.38993859282544,22,1,0,0,1.2583899454517697,0.2
3463,187.54521869389075,32,1,0,0,1.3697580281020578,0.2
3464,100.0,1,1,0,0,0.8382239306658413,0.2
3465,164.89975804146178,23,1,0,0,1.2634838913183626,0.2
3466,245.75468316656873,52,1,0,0,1.4371007372217057,0.2
3467,168.1697612412485,24,1,0,0,1.4329035145306643,0.2
3468,135.6412951237856,16,1,0,0,1.3835952052577396,0.2
3469,157.96651584877014,19,1,0,0,1.3849336881059822,0.2
3470,142.33229343917847,22,1,0,0,1.3907172310308538,0.2
3471,111.45765970629262,30,1,0,0,1.42662905629014,0.2
3472,141.45247463261128,25,1,0,0,1.212150897505753,0.2
3473,182.5402619349888,28,1,0,0,1.3555527223069286,0.2
3474,180.4381033158822,24,1,0,0,1.4657253727239654,0.2
3475,190.82200204590876,28,1,0,0,1.4346489855918385,0.2
3476,166.84668337998482,23,1,0,0,1.2875586950069766,0.2
3477,166.19649101868282,23,1,0,0,1.4252628262632652,0.2
3478,143.01995993593977,13,1,0,0,1.4119312591240927,0.2
3479,-50.0,1,0,1,0,7.635204053351399,0.2
3480,220.22789890252827,43,1,0,0,1.2750847943834829,0.2
3481,230.47258606767213,47,1,0,0,1.3628478145502854,0.2
3482,205.55425641639386,34,1,0,0,1.4977515586250496,0.2
3483,167.64031774332489,25,1,0,0,1.3560416623891354,0.2
3484,193.5625056756906,24,1,0,0,1.385754609325406,0.2
3485,171.74003426432313,22,1,0,0,1.4010006915888202,0.2
3486,163.92920263631794,26,1,0,0,1.3456736253268964,0.2
3487,159.03264239029338,22,1,0,0,1.3541085860270659,0.2
3488,186.19474443941385,25,1,0,0,1.4278187731245204,0.2
3489,235.22963232677265,43,1,0,0,1.2286409791087356,0.2
3490,173.14569589966302,28,1,0,0,1.4193680519877738,0.2
3491,221.86167519589708,45,1,0,0,1.3265025041282854,0.2
3492,198.5797787273752,43,1,0,0,1.3545424836095954,0.2
3493,162.36578582020476,19,1,0,0,1.3089533669244173,0.2
3494,143.96899164749394,18,1,0,0,1.4518678754035723,0.2
3495,184.9671387974608,26,1,0,0,1.442005292695534,0.2
3496,257.0494328490944,59,1,0,0,1.3214333668803018,0.2
3497,185.8022034370409,35,1,0,0,1.470226299803693,0.2
3498,150.22080786257294,18,1,0,0,1.1758191373882554,0.2
3499,178.8524821844731,22,1,0,0,1.2266430785233848,0.2
3500,152.4636354648874,15,1,0,0,1.316061891659884,0.2
3501,166.80935407470173,19,1,0,0,1.3289626084404265,0.2
3502,173.0532626906408,35,1,0,0,1.4356967028914547,0.2
3503,145.91590266289825,20,1,0,0,1.2967860980326287,0.2
3504,181.27624623068937,25,1,0,0,1.3991843829534407,0.2
3505,157.98373335733478,24,1,0,0,1.15287724603687,0.2
3506,172.5594540479565,24,1,0,0,1.4896559590980716,0.2
3507,203.11277940787053,30,1,0,0,1.3727586027139276,0.2
3508,101.0154792829324,2,1,0,0,1.467219596849281,0.2
3509,234.9393898005692,45,1,0,0,1.4831243039865931,0.2
3510,203.06732996782412,32,1,0,0,1.4946830757630438,0.2
3511,161.55884698382692,26,1,0,0,1.2234555391086461,0.2
3512,160.32985907094698,18,1,0,0,1.178433403847818,0.2
3513,158.48702395553113,18,1,0,0,1.335804278847118,0.2
3514,187.17059046675757,28,1,0,0,1.4325091588682484,0.2
3515,194.85895936754912,28,1,0,0,1.3460730027980552,0.2
3516,154.09092929585907,25,1,0,0,1.3916526924815025,0.2
3517,210.08077164466454,39,1,0,0,1.4446033084079384,0.2
3518,183.77321229368246,23,1,0,0,1.3700544692480334,0.2
3519,164.57271978397864,24,1,0,0,1.394340941276947,0.2
3520,200.322192063395,27,1,0,0,1.2558251460893801,0.2
3521,184.82326071495618,30,1,0,0,1.3598592478945835,0.2
3522,127.82545206211657,16,1,0,0,1.2426817769405003,0.2
3523,165.33145755850754,24,1,0,0,1.3936932414184844,0.2
3524,167.0028234136409,23,1,0,0,1.239953659923435,0.2
3525,149.12604771679528,21,1,0,0,1.3599606879189412,0.2
3526,176.24046866486515,27,1,0,0,1.3916541007358414,0.2
3527,151.3142653801362,20,1,0,0,1.3132805969916062,0.2
3528,143.27335396857762,15,1,0,0,1.3027555778421844,0.2
3529,156.57851821166633,22,1,0,0,1.1908674188337391,0.2
3530,164.51291197131474,18,1,0,0,1.395768551673281,0.2
3531,205.19324764361158,42,1,0,0,1.3159988938935636,0.2
3532,184.07818345931776,24,1,0,0,1.44098219819092,0.2
3533,216.07084787741314,37,1,0,0,1.4115696370637252,0.2
3534,190.78420884775585,28,1,0,0,1.4019320759008476,0.2
3535,205.49044598846848,33,1,0,0,1.2690474628868609,0.2
3536,156.09901891607072,19,1,0,0,1.3813816912841148,0.2
3537,157.6657895658756,16,1,0,0,1.3776935100319567,0.2
3538,176.008133855702,29,1,0,0,1.3210926007951247,0.2
3539,-50.0,1,0,1,0,4.166788459220831,0.2
3540,231.29369709401618,49,1,0,0,1.3504275731741826,0.2
3541,134.16550623367993,18,1,0,0,1.4246968820001904,0.2
3542,167.76028620504167,23,1,0,0,1.4123833500034388,0.2
3543,160.24835216299832,20,1,0,0,1.4978250599403435,0.2
3544,151.9754322891037,21,1,0,0,1.3626393411700681,0.2
3545,125.43456147707754,16,1,0,0,1.4743407247512834,0.2
3546,164.87951920545316,23,1,0,0,1.4509966984593514,0.2
3547,175.82392649236948,35,1,0,0,1.3213693111280547,0.2
3548,134.15450318680058,11,1,0,0,1.4933835878819635,0.2
3549,160.141658990935,26,1,0,0,1.270713811740061,0.2
3550,168.4382336914267,27,1,0,0,1.2751506221783164,0.2
3551,158.08655735848654,21,1,0,0,1.254269330447149,0.2
3552,128.62641488713396,11,1,0,0,1.4790862339505217,0.2
3553,121.01879132359964,10,1,0,0,1.2160375806368136,0.2
3554,167.4591267648164,23,1,0,0,1.2301242027187098,0.2
3555,136.84338720655416,18,1,0,0,1.3982269095670794,0.2
3556,171.08554724272483,32,1,0,0,1.4617175184405378,0.2
3557,143.7107860228984,17,1,0,0,1.3527702345538228,0.2
3558,46.8212977149439,200,0,0,1,1.8058286564267876,0.2
3559,193.71470103208634,27,1,0,0,1.4134796588875684,0.2
3560,139.76275810429087,17,1,0,0,1.3946418561413625,0.2
3561,227.1164268789052,42,1,0,0,1.4652537207793963,0.2
3562,171.8274601410543,22,1,0,0,1.2607333659957967,0.2
3563,199.7398759038233,37,1,0,0,1.2163816586777918,0.2
3564,178.839986611847,32,1,0,0,1.3261847518583108,0.2
3565,158.49633332329302,18,1,0,0,1.210326004588851,0.2
3566,143.19433836216228,25,1,0,0,1.460469307821844,0.2
3567,125.80392372412388,11,1,0,0,1.189205313686246,0.2
3568,213.32902618411052,35,1,0,0,1.2691505532421425,0.2
3569,166.16382388509146,32,1,0,0,1.3049053843478224,0.2
3570,181.18775800947924,22,1,0,0,1.1764816506070108,0.2
3571,164.14930349134272,20,1,0,0,1.302860625377741,0.2
3572,135.13708977109366,15,1,0,0,1.4654547535903086,0.2
3573,126.61136009862471,17,1,0,0,1.4905660862753423,0.2
3574,203.59163750626016,32,1,0,0,1.4244688513973527,0.2
3575,165.03090597397804,33,1,0,0,1.4302503901202857,0.2
3576,251.36382052715524,51,1,0,0,1.3095291220643839,0.2
3577,166.3907582922737,19,1,0,0,1.0243044757996844,0.2
3578,146.3119589015657,21,1,0,0,1.4684080081582205,0.2
3579,230.42745872292804,42,1,0,0,1.4490083842538466,0.2
3580,221.6754796946626,39,1,0,0,1.4814327800349525,0.2
3581,128.07759665796218,8,1,0,0,1.2790958013807026,0.2
3582,135.77030158451086,18,1,0,0,1.431342757544933,0.2
3583,153.81035090329476,33,1,0,0,1.2004715203439065,0.2
3584,193.75357927243815,24,1,0,0,1.36576870082472,0.2
3585,174.06254493020737,25,1,0,0,1.3267076405209268,0.2
3586,158.7830991308353,28,1,0,0,1.4419141964539526,0.2
3587,112.29134398172675,5,1,0,0,1.2717807088491886,0.2
3588,139.56605106188147,18,1,0,0,1.4623223130278573,0.2
3589,164.05687739287657,24,1,0,0,1.2259688156752464,0.2
3590,-50.0,1,0,1,0,2.353246577232975,0.2
3591,177.28602048419282,21,1,0,0,1.4661468524086039,0.2
3592,177.85773877753735,30,1,0,0,1.452607022883638,0.2
3593,169.02826878410042,28,1,0,0,1.4578885456221509,0.2
3594,228.293089980515,48,1,0,0,1.3821510495000318,0.2
3595,153.7739965936272,19,1,0,0,1.3610823664936087,0.2
3596,184.00191089548989,31,1,0,0,1.4498897268707733,0.2
3597,155.14554234782122,20,1,0,0,1.4478038237754678,0.2
3598,-50.0,1,0,1,0,5.050704222280429,0.2
3599,147.64108581771762,15,1,0,0,1.2891997159568442,0.2
3600,192.8502280313723,27,1,0,0,1.3809305775064327,0.2
3601,142.59584623407915,13,1,0,0,1.270261922722561,0.2
3602,191.92917007065634,26,1,0,0,1.247261999785251,0.2
3603,205.44650152109563,34,1,0,0,1.296931092848979,0.2
3604,169.07334338105707,27,1,0,0,1.4587758517706704,0.2
3605,231.61431147869726,42,1,0,0,1.4603752173339801,0.2
3606,111.39937884370114,15,1,0,0,1.478135075421888,0.2
3607,172.6444604303071,25,1,0,0,1.4218868693112494,0.2
3608,149.62162555366115,20,1,0,0,1.4288626560912787,0.2
3609,167.54193235016248,21,1,0,0,1.247209426191146,0.2
3610,163.15062861770525,20,1,0,0,1.3543161338331737,0.2
3611,221.1771614430304,43,1,0,0,1.3054044844526331,0.2
3612,160.4136495712746,23,1,0,0,1.49679246598587,0.2
3613,142.53448739429837,117,1,0,0,1.2694549044562935,0.2
3614,158.2302556263627,20,1,0,0,1.1972764421533444,0.2
3615,143.4466270612756,16,1,0,0,1.4067348886406785,0.2
3616,219.90449856752008,37,1,0,0,1.4239856694211301,0.2
3617,171.00867558112245,24,1,0,0,1.3169791254250103,0.2
3618,177.8764276631038,26,1,0,0,1.367387279198625,0.2
3619,214.49813132029888,33,1,0,0,1.39225772794543,0.2
3620,159.84507985701686,22,1,0,0,1.3098334501109998,0.2
3621,147.89957103609487,18,1,0,0,1.440908516727906,0.2
3622,162.58592706623537,20,1,0,0,1.1637272061279413,0.2
3623,180.22007481219768,27,1,0,0,1.3240687158911464,0.2
3624,203.11197915284254,27,1,0,0,1.3883458618559545,0.2
3625,182.56452180838915,24,1,0,0,1.4801416543254897,0.2
3626,203.22906653141524,24,1,0,0,1.431988237204626,0.2
3627,128.7847332101839,14,1,0,0,1.290238491247802,0.2
3628,188.3739699141008,25,1,0,0,1.3920188734345893,0.2
3629,181.43226877664307,27,1,0,0,1.4339857472686686,0.2
3630,251.22816957824077,45,1,0,0,1.2623589559250954,0.2
3631,150.84890346671156,17,1,0,0,1.220184067065705,0.2
3632,177.8493872976026,21,1,0,0,1.2650919407127392,0.2
3633,183.59413299463512,26,1,0,0,1.354431216451168,0.2
3634,168.6365664484754,24,1,0,0,1.4234282169509396,0.2
3635,180.40684008665949,33,1,0,0,1.486271981292687,0.2
3636,134.22962603334162,22,1,0,0,1.4596973980013137,0.2
3637,178.0599559722397,25,1,0,0,1.2747890783705145,0.2
3638,115.60788620205267,11,1,0,0,1.189647953096972,0.2
3639,180.3914274272221,23,1,0,0,1.4457373646947864,0.2
3640,155.9318575374241,18,1,0,0,1.0879493351574787,0.2
3641,-50.0,1,0,1,0,2.1636779127551806,0.2
3642,213.00231948017148,28,1,0,0,1.342972972128976,0.2
3643,185.47413753890243,22,1,0,0,1.2468092104052835,0.2
3644,191.75258037102225,32,1,0,0,1.3220182997846426,0.2
3645,125.36194688997982,7,1,0,0,1.0661337912813111,0.2
3646,190.26376188955294,34,1,0,0,1.4879069746322617,0.2
3647,191.41194149574233,31,1,0,0,1.3470840221778917,0.2
3648,183.272519616147,29,1,0,0,1.499577615231725,0.2
3649,197.957955249978,33,1,0,0,1.36617431112855,0.2
3650,155.8419351645103,24,1,0,0,1.3075587785862983,0.2
3651,-50.0,1,0,1,0,7.76114194666659,0.2
3652,160.32842910301875,25,1,0,0,1.117433105231186,0.2
3653,227.99652083941297,39,1,0,0,1.4300177067282724,0.2
3654,143.461975142342,19,1,0,0,1.2990607363596258,0.2
3655,180.70683160486834,25,1,0,0,1.3363528441434267,0.2
3656,216.24686708790045,39,1,0,0,1.2618201320044995,0.2
3657,249.96627085628091,49,1,0,0,1.4803226782392997,0.2
3658,165.09290860033,22,1,0,0,1.340580399649825,0.2
3659,167.30254234696002,26,1,0,0,1.4240366168088519,0.2
3660,164.48025863158432,21,1,0,0,1.353181266942905,0.2
3661,152.3151852480647,17,1,0,0,1.411518582424832,0.2
3662,170.88664208010107,28,1,0,0,1.4650177099040202,0.2
3663,160.366511264317,20,1,0,0,1.3139115094130553,0.2
3664,205.35907329306977,28,1,0,0,1.3571685542789715,0.2
3665,197.25284306537839,29,1,0,0,1.2230927582318414,0.2
3666,233.59783208917648,47,1,0,0,1.2358384988935698,0.2
3667,253.88936661793107,52,1,0,0,1.4578078259100413,0.2
3668,157.48705638162977,20,1,0,0,1.3546570842917427,0.2
3669,137.8547653181283,17,1,0,0,1.339275234911082,0.2
3670,126.60854886472003,16,1,0,0,1.3827622412369083,0.2
3671,160.04661789011894,20,1,0,0,1.2503934119560862,0.2
3672,162.85584360999064,34,1,0,0,1.261016470462706,0.2
3673,204.28613631897355,26,1,0,0,1.3137076239689478,0.2
3674,149.5028441341894,15,1,0,0,1.4961820589615948,0.2
3675,190.32457610414698,27,1,0,0,1.0940629990600426,0.2
3676,143.89074152934685,13,1,0,0,1.450548054923496,0.2
3677,159.52546625273948,19,1,0,0,1.4761231262647396,0.2
3678,173.82391463023492,22,1,0,0,1.3492009864037948,0.2
3679,145.7401388315951,16,1,0,0,1.3551024702044219,0.2
3680,166.2095177875471,33,1,0,0,1.4046832156675548,0.2
3681,185.63895401336413,26,1,0,0,1.4647870678622614,0.2
3682,166.22651886306392,25,1,0,0,1.3603521130441438,0.2
3683,235.92726796396423,46,1,0,0,1.3682616155868765,0.2
3684,143.774437474271,18,1,0,0,1.3922081635538959,0.2
3685,163.06688444503536,26,1,0,0,1.3150987267765575,0.2
3686,222.33587556749023,41,1,0,0,1.3378407935181733,0.2
3687,231.8603006598271,45,1,0,0,1.3664193110984422,0.2
3688,156.56631741553267,25,1,0,0,1.288923847965781,0.2
3689,154.9081925494395,24,1,0,0,1.1772343094048598,0.2
3690,172.5578229875034,20,1,0,0,1.0612749757764084,0.2
3691,171.48872749778238,31,1,0,0,1.496336538371259,0.2
3692,178.11249736053475,27,1,0,0,1.494505700401636,0.2
3693,177.93985595556666,24,1,0,0,1.3379563707590654,0.2
3694,211.68044859136353,26,1,0,0,1.3656511717732496,0.2
3695,156.20287625366615,21,1,0,0,1.3601788262298358,0.2
3696,-50.0,1,0,1,0,3.638817889175622,0.2
3697,186.3805959734005,26,1,0,0,1.3760599619573046,0.2
3698,264.31636255047613,59,1,0,0,1.403636999533371,0.2
3699,188.28828868739657,26,1,0,0,1.2410146176044585,0.2
3700,174.5291027362891,22,1,0,0,1.3697582412001217,0.2
3701,174.80076391617513,23,1,0,0,1.2774039975674187,0.2
3702,188.498797895895,23,1,0,0,1.4193425171924137,0.2
3703,239.54141401754262,40,1,0,0,1.481463615331204,0.2
3704,153.72154960647018,22,1,0,0,1.4502239310635476,0.2
3705,185.97482151091373,24,1,0,0,1.1607512080994358,0.2
3706,147.81890568285723,26,1,0,0,1.3170452340195669,0.2
3707,157.49936358334855,25,1,0,0,1.2389288324019314,0.2
3708,147.42061929432498,16,1,0,0,1.2675907461890785,0.2
3709,157.33504633753037,20,1,0,0,1.4534305113933539,0.2
3710,178.6052299040844,23,1,0,0,1.4068756467720014,0.2
3711,210.3058360513129,33,1,0,0,1.3885894771768532,0.2
3712,232.44526913224317,41,1,0,0,1.4545088764760654,0.2
3713,170.85478255992314,27,1,0,0,1.2540214149292623,0.2
3714,174.1025444747442,23,1,0,0,1.3045435845171185,0.2
3715,179.86812942231717,28,1,0,0,1.2700576765316125,0.2
3716,137.77569579909843,12,1,0,0,1.4945445166495521,0.2
3717,172.51009067027564,27,1,0,0,1.3835088560850153,0.2
3718,161.47335294345257,22,1,0,0,1.4838353117949457,0.2
3719,129.6139849782949,9,1,0,0,1.4827692964249712,0.2
3720,143.4238680123779,23,1,0,0,1.3356882885729133,0.2
3721,129.35899932995395,13,1,0,0,1.1307846065862552,0.2
3722,154.1476733625685,36,1,0,0,1.2773366182702293,0.2
3723,-50.0,1,0,1,0,3.481255183943009,0.2
3724,152.3091429438938,15,1,0,0,1.3181815796845697,0.2
3725,156.14175490867993,22,1,0,0,1.1548697028494048,0.2
3726,146.56557805435045,20,1,0,0,1.4274798088511114,0.2
3727,174.8138872898445,25,1,0,0,1.3516741425550656,0.2
3728,149.2643466056618,20,1,0,0,1.3573191267726883,0.2
3729,176.95904222158885,29,1,0,0,1.4291909831918053,0.2
3730,160.96957240831736,25,1,0,0,1.2970905339410035,0.2
3731,143.25051874270486,18,1,0,0,1.2486090005581343,0.2
3732,167.97048167908275,24,1,0,0,1.2932415158525874,0.2
3733,274.64179784083603,61,1,0,0,1.257123239581799,0.2
3734,193.20802012251409,28,1,0,0,1.3003774960113923,0.2
3735,177.40949298097343,23,1,0,0,1.4699593170103105,0.2
3736,188.68131515094547,29,1,0,0,1.1617051081382341,0.2
3737,207.47836151036327,30,1,0,0,1.295809337948005,0.2
3738,136.57794504242975,13,1,0,0,1.4400963393840513,0.2
3739,198.95731130162108,31,1,0,0,1.3699741286214815,0.2
3740,192.81774950589164,27,1,0,0,1.3902270491161688,0.2
3741,151.63090747956318,18,1,0,0,1.4354880470453628,0.2
3742,232.8718952484934,43,1,0,0,1.3408097000515922,0.2
3743,185.52788328907883,24,1,0,0,1.4064736954834196,0.2
3744,145.21351882722013,16,1,0,0,1.496500663547568,0.2
3745,124.67601785330976,10,1,0,0,1.3897246143963666,0.2
3746,161.08030132461516,38,1,0,0,1.293434316909429,0.2
3747,178.76677529696877,25,1,0,0,1.3424078315393047,0.2
3748,189.41586876501844,31,1,0,0,1.2695532719997575,0.2
3749,150.1663382089592,22,1,0,0,1.2450460114968072,0.2
3750,178.72344632748442,22,1,0,0,1.408288310295285,0.2
3751,121.1447477401927,8,1,0,0,1.2564249712968754,0.2
3752,142.6299917967125,20,1,0,0,1.393473850411421,0.2
3753,243.21828405530465,41,1,0,0,1.3904535853246935,0.2
3754,146.35662411800763,19,1,0,0,1.3712950143154075,0.2
3755,179.86719093474647,24,1,0,0,1.2493232416497733,0.2
3756,186.59799838819907,28,1,0,0,1.2645881957151206,0.2
3757,194.16018406381284,26,1,0,0,1.2095551786042291,0.2
3758,200.32770579149022,28,1,0,0,1.1698975807068257,0.2
3759,187.99807926962427,25,1,0,0,1.3341356358701217,0.2
3760,196.19694497020117,24,1,0,0,1.3436197838356618,0.2
3761,195.40219357647948,32,1,0,0,1.4758291993177022,0.2
3762,172.8098345982819,22,1,0,0,1.2334527776139836,0.2
3763,142.8320677973613,29,1,0,0,1.444036736007165,0.2
3764,154.061426535188,23,1,0,0,1.3149533665601771,0.2
3765,160.7785257409729,17,1,0,0,1.2349916055211176,0.2
3766,167.9916822122371,26,1,0,0,1.2905035107082625,0.2
3767,207.10459431650133,37,1,0,0,1.4701568050351548,0.2
3768,191.81758551754643,27,1,0,0,1.43222921885201,0.2
3769,167.27875576196243,32,1,0,0,1.3862541890516193,0.2
3770,170.86934335126895,26,1,0,0,1.3247735505022882,0.2
3771,170.83747634917168,29,1,0,0,1.4663134067427053,0.2
3772,178.76663712660485,20,1,0,0,1.2322245461908592,0.2
3773,137.9488988972601,25,1,0,0,1.3990799495437738,0.2
3774,133.99934920946328,59,1,0,0,1.4468529380257613,0.2
3775,152.3646516334751,22,1,0,0,1.3774455591083525,0.2
3776,152.3343955395017,17,1,0,0,1.4316630651524174,0.2
3777,168.42470070145285,21,1,0,0,1.350423200981819,0.2
3778,168.34326400355553,21,1,0,0,1.2792651292156547,0.2
3779,99.47893392976465,77,1,0,0,1.3282461448157479,0.2
3780,191.52083158379324,28,1,0,0,1.2175356010013378,0.2
3781,133.30440283581996,31,1,0,0,1.3540078689299995,0.2
3782,180.36827543394423,24,1,0,0,1.2837119167684903,0.2
3783,-50.0,1,0,1,0,1.8365139875685983,0.2
3784,177.31462050084247,28,1,0,0,1.3017595422927355,0.2
3785,134.11037811592348,15,1,0,0,1.2322293349254854,0.2
3786,255.3995506947315,48,1,0,0,1.497657318802918,0.2
3787,-50.0,1,0,1,0,4.666942852362526,0.2
3788,165.9129598733271,25,1,0,0,1.2280003095614733,0.2
3789,208.45930172016443,37,1,0,0,1.422880105520251,0.2
3790,141.42342506390975,14,1,0,0,1.4066799688661307,0.2
3791,163.25589512811644,22,1,0,0,1.412542098635908,0.2
3792,157.45338008877172,20,1,0,0,1.4815455235504271,0.2
3793,217.66573657434424,38,1,0,0,1.4621335945803189,0.2
3794,230.5721170661045,40,1,0,0,1.321446299771877,0.2
3795,144.11855703690412,17,1,0,0,1.4878597287702922,0.2
3796,174.64691171585514,21,1,0,0,1.4158974194446263,0.2
3797,225.5420303111225,40,1,0,0,1.3110832681001505,0.2
3798,137.42727397426606,18,1,0,0,1.2956365295028687,0.2
3799,151.01831339747375,19,1,0,0,1.4986909485631683,0.2
3800,154.57228294201872,31,1,0,0,1.434270993549745,0.2
3801,178.7524220505615,26,1,0,0,1.3204558286511647,0.2
3802,141.11836665433168,17,1,0,0,1.447355393359393,0.2
3803,154.34266656678784,20,1,0,0,1.349429600243312,0.2
3804,140.3444512267967,21,1,0,0,1.2434494765543027,0.2
3805,121.81920174584232,18,1,0,0,1.381384888476633,0.2
3806,229.16462831192212,43,1,0,0,1.490885933013749,0.2
3807,171.0749652649177,28,1,0,0,1.3507491991567624,0.2
3808,205.1592775384256,33,1,0,0,1.2727606476527846,0.2
3809,174.79793204628874,31,1,0,0,1.308183638967797,0.2
3810,156.06971549733626,31,1,0,0,1.4562622215430663,0.2
3811,172.63748313316586,23,1,0,0,1.406666096428254,0.2
3812,183.96049910804305,27,1,0,0,1.445742822090038,0.2
3813,163.14770043023086,29,1,0,0,1.2876307575787418,0.2
3814,152.29740210675234,21,1,0,0,1.3690043097214413,0.2
3815,178.3613848853874,27,1,0,0,1.4319359811330368,0.2
3816,174.07008161043007,25,1,0,0,1.4137418777892368,0.2
3817,160.2979507125412,18,1,0,0,1.190146214812021,0.2
3818,131.47032275089666,11,1,0,0,1.3547636750454801,0.2
3819,151.01042407670695,27,1,0,0,1.2225330555016263,0.2
3820,168.85130448270172,29,1,0,0,1.4011450184136904,0.2
3821,215.29772996623223,35,1,0,0,1.4378781227547741,0.2
3822,174.4337294926234,20,1,0,0,1.40878903872532,0.2
3823,156.73131896939282,24,1,0,0,1.1188891647066774,0.2
3824,246.2160062596092,50,1,0,0,1.4995230617986484,0.2
3825,156.5867687125128,20,1,0,0,1.352896073467271,0.2
3826,168.67864662042356,21,1,0,0,1.4562298601874157,0.2
3827,173.9122776190965,33,1,0,0,1.4712244295145784,0.2
3828,157.32629999202558,19,1,0,0,1.4616282264839748,0.2
3829,215.750777912756,36,1,0,0,1.4022493568204177,0.2
3830,168.76953041847048,19,1,0,0,1.3937960281995676,0.2
3831,185.58276916729503,26,1,0,0,1.2890015226119147,0.2
3832,178.91116284976516,26,1,0,0,1.3131913866409233,0.2
3833,155.9922778496579,53,1,0,0,1.4557252619921082,0.2
3834,133.93808216662487,14,1,0,0,1.3759874057767356,0.2
3835,128.49551603600463,12,1,0,0,1.4044269845800514,0.2
3836,243.21120601701992,52,1,0,0,1.2967724883198288,0.2
3837,191.82477986325165,24,1,0,0,1.4182998914889189,0.2
3838,174.841371252305,29,1,0,0,1.2122774809017094,0.2
3839,152.09306638450082,20,1,0,0,1.4824817680978846,0.2
3840,246.3353176175291,54,1,0,0,1.4425546908278062,0.2
3841,107.7362375730207,11,1,0,0,1.4688459962540077,0.2
3842,174.2115947520149,25,1,0,0,1.4905373869169813,0.2
3843,155.3424749651004,19,1,0,0,1.37869703961328,0.2
3844,204.14437480809823,32,1,0,0,1.4440105155791523,0.2
3845,165.68892534339926,24,1,0,0,1.4593624068427917,0.2
3846,178.01075172899692,25,1,0,0,1.417542281294133,0.2
3847,214.2120778883331,37,1,0,0,1.3438481908853996,0.2
3848,179.35712379886675,28,1,0,0,1.3641283470508627,0.2
3849,-50.93104026379215,6,0,1,0,3.6090969328079177,0.2
3850,147.2451100437396,18,1,0,0,1.4600469062405796,0.2
3851,129.77822066224962,10,1,0,0,1.497623193727898,0.2
3852,127.90377245549539,13,1,0,0,1.4787557737654005,0.2
3853,164.79849996739267,95,1,0,0,1.357021083772836,0.2
3854,171.77835701149348,30,1,0,0,1.221502378245529,0.2
3855,183.12487387469383,23,1,0,0,1.2527569697441032,0.2
3856,187.29394946808628,21,1,0,0,1.4616583624672292,0.2
3857,121.789785171851,14,1,0,0,1.3233535491953732,0.2
3858,143.00467793540048,13,1,0,0,1.4366280027918252,0.2
3859,265.20005623580823,61,1,0,0,1.4594877263390926,0.2
3860,183.70673245229057,25,1,0,0,1.2652496356302418,0.2
3861,167.58639482995255,20,1,0,0,1.460646783373103,0.2
3862,192.81232945904424,27,1,0,0,1.1927758118414553,0.2
3863,131.1909149503292,17,1,0,0,1.364716616511868,0.2
3864,261.4217104362991,58,1,0,0,1.3861389192154732,0.2
3865,225.83330949977363,42,1,0,0,1.2339283345290484,0.2
3866,145.5351147792533,15,1,0,0,1.3278417065171448,0.2
3867,196.54133093424042,29,1,0,0,1.3238950456929892,0.2
3868,152.78832035964052,15,1,0,0,1.4452773275824624,0.2
3869,144.87493693641957,15,1,0,0,1.372790011283502,0.2
3870,179.060230617304,27,1,0,0,1.2944727934928817,0.2
3871,160.5469169720997,27,1,0,0,1.2893900382594228,0.2
3872,156.24249162935612,24,1,0,0,1.306901185447933,0.2
3873,169.0559388158308,21,1,0,0,1.4054332876067692,0.2
3874,156.23466943252944,22,1,0,0,1.3315270491418423,0.2
3875,164.53510840252167,37,1,0,0,1.3306779059504945,0.2
3876,149.4866861142296,17,1,0,0,1.1955214697065952,0.2
3877,195.2863007529623,27,1,0,0,1.2960726136122882,0.2
3878,116.51995113513476,8,1,0,0,1.3388905467529157,0.2
3879,167.21509957327433,27,1,0,0,1.2621066392309561,0.2
3880,190.89433089879512,28,1,0,0,1.4653039526539833,0.2
3881,184.00292404018148,23,1,0,0,1.428012422423846,0.2
3882,134.17529526524186,14,1,0,0,1.4807457732863143,0.2
3883,174.0441132503514,23,1,0,0,1.3640624275762254,0.2
3884,166.05665628906002,24,1,0,0,1.3061925211716578,0.2
3885,194.35701809748224,36,1,0,0,1.4834404556001382,0.2
3886,210.22800045478715,38,1,0,0,1.4309244510504073,0.2
3887,160.38583679558838,19,1,0,0,1.4321524552084162,0.2
3888,118.49880981887898,11,1,0,0,1.4909201720146725,0.2
3889,160.51965244511152,24,1,0,0,1.491194575964231,0.2
3890,170.36564847584572,21,1,0,0,1.4665563892761384,0.2
3891,136.23128119164156,22,1,0,0,1.4332165765722538,0.2
3892,138.70007429950496,15,1,0,0,1.198111552367034,0.2
3893,195.49418582182332,32,1,0,0,1.3695762435600995,0.2
3894,153.09994301729714,23,1,0,0,1.1193586403663731,0.2
3895,170.71064650138322,27,1,0,0,1.247161349154563,0.2
3896,192.19122757651945,27,1,0,0,1.311094498900415,0.2
3897,123.45604867736873,9,1,0,0,1.3291025791380369,0.2
3898,160.92123217685065,17,1,0,0,1.3148159188452357,0.2
3899,156.12668462657274,20,1,0,0,1.4399104347103182,0.2
3900,119.82699777517566,10,1,0,0,1.4946617724613667,0.2
3901,156.37066944514902,19,1,0,0,1.2583768448889567,0.2
3902,142.4487229155134,21,1,0,0,1.4120497713854119,0.2
3903,141.79610644323273,32,1,0,0,1.2741772458524672,0.2
3904,200.25913630254925,35,1,0,0,1.4708213826463306,0.2
3905,163.65846902810597,20,1,0,0,1.4912136888472889,0.2
3906,141.1872708609605,18,1,0,0,1.1972203026669066,0.2
3907,133.82114656061174,15,1,0,0,1.3924104501392898,0.2
3908,145.91476156938148,18,1,0,0,1.4851622094588943,0.2
3909,165.12390599417944,26,1,0,0,1.2312952740659115,0.2
3910,164.39717926519987,20,1,0,0,1.3898297073879082,0.2
3911,202.85919084526998,29,1,0,0,1.2378829021687066,0.2
3912,162.1873941074926,22,1,0,0,1.4522827005167507,0.2
3913,150.86490472635927,22,1,0,0,1.3743901234973237,0.2
3914,-50.0,1,0,1,0,5.005458830408517,0.2
3915,218.8308881948559,33,1,0,0,1.3579586939687764,0.2
3916,192.90245893077565,24,1,0,0,1.3905894032473467,0.2
3917,168.2206894239898,21,1,0,0,1.4609705167442788,0.2
3918,170.88227823042422,19,1,0,0,1.438551450563613,0.2
3919,275.94832253293873,62,1,0,0,1.3970627555677477,0.2
3920,186.27498960581573,25,1,0,0,1.4428936686470208,0.2
3921,152.44026154245057,27,1,0,0,1.474016289881615,0.2
3922,196.1603825034905,25,1,0,0,1.2564259668798847,0.2
3923,201.11468800251663,26,1,0,0,1.3788312280751447,0.2
3924,121.30864014094705,8,1,0,0,1.2624031316893247,0.2
3925,201.86322369902484,27,1,0,0,1.181122975537353,0.2
3926,170.7429444236014,20,1,0,0,1.2011163068086084,0.2
3927,163.4959126569736,26,1,0,0,1.3512002620647952,0.2
3928,148.70850660675262,20,1,0,0,1.145946986240034,0.2
3929,185.6577512901037,26,1,0,0,1.341685152695835,0.2
3930,164.34343358435765,23,1,0,0,1.4127286050250403,0.2
3931,105.78173662753944,23,1,0,0,1.4953552238159031,0.2
3932,187.27901904719045,25,1,0,0,1.4116853389570114,0.2
3933,138.29162785395005,19,1,0,0,1.312924645530267,0.2
3934,169.3695906333419,22,1,0,0,1.3431408041717414,0.2
3935,161.03337865836653,20,1,0,0,1.474013669327622,0.2
3936,156.96650616908582,23,1,0,0,1.080304694031209,0.2
3937,174.62876691892097,25,1,0,0,1.320667599910935,0.2
3938,147.6034341419778,19,1,0,0,1.2514731468483284,0.2
3939,182.76794628833366,25,1,0,0,1.2256073352658248,0.2
3940,148.4104876679637,12,1,0,0,1.393661885302609,0.2
3941,138.35182414784674,30,1,0,0,1.3345575778675083,0.2
3942,108.10767663089247,15,1,0,0,1.3316693213254143,0.2
3943,155.50267946843752,20,1,0,0,1.3966636725246153,0.2
3944,126.06149032982867,10,1,0,0,1.3110366871568242,0.2
3945,133.41944312700218,19,1,0,0,1.4667318493632173,0.2
3946,193.69153539494081,32,1,0,0,1.4856873102378354,0.2
3947,144.65219434304333,14,1,0,0,1.1949597076834888,0.2
3948,141.87334092114799,23,1,0,0,1.4541317292579845,0.2
3949,179.19167491600058,28,1,0,0,1.388057496953634,0.2
3950,160.49722121351985,21,1,0,0,1.3923817170287192,0.2
3951,224.30821676587703,38,1,0,0,1.4636463142349463,0.2
3952,208.43398234079075,38,1,0,0,1.2481911858729424,0.2
3953,220.71002348843317,39,1,0,0,1.4729620350355193,0.2
3954,140.14606754278415,18,1,0,0,1.2351025150759785,0.2
3955,228.8574341208219,48,1,0,0,1.4733770569781515,0.2
3956,146.19705512787226,19,1,0,0,1.367723175786889,0.2
3957,186.5171796573602,35,1,0,0,1.3535185653778044,0.2
3958,173.06242189641023,24,1,0,0,1.453430393956715,0.2
3959,190.26908885093997,24,1,0,0,1.4161183683559806,0.2
3960,205.73950564703472,33,1,0,0,1.4517298438036192,0.2
3961,156.5908729247035,25,1,0,0,1.266868511786359,0.2
3962,174.1891619843639,27,1,0,0,1.250711496756045,0.2
3963,178.852585144889,26,1,0,0,1.2375440730132423,0.2
3964,251.1527784709544,48,1,0,0,1.4973446992847483,0.2
3965,166.45068007134057,22,1,0,0,1.458976004788659,0.2
3966,-50.0,1,0,1,0,5.7141128965469195,0.2
3967,123.68236601409853,14,1,0,0,1.4764051913179326,0.2
3968,100.0,1,1,0,0,0.36968546249592926,0.2
3969,170.63274424423616,21,1,0,0,1.464883466956884,0.2
3970,156.55263784728666,19,1,0,0,1.4609784644528447,0.2
3971,136.76784695674075,15,1,0,0,1.4015152367575743,0.2
3972,-50.0,1,0,1,0,6.829817187286208,0.2
3973,152.179301203043,20,1,0,0,1.3907968022802455,0.2
3974,151.86410428681253,19,1,0,0,1.4660872233528142,0.2
3975,157.50944172865178,31,1,0,0,1.251718134967901,0.2
3976,-23.697648576869337,200,0,0,1,2.4410619794980786,0.2
3977,269.3392811078225,61,1,0,0,1.3014125105149914,0.2
3978,166.05853564483357,25,1,0,0,1.3537957072657554,0.2
3979,155.514189509646,24,1,0,0,1.3593646061651432,0.2
3980,190.4580929744863,33,1,0,0,1.2619237194983304,0.2
3981,144.43309455543073,15,1,0,0,1.2284267240209694,0.2
3982,164.5294868570952,20,1,0,0,1.2517108742190397,0.2
3983,185.05699136578025,36,1,0,0,1.4962335921356142,0.2
3984,192.4338178473776,25,1,0,0,1.2479777130503926,0.2
3985,168.65660169072703,20,1,0,0,1.4265177485491238,0.2
3986,178.98304923693016,26,1,0,0,1.3303201535877667,0.2
3987,242.23305322062214,51,1,0,0,1.4240926543939647,0.2
3988,157.80725157295922,26,1,0,0,1.3716495789600758,0.2
3989,156.8303308710044,27,1,0,0,1.3819041683922992,0.2
3990,122.52760843445316,11,1,0,0,1.466990128824468,0.2
3991,188.43227784870118,20,1,0,0,1.1247645630210985,0.2
3992,177.09352912301594,26,1,0,0,1.3608098853302022,0.2
3993,115.3641142843889,6,1,0,0,1.336992098312159,0.2
3994,173.59559456834037,24,1,0,0,1.3182258345444804,0.2
3995,160.08114789571704,21,1,0,0,1.3705648634941845,0.2
3996,178.32617964504013,26,1,0,0,1.328694359700896,0.2
3997,152.40481534853706,23,1,0,0,1.168108203038123,0.2
3998,177.63828976146715,23,1,0,0,1.3253154192801564,0.2
3999,172.51129560128237,26,1,0,0,1.2060729887659374,0.2
4000,-21.15952239847551,200,0,0,1,1.898989803287247,0.2
4001,128.2368500537224,10,1,0,0,1.4023157162418747,0.2
4002,186.23828508783026,27,1,0,0,1.3914418733852867,0.2
4003,121.96610932845266,14,1,0,0,1.4718753494816228,0.2
4004,166.44499259676206,23,1,0,0,1.4783362219556422,0.2
4005,155.55750157133429,19,1,0,0,1.4450109901727013,0.2
4006,155.83390516167051,19,1,0,0,1.3509960530720242,0.2
4007,175.7545718576286,21,1,0,0,1.3955901490549703,0.2
4008,145.85300245513412,18,1,0,0,1.4851836527509075,0.2
4009,158.84578098965778,21,1,0,0,1.2093941523818517,0.2
4010,148.81780687766513,14,1,0,0,1.2797345806315839,0.2
4011,164.56826533365515,24,1,0,0,1.360350554986739,0.2
4012,165.2958310092247,18,1,0,0,1.2235423196284758,0.2
4013,173.16571368441524,26,1,0,0,1.459066353692765,0.2
4014,144.02163894539112,25,1,0,0,1.4394860916575625,0.2
4015,188.71836538703405,24,1,0,0,1.4593823785817046,0.2
4016,143.54418413820554,18,1,0,0,1.315183727779939,0.2
4017,193.3939958704538,24,1,0,0,1.4711208388626262,0.2
4018,158.53069621190724,22,1,0,0,1.262600962567262,0.2
4019,126.09456922311583,53,1,0,0,1.451553882328162,0.2
4020,124.7162161950401,10,1,0,0,1.241805011747556,0.2
4021,119.54702503876729,26,1,0,0,1.3318204606794555,0.2
4022,126.58020466723984,11,1,0,0,1.347956575025136,0.2
4023,122.28066349135102,13,1,0,0,1.4768318330378134,0.2
4024,115.11361413958835,13,1,0,0,1.2456500594800006,0.2
4025,206.47484341052325,35,1,0,0,1.2656642193387242,0.2
4026,173.96773081055971,30,1,0,0,1.493034936889612,0.2
4027,160.82132688110397,23,1,0,0,1.459366187008868,0.2
4028,186.8224670085748,27,1,0,0,1.2945805297133701,0.2
4029,103.70836539526984,2,1,0,0,1.4222714419099425,0.2
4030,162.7864983462081,24,1,0,0,1.1987890705161195,0.2
4031,198.914277391459,33,1,0,0,1.496232596203744,0.2
4032,169.98867849219414,24,1,0,0,1.280437288051076,0.2
4033,187.54777364118922,28,1,0,0,1.2416569455710151,0.2
4034,155.99171610164433,21,1,0,0,1.3493340813400097,0.2
4035,179.12547131581994,23,1,0,0,1.2899423806197694,0.2
4036,176.50996989033575,23,1,0,0,1.3200717604821997,0.2
4037,171.06430050336002,21,1,0,0,1.3959003799445675,0.2
4038,162.09308805186103,20,1,0,0,1.4076280485725432,0.2
4039,155.37913225527205,20,1,0,0,1.1880866866308173,0.2
4040,161.49718310086877,20,1,0,0,1.4141834081429074,0.2
4041,195.98936360149324,22,1,0,0,1.3522449494873627,0.2
4042,208.85931419031408,29,1,0,0,1.2059966800481967,0.2
4043,145.21953319344263,17,1,0,0,1.3866585496602497,0.2
4044,251.57740852118874,58,1,0,0,1.4553388629369137,0.2
4045,216.88114294820735,38,1,0,0,1.3169494691002104,0.2
4046,152.7830760643676,19,1,0,0,1.4743658694842672,0.2
4047,168.62499493370973,26,1,0,0,1.3589534640340206,0.2
4048,172.8128640556668,22,1,0,0,1.335388452639209,0.2
4049,191.37886140993123,28,1,0,0,1.1573854318431696,0.2
4050,-50.0,1,0,1,0,9.630848166241684,0.2
4051,163.16446711335485,25,1,0,0,1.3185995571272977,0.2
4052,199.59620152437824,26,1,0,0,1.4526369586637031,0.2
4053,198.24962698654537,29,1,0,0,1.488901272196477,0.2
4054,155.92926926666576,24,1,0,0,1.4432388688485431,0.2
4055,205.4147388255248,45,1,0,0,1.4305008939605146,0.2
4056,250.3193764584608,51,1,0,0,1.2179189541534508,0.2
4057,159.86990366184685,23,1,0,0,1.3126936099700888,0.2
4058,-50.0,1,0,1,0,8.037016942494054,0.2
4059,148.10969734142054,19,1,0,0,1.3057306962279016,0.2
4060,179.77324324377278,27,1,0,0,1.1163651887698463,0.2
4061,241.8878320648496,46,1,0,0,1.4623707763631422,0.2
4062,117.65983496788529,7,1,0,0,1.4574741327415799,0.2
4063,165.93905871459006,18,1,0,0,1.473433643346926,0.2
4064,174.3770096298399,25,1,0,0,1.420235731875244,0.2
4065,112.97427050736535,6,1,0,0,1.4643589946640545,0.2
4066,206.956788619046,39,1,0,0,1.2226105576113497,0.2
4067,201.0113408623251,32,1,0,0,1.4451793674503828,0.2
4068,169.4992876882916,35,1,0,0,1.1496355703211543,0.2
4069,177.46746062307054,24,1,0,0,1.3536511104776905,0.2
4070,146.79450171265046,20,1,0,0,1.4013342801063884,0.2
4071,162.79681282355904,23,1,0,0,1.389543287253705,0.2
4072,179.74108803089018,26,1,0,0,1.3162184888428943,0.2
4073,156.09462597919253,18,1,0,0,1.3954902633198127,0.2
4074,145.4893508555691,22,1,0,0,1.3930854478955919,0.2
4075,174.59137014670614,28,1,0,0,1.2477030293776468,0.2
4076,174.89670447240775,30,1,0,0,1.2934351775093784,0.2
4077,155.1228317988802,20,1,0,0,1.4777493882368502,0.2
4078,178.75527283644595,25,1,0,0,1.2569151217481362,0.2
4079,227.69222471509238,45,1,0,0,1.3729294239697938,0.2
4080,167.81217326743462,27,1,0,0,1.1369514717533826,0.2
4081,165.81155970277422,18,1,0,0,1.3851407521688313,0.2
4082,139.1880583746073,20,1,0,0,1.4779786811549958,0.2
4083,162.30341999256726,18,1,0,0,1.4448856973340494,0.2
4084,148.58096474147183,15,1,0,0,1.3342667369388765,0.2
4085,151.08629706906655,16,1,0,0,1.3492913326280362,0.2
4086,266.5195893717994,59,1,0,0,1.2109396664529712,0.2
4087,197.3778420126692,27,1,0,0,1.1505833107637342,0.2
4088,170.0960997602994,28,1,0,0,1.2927395119795846,0.2
4089,161.23266615310484,22,1,0,0,1.2117120847184661,0.2
4090,215.03789881301657,38,1,0,0,1.2683941188107202,0.2
4091,135.57408174487205,14,1,0,0,1.2309914705949998,0.2
4092,179.8380768505673,22,1,0,0,1.4484608766677474,0.2
4093,218.01763586635832,42,1,0,0,1.4203170522592796,0.2
4094,151.1665703406318,15,1,0,0,1.4832140980556126,0.2
4095,158.96425934170048,28,1,0,0,1.2307725161796643,0.2
4096,201.04297140666654,29,1,0,0,1.3012905761621496,0.2
4097,195.61181208521597,25,1,0,0,1.3922990369862023,0.2
4098,150.90847562112975,21,1,0,0,1.297280796825657,0.2
4099,150.68209292702113,19,1,0,0,1.387849583910439,0.2
4100,183.32745981970922,29,1,0,0,1.4779580844566897,0.2
4101,164.7582413380876,22,1,0,0,1.4009219713073062,0.2
4102,196.743044821461,31,1,0,0,1.4306953129045576,0.2
4103,148.26464857576485,17,1,0,0,1.3481697587679424,0.2
4104,202.95680271943357,31,1,0,0,1.3954287476894334,0.2
4105,186.14362024735573,31,1,0,0,1.3903445747920273,0.2
4106,174.5884163174055,25,1,0,0,1.4236843490827653,0.2
4107,141.47513305764983,16,1,0,0,1.4211665115574894,0.2
4108,165.77574415916814,19,1,0,0,1.2732021713004575,0.2
4109,-50.0,1,0,1,0,1.2258563456832396,0.2
4110,205.96315842880853,40,1,0,0,1.4037774441328739,0.2
4111,184.12418504593552,28,1,0,0,1.3783835343676496,0.2
4112,119.40587298841953,145,1,0,0,1.371618837648461,0.2
4113,133.73112333030016,13,1,0,0,1.3445031271514805,0.2
4114,236.15435485479574,45,1,0,0,1.2228776204186689,0.2
4115,185.4875857679957,26,1,0,0,1.4840917482836862,0.2
4116,197.3178746651069,31,1,0,0,1.2773688475175922,0.2
4117,6.292156660646935,200,0,0,1,2.3963545783417564,0.2
4118,110.10576282319238,16,1,0,0,1.3756350066476057,0.2
4119,129.902055823473,15,1,0,0,1.2943112157307486,0.2
4120,173.64364369607094,27,1,0,0,1.4266474088077727,0.2
4121,119.64446242596269,11,1,0,0,1.3019441481432137,0.2
4122,172.13651848351952,21,1,0,0,1.3448025488017712,0.2
4123,134.26484002200758,12,1,0,0,1.2311368289905893,0.2
4124,210.17025043662125,36,1,0,0,1.4003058940204345,0.2
4125,179.6334174473722,31,1,0,0,1.2538842390951948,0.2
4126,162.4530750123451,30,1,0,0,1.2428590616456283,0.2
4127,123.25753296792121,11,1,0,0,1.421647209319511,0.2
4128,139.05678357977388,11,1,0,0,1.462660297535384,0.2
4129,177.03003435908627,21,1,0,0,1.195646347497553,0.2
4130,145.71789190641658,13,1,0,0,1.320720334306888,0.2
4131,158.39462211593911,19,1,0,0,1.32229970165968,0.2
4132,187.67097501001444,38,1,0,0,1.3193321240696314,0.2
4133,178.61426522623904,26,1,0,0,1.3214743723823101,0.2
4134,165.17798937766088,26,1,0,0,1.2802372844631,0.2
4135,141.51620504455838,17,1,0,0,1.491915185347684,0.2
4136,117.86257040050862,7,1,0,0,1.4689916248146773,0.2
4137,222.0057829983665,42,1,0,0,1.297175439247288,0.2
4138,197.43397832954588,24,1,0,0,1.4396470467885587,0.2
4139,142.24599016889977,15,1,0,0,1.2316524066276002,0.2
4140,151.99234285715113,22,1,0,0,1.3448074993836658,0.2
4141,142.24058048142507,18,1,0,0,1.4492979542017665,0.2
4142,169.6693761688905,21,1,0,0,1.372345766396973,0.2
4143,167.86419386860433,24,1,0,0,1.2381593739567631,0.2
4144,161.27548791044006,18,1,0,0,1.2881704014936712,0.2
4145,120.25066889014076,11,1,0,0,1.4886873865198313,0.2
4146,185.41010788341924,27,1,0,0,1.320853017951631,0.2
4147,121.59549206526907,23,1,0,0,1.4165306795086436,0.2
4148,165.23905302687473,22,1,0,0,1.4871631954513558,0.2
4149,162.30640431343286,18,1,0,0,1.0876379713441646,0.2
4150,172.82227861269044,29,1,0,0,1.1916940699096739,0.2
4151,177.8729368368866,26,1,0,0,1.2803615937882051,0.2
4152,197.9174405809312,30,1,0,0,1.3771092748233196,0.2
4153,115.92278577489452,8,1,0,0,1.1703021052634925,0.2
4154,164.2267027260109,20,1,0,0,1.3051970486988067,0.2
4155,154.22379764699895,20,1,0,0,1.355211904572655,0.2
4156,182.87215541538427,24,1,0,0,1.2108819930479937,0.2
4157,114.89546537797442,5,1,0,0,1.3875176828364701,0.2
4158,176.46420461073646,26,1,0,0,1.3393073541767788,0.2
4159,199.3971026617464,26,1,0,0,1.4790503877294918,0.2
4160,218.58998580797783,31,1,0,0,1.3599709513588962,0.2
4161,143.7384602220317,18,1,0,0,1.4702162937176964,0.2
4162,262.5002324844623,57,1,0,0,1.2030178597889978,0.2
4163,31.015802912868324,21,0,1,0,7.24462730755201,0.2
4164,139.0010526277332,19,1,0,0,1.4781917462441445,0.2
4165,149.47466317369364,16,1,0,0,1.3452225247217244,0.2
4166,-50.0,1,0,1,0,3.2942052291981723,0.2
4167,129.97257904567385,13,1,0,0,1.4993757120785884,0.2
4168,181.17294981211694,28,1,0,0,1.2946158306263629,0.2
4169,244.74173605762385,53,1,0,0,1.349944397334386,0.2
4170,161.12391048214096,24,1,0,0,1.349415132959458,0.2
4171,271.4027617302028,57,1,0,0,1.4963600532173593,0.2
4172,113.03717021886949,12,1,0,0,1.1895490133557927,0.2
4173,142.68025557001005,64,1,0,0,1.423465232149278,0.2
4174,159.96822976799206,19,1,0,0,1.437208541050415,0.2
4175,191.11611067053187,30,1,0,0,1.4647753823956062,0.2
4176,169.56419206552874,21,1,0,0,1.3801674100186092,0.2
4177,-4.231797604393023,13,0,1,0,4.787216343724501,0.2
4178,163.09300744765412,26,1,0,0,1.1996105750714638,0.2
4179,181.95637762539343,22,1,0,0,1.2903371063881772,0.2
4180,199.71397145825017,36,1,0,0,1.2487125073575207,0.2
4181,267.5211755166814,54,1,0,0,1.41340652046444,0.2
4182,-50.0,1,0,1,0,7.731303566598823,0.2
4183,174.75184449183442,26,1,0,0,1.2576455375901636,0.2
4184,142.5166076129028,17,1,0,0,1.4395208812271532,0.2
4185,-50.0,1,0,1,0,5.330683918314247,0.2
4186,157.26494753081352,19,1,0,0,1.4374964572461508,0.2
4187,159.93509826939112,24,1,0,0,1.1825075689902773,0.2
4188,159.63342157018437,22,1,0,0,1.3431410836594648,0.2
4189,177.7720590859379,24,1,0,0,1.2056023996620784,0.2
4190,174.8560320742392,26,1,0,0,1.2425791398211385,0.2
4191,157.70951077306125,17,1,0,0,1.2405289236353223,0.2
4192,180.46521687749515,23,1,0,0,1.266378287642259,0.2
4193,158.23801059604997,21,1,0,0,1.2278406003927158,0.2
4194,136.5472184381003,13,1,0,0,1.3067112800322542,0.2
4195,174.61524455053686,26,1,0,0,1.3413470542914956,0.2
4196,125.37852525297686,14,1,0,0,1.2554813715892632,0.2
4197,178.71648146904516,27,1,0,0,1.3908044056255633,0.2
4198,-50.0,1,0,1,0,6.504037919767221,0.2
4199,151.26494693535525,20,1,0,0,1.4291025209499373,0.2
4200,-50.0,1,0,1,0,3.216083315525248,0.2
4201,181.30575260031412,31,1,0,0,1.4396052876609489,0.2
4202,116.34312875359069,7,1,0,0,1.3010952700880485,0.2
4203,167.32296950562363,25,1,0,0,1.331980850547787,0.2
4204,178.66330667115864,22,1,0,0,1.3937277350573474,0.2
4205,172.99878236752494,22,1,0,0,1.4186137615690004,0.2
4206,212.324112794965,39,1,0,0,1.4458699744149517,0.2
4207,199.34316607270557,35,1,0,0,1.428605990618169,0.2
4208,199.30427609988888,36,1,0,0,1.4633976004477665,0.2
4209,111.19436361885332,9,1,0,0,1.4677469570998432,0.2
4210,239.92628244284316,43,1,0,0,1.4616049160448477,0.2
4211,159.3549491759445,23,1,0,0,1.2131358248053965,0.2
4212,171.98514113996873,31,1,0,0,1.3489700816484547,0.2
4213,199.13215753445326,31,1,0,0,1.381029173904217,0.2
4214,176.57276935523294,22,1,0,0,1.4873890520866453,0.2
4215,189.42741212584866,23,1,0,0,1.4906567371436834,0.2
4216,173.2904735086091,26,1,0,0,1.262049711272877,0.2
4217,-50.0,1,0,1,0,8.75414594867815,0.2
4218,135.37224284901833,22,1,0,0,1.2488211294787104,0.2
4219,189.5353961103129,29,1,0,0,1.40371607002565,0.2
4220,139.19332539462192,28,1,0,0,1.4830164335457863,0.2
4221,153.86338302087665,24,1,0,0,1.4306993098533318,0.2
4222,156.32182885887488,20,1,0,0,1.4036036150121456,0.2
4223,168.15722830618697,25,1,0,0,1.4650119519015543,0.2
4224,146.101789142376,17,1,0,0,1.3877917803557265,0.2
4225,205.22124352106403,38,1,0,0,1.2966587400863847,0.2
4226,114.6175846024821,8,1,0,0,1.4092779187291185,0.2
4227,191.0100558133488,31,1,0,0,1.370637968964317,0.2
4228,201.38650365795002,37,1,0,0,1.361610443146641,0.2
4229,161.5410161750899,26,1,0,0,1.1901193826612353,0.2
4230,119.37077046263856,10,1,0,0,1.4072831476316987,0.2
4231,164.35984333885833,18,1,0,0,1.2773554822283424,0.2
4232,170.53599852700108,23,1,0,0,1.2998333126711226,0.2
4233,168.6870322174169,22,1,0,0,1.298444237968033,0.2
4234,183.12371173808222,25,1,0,0,1.2430475708226398,0.2
4235,184.1272326801481,23,1,0,0,1.479558521282944,0.2
4236,242.02490557198638,53,1,0,0,1.3882099503061256,0.2
4237,123.10939346929112,10,1,0,0,1.274966001727172,0.2
4238,172.08887028128453,21,1,0,0,1.3887183516547656,0.2
4239,168.98312304895055,28,1,0,0,1.0365276965450978,0.2
4240,203.5519686252429,34,1,0,0,1.3802312497799079,0.2
4241,143.53406053780986,13,1,0,0,1.409593779969891,0.2
4242,127.14851634754284,10,1,0,0,1.4979773786183674,0.2
4243,173.09264831201784,27,1,0,0,1.3329574789882794,0.2
4244,195.41554102325904,28,1,0,0,1.4766839083741699,0.2
4245,180.2766042271201,28,1,0,0,1.4243020715655743,0.2
4246,134.50663537195132,15,1,0,0,1.3953120341779763,0.2
4247,163.52783632148225,22,1,0,0,1.41227262840599,0.2
4248,177.95477422494594,22,1,0,0,1.363860480276479,0.2
4249,249.4771948003843,53,1,0,0,1.4458314888241994,0.2
4250,158.54677654164414,23,1,0,0,1.3706087993836737,0.2
4251,147.09743783555513,18,1,0,0,1.4146939112607673,0.2
4252,207.73391547014728,27,1,0,0,1.295846866381016,0.2
4253,188.27468319654764,26,1,0,0,1.19610312201612,0.2
4254,169.99666380741525,21,1,0,0,1.4832579817755687,0.2
4255,147.33611010043433,15,1,0,0,1.4115523648475978,0.2
4256,153.3373144538291,14,1,0,0,1.2467595196140207,0.2
4257,147.0823497769822,20,1,0,0,1.3981292414512287,0.2
4258,141.7901713069022,20,1,0,0,1.3815358637609978,0.2
4259,174.71194826332504,25,1,0,0,1.4527600328104948,0.2
4260,164.44807667376958,25,1,0,0,1.355896832372738,0.2
4261,191.0303853511845,34,1,0,0,1.4385947425579582,0.2
4262,167.39622006455252,21,1,0,0,1.4524682410057335,0.2
4263,152.06076463714305,22,1,0,0,1.339890869604573,0.2
4264,145.27211327149803,20,1,0,0,1.2934559881905177,0.2
4265,171.66248835080575,22,1,0,0,1.3613417354372113,0.2
4266,105.0708101055965,8,1,0,0,1.418257582087545,0.2
4267,117.5211493071549,14,1,0,0,1.4977869064518343,0.2
4268,213.4063867750137,38,1,0,0,1.4156903355458987,0.2
4269,163.02106587668882,25,1,0,0,1.4323763902674378,0.2
4270,241.01271518256766,43,1,0,0,1.377929236128105,0.2
4271,139.30765442461754,13,1,0,0,1.3226796875203555,0.2
4272,178.37075060152677,22,1,0,0,1.2672311993481442,0.2
4273,222.70942638781153,42,1,0,0,1.3500198787440298,0.2
4274,140.85857885097715,20,1,0,0,1.356702477614405,0.2
4275,166.59381690864882,26,1,0,0,1.3198093496937235,0.2
4276,160.61700242182616,24,1,0,0,1.2039305192009606,0.2
4277,193.93842545002911,24,1,0,0,1.3001597282370878,0.2
4278,171.08102358210215,23,1,0,0,1.3420921875331098,0.2
4279,159.312459554481,23,1,0,0,1.1078468891688131,0.2
4280,148.13268829148382,14,1,0,0,1.3179108054798405,0.2
4281,160.56918473036592,21,1,0,0,1.4270826530861214,0.2
4282,184.78968244537083,27,1,0,0,1.3438438916941102,0.2
4283,164.12048863175426,20,1,0,0,1.4640512662534046,0.2
4284,151.9748503268327,19,1,0,0,1.3798053851721934,0.2
4285,182.26474184921983,24,1,0,0,1.43915469049558,0.2
4286,182.62925281801594,27,1,0,0,1.3318787232724867,0.2
4287,142.60347107508352,12,1,0,0,1.3405957446408245,0.2
4288,100.0,1,1,0,0,1.4902893571532962,0.2
4289,171.8423848582309,23,1,0,0,1.439498168075485,0.2
4290,216.6735220146098,31,1,0,0,1.2859358386380992,0.2
4291,195.62513898118615,34,1,0,0,1.3962149501489847,0.2
4292,207.65528059613766,31,1,0,0,1.4518089936844256,0.2
4293,169.03957877577744,23,1,0,0,1.2209386726096834,0.2
4294,130.91593481683705,11,1,0,0,1.4317505247665379,0.2
4295,163.52316573126961,24,1,0,0,1.3318360580839927,0.2
4296,199.37264114659376,35,1,0,0,1.4994023047778624,0.2
4297,160.75002713932594,29,1,0,0,1.3189594320449538,0.2
4298,220.707970990975,45,1,0,0,1.3229571930011415,0.2
4299,226.86784174215518,37,1,0,0,1.3254177426734028,0.2
4300,224.9773759323725,41,1,0,0,1.439183265297398,0.2
4301,179.27554209093793,29,1,0,0,1.1663022224719435,0.2
4302,181.15722098383054,24,1,0,0,1.184852794955525,0.2
4303,160.37258816185724,19,1,0,0,1.3175734444595657,0.2
4304,192.53743872883632,25,1,0,0,1.3100329558046047,0.2
4305,176.71836639875562,24,1,0,0,1.4065356879005104,0.2
4306,164.02500951858252,20,1,0,0,1.2710881583998939,0.2
4307,168.4041360075824,26,1,0,0,1.2875535615062321,0.2
4308,189.26021400744122,25,1,0,0,1.377701750201052,0.2
4309,129.09973329732776,11,1,0,0,1.4778976985624073,0.2
4310,159.774169902332,23,1,0,0,1.2252114504120737,0.2
4311,140.32575943863932,15,1,0,0,1.4144124416841206,0.2
4312,147.12362543546453,16,1,0,0,1.4287268402611797,0.2
4313,193.59567989330833,34,1,0,0,1.2458200068512477,0.2
4314,98.4176993836142,171,1,0,0,1.4772545261886993,0.2
4315,149.9486339913933,19,1,0,0,1.3551297477800408,0.2
4316,146.17240441871218,26,1,0,0,1.4513906112541648,0.2
4317,129.32760159055226,23,1,0,0,1.2400398939177157,0.2
4318,189.641978773623,22,1,0,0,1.4946144725779613,0.2
4319,166.81547086507408,22,1,0,0,1.4881140627076492,0.2
4320,154.69120604327745,22,1,0,0,1.3506348042587732,0.2
4321,236.3111698100758,50,1,0,0,1.3317360123711124,0.2
4322,156.7212341329822,19,1,0,0,1.2235768036562418,0.2
4323,122.4513274280863,10,1,0,0,1.4755156534805276,0.2
4324,150.4002656692293,20,1,0,0,1.224723164589115,0.2
4325,174.1616718897939,22,1,0,0,1.3633666124075141,0.2
4326,126.14275156077186,14,1,0,0,1.4536390294619723,0.2
4327,133.83900738675555,12,1,0,0,1.4369678505329806,0.2
4328,170.37388463488074,27,1,0,0,1.3182972962036235,0.2
4329,215.88886415397724,35,1,0,0,1.2961663980024973,0.2
4330,156.01307638770558,18,1,0,0,1.2912728253365997,0.2
4331,211.70373982254043,41,1,0,0,1.2219860271641168,0.2
4332,171.7421852278126,26,1,0,0,1.403072942749097,0.2
4333,227.94992405042012,46,1,0,0,1.373864456373514,0.2
4334,202.786238318897,33,1,0,0,1.4955787190433496,0.2
4335,192.8530482609429,31,1,0,0,1.4817157134099737,0.2
4336,167.6818561868243,23,1,0,0,1.1848342357282375,0.2
4337,145.24589625462028,27,1,0,0,1.485688463740946,0.2
4338,151.5641699115765,18,1,0,0,1.2290577216679843,0.2
4339,168.21833467337234,26,1,0,0,1.3142000874404267,0.2
4340,172.1489201657866,20,1,0,0,1.3733973810781235,0.2
4341,144.1146769260032,25,1,0,0,1.3329972016899148,0.2
4342,229.4792522785704,41,1,0,0,1.4781545422100104,0.2
4343,175.34734421745605,24,1,0,0,1.3649621726737275,0.2
4344,112.21640635388692,4,1,0,0,1.1546574599541393,0.2
4345,146.32934873812496,18,1,0,0,1.4950832295906717,0.2
4346,159.1716955734761,23,1,0,0,1.3177009637225776,0.2
4347,281.5455421353963,57,1,0,0,1.407936916203452,0.2
4348,145.96683054978382,19,1,0,0,1.233027059515136,0.2
4349,174.7257157728756,27,1,0,0,1.3692555089358693,0.2
4350,187.62448405296098,26,1,0,0,1.2879106378310017,0.2
4351,174.4522875214356,21,1,0,0,1.3701076245524373,0.2
4352,202.81814201253331,30,1,0,0,1.4084770035620422,0.2
4353,151.94107261804749,15,1,0,0,1.2503682950104114,0.2
4354,139.69992261367136,21,1,0,0,1.3900240665747172,0.2
4355,-50.0,1,0,1,0,8.346628944865456,0.2
4356,170.57293148437196,22,1,0,0,1.209847270139784,0.2
4357,189.5449074689775,30,1,0,0,1.1377523311288684,0.2
4358,180.89903005606453,25,1,0,0,1.2786150184929987,0.2
4359,163.60109170834406,27,1,0,0,1.301438927381787,0.2
4360,250.4115744767249,57,1,0,0,1.2387575995963267,0.2
4361,153.7094074796318,16,1,0,0,1.3468846449729528,0.2
4362,182.13320644915723,26,1,0,0,1.2402523683138946,0.2
4363,174.02387635946437,28,1,0,0,1.3140099787489765,0.2
4364,170.8217997567644,21,1,0,0,1.0925622084076168,0.2
4365,129.2787710160214,12,1,0,0,1.3077664978040984,0.2
4366,166.38703913223316,26,1,0,0,1.4329693454113528,0.2
4367,186.68014604524996,23,1,0,0,1.170055452751703,0.2
4368,122.52001809252053,16,1,0,0,1.265674510763091,0.2
4369,145.7649187543076,16,1,0,0,1.2121818140450333,0.2
4370,190.01458587675154,31,1,0,0,1.3573586534691602,0.2
4371,181.80416201484866,28,1,0,0,1.3587968695728783,0.2
4372,-2.3364402061673744,200,0,0,1,2.7381304597823704,0.2
4373,157.455610034362,25,1,0,0,1.466514876294114,0.2
4374,205.4488134861453,30,1,0,0,1.4385311685275615,0.2
4375,212.56927082739776,37,1,0,0,1.3068299262034198,0.2
4376,129.61410138326835,13,1,0,0,1.0921757952788318,0.2
4377,176.28240895676157,24,1,0,0,1.3749326955494112,0.2
4378,171.70970124961377,26,1,0,0,1.2440948863418373,0.2
4379,127.11572633546037,10,1,0,0,1.3420428557943829,0.2
4380,118.24936165025062,7,1,0,0,1.3522520230677324,0.2
4381,155.06769903873976,16,1,0,0,1.4457672444586582,0.2
4382,134.08275634834388,15,1,0,0,1.1909256687973504,0.2
4383,192.73968784521514,28,1,0,0,1.221466819570001,0.2
4384,162.38042427091295,27,1,0,0,1.482587054391204,0.2
4385,211.46976447105095,34,1,0,0,1.4741743428054737,0.2
4386,160.16816455924425,66,1,0,0,1.303982467896462,0.2
4387,140.94137882055472,13,1,0,0,1.276390412640634,0.2
4388,145.42159491740657,20,1,0,0,1.286218177349813,0.2
4389,165.13758382092493,20,1,0,0,1.4214260071497238,0.2
4390,187.07284430878542,24,1,0,0,1.3669554224934608,0.2
4391,125.50697425006149,11,1,0,0,1.3014036293757665,0.2
4392,176.33160026089422,24,1,0,0,1.441928680334066,0.2
4393,186.42675387452593,24,1,0,0,1.2250156681448583,0.2
4394,268.6738506858774,61,1,0,0,1.3008303504856726,0.2
4395,143.5197766564752,19,1,0,0,1.2722497169639768,0.2
4396,190.68642844831913,77,1,0,0,1.4917093624054383,0.2
4397,163.31141317051316,19,1,0,0,1.4186208227124453,0.2
4398,192.4623039872588,28,1,0,0,1.2239109636910388,0.2
4399,196.0808294575025,34,1,0,0,1.4966109534995498,0.2
4400,205.02188033052042,40,1,0,0,1.2594640265588042,0.2
4401,105.66427372110975,6,1,0,0,1.4791863206766394,0.2
4402,163.79376106556015,20,1,0,0,1.4578361586073167,0.2
4403,141.9001043963745,15,1,0,0,1.2353048122740862,0.2
4404,164.13341572330012,22,1,0,0,1.2903486275971516,0.2
4405,170.35930418637975,18,1,0,0,1.161121039455683,0.2
4406,125.11302593605646,15,1,0,0,1.4005512847318646,0.2
4407,207.3807485969379,29,1,0,0,1.3494760680576994,0.2
4408,147.75170635238675,20,1,0,0,1.1848764995324799,0.2
4409,160.32683397637737,29,1,0,0,1.4646344330215533,0.2
4410,135.22797887657222,15,1,0,0,1.4573106915827443,0.2
4411,119.62878778409879,7,1,0,0,1.335106838972873,0.2
4412,189.07314731455114,33,1,0,0,1.2883295074425638,0.2
4413,174.3716545079924,26,1,0,0,1.4430119353021669,0.2
4414,217.69209489358917,43,1,0,0,1.3764717535915103,0.2
4415,260.3859985259561,52,1,0,0,1.3580038811528277,0.2
4416,174.23832022148247,21,1,0,0,1.409202077295445,0.2
4417,172.16404829935917,24,1,0,0,1.3713412080433878,0.2
4418,226.68980841737863,47,1,0,0,1.3917648896605812,0.2
4419,201.9583907390281,28,1,0,0,1.4080963096141572,0.2
4420,170.61935367692632,21,1,0,0,1.2700310102649663,0.2
4421,183.46644406674818,27,1,0,0,1.4150540267686413,0.2
4422,228.1074330670958,39,1,0,0,1.400854443689627,0.2
4423,182.16247623227952,30,1,0,0,1.3374100633341561,0.2
4424,149.90425736152417,16,1,0,0,1.4916684302372216,0.2
4425,209.81271406692218,32,1,0,0,1.3005454571513044,0.2
4426,176.91586441165612,25,1,0,0,1.3585808562568074,0.2
4427,169.6486472692436,25,1,0,0,1.4482652399080442,0.2
4428,122.24624943832949,147,1,0,0,1.4437637211225596,0.2
4429,164.11307227241895,19,1,0,0,1.4427602979826297,0.2
4430,181.00764520629673,34,1,0,0,1.388384930043869,0.2
4431,141.20613059069865,17,1,0,0,1.197590803139845,0.2
4432,202.0500278290589,35,1,0,0,1.4893743094938856,0.2
4433,184.55002665084243,23,1,0,0,1.156013653670097,0.2
4434,187.1803261364314,28,1,0,0,1.3818369226042828,0.2
4435,165.4231888296572,24,1,0,0,1.2664800134746232,0.2
4436,115.8536437980274,8,1,0,0,1.2038858846714897,0.2
4437,134.71958715000395,14,1,0,0,1.222164892229814,0.2
4438,180.91803579244095,30,1,0,0,1.3438775781447097,0.2
4439,151.50749581519426,20,1,0,0,1.3318526273253608,0.2
4440,114.74966476788316,6,1,0,0,1.4319475821384513,0.2
4441,161.83316814844446,20,1,0,0,1.3402036962319506,0.2
4442,151.2170934139064,16,1,0,0,1.2986953458730135,0.2
4443,177.71755420351508,24,1,0,0,1.3452816601920043,0.2
4444,226.78275008960742,38,1,0,0,1.312876868863546,0.2
4445,193.5172622739924,38,1,0,0,1.2924561099700267,0.2
4446,239.16949593025006,49,1,0,0,1.349491864846785,0.2
4447,172.39900097098456,21,1,0,0,1.3617453713014238,0.2
4448,128.3780877592153,10,1,0,0,1.4224071170905805,0.2
4449,-87.49718374564385,200,0,0,1,2.403646525152396,0.2
4450,122.65672991601136,12,1,0,0,1.4125406330736696,0.2
4451,158.5692293945246,25,1,0,0,1.4022656277702128,0.2
4452,-50.0,1,0,1,0,8.685651962128421,0.2
4453,190.67685007647958,27,1,0,0,1.4624632974635803,0.2
4454,166.01510190671326,24,1,0,0,1.4112782442548906,0.2
4455,147.24884028887098,20,1,0,0,1.2244841930833708,0.2
4456,145.30582821917525,17,1,0,0,1.468336491957754,0.2
4457,212.98549956172525,31,1,0,0,1.2867233891839196,0.2
4458,161.9481998201417,22,1,0,0,1.4877389577427031,0.2
4459,166.3870611638267,21,1,0,0,1.1935769638430316,0.2
4460,161.2124398605427,15,1,0,0,1.367101690644978,0.2
4461,243.67794010625045,48,1,0,0,1.4964900520575626,0.2
4462,232.78179043475035,45,1,0,0,1.4380019400142252,0.2
4463,-50.0,1,0,1,0,3.562410633914815,0.2
4464,173.18202371669173,27,1,0,0,1.4860499233845577,0.2
4465,153.00341301198014,22,1,0,0,1.4180508600163986,0.2
4466,171.380874467641,21,1,0,0,1.3419808192068152,0.2
4467,122.51194558247626,12,1,0,0,1.27781727907356,0.2
4468,198.43882946241388,27,1,0,0,1.2095244332614126,0.2
4469,210.3232079555409,38,1,0,0,1.4527597454370256,0.2
4470,169.50134330349152,19,1,0,0,1.3212613421117445,0.2
4471,245.94288836999982,53,1,0,0,1.429050343539164,0.2
4472,124.16538206606526,8,1,0,0,1.4648426639908396,0.2
4473,179.09564557890536,26,1,0,0,1.055134857942489,0.2
4474,177.7371036953268,25,1,0,0,1.114740713240713,0.2
4475,254.37579535347322,58,1,0,0,1.2563600809740285,0.2
4476,146.13389560700955,13,1,0,0,1.1484702176533164,0.2
4477,132.79870138943056,10,1,0,0,1.2404091209889863,0.2
4478,160.36579675220108,25,1,0,0,1.3096599592263196,0.2
4479,143.78780174539827,17,1,0,0,1.340025450013441,0.2
4480,142.13902621649527,14,1,0,0,1.1819038907124084,0.2
4481,204.41258039857195,24,1,0,0,1.4911807011817804,0.2
4482,200.49484957613186,28,1,0,0,1.4626862924480475,0.2
4483,191.2061039313615,37,1,0,0,1.2912710606071185,0.2
4484,176.5416844373138,22,1,0,0,1.4382050658022765,0.2
4485,175.11536473708384,32,1,0,0,1.085401357141877,0.2
4486,207.2522979085481,39,1,0,0,1.4790589867963617,0.2
4487,134.98437724595584,13,1,0,0,1.4787670538427946,0.2
4488,135.00282524720097,12,1,0,0,1.2153288334605656,0.2
4489,127.4544433922422,11,1,0,0,1.4028134457974808,0.2
4490,199.894717448491,29,1,0,0,1.3519419496072305,0.2
4491,153.4324059417237,24,1,0,0,1.3241584548307197,0.2
4492,155.59095309032853,24,1,0,0,1.1239536345940426,0.2
4493,173.95072096573244,29,1,0,0,1.0801106232897557,0.2
4494,160.80856047714886,24,1,0,0,1.4283394883556753,0.2
4495,176.28679622521156,23,1,0,0,1.3046549317102154,0.2
4496,192.87949247048982,28,1,0,0,1.0923001902155054,0.2
4497,217.08018925118472,35,1,0,0,1.4698104512667687,0.2
4498,174.73361652328273,25,1,0,0,1.376475825494099,0.2
4499,183.13012646462403,27,1,0,0,1.336708909485559,0.2
4500,149.38039234957657,19,1,0,0,1.2955502612499166,0.2
4501,178.68778779979868,20,1,0,0,1.4249665088480798,0.2
4502,161.3750567322712,23,1,0,0,1.3178313523879475,0.2
4503,205.32543996182778,33,1,0,0,1.283640429329425,0.2
4504,255.93553079237716,54,1,0,0,1.4368710513097318,0.2
4505,232.4142154185469,45,1,0,0,1.30779374571158,0.2
4506,160.34681654623816,21,1,0,0,1.318659550154062,0.2
4507,183.795135429122,25,1,0,0,1.4638745700170257,0.2
4508,164.4182497409941,22,1,0,0,1.466954726880662,0.2
4509,139.3303861470081,16,1,0,0,1.2645495922979162,0.2
4510,201.63014673931644,38,1,0,0,1.3945090151453767,0.2
4511,173.76577206353733,28,1,0,0,1.382792204384487,0.2
4512,137.76243960790322,13,1,0,0,1.388253062881383,0.2
4513,123.81153357233114,11,1,0,0,1.3926810951219224,0.2
4514,230.6189812685614,45,1,0,0,1.475539137755538,0.2
4515,199.51975066354606,30,1,0,0,1.3531790481846562,0.2
4516,171.6245758193901,25,1,0,0,1.292885761155574,0.2
4517,150.71924673747307,18,1,0,0,1.31179251421051,0.2
4518,198.00513452917846,28,1,0,0,1.3989299457681732,0.2
4519,187.30665509621653,23,1,0,0,1.3201180766707918,0.2
4520,178.4345773149205,23,1,0,0,1.4653376849839654,0.2
4521,180.78416283673113,24,1,0,0,1.441045218907145,0.2
4522,185.0866275984693,23,1,0,0,1.239037806449476,0.2
4523,169.1169744983634,23,1,0,0,1.1960579018696011,0.2
4524,152.5380464490873,22,1,0,0,1.492267900985635,0.2
4525,-50.0,1,0,1,0,2.8286420012623923,0.2
4526,205.64874328254422,33,1,0,0,1.296782805939404,0.2
4527,182.54208805066173,23,1,0,0,1.183849472078392,0.2
4528,170.41066917398126,26,1,0,0,1.4797876851207383,0.2
4529,204.31575392421146,30,1,0,0,1.4301791417792291,0.2
4530,161.7136905204453,18,1,0,0,1.4006338522894517,0.2
4531,149.23975663657208,14,1,0,0,1.3130250206591043,0.2
4532,202.46550360012918,32,1,0,0,1.3894834431178533,0.2
4533,-3.979527066795484,15,0,1,0,4.958999476520869,0.2
4534,154.4952548425331,22,1,0,0,1.0964117621360048,0.2
4535,141.77220875385336,20,1,0,0,1.384813836906474,0.2
4536,183.7415740585872,24,1,0,0,1.265396104159664,0.2
4537,182.0808820074178,28,1,0,0,1.1781131286936435,0.2
4538,158.14257003221906,19,1,0,0,1.2490892004685912,0.2
4539,182.7442749882751,26,1,0,0,1.3411549458261212,0.2
4540,235.69257642874422,47,1,0,0,1.46675337406613,0.2
4541,189.62796724068335,29,1,0,0,1.1933329973055047,0.2
4542,136.90878510850266,14,1,0,0,1.3452160366565893,0.2
4543,152.7497563918336,20,1,0,0,1.3003236671912457,0.2
4544,166.05807118068154,20,1,0,0,1.2963011307115357,0.2
4545,152.35655858466185,20,1,0,0,1.442569492915912,0.2
4546,231.27047158589755,50,1,0,0,1.3102756407470313,0.2
4547,204.50070723917128,26,1,0,0,1.3815753648275104,0.2
4548,191.9523128833364,35,1,0,0,1.4226119598226996,0.2
4549,155.6882551827912,19,1,0,0,1.4470013381622087,0.2
4550,128.1681573619028,21,1,0,0,1.4522328998798009,0.2
4551,149.08585420243554,18,1,0,0,1.249709965545094,0.2
4552,199.83663024442657,31,1,0,0,1.2434229560423251,0.2
4553,140.3656104867814,24,1,0,0,1.2743919413429554,0.2
4554,250.9782681193424,53,1,0,0,1.2937504534757016,0.2
4555,219.1995224235284,40,1,0,0,1.289264332371847,0.2
4556,170.12024439774416,19,1,0,0,1.462511209555857,0.2
4557,131.48388944963983,10,1,0,0,1.3465959787040105,0.2
4558,168.99237038486257,20,1,0,0,1.2062552660841674,0.2
4559,-11.120198626091936,200,0,0,1,2.635552539507022,0.2
4560,157.9640511935368,22,1,0,0,1.4379315786194133,0.2
4561,181.5448859759254,30,1,0,0,1.4584123329325525,0.2
4562,-50.0,1,0,1,0,2.9778699675980898,0.2
4563,208.58498826289537,28,1,0,0,1.1577690158627079,0.2
4564,148.65989170551376,20,1,0,0,1.2912081761710623,0.2
4565,172.56955245905075,19,1,0,0,1.212047056962989,0.2
4566,174.93584738925608,25,1,0,0,1.34003859681286,0.2
4567,223.36057896879663,44,1,0,0,1.2549623915659176,0.2
4568,180.4054886732162,24,1,0,0,1.4570362249598952,0.2
4569,179.79867061414788,22,1,0,0,1.3886542470835785,0.2
4570,154.90814122892047,23,1,0,0,1.3647823792045863,0.2
4571,152.66624890512284,21,1,0,0,1.2414831118604472,0.2
4572,156.99634400432348,24,1,0,0,1.2911973126185607,0.2
4573,149.9954013553953,20,1,0,0,1.218693657742789,0.2
4574,22.106819838384432,200,0,0,1,2.1366706471534456,0.2
4575,143.85672090895946,13,1,0,0,1.4986693759447698,0.2
4576,152.10997261504508,19,1,0,0,1.2407559206153795,0.2
4577,109.44893843673496,9,1,0,0,1.264602338879783,0.2
4578,-50.0,1,0,1,0,2.468657157299267,0.2
4579,194.34912172253465,28,1,0,0,1.4193689944138255,0.2
4580,146.15431172893582,16,1,0,0,1.4584530973371792,0.2
4581,158.3862441302738,22,1,0,0,1.3730920269860634,0.2
4582,170.88003259877354,28,1,0,0,1.3184496822222307,0.2
4583,181.34524253994198,24,1,0,0,1.338440780568436,0.2
4584,162.14999772443542,21,1,0,0,1.431765481508851,0.2
4585,165.35545136943932,29,1,0,0,1.4523661372417704,0.2
4586,193.50810918906294,34,1,0,0,1.4042205013943492,0.2
4587,215.36338634453955,32,1,0,0,1.2957787465545807,0.2
4588,132.8399607637375,40,1,0,0,1.4809161026258533,0.2
4589,-50.0,1,0,1,0,2.146132152844251,0.2
4590,180.25604081645412,27,1,0,0,1.3043870739768124,0.2
4591,186.08629671764422,24,1,0,0,1.3978481899205562,0.2
4592,126.23369531588679,11,1,0,0,1.3516030819831983,0.2
4593,157.30866545549924,20,1,0,0,1.334879623364178,0.2
4594,148.0427072599002,16,1,0,0,1.2909932481187765,0.2
4595,124.3132359497324,8,1,0,0,1.1091993207903654,0.2
4596,141.97650578053373,18,1,0,0,1.350075911416009,0.2
4597,149.39465338644712,15,1,0,0,1.2104612530930496,0.2
4598,182.40921303848688,25,1,0,0,1.4451502277396215,0.2
4599,212.51314510931707,44,1,0,0,1.245907672466343,0.2
4600,160.7559875826713,23,1,0,0,1.4942119469019002,0.2
4601,192.63928700804973,27,1,0,0,1.3321036290227963,0.2
4602,145.1695327738325,14,1,0,0,1.1116711930406955,0.2
4603,153.21982866279834,19,1,0,0,1.3960602601625682,0.2
4604,-50.0,1,0,1,0,3.3240681506429746,0.2
4605,157.30247942142825,16,1,0,0,1.2731786736141395,0.2
4606,-50.0,1,0,1,0,6.071487669602338,0.2
4607,242.4535612092015,49,1,0,0,1.3484055277381342,0.2
4608,224.34730432660348,40,1,0,0,1.4725460922131663,0.2
4609,172.13032445871437,20,1,0,0,1.292206120384819,0.2
4610,221.34081092506221,44,1,0,0,1.4466542560658966,0.2
4611,257.8802025728977,56,1,0,0,1.2387369161025938,0.2
4612,152.57905357948798,17,1,0,0,1.194876372071064,0.2
4613,154.82991629648546,13,1,0,0,1.463556669870648,0.2
4614,-20.21222778080391,13,0,1,0,5.5133732792042,0.2
4615,202.84317075575666,29,1,0,0,1.4879050345476819,0.2
4616,170.49125830286567,26,1,0,0,1.2659374908603473,0.2
4617,203.44133670376954,36,1,0,0,1.3688020901474527,0.2
4618,190.6689044803876,24,1,0,0,1.4781272694592085,0.2
4619,152.4019983133947,16,1,0,0,1.211775749884229,0.2
4620,159.28869040221213,18,1,0,0,1.2575650390635684,0.2
4621,191.6450923332573,37,1,0,0,1.3603935070881392,0.2
4622,164.07781953389048,24,1,0,0,1.3084854638974432,0.2
4623,211.4699476465628,35,1,0,0,1.452226115342277,0.2
4624,150.3340803718637,19,1,0,0,1.2638667581874556,0.2
4625,195.8235951744078,26,1,0,0,1.3268812449024134,0.2
4626,190.30924309711116,24,1,0,0,1.4327404467502536,0.2
4627,144.5051213060828,20,1,0,0,1.2392009672723612,0.2
4628,168.83769096468114,23,1,0,0,1.450930020783688,0.2
4629,171.23939400793304,21,1,0,0,1.2020379835094919,0.2
4630,207.18917776358444,34,1,0,0,1.2970966890326494,0.2
4631,134.6837193628021,12,1,0,0,1.2937784862459967,0.2
4632,171.2352233031221,25,1,0,0,1.4734539998040879,0.2
4633,157.97087271360027,20,1,0,0,1.3162600082013205,0.2
4634,180.05234010338685,26,1,0,0,1.329493415809086,0.2
4635,132.76196986402843,14,1,0,0,1.179707108848421,0.2
4636,165.7767985556188,24,1,0,0,1.4451703707800447,0.2
4637,137.23962322764342,13,1,0,0,1.4577343720914433,0.2
4638,196.8030871667417,29,1,0,0,1.058003937287064,0.2
4639,259.06572019046484,58,1,0,0,1.4591812218605469,0.2
4640,2.441539174713919,200,0,0,1,1.7687599083456897,0.2
4641,192.41115274921515,34,1,0,0,1.21665939416209,0.2
4642,147.50099571060832,19,1,0,0,1.1008663075451681,0.2
4643,-24.652266092542373,9,0,1,0,7.046687430248512,0.2
4644,242.36397060820687,42,1,0,0,1.3318443871292927,0.2
4645,188.9247818739101,29,1,0,0,1.231715632778043,0.2
4646,-50.0,1,0,1,0,5.607604159714691,0.2
4647,131.14181552854495,16,1,0,0,1.3506891081461927,0.2
4648,201.05352175482574,35,1,0,0,1.4791853479853339,0.2
4649,152.89516667038043,19,1,0,0,1.3782916805484302,0.2
4650,222.82458708200448,39,1,0,0,1.4513049491047312,0.2
4651,137.26869311922863,12,1,0,0,1.497851939095723,0.2
4652,152.7502287886686,16,1,0,0,1.181468885860401,0.2
4653,206.39826886721076,31,1,0,0,1.2737536868646333,0.2
4654,180.46172333386613,27,1,0,0,1.4150192435576951,0.2
4655,186.1779345738839,26,1,0,0,1.1857149087906553,0.2
4656,152.44489763716928,25,1,0,0,1.4104762155062252,0.2
4657,192.32157763621063,28,1,0,0,1.3300489305764316,0.2
4658,216.8788208305897,37,1,0,0,1.341835816011629,0.2
4659,225.65028257994277,44,1,0,0,1.4907346370561467,0.2
4660,12.592210490127684,200,0,0,1,2.0873288761837085,0.2
4661,165.29100198368903,16,1,0,0,1.3229284469541767,0.2
4662,158.15562549147762,23,1,0,0,1.3771040531090137,0.2
4663,133.59490593806868,16,1,0,0,1.3160821018088773,0.2
4664,134.9144830044985,17,1,0,0,1.4932092897590714,0.2
4665,191.28317154734603,24,1,0,0,1.4581412678462211,0.2
4666,148.88618542730362,16,1,0,0,1.280051946668145,0.2
4667,124.62267665069803,15,1,0,0,1.2021655369857829,0.2
4668,196.60434131714013,26,1,0,0,1.3729484299566108,0.2
4669,234.1739638879622,51,1,0,0,1.0946427869782185,0.2
4670,161.86060915855592,24,1,0,0,1.1960426641692798,0.2
4671,188.84099498742637,33,1,0,0,1.3825420189441748,0.2
4672,193.89064403733138,22,1,0,0,1.3761092267583588,0.2
4673,191.72621834466793,29,1,0,0,1.4839240622877972,0.2
4674,186.18031764598436,26,1,0,0,1.4338715025034636,0.2
4675,148.00915960409213,13,1,0,0,1.4303629199488015,0.2
4676,-50.0,1,0,1,0,6.35909943438681,0.2
4677,139.87539407369835,17,1,0,0,1.461047450182665,0.2
4678,200.4685393426941,38,1,0,0,1.4303768818894258,0.2
4679,155.46307876099695,22,1,0,0,1.1340004999859468,0.2
4680,153.31476061866886,19,1,0,0,1.4501907055009535,0.2
4681,203.7914887871123,32,1,0,0,1.4717822356717158,0.2
4682,179.92144066014225,39,1,0,0,1.4758551245470422,0.2
4683,154.1167765256651,21,1,0,0,1.2198036233219702,0.2
4684,187.88770990019736,25,1,0,0,1.3487658865227337,0.2
4685,126.35940969913706,17,1,0,0,1.435150445665769,0.2
4686,152.2816455582031,49,1,0,0,1.4451060774149715,0.2
4687,169.68232739060363,24,1,0,0,1.1868028401017008,0.2
4688,177.17881348954936,26,1,0,0,1.333577978832635,0.2
4689,161.47997002768398,24,1,0,0,1.4068112436050682,0.2
4690,187.36833809556967,24,1,0,0,1.1910730616602683,0.2
4691,254.3633163831517,51,1,0,0,1.3859433579298455,0.2
4692,136.63062232976807,14,1,0,0,1.4900401611146725,0.2
4693,156.50018094796593,17,1,0,0,1.4262492937571032,0.2
4694,211.38385013850547,37,1,0,0,1.4039288151918166,0.2
4695,124.60413825133556,8,1,0,0,1.3774135395810114,0.2
4696,171.65850966544104,24,1,0,0,1.0953656909625087,0.2
4697,197.02870861144504,33,1,0,0,1.333172220500786,0.2
4698,158.81618580473372,24,1,0,0,1.489591833541283,0.2
4699,150.87702931805467,16,1,0,0,1.23455989211737,0.2
4700,176.3494470282822,24,1,0,0,1.2867360166059167,0.2
4701,206.98956614525326,31,1,0,0,1.2766298690252014,0.2
4702,172.71117368320608,26,1,0,0,1.4043237243947317,0.2
4703,233.1707143435478,42,1,0,0,1.4880172665088305,0.2
4704,145.31171307858992,16,1,0,0,1.240372901984584,0.2
4705,176.51174329580778,20,1,0,0,1.3014152113735085,0.2
4706,160.0647624900666,16,1,0,0,1.2673850792789898,0.2
4707,154.92506701903267,17,1,0,0,1.449812944343016,0.2
4708,129.50362385776162,15,1,0,0,1.4977682076630803,0.2
4709,220.45569528521057,39,1,0,0,1.347479269354364,0.2
4710,245.005847857905,49,1,0,0,1.3770051402174621,0.2
4711,156.85719883225246,19,1,0,0,1.348764703313062,0.2
4712,217.97778505866444,42,1,0,0,1.3407496422467537,0.2
4713,146.12915258179152,21,1,0,0,1.4764013218033172,0.2
4714,111.35274081789763,8,1,0,0,1.2366165648073604,0.2
4715,126.41990333798279,17,1,0,0,1.3386327277906025,0.2
4716,240.57056843757428,52,1,0,0,1.4348338441259672,0.2
4717,178.81109436181004,28,1,0,0,1.2919184641275419,0.2
4718,180.66047106140195,23,1,0,0,1.2213995749398752,0.2
4719,187.90892694628764,24,1,0,0,1.3979240293547814,0.2
4720,146.6539789126212,21,1,0,0,1.446585708255009,0.2
4721,-50.0,1,0,1,0,3.0440281822432733,0.2
4722,240.12616363628365,51,1,0,0,1.4298050920444205,0.2
4723,166.84102825746612,19,1,0,0,1.4970280172646704,0.2
4724,185.35380754993463,23,1,0,0,1.43753934096084,0.2
4725,163.73928966924979,32,1,0,0,1.4632272840902922,0.2
4726,204.87066750383065,33,1,0,0,1.2741190727252834,0.2
4727,155.27410257937203,19,1,0,0,1.2356753676588594,0.2
4728,131.57420195503573,15,1,0,0,1.2754314176576158,0.2
4729,200.72969742750888,27,1,0,0,1.3964855588927043,0.2
4730,169.36559534170618,22,1,0,0,1.2133866449043962,0.2
4731,182.5494124148897,27,1,0,0,1.3908872638236505,0.2
4732,150.05281980001712,33,1,0,0,1.396836608282651,0.2
4733,161.5646077185071,22,1,0,0,1.480709686261083,0.2
4734,174.4547857058639,23,1,0,0,1.4582069077840882,0.2
4735,187.9419929288012,26,1,0,0,1.4575619053184288,0.2
4736,178.99966941830615,23,1,0,0,1.4009674441398827,0.2
4737,133.98235626854236,17,1,0,0,1.4420919953216444,0.2
4738,176.8603639102191,23,1,0,0,1.3763351385158684,0.2
4739,145.15853282522988,169,1,0,0,1.164259962844091,0.2
4740,165.65831768047474,23,1,0,0,1.4022832436550998,0.2
4741,207.63235810721048,30,1,0,0,1.4186368973188674,0.2
4742,210.96426774309447,25,1,0,0,1.2190508505837303,0.2
4743,191.69371083953644,32,1,0,0,1.3639779439743036,0.2
4744,188.54031116510527,22,1,0,0,1.3779249377333302,0.2
4745,127.54246033292509,9,1,0,0,1.2908664404824892,0.2
4746,192.00836172306157,33,1,0,0,1.4283830585253026,0.2
4747,201.83449575056505,28,1,0,0,1.3733609690351174,0.2
4748,183.48888272349674,26,1,0,0,1.400312175764354,0.2
4749,112.22710616668125,5,1,0,0,1.2651467188153778,0.2
4750,197.26186534958148,28,1,0,0,1.183854610059798,0.2
4751,158.15843261296118,25,1,0,0,1.3147574526369732,0.2
4752,205.14782247870977,32,1,0,0,1.1428821700973886,0.2
4753,228.1400882794686,41,1,0,0,1.3512956886141196,0.2
4754,154.0831534362702,23,1,0,0,1.299388158294406,0.2
4755,160.60924340737876,25,1,0,0,1.3510910627988177,0.2
4756,173.82168716452986,24,1,0,0,1.306559507797532,0.2
4757,177.8868837390107,25,1,0,0,1.3817122267799793,0.2
4758,170.19970016672352,25,1,0,0,1.444345860212985,0.2
4759,250.18686596857125,55,1,0,0,1.418890306061489,0.2
4760,163.43022128727546,22,1,0,0,1.4057139865262516,0.2
4761,156.78981049538555,20,1,0,0,1.3153542863498182,0.2
4762,155.52217962427375,23,1,0,0,1.414067581623877,0.2
4763,180.7154713334295,24,1,0,0,1.291707276797613,0.2
4764,179.52855187744933,31,1,0,0,1.1923051673587886,0.2
4765,172.87249901711633,28,1,0,0,1.1415881826859302,0.2
4766,213.59494442662495,42,1,0,0,1.4274147705885532,0.2
4767,177.97930555867185,23,1,0,0,1.4541850627810602,0.2
4768,197.37925124761603,26,1,0,0,1.2167003780329553,0.2
4769,158.94592595377657,22,1,0,0,1.4384077182854518,0.2
4770,-8.31376939217308,200,0,0,1,2.2439122984841204,0.2
4771,186.8908177210286,24,1,0,0,1.0349845494451564,0.2
4772,157.3583938385825,17,1,0,0,1.4080623848570588,0.2
4773,191.05995238794392,26,1,0,0,1.4464622349792773,0.2
4774,217.65550528755642,36,1,0,0,1.2720958466418613,0.2
4775,208.4824412534532,32,1,0,0,1.1805302367778492,0.2
4776,197.87488865642376,29,1,0,0,1.4231182602640002,0.2
4777,182.36975113240447,27,1,0,0,1.4188955721270085,0.2
4778,147.86995446481896,21,1,0,0,1.2479611420756849,0.2
4779,185.59689143725961,28,1,0,0,1.4747482016779694,0.2
4780,100.0,1,1,0,0,0.71418947610263,0.2
4781,135.90043725319828,12,1,0,0,1.357024131256628,0.2
4782,189.47981155529797,28,1,0,0,1.4448563713481017,0.2
4783,188.66483364294032,31,1,0,0,1.4952992593229077,0.2
4784,181.35461355697078,29,1,0,0,1.1953265288885018,0.2
4785,195.49356125027427,28,1,0,0,1.4306338773257403,0.2
4786,178.53674057747298,29,1,0,0,1.4886535063849151,0.2
4787,162.02024604031408,19,1,0,0,1.4200898411566123,0.2
4788,189.37480021540176,29,1,0,0,1.3123797136739865,0.2
4789,161.1900585326908,24,1,0,0,1.2236608652794958,0.2
4790,179.28545043818863,23,1,0,0,1.153337095197839,0.2
4791,143.85567942247707,15,1,0,0,1.3434834993223441,0.2
4792,158.8765155270058,21,1,0,0,1.4859247609652524,0.2
4793,104.58384058470523,3,1,0,0,1.3520269793899078,0.2
4794,167.79997213122562,24,1,0,0,1.3086771843296487,0.2
4795,158.62992961587483,18,1,0,0,1.309437069138371,0.2
4796,164.89523920854924,18,1,0,0,1.2451620448055967,0.2
4797,169.18214122219945,24,1,0,0,1.2600117185691881,0.2
4798,193.95090047576002,26,1,0,0,1.1093940865918208,0.2
4799,118.78814291895962,8,1,0,0,1.3076794296956615,0.2
4800,191.94018718673013,25,1,0,0,1.3607696098157935,0.2
4801,175.10625878867978,24,1,0,0,1.2165889076717227,0.2
4802,205.3799146730833,40,1,0,0,1.3194787191694861,0.2
4803,145.4638709558542,20,1,0,0,1.1979642644139015,0.2
4804,184.20672683300936,24,1,0,0,1.1766910932895058,0.2
4805,185.53173816812964,22,1,0,0,1.2087173264423716,0.2
4806,162.23848830668257,24,1,0,0,1.3597303790918716,0.2
4807,138.48627376381302,13,1,0,0,1.3737324605632155,0.2
4808,173.7160700367482,21,1,0,0,1.1765338054899432,0.2
4809,163.215120578163,23,1,0,0,1.4089763285478285,0.2
4810,-50.0,1,0,1,0,9.249682844718686,0.2
4811,182.03220672437723,24,1,0,0,1.3866486733936756,0.2
4812,157.28902121067114,18,1,0,0,1.43439727815656,0.2
4813,166.49948685086207,22,1,0,0,1.2975441152101892,0.2
4814,214.89124470256286,40,1,0,0,1.3722797304860825,0.2
4815,248.59639176947522,41,1,0,0,1.4159947582192514,0.2
4816,160.85384973113122,22,1,0,0,1.2105470541800112,0.2
4817,-50.0,1,0,1,0,1.765800638511793,0.2
4818,145.2050620082912,14,1,0,0,1.4067419966550778,0.2
4819,150.6133763033168,21,1,0,0,1.2674762576851986,0.2
4820,223.7732129096068,39,1,0,0,1.3045163570343965,0.2
4821,171.79363288567856,26,1,0,0,1.295284179798445,0.2
4822,204.09146437487115,27,1,0,0,1.3639846172728534,0.2
4823,229.35428413788952,47,1,0,0,1.4001049345420102,0.2
4824,39.858641528949214,200,0,0,1,2.07712427472137,0.2
4825,203.33489225146388,30,1,0,0,1.4392612378468297,0.2
4826,179.74381699158496,23,1,0,0,1.4799962468668115,0.2
4827,144.12503722429545,15,1,0,0,1.246677833684634,0.2
4828,144.8783963641112,15,1,0,0,1.1213721776763927,0.2
4829,222.31909182318972,45,1,0,0,1.2811497387167328,0.2
4830,156.83939663602004,17,1,0,0,1.3187694936560228,0.2
4831,155.8487331464671,22,1,0,0,1.424035786671152,0.2
4832,198.71255909012814,29,1,0,0,1.3603893500506457,0.2
4833,174.59753730284228,22,1,0,0,1.208653025633941,0.2
4834,183.20034359864272,24,1,0,0,1.2382889296037811,0.2
4835,161.20191010544224,18,1,0,0,1.407032304471887,0.2
4836,151.7245853537286,22,1,0,0,1.0328914703021206,0.2
4837,186.68681628405602,27,1,0,0,1.3864008912548542,0.2
4838,165.58302844494702,23,1,0,0,1.4512072459684349,0.2
4839,188.36803354270864,27,1,0,0,1.2843221446332564,0.2
4840,159.39990017594246,25,1,0,0,1.4428186879066598,0.2
4841,111.64520070998466,4,1,0,0,1.438928204747248,0.2
4842,154.1559479945996,14,1,0,0,1.350234819279948,0.2
4843,179.7461092712574,30,1,0,0,1.3629055748190286,0.2
4844,182.25761958713412,24,1,0,0,1.3316674167291764,0.2
4845,178.7256479181458,29,1,0,0,1.2044862037867294,0.2
4846,165.99529045184556,21,1,0,0,1.4777130974780144,0.2
4847,155.9827131379746,27,1,0,0,1.4769626555550084,0.2
4848,160.36030475281692,25,1,0,0,1.3103717221562041,0.2
4849,209.645068521758,26,1,0,0,1.1944491597363847,0.2
4850,-6.676155145538292,200,0,0,1,2.0869452237202637,0.2
4851,190.3840510699692,27,1,0,0,1.3273621814492622,0.2
4852,138.7606026863271,15,1,0,0,1.2438454463006734,0.2
4853,221.04959829252925,44,1,0,0,1.33054426428409,0.2
4854,-50.0,1,0,1,0,7.71244846697607,0.2
4855,161.79959423744936,21,1,0,0,1.286434844829436,0.2
4856,168.4171420002474,20,1,0,0,1.4122127004538991,0.2
4857,100.0,1,1,0,0,1.482836799699372,0.2
4858,181.35906016318455,25,1,0,0,1.1864889876134894,0.2
4859,164.7449271214088,42,1,0,0,1.3762732636588286,0.2
4860,171.29930561381087,20,1,0,0,1.2108239118177977,0.2
4861,185.15087351644593,22,1,0,0,1.3710777493279769,0.2
4862,157.79062736123728,24,1,0,0,1.4521936241911333,0.2
4863,216.46852761430114,36,1,0,0,1.4903690300737347,0.2
4864,156.4831579060393,17,1,0,0,1.2724573531804257,0.2
4865,187.6220808076169,111,1,0,0,1.490436073450391,0.2
4866,158.7537792503845,17,1,0,0,1.4170781291293044,0.2
4867,154.90524955852032,22,1,0,0,1.2462417903071583,0.2
4868,162.40838286660107,16,1,0,0,1.4297194853269533,0.2
4869,153.9297661501748,31,1,0,0,1.3721514128391024,0.2
4870,160.75053115071282,20,1,0,0,1.4648341480050429,0.2
4871,128.8506127052519,12,1,0,0,1.3464846992455373,0.2
4872,195.4230995989967,39,1,0,0,1.362954893489672,0.2
4873,213.51245732653817,43,1,0,0,1.4521375501349338,0.2
4874,157.29334823763043,16,1,0,0,1.3171288126077554,0.2
4875,179.07425064732368,27,1,0,0,1.2997084791983562,0.2
4876,191.8107539372661,31,1,0,0,1.389669665179905,0.2
4877,162.910733985387,21,1,0,0,1.3794679042523745,0.2
4878,154.9427974236814,25,1,0,0,1.3727265126946377,0.2
4879,174.88866018088373,21,1,0,0,1.3341832569912497,0.2
4880,162.03451781462311,24,1,0,0,1.3619069934310701,0.2
4881,183.37878994353494,31,1,0,0,1.2762976646147663,0.2
4882,156.1347090194941,26,1,0,0,1.3627721721185337,0.2
4883,128.2013124463023,12,1,0,0,1.313494947849991,0.2
4884,147.35387066309363,18,1,0,0,1.2823569296137427,0.2
4885,158.48778641148903,24,1,0,0,1.4521937544256285,0.2
4886,178.22914168905845,23,1,0,0,1.31669678196388,0.2
4887,167.17205818143555,25,1,0,0,1.3252774382933499,0.2
4888,111.31775363528601,6,1,0,0,1.4002050771108938,0.2
4889,189.2976382995887,23,1,0,0,1.3511340122416144,0.2
4890,204.46628625227066,32,1,0,0,1.2769120864779435,0.2
4891,175.25795788114456,26,1,0,0,1.3839924966473245,0.2
4892,158.9810413237372,17,1,0,0,1.4785546107254948,0.2
4893,192.07398961799566,27,1,0,0,1.22899234453192,0.2
4894,-50.0,1,0,1,0,5.945769568866358,0.2
4895,155.03441307726195,26,1,0,0,1.368252073909041,0.2
4896,248.28055965731573,43,1,0,0,1.421138439207554,0.2
4897,160.11554485046628,22,1,0,0,1.4699881895641675,0.2
4898,172.85912645096403,21,1,0,0,1.2232278595814916,0.2
4899,153.59917130562218,24,1,0,0,1.3106577070059706,0.2
4900,184.94456646919917,26,1,0,0,1.4959582924751855,0.2
4901,157.17521281549983,18,1,0,0,1.3549757646041345,0.2
4902,146.6383574878629,55,1,0,0,1.4035200662162162,0.2
4903,141.19122315941019,14,1,0,0,1.251198345576004,0.2
4904,177.67024330706707,20,1,0,0,1.47112848804525,0.2
4905,159.36244674223917,21,1,0,0,1.4591148659165247,0.2
4906,197.68709968086432,29,1,0,0,1.3142326537306193,0.2
4907,146.5694763605607,14,1,0,0,1.1732200892553666,0.2
4908,172.5287954643632,27,1,0,0,1.2589568538300941,0.2
4909,144.63464629775103,21,1,0,0,1.2607196146066353,0.2
4910,167.751381060731,22,1,0,0,1.2407770793051442,0.2
4911,137.51823459791726,16,1,0,0,1.319497421242572,0.2
4912,198.09040115122318,27,1,0,0,1.3909567627432688,0.2
4913,157.25150395592462,20,1,0,0,1.2037149088620698,0.2
4914,174.3127409330819,21,1,0,0,1.4678356282152565,0.2
4915,167.96613151533353,17,1,0,0,1.2943632925392337,0.2
4916,174.43823741453258,40,1,0,0,1.49297432353581,0.2
4917,153.3612149978354,19,1,0,0,1.1664018424775147,0.2
4918,154.02427072482175,17,1,0,0,1.4822586960593402,0.2
4919,156.71165049799296,16,1,0,0,1.3756728550917776,0.2
4920,159.8149652995089,16,1,0,0,1.404996131404254,0.2
4921,169.22097859704604,24,1,0,0,1.3720983623603755,0.2
4922,153.23963858172812,23,1,0,0,1.4836910753223005,0.2
4923,193.45698013051157,27,1,0,0,1.3371121388413538,0.2
4924,174.82044165266817,25,1,0,0,1.4780175497403725,0.2
4925,136.05563598797494,15,1,0,0,1.3118281295419791,0.2
4926,159.5337351939085,25,1,0,0,1.4491338093379829,0.2
4927,174.2180652031319,20,1,0,0,1.285046525407554,0.2
4928,184.2881031268039,20,1,0,0,1.2684957414235258,0.2
4929,172.3395645335836,20,1,0,0,1.1979850959639544,0.2
4930,137.53951504091935,14,1,0,0,1.487123150585279,0.2
4931,194.88616903214805,34,1,0,0,1.2281051591054233,0.2
4932,212.79052054415644,39,1,0,0,1.3635573236856775,0.2
4933,154.64453793196947,18,1,0,0,1.225948218755901,0.2
4934,236.3382665726907,44,1,0,0,1.3883256394991794,0.2
4935,142.0428732755457,16,1,0,0,1.2393498321135894,0.2
4936,212.74840021837403,37,1,0,0,1.4462490080810815,0.2
4937,178.3263245362948,21,1,0,0,1.430426827525149,0.2
4938,176.1093489705821,29,1,0,0,1.3643801767888557,0.2
4939,169.39747079629328,27,1,0,0,1.4115018461090618,0.2
4940,185.8916768759401,27,1,0,0,1.1883070099962516,0.2
4941,149.69195788357115,19,1,0,0,1.4972679354414873,0.2
4942,188.24006369125988,27,1,0,0,1.4198889438600275,0.2
4943,183.24571496142835,31,1,0,0,1.4814864766466698,0.2
4944,180.88577104381648,23,1,0,0,1.1856318831282744,0.2
4945,169.2762312958559,30,1,0,0,1.393811484211447,0.2
4946,124.84892250702713,17,1,0,0,1.3091383713470282,0.2
4947,164.8571399171031,23,1,0,0,1.2897081628605085,0.2
4948,260.0196772647732,56,1,0,0,1.2123009454428777,0.2
4949,159.95834469600894,23,1,0,0,1.3152630555983635,0.2
4950,257.98231365090146,53,1,0,0,1.4618933029178176,0.2
4951,224.8135224267072,40,1,0,0,1.4386667491319338,0.2
4952,203.9452921698572,28,1,0,0,1.228962482679328,0.2
4953,143.1086326619409,18,1,0,0,1.13569307259328,0.2
4954,147.17572074955032,15,1,0,0,1.172713134196971,0.2
4955,121.11499848144194,12,1,0,0,1.424285679800154,0.2
4956,136.81641286539843,28,1,0,0,1.3156882276323811,0.2
4957,127.94272832536491,14,1,0,0,1.364211708646214,0.2
4958,164.1218399528251,18,1,0,0,1.399892297010571,0.2
4959,179.94679829551228,24,1,0,0,1.4235267136095633,0.2
4960,138.06537860917362,16,1,0,0,1.2448717431809373,0.2
4961,165.1376591926081,24,1,0,0,1.2308247946850461,0.2
4962,175.35036154263926,23,1,0,0,1.2583680349372124,0.2
4963,135.04630673284572,28,1,0,0,1.381330201271862,0.2
4964,159.6183826322586,25,1,0,0,1.4570949884844033,0.2
4965,194.72286932079936,35,1,0,0,1.1936255312377542,0.2
4966,237.11100413081255,47,1,0,0,1.4553432422078936,0.2
4967,257.4644842607008,58,1,0,0,1.2669778671032663,0.2
4968,170.8254731888626,26,1,0,0,1.3599747335208314,0.2
4969,134.82277630594285,14,1,0,0,1.4969900585729532,0.2
4970,197.18403729377667,28,1,0,0,1.4728020121029708,0.2
4971,186.419276521764,25,1,0,0,1.372605554082058,0.2
4972,223.02745884251993,41,1,0,0,1.2843749844554015,0.2
4973,184.6067958322442,26,1,0,0,1.1317814235886685,0.2
4974,167.90891005465164,21,1,0,0,1.403007716505468,0.2
4975,154.2887697438554,19,1,0,0,1.3218153311503134,0.2
4976,141.3151220106232,11,1,0,0,1.2989629766273498,0.2
4977,135.4849583066825,13,1,0,0,1.4944984294328834,0.2
4978,158.66211270181034,16,1,0,0,1.0975057458348276,0.2
4979,131.3532004604337,17,1,0,0,1.31312224883907,0.2
4980,172.29962228769892,24,1,0,0,1.4719648490258295,0.2
4981,160.094457237256,23,1,0,0,1.4030539794534187,0.2
4982,164.259816628525,24,1,0,0,1.3363664788520513,0.2
4983,195.1832976463788,27,1,0,0,1.256265300218515,0.2
4984,136.71404393036812,15,1,0,0,1.3636454125553759,0.2
4985,259.83474295978385,55,1,0,0,1.4883797130512861,0.2
4986,162.65522436089304,32,1,0,0,1.3108863021029675,0.2
4987,197.32711213054208,26,1,0,0,1.3222579259930733,0.2
4988,221.69412076695176,34,1,0,0,1.3081826559021013,0.2
4989,177.4576040939639,19,1,0,0,1.4794188526597012,0.2
4990,216.40667937845603,40,1,0,0,1.4520699703107902,0.2
4991,163.8329271659964,19,1,0,0,1.2912052841141686,0.2
4992,154.62718836134175,16,1,0,0,1.3312570217762685,0.2
4993,141.0336657498504,20,1,0,0,1.4017046518586196,0.2
4994,172.53954295572805,22,1,0,0,1.4557232845468056,0.2
4995,141.58874418192994,16,1,0,0,1.4579153702131473,0.2
4996,250.3116133143345,46,1,0,0,1.311509928542196,0.2
4997,201.87527587357272,28,1,0,0,1.4436134503681768,0.2
4998,-50.0,1,0,1,0,5.29266340596013,0.2
4999,191.69168226750708,25,1,0,0,1.4762187559920552,0.2
