episode,reward,steps,train_success,train_collision,train_timeout,final_distance,exploration_noise
0,-232.0597430561397,189,0,0,0,21.542272500039136,0.2
1,-192.7638240479414,181,0,0,0,25.02557925083741,0.1998
2,-217.64696371140113,183,0,0,0,24.958416014841593,0.1996002
3,-207.50493561945248,190,0,0,0,23.384329481799714,0.19940059980000002
4,-164.06053639561665,200,0,0,1,18.14158299634435,0.19920119920020002
5,-185.45247408906198,126,0,0,0,19.50347903475831,0.19900199800099982
6,6.542896084880091,58,0,0,0,9.27574180059084,0.1988029960029988
7,197.900599747996,23,1,0,0,1.4064664091837955,0.19860419300699583
8,-209.92468018142242,57,0,0,0,23.24826020859984,0.19840558881398881
9,-222.5788705038223,53,0,0,0,22.981908143489203,0.19820718322517483
10,-223.6096705427353,42,0,0,0,22.73738320567782,0.19800897604194967
11,-212.17992730025526,39,0,0,0,21.943558713567036,0.1978109670659077
12,-181.890826278977,38,0,0,0,21.93461490776345,0.19761315609884178
13,-43.107195479850986,55,0,0,0,10.4414239679408,0.19741554294274297
14,-153.82112787978397,50,0,0,0,15.700602337603563,0.1972181273998002
15,-109.47472246412538,39,0,0,0,12.738240514606906,0.1970209092724004
16,-102.38809478011586,45,0,0,0,14.870838349022684,0.196823888363128
17,-73.89481973814432,59,0,0,0,11.752763807414187,0.19662706447476488
18,-136.7072423091372,42,0,0,0,14.296596996773872,0.1964304374102901
19,-88.77919753840598,45,0,0,0,14.121695898299237,0.19623400697287982
20,-63.11685722646777,58,0,0,0,11.179501969850428,0.19603777296590696
21,-30.436933473686445,39,0,0,0,7.827984765274936,0.19584173519294104
22,-130.7855124610468,52,0,0,0,15.603581192200853,0.19564589345774808
23,112.73820728072265,4,1,0,0,1.3859312215850519,0.19545024756429036
24,-150.4927159577636,45,0,0,0,16.31194989733015,0.19525479731672604
25,-178.52186501436017,46,0,0,0,21.656002833811833,0.19505954251940932
26,-174.1959469763928,59,0,0,0,22.72066784302961,0.19486448297688994
27,-46.358330705026965,57,0,0,0,10.26833856814129,0.19466961849391304
28,-102.6082621031705,66,0,0,0,16.195375478352474,0.19447494887541913
29,-149.70502965036286,38,0,0,0,13.440244325386992,0.19428047392654368
30,-121.19011435322452,36,0,0,0,14.334340400095845,0.19408619345261716
31,-118.48167272717374,48,0,0,0,13.62111267487298,0.19389210725916453
32,-103.09407892393759,70,0,0,0,17.341390779320196,0.19369821515190536
33,-101.4487241099267,61,0,0,0,13.96239279166134,0.19350451693675347
34,-18.977511763278102,41,0,0,0,7.336347244914726,0.1933110124198167
35,-157.0080143718569,43,0,0,0,19.06805289097684,0.1931177014073969
36,138.63923455466264,12,1,0,0,1.2988701520135848,0.1929245837059895
37,-140.40923792373428,60,0,0,0,17.395287822839588,0.19273165912228352
38,-76.64878604298497,47,0,0,0,9.701021733320777,0.19253892746316123
39,13.880626078434403,48,0,0,0,4.961599705066502,0.19234638853569808
40,-99.55244865887738,49,0,0,0,13.269237702940702,0.19215404214716236
41,49.45460627343796,82,0,0,0,5.297487197944165,0.19196188810501522
42,164.64721638682056,174,1,0,0,1.3777220576163347,0.1917699262169102
43,196.78057770116817,72,1,0,0,1.4322605817292853,0.19157815629069327
44,54.34283547610504,200,0,0,1,2.4060560528961386,0.1913865781344026
45,139.43505255690022,120,1,0,0,1.4569802719715272,0.19119519155626818
46,149.87342998788768,195,1,0,0,1.4912100312494871,0.1910039963647119
47,163.38259523267007,193,1,0,0,1.436730673876894,0.1908129923683472
48,75.12415419800857,200,0,0,1,4.463478471373378,0.19062217937597886
49,171.6122719065326,33,1,0,0,1.3844179348293684,0.19043155719660287
50,54.883534843151295,200,0,0,1,2.7570975045592943,0.1902411256394063
51,121.70875492869486,200,0,0,1,1.7236806372986924,0.19005088451376687
52,174.19678719420915,156,1,0,0,1.4956614273083826,0.1898608336292531
53,135.2282404874261,10,1,0,0,1.4717713205116598,0.18967097279562384
54,147.7721099369261,39,1,0,0,1.4195103267847906,0.1894813018228282
55,66.89311896744294,200,0,0,1,3.0728611437346456,0.18929182052100538
56,192.9973539079229,34,1,0,0,1.4041619636132294,0.18910252870048438
57,28.217929687640943,200,0,0,1,4.55812623277381,0.1889134261717839
58,181.69766728042725,31,1,0,0,1.4322615146067328,0.1887245127456121
59,77.72479017819916,200,0,0,1,3.19436030526558,0.1885357882328665
60,179.59845783018392,36,1,0,0,1.4711551792863444,0.18834725244463366
61,139.50881739192113,28,1,0,0,1.4234864915361987,0.188158905192189
62,132.79197398708885,13,1,0,0,1.421135823106992,0.18797074628699684
63,136.02730045340698,200,0,0,1,2.637138493501701,0.18778277554070982
64,155.53231222644445,18,1,0,0,1.3360262918601598,0.1875949927651691
65,166.84620789988543,158,1,0,0,1.439546877543606,0.18740739777240395
66,147.5720002149539,39,1,0,0,1.3952139353131447,0.18721999037463155
67,185.27193073652208,58,1,0,0,1.375621233726433,0.18703277038425692
68,65.09604050693507,200,0,0,1,3.476573306585591,0.18684573761387266
69,53.400718104842994,200,0,0,1,3.39025660009344,0.18665889187625878
70,170.1563465131387,20,1,0,0,1.430248609438409,0.18647223298438254
71,65.2548195929645,200,0,0,1,2.6224726438088055,0.18628576075139813
72,164.53461820619057,41,1,0,0,1.437209243222733,0.18609947499064672
73,101.45163511196253,200,0,0,1,3.424476350078605,0.1859133755156561
74,245.40096501791456,176,1,0,0,1.3587549652952993,0.18572746214014044
75,197.29633478721763,117,1,0,0,1.4710399770373424,0.18554173467800028
76,83.55033063541086,200,0,0,1,3.1113364027631354,0.18535619294332228
77,70.45345122321667,200,0,0,1,4.226568796167906,0.18517083675037896
78,178.87325848466492,29,1,0,0,1.498811015192627,0.18498566591362858
79,161.2039001542604,200,0,0,1,2.39104247005255,0.18480068024771495
80,178.6829777559286,26,1,0,0,1.484704357944641,0.18461587956746725
81,200.94415032349337,24,1,0,0,1.3638873066770116,0.18443126368789978
82,189.6446359645339,27,1,0,0,1.4829566961725247,0.1842468324242119
83,135.04295858166938,14,1,0,0,1.495958659596888,0.18406258559178768
84,108.59117149604128,3,1,0,0,1.4167459325907872,0.1838785230061959
85,186.91525655968206,21,1,0,0,1.4429597450004856,0.18369464448318967
86,64.03273191128127,200,0,0,1,2.9313161848203557,0.1835109498387065
87,61.42990941762418,200,0,0,1,2.914322129979495,0.1833274388888678
88,31.257901876316122,200,0,0,1,4.578899317307734,0.1831441114499789
89,33.450968213487535,200,0,0,1,2.4078244269215014,0.18296096733852896
90,194.7835736130425,36,1,0,0,1.4323664765607107,0.1827780063711904
91,27.33062751462642,200,0,0,1,5.434900970507238,0.18259522836481923
92,55.59756258440779,200,0,0,1,4.322250017499527,0.1824126331364544
93,62.402596954019764,200,0,0,1,1.7065076418556164,0.18223022050331794
94,107.58087738739067,200,0,0,1,6.076036227011469,0.18204799028281463
95,5.624222662822878,200,0,0,1,2.662030123973391,0.18186594229253183
96,166.11926720195942,123,1,0,0,1.4863082620631214,0.18168407635023928
97,130.7134866891144,70,1,0,0,1.4993066819935155,0.18150239227388903
98,53.570791631818985,200,0,0,1,4.874973924775028,0.18132088988161515
99,192.68830428455732,33,1,0,0,1.4846984121786626,0.18113956899173356
100,7.753424527339062,200,0,0,1,4.885162121071501,0.1809584294227418
101,152.030968040655,55,1,0,0,1.4721554230972764,0.18077747099331906
102,48.495137066566755,200,0,0,1,2.4806918592364404,0.18059669352232574
103,121.3265760236852,200,0,0,1,2.56016754454015,0.1804160968288034
104,112.88820042847888,158,1,0,0,1.482309322423355,0.1802356807319746
105,180.36727399514461,29,1,0,0,1.4776580761120306,0.18005544505124263
106,178.39063266328702,28,1,0,0,1.4798701672928865,0.1798753896061914
107,161.1617375052641,25,1,0,0,1.4331514030032406,0.1796955142165852
108,141.13864997011447,27,1,0,0,1.4148472303191766,0.17951581870236863
109,39.09402563766325,200,0,0,1,2.2297384799911892,0.17933630288366625
110,67.14961268711342,200,0,0,1,4.2528566989541945,0.1791569665807826
111,79.96659162283301,200,0,0,1,3.071848360757129,0.17897780961420182
112,36.99071135833572,200,0,0,1,4.590508770071579,0.17879883180458758
113,174.1927226720462,23,1,0,0,1.4787594368087478,0.178620032972783
114,46.98311915747583,200,0,0,1,2.818362612231926,0.17844141293981022
115,183.40911097365517,38,1,0,0,1.4970293237746872,0.17826297152687043
116,158.8752552715132,200,0,0,1,1.5642186729186747,0.17808470855534353
117,124.37147186057847,10,1,0,0,1.496361227433611,0.1779066238467882
118,119.96048183358666,8,1,0,0,1.3100490963762081,0.17772871722294142
119,245.59674600707447,83,1,0,0,1.3584659192179795,0.1775509885057185
120,184.1466760210836,25,1,0,0,1.317558238588852,0.17737343751721277
121,184.84343044081845,26,1,0,0,1.409947938152894,0.17719606407969554
122,207.49465607767053,50,1,0,0,1.4786670227072054,0.17701886801561584
123,55.685833521443136,200,0,0,1,3.246470852739474,0.17684184914760023
124,148.93711004765993,13,1,0,0,1.3603738866580672,0.17666500729845264
125,195.80480708400657,27,1,0,0,1.234458726785192,0.17648834229115418
126,162.9149718041497,21,1,0,0,1.3244781167117994,0.17631185394886303
127,186.79160875766001,29,1,0,0,1.3447784133057274,0.17613554209491417
128,34.39672291556991,200,0,0,1,2.887295057717051,0.17595940655281925
129,178.7020279278435,25,1,0,0,1.4906769953222028,0.17578344714626642
130,240.65435200321966,50,1,0,0,1.3722181126308681,0.17560766369912018
131,185.1715224651656,31,1,0,0,1.4691901445963889,0.17543205603542103
132,166.3067398582825,167,1,0,0,1.4611099895754582,0.17525662397938563
133,144.94334588711098,15,1,0,0,1.338749623568496,0.17508136735540625
134,172.35756517526497,24,1,0,0,1.4712785184103858,0.17490628598805083
135,167.74790803176697,123,1,0,0,1.4922693112575156,0.17473137970206276
136,162.73546452441485,15,1,0,0,1.3666650775954599,0.17455664832236073
137,186.24779901828055,26,1,0,0,1.295609677167583,0.17438209167403834
138,141.4054622799619,20,1,0,0,1.4527262619112067,0.1742077095823643
139,177.68592071888972,18,1,0,0,1.201761647101255,0.17403350187278194
140,174.8672734132084,26,1,0,0,1.4657880307085835,0.17385946837090915
141,140.1897689329656,15,1,0,0,1.495458365031314,0.17368560890253826
142,157.26208529714117,17,1,0,0,1.4292745585348021,0.17351192329363574
143,203.67542373996693,43,1,0,0,1.3959239040380884,0.1733384113703421
144,156.3444153409581,17,1,0,0,1.4757504587557089,0.17316507295897174
145,133.9217406565828,38,1,0,0,1.4912184016055883,0.17299190788601276
146,170.65051828876753,19,1,0,0,1.4246664542112935,0.17281891597812676
147,112.23465489941663,7,1,0,0,1.3264391121307426,0.17264609706214862
148,142.1235094027648,10,1,0,0,1.1897655066104202,0.17247345096508648
149,196.57189746950812,26,1,0,0,1.487553899155835,0.1723009775141214
150,147.02967432241832,17,1,0,0,1.2674766790158818,0.17212867653660727
151,199.81487005909818,32,1,0,0,1.2813986010236864,0.17195654786007067
152,196.38326841116054,27,1,0,0,1.4054119809042276,0.17178459131221058
153,218.64023662049192,114,1,0,0,1.4646384974290745,0.1716128067208984
154,146.02827262048137,18,1,0,0,1.4151886205771897,0.17144119391417748
155,166.08487651127058,22,1,0,0,1.3749531014003276,0.17126975272026332
156,213.96272694305503,56,1,0,0,1.4928130951434828,0.17109848296754304
157,185.67860570997857,31,1,0,0,1.3974490244722846,0.1709273844845755
158,146.39810693097508,17,1,0,0,1.329255348609811,0.1707564571000909
159,156.67777263674665,13,1,0,0,1.3185132969704143,0.17058570064299083
160,184.7263376525022,22,1,0,0,1.4475978051398177,0.17041511494234785
161,143.59341904990455,18,1,0,0,1.303315973582885,0.1702446998274055
162,171.83490434498856,21,1,0,0,1.405668465921694,0.1700744551275781
163,135.18645317659966,13,1,0,0,1.3448786702812583,0.1699043806724505
164,194.22924320609656,33,1,0,0,1.3696570474502519,0.16973447629177807
165,178.92519769854434,24,1,0,0,1.4454210585180436,0.16956474181548628
166,191.19218119298128,25,1,0,0,1.313270520140434,0.1693951770736708
167,252.2606118593823,58,1,0,0,1.4807828846703064,0.16922578189659712
168,151.29351343547415,18,1,0,0,1.271326671202437,0.16905655611470052
169,196.11503799570144,95,1,0,0,1.4583933155470485,0.16888749955858584
170,127.38462121600148,7,1,0,0,1.4626669387692892,0.16871861205902725
171,151.84179668178282,119,1,0,0,1.4903811915961707,0.16854989344696822
172,208.4019459093783,37,1,0,0,1.2687730173729994,0.16838134355352125
173,206.47173140267682,27,1,0,0,1.484521871162564,0.16821296220996773
174,153.17013390549818,22,1,0,0,1.4497992242029483,0.16804474924775775
175,167.33373374516162,23,1,0,0,1.4405936697851283,0.16787670449851
176,160.84398238516786,16,1,0,0,1.3712432713077967,0.1677088277940115
177,156.52216813820843,18,1,0,0,1.2376298986420275,0.16754111896621748
178,167.1995687223349,26,1,0,0,1.4400589888295898,0.16737357784725126
179,146.42515178014196,12,1,0,0,1.3017218465790183,0.16720620426940402
180,182.38104895097743,91,1,0,0,1.3406317038232378,0.1670389980651346
181,207.45990088713447,31,1,0,0,1.473234032701712,0.16687195906706948
182,167.70327789874892,21,1,0,0,1.4213184460839905,0.1667050871080024
183,146.74875934974966,22,1,0,0,1.4670428456084348,0.1665383820208944
184,200.1547401185844,24,1,0,0,1.4763448388683484,0.1663718436388735
185,179.63611873709877,28,1,0,0,1.2837351042811127,0.16620547179523462
186,157.48798588162532,20,1,0,0,1.399649313797793,0.16603926632343938
187,181.40907867547742,20,1,0,0,1.324865213755492,0.16587322705711594
188,157.37986018610763,19,1,0,0,1.4997557070953338,0.16570735383005886
189,184.07798524658702,25,1,0,0,1.2509011902083167,0.1655416464762288
190,206.8952215503976,34,1,0,0,1.4465749593037194,0.16537610482975254
191,178.12623871190777,26,1,0,0,1.4123103490502558,0.16521072872492282
192,181.8268855954949,24,1,0,0,1.2968101474114417,0.16504551799619788
193,166.45655604489588,149,1,0,0,1.476714332190203,0.16488047247820167
194,84.56054592064773,200,0,0,1,2.1746318720691495,0.16471559200572347
195,160.22714914266427,22,1,0,0,1.3110427604704096,0.16455087641371774
196,202.1680532051255,24,1,0,0,1.4465044639950606,0.16438632553730403
197,171.0362380614947,19,1,0,0,1.483589891970495,0.16422193921176673
198,136.2788945723471,11,1,0,0,1.2611694302512702,0.16405771727255497
199,165.8404821444356,22,1,0,0,1.2885953292969288,0.1638936595552824
200,163.71704574137732,17,1,0,0,1.2084592234693314,0.16372976589572713
201,88.43696096658437,200,0,0,1,2.595669496515524,0.1635660361298314
202,132.90149988647147,10,1,0,0,1.310634799303922,0.16340247009370157
203,165.07184472809882,22,1,0,0,1.4601672501651817,0.16323906762360785
204,148.99160620855412,43,1,0,0,1.4614408247391981,0.16307582855598424
205,168.8591743639246,58,1,0,0,1.499699831737788,0.16291275272742828
206,192.24488437900783,25,1,0,0,1.406360617553251,0.16274983997470083
207,227.76195924145895,47,1,0,0,1.4950308172472488,0.16258709013472614
208,171.71495189467763,17,1,0,0,1.427574463455682,0.1624245030445914
209,145.5278693309453,13,1,0,0,1.400623007568038,0.16226207854154684
210,143.09277529341423,13,1,0,0,1.4756140731611422,0.16209981646300528
211,181.3620823528982,24,1,0,0,1.2597935129021365,0.16193771664654227
212,153.54400395472499,16,1,0,0,1.4558961565218536,0.16177577892989572
213,177.03984602070594,23,1,0,0,1.3913351515713563,0.16161400315096583
214,155.5325447980249,19,1,0,0,1.4940163859787756,0.16145238914781487
215,189.14216173198685,24,1,0,0,1.4846332787099255,0.16129093675866704
216,267.3667043509505,86,1,0,0,1.454233248268143,0.16112964582190836
217,211.89195422524807,33,1,0,0,1.2927276456778465,0.16096851617608648
218,178.4542012186175,24,1,0,0,1.4368030268012957,0.1608075476599104
219,226.57699182658536,44,1,0,0,1.2846449238528228,0.16064674011225047
220,175.73679939587026,22,1,0,0,1.4418110701028657,0.16048609337213823
221,154.5665902865991,200,0,0,1,2.962830880345722,0.1603256072787661
222,183.70940319320778,25,1,0,0,1.1577118004363078,0.16016528167148733
223,275.0321705080621,57,1,0,0,1.3723708578995124,0.16000511638981585
224,172.76162656640096,20,1,0,0,1.1970486563874714,0.15984511127342602
225,188.96295602381656,26,1,0,0,1.4600108369744345,0.1596852661621526
226,143.86281495014478,19,1,0,0,1.4277695300862734,0.15952558089599045
227,156.77839006510777,20,1,0,0,1.2185832933485337,0.15936605531509446
228,161.77485053794754,18,1,0,0,1.4514301875446574,0.15920668925977935
229,141.94527340511223,12,1,0,0,1.317472670348478,0.1590474825705196
230,172.24924146672734,23,1,0,0,1.4555245461476904,0.15888843508794906
231,162.69560691265804,18,1,0,0,1.2521118822236144,0.1587295466528611
232,214.9207721980612,27,1,0,0,1.3240372579856239,0.15857081710620824
233,117.38739263811932,6,1,0,0,1.3103640187412884,0.15841224628910203
234,204.84894330950289,24,1,0,0,1.1308542594926856,0.15825383404281293
235,114.68928638333665,6,1,0,0,1.4138294388494632,0.15809558020877013
236,149.69928787550134,15,1,0,0,1.364218439967413,0.15793748462856136
237,192.20872621277096,29,1,0,0,1.4733807382468147,0.1577795471439328
238,162.4808433322187,17,1,0,0,1.3545465088939816,0.15762176759678886
239,120.29075735062848,6,1,0,0,1.1567155483005935,0.15746414582919208
240,187.88582837677046,23,1,0,0,1.271293978369161,0.15730668168336287
241,155.89622858212698,48,1,0,0,1.377346094811467,0.1571493750016795
242,201.98611523708854,30,1,0,0,1.4880660684915838,0.15699222562667783
243,192.54560218744223,66,1,0,0,1.4954311612394808,0.15683523340105116
244,130.47556281163727,11,1,0,0,1.2525245231099118,0.1566783981676501
245,185.45743216064557,25,1,0,0,1.45729361408295,0.15652171976948245
246,209.67656037761338,41,1,0,0,1.359634885435641,0.15636519804971297
247,126.78697366014842,8,1,0,0,1.203881898271905,0.15620883285166326
248,175.6480855277526,184,1,0,0,1.4726938393625315,0.1560526240188116
249,211.87647822141298,35,1,0,0,1.294688916731532,0.1558965713947928
250,132.36427890662682,10,1,0,0,1.1827753762292041,0.15574067482339798
251,168.31422181522618,18,1,0,0,1.4608682969690827,0.15558493414857458
252,165.83498477395693,22,1,0,0,1.4075223743681853,0.15542934921442603
253,146.47615874807855,19,1,0,0,1.4147850625477927,0.15527391986521158
254,174.79408319799097,25,1,0,0,1.4010056084626397,0.15511864594534638
255,194.79961848906214,24,1,0,0,1.0836001288412778,0.15496352729940102
256,132.38353223795366,13,1,0,0,1.4526043536118942,0.15480856377210162
257,178.84971554857177,52,1,0,0,1.4903114703920841,0.15465375520832952
258,194.39801549014993,119,1,0,0,1.4452464058180003,0.15449910145312118
259,188.0146544250975,23,1,0,0,1.4992451289430921,0.15434460235166808
260,117.20806287506213,12,1,0,0,1.4992133491746622,0.1541902577493164
261,174.26259307641163,21,1,0,0,1.3817939051242372,0.1540360674915671
262,184.93559088537768,22,1,0,0,1.214790552871116,0.15388203142407553
263,154.43903744061743,21,1,0,0,1.2939130569288697,0.15372814939265145
264,220.8157793603425,41,1,0,0,1.3688178561955022,0.15357442124325882
265,177.63280160497362,21,1,0,0,1.2496163434782255,0.15342084682201554
266,257.1116033417739,55,1,0,0,1.3919328827345274,0.15326742597519352
267,103.57734346448638,200,0,0,1,2.3174848168814663,0.15311415854921834
268,219.67341124262077,27,1,0,0,1.247497102434983,0.15296104439066913
269,142.32491008140536,12,1,0,0,1.475108687010043,0.15280808334627843
270,167.73995765887992,20,1,0,0,1.4363196349974396,0.15265527526293216
271,167.41719153364136,18,1,0,0,1.4608935293235827,0.15250261998766923
272,208.4999509831581,78,1,0,0,1.4650228613505938,0.15235011736768156
273,146.04544139456453,50,1,0,0,1.432373640886565,0.15219776725031386
274,74.37742712133125,200,0,0,1,1.8192158893261907,0.15204556948306358
275,207.58439413833136,33,1,0,0,1.2752745267209529,0.1518935239135805
276,117.12716282889149,19,1,0,0,1.429975667005268,0.15174163038966693
277,202.84740928711133,24,1,0,0,1.3307197808696176,0.15158988875927726
278,180.37409646323272,23,1,0,0,1.4107940964547836,0.15143829887051796
279,140.2414517957955,15,1,0,0,1.2247671081180325,0.15128686057164745
280,152.7399509705359,25,1,0,0,1.443177293786132,0.1511355737110758
281,171.92255582363043,22,1,0,0,1.4756052867489073,0.15098443813736473
282,143.22738269340954,19,1,0,0,1.437356418802293,0.15083345369922738
283,177.80534002756218,23,1,0,0,1.4639078999779687,0.15068262024552814
284,185.4370792599184,24,1,0,0,1.4629071029564655,0.1505319376252826
285,153.0938741642795,18,1,0,0,1.383304027348365,0.15038140568765734
286,224.22516892276963,45,1,0,0,1.3302336038784865,0.15023102428196966
287,156.47312186876957,41,1,0,0,1.474631627362916,0.15008079325768772
288,171.48670321570367,21,1,0,0,1.2039820794048148,0.14993071246443002
289,194.46068738967276,25,1,0,0,1.4524573393032667,0.1497807817519656
290,176.18845589673458,25,1,0,0,1.160752592846478,0.14963100097021362
291,173.24596271565704,17,1,0,0,1.2977081986064245,0.1494813699692434
292,52.01210118743307,200,0,0,1,2.9248814745299145,0.14933188859927415
293,177.08414863732688,37,1,0,0,1.4728853515740163,0.1491825567106749
294,220.459840933978,43,1,0,0,1.447105194857844,0.1490333741539642
295,199.6998948623759,22,1,0,0,1.0196930620357718,0.14888434077981025
296,181.34820327336286,24,1,0,0,1.314115419001712,0.14873545643903044
297,124.36074176029284,6,1,0,0,1.4573914550064946,0.1485867209825914
298,169.00012879231764,20,1,0,0,1.4622769441757122,0.14843813426160882
299,140.82111681141905,15,1,0,0,1.4904893964504158,0.1482896961273472
300,126.11841205304333,7,1,0,0,1.4024715464541297,0.14814140643121984
301,160.47438691560984,20,1,0,0,1.2888418477141084,0.14799326502478863
302,200.62512125717603,33,1,0,0,1.243399378375209,0.14784527175976386
303,144.62878469246158,12,1,0,0,1.3783905211757963,0.14769742648800407
304,167.08910545794117,23,1,0,0,1.3593561225996942,0.14754972906151606
305,174.8799067927859,23,1,0,0,1.4844613829405804,0.14740217933245456
306,162.71197945358853,28,1,0,0,1.459071723797025,0.1472547771531221
307,167.2927028401587,18,1,0,0,1.3585487404694918,0.147107522375969
308,144.190601225393,17,1,0,0,1.4145390606808694,0.146960414853593
309,264.3169253237239,60,1,0,0,1.495890903220714,0.14681345443873942
310,185.94409794859868,26,1,0,0,1.2576317466685472,0.14666664098430068
311,208.1317662856188,24,1,0,0,1.133251606541637,0.1465199743433164
312,143.2379828242169,10,1,0,0,1.3723240961820906,0.14637345436897306
313,207.4238242109775,27,1,0,0,1.327774950928551,0.1462270809146041
314,196.03999312635779,26,1,0,0,1.4223287653281882,0.1460808538336895
315,148.5514127532512,13,1,0,0,1.2258762988574299,0.1459347729798558
316,202.56898498870152,30,1,0,0,1.4436434398508893,0.14578883820687594
317,172.65374596191384,25,1,0,0,1.2790699589440522,0.1456430493686691
318,247.8807456049913,59,1,0,0,1.490970904786569,0.1454974063193004
319,206.21979270061064,24,1,0,0,1.1873085144800914,0.14535190891298108
320,149.47241471641857,13,1,0,0,1.3831445102680533,0.14520655700406812
321,172.17558899269545,20,1,0,0,1.3375532849541065,0.14506135044706406
322,170.46683331452988,22,1,0,0,1.2960913701911636,0.144916289096617
323,137.94101022053178,9,1,0,0,1.2525658312745973,0.14477137280752037
324,257.78766523045766,56,1,0,0,1.436014320510706,0.14462660143471284
325,156.24689062480385,17,1,0,0,1.4110070068939928,0.14448197483327815
326,185.18712480351417,87,1,0,0,1.3805305924018827,0.14433749285844485
327,126.23549734496825,62,1,0,0,1.398253250335987,0.1441931553655864
328,174.37931552762024,21,1,0,0,1.4094315667031525,0.14404896221022084
329,155.2129982240676,16,1,0,0,1.4053793915145083,0.1439049132480106
330,73.25718994588486,200,0,0,1,2.699100709556456,0.1437610083347626
331,163.9876104490744,19,1,0,0,1.4658142801974368,0.14361724732642783
332,186.0220532343097,22,1,0,0,1.327147979311476,0.14347363007910138
333,165.15802512279163,30,1,0,0,1.3910081564705363,0.1433301564490223
334,177.8057969847148,23,1,0,0,1.4681414487094036,0.14318682629257326
335,134.73052099208928,10,1,0,0,1.4168599600525904,0.1430436394662807
336,144.46355705923176,18,1,0,0,1.4465370231895263,0.14290059582681444
337,157.0197819935085,17,1,0,0,1.225999688601968,0.1427576952309876
338,149.254880240205,16,1,0,0,1.3781876115459775,0.14261493753575663
339,145.53100645220866,14,1,0,0,1.4908865342461193,0.14247232259822087
340,181.40306970825685,25,1,0,0,1.4253469207181526,0.14232985027562264
341,150.98981732643344,200,0,0,1,3.0017278069549866,0.14218752042534702
342,140.78278023681477,13,1,0,0,1.4838013568910793,0.1420453329049217
343,154.33396621042118,18,1,0,0,1.4512862312000732,0.14190328757201676
344,177.09927661288117,18,1,0,0,1.2380405874110805,0.14176138428444474
345,180.5825286238951,23,1,0,0,1.423017220786382,0.14161962290016028
346,131.35323624819992,9,1,0,0,1.3366069433655432,0.14147800327726012
347,113.48265432659394,4,1,0,0,1.4133279608588776,0.14133652527398285
348,146.37046011506837,12,1,0,0,1.1687562635064284,0.1411951887487089
349,188.7415346579785,50,1,0,0,1.356590875507922,0.14105399355996018
350,152.43382359581065,19,1,0,0,1.2386056054489476,0.14091293956640022
351,154.43976559179623,15,1,0,0,1.3247328755856873,0.14077202662683383
352,151.25776325503745,14,1,0,0,1.3781455282280535,0.14063125460020698
353,145.26681693111385,14,1,0,0,1.3651353796155083,0.14049062334560677
354,195.83628483592233,24,1,0,0,1.3207142172345456,0.14035013272226116
355,141.14707199217716,12,1,0,0,1.4723301907293231,0.14020978258953892
356,135.94807294093098,26,1,0,0,1.4897510255855986,0.14006957280694937
357,197.3533391028634,23,1,0,0,1.4559381639064046,0.1399295032341424
358,182.08793847737462,26,1,0,0,1.4935469835491761,0.13978957373090828
359,177.38134985421178,20,1,0,0,1.478087092716987,0.13964978415717738
360,149.17210149290403,17,1,0,0,1.343242263549082,0.13951013437302018
361,155.88673248521067,18,1,0,0,1.3262999296403235,0.13937062423864718
362,169.02956196598,16,1,0,0,1.3513924517948657,0.13923125361440852
363,193.23053893735184,26,1,0,0,1.4831565157505684,0.13909202236079413
364,184.0356396081055,21,1,0,0,1.3513635047965618,0.13895293033843334
365,159.58685730255826,15,1,0,0,1.4945774537202678,0.1388139774080949
366,118.17437855788381,6,1,0,0,1.231802829711458,0.1386751634306868
367,244.30936338310858,72,1,0,0,1.448342411636892,0.13853648826725612
368,100.0,1,1,0,0,1.2566902743254116,0.13839795177898884
369,152.05351237308687,17,1,0,0,1.250444000081897,0.13825955382720986
370,214.99251250193333,35,1,0,0,1.4988910284514805,0.13812129427338266
371,143.61250155982498,16,1,0,0,1.3579537216773887,0.13798317297910928
372,140.17999634770237,15,1,0,0,1.3785529192131627,0.13784518980613017
373,191.7379480114604,22,1,0,0,1.4198797684966058,0.13770734461632403
374,45.76674992258614,200,0,0,1,1.549996687143051,0.1375696372717077
375,184.03554210131358,23,1,0,0,1.2926486533789412,0.137432067634436
376,176.3346629978363,17,1,0,0,1.4571359978986207,0.13729463556680155
377,154.07587454849687,21,1,0,0,1.338949776148316,0.13715734093123474
378,135.14135469823933,13,1,0,0,1.4060978072368304,0.13702018359030352
379,190.13896002803008,26,1,0,0,1.430898537941905,0.13688316340671322
380,183.36813697338192,22,1,0,0,1.3663097065949823,0.1367462802433065
381,117.17093790159825,5,1,0,0,1.2684376051175157,0.1366095339630632
382,209.86615562850955,33,1,0,0,1.3013859094769824,0.13647292442910014
383,241.7366848585434,72,1,0,0,1.4753427926866978,0.13633645150467105
384,100.0,1,1,0,0,1.124554221649844,0.13620011505316637
385,160.67362831722642,22,1,0,0,1.3923493967388831,0.13606391493811318
386,159.90753124988348,21,1,0,0,1.4206104143076037,0.1359278510231751
387,184.3681948398549,26,1,0,0,1.4891002801539615,0.1357919231721519
388,170.83016588230294,21,1,0,0,1.4743827322417684,0.13565613124897977
389,136.87268440518176,13,1,0,0,1.452211103446945,0.13552047511773077
390,177.67376170293508,26,1,0,0,1.495278464122384,0.13538495464261305
391,166.18818787209946,18,1,0,0,1.4872128232900637,0.13524956968797044
392,219.5349404248516,120,1,0,0,1.4924737290987138,0.13511432011828248
393,132.24896652002911,10,1,0,0,1.266227811865427,0.1349792057981642
394,153.62046769241817,17,1,0,0,1.3964370130778945,0.13484422659236603
395,187.79469039655538,89,1,0,0,1.4024391245578507,0.13470938236577365
396,177.13924846238095,23,1,0,0,1.452563359850427,0.1345746729834079
397,139.82630329060763,11,1,0,0,1.4627077810157436,0.13444009831042447
398,119.28324463192476,5,1,0,0,1.0365118802619226,0.13430565821211404
399,149.03719396248306,18,1,0,0,1.3182232388930208,0.13417135255390195
400,178.45594713411157,24,1,0,0,1.2438337443346437,0.13403718120134803
401,190.7025259406048,30,1,0,0,1.2975456169567825,0.13390314402014666
402,193.91955218549091,184,1,0,0,1.4907852115928606,0.13376924087612654
403,152.05067602290353,55,1,0,0,1.4690515620961402,0.1336354716352504
404,172.71517296812215,21,1,0,0,1.4161110959095673,0.13350183616361516
405,154.57564970678862,14,1,0,0,1.216971781741048,0.13336833432745154
406,206.83207866354343,37,1,0,0,1.406584558375353,0.1332349659931241
407,120.6018730912439,8,1,0,0,1.4146765682807196,0.13310173102713097
408,138.33099136352476,15,1,0,0,1.4065939985735558,0.13296862929610384
409,161.52460273457507,24,1,0,0,1.4254142919848036,0.13283566066680771
410,171.83851833489382,24,1,0,0,1.374220834885924,0.13270282500614092
411,125.85210693071093,9,1,0,0,1.416969421333094,0.1325701221811348
412,134.46749477104794,15,1,0,0,1.2734080034778026,0.13243755205895366
413,196.4082085974146,25,1,0,0,1.4207340713590413,0.1323051145068947
414,235.1681921458889,91,1,0,0,1.4291246164672613,0.13217280939238782
415,180.72066183708026,25,1,0,0,1.3628726353651726,0.13204063658299542
416,161.10754763287542,22,1,0,0,1.4313024926645417,0.13190859594641244
417,166.02775662890144,25,1,0,0,1.1145935694763058,0.131776687350466
418,155.01556759814227,15,1,0,0,1.3539315674995773,0.13164491066311554
419,132.67345345791597,56,1,0,0,1.3533644072154778,0.13151326575245242
420,147.14386043096044,18,1,0,0,1.3225382662185632,0.13138175248669998
421,165.00379022717107,25,1,0,0,1.331720477607324,0.13125037073421328
422,158.36952236470165,78,1,0,0,1.4676713387619045,0.13111912036347906
423,179.04261159647166,21,1,0,0,1.3572659381533612,0.13098800124311558
424,138.89882873102292,14,1,0,0,1.2642949783091129,0.13085701324187246
425,113.24020444517025,5,1,0,0,1.4255504557688157,0.13072615622863057
426,173.47742620009058,19,1,0,0,1.3815196979035533,0.13059543007240196
427,149.9099698928029,21,1,0,0,1.4157375500215514,0.13046483464232955
428,170.9754454519093,16,1,0,0,1.286528803236265,0.13033436980768723
429,166.40273343843555,25,1,0,0,1.3493700910698843,0.13020403543787953
430,170.01394091867863,17,1,0,0,1.4587845117457867,0.13007383140244166
431,136.25945368337443,11,1,0,0,1.333608193035503,0.12994375757103924
432,214.11287999606122,34,1,0,0,1.4419555647111344,0.12981381381346818
433,195.4125121859252,25,1,0,0,1.3499506815732354,0.12968399999965471
434,187.20396685638354,27,1,0,0,1.343255831488108,0.12955431599965506
435,149.97750839585038,13,1,0,0,1.4156045670675728,0.1294247616836554
436,132.80450963964358,14,1,0,0,1.440424734347329,0.12929533692197176
437,154.18135150097473,22,1,0,0,1.4068141601583568,0.12916604158504977
438,268.6588698846504,56,1,0,0,1.3041653785636587,0.12903687554346474
439,175.64972627786113,22,1,0,0,1.4141027637308758,0.12890783866792127
440,123.6793423813974,6,1,0,0,1.4757794404816107,0.12877893082925335
441,200.3429202966554,33,1,0,0,1.4002885485164098,0.12865015189842408
442,207.22588654697026,30,1,0,0,1.3203268910630683,0.12852150174652566
443,171.81503961111775,48,1,0,0,1.4807008876082257,0.12839298024477913
444,172.35459109434316,21,1,0,0,1.4633504976608394,0.12826458726453435
445,173.90342048608946,25,1,0,0,1.3200327984419447,0.12813632267726982
446,171.27933861696698,23,1,0,0,1.4140928465031182,0.12800818635459255
447,218.85683999523985,33,1,0,0,1.3993167111897136,0.12788017816823796
448,190.07815082285367,24,1,0,0,1.260444821770738,0.1277522979900697
449,183.36657083511568,20,1,0,0,1.4529643564034314,0.12762454569207965
450,147.04278162667734,17,1,0,0,1.467664137632014,0.12749692114638755
451,200.00964646878896,36,1,0,0,1.3129450138545824,0.1273694242252412
452,168.73822620041736,119,1,0,0,1.451590308457861,0.12724205480101594
453,137.12063238946624,16,1,0,0,1.4633430023056055,0.12711481274621492
454,139.89512175227563,11,1,0,0,1.3512750822564819,0.12698769793346873
455,188.5838732576175,24,1,0,0,1.4973170203233175,0.12686071023553522
456,119.57313800002991,5,1,0,0,1.2596699174329151,0.1267338495252997
457,155.1594487285307,27,1,0,0,1.4559750201994586,0.1266071156757744
458,117.84199540246264,6,1,0,0,1.4433911819050989,0.12648050856009863
459,151.75716516016388,15,1,0,0,1.2469278858638988,0.12635402805153853
460,153.74948598914847,20,1,0,0,1.3669651131849954,0.12622767402348697
461,115.59290484734495,5,1,0,0,1.2296223290003174,0.1261014463494635
462,161.4720830409565,17,1,0,0,1.3283512936528392,0.12597534490311404
463,208.3018689296063,32,1,0,0,1.3581891468570881,0.12584936955821094
464,159.43011945163457,18,1,0,0,1.2937387827837363,0.1257235201886527
465,84.9910689253605,200,0,0,1,1.9813714912053826,0.12559779666846407
466,195.34038840058844,24,1,0,0,1.268021704583858,0.1254721988717956
467,157.4857070590566,16,1,0,0,1.2011246665478612,0.1253467266729238
468,211.0311858712132,54,1,0,0,1.4112479403849778,0.12522137994625088
469,169.2537558190325,22,1,0,0,1.4509523090912024,0.12509615856630463
470,234.27492144480968,52,1,0,0,1.490210871821409,0.12497106240773832
471,167.26362264367577,62,1,0,0,1.4669282204768597,0.12484609134533059
472,137.9703620194344,15,1,0,0,1.4127141378371861,0.12472124525398526
473,193.88331721501794,27,1,0,0,1.4111094887335336,0.12459652400873128
474,190.13336086530995,24,1,0,0,1.4504070753917275,0.12447192748472254
475,188.97011344519754,32,1,0,0,1.3671485301656772,0.12434745555723781
476,209.46436766213526,36,1,0,0,1.3345317117398259,0.12422310810168058
477,170.74299186612137,26,1,0,0,1.3333801367051803,0.12409888499357889
478,227.82440865573426,44,1,0,0,1.4666122273687474,0.12397478610858532
479,194.29531753379464,22,1,0,0,1.2561967267693466,0.12385081132247673
480,132.58502851465667,14,1,0,0,1.3999981453181953,0.12372696051115427
481,159.26670441356595,15,1,0,0,1.3942846314795039,0.1236032335506431
482,239.1465172603715,49,1,0,0,1.4658172161786942,0.12347963031709247
483,178.87092596956796,21,1,0,0,1.3356620695965138,0.12335615068677537
484,166.91999919800207,19,1,0,0,1.4917675491683144,0.12323279453608858
485,175.84254057636548,50,1,0,0,1.495501755487515,0.1231095617415525
486,185.1734469129267,24,1,0,0,1.4920539086577518,0.12298645217981095
487,147.09198111397436,16,1,0,0,1.3652441747698336,0.12286346572763114
488,177.2416392609852,23,1,0,0,1.2803163039663332,0.12274060226190352
489,169.6555829333917,16,1,0,0,1.3181216980670611,0.1226178616596416
490,173.52037179320405,18,1,0,0,1.44920281498102,0.12249524379798196
491,224.70379378721026,34,1,0,0,1.3615397540786438,0.12237274855418397
492,240.8884084253796,42,1,0,0,1.3819728602975831,0.1222503758056298
493,228.0306349307015,36,1,0,0,1.3165162057254514,0.12212812542982417
494,136.763865326869,12,1,0,0,1.3286689124989641,0.12200599730439435
495,148.0342154721385,48,1,0,0,1.4844039169921226,0.12188399130708993
496,163.93195287250938,23,1,0,0,1.4420726481183126,0.12176210731578285
497,157.44672830984385,14,1,0,0,1.1001658888470234,0.12164034520846707
498,194.78853139723412,29,1,0,0,1.4226507086004734,0.12151870486325861
499,127.37387636617996,10,1,0,0,1.3982522804201691,0.12139718615839534
500,109.4543186785776,3,1,0,0,1.4023166804005973,0.12127578897223695
501,165.62986738104905,19,1,0,0,1.444606810411806,0.12115451318326471
502,212.46344571992006,33,1,0,0,1.4828135143969794,0.12103335867008146
503,143.71463964740985,10,1,0,0,1.0826030918395502,0.12091232531141137
504,173.70669638613904,25,1,0,0,1.1936627700667677,0.12079141298609995
505,143.01381064674865,16,1,0,0,1.272214497244608,0.12067062157311387
506,247.2524498940998,50,1,0,0,1.4257889460716033,0.12054995095154074
507,128.43245708802075,8,1,0,0,1.4545155553574762,0.12042940100058919
508,191.25111013800586,24,1,0,0,1.3935666045451327,0.1203089715995886
509,150.2152903390949,21,1,0,0,1.4193950203732615,0.12018866262798902
510,190.10604683251103,29,1,0,0,1.3623022423984847,0.12006847396536102
511,135.26716593900673,13,1,0,0,1.3084145260824676,0.11994840549139568
512,188.50190415762583,22,1,0,0,1.195009862463819,0.11982845708590428
513,248.8285766744787,48,1,0,0,1.3142958542742054,0.11970862862881837
514,176.03149277580883,26,1,0,0,1.2883717329995845,0.11958892000018956
515,181.11375324056803,22,1,0,0,1.4135351983564823,0.11946933108018937
516,160.1178645069686,24,1,0,0,1.487542501074837,0.11934986174910918
517,136.2785172476604,15,1,0,0,1.3974039246822518,0.11923051188736007
518,143.07241538679352,17,1,0,0,1.3497688194231534,0.11911128137547272
519,166.2175760413727,20,1,0,0,1.485728766992508,0.11899217009409724
520,164.6065024282267,23,1,0,0,1.4599054628445116,0.11887317792400315
521,180.72534121764232,23,1,0,0,1.3617241668396924,0.11875430474607913
522,155.82999803163875,13,1,0,0,1.375445828912139,0.11863555044133306
523,179.36741933868564,26,1,0,0,1.2089381502801202,0.11851691489089172
524,181.1985459321273,22,1,0,0,1.3377209184981662,0.11839839797600082
525,130.02725280782306,11,1,0,0,1.3964504900607841,0.11827999957802482
526,213.2003208488442,41,1,0,0,1.1789386427436603,0.11816171957844679
527,135.53929577365267,13,1,0,0,1.390035111424606,0.11804355785886836
528,139.13053315222606,14,1,0,0,1.293254185983677,0.11792551430100949
529,166.01561073030103,20,1,0,0,1.1990618418525425,0.11780758878670848
530,149.86561038800795,12,1,0,0,1.34754827163806,0.11768978119792178
531,207.28068321212248,35,1,0,0,1.3561487090287991,0.11757209141672385
532,183.2392195195435,21,1,0,0,1.490356571087765,0.11745451932530714
533,159.19795745037632,21,1,0,0,1.277000314623231,0.11733706480598181
534,146.3147679589558,15,1,0,0,1.3250825088783655,0.11721972774117584
535,253.64323281717458,54,1,0,0,1.2766572765667203,0.11710250801343465
536,123.04731235161324,50,1,0,0,1.4031903203258196,0.11698540550542123
537,198.01179643913042,31,1,0,0,1.2603728071183264,0.11686842009991581
538,167.09556761732097,17,1,0,0,1.3031377474090589,0.11675155167981588
539,182.1472685253309,49,1,0,0,1.380813168410013,0.11663480012813608
540,154.14038552802577,14,1,0,0,1.259547802442591,0.11651816532800795
541,126.89710788518732,9,1,0,0,1.4951611766762851,0.11640164716267992
542,157.36610961187318,82,1,0,0,1.4953042958151708,0.11628524551551725
543,158.44068531027392,22,1,0,0,1.492783605460451,0.11616896027000173
544,199.20240357574457,23,1,0,0,1.412102940085198,0.11605279130973173
545,169.8328784513387,22,1,0,0,1.451944558089646,0.115936738518422
546,170.3496686434557,19,1,0,0,1.3671381587652156,0.11582080177990357
547,162.58334263085757,17,1,0,0,1.2686257082428503,0.11570498097812368
548,162.1595502228308,23,1,0,0,1.4428069986188967,0.11558927599714555
549,121.22111032595251,8,1,0,0,1.330397275611999,0.1154736867211484
550,150.82546397154658,17,1,0,0,1.295658005051441,0.11535821303442724
551,247.49698920087263,51,1,0,0,1.4318637681858062,0.11524285482139283
552,146.11455570702137,18,1,0,0,1.285140358809176,0.11512761196657142
553,154.48911561139857,13,1,0,0,1.4026062323335526,0.11501248435460486
554,168.83550389367235,21,1,0,0,1.424123822692572,0.11489747187025026
555,277.851392761958,61,1,0,0,1.4865897501963676,0.11478257439838001
556,145.5486712156739,31,1,0,0,1.439843931617376,0.11466779182398162
557,172.81221991689682,25,1,0,0,1.4750480198584244,0.11455312403215763
558,206.83348955004135,35,1,0,0,1.339264109871696,0.11443857090812548
559,157.99294122295865,21,1,0,0,1.4293795658814117,0.11432413233721737
560,179.04292850750625,25,1,0,0,1.3726952390400677,0.11420980820488014
561,109.56273571529718,3,1,0,0,1.0982601658659952,0.11409559839667525
562,155.97333138841194,22,1,0,0,1.4537345511934552,0.1139815027982786
563,207.98690650871652,33,1,0,0,1.2798071310217516,0.1138675212954803
564,157.52989565759964,18,1,0,0,1.373593541351155,0.11375365377418484
565,151.18676195663062,18,1,0,0,1.1200785187242006,0.11363990012041064
566,120.94263345393853,7,1,0,0,1.4049959570233979,0.11352626022029022
567,154.4670493791284,19,1,0,0,1.2194666436726993,0.11341273396006996
568,134.08742572266593,13,1,0,0,1.3485182403968756,0.11329932122610986
569,144.86263126964468,62,1,0,0,1.4847821875407314,0.11318602190488376
570,138.05989889664448,12,1,0,0,1.4153492022110588,0.11307283588297888
571,185.29060531008395,24,1,0,0,1.3799607063684076,0.1129597630470959
572,133.17897667678315,13,1,0,0,1.2737226413610976,0.1128468032840488
573,186.21224329528917,24,1,0,0,1.4309347046270533,0.11273395648076474
574,149.70663942232602,58,1,0,0,1.4944944424014655,0.112621222524284
575,196.421470943519,23,1,0,0,1.2839377252758994,0.11250860130175971
576,192.15109661100738,22,1,0,0,1.477328450059695,0.11239609270045794
577,223.4377460767144,65,1,0,0,1.3918464989617771,0.11228369660775749
578,194.71281226325493,34,1,0,0,1.385834447130331,0.11217141291114972
579,170.63792732607322,25,1,0,0,1.4472353080383242,0.1120592414982386
580,184.01975359434965,24,1,0,0,1.3766628447664007,0.11194718225674034
581,219.30744693166892,47,1,0,0,1.4779767420103151,0.11183523507448359
582,189.30895921410882,21,1,0,0,1.2200269118594695,0.11172339983940911
583,160.11313704412208,22,1,0,0,1.4348934568901246,0.11161167643956971
584,170.80584646311956,16,1,0,0,1.320685297406204,0.11150006476313012
585,193.92887343482965,118,1,0,0,1.4792825346140142,0.111388564698367
586,198.12521963535863,24,1,0,0,1.3594633478383193,0.11127717613366864
587,135.14872168690232,14,1,0,0,1.2095789590444457,0.11116589895753498
588,201.49825619282592,26,1,0,0,1.4474375285824255,0.11105473305857744
589,195.35099979780406,24,1,0,0,1.232243005060751,0.11094367832551887
590,173.49733520036267,20,1,0,0,1.3696633705199328,0.11083273464719334
591,181.0210008495054,19,1,0,0,1.281361753765909,0.11072190191254615
592,200.40251025759875,26,1,0,0,1.4837662683908681,0.1106111800106336
593,163.03595569768464,21,1,0,0,1.40591142770504,0.11050056883062297
594,115.76287776482198,6,1,0,0,1.360461088001225,0.11039006826179235
595,186.00099281685888,22,1,0,0,1.3835904417852596,0.11027967819353056
596,186.88298797913893,22,1,0,0,1.3648605211814784,0.11016939851533702
597,208.19580156527627,24,1,0,0,1.479607626634548,0.1100592291168217
598,263.886029963404,64,1,0,0,1.4119672446051028,0.10994916988770487
599,159.17682287510314,19,1,0,0,1.418246763622726,0.10983922071781715
600,176.28136531978316,20,1,0,0,1.2576329475009187,0.10972938149709935
601,184.6182139318781,29,1,0,0,1.3027918980292263,0.10961965211560223
602,144.65966281746003,17,1,0,0,1.4241246564747212,0.10951003246348663
603,144.54484763193582,41,1,0,0,1.4950653489687373,0.10940052243102315
604,186.00859136347984,23,1,0,0,1.3013078459198297,0.10929112190859212
605,100.0,1,1,0,0,1.1625981491514779,0.10918183078668353
606,172.19156155942682,24,1,0,0,1.3865598771578878,0.10907264895589686
607,165.58104798814006,24,1,0,0,1.1838307118943845,0.10896357630694097
608,229.9913065285728,39,1,0,0,1.221922505612796,0.10885461273063401
609,176.09933606714995,19,1,0,0,1.3692164530648179,0.10874575811790338
610,220.51544348946985,130,1,0,0,1.474044640100699,0.10863701235978547
611,108.63135188720337,3,1,0,0,1.3384462883003836,0.10852837534742568
612,253.06588036987574,49,1,0,0,1.3446338704249727,0.10841984697207828
613,171.29053598393236,27,1,0,0,1.4067348103348734,0.10831142712510618
614,173.84205894222293,18,1,0,0,1.271970242400099,0.10820311569798108
615,186.74849481135038,29,1,0,0,1.4016417102193117,0.1080949125822831
616,220.42402819940918,42,1,0,0,1.4916954708569565,0.10798681766970082
617,159.90095822379683,51,1,0,0,1.4890809124428137,0.10787883085203112
618,200.70671832568516,24,1,0,0,1.246678269336267,0.10777095202117909
619,163.6787240467324,18,1,0,0,1.2424270087783893,0.10766318106915791
620,181.70787676290755,22,1,0,0,1.4438923844493659,0.10755551788808876
621,146.19889109985007,19,1,0,0,1.2661336924970121,0.10744796237020066
622,155.6805784077105,18,1,0,0,1.3349196018222793,0.10734051440783046
623,149.59057914977205,17,1,0,0,1.3397459723925718,0.10723317389342263
624,172.3326539148767,20,1,0,0,1.4551800715599208,0.10712594071952919
625,191.84135873741974,22,1,0,0,1.3573448377727018,0.10701881477880969
626,161.13571557802587,20,1,0,0,1.4635188528111147,0.10691179596403087
627,174.3471043121971,23,1,0,0,1.3632056375791426,0.10680488416806684
628,133.8655603991951,11,1,0,0,1.4132005041881797,0.10669807928389877
629,203.01478464365888,31,1,0,0,1.3860693169805491,0.10659138120461487
630,152.7556976114019,20,1,0,0,1.4838702333761888,0.10648478982341025
631,160.07276383154237,18,1,0,0,1.380577283698087,0.10637830503358683
632,156.7542158752885,23,1,0,0,1.3146248624058077,0.10627192672855326
633,167.0736788304106,47,1,0,0,1.4948628674338775,0.1061656548018247
634,235.00648003919216,45,1,0,0,1.338006135982857,0.10605948914702289
635,173.85829331009157,22,1,0,0,1.372281312491419,0.10595342965787585
636,159.61126350560144,22,1,0,0,1.3505372385379069,0.10584747622821798
637,152.7875361361886,20,1,0,0,1.4060838350611145,0.10574162875198977
638,150.7278445769486,18,1,0,0,1.2353230928618257,0.10563588712323778
639,153.29134652234575,21,1,0,0,1.4744932254636944,0.10553025123611454
640,162.69213654549822,19,1,0,0,1.3362961502944843,0.10542472098487841
641,135.1394285240336,10,1,0,0,1.3683685072263232,0.10531929626389354
642,224.35373702585838,32,1,0,0,1.498835974703515,0.10521397696762964
643,151.88554606034808,20,1,0,0,1.189533651007816,0.10510876299066202
644,182.96702483944932,23,1,0,0,1.3192387200279059,0.10500365422767136
645,149.74210976123996,18,1,0,0,1.384659527298954,0.10489865057344368
646,133.81506265093734,14,1,0,0,1.40669640207457,0.10479375192287024
647,159.81941256820136,21,1,0,0,1.4564844214161898,0.10468895817094737
648,245.45503422904594,82,1,0,0,1.4303340601567454,0.10458426921277642
649,163.974182436826,17,1,0,0,1.3159105299188056,0.10447968494356363
650,182.2006708978879,22,1,0,0,1.1391524078691349,0.10437520525862008
651,163.62355055427156,141,1,0,0,1.475775564915139,0.10427083005336146
652,173.62269844921246,26,1,0,0,1.342080041706582,0.10416655922330809
653,117.48812328423948,5,1,0,0,1.1091215720518222,0.10406239266408479
654,185.52620258345056,24,1,0,0,1.4606547309212405,0.1039583302714207
655,143.66233580657382,16,1,0,0,1.475998285319302,0.10385437194114928
656,130.141057621802,12,1,0,0,1.3055553954727899,0.10375051756920813
657,173.02924450822678,16,1,0,0,1.4322766576754236,0.10364676705163894
658,168.4316606551717,22,1,0,0,1.365185590015991,0.10354312028458729
659,148.5618705689979,23,1,0,0,1.4690694541580849,0.1034395771643027
660,122.9149018051203,13,1,0,0,1.4873521962343692,0.1033361375871384
661,195.6362062509558,24,1,0,0,1.3446187414209925,0.10323280144955126
662,177.993982555461,23,1,0,0,1.4794468244157237,0.1031295686481017
663,143.3369698764151,16,1,0,0,1.3675368108169204,0.10302643907945362
664,182.66349332663148,20,1,0,0,1.3287086731972029,0.10292341264037415
665,143.81671247881155,124,1,0,0,1.476903951753618,0.10282048922773378
666,152.3208577212648,18,1,0,0,1.1834460586707822,0.10271766873850606
667,151.38137232985662,16,1,0,0,1.2676083713245618,0.10261495106976753
668,168.43319768190267,22,1,0,0,1.4405167656979516,0.10251233611869777
669,164.40733089017445,17,1,0,0,1.450156358612838,0.10240982378257908
670,255.39411816367146,45,1,0,0,1.3336366852689623,0.1023074139587965
671,118.07956940217392,8,1,0,0,1.1218379295754781,0.1022051065448377
672,172.5898384061683,19,1,0,0,1.157020837048908,0.10210290143829287
673,71.44727131503043,200,0,0,1,1.8476686813903442,0.10200079853685456
674,168.42762444511843,82,1,0,0,1.482625256016816,0.10189879773831773
675,196.1530526558089,120,1,0,0,1.4921583629636666,0.1017968989405794
676,199.8616706940325,28,1,0,0,1.1937745862100293,0.10169510204163881
677,204.63698379963571,23,1,0,0,1.4131422737320545,0.10159340693959718
678,131.39110580867901,15,1,0,0,1.3885493057080718,0.10149181353265757
679,174.68454034885127,19,1,0,0,1.4485792372772508,0.10139032171912493
680,206.3194117346664,39,1,0,0,1.3565477380307065,0.1012889313974058
681,149.1318798298234,12,1,0,0,1.430369626582795,0.10118764246600838
682,192.50495496804882,32,1,0,0,1.2342556931651854,0.10108645482354238
683,154.16991432391436,15,1,0,0,1.3638881739016915,0.10098536836871884
684,170.3186437788412,23,1,0,0,1.4374004683277386,0.10088438300035013
685,180.9260292974716,27,1,0,0,1.4216013953790072,0.10078349861734977
686,209.30898005727727,175,1,0,0,1.4489318521938561,0.10068271511873242
687,175.6425867384,20,1,0,0,1.3673876564160419,0.10058203240361369
688,142.1730902509325,10,1,0,0,1.3922646102872989,0.10048145037121009
689,142.5910315816787,10,1,0,0,1.2634813569783792,0.10038096892083886
690,261.43509292749945,108,1,0,0,1.4881821677179157,0.10028058795191802
691,141.3827892608681,15,1,0,0,1.1696636677530832,0.1001803073639661
692,169.43873516348594,18,1,0,0,1.4505987508252383,0.10008012705660214
693,181.17157184182815,27,1,0,0,1.4324875651032891,0.09998004692954554
694,175.12590057556596,20,1,0,0,1.489310062281881,0.099880066882616
695,156.30361351917935,89,1,0,0,1.4214785388847395,0.09978018681573338
696,154.48904800471823,14,1,0,0,1.415551577962648,0.09968040662891764
697,150.75005590959714,14,1,0,0,1.1518745079426926,0.09958072622228872
698,166.63447180240132,16,1,0,0,1.3629581876343173,0.09948114549606644
699,144.61668385757423,136,1,0,0,1.4940086533746573,0.09938166435057037
700,122.79433393151143,8,1,0,0,1.471664951531851,0.0992822826862198
701,165.45035920430166,20,1,0,0,1.3556213379966533,0.09918300040353357
702,157.7342973853394,20,1,0,0,1.3615620993277298,0.09908381740313005
703,206.33155535127725,37,1,0,0,1.4596781631809261,0.09898473358572692
704,197.81267981625882,23,1,0,0,1.358067122341553,0.09888574885214119
705,154.29712428613612,16,1,0,0,1.1854505000552866,0.09878686310328905
706,199.95555429245712,182,1,0,0,1.4987490330987214,0.09868807624018576
707,133.6723861143463,8,1,0,0,1.3926579742332936,0.09858938816394558
708,152.8064086413433,15,1,0,0,1.3551295536955368,0.09849079877578162
709,184.4778114697774,50,1,0,0,1.497872560406698,0.09839230797700585
710,146.31568203284488,15,1,0,0,1.480381863637101,0.09829391566902884
711,172.66851569103005,26,1,0,0,1.4434284903789942,0.09819562175335982
712,187.53053358078847,24,1,0,0,1.3828976400312032,0.09809742613160645
713,168.22931960614167,22,1,0,0,1.4724210244617928,0.09799932870547484
714,234.86316661143863,45,1,0,0,1.4226457477183403,0.09790132937676937
715,222.41726338219385,36,1,0,0,1.4965580587880896,0.0978034280473926
716,31.60296876499639,200,0,0,1,1.79260950364737,0.0977056246193452
717,131.20528637997128,12,1,0,0,1.3566670829291085,0.09760791899472587
718,170.52589613683352,60,1,0,0,1.4427400008240239,0.09751031107573113
719,219.02149602909554,37,1,0,0,1.4493791224308787,0.09741280076465542
720,184.79444101910775,22,1,0,0,1.4041199803508604,0.09731538796389075
721,154.0988461804179,70,1,0,0,1.4483621964215572,0.09721807257592685
722,177.2115142228248,21,1,0,0,1.3496090804794498,0.09712085450335094
723,108.33448733459709,6,1,0,0,1.3841678776840856,0.09702373364884759
724,125.75098189626812,10,1,0,0,1.4134158684717057,0.09692670991519874
725,154.7783589899823,22,1,0,0,1.3577650883964372,0.09682978320528353
726,197.6334766461594,116,1,0,0,1.4809494289119156,0.09673295342207826
727,148.697452327557,18,1,0,0,1.4389808693362227,0.09663622046865616
728,152.93104161324473,78,1,0,0,1.475084885504833,0.09653958424818752
729,194.5442696104303,41,1,0,0,1.476879650597055,0.09644304466393933
730,159.23351739222477,22,1,0,0,1.3414074390859654,0.09634660161927538
731,157.3086017075679,15,1,0,0,1.292452471217616,0.0962502550176561
732,200.4820242089541,47,1,0,0,1.4992325530017476,0.09615400476263847
733,159.11250989396183,130,1,0,0,1.3853147672755644,0.09605785075787582
734,178.75579744395958,22,1,0,0,1.3033702879095792,0.09596179290711794
735,165.99736254516753,15,1,0,0,1.4794254229480608,0.09586583111421082
736,176.10284915380802,24,1,0,0,1.3913475361486858,0.09576996528309661
737,164.1095329232212,34,1,0,0,1.4856485075603922,0.09567419531781352
738,159.27916991145617,66,1,0,0,1.4610104474666368,0.09557852112249571
739,222.98183270677941,47,1,0,0,1.2960998923268332,0.0954829426013732
740,181.09456252347098,21,1,0,0,1.273631208587692,0.09538745965877184
741,193.15813696142345,76,1,0,0,1.4906945427723948,0.09529207219911306
742,111.29291608552727,6,1,0,0,1.460309022781378,0.09519678012691396
743,146.14709574013773,12,1,0,0,1.3293164332244964,0.09510158334678703
744,236.0082145068049,40,1,0,0,1.4953507578169056,0.09500648176344025
745,201.96493746041045,24,1,0,0,1.3131557751280007,0.09491147528167682
746,217.5648368844723,59,1,0,0,1.4072549939082764,0.09481656380639514
747,167.53437929242,16,1,0,0,1.398842701651829,0.09472174724258874
748,208.45910151117607,26,1,0,0,1.4441036127717592,0.09462702549534614
749,140.88123521702738,15,1,0,0,1.4880917515241154,0.0945323984698508
750,206.26860451433276,25,1,0,0,1.4860813934876032,0.09443786607138095
751,179.34299154611864,131,1,0,0,1.492933904742053,0.09434342820530957
752,154.35180992794528,19,1,0,0,1.397775682429323,0.09424908477710425
753,87.73324665665133,200,0,0,1,1.9273018840866747,0.09415483569232716
754,151.052580085909,164,1,0,0,1.4556791916544773,0.09406068085663483
755,63.43648691488827,200,0,0,1,1.7998615172404309,0.0939666201757782
756,161.15794575857998,20,1,0,0,1.4772295557407809,0.09387265355560243
757,145.41391026982294,200,0,0,1,2.681146323599024,0.09377878090204682
758,42.32594553234727,200,0,0,1,2.3993722525060894,0.09368500212114476
759,6.706428953078,200,0,0,1,2.387275878157867,0.09359131711902363
760,126.0348430427246,200,0,0,1,2.4667832845866973,0.0934977258019046
761,70.54401333312858,200,0,0,1,2.706264753868732,0.0934042280761027
762,232.33732249640678,75,1,0,0,1.4880536888739027,0.09331082384802658
763,170.99406916905286,79,1,0,0,1.487053054591142,0.09321751302417856
764,131.3712090004647,8,1,0,0,1.4827478968559928,0.09312429551115438
765,170.36461289483012,16,1,0,0,1.4529556972093813,0.09303117121564324
766,132.1935722532672,200,0,0,1,2.3758486919361155,0.09293814004442759
767,140.05892840602738,96,1,0,0,1.472045312446732,0.09284520190438317
768,165.06666339044347,22,1,0,0,1.4957547263998188,0.09275235670247878
769,174.52770460371897,24,1,0,0,1.4672610717307637,0.0926596043457763
770,126.64088269420006,9,1,0,0,1.2291346813805901,0.09256694474143051
771,176.18068273480372,171,1,0,0,1.4784339860027655,0.0924743777966891
772,138.96959350942257,200,0,0,1,1.9422069631458252,0.09238190341889241
773,133.78296761608541,13,1,0,0,1.263001170775547,0.09228952151547351
774,156.5600135287845,16,1,0,0,1.4612970673227925,0.09219723199395803
775,151.54279614002667,59,1,0,0,1.4812219152619837,0.09210503476196408
776,202.39001813340883,22,1,0,0,1.125388106847468,0.09201292972720211
777,187.9440725652618,106,1,0,0,1.40517686163285,0.09192091679747491
778,168.50982048044432,21,1,0,0,1.4943029869918178,0.09182899588067744
779,182.1520081693476,23,1,0,0,1.3755782203882205,0.09173716688479676
780,169.0665623937993,18,1,0,0,1.2434574405769168,0.09164542971791195
781,175.2465609283713,27,1,0,0,1.4684956030077556,0.09155378428819405
782,156.2479209054629,18,1,0,0,1.405500183528322,0.09146223050390585
783,180.3629425377324,25,1,0,0,1.430367903477386,0.09137076827340196
784,189.43479438675035,180,1,0,0,1.4834218093627558,0.09127939750512855
785,158.03885690017637,24,1,0,0,1.4746354295909347,0.09118811810762342
786,145.8121302359211,12,1,0,0,1.4108011949748824,0.0910969299895158
787,183.67666658209149,28,1,0,0,1.3746585668650944,0.09100583305952628
788,252.6031923763238,121,1,0,0,1.4958077531212688,0.09091482722646675
789,181.80851177807463,130,1,0,0,1.466283839586468,0.09082391239924029
790,171.96519937504678,23,1,0,0,1.4213264281702713,0.09073308848684104
791,165.1881722171677,128,1,0,0,1.4093675587744237,0.0906423553983542
792,193.71478512744392,26,1,0,0,1.2470900941042815,0.09055171304295584
793,170.7469105696473,23,1,0,0,1.1908834867073805,0.09046116132991289
794,135.45721758842396,13,1,0,0,1.3134236413126392,0.09037070016858298
795,192.65561799380328,132,1,0,0,1.438178600204945,0.0902803294684144
796,173.59978627977347,27,1,0,0,1.3680409610536246,0.09019004913894599
797,203.93281982304396,92,1,0,0,1.4729233601622829,0.09009985908980704
798,182.97320703707499,19,1,0,0,1.4061834122249568,0.09000975923071723
799,159.4735120305578,21,1,0,0,1.433564458890789,0.08991974947148651
800,174.5676030765105,22,1,0,0,1.4822067883317385,0.08982982972201503
801,172.25294965110467,19,1,0,0,1.1498443208335312,0.08973999989229302
802,160.28057845238447,16,1,0,0,1.4102629361371384,0.08965025989240072
803,101.60990829499974,200,0,0,1,2.099560155183957,0.08956060963250832
804,171.5543189408565,17,1,0,0,1.3596244494939473,0.08947104902287581
805,187.4278936456888,147,1,0,0,1.4710904812460885,0.08938157797385293
806,138.55847195042602,11,1,0,0,1.4666836165009063,0.08929219639587908
807,152.0224581666679,20,1,0,0,1.3302841613189824,0.0892029041994832
808,72.21785312083202,200,0,0,1,2.475279311259417,0.08911370129528372
809,163.4839885634278,95,1,0,0,1.4467009587615216,0.08902458759398843
810,211.94042935978098,25,1,0,0,1.2515777724698418,0.08893556300639444
811,190.62392107443657,136,1,0,0,1.4833198022435765,0.08884662744338806
812,178.3593885722368,28,1,0,0,1.49969216133442,0.08875778081594465
813,28.412670633046588,200,0,0,1,1.9847900188168512,0.08866902303512872
814,169.00823125873137,19,1,0,0,1.2789105532528977,0.08858035401209359
815,234.47505260114005,145,1,0,0,1.4993180027604398,0.08849177365808149
816,163.574453625367,88,1,0,0,1.4355228517352727,0.08840328188442342
817,125.9550187061146,14,1,0,0,1.488192802705737,0.08831487860253899
818,180.01420765905934,25,1,0,0,1.337185829164744,0.08822656372393645
819,103.90291712507354,2,1,0,0,1.3501489976365801,0.08813833716021252
820,144.99809412760567,15,1,0,0,1.4262322419045932,0.0880501988230523
821,238.78965349670545,46,1,0,0,1.3322757706371389,0.08796214862422924
822,145.39403812546345,47,1,0,0,1.4802869492389137,0.08787418647560502
823,197.27277700983325,21,1,0,0,1.2161537801857345,0.08778631228912942
824,166.73606353421374,16,1,0,0,1.2462674689836797,0.08769852597684029
825,52.290544612839135,200,0,0,1,2.429761627024414,0.08761082745086345
826,172.1692256589138,34,1,0,0,1.4761916069031513,0.08752321662341259
827,162.19991231477024,69,1,0,0,1.4456480446870335,0.08743569340678917
828,251.36267065935743,54,1,0,0,1.386911884337848,0.08734825771338238
829,135.2303665897455,9,1,0,0,1.3965093616790267,0.087260909455669
830,156.02244906001965,23,1,0,0,1.2793455925477033,0.08717364854621333
831,193.7292634265046,24,1,0,0,1.3711322524571004,0.08708647489766712
832,138.8819271180099,15,1,0,0,1.333342483375858,0.08699938842276944
833,190.5124824013506,78,1,0,0,1.4828670103744885,0.08691238903434667
834,152.18291499831284,20,1,0,0,1.4266635555724037,0.08682547664531233
835,139.18769011276294,14,1,0,0,1.3866448586013649,0.08673865116866702
836,170.68216905247988,188,1,0,0,1.462486668594331,0.08665191251749835
837,179.7331474820045,20,1,0,0,1.097911177353205,0.08656526060498086
838,232.3896222391345,127,1,0,0,1.433278366568114,0.08647869534437587
839,169.92621644854495,25,1,0,0,1.4445873891612309,0.0863922166490315
840,155.814317758311,18,1,0,0,1.4540906397430302,0.08630582443238247
841,138.48369665793567,34,1,0,0,1.4994845984763268,0.08621951860795007
842,172.17019701323963,20,1,0,0,1.462394846356521,0.08613329908934214
843,170.39519705399812,36,1,0,0,1.4758415964428697,0.08604716579025279
844,153.2117721466647,14,1,0,0,1.2449482790094557,0.08596111862446254
845,178.3292992131017,18,1,0,0,1.3955965508030723,0.08587515750583807
846,255.4657900853498,53,1,0,0,1.2678064709682626,0.08578928234833223
847,150.18833228051605,18,1,0,0,1.4640956228093611,0.0857034930659839
848,188.14019185419005,38,1,0,0,1.4729925100440067,0.08561778957291792
849,206.4062234880145,23,1,0,0,1.3219888925788503,0.085532171783345
850,156.9659834706561,17,1,0,0,1.4658331477022508,0.08544663961156165
851,143.45533497942876,12,1,0,0,1.3400287730569433,0.0853611929719501
852,238.88075176599773,48,1,0,0,1.4902829088560643,0.08527583177897814
853,245.14031398685017,79,1,0,0,1.4749996439852984,0.08519055594719917
854,141.62642606786235,10,1,0,0,1.2284208778550376,0.08510536539125196
855,168.69463847268975,20,1,0,0,1.4615422480056466,0.08502026002586072
856,161.73512083458806,15,1,0,0,1.3548121268427988,0.08493523976583485
857,169.40144977073487,19,1,0,0,1.3113353314147727,0.08485030452606902
858,171.69208896260778,19,1,0,0,1.4453990766029223,0.08476545422154295
859,161.86734056478073,16,1,0,0,1.4878940157145117,0.0846806887673214
860,172.15506049712172,43,1,0,0,1.4851693156015957,0.0845960080785541
861,183.82507279457803,48,1,0,0,1.4370415792528157,0.08451141207047552
862,183.1871868299594,22,1,0,0,1.4687655037252978,0.08442690065840507
863,202.5957937140166,32,1,0,0,1.4966014113041375,0.08434247375774666
864,160.1213647710577,133,1,0,0,1.499457601067422,0.0842581312839889
865,202.00242318512684,22,1,0,0,1.3290121034355555,0.08417387315270491
866,124.52683489073887,8,1,0,0,1.3323638403497973,0.08408969927955222
867,176.08958643620838,22,1,0,0,1.3273026833608055,0.08400560958027266
868,225.4691950203138,77,1,0,0,1.4849965986011324,0.08392160397069238
869,159.1333340286015,18,1,0,0,1.4090695983399157,0.08383768236672169
870,170.24419765393918,21,1,0,0,1.464643131113205,0.08375384468435498
871,208.4685474152697,44,1,0,0,1.4898273852839614,0.08367009083967061
872,31.541222441080745,200,0,0,1,3.0203860025049596,0.08358642074883094
873,118.6060914137127,55,1,0,0,1.485202229301633,0.08350283432808212
874,231.75802821413808,72,1,0,0,1.4980326886295623,0.08341933149375402
875,65.89989348721973,200,0,0,1,3.1719497671035404,0.08333591216226027
876,169.67901832052542,149,1,0,0,1.4044294839868834,0.08325257625009802
877,119.94469833117962,200,0,0,1,2.1943343371665565,0.08316932367384793
878,183.19669611997216,26,1,0,0,1.4526979533600224,0.08308615435017408
879,162.08414660396969,125,1,0,0,1.4344287197088212,0.0830030681958239
880,35.85533598178019,200,0,0,1,2.4367294894343443,0.08292006512762808
881,158.59656460604884,25,1,0,0,1.495015169159158,0.08283714506250045
882,168.9466661189137,18,1,0,0,1.3974689405807748,0.08275430791743794
883,144.72390399215539,12,1,0,0,1.2211351124918075,0.0826715536095205
884,169.48428043540292,45,1,0,0,1.4984673434720162,0.08258888205591099
885,169.97374252848044,23,1,0,0,1.4555343170732702,0.08250629317385508
886,69.32775005067039,200,0,0,1,2.187406040699365,0.08242378688068122
887,48.47237879705056,200,0,0,1,2.0181537700330563,0.08234136309380054
888,173.9604683064117,25,1,0,0,1.424098971868916,0.08225902173070675
889,149.7885885921991,12,1,0,0,1.2375739589902206,0.08217676270897603
890,153.9019569136172,13,1,0,0,1.4934537439612723,0.08209458594626706
891,204.9540599204953,31,1,0,0,1.4811333738718704,0.0820124913603208
892,158.3778937835711,76,1,0,0,1.4891890700803432,0.08193047886896047
893,160.54791177177825,18,1,0,0,1.4884762330275318,0.08184854839009151
894,171.1198087454128,168,1,0,0,1.4741998028033307,0.08176669984170142
895,192.36361994062173,25,1,0,0,1.3590202092938959,0.0816849331418597
896,136.2782485797347,82,1,0,0,1.4925273982741867,0.08160324820871785
897,192.20379546449357,30,1,0,0,1.4934934517435534,0.08152164496050913
898,161.9298806353754,17,1,0,0,1.2858022069339714,0.08144012331554862
899,133.61546554997472,63,1,0,0,1.4616040704784126,0.08135868319223308
900,156.17296450780853,184,1,0,0,1.488433786121023,0.08127732450904085
901,191.64261368920762,24,1,0,0,1.3243446933490701,0.08119604718453181
902,152.02497013092162,190,1,0,0,1.478804523223516,0.08111485113734727
903,46.75939648708122,200,0,0,1,2.8626200593888322,0.08103373628620993
904,75.41144915955199,200,0,0,1,2.681768847785491,0.08095270254992372
905,173.733589959198,18,1,0,0,1.4647540436625799,0.08087174984737379
906,135.4269152095381,200,0,0,1,2.2441961006320885,0.08079087809752641
907,147.4539530830291,64,1,0,0,1.4139940796256945,0.08071008721942889
908,189.99589691873922,23,1,0,0,1.443907962802942,0.08062937713220947
909,14.737222135455468,200,0,0,1,3.217117691959776,0.08054874775507725
910,167.12575856796568,157,1,0,0,1.4527981970921438,0.08046819900732217
911,169.99018236677603,20,1,0,0,1.4316348681934443,0.08038773080831485
912,173.78714331513518,21,1,0,0,1.4310667962984691,0.08030734307750653
913,58.660546180960914,200,0,0,1,2.7740077989615686,0.08022703573442903
914,34.819548418284995,200,0,0,1,2.584644609749743,0.0801468086986946
915,156.63149361757505,67,1,0,0,1.3825368050650855,0.08006666188999591
916,236.60024134865972,41,1,0,0,1.4743496175049755,0.07998659522810592
917,154.27277097436857,14,1,0,0,1.2273844500219828,0.07990660863287781
918,131.10564315534359,15,1,0,0,1.4540922631555266,0.07982670202424492
919,190.8638504744129,132,1,0,0,1.4087473199251679,0.07974687532222069
920,165.20956008105318,85,1,0,0,1.499424400430714,0.07966712844689847
921,159.27371249827743,18,1,0,0,1.4809600896824464,0.07958746131845157
922,143.78813501433982,18,1,0,0,1.406559811155297,0.07950787385713311
923,259.24796786231974,159,1,0,0,1.4705274458447144,0.07942836598327598
924,178.38156012396013,24,1,0,0,1.3929907071153569,0.07934893761729271
925,153.97714850956032,18,1,0,0,1.3685736631928103,0.07926958867967542
926,114.3068349768792,4,1,0,0,1.3299548717429777,0.07919031909099573
927,163.5944092668974,24,1,0,0,1.3592932453308395,0.07911112877190474
928,166.34395459002613,200,0,0,1,2.2052692359561283,0.07903201764313283
929,44.50782137643226,200,0,0,1,3.344190027582628,0.07895298562548969
930,185.54359653394351,162,1,0,0,1.491127547421781,0.07887403263986421
931,76.19508653951144,200,0,0,1,2.421232963025601,0.07879515860722436
932,182.51796237918083,179,1,0,0,1.4882945939126795,0.07871636344861713
933,147.77236894046618,19,1,0,0,1.488178512150614,0.07863764708516852
934,159.70534627757957,17,1,0,0,1.4716052759481029,0.07855900943808333
935,232.71351180160582,38,1,0,0,1.4284086990526652,0.07848045042864527
936,210.88098348743392,199,1,0,0,1.4896226615309545,0.0784019699782166
937,176.5624322677591,24,1,0,0,1.327375671411234,0.07832356800823839
938,129.01115716547116,47,1,0,0,1.4986433334337614,0.07824524444023015
939,189.25291164671836,95,1,0,0,1.4852497603638373,0.07816699919578993
940,193.84842747636483,21,1,0,0,1.3214287018296373,0.07808883219659413
941,154.28822429128044,14,1,0,0,1.4417042838234366,0.07801074336439755
942,136.48218777768366,14,1,0,0,1.497929379199519,0.07793273262103315
943,170.62824057911467,25,1,0,0,1.4353586384724029,0.07785479988841211
944,184.74779137739995,116,1,0,0,1.4799818331982508,0.07777694508852369
945,196.5373521661553,23,1,0,0,1.4581993297272238,0.07769916814343518
946,80.44996524864888,200,0,0,1,1.952710824549616,0.07762146897529174
947,160.99771808623086,31,1,0,0,1.4736577041120764,0.07754384750631645
948,123.84282703132233,74,1,0,0,1.4698197039970786,0.07746630365881013
949,170.80000212908084,16,1,0,0,1.4146680339002715,0.07738883735515133
950,135.42224036190416,10,1,0,0,1.4708075380470504,0.07731144851779617
951,223.27646915715488,40,1,0,0,1.4869369595947306,0.07723413706927837
952,159.5521098009969,55,1,0,0,1.4818666905740738,0.0771569029322091
953,174.44276979560388,69,1,0,0,1.456647751998164,0.07707974602927688
954,166.40443473459044,42,1,0,0,1.4951593017229408,0.0770026662832476
955,153.57368412665602,48,1,0,0,1.4779545909027556,0.07692566361696436
956,183.13942040250663,36,1,0,0,1.4978097978658556,0.0768487379533474
957,155.216678318057,18,1,0,0,1.4142668274739192,0.07677188921539405
958,190.70519822225322,26,1,0,0,1.1698287567900734,0.07669511732617866
959,77.20825175476485,200,0,0,1,2.040438180831245,0.07661842220885247
960,181.03864290951935,21,1,0,0,1.4345373253264286,0.07654180378664362
961,136.47409262735414,18,1,0,0,1.382889527660483,0.07646526198285697
962,70.13867776701373,200,0,0,1,1.8815465207193995,0.07638879672087412
963,18.259734484775258,200,0,0,1,1.785516797763918,0.07631240792415325
964,198.871284624059,31,1,0,0,1.4978400558219236,0.07623609551622909
965,189.64526500403636,32,1,0,0,1.490489802452127,0.07615985942071286
966,175.78873459951393,21,1,0,0,1.2770893261979566,0.07608369956129216
967,177.50930756782066,25,1,0,0,1.2901007694304223,0.07600761586173087
968,164.21950951971576,18,1,0,0,1.3912386994614143,0.07593160824586913
969,157.84010584359947,26,1,0,0,1.4995882409985521,0.07585567663762327
970,238.87538017712305,47,1,0,0,1.4081941590107383,0.07577982096098564
971,231.92495512566745,147,1,0,0,1.4912788807362793,0.07570404114002466
972,85.77769631126527,200,0,0,1,1.8472388301831095,0.07562833709888463
973,132.73223847672395,16,1,0,0,1.4459251005756464,0.07555270876178574
974,113.57171843578467,4,1,0,0,1.420838258728849,0.07547715605302396
975,181.06665372416785,26,1,0,0,1.4603902330983274,0.07540167889697093
976,190.5686336014988,94,1,0,0,1.4740566179990118,0.07532627721807396
977,173.05253124077115,23,1,0,0,1.4366508627819654,0.07525095094085588
978,139.46568018398148,12,1,0,0,1.378166478304679,0.07517569998991502
979,11.560987702863907,200,0,0,1,3.3985606358619833,0.07510052428992511
980,205.11756125456662,91,1,0,0,1.4989873437736623,0.07502542376563519
981,182.6241816624605,25,1,0,0,1.4060272343552147,0.07495039834186955
982,59.8745655221418,200,0,0,1,3.3730640527956806,0.07487544794352768
983,92.9999137107966,200,0,0,1,1.7495051168021205,0.07480057249558415
984,165.80461847395776,24,1,0,0,1.4472250564911797,0.07472577192308857
985,25.774836335511214,200,0,0,1,2.1159648136740414,0.07465104615116548
986,173.1662534864484,20,1,0,0,1.2592425104509273,0.07457639510501432
987,77.3294166193953,200,0,0,1,2.1778382719085463,0.0745018187099093
988,233.31220793712515,101,1,0,0,1.4628471495943036,0.0744273168911994
989,114.31720691203749,5,1,0,0,1.4415393081045975,0.07435288957430819
990,158.16690546427185,23,1,0,0,1.4556347462435602,0.07427853668473389
991,151.42428507758302,18,1,0,0,1.4558008808337422,0.07420425814804915
992,114.45576468814977,5,1,0,0,1.4234752558907113,0.07413005388990111
993,139.26001593772702,121,1,0,0,1.4951284461560677,0.0740559238360112
994,171.3804603470719,71,1,0,0,1.478633386012044,0.07398186791217519
995,126.06569720346519,159,1,0,0,1.4856443904134786,0.07390788604426302
996,139.2751537378577,21,1,0,0,1.472826246346518,0.07383397815821875
997,44.76894411174815,200,0,0,1,2.9948448168308848,0.07376014418006054
998,193.1586849283023,26,1,0,0,1.4908663791238692,0.07368638403588047
999,143.79231110131863,85,1,0,0,1.499048007552697,0.07361269765184458
1000,137.79402402702885,11,1,0,0,1.3258747666062807,0.07353908495419274
1001,152.98253839028152,20,1,0,0,1.3307758713312727,0.07346554586923855
1002,155.39475339544694,20,1,0,0,1.4208231460140075,0.07339208032336932
1003,157.45846832614657,24,1,0,0,1.3963829074772571,0.07331868824304594
1004,168.86370404277514,31,1,0,0,1.4897994986937206,0.0732453695548029
1005,217.53950087326484,37,1,0,0,1.438211011167571,0.07317212418524809
1006,109.03104412993733,9,1,0,0,1.4689965486273096,0.07309895206106286
1007,217.97336416706304,42,1,0,0,1.3562531577367176,0.07302585310900178
1008,57.11728391824301,200,0,0,1,2.464806829070442,0.07295282725589279
1009,2.8991996676309926,200,0,0,1,2.01791738765533,0.0728798744286369
1010,-13.646168611458258,11,0,1,0,2.6005523830292465,0.07280699455420825
1011,118.09418449665883,65,1,0,0,1.4288680998595886,0.07273418755965404
1012,165.37526200207833,24,1,0,0,1.3722506609495542,0.07266145337209438
1013,68.56695367059284,200,0,0,1,1.8562518223289661,0.07258879191872229
1014,192.7904491365574,200,1,0,0,1.4278516904426044,0.07251620312680357
1015,40.18229513717051,200,0,0,1,2.447867270718756,0.07244368692367677
1016,187.28237183647207,27,1,0,0,1.4623807000549112,0.07237124323675309
1017,146.36044995576452,16,1,0,0,1.4884448161345052,0.07229887199351634
1018,108.39361440858873,4,1,0,0,1.4493873526139713,0.07222657312152282
1019,155.75626834717406,23,1,0,0,1.44564923316787,0.07215434654840129
1020,173.76671225769564,19,1,0,0,1.4585515877973811,0.0720821922018529
1021,-50.0,1,0,1,0,7.223835013172606,0.07201011000965105
1022,235.80751780992816,71,1,0,0,1.4847355339417256,0.0719380998996414
1023,179.0892984421967,24,1,0,0,1.3537743627710757,0.07186616179974176
1024,143.67194184643643,15,1,0,0,1.3108254424098227,0.07179429563794201
1025,150.19214945767695,19,1,0,0,1.4757544743066764,0.07172250134230407
1026,103.3756938412259,3,1,0,0,1.352084574309454,0.07165077884096176
1027,156.53715781243883,15,1,0,0,1.315806289075419,0.0715791280621208
1028,9.23955413648605,15,0,1,0,4.2321712503740585,0.07150754893405868
1029,152.82888775922146,20,1,0,0,1.3296685845214808,0.07143604138512463
1030,154.6638687941469,24,1,0,0,1.489191180879481,0.07136460534373949
1031,176.55393911535396,38,1,0,0,1.4814552790860285,0.07129324073839576
1032,-7.468889653729306,18,0,1,0,2.4328227844771853,0.07122194749765737
1033,-1.661020871173676,18,0,1,0,1.8674480758840248,0.07115072555015971
1034,-4.800816833235508,14,0,1,0,5.0248071024436864,0.07107957482460955
1035,-18.961092019983212,9,0,1,0,6.771788683695283,0.07100849524978493
1036,129.65544909857152,18,1,0,0,1.293795548426713,0.07093748675453515
1037,110.53878252411604,13,1,0,0,1.3543581548091024,0.07086654926778062
1038,180.66728467224624,22,1,0,0,1.3893254122089869,0.07079568271851283
1039,-39.29058559376423,5,0,1,0,6.266022256360908,0.07072488703579433
1040,202.04430009738422,30,1,0,0,1.4816828276840857,0.07065416214875853
1041,157.4517144721961,147,1,0,0,1.495864886229278,0.07058350798660977
1042,202.01161892810708,22,1,0,0,1.399586605020364,0.07051292447862316
1043,146.86463301808806,15,1,0,0,1.498189070717358,0.07044241155414453
1044,-21.765575428901627,11,0,1,0,5.226721268043047,0.0703719691425904
1045,158.9370716794058,20,1,0,0,1.4162680276788575,0.0703015971734478
1046,159.42681575944667,52,1,0,0,1.44619658085506,0.07023129557627436
1047,180.5964665823172,26,1,0,0,1.476904817444708,0.07016106428069808
1048,188.02334572776863,24,1,0,0,1.3994362087235044,0.07009090321641738
1049,171.6865544239317,25,1,0,0,1.4677064404094828,0.07002081231320097
1050,-50.0,1,0,1,0,3.825279224789622,0.06995079150088777
1051,-50.0,1,0,1,0,3.308818444347393,0.06988084070938687
1052,169.5439149995317,39,1,0,0,1.4518762191597816,0.0698109598686775
1053,151.2175888522915,25,1,0,0,1.4040541096006047,0.06974114890880882
1054,163.92730263013976,32,1,0,0,1.4856137680719355,0.06967140775990001
1055,268.56652677404816,59,1,0,0,1.440787764234455,0.0696017363521401
1056,5.8669983608226985,15,0,1,0,8.4226839269354,0.06953213461578797
1057,148.36228533985792,173,1,0,0,1.471766474861724,0.06946260248117218
1058,-0.6610969706951408,15,0,1,0,2.0658795728746155,0.069393139878691
1059,-15.11143494472968,10,0,1,0,6.346557019360588,0.06932374673881231
1060,139.0923733569127,17,1,0,0,1.438714812982378,0.0692544229920735
1061,-32.85472841095236,5,0,1,0,9.642107549941281,0.06918516856908143
1062,29.558061541496862,200,0,0,1,2.980796441457177,0.06911598340051234
1063,-33.30556266086985,6,0,1,0,3.2907391391638945,0.06904686741711184
1064,164.48461772638674,20,1,0,0,1.4349070463899065,0.06897782054969472
1065,144.39905712918585,12,1,0,0,1.3102685141795862,0.06890884272914503
1066,-41.974562721071585,3,0,1,0,8.511869445226925,0.06883993388641589
1067,208.21485123267277,26,1,0,0,1.3078876910607335,0.06877109395252946
1068,151.85216641237378,15,1,0,0,1.2140165718777016,0.06870232285857694
1069,189.40590070761078,25,1,0,0,1.2604240006878598,0.06863362053571835
1070,171.42279453977136,23,1,0,0,1.4668023165324915,0.06856498691518263
1071,180.47005836646366,26,1,0,0,1.4075378933721865,0.06849642192826746
1072,-1.918425636182441,14,0,1,0,2.6441467141480985,0.06842792550633918
1073,171.23126062995874,106,1,0,0,1.4772680309176787,0.06835949758083286
1074,184.68302052292478,20,1,0,0,1.3485365323044345,0.06829113808325202
1075,151.500514611439,87,1,0,0,1.4903523574812747,0.06822284694516877
1076,4.621178316360947,13,0,1,0,5.169724014421789,0.06815462409822359
1077,-15.648226696989418,9,0,1,0,8.690584107016075,0.06808646947412537
1078,140.05834066346466,30,1,0,0,1.4705229399221575,0.06801838300465124
1079,100.16926579098443,3,1,0,0,1.4643710316073784,0.0679503646216466
1080,185.00263986993608,31,1,0,0,1.4902903670217198,0.06788241425702495
1081,157.92197223701316,21,1,0,0,1.2895145254636886,0.06781453184276792
1082,-47.59906810229644,2,0,1,0,3.762175788797095,0.06774671731092516
1083,207.02613027226676,39,1,0,0,1.479782810727196,0.06767897059361423
1084,161.77524829055645,20,1,0,0,1.498079661109274,0.06761129162302061
1085,175.19249106948322,25,1,0,0,1.3825967482253736,0.0675436803313976
1086,185.69657526841374,115,1,0,0,1.495024392097458,0.06747613665106621
1087,-16.309821215920635,10,0,1,0,7.118207794777668,0.06740866051441513
1088,162.16268562353537,26,1,0,0,1.3837901413747649,0.06734125185390072
1089,189.70687058682066,44,1,0,0,1.4802371796620202,0.06727391060204682
1090,-13.314587615212808,11,0,1,0,6.437650447949794,0.06720663669144476
1091,252.73470141039644,47,1,0,0,1.3464698996062276,0.06713943005475333
1092,175.37227251953743,27,1,0,0,1.4913984171683892,0.06707229062469858
1093,158.48015026034784,24,1,0,0,1.3395888337741242,0.06700521833407387
1094,161.50575805023644,25,1,0,0,1.4867223601468866,0.0669382131157398
1095,23.472521304540777,27,0,1,0,3.427011827124152,0.06687127490262405
1096,170.09329083474447,40,1,0,0,1.43248289938033,0.06680440362772143
1097,-37.23650583209967,4,0,1,0,11.06083143515175,0.06673759922409371
1098,144.64530964129708,22,1,0,0,1.457047929787462,0.06667086162486961
1099,184.5370935194233,60,1,0,0,1.4614949116575902,0.06660419076324474
1100,199.81158703679463,33,1,0,0,1.4021203335414218,0.0665375865724815
1101,206.86296845373857,28,1,0,0,1.4357852442687558,0.06647104898590903
1102,161.96641678080616,35,1,0,0,1.4995845910806966,0.06640457793692311
1103,108.5129600885799,15,1,0,0,1.4877409777738335,0.06633817335898619
1104,176.2340898937514,33,1,0,0,1.4815276950132927,0.06627183518562721
1105,177.82792310970314,21,1,0,0,1.393088691132737,0.06620556335044157
1106,201.63673906335475,36,1,0,0,1.3893570351202682,0.06613935778709114
1107,194.6941745075947,28,1,0,0,1.2685109532472232,0.06607321842930404
1108,254.53731886666105,55,1,0,0,1.4213805065153824,0.06600714521087474
1109,156.8009538324426,17,1,0,0,1.2904418012971992,0.06594113806566386
1110,4.415792696736865,15,0,1,0,3.7414145320879126,0.0658751969275982
1111,236.49092619922442,46,1,0,0,1.4005119551761545,0.0658093217306706
1112,158.4264240039396,20,1,0,0,1.3621444682690738,0.06574351240893993
1113,158.9045012872105,19,1,0,0,1.4648726159337575,0.06567776889653099
1114,174.67434066876922,23,1,0,0,1.4494551560971694,0.06561209112763447
1115,158.66516490397657,25,1,0,0,1.4735644490850157,0.06554647903650683
1116,-30.6237489625955,6,0,1,0,10.16358645151465,0.06548093255747033
1117,-49.77880669200509,2,0,1,0,4.19891121361895,0.06541545162491284
1118,29.259211046243323,36,0,1,0,1.789025847511349,0.06535003617328794
1119,179.81657394079303,27,1,0,0,1.4638155985485208,0.06528468613711465
1120,212.13875245166508,38,1,0,0,1.2734367177601682,0.06521940145097753
1121,158.45022734384315,59,1,0,0,1.4911901403680963,0.06515418204952655
1122,166.16272595567125,27,1,0,0,1.4755929687424407,0.06508902786747703
1123,-31.577234678689862,6,0,1,0,6.5057214068167495,0.06502393883960955
1124,-2.591231550805368,13,0,1,0,6.62520381656404,0.06495891490076994
1125,-6.906049142522207,10,0,1,0,7.188802550427902,0.06489395598586917
1126,177.53547717367653,28,1,0,0,1.3834663108258818,0.0648290620298833
1127,152.0303217301892,25,1,0,0,1.4812167036997108,0.06476423296785343
1128,166.75168793763066,28,1,0,0,1.4393891134400838,0.06469946873488557
1129,104.61649445985452,4,1,0,0,1.448841446109327,0.06463476926615068
1130,-2.325791036224558,18,0,1,0,7.561948496300408,0.06457013449688452
1131,150.10767297519305,43,1,0,0,1.4648792862738695,0.06450556436238765
1132,-47.839963555268646,2,0,1,0,2.905051649931573,0.06444105879802525
1133,154.07956983622495,19,1,0,0,1.3280560957362655,0.06437661773922723
1134,140.5489639134312,37,1,0,0,1.4895149992905856,0.064312241121488
1135,-31.153502827888662,6,0,1,0,9.918132796712953,0.06424792888036651
1136,146.44720880826884,27,1,0,0,1.4948845407171656,0.06418368095148615
1137,167.26862872361852,61,1,0,0,1.4996833887585825,0.06411949727053466
1138,-28.271040799045718,8,0,1,0,7.274001198887373,0.06405537777326413
1139,152.95925600253946,18,1,0,0,1.4821114196635141,0.06399132239549087
1140,156.60592725416356,24,1,0,0,1.4310685548804984,0.06392733107309538
1141,-14.924495685780428,14,0,1,0,2.801073612111499,0.06386340374202228
1142,179.11099426038982,41,1,0,0,1.4638707546250096,0.06379954033828027
1143,216.33011884206522,44,1,0,0,1.4256340125875595,0.06373574079794198
1144,114.88563381187578,6,1,0,0,1.3343371305643852,0.06367200505714403
1145,4.864530615073377,18,0,1,0,3.7888567609523496,0.0636083330520869
1146,170.27449612214116,22,1,0,0,1.4779090715128904,0.06354472471903481
1147,166.8178352738337,18,1,0,0,1.3436067731327892,0.06348117999431577
1148,228.67714747786127,37,1,0,0,1.4332864607516111,0.06341769881432145
1149,226.2557879598171,41,1,0,0,1.4373073408943209,0.06335428111550713
1150,151.86315859999826,35,1,0,0,1.4492805605481638,0.06329092683439162
1151,145.33483340595467,16,1,0,0,1.4298361336308127,0.06322763590755724
1152,172.97145258159674,22,1,0,0,1.4492420270868296,0.06316440827164968
1153,146.05807725593195,16,1,0,0,1.494414007254348,0.06310124386337802
1154,176.56656622913448,22,1,0,0,1.4726229879009511,0.06303814261951465
1155,125.37044321545523,16,1,0,0,1.4999568640944532,0.06297510447689512
1156,-15.880713186622671,13,0,1,0,4.2807973399513815,0.06291212937241823
1157,169.73066317120862,30,1,0,0,1.4496119394688243,0.06284921724304582
1158,178.8949667256922,27,1,0,0,1.3717974110464188,0.06278636802580277
1159,-12.794473781928701,23,0,1,0,2.5996028783540526,0.06272358165777697
1160,-32.87551332542961,8,0,1,0,7.449735409641611,0.0626608580761192
1161,-11.523242756912111,11,0,1,0,4.247078597876678,0.06259819721804308
1162,134.84857889263907,10,1,0,0,1.1803224131627879,0.06253559902082503
1163,177.06387559157002,27,1,0,0,1.3914267781121588,0.06247306342180421
1164,2.9628266783180806,15,0,1,0,3.3621399042232243,0.0624105903583824
1165,204.61900859914573,30,1,0,0,1.4041410906430285,0.062348179768024016
1166,-29.035504513259678,9,0,1,0,4.423214829185358,0.06228583158825599
1167,153.09071213562538,15,1,0,0,1.4456032335437181,0.06222354575666775
1168,215.30493036149144,42,1,0,0,1.4532601575960002,0.06216132221091108
1169,171.9595401138214,25,1,0,0,1.301092099705236,0.062099160888700156
1170,184.91176145810107,26,1,0,0,1.2707641155301381,0.06203706172781146
1171,15.740878558187873,24,0,1,0,2.632587985352417,0.06197502466608365
1172,-22.20591386976611,21,0,1,0,2.2117776809371215,0.06191304964141756
1173,156.95513166779386,28,1,0,0,1.4650110167034753,0.06185113659177615
1174,177.11520775414647,25,1,0,0,1.2741927510861757,0.061789285455184376
1175,166.53010403102644,36,1,0,0,1.494687397561915,0.061727496169729196
1176,-43.40105304339724,3,0,1,0,6.364717003934078,0.061665768673559454
1177,153.17176347297095,22,1,0,0,1.4816867428479237,0.061604102904885896
1178,179.64764509282008,23,1,0,0,1.2646108881938214,0.06154249880198101
1179,-50.60345775863202,9,0,1,0,2.2160216266909534,0.06148095630317903
1180,27.184881520674878,29,0,1,0,2.9855777461276176,0.061419475346875856
1181,176.23707639282708,27,1,0,0,1.4606742092613925,0.061358055871528976
1182,184.16481327290236,23,1,0,0,1.2966896615776324,0.06129669781565744
1183,203.67596564788906,27,1,0,0,1.4188036382076636,0.061235401117841794
1184,174.45879384134108,26,1,0,0,1.4653981656952249,0.061174165716723954
1185,146.14245283723878,22,1,0,0,1.377970838938329,0.061112991551007224
1186,190.89279877270337,58,1,0,0,1.486631611742051,0.06105187855945622
1187,211.23201485149366,38,1,0,0,1.4166395543760364,0.06099082668089676
1188,143.52793341659003,23,1,0,0,1.4751479775266316,0.060929835854215866
1189,-8.853331908428899,12,0,1,0,4.805450745497345,0.060868906018361646
1190,181.33666157765504,38,1,0,0,1.467660841656584,0.06080803711234328
1191,-18.50736636499396,12,0,1,0,7.670952792506462,0.06074722907523094
1192,-31.861258409291906,6,0,1,0,7.291253094425947,0.06068648184615571
1193,-26.34483355239267,12,0,1,0,3.2789073093521264,0.06062579536430956
1194,166.5095588452428,40,1,0,0,1.482405948495914,0.06056516956894525
1195,0.48964740630493253,12,0,1,0,8.254836172584165,0.0605046043993763
1196,100.0,1,1,0,0,1.0258008544044337,0.060444099794976926
1197,118.75308893442059,140,1,0,0,1.4344704976525882,0.06038365569518195
1198,-34.320121668266495,6,0,1,0,8.436492763731883,0.060323272039486765
1199,-41.21851008440902,6,0,1,0,2.7697391079111475,0.06026294876744728
1200,176.89837333436262,39,1,0,0,1.4938897048817528,0.060202685818679824
1201,135.40108377249047,35,1,0,0,1.4977665357901324,0.06014248313286115
1202,-13.711496763655077,15,0,1,0,2.54364715424679,0.06008234064972828
1203,139.90716677687556,27,1,0,0,1.4375562024510224,0.06002225830907856
1204,130.45791115466483,76,1,0,0,1.4995467255777484,0.05996223605076948
1205,116.59614232888153,5,1,0,0,1.2506433655345826,0.059902273814718715
1206,242.61889116106852,45,1,0,0,1.4923371028533705,0.059842371540903994
1207,153.32378416977684,22,1,0,0,1.4948238669576495,0.05978252916936309
1208,146.9730179877868,28,1,0,0,1.2971325639458096,0.059722746640193725
1209,178.5182726497864,87,1,0,0,1.3647338926851642,0.05966302389355354
1210,146.6329590284173,29,1,0,0,1.45566525186121,0.059603360869659984
1211,172.70461773177908,23,1,0,0,1.4790351250156653,0.05954375750879032
1212,195.3601746797342,102,1,0,0,1.4967029521093922,0.059484213751281524
1213,155.82189061451948,27,1,0,0,1.4871186748506824,0.059424729537530245
1214,189.4322618164897,26,1,0,0,1.272410064699087,0.059365304807992715
1215,125.54549611088554,12,1,0,0,1.357393537022448,0.059305939503184725
1216,-5.430221373499698,14,0,1,0,4.679730265258717,0.05924663356368154
1217,-23.92006486363564,8,0,1,0,6.354061895857639,0.05918738693011786
1218,175.16701736248075,24,1,0,0,1.3899321924905508,0.059128199543187744
1219,147.20556663616222,30,1,0,0,1.4781251225095078,0.05906907134364456
1220,-41.3194680752515,4,0,1,0,3.571881482712998,0.05901000227230091
1221,160.12612166307343,22,1,0,0,1.4829931013144466,0.058950992270028604
1222,167.49755579628294,29,1,0,0,1.4874841588965948,0.05889204127775858
1223,234.741241888154,55,1,0,0,1.484642950910404,0.05883314923648082
1224,16.795465920071976,200,0,0,1,1.584301840631908,0.058774316087244344
1225,114.06468467067572,84,1,0,0,1.4404427039429057,0.0587155417711571
1226,192.27443643349017,52,1,0,0,1.499388476972405,0.05865682622938594
1227,111.34277484822181,8,1,0,0,1.4386482604574238,0.058598169403156555
1228,175.29538312458678,25,1,0,0,1.3615526071602944,0.0585395712337534
1229,162.17043576815377,24,1,0,0,1.3245108890787582,0.058481031662519646
1230,165.00746451655158,27,1,0,0,1.48777319221574,0.05842255063085712
1231,-33.962069694220354,7,0,1,0,4.405946650546148,0.058364128080226264
1232,-44.15355367737264,3,0,1,0,5.948721335228989,0.05830576395214604
1233,-34.51560416004245,7,0,1,0,11.516351038950162,0.05824745818819389
1234,-14.02039703239734,13,0,1,0,7.462865178180077,0.05818921073000569
1235,157.56101286378754,29,1,0,0,1.2972723016672463,0.0581310215192757
1236,128.4760219521239,14,1,0,0,1.3310299223072721,0.058072890497756414
1237,-40.24389784140034,5,0,1,0,6.941368041173338,0.05801481760725866
1238,-19.586104802186412,13,0,1,0,4.070664288681015,0.0579568027896514
1239,131.05207402213898,22,1,0,0,1.4373958606963504,0.05789884598686175
1240,153.2546527776698,29,1,0,0,1.3579735659465033,0.05784094714087489
1241,140.03999340332405,35,1,0,0,1.4385984172324062,0.057783106193734016
1242,201.98987377573354,34,1,0,0,1.3462477610518324,0.05772532308754028
1243,165.3681962229113,36,1,0,0,1.4777984960695691,0.05766759776445274
1244,-33.21792694343501,7,0,1,0,7.155793754012935,0.057609930166688285
1245,186.66390044273146,42,1,0,0,1.4969448572153459,0.0575523202365216
1246,145.18888162484075,18,1,0,0,1.483381147719178,0.05749476791628508
1247,149.25305936793706,28,1,0,0,1.4606239788099902,0.0574372731483688
1248,260.82180922981877,53,1,0,0,1.4306860033075564,0.05737983587522042
1249,196.68126424656367,33,1,0,0,1.392033149986745,0.05732245603934521
1250,175.06945814960756,43,1,0,0,1.4724028599514138,0.057265133583305865
1251,254.79986216354007,46,1,0,0,1.293393982269389,0.05720786844972256
1252,181.85827778766884,30,1,0,0,1.388138435030502,0.05715066058127283
1253,235.52660434068693,46,1,0,0,1.4762329839183224,0.05709350992069156
1254,231.10343512233632,41,1,0,0,1.4028324697208565,0.05703641641077087
1255,167.97143760632713,37,1,0,0,1.3422878635557984,0.05697937999436009
1256,177.96678967859958,23,1,0,0,1.4506894581790089,0.05692240061436574
1257,223.87455552997307,71,1,0,0,1.484631934431287,0.05686547821375137
1258,126.51330156238807,45,1,0,0,1.4731726868581794,0.05680861273553761
1259,178.22082504141224,62,1,0,0,1.4772343769483367,0.05675180412280208
1260,156.0656350948433,46,1,0,0,1.4900463188499318,0.05669505231867927
1261,157.84731716826087,22,1,0,0,1.389985114938188,0.0566383572663606
1262,147.60210820530403,21,1,0,0,1.3077832173611696,0.05658171890909424
1263,165.266579067233,26,1,0,0,1.293765078834607,0.05652513719018514
1264,-4.6355243051499855,14,0,1,0,6.665836934831528,0.056468612052994964
1265,192.59743061599005,25,1,0,0,1.3179385788884026,0.05641214344094197
1266,160.7095115865497,50,1,0,0,1.4652031083591,0.05635573129750102
1267,176.4071761151829,59,1,0,0,1.467030244117994,0.05629937556620351
1268,178.96116218086058,173,1,0,0,1.3668399615069142,0.056243076190637314
1269,183.39740018819842,103,1,0,0,1.490674407100883,0.05618683311444668
1270,170.21505010552977,30,1,0,0,1.3497096691352153,0.056130646281332235
1271,79.93373081901393,160,1,0,0,1.4806029957886149,0.05607451563505089
1272,179.27508298863705,29,1,0,0,1.4102456057639532,0.05601844111941584
1273,146.80719344195495,22,1,0,0,1.3074478750492937,0.05596242267829643
1274,184.86419888492154,43,1,0,0,1.4889965490232793,0.05590646025561813
1275,163.90029088420636,29,1,0,0,1.48330509842031,0.055850553795362516
1276,-42.37524810295565,4,0,1,0,6.1663911073788515,0.055794703241567156
1277,163.6906028809152,80,1,0,0,1.4856453002826633,0.05573890853832558
1278,153.9930608482348,38,1,0,0,1.4782603122912923,0.055683169629787255
1279,18.820904630131793,23,0,1,0,2.232431536641549,0.05562748646015747
1280,249.87847616985158,48,1,0,0,1.483909467997839,0.05557185897369732
1281,170.27619390830165,28,1,0,0,1.4956282995669954,0.05551628711472362
1282,126.45035085794922,23,1,0,0,1.3963141489671604,0.0554607708276089
1283,163.82516415073113,26,1,0,0,1.4917124911171173,0.05540531005678129
1284,159.97632571858992,15,1,0,0,1.4138758881436848,0.0553499047467245
1285,113.20573599521444,11,1,0,0,1.4164197924019062,0.05529455484197779
1286,177.7406774361978,32,1,0,0,1.3756289723976232,0.05523926028713581
1287,32.05493220661457,200,0,0,1,2.635286358314188,0.05518402102684866
1288,30.499074062835035,200,0,0,1,2.702797864497115,0.05512883700582182
1289,207.4164494144062,66,1,0,0,1.4454164519884225,0.055073708168815995
1290,185.09454670303262,68,1,0,0,1.4188373834002934,0.05501863446064718
1291,156.92431447836339,149,1,0,0,1.4943752513292132,0.05496361582618653
1292,173.5592241155158,31,1,0,0,1.3892464979895731,0.05490865221036034
1293,170.82086841018167,23,1,0,0,1.3693227190525912,0.05485374355814998
1294,168.27863617493637,29,1,0,0,1.3181313238972965,0.054798889814591835
1295,166.69273611238108,38,1,0,0,1.4016239072881003,0.05474409092477725
1296,140.13492516830303,28,1,0,0,1.275880011516851,0.05468934683385247
1297,156.05000073487508,28,1,0,0,1.4472061549323276,0.054634657487018616
1298,214.77644414535484,36,1,0,0,1.478400560822496,0.054580022829531595
1299,145.48227156109292,31,1,0,0,1.43587840309078,0.05452544280670207
1300,139.04557264151728,48,1,0,0,1.4233231495647647,0.05447091736389536
1301,177.0765416814327,28,1,0,0,1.4506425911165217,0.054416446446531465
1302,165.4033160750324,33,1,0,0,1.4304854162668146,0.05436203000008494
1303,115.45401534562271,26,1,0,0,1.3805067837944638,0.05430766797008485
1304,185.05943540182176,26,1,0,0,1.471560617466416,0.054253360302114764
1305,-42.8126469932549,3,0,1,0,3.3352438240373474,0.05419910694181265
1306,196.83362771187691,30,1,0,0,1.451934859703523,0.05414490783487084
1307,170.80107718454505,42,1,0,0,1.4839797666743952,0.05409076292703596
1308,171.57890803990432,23,1,0,0,1.4711297944588986,0.054036672164108936
1309,130.3978168581261,15,1,0,0,1.4007054385711222,0.05398263549194482
1310,167.04130005638677,34,1,0,0,1.4846046914422892,0.053928652856452874
1311,147.4054993602442,90,1,0,0,1.4584633114438776,0.05387472420359643
1312,134.80725836588786,18,1,0,0,1.4458977298203892,0.053820849479392835
1313,176.47297217930185,23,1,0,0,1.4480815923943757,0.05376702862991344
1314,163.24959755612707,30,1,0,0,1.2110113537748668,0.05371326160128353
1315,193.72362949501252,43,1,0,0,1.4996539042457029,0.05365954833968224
1316,4.5067307780564585,200,0,0,1,3.644292365236399,0.05360588879134255
1317,189.16297959125862,32,1,0,0,1.3677947388036318,0.05355228290255121
1318,-28.928611733241855,7,0,1,0,11.600754828326796,0.05349873061964866
1319,136.47094990702664,28,1,0,0,1.442588625065063,0.05344523188902901
1320,188.2412888309579,43,1,0,0,1.2232791017555564,0.053391786657139985
1321,175.41206690572386,40,1,0,0,1.2948046038115186,0.05333839487048284
1322,-21.278919939764773,9,0,1,0,5.122417920044424,0.05328505647561236
1323,173.06456074459896,107,1,0,0,1.4699796014091195,0.05323177141913674
1324,134.1492241153653,10,1,0,0,1.1950157067410037,0.05317853964771762
1325,174.67645717047128,28,1,0,0,1.4427898053911015,0.053125361108069896
1326,153.9012961192406,32,1,0,0,1.3959472790295204,0.05307223574696183
1327,45.06767953899635,200,0,0,1,3.1185856800388043,0.05301916351121486
1328,158.55017172747247,38,1,0,0,1.413955256157718,0.05296614434770365
1329,165.1185821311513,28,1,0,0,1.4220484513956437,0.05291317820335594
1330,159.85789089947974,18,1,0,0,1.4509472880006558,0.05286026502515259
1331,228.49893986714775,49,1,0,0,1.2334656280725906,0.052807404760127435
1332,155.60980858141988,50,1,0,0,1.3558935138198205,0.052754597355367305
1333,188.63516139751013,44,1,0,0,1.4629448403204428,0.052701842758011944
1334,168.42512619451327,23,1,0,0,1.3334013448643252,0.052649140915253925
1335,209.65616536815583,46,1,0,0,1.4039702939265017,0.05259649177433867
1336,120.07685316735369,19,1,0,0,1.4510109457058857,0.05254389528256434
1337,169.2342495043374,26,1,0,0,1.2650004548865008,0.052491351387281775
1338,136.4793025358426,20,1,0,0,1.4649855779141976,0.052438860035894486
1339,224.80769440775356,41,1,0,0,1.4381193310938383,0.052386421175858594
1340,135.92220011683077,29,1,0,0,1.4514799428729321,0.052334034754682734
1341,148.1223865500765,92,1,0,0,1.4800317732459691,0.05228170071992805
1342,171.58991451885353,26,1,0,0,1.4040382612179767,0.05222941901920813
1343,192.31662010234027,61,1,0,0,1.3536910233331876,0.05217718960018891
1344,173.19519385377265,33,1,0,0,1.3343161270699802,0.05212501241058873
1345,195.0652757308067,34,1,0,0,1.4962845527562534,0.05207288739817814
1346,116.48512213198788,6,1,0,0,1.3929215242892803,0.05202081451077996
1347,156.7749641178373,30,1,0,0,1.4807271112751565,0.05196879369626918
1348,229.97414462586823,44,1,0,0,1.3073017572775365,0.05191682490257291
1349,170.5487856984271,51,1,0,0,1.440938483369817,0.05186490807767034
1350,159.81786465373713,23,1,0,0,1.4738039079652585,0.05181304316959267
1351,191.44783811485937,31,1,0,0,1.3123355319102161,0.05176123012642308
1352,164.09796472739933,24,1,0,0,1.3849393850388072,0.051709468896296656
1353,141.9178812284989,17,1,0,0,1.4724579993474418,0.051657759427400356
1354,143.03465227946435,22,1,0,0,1.4374281671748785,0.05160610166797296
1355,172.5651721351559,36,1,0,0,1.4987326942400898,0.05155449556630498
1356,230.8572380882719,45,1,0,0,1.423828738089993,0.051502941070738675
1357,160.3253691613466,18,1,0,0,1.3555894074361272,0.05145143812966794
1358,201.62989487063902,51,1,0,0,1.3404469577896359,0.05139998669153827
1359,204.96504640309337,43,1,0,0,1.2700621311515126,0.05134858670484674
1360,207.49948317112745,40,1,0,0,1.4201384282044867,0.05129723811814189
1361,185.09407226971103,23,1,0,0,1.4236539716382306,0.051245940880023745
1362,53.16044596783376,200,0,0,1,3.601433432141545,0.05119469493914372
1363,50.021618986279364,200,0,0,1,4.364112190383285,0.05114350024420458
1364,163.17534896682514,35,1,0,0,1.4559513373851452,0.05109235674396037
1365,16.2595269034277,200,0,0,1,3.5148291209204183,0.051041264387216415
1366,188.71516991764378,29,1,0,0,1.2505909037382401,0.05099022312282919
1367,256.94052122701976,55,1,0,0,1.298216073537602,0.050939232899706366
1368,179.60685710972322,124,1,0,0,1.4073542867089555,0.05088829366680667
1369,207.60278087757376,42,1,0,0,1.4710985714938032,0.050837405373139855
1370,152.66807496615874,19,1,0,0,1.2626260000017013,0.05078656796776672
1371,184.67248923772843,30,1,0,0,1.384865778332582,0.050735781399798945
1372,184.45534624004642,29,1,0,0,1.4899234337881406,0.05068504561839915
1373,226.5617008316007,43,1,0,0,1.4942185127419043,0.05063436057278075
1374,152.16120816666444,30,1,0,0,1.4732608854738576,0.05058372621220797
1375,159.38624157725448,25,1,0,0,1.4498136550822283,0.050533142485995754
1376,151.6335694494696,49,1,0,0,1.4818787907298787,0.05048260934350977
1377,156.12243110246214,53,1,0,0,1.4982146437539683,0.05043212673416625
1378,137.76025744461072,44,1,0,0,1.4457571419913617,0.05038169460743208
1379,160.31918647912275,38,1,0,0,1.379619119055706,0.05033131291282466
1380,139.53172809673308,18,1,0,0,1.496338898068091,0.05028098159991184
1381,167.05502797503968,30,1,0,0,1.4323238341722375,0.05023070061831192
1382,166.23775455049724,32,1,0,0,1.280211245939905,0.05018046991769361
1383,175.59639361255165,24,1,0,0,1.494072717176007,0.050130289447775915
1384,131.15715979653635,23,1,0,0,1.4267151825059177,0.050080159158328134
1385,192.83241317942938,34,1,0,0,1.443335422919935,0.05003007899916981
1386,149.9776983213539,73,1,0,0,1.3436826191448292,0.04998004892017064
1387,171.45475381299633,28,1,0,0,1.326381937990948,0.04993006887125047
1388,143.3127668367265,15,1,0,0,1.2321539309008438,0.049880138802379216
1389,194.01776701125456,26,1,0,0,1.2087551760817896,0.04983025866357684
1390,176.7299543630134,36,1,0,0,1.4026279927179879,0.04978042840491326
1391,200.33379380720635,33,1,0,0,1.3375749913523385,0.04973064797650835
1392,131.22389175277723,18,1,0,0,1.474650137880789,0.04968091732853184
1393,164.36488842057204,37,1,0,0,1.4525690106879774,0.04963123641120331
1394,158.08657364104488,32,1,0,0,1.4512741630311374,0.049581605174792105
1395,248.7436906157177,56,1,0,0,1.4310847217377514,0.04953202356961731
1396,-50.0,1,0,1,0,3.346329438630455,0.0494824915460477
1397,231.80092587560642,43,1,0,0,1.361712426007772,0.04943300905450165
1398,188.41652855879556,37,1,0,0,1.4976285975578074,0.049383576045447145
1399,122.57259102351,31,1,0,0,1.444702788313844,0.0493341924694017
1400,235.54684755297538,46,1,0,0,1.334486306712494,0.0492848582769323
1401,130.52600135670284,17,1,0,0,1.4143184836632423,0.049235573418655365
1402,128.76780449673072,157,1,0,0,1.3828927802809574,0.04918633784523671
1403,239.49559256854528,64,1,0,0,1.4989758087516465,0.04913715150739147
1404,13.963325109601419,200,0,0,1,4.199204973017523,0.049088014355884085
1405,169.52308256062986,26,1,0,0,1.27920320968197,0.0490389263415282
1406,196.52437599309863,28,1,0,0,1.4347413327495144,0.04898988741518667
1407,53.591690382830954,200,0,0,1,3.8295217029759443,0.04894089752777148
1408,176.15923434094785,26,1,0,0,1.4633304241450988,0.04889195663024371
1409,226.99253795644972,32,1,0,0,1.4966039278002372,0.04884306467361346
1410,92.00520660731598,200,0,0,1,2.552163846222422,0.048794221608939856
1411,196.18718734644904,26,1,0,0,1.4061919628212438,0.04874542738733091
1412,184.35789499452346,30,1,0,0,1.4678659415542221,0.04869668195994358
1413,174.23019261705463,25,1,0,0,1.4198028513415226,0.04864798527798364
1414,151.62988374806918,165,1,0,0,1.498441667039443,0.04859933729270566
1415,153.19940467890646,33,1,0,0,1.350625265497754,0.048550737955412954
1416,209.52107674701278,38,1,0,0,1.3582840333954336,0.04850218721745753
1417,143.75246216337626,19,1,0,0,1.458681142147898,0.048453685030240085
1418,169.20128190864216,33,1,0,0,1.4760533220992897,0.04840523134520984
1419,209.4210121717782,33,1,0,0,1.3762076092852242,0.04835682611386463
1420,-41.73643357115785,94,0,0,0,8.755892176375038,0.04830846928775076
1421,201.93897107322692,38,1,0,0,1.4749120185081295,0.048260160818463016
1422,143.31729647357963,129,1,0,0,1.4673808260034058,0.04821190065764455
1423,173.6882493023923,26,1,0,0,1.4909105419011581,0.04816368875698691
1424,258.04175006696687,49,1,0,0,1.3403571137093124,0.048115525068229914
1425,156.84692525169015,30,1,0,0,1.4993454086557159,0.04806740954316169
1426,161.9433081335004,22,1,0,0,1.2354947933724267,0.048019342133618526
1427,164.8374597985623,23,1,0,0,1.4431389534824606,0.04797132279148491
1428,197.50353612380127,34,1,0,0,1.3188578265807038,0.04792335146869342
1429,6.077828880200807,200,0,0,1,5.553055265444939,0.04787542811722473
1430,167.91581619496787,65,1,0,0,1.4498834631021262,0.04782755268910751
1431,140.2333671790588,16,1,0,0,1.4044092977327483,0.0477797251364184
1432,147.5539637934701,23,1,0,0,1.3899946899072055,0.04773194541128198
1433,154.1369036544355,29,1,0,0,1.4049152833030454,0.0476842134658707
1434,179.786185693949,23,1,0,0,1.2618895665162146,0.04763652925240483
1435,157.3511444794849,138,1,0,0,1.4523322215661818,0.04758889272315242
1436,206.6198197164635,44,1,0,0,1.3062561596907132,0.04754130383042927
1437,187.74945970888996,23,1,0,0,1.4083826085385636,0.04749376252659884
1438,180.36552134769536,49,1,0,0,1.4912489002711544,0.04744626876407224
1439,193.67027473476693,37,1,0,0,1.2212931957963116,0.04739882249530817
1440,177.59610419573875,22,1,0,0,1.3025236889230563,0.047351423672812865
1441,36.50768369546356,200,0,0,1,3.9540215217691164,0.047304072249140044
1442,191.60200596803526,26,1,0,0,1.4592422700074663,0.04725676817689091
1443,166.42467219708539,37,1,0,0,1.4401779742474676,0.04720951140871402
1444,179.96012667729525,41,1,0,0,1.476636247575759,0.0471623018973053
1445,159.6342842459305,42,1,0,0,1.4058499740466952,0.047115139595408
1446,152.78988450471465,19,1,0,0,1.3950701156381167,0.04706802445581259
1447,137.0560890050999,11,1,0,0,1.4156228272708475,0.04702095643135678
1448,197.53924217535308,53,1,0,0,1.4822179196413936,0.04697393547492542
1449,4.273885881057016,200,0,0,1,3.100966852896962,0.046926961539450494
1450,159.5856425599805,22,1,0,0,1.4669839469060506,0.04688003457791104
1451,175.64129951235768,32,1,0,0,1.2381580658581275,0.04683315454333314
1452,217.58034633171525,158,1,0,0,1.4440957956269094,0.0467863213887898
1453,197.73223880519072,39,1,0,0,1.4964095103639588,0.04673953506740101
1454,145.12987068839323,16,1,0,0,1.40430269212127,0.04669279553233361
1455,150.94763084713006,97,1,0,0,1.454833294032917,0.046646102736801275
1456,179.609656244679,23,1,0,0,1.2665875372860262,0.04659945663406448
1457,155.538579553825,48,1,0,0,1.477131626010475,0.04655285717743041
1458,127.09217859991517,10,1,0,0,1.435381443007052,0.04650630432025298
1459,164.83301975899928,27,1,0,0,1.3596826891901246,0.046459798015932724
1460,194.02848448747523,74,1,0,0,1.4828753769585357,0.046413338217916794
1461,108.47596124970309,4,1,0,0,1.4366845551020415,0.04636692487969887
1462,179.068456211806,20,1,0,0,1.3992666678662402,0.04632055795481918
1463,108.1561237691915,200,0,0,1,2.504553145808417,0.04627423739686436
1464,188.08948821684282,25,1,0,0,1.3157083563396264,0.04622796315946749
1465,135.81153765632476,15,1,0,0,1.4665760583472998,0.04618173519630803
1466,129.81902358597105,21,1,0,0,1.3680549574469791,0.04613555346111172
1467,193.13059770072206,94,1,0,0,1.4843587881218616,0.04608941790765061
1468,12.296352205255886,200,0,0,1,7.100682517081099,0.046043328489742956
1469,163.39290480997704,117,1,0,0,1.4855965609353823,0.04599728516125321
1470,144.0558802821002,17,1,0,0,1.3293641371436546,0.045951287876091956
1471,171.98708359398543,20,1,0,0,1.4334613462274224,0.04590533658821587
1472,171.07781417685538,37,1,0,0,1.3606664018231993,0.04585943125162765
1473,154.48331735205437,19,1,0,0,1.426856007895209,0.04581357182037602
1474,156.53636536390326,23,1,0,0,1.4868417942370522,0.04576775824855565
1475,197.3676655976655,23,1,0,0,1.285866296918304,0.04572199049030709
1476,48.638396163432105,200,0,0,1,1.695812874949534,0.045676268499816784
1477,183.23072938301834,24,1,0,0,1.4517329007106208,0.04563059223131696
1478,145.00983765948016,14,1,0,0,1.0955110014193201,0.04558496163908565
1479,43.87012254148079,200,0,0,1,3.386811692098317,0.045539376677446564
1480,147.0580922612923,95,1,0,0,1.4903230846858966,0.04549383730076912
1481,197.12336909517245,24,1,0,0,1.410450901521286,0.04544834346346835
1482,182.19209508054848,25,1,0,0,1.4907736748016536,0.04540289512000488
1483,164.4838650089725,31,1,0,0,1.45002129283732,0.04535749222488488
1484,2.770447158914815,200,0,0,1,2.530163516306633,0.04531213473265999
1485,193.2457423611075,46,1,0,0,1.4607626293404279,0.04526682259792733
1486,121.7914375872891,8,1,0,0,1.4615380186758664,0.04522155577532941
1487,243.46344667954094,47,1,0,0,1.4290935956697448,0.045176334219554075
1488,115.40963233304267,32,1,0,0,1.4877435624892532,0.04513115788533452
1489,191.5199009016955,26,1,0,0,1.476004626552245,0.045086026727449185
1490,-17.49984996605516,9,0,1,0,1.9630192330528449,0.04504094070072173
1491,150.53754584896,16,1,0,0,1.4169579749392633,0.04499589976002102
1492,187.15927004782338,74,1,0,0,1.4503974370383401,0.044950903860260995
1493,178.5954227165353,97,1,0,0,1.477145385357949,0.044905952956400735
1494,192.07912371948143,25,1,0,0,1.4816743633883682,0.044861047003444336
1495,186.20146664873505,55,1,0,0,1.4659590805931915,0.044816185956440886
1496,-22.46309003491249,38,0,0,0,7.228443281540395,0.044771369770484445
1497,140.4408667841516,14,1,0,0,1.1243889860790164,0.04472659840071396
1498,172.12459726278058,42,1,0,0,1.4859003548775214,0.04468187180231325
1499,216.9926621276985,46,1,0,0,1.2677110182342313,0.04463718993051094
1500,135.70647271317608,14,1,0,0,1.4151113830964832,0.044592552740580424
1501,41.67259261273841,200,0,0,1,5.879022628444582,0.044547960187839845
1502,145.52230151026023,75,1,0,0,1.4480179659940995,0.044503412227652
1503,-16.928943450951355,200,0,0,1,6.0761780797521014,0.04445890881542435
1504,18.745036010291567,200,0,0,1,3.5950429686742953,0.04441444990660893
1505,21.74898380314494,200,0,0,1,2.3965742945223476,0.04437003545670232
1506,186.3024785969012,102,1,0,0,1.493951106122791,0.044325665421245615
1507,22.698605715686977,200,0,0,1,7.140568201071325,0.04428133975582437
1508,208.0713135746031,30,1,0,0,1.414516856878097,0.04423705841606854
1509,154.14674812926637,40,1,0,0,1.3810856109850154,0.04419282135765248
1510,23.55983809273837,200,0,0,1,3.005440926704028,0.04414862853629482
1511,170.37891394095033,23,1,0,0,1.3780754530362098,0.04410447990775853
1512,113.86596484184393,5,1,0,0,1.343939172551027,0.04406037542785077
1513,133.53811845108046,200,0,0,1,2.2281552045955033,0.04401631505242292
1514,-6.5159082063885565,200,0,0,1,6.342097520978952,0.0439722987373705
1515,222.55344149913236,82,1,0,0,1.4046017682866823,0.043928326438633127
1516,112.86503976661346,7,1,0,0,1.3535709096996331,0.043884398112194495
1517,217.97549028260013,115,1,0,0,1.4340353424244336,0.0438405137140823
1518,143.49544170312222,20,1,0,0,1.4696077892108776,0.043796673200368216
1519,189.64527487866997,39,1,0,0,1.4779649413875555,0.04375287652716785
1520,189.91151915231058,195,1,0,0,1.49029878990032,0.04370912365064068
1521,153.98449887091323,20,1,0,0,1.4923274685684862,0.04366541452699004
1522,164.64737984851473,104,1,0,0,1.4526945402587172,0.043621749112463054
1523,138.8614496098766,38,1,0,0,1.3823732168422425,0.04357812736335059
1524,11.732676392890445,200,0,0,1,2.4625509477643868,0.043534549235987235
1525,21.17841123783635,200,0,0,1,5.207087363724945,0.04349101468675125
1526,171.2039775389164,22,1,0,0,1.4183240165296416,0.0434475236720645
1527,154.33263316493952,20,1,0,0,1.461774572726948,0.04340407614839243
1528,130.8319601344118,19,1,0,0,1.4932486446149744,0.04336067207224404
1529,144.8918586780678,18,1,0,0,1.394940070205162,0.043317311400171796
1530,145.18042710315547,14,1,0,0,1.4618344620727746,0.043273994088771625
1531,161.75681342147152,29,1,0,0,1.439960233025254,0.04323072009468285
1532,112.61167350347156,18,1,0,0,1.4895759478772408,0.04318748937458817
1533,149.7576266915051,164,1,0,0,1.495600013107575,0.043144301885213586
1534,33.03308211315642,200,0,0,1,6.572109713429243,0.043101157583328366
1535,196.86710431363753,33,1,0,0,1.4574877971605698,0.04305805642574504
1536,181.6320347866116,30,1,0,0,1.3364740307438163,0.043014998369319296
1537,79.20121577865552,200,0,0,1,1.8719664888426901,0.04297198337094998
1538,143.41771463832697,16,1,0,0,1.3924006971945335,0.04292901138757903
1539,155.93217317524943,143,1,0,0,1.49819521587057,0.042886082376191445
1540,130.94358140139477,30,1,0,0,1.4656766304205249,0.04284319629381526
1541,36.57253414776551,200,0,0,1,3.7050988759582832,0.04280035309752144
1542,156.3196530013385,49,1,0,0,1.4837691967379796,0.042757552744423916
1543,80.73847130772333,200,0,0,1,2.3455809575697484,0.0427147951916795
1544,163.7835125300578,66,1,0,0,1.4611938315153505,0.042672080396487816
1545,51.285452248942114,200,0,0,1,2.3999053406100326,0.04262940831609133
1546,55.83175860722817,200,0,0,1,2.3091063884249214,0.042586778907775236
1547,25.14141898183337,200,0,0,1,3.9667919740280135,0.04254419212886746
1548,62.672082099216816,200,0,0,1,2.7365383583421097,0.04250164793673859
1549,53.30160294962434,200,0,0,1,1.8932789836197745,0.042459146288801854
1550,-0.40436386412483594,200,0,0,1,4.369222934562779,0.04241668714251305
1551,-72.23658143493194,178,0,0,0,12.86383541125559,0.04237427045537054
1552,92.75724666019639,200,0,0,1,2.8954090717506102,0.042331896184915174
1553,114.19488885498544,106,1,0,0,1.4436846396968597,0.04228956428873026
1554,21.60825815518701,200,0,0,1,4.354037218770829,0.04224727472444152
1555,147.82123354745056,30,1,0,0,1.4791014848275317,0.04220502744971708
1556,169.50718343392987,53,1,0,0,1.4931404687552106,0.04216282242226736
1557,147.6647157799223,36,1,0,0,1.4663185013248339,0.042120659599845095
1558,160.29929431435676,45,1,0,0,1.4757047856583243,0.04207853894024525
1559,68.17510303238227,200,0,0,1,2.3120789194513245,0.04203646040130501
1560,72.7018249889449,200,0,0,1,3.3423163254823893,0.0419944239409037
1561,189.11666656437095,31,1,0,0,1.422613525614627,0.0419524295169628
1562,147.41776982759572,200,0,0,1,2.410780697558586,0.04191047708744584
1563,21.678516681393244,200,0,0,1,4.981525561038701,0.04186856661035839
1564,159.11756653010102,19,1,0,0,1.4848605317458548,0.04182669804374803
1565,56.074561821759566,200,0,0,1,3.6317134696465403,0.041784871345704286
1566,159.84788981088082,19,1,0,0,1.4200566746168362,0.04174308647435858
1567,122.01730421039326,174,1,0,0,1.3880746213591753,0.04170134338788422
1568,55.73913370847603,200,0,0,1,1.6501662621930062,0.041659642044496334
1569,27.989594608951016,200,0,0,1,2.702951679885008,0.04161798240245184
1570,43.35277776115473,200,0,0,1,2.229263478283086,0.04157636442004939
1571,56.89482663606783,200,0,0,1,3.2219244414384325,0.04153478805562934
1572,151.49644585792305,18,1,0,0,1.3788550051323585,0.04149325326757371
1573,160.61504003146604,84,1,0,0,1.4932851295773406,0.04145176001430614
1574,131.30082890724807,16,1,0,0,1.2514981805713874,0.04141030825429183
1575,80.7506370247016,200,0,0,1,3.1373542301684996,0.04136889794603754
1576,-32.76258882683845,200,0,0,1,3.33152217014732,0.041327529048091505
1577,49.38121964461736,200,0,0,1,3.7341825057038482,0.04128620151904341
1578,62.950477396150724,200,0,0,1,2.524811363227158,0.04124491531752436
1579,154.09070647209973,19,1,0,0,1.4445091867422342,0.04120367040220684
1580,171.09006110111443,70,1,0,0,1.4545997137198903,0.04116246673180463
1581,139.9655353272878,24,1,0,0,1.301873551035188,0.04112130426507283
1582,148.35431250474048,66,1,0,0,1.433895998822142,0.04108018296080776
1583,202.9661524269821,36,1,0,0,1.431051999306083,0.04103910277784695
1584,116.83872290170876,84,1,0,0,1.359691234053554,0.0409980636750691
1585,160.0790458802034,65,1,0,0,1.4301797360540993,0.04095706561139403
1586,115.15693462819425,56,1,0,0,1.4678996291782684,0.04091610854578264
1587,59.04707744138711,200,0,0,1,1.8997490309783123,0.040875192437236856
1588,137.1953318677542,19,1,0,0,1.3290132733513675,0.04083431724479962
1589,169.83676567238953,28,1,0,0,1.2478908145716474,0.04079348292755482
1590,166.7652730434492,25,1,0,0,1.4921011496892593,0.04075268944462726
1591,71.34410677702512,200,0,0,1,2.789356008280403,0.040711936755182636
1592,169.965289408662,71,1,0,0,1.3255021787121863,0.04067122481842745
1593,215.29981171882167,41,1,0,0,1.4892746288688004,0.04063055359360903
1594,148.18631246628962,147,1,0,0,1.460465887086989,0.040589923040015415
1595,148.3999674221685,37,1,0,0,1.3969650728918053,0.0405493331169754
1596,158.51052105720123,77,1,0,0,1.4537912070108432,0.04050878378385843
1597,157.47370191585094,34,1,0,0,1.4098686620371628,0.04046827500007457
1598,198.60819768342745,97,1,0,0,1.366690879446112,0.04042780672507449
1599,106.51253124990323,17,1,0,0,1.4404280102978169,0.04038737891834942
1600,58.466996564906765,200,0,0,1,2.5027124844185633,0.04034699153943107
1601,83.94625605693514,200,0,0,1,4.428842537356686,0.04030664454789164
1602,144.67549387847095,28,1,0,0,1.2788538499242141,0.040266337903343746
1603,188.04983649617088,96,1,0,0,1.4619447500353548,0.040226071565440405
1604,146.49780271047302,16,1,0,0,1.412151740418996,0.040185845493874967
1605,188.47885365765933,26,1,0,0,1.4173923223542546,0.040145659648381085
1606,56.608940806300545,200,0,0,1,3.0562841267395324,0.04010551398873271
1607,143.11084978846895,18,1,0,0,1.4976439246196964,0.04006540847474397
1608,179.67549747476318,31,1,0,0,1.456539996581407,0.04002534306626923
1609,82.86813414046951,200,0,0,1,2.7202942138991366,0.03998531772320296
1610,93.03295193822609,200,0,0,1,2.7400496143375492,0.03994533240547976
1611,213.88672339699616,193,1,0,0,1.480902342469282,0.039905387073074276
1612,139.79019112057514,110,1,0,0,1.3885724458977615,0.03986548168600121
1613,178.6808770369721,37,1,0,0,1.4321915281163444,0.039825616204315205
1614,52.790866656180356,200,0,0,1,1.6780788411363743,0.03978579058811089
1615,237.25634700487777,67,1,0,0,1.4935193481936493,0.03974600479752277
1616,123.61423096451092,200,0,0,1,2.148961019516188,0.039706258792725255
1617,123.9614478983245,11,1,0,0,1.4395860537064924,0.03966655253393253
1618,175.90824734648504,31,1,0,0,1.2867604213691213,0.039626885981398595
1619,133.4115599488361,200,0,0,1,3.2153291744375463,0.039587259095417195
1620,223.02666105229127,68,1,0,0,1.4776786740556205,0.039547671836321775
1621,119.11204131613604,84,1,0,0,1.3298599896332965,0.03950812416448546
1622,174.79934264681475,54,1,0,0,1.4400885181958734,0.039468616040320974
1623,174.20626635629844,34,1,0,0,1.4956978565234809,0.03942914742428065
1624,-3.5892222503361695,200,0,0,1,2.6445898031761637,0.03938971827685637
1625,38.422218647447686,200,0,0,1,2.9733828805292974,0.03935032855857951
1626,170.02302331593145,29,1,0,0,1.404847863552085,0.039310978230020936
1627,157.2860739141992,21,1,0,0,1.430903514319329,0.03927166725179091
1628,32.099176992446914,200,0,0,1,3.1670564639229393,0.03923239558453912
1629,142.70294160548588,15,1,0,0,1.4556350984365902,0.039193163188954584
1630,44.56241304592635,200,0,0,1,2.371891436694597,0.03915397002576563
1631,219.4995057518122,44,1,0,0,1.4752983201553875,0.03911481605573986
1632,66.80195766202755,200,0,0,1,3.3210535510978407,0.039075701239684124
1633,179.8192958855701,34,1,0,0,1.4833499711548683,0.03903662553844444
1634,33.56371806563296,200,0,0,1,4.69149551798138,0.038997588912905994
1635,17.354523501248106,200,0,0,1,2.4727364762801085,0.03895859132399309
1636,81.83439165746096,200,0,0,1,2.2747662067293812,0.038919632732669095
1637,152.20499035040066,29,1,0,0,1.4540744915832462,0.03888071309993643
1638,199.53077148727687,108,1,0,0,1.4526103937432555,0.03884183238683649
1639,172.47882660757625,29,1,0,0,1.4579161489490144,0.038802990554449655
1640,166.50489385154285,33,1,0,0,1.3103035674358545,0.03876418756389521
1641,201.2633530718767,35,1,0,0,1.492783911948811,0.03872542337633131
1642,-10.58603586880083,200,0,0,1,6.255918700518678,0.03868669795295498
1643,59.89747390259423,200,0,0,1,2.150482259708422,0.03864801125500202
1644,158.46826699437776,197,1,0,0,1.4737229228645452,0.03860936324374702
1645,72.27943796531798,200,0,0,1,2.4449699461668164,0.038570753880503274
1646,131.4473875563532,19,1,0,0,1.3474932360278162,0.038532183126622765
1647,102.7021569075806,200,0,0,1,1.9167894350246169,0.03849365094349615
1648,57.04903253673783,200,0,0,1,4.188393940223566,0.03845515729255265
1649,103.5150458191415,80,1,0,0,1.4808583687208252,0.0384167021352601
1650,49.87586493705803,200,0,0,1,3.2979451525870336,0.03837828543312484
1651,178.0925145015068,87,1,0,0,1.4926898104769846,0.03833990714769171
1652,162.09461520649214,158,1,0,0,1.4845565763126911,0.038301567240544024
1653,139.59946405488557,200,0,0,1,3.1909502926924183,0.03826326567330348
1654,123.44036395907182,9,1,0,0,1.288584186596641,0.038225002407630174
1655,5.319869981218112,83,0,0,0,3.9852848881924614,0.03818677740522254
1656,-50.0,1,0,1,0,5.080343524166845,0.03814859062781732
1657,31.13358903918218,200,0,0,1,2.2430501501643483,0.0381104420371895
1658,91.82596459825251,200,0,0,1,2.5432489973441648,0.03807233159515231
1659,176.9969836036457,198,1,0,0,1.4963227004079367,0.03803425926355716
1660,125.6461792116032,200,0,0,1,3.7468463868525363,0.0379962250042936
1661,148.58916287998676,200,0,0,1,3.242060424817125,0.03795822877928931
1662,-4.843458350688473,200,0,0,1,7.141691109975436,0.037920270550510025
1663,170.75075153121625,38,1,0,0,1.4718525002810219,0.03788235027995951
1664,87.7587779583098,200,0,0,1,3.4462940497517356,0.03784446792967955
1665,157.9972234207877,61,1,0,0,1.4955216026806175,0.03780662346174987
1666,162.4044874725719,18,1,0,0,1.4339894561787563,0.03776881683828812
1667,62.96308863508557,200,0,0,1,3.486313198315907,0.03773104802144983
1668,151.66631483004215,46,1,0,0,1.4944466245358399,0.037693316973428384
1669,28.461844601813386,200,0,0,1,7.217551063910141,0.03765562365645495
1670,141.45671304848491,83,1,0,0,1.4989744508892748,0.0376179680327985
1671,203.63970304238512,23,1,0,0,1.4832393062245652,0.037580350064765705
1672,261.66902971792604,104,1,0,0,1.4881528051269433,0.03754276971470094
1673,62.57680303717146,200,0,0,1,1.6240453335804288,0.03750522694498623
1674,175.88803408254873,27,1,0,0,1.424073302407138,0.03746772171804125
1675,20.92751740560162,37,0,0,0,7.850105489901356,0.03743025399632321
1676,217.11257970055186,30,1,0,0,1.468328502775717,0.03739282374232688
1677,281.0727362098724,105,1,0,0,1.465009046536593,0.03735543091858456
1678,185.3307014445544,32,1,0,0,1.4010095429858234,0.03731807548766597
1679,-46.11079190055567,200,0,0,1,9.714314842669138,0.03728075741217831
1680,46.50751020643655,200,0,0,1,3.074862020354658,0.03724347665476613
1681,41.90527936414271,200,0,0,1,1.5424648082453893,0.03720623317811136
1682,126.39194785770346,32,1,0,0,1.4502695129284346,0.03716902694493325
1683,180.94575082694604,31,1,0,0,1.4681051560672298,0.037131857917988315
1684,117.78835991215054,57,1,0,0,1.4241255210034165,0.037094726060070325
1685,190.87740618048127,130,1,0,0,1.494174019584186,0.03705763133401026
1686,23.88277810060984,200,0,0,1,4.036940129815268,0.037020573702676245
1687,226.02620384335228,46,1,0,0,1.440013555862458,0.03698355312897357
1688,175.04893990203334,26,1,0,0,1.2538007381002663,0.0369465695758446
1689,135.5146728152467,25,1,0,0,1.4993058705845772,0.03690962300626875
1690,148.63307710095697,94,1,0,0,1.4978450016446672,0.036872713383262486
1691,143.04439676465938,23,1,0,0,1.4761693139765528,0.03683584066987922
1692,162.3400338430787,19,1,0,0,1.4427570093002822,0.03679900482920934
1693,187.77798600247263,103,1,0,0,1.4863007369636498,0.03676220582438013
1694,165.89103313236978,16,1,0,0,1.4629683481746822,0.03672544361855575
1695,164.6061200551005,31,1,0,0,1.1332327635168822,0.0366887181749372
1696,145.99846905974326,14,1,0,0,1.484613040181704,0.03665202945676226
1697,166.68131004956643,31,1,0,0,1.332973734399518,0.036615377427305494
1698,110.22147892849884,57,1,0,0,1.4757276266472545,0.03657876204987819
1699,182.33174629846184,23,1,0,0,1.420561240227812,0.036542183287828316
1700,176.64876282785758,22,1,0,0,1.296585734304503,0.036505641104540486
1701,189.10673159111303,67,1,0,0,1.4683638204507445,0.03646913546343594
1702,141.9528537849549,26,1,0,0,1.498614569016949,0.036432666327972506
1703,116.82777342070169,200,0,0,1,3.146394734940269,0.03639623366164454
1704,149.5445240141464,60,1,0,0,1.499920235941939,0.03635983742798289
1705,143.09388231691315,200,0,0,1,2.012586111747542,0.03632347759055491
1706,181.7330162868749,63,1,0,0,1.4839576234705043,0.036287154112964355
1707,72.5597179072596,200,0,0,1,1.925754797311119,0.036250866958851394
1708,120.02691181321268,41,1,0,0,1.429845933216807,0.03621461609189254
1709,65.93885284120213,200,0,0,1,1.8685317746618095,0.03617840147580064
1710,233.42823657040253,122,1,0,0,1.4342352150154651,0.036142223074324846
1711,198.2105825014522,79,1,0,0,1.4453379458553166,0.03610608085125052
1712,119.48463135203218,95,1,0,0,1.4695329336999619,0.03606997477039927
1713,174.75452375924505,58,1,0,0,1.4158166711122957,0.03603390479562887
1714,158.43933213675774,29,1,0,0,1.4734039538072008,0.03599787089083324
1715,157.00282000800425,29,1,0,0,1.4681739513625056,0.03596187301994241
1716,175.64206357130064,25,1,0,0,1.444820980703327,0.035925911146922465
1717,185.43864611342678,39,1,0,0,1.2708620926241996,0.035889985235775544
1718,151.3017252441776,20,1,0,0,1.2423442743663766,0.03585409525053977
1719,176.04095283108256,20,1,0,0,1.4425864733001643,0.03581824115528923
1720,138.66158391948596,21,1,0,0,1.4840577903908216,0.035782422914133936
1721,174.21837539931386,32,1,0,0,1.2605711868726999,0.035746640491219804
1722,110.18103108257833,11,1,0,0,1.427057935662687,0.035710893850728585
1723,188.5641341950538,27,1,0,0,1.471072382833804,0.035675182956877854
1724,145.0214822479553,20,1,0,0,1.3477616216785562,0.03563950777392098
1725,98.03117365301723,115,1,0,0,1.4354299967864281,0.03560386826614705
1726,180.66888478478882,22,1,0,0,1.2652355581006869,0.03556826439788091
1727,187.37194420451272,25,1,0,0,1.2998939986816764,0.035532696133483026
1728,176.70163991006547,25,1,0,0,1.3966411005314359,0.035497163437349544
1729,175.56325499239324,29,1,0,0,1.434294933718842,0.035461666273912194
1730,137.23705799422848,13,1,0,0,1.453466177579218,0.03542620460763828
1731,161.95421237264884,200,0,0,1,2.8718516759681325,0.03539077840303064
1732,157.81775452652028,24,1,0,0,1.2527803191754543,0.035355387624627616
1733,192.20123323411502,57,1,0,0,1.4954950993329994,0.03532003223700299
1734,187.563198501654,39,1,0,0,1.4350476661871159,0.035284712204765985
1735,137.4401306875717,103,1,0,0,1.3533078390819753,0.03524942749256122
1736,153.4748379187288,21,1,0,0,1.4576352494971319,0.03521417806506866
1737,148.54938045253778,17,1,0,0,1.4745354234181172,0.03517896388700359
1738,194.21518722202597,25,1,0,0,1.1702202808011057,0.03514378492311659
1739,154.29174912485803,14,1,0,0,1.2870477975529921,0.035108641138193473
1740,177.3298902956459,95,1,0,0,1.3533288415189675,0.035073532497055276
1741,231.31914405860462,39,1,0,0,1.4691184617751059,0.03503845896455822
1742,127.06369658328451,11,1,0,0,1.4291483420070732,0.03500342050559366
1743,162.73996157810188,30,1,0,0,1.2650356708736912,0.03496841708508807
1744,148.16202699790094,107,1,0,0,1.47042484047758,0.034933448668002985
1745,42.93150582977287,200,0,0,1,1.7686780762398904,0.03489851521933498
1746,165.1513463542288,22,1,0,0,1.3270200913284773,0.03486361670411564
1747,224.19033827020112,40,1,0,0,1.4770330471457873,0.034828753087411526
1748,214.04166968054392,40,1,0,0,1.4213174446063894,0.034793924334324114
1749,174.39260562335284,178,1,0,0,1.4749025193873357,0.03475913040998979
1750,156.3143542360378,101,1,0,0,1.497936923215316,0.0347243712795798
1751,161.45199997423381,61,1,0,0,1.4752103044419467,0.034689646908300224
1752,29.441388566255487,200,0,0,1,2.9118853747549966,0.034654957261391915
1753,139.47211436980945,19,1,0,0,1.420944812457657,0.03462030230413053
1754,176.5015321881975,28,1,0,0,1.475184520406201,0.0345856820018264
1755,137.68877459512632,200,0,0,1,3.0339146376542243,0.03455109631982457
1756,158.71053552491566,20,1,0,0,1.395677432429747,0.034516545223504745
1757,147.38204197979857,19,1,0,0,1.3798411224129419,0.03448202867828124
1758,195.998511656483,28,1,0,0,1.3502519297472855,0.034447546649602964
1759,174.9867005225899,22,1,0,0,1.4945429162663704,0.03441309910295336
1760,158.7415094821215,21,1,0,0,1.4675057392182738,0.034378686003850405
1761,107.63455786133339,4,1,0,0,1.2463398656943436,0.03434430731784655
1762,160.9519177947236,24,1,0,0,1.3823160149640368,0.03430996301052871
1763,134.19307762082573,18,1,0,0,1.4052269777074606,0.03427565304751818
1764,202.03290114735532,43,1,0,0,1.4903928361823537,0.03424137739447066
1765,108.95651122125426,171,1,0,0,1.262558314448309,0.034207136017076194
1766,176.34158785192787,39,1,0,0,1.4628062059357319,0.03417292888105911
1767,201.21550909697515,52,1,0,0,1.4721723437112453,0.03413875595217805
1768,157.05094616086922,29,1,0,0,1.1242758569785942,0.03410461719622587
1769,170.73504738276586,45,1,0,0,1.4970848460086583,0.03407051257902965
1770,247.66421972432573,62,1,0,0,1.498207772839954,0.034036442066450616
1771,131.41181869491993,12,1,0,0,1.406451877625435,0.03400240562438417
1772,172.9022374210105,25,1,0,0,1.4215054148706519,0.03396840321875979
1773,-50.0,1,0,1,0,3.081577309698391,0.03393443481554103
1774,177.36346909221726,38,1,0,0,1.451410956513661,0.033900500380725486
1775,161.9449598950432,17,1,0,0,1.3504074502215546,0.03386659988034476
1776,146.42361730026644,16,1,0,0,1.391384564878068,0.03383273328046441
1777,155.4889397279792,24,1,0,0,1.3003365044394295,0.03379890054718395
1778,187.13070507667445,35,1,0,0,1.459531894488779,0.033765101646636764
1779,207.9355571598487,38,1,0,0,1.3201419943233863,0.03373133654499013
1780,100.8475215396047,5,1,0,0,1.346874275162595,0.033697605208445135
1781,39.875371981225996,200,0,0,1,1.9427381385256757,0.0336639076032367
1782,193.11481244648206,40,1,0,0,1.4874634423921897,0.03363024369563346
1783,160.8230964992222,87,1,0,0,1.4891812831270925,0.033596613451937825
1784,136.48332981226667,24,1,0,0,1.3786181626320029,0.033563016838485886
1785,145.14191555771106,88,1,0,0,1.4577829875509747,0.0335294538216474
1786,165.01568404434778,26,1,0,0,1.3528574011400902,0.03349592436782575
1787,149.31249253609462,44,1,0,0,1.445656664969381,0.033462428443457926
1788,48.404843431777195,200,0,0,1,7.284113096654082,0.033428966015014466
1789,175.16524251687332,27,1,0,0,1.4456395305495007,0.03339553704899945
1790,170.3162589000934,20,1,0,0,1.410616790337778,0.03336214151195046
1791,0.6043760100031477,200,0,0,1,2.939428105604818,0.03332877937043851
1792,182.52704339333374,29,1,0,0,1.4580343728083447,0.03329545059106807
1793,177.77975842263942,20,1,0,0,1.4532344395525112,0.033262155140477
1794,153.71413102424674,145,1,0,0,1.4696120046021324,0.033228892985336524
1795,201.16829178936996,33,1,0,0,1.3940335455439714,0.03319566409235119
1796,144.9361321517459,15,1,0,0,1.3283258301415604,0.03316246842825884
1797,157.7732772608388,26,1,0,0,1.3226080420705484,0.033129305959830574
1798,182.77879778039937,31,1,0,0,1.4601202247404352,0.03309617665387074
1799,16.390929945916273,200,0,0,1,2.7738779097921142,0.03306308047721687
1800,151.31441474466095,31,1,0,0,1.4255754979565385,0.03303001739673966
1801,145.17095119103752,15,1,0,0,1.4008137172888442,0.03299698737934292
1802,202.0760153721815,39,1,0,0,1.4649275072608554,0.03296399039196357
1803,168.5199398609568,43,1,0,0,1.4837653178126775,0.032931026401571604
1804,182.60762660482976,24,1,0,0,1.4750342198073,0.03289809537517004
1805,169.39951614324457,18,1,0,0,1.44092005610195,0.03286519727979487
1806,167.4213845755295,30,1,0,0,1.4856865605839011,0.03283233208251507
1807,169.20275956119963,27,1,0,0,1.4762192477181701,0.03279949975043256
1808,230.67050274705684,65,1,0,0,1.49109078114817,0.032766700250682124
1809,247.80809536734554,48,1,0,0,1.34506671558185,0.03273393355043144
1810,190.41933703706016,29,1,0,0,1.261707703960829,0.03270119961688101
1811,186.40022965857884,26,1,0,0,1.1006360787758986,0.03266849841726413
1812,163.56184519993894,30,1,0,0,1.495113396335115,0.032635829918846865
1813,188.11043482207793,22,1,0,0,1.3699230137503016,0.03260319408892802
1814,160.07100389854241,29,1,0,0,1.3105538751738648,0.032570590894839095
1815,176.00890434958217,23,1,0,0,1.3784455237789017,0.03253802030394425
1816,163.11777015616354,36,1,0,0,1.319852958066366,0.03250548228364031
1817,196.48529633148908,38,1,0,0,1.3585090201419932,0.03247297680135667
1818,154.2645369250016,19,1,0,0,1.4142774845181265,0.032440503824555315
1819,212.38476379621386,36,1,0,0,1.4829257541800531,0.032408063320730755
1820,167.04237904039883,24,1,0,0,1.3901175360592246,0.03237565525741003
1821,140.42798864292308,22,1,0,0,1.4975804101870926,0.032343279602152615
1822,163.63754774937408,22,1,0,0,1.36457826976656,0.032310936322550464
1823,198.35563302793264,49,1,0,0,1.4847898005919657,0.03227862538622791
1824,175.36529128900906,35,1,0,0,1.3635749695845454,0.03224634676084168
1825,131.2651946673166,18,1,0,0,1.4104530496434375,0.03221410041408084
1826,181.26463113741607,20,1,0,0,1.3220781848453917,0.03218188631366676
1827,175.10882338654378,30,1,0,0,1.454193912984961,0.03214970442735309
1828,178.54480343317334,24,1,0,0,1.458587256393544,0.03211755472292574
1829,185.32661312764114,34,1,0,0,1.3085808362449411,0.032085437168202814
1830,136.46909889414314,20,1,0,0,1.4915219274407991,0.032053351731034616
1831,110.43635795274993,15,1,0,0,1.4768560904575927,0.03202129837930358
1832,155.63621538964506,30,1,0,0,1.3777210844201149,0.03198927708092427
1833,148.52472417422481,14,1,0,0,1.3111814426041712,0.03195728780384335
1834,141.86253114999857,17,1,0,0,1.394904056763935,0.03192533051603951
1835,150.3023649156161,15,1,0,0,1.44755226084851,0.031893405185523464
1836,214.11867474267177,31,1,0,0,1.3343281938609437,0.03186151178033794
1837,105.23583955607181,27,1,0,0,1.4229703630936366,0.0318296502685576
1838,188.64900119733127,23,1,0,0,1.3754351822266142,0.03179782061828905
1839,142.29961727864068,14,1,0,0,1.2916361662355698,0.03176602279767076
1840,170.08998263381835,22,1,0,0,1.4507978396164123,0.03173425677487309
1841,185.84452669033766,26,1,0,0,1.4672628209049494,0.031702522518098214
1842,198.73552630793176,57,1,0,0,1.4259949620692993,0.03167081999558012
1843,118.8007169027718,6,1,0,0,1.2872815212175466,0.03163914917558454
1844,165.9507478851688,18,1,0,0,1.443276456771387,0.03160751002640896
1845,166.65894389311097,21,1,0,0,1.3035900723890979,0.031575902516382544
1846,154.9551698165266,22,1,0,0,1.4123541894819711,0.03154432661386616
1847,162.47113996581967,21,1,0,0,1.391033279439179,0.031512782287252294
1848,263.5795987976627,55,1,0,0,1.2855901256192388,0.03148126950496504
1849,205.9732789131304,50,1,0,0,1.4766416182210673,0.031449788235460074
1850,154.94088889429617,31,1,0,0,1.351132322282616,0.031418338447224615
1851,191.8216597348067,50,1,0,0,1.4901960776031324,0.031386920108777396
1852,170.0803963440336,23,1,0,0,1.403573434914707,0.03135553318866862
1853,181.10069538014557,33,1,0,0,1.377322498922856,0.03132417765547995
1854,167.7449691872296,21,1,0,0,1.4046999454086446,0.03129285347782447
1855,155.45311394351444,66,1,0,0,1.4474325912033827,0.031261560624346645
1856,173.125485764902,20,1,0,0,1.2303746248412986,0.031230299063722294
1857,218.32206201564685,55,1,0,0,1.4099612823890213,0.031199068764658573
1858,115.99380728459555,6,1,0,0,1.384751499432498,0.031167869695893913
1859,-15.002965146985357,200,0,0,1,4.304592882111449,0.031136701826198022
1860,191.79902909596836,25,1,0,0,1.3060336634913015,0.03110556512437182
1861,168.35213665138542,23,1,0,0,1.255769920478654,0.03107445955924745
1862,116.74943515913209,7,1,0,0,1.41839830309975,0.031043385099688205
1863,208.6174397084515,40,1,0,0,1.4427653899230302,0.031012341714588516
1864,194.50875061442372,26,1,0,0,1.3655159452089323,0.030981329372873925
1865,215.99254093018408,37,1,0,0,1.329594563436777,0.030950348043501053
1866,158.48434755160173,155,1,0,0,1.469493874400374,0.030919397695457554
1867,145.70947687014097,19,1,0,0,1.4324169688411421,0.030888478297762097
1868,202.60574405075323,32,1,0,0,1.4980190375381333,0.030857589819464334
1869,148.4986646045863,14,1,0,0,1.3985733248487453,0.030826732229644868
1870,153.09776622211663,23,1,0,0,1.4080985650971078,0.030795905497415222
1871,-50.0,1,0,1,0,1.3399169451450998,0.030765109591917805
1872,151.1710378999588,16,1,0,0,1.1894949810329203,0.030734344482325888
1873,133.13708569827858,47,1,0,0,1.4869454928126646,0.030703610137843562
1874,191.1804809581942,27,1,0,0,1.3616068483042216,0.03067290652770572
1875,204.68640178085087,37,1,0,0,1.475485727178291,0.030642233621178013
1876,150.3209384162189,53,1,0,0,1.4858848998516794,0.030611591387556838
1877,163.5215275550199,24,1,0,0,1.3494847720235352,0.030580979796169278
1878,179.59857213006086,22,1,0,0,1.269068041013453,0.03055039881637311
1879,124.30040335207282,38,1,0,0,1.4770148659968405,0.030519848417556734
1880,160.09571328240355,19,1,0,0,1.476511554101903,0.03048932856913918
1881,162.17832068252508,27,1,0,0,1.4347166212128215,0.03045883924057004
1882,179.8549160094794,20,1,0,0,1.4310915536217996,0.03042838040132947
1883,162.99159224970458,24,1,0,0,1.4142760779521646,0.03039795202092814
1884,182.46990096517874,25,1,0,0,1.4252844237208584,0.03036755406890721
1885,159.61614565594763,53,1,0,0,1.4434690145154285,0.030337186514838306
1886,190.7322408920331,49,1,0,0,1.4646040763267434,0.030306849328323466
1887,195.6835692772356,30,1,0,0,1.4851488099903518,0.030276542478995146
1888,173.65497453933875,24,1,0,0,1.3499514329801563,0.03024626593651615
1889,114.83428818108031,27,1,0,0,1.4892386191156397,0.03021601967057963
1890,145.50435030785846,17,1,0,0,1.3642740315953874,0.030185803650909056
1891,199.80678851363263,26,1,0,0,1.262568598500127,0.030155617847258145
1892,205.5271967972198,50,1,0,0,1.4829528175036184,0.030125462229410885
1893,176.76840164476607,26,1,0,0,1.3600204836943648,0.030095336767181475
1894,182.47375548032977,41,1,0,0,1.4606476620330848,0.030065241430414294
1895,199.17348101746788,44,1,0,0,1.4702154525891238,0.030035176188983877
1896,169.7603193803634,23,1,0,0,1.1920350627463296,0.030005141012794896
1897,219.5896193520532,44,1,0,0,1.4679479462461433,0.0299751358717821
1898,188.7594565184371,24,1,0,0,1.2754126115256197,0.029945160735910317
1899,187.53139143435448,27,1,0,0,1.489334807785324,0.02991521557517441
1900,142.25679498680068,18,1,0,0,1.4661434066634622,0.029885300359599232
1901,217.68697987484427,42,1,0,0,1.431132380076406,0.029855415059239634
1902,180.2354061110744,25,1,0,0,1.4080183127016561,0.029825559644180395
1903,199.8662501297568,37,1,0,0,1.3823309754612692,0.029795734084536216
1904,151.97302539177832,18,1,0,0,1.270140959673215,0.029765938350451677
1905,132.42753144904844,31,1,0,0,1.4993166546483006,0.029736172412101226
1906,196.58584656552802,23,1,0,0,1.3968297958932925,0.029706436239689122
1907,161.81095868077415,28,1,0,0,1.3742083678866528,0.029676729803449438
1908,222.02412549241132,41,1,0,0,1.373247551794734,0.029647053073645985
1909,224.72319838374614,46,1,0,0,1.467496119355167,0.02961740602057234
1910,162.03868172291044,30,1,0,0,1.454008136664103,0.02958778861455177
1911,147.47405557770637,18,1,0,0,1.3115325058546738,0.029558200825937214
1912,144.72589347899813,17,1,0,0,1.4240855757143678,0.02952864262511128
1913,187.50513128041342,20,1,0,0,1.420887964341481,0.029499113982486166
1914,151.01711309552906,24,1,0,0,1.2202154919566595,0.02946961486850368
1915,133.59630728647937,15,1,0,0,1.4884096468580104,0.029440145253635176
1916,212.93835569523708,31,1,0,0,1.447501790194444,0.029410705108381542
1917,140.94370076362947,16,1,0,0,1.3534988783752397,0.029381294403273164
1918,-1.4197021519105386,200,0,0,1,3.0372351428830466,0.02935191310886989
1919,157.56101059384858,27,1,0,0,1.3273474770205027,0.029322561195761015
1920,175.78974002769112,26,1,0,0,1.2330277517097932,0.029293238634565257
1921,195.4035207610889,31,1,0,0,1.4472394904250145,0.02926394539593069
1922,139.93622257765242,18,1,0,0,1.2764075226866205,0.02923468145053476
1923,146.45673233272078,21,1,0,0,1.408059868844577,0.029205446769084226
1924,155.91189831388286,13,1,0,0,1.4594173071098007,0.02917624132231514
1925,11.157289593478488,200,0,0,1,2.1546977771186615,0.029147065080992823
1926,154.16674846341863,27,1,0,0,1.3595456785530815,0.029117918015911834
1927,179.1451550009125,23,1,0,0,1.4091060912685693,0.029088800097895925
1928,148.1842295320755,15,1,0,0,1.3517597051566126,0.029059711297798024
1929,129.17410454359612,41,1,0,0,1.4737529945339176,0.029030651586500228
1930,125.63558696770639,62,1,0,0,1.4635833650521046,0.029001620934913725
1931,200.50887806283328,34,1,0,0,1.41960896144379,0.028972619313978817
1932,164.48353505617047,24,1,0,0,1.4678550197592355,0.028943646694664833
1933,127.74861452795008,20,1,0,0,1.3813026545872262,0.02891470304797017
1934,176.08752701684352,23,1,0,0,1.3614506428526474,0.028885788344922197
1935,182.76429883212086,24,1,0,0,1.3067363643386523,0.028856902556577274
1936,170.434302453025,18,1,0,0,1.2966887808161913,0.028828045654020702
1937,195.60332661864214,24,1,0,0,1.1530810060789745,0.02879921760836668
1938,186.43961039940228,32,1,0,0,1.4626033148236024,0.028770418390758314
1939,188.0210067207192,27,1,0,0,1.2252030143227481,0.028741647972367553
1940,182.9245468783263,27,1,0,0,1.2346197444189324,0.028712906324395188
1941,185.119779434797,55,1,0,0,1.4694495298445946,0.028684193418070793
1942,187.75210350988314,27,1,0,0,1.454099426113764,0.028655509224652723
1943,181.10166144219647,23,1,0,0,1.4049772475601379,0.02862685371542807
1944,217.28491776741288,30,1,0,0,1.3468571096474862,0.02859822686171264
1945,174.39604345881935,29,1,0,0,1.4588449443554532,0.028569628634850925
1946,176.02582279815348,21,1,0,0,1.4262826272494378,0.028541059006216077
1947,142.32383723108208,154,1,0,0,1.37021476211531,0.02851251794720986
1948,199.85923028421007,26,1,0,0,1.3296001248425466,0.02848400542926265
1949,188.17345622077204,29,1,0,0,1.3703208362824344,0.028455521423833386
1950,167.93698067860404,23,1,0,0,1.2413137914984185,0.028427065902409555
1951,131.75104082380497,12,1,0,0,1.4655852549997894,0.028398638836507145
1952,151.6850896621949,16,1,0,0,1.2873248649842928,0.028370240197670638
1953,168.67531208521268,35,1,0,0,1.386699000165343,0.028341869957472968
1954,210.35197453047937,38,1,0,0,1.3603841051499717,0.028313528087515496
1955,177.87430072474507,28,1,0,0,1.48360915475363,0.02828521455942798
1956,155.68246813666323,23,1,0,0,1.4901473073032452,0.02825692934486855
1957,100.0,1,1,0,0,0.7980134156594056,0.02822867241552368
1958,158.39716336094372,18,1,0,0,1.4857585058524245,0.028200443743108157
1959,194.39575460070574,39,1,0,0,1.4253743978335143,0.028172243299365046
1960,148.73038774413172,15,1,0,0,1.3964398276482937,0.028144071056065686
1961,182.54831622868414,25,1,0,0,1.448109589744398,0.028115926985009622
1962,172.66316482367483,28,1,0,0,1.4090151787021648,0.02808781105802461
1963,206.61160060083245,44,1,0,0,1.4685368743237126,0.028059723246966584
1964,194.38277508352667,34,1,0,0,1.2828064814960625,0.02803166352371962
1965,136.20169596882022,18,1,0,0,1.2680039600251445,0.0280036318601959
1966,165.04231559616645,21,1,0,0,1.4544930606246966,0.027975628228335703
1967,172.61157606460213,124,1,0,0,1.2874826948350793,0.027947652600107366
1968,159.34937451780087,62,1,0,0,1.4347642175595534,0.027919704947507257
1969,202.5098546799938,34,1,0,0,1.4581871678939173,0.027891785242559752
1970,144.7480965739383,37,1,0,0,1.494987482460598,0.027863893457317192
1971,175.47178819295056,32,1,0,0,1.4609685901350784,0.027836029563859877
1972,157.9038493220305,113,1,0,0,1.1791342036389643,0.02780819353429602
1973,197.70871698221708,23,1,0,0,1.4558989021970021,0.027780385340761722
1974,165.92172163630636,18,1,0,0,1.4698044005160242,0.027752604955420958
1975,146.42102318261908,15,1,0,0,1.4070474220110312,0.027724852350465536
1976,-86.0290113306735,103,0,0,0,14.448834029878114,0.027697127498115072
1977,186.9511834050544,31,1,0,0,1.368412298635194,0.027669430370616956
1978,145.75024580462036,16,1,0,0,1.4362265188083783,0.02764176094024634
1979,162.81365792117663,24,1,0,0,1.2506222933365876,0.02761411917930609
1980,159.61093035822483,30,1,0,0,1.3380095622907247,0.02758650506012679
1981,61.08007260677694,200,0,0,1,1.8146711392642088,0.02755891855506666
1982,130.87082435693065,67,1,0,0,1.4809072732499244,0.027531359636511595
1983,181.31892642444643,22,1,0,0,1.4268280330087602,0.027503828276875083
1984,204.30271291279726,25,1,0,0,1.2310539665550702,0.027476324448598207
1985,113.13493716010191,5,1,0,0,1.3484496149514347,0.027448848124149605
1986,235.1031246120343,47,1,0,0,1.3625131175484506,0.027421399276025462
1987,185.78635107501626,26,1,0,0,1.2928776136678224,0.027393977876749433
1988,155.37075198944268,27,1,0,0,1.4763137828643471,0.027366583898872684
1989,148.0128981709217,17,1,0,0,1.169413699689567,0.02733921731497381
1990,16.500632678251844,200,0,0,1,4.131872192629208,0.027311878097658837
1991,135.4137355104317,24,1,0,0,1.4619152650391214,0.02728456621956118
1992,184.61338711385469,23,1,0,0,1.2534554772881947,0.027257281653341615
1993,181.78769990337074,26,1,0,0,1.3366176335946185,0.027230024371688272
1994,156.11060507642782,19,1,0,0,1.3142895974399786,0.027202794347316584
1995,182.88492499096077,28,1,0,0,1.4788124178775581,0.02717559155296927
1996,194.92258154219317,33,1,0,0,1.4742172416808228,0.027148415961416303
1997,161.2367651838823,45,1,0,0,1.4902281212871626,0.027121267545454887
1998,189.28950157983525,27,1,0,0,1.1524604865790005,0.02709414627790943
1999,-50.0,1,0,1,0,8.678595931269724,0.02706705213163152
2000,118.18959570419379,7,1,0,0,1.292593626684079,0.027039985079499892
2001,234.79533092016075,44,1,0,0,1.4352373406452752,0.027012945094420388
2002,181.32400379917985,24,1,0,0,1.4711216022525797,0.026985932149325972
2003,165.9316396242267,25,1,0,0,1.340606553410559,0.026958946217176646
2004,174.3944885079539,35,1,0,0,1.4682496514913526,0.026931987270959464
2005,159.8114922091537,29,1,0,0,1.3551001518449532,0.026905055283688507
2006,137.69152952559892,15,1,0,0,1.4678049097041423,0.02687815022840482
2007,148.89299047118416,19,1,0,0,1.467999299702239,0.026851272078176416
2008,148.12021427332158,19,1,0,0,1.4489894400044152,0.02682442080609824
2009,143.35894090209084,16,1,0,0,1.403719644605592,0.02679759638529214
2010,172.85627730015648,20,1,0,0,1.3965114891873307,0.026770798788906848
2011,161.72115369864508,22,1,0,0,1.3685229639757888,0.026744027990117936
2012,127.43688335633223,9,1,0,0,1.4568725125528046,0.02671728396212782
2013,157.08957019806383,16,1,0,0,1.326276292097913,0.026690566678165696
2014,171.97471561613312,22,1,0,0,1.4634835645294697,0.02666387611148753
2015,127.40536568392513,20,1,0,0,1.4282290228254682,0.026637212235376042
2016,222.49554794241914,73,1,0,0,1.485424059392661,0.026610575023140667
2017,222.10787082055964,35,1,0,0,1.3119165944629911,0.02658396444811752
2018,36.84587177257693,200,0,0,1,1.6346566268385285,0.02655738048366941
2019,239.57475179043914,42,1,0,0,1.4354927511092734,0.026530823103185736
2020,168.20432348910987,22,1,0,0,1.2457006667963397,0.02650429228008255
2021,175.68519689259972,18,1,0,0,1.40545302986352,0.026477787987802467
2022,169.76494298185517,21,1,0,0,1.276467593889584,0.026451310199814667
2023,225.13717330213126,36,1,0,0,1.4445179839316942,0.02642485888961485
2024,203.24060402367243,25,1,0,0,1.3198056211422031,0.02639843403072524
2025,203.57968374528798,27,1,0,0,1.3926890301073565,0.026372035596694512
2026,191.56019007832765,26,1,0,0,1.479423790317794,0.026345663561097816
2027,155.85505664809475,16,1,0,0,1.2875931830712506,0.026319317897536717
2028,110.56084946206846,5,1,0,0,1.425625363884332,0.026292998579639182
2029,186.30438580059723,21,1,0,0,1.2273310297644637,0.026266705581059542
2030,180.8480770478687,21,1,0,0,1.380000088011911,0.026240438875478486
2031,151.32933752621383,18,1,0,0,1.4584290685918195,0.026214198436603005
2032,164.80844096381455,30,1,0,0,1.442697838734642,0.0261879842381664
2033,212.32884466199164,26,1,0,0,1.4223063931939133,0.026161796253928234
2034,187.23708042518416,25,1,0,0,1.3990305046451192,0.026135634457674306
2035,186.87606728966477,34,1,0,0,1.4648071875639317,0.026109498823216632
2036,191.59458957812947,25,1,0,0,1.2793255016626097,0.026083389324393413
2037,242.04845995886336,44,1,0,0,1.3838250707894788,0.02605730593506902
2038,151.23653943431384,31,1,0,0,1.4347599745600543,0.026031248629133953
2039,180.92052550607963,29,1,0,0,1.4748152138685084,0.02600521738050482
2040,155.16146244515272,18,1,0,0,1.4458199064454424,0.025979212163124318
2041,199.66173280249694,29,1,0,0,1.4932653002128524,0.02595323295096119
2042,14.563890091835304,200,0,0,1,1.932626282061357,0.02592727971801023
2043,160.7885256465725,18,1,0,0,1.4559380090016367,0.02590135243829222
2044,163.10104479309518,23,1,0,0,1.449124583981025,0.025875451085853925
2045,169.40051421515287,24,1,0,0,1.441740622780023,0.025849575634768075
2046,200.1593367508426,127,1,0,0,1.4985571562534183,0.0258237260591333
2047,165.31993320185578,22,1,0,0,1.4311470210488928,0.02579790233307417
2048,25.809606871972527,200,0,0,1,3.835096828452523,0.025772104430741096
2049,106.83808220558629,4,1,0,0,1.4323790895155921,0.025746332326310357
2050,216.2919627060898,30,1,0,0,1.2946149580104174,0.02572058599398405
2051,175.84663140025575,24,1,0,0,1.4699705228031634,0.02569486540799006
2052,103.527546929192,47,1,0,0,1.488814778234337,0.02566917054258207
2053,142.51367440549814,22,1,0,0,1.4279098338537042,0.025643501372039492
2054,165.52335122515234,23,1,0,0,1.2641769691258469,0.02561785787066745
2055,182.16438169781102,26,1,0,0,1.4573412212755723,0.02559224001279678
2056,168.37649113597172,18,1,0,0,1.3076351816656513,0.025566647772783987
2057,180.28928950371989,29,1,0,0,1.446574985744242,0.025541081125011203
2058,177.06222512705415,48,1,0,0,1.3680966331198008,0.02551554004388619
2059,231.53315316847076,46,1,0,0,1.4196522377006477,0.0254900245038423
2060,202.88377819091735,30,1,0,0,1.3974542412325628,0.025464534479338465
2061,166.450918781716,90,1,0,0,1.4865828272618027,0.025439069944859123
2062,163.40927197275636,18,1,0,0,1.3284888022091321,0.025413630874914262
2063,191.06838197370038,22,1,0,0,1.329172903980017,0.02538821724403935
2064,146.83676208561283,23,1,0,0,1.430402858807653,0.02536282902679531
2065,163.9667475661319,23,1,0,0,1.4785044950510595,0.025337466197768516
2066,172.7315842714686,24,1,0,0,1.472562604190999,0.025312128731570745
2067,201.4693238130963,26,1,0,0,1.2659460095376354,0.025286816602839175
2068,207.1110502920278,39,1,0,0,1.4714234251357503,0.025261529786236338
2069,178.7463717957133,27,1,0,0,1.382234661583551,0.025236268256450103
2070,174.6794722396831,32,1,0,0,1.175273485745243,0.02521103198819365
2071,224.16365955071308,39,1,0,0,1.3791257153146799,0.02518582095620546
2072,-50.0,1,0,1,0,3.83379868567195,0.02516063513524925
2073,172.4879863845618,19,1,0,0,1.4555816986441605,0.025135474500114004
2074,155.75415172226803,23,1,0,0,1.352744124174687,0.02511033902561389
2075,257.062170371899,96,1,0,0,1.4790835749160072,0.025085228686588273
2076,158.56851273590314,20,1,0,0,1.4862916546479996,0.025060143457901685
2077,179.4698127365525,22,1,0,0,1.2364135174711788,0.025035083314443787
2078,153.0704789467801,18,1,0,0,1.4223241769702664,0.02501004823112934
2079,157.86029918104538,20,1,0,0,1.4560164209333921,0.02498503818289821
2080,137.48354432799778,10,1,0,0,1.15247549917095,0.024960053144715312
2081,176.32735799846444,27,1,0,0,1.4865936955649066,0.024935093091570597
2082,119.29284697699892,200,1,0,0,1.4562808644991343,0.024910157998479024
2083,164.69766356563233,17,1,0,0,1.3037460363924553,0.024885247840480546
2084,154.5339867938274,20,1,0,0,1.449053208439225,0.024860362592640066
2085,133.33970006437227,31,1,0,0,1.4867543237408685,0.024835502230047428
2086,159.10316104369647,16,1,0,0,1.4581174652749302,0.02481066672781738
2087,138.63831221807433,17,1,0,0,1.4162137322570492,0.024785856061089562
2088,223.04247740749435,45,1,0,0,1.2433729633722226,0.024761070205028473
2089,172.09122104743113,27,1,0,0,1.1711526025328902,0.024736309134823442
2090,162.14748407525093,21,1,0,0,1.4016639854843782,0.02471157282568862
2091,143.74909216032336,56,1,0,0,1.4996118362000692,0.02468686125286293
2092,152.2758797802541,28,1,0,0,1.405268626167269,0.02466217439161007
2093,176.6080742831992,64,1,0,0,1.355954106142777,0.02463751221721846
2094,155.74786757782528,20,1,0,0,1.4702936644714604,0.02461287470500124
2095,128.36879274178727,30,1,0,0,1.196769128072359,0.024588261830296238
2096,226.56414317095073,37,1,0,0,1.3014342446637686,0.024563673568465942
2097,175.10965667929804,28,1,0,0,1.1831354925271842,0.02453910989489748
2098,174.79973400148424,24,1,0,0,1.459866163827428,0.02451457078500258
2099,145.18765969865962,23,1,0,0,1.4393402186879414,0.024490056214217577
2100,201.17681131879056,33,1,0,0,1.393416951346562,0.024465566158003358
2101,114.69583435868948,10,1,0,0,1.4462488340747734,0.024441100591845358
2102,189.06039310508444,29,1,0,0,1.2176222995348969,0.02441665949125351
2103,184.2994850452219,23,1,0,0,1.4293151965647144,0.024392242831762258
2104,195.14005075292891,27,1,0,0,1.440039583282855,0.024367850588930495
2105,130.8835415812308,10,1,0,0,1.4126390754740221,0.024343482738341565
2106,156.55674059775873,19,1,0,0,1.3928207304344633,0.024319139255603223
2107,148.53494520383555,20,1,0,0,1.4498618188219758,0.02429482011634762
2108,160.99209637095453,108,1,0,0,1.3242065768594848,0.024270525296231273
2109,161.41652120875852,19,1,0,0,1.348451917156673,0.02424625477093504
2110,157.77152433897646,19,1,0,0,1.3929671757566506,0.024222008516164104
2111,198.17226721584657,30,1,0,0,1.3487603823183143,0.02419778650764794
2112,211.40066727673573,42,1,0,0,1.4985028327491856,0.024173588721140293
2113,181.45092390371877,21,1,0,0,1.1589859371743119,0.024149415132419152
2114,157.27633521045476,16,1,0,0,1.4963253957841671,0.024125265717286733
2115,186.16326778744423,31,1,0,0,1.415173251365302,0.024101140451569445
2116,144.00353324631047,18,1,0,0,1.4322317009686392,0.024077039311117876
2117,182.09893640555077,33,1,0,0,1.2995315224145612,0.02405296227180676
2118,189.77880081141325,27,1,0,0,1.3989580507210009,0.024028909309534954
2119,209.33067682036238,33,1,0,0,1.3587464890387073,0.024004880400225418
2120,140.33585098133156,18,1,0,0,1.447913159541483,0.023980875519825192
2121,134.330392971599,51,1,0,0,1.334667175306707,0.023956894644305365
2122,175.99912295685834,24,1,0,0,1.491792079023473,0.02393293774966106
2123,183.93772370057206,42,1,0,0,1.382630652887093,0.0239090048119114
2124,160.61488587265583,23,1,0,0,1.278055435712445,0.02388509580709949
2125,155.03940228029273,17,1,0,0,1.465191590301465,0.02386121071129239
2126,162.92842519651904,20,1,0,0,1.3832428485119936,0.023837349500581098
2127,160.6483610832654,18,1,0,0,1.286070490794708,0.023813512151080518
2128,201.43811668986845,30,1,0,0,1.3323819329285544,0.023789698638929435
2129,136.86071972000093,15,1,0,0,1.436026103689033,0.023765908940290507
2130,163.51074216186606,19,1,0,0,1.421302172038605,0.023742143031350214
2131,163.1411244067461,18,1,0,0,1.285275962669477,0.023718400888318864
2132,150.71201332771085,15,1,0,0,1.1920383792098967,0.02369468248743055
2133,169.4747900547971,26,1,0,0,1.423749497595527,0.023670987804943117
2134,146.97026366957493,12,1,0,0,1.1017639552960616,0.023647316817138175
2135,169.12523801976363,20,1,0,0,1.2424664823133247,0.023623669500321035
2136,178.37549468941086,23,1,0,0,1.200601746686905,0.023600045830820714
2137,174.16002517458085,25,1,0,0,1.252371058756698,0.023576445784989894
2138,172.99304535686517,16,1,0,0,1.4964597808262041,0.023552869339204904
2139,144.94228873894218,15,1,0,0,1.454217031346543,0.023529316469865696
2140,203.12111858018318,29,1,0,0,1.311225218682959,0.02350578715339583
2141,198.85459426623459,36,1,0,0,1.2811151334295714,0.023482281366242436
2142,202.18653211419908,30,1,0,0,1.3793122670665374,0.023458799084876192
2143,209.23253601056467,35,1,0,0,1.3310428424300724,0.02343534028579132
2144,153.04450330619497,14,1,0,0,1.3149320588583193,0.023411904945505525
2145,187.30071737293014,22,1,0,0,1.3573750325646894,0.02338849304056002
2146,187.99432474602725,22,1,0,0,1.4138870187110906,0.02336510454751946
2147,172.65082910943826,25,1,0,0,1.3962403802084318,0.02334173944297194
2148,196.62079780676413,23,1,0,0,1.4086726127541478,0.02331839770352897
2149,252.42410927294392,86,1,0,0,1.475609319356188,0.02329507930582544
2150,187.41210359284776,23,1,0,0,1.4717835560292565,0.023271784226519612
2151,161.2896710566074,22,1,0,0,1.2318443380788882,0.023248512442293093
2152,182.66490431130245,26,1,0,0,1.4022528642862868,0.023225263929850803
2153,231.32831503310246,42,1,0,0,1.4859420858877948,0.02320203866592095
2154,153.59488794365345,19,1,0,0,1.410192530669629,0.02317883662725503
2155,213.05920781302217,38,1,0,0,1.4300698548271775,0.023155657790627775
2156,179.2606664189684,24,1,0,0,1.1519313740921668,0.023132502132837147
2157,176.4018380237781,17,1,0,0,1.3949786270012918,0.023109369630704313
2158,153.633030518593,20,1,0,0,1.2638363685126432,0.023086260261073605
2159,184.39963082711805,28,1,0,0,1.411464624206052,0.023063174000812533
2160,150.52046711751768,17,1,0,0,1.303303354264739,0.02304011082681172
2161,144.51717523848237,13,1,0,0,1.295559547526761,0.02301707071598491
2162,216.25864887512876,40,1,0,0,1.320454814873886,0.022994053645268922
2163,167.515553129629,21,1,0,0,1.4856268547464921,0.022971059591623655
2164,156.7298155751644,17,1,0,0,1.2514153229927016,0.02294808853203203
2165,147.19714467959992,17,1,0,0,1.33077611772796,0.022925140443499997
2166,185.58125404115324,25,1,0,0,1.32445979955549,0.0229022153030565
2167,208.66565772971808,37,1,0,0,1.414199897239565,0.022879313087753442
2168,145.6911201980423,13,1,0,0,1.439867706254738,0.022856433774665688
2169,155.70933792887502,27,1,0,0,1.40086457857647,0.02283357734089102
2170,260.1261763699498,53,1,0,0,1.473778345290349,0.022810743763550134
2171,204.87805496758577,31,1,0,0,1.4212411165217027,0.022787933019786582
2172,146.29289007610043,16,1,0,0,1.2955845529447725,0.022765145086766796
2173,126.70315209952832,11,1,0,0,1.3977849456370857,0.02274237994168003
2174,-129.96712735773542,93,0,0,0,16.515585348021954,0.022719637561738348
2175,157.21213680578703,20,1,0,0,1.3305527258641308,0.022696917924176607
2176,137.5592886791684,12,1,0,0,1.4020647767035217,0.022674221006252434
2177,247.88433036617198,53,1,0,0,1.3325528920765093,0.022651546785246182
2178,193.9950738043793,22,1,0,0,1.4956994813376383,0.022628895238460935
2179,212.64454016563081,36,1,0,0,1.306625336575805,0.022606266343222475
2180,173.33932018917423,19,1,0,0,1.4795164785107466,0.02258366007687925
2181,252.46266194827507,53,1,0,0,1.3974599895882862,0.02256107641680237
2182,181.18996777026558,22,1,0,0,1.4167531694554347,0.02253851534038557
2183,171.248636856765,18,1,0,0,1.376434309674921,0.022515976825045185
2184,185.9613986646,24,1,0,0,1.4314051941149186,0.02249346084822014
2185,216.0430969154334,34,1,0,0,1.454889339938603,0.02247096738737192
2186,-50.0,1,0,1,0,3.282892562061402,0.022448496419984545
2187,140.39567471576697,21,1,0,0,1.4859868736098618,0.022426047923564563
2188,173.87184974496478,20,1,0,0,1.4899071888293216,0.022403621875641
2189,185.96409636844982,22,1,0,0,1.3393806515578728,0.022381218253765357
2190,183.28340616898512,22,1,0,0,1.3764102098374151,0.02235883703551159
2191,181.25991947093905,27,1,0,0,1.4011658811943555,0.02233647819847608
2192,172.85498798235773,24,1,0,0,1.431974519804839,0.022314141720277604
2193,156.3203962354401,17,1,0,0,1.3684580984042038,0.022291827578557327
2194,157.4574525823711,20,1,0,0,1.3246212126809798,0.02226953575097877
2195,176.43635052865625,26,1,0,0,1.4966307715151534,0.02224726621522779
2196,163.0643207725493,19,1,0,0,1.2208134982750398,0.022225018949012562
2197,204.45269687879016,37,1,0,0,1.4932111331294582,0.02220279393006355
2198,221.10398355562612,31,1,0,0,1.4211930455218664,0.022180591136133486
2199,100.0,1,1,0,0,0.740640106460039,0.022158410544997353
2200,125.33215971106249,8,1,0,0,1.3415497288693694,0.022136252134452354
2201,188.37604356298226,32,1,0,0,1.3649936240501626,0.022114115882317903
2202,123.50496100989677,8,1,0,0,1.203574133583403,0.022092001766435585
2203,221.80191306958284,42,1,0,0,1.4733542756687896,0.02206990976466915
2204,148.3983647208168,22,1,0,0,1.3438060541933667,0.02204783985490448
2205,154.60035152673424,23,1,0,0,1.4348368821773672,0.022025792015049575
2206,238.10224518092207,47,1,0,0,1.4530108698726178,0.022003766223034526
2207,147.4847905999113,16,1,0,0,1.4980249502441694,0.021981762456811493
2208,161.3180164131195,19,1,0,0,1.4237755534088439,0.02195978069435468
2209,171.63265941462845,22,1,0,0,1.2693172031271973,0.021937820913660325
2210,178.21649914903566,37,1,0,0,1.446928348304974,0.021915883092746665
2211,46.29014204801854,200,0,0,1,2.940630364106657,0.02189396720965392
2212,100.0,1,1,0,0,1.1750710578282506,0.021872073242444265
2213,143.04803932674403,13,1,0,0,1.4471445843223574,0.02185020116920182
2214,258.1487591126296,52,1,0,0,1.382372683317706,0.02182835096803262
2215,170.72351389685295,22,1,0,0,1.457958789566473,0.021806522617064585
2216,179.60978999933363,25,1,0,0,1.3682234262503892,0.021784716094447522
2217,121.96978165601709,15,1,0,0,1.4149788597914108,0.02176293137835307
2218,172.5493550102474,22,1,0,0,1.3217905742403608,0.02174116844697472
2219,166.58899687430642,22,1,0,0,1.297750214234463,0.021719427278527745
2220,230.61592711694843,42,1,0,0,1.2572653212161375,0.021697707851249217
2221,199.54317165594182,24,1,0,0,1.2040609190712899,0.02167601014339797
2222,158.05960628092697,24,1,0,0,1.3049622983407214,0.02165433413325457
2223,189.0765661776574,23,1,0,0,1.4460515095151876,0.021632679799121316
2224,165.30239826710533,21,1,0,0,1.3777287054500056,0.021611047119322196
2225,123.71365481654698,10,1,0,0,1.3869374762903677,0.021589436072202872
2226,156.83650309699425,76,1,0,0,1.4689385801376778,0.021567846636130667
2227,171.28919903370058,22,1,0,0,1.4133829682411738,0.02154627878949454
2228,176.23413170293657,19,1,0,0,1.3360591477182138,0.021524732510705042
2229,188.4709279101192,25,1,0,0,1.2170390385882777,0.02150320777819434
2230,175.80241498079528,23,1,0,0,1.4494239968478633,0.021481704570416146
2231,120.86148788809435,7,1,0,0,1.4573033477301183,0.02146022286584573
2232,116.16099856717186,14,1,0,0,1.446861957970815,0.02143876264297988
2233,173.2695901307818,25,1,0,0,1.3757675161216492,0.021417323880336903
2234,-50.0,1,0,1,0,3.493704884269985,0.021395906556456568
2235,158.89169264754094,26,1,0,0,1.2924168548356534,0.02137451064990011
2236,190.09327449583216,25,1,0,0,1.304324129243622,0.02135313613925021
2237,156.91392828697215,33,1,0,0,1.2822930143395093,0.02133178300311096
2238,168.23759136133043,23,1,0,0,1.3307997909476514,0.021310451220107846
2239,243.6397931623916,50,1,0,0,1.2659359219592337,0.02128914076888774
2240,180.34133331418485,21,1,0,0,1.1827266959449914,0.021267851628118853
2241,208.8798551356175,24,1,0,0,1.398094963055666,0.021246583776490732
2242,170.70307549060527,23,1,0,0,1.4735397830985677,0.021225337192714244
2243,190.95655850162478,30,1,0,0,1.3256196689644966,0.021204111855521526
2244,178.9723843305677,17,1,0,0,1.3159476155919818,0.021182907743666005
2245,133.33739978161233,10,1,0,0,1.1495019870135381,0.021161724835922338
2246,185.35463713963742,31,1,0,0,1.3399882232207583,0.02114056311108642
2247,191.54677438709388,25,1,0,0,1.4122399683911102,0.02111942254797533
2248,186.8205046452581,30,1,0,0,1.4678155832267608,0.02109830312542736
2249,177.70984824154414,28,1,0,0,1.2027716912611144,0.02107720482230193
2250,186.4065250352116,22,1,0,0,1.4700824921061992,0.021056127617479627
2251,179.60136468105628,42,1,0,0,1.4136468801552378,0.02103507148986215
2252,162.44521306118162,21,1,0,0,1.3884857303262719,0.021014036418372285
2253,144.89629710094428,18,1,0,0,1.3469768174135894,0.020993022381953913
2254,171.55770547226612,25,1,0,0,1.1456004291813937,0.02097202935957196
2255,187.04445807505937,22,1,0,0,1.436689430852004,0.020951057330212387
2256,217.19434373002173,37,1,0,0,1.3803701640957051,0.020930106272882176
2257,157.44095841616155,18,1,0,0,1.3936947050999868,0.020909176166609294
2258,197.7664908718633,22,1,0,0,1.3243152149983297,0.020888266990442685
2259,180.63212239227678,28,1,0,0,1.3899654135745707,0.02086737872345224
2260,172.2527988710828,19,1,0,0,1.219611433130364,0.02084651134472879
2261,189.38148810241498,30,1,0,0,1.2922436491235092,0.02082566483338406
2262,114.24045672846667,5,1,0,0,1.4982386010177347,0.020804839168550675
2263,210.30372372830158,32,1,0,0,1.2548322696339378,0.020784034329382126
2264,166.3704503571343,18,1,0,0,1.443479840811317,0.020763250295052743
2265,19.957968682998114,200,0,0,1,2.3642570486659515,0.020742487044757688
2266,202.44615990516837,30,1,0,0,1.318380511573603,0.02072174455771293
2267,-50.0,1,0,1,0,4.5478939490811925,0.02070102281315522
2268,170.65326587314803,29,1,0,0,1.2558995850530204,0.020680321790342064
2269,183.00569000225147,21,1,0,0,1.1523816008771968,0.02065964146855172
2270,174.7876850265866,18,1,0,0,1.403880482930257,0.02063898182708317
2271,181.16904398970289,26,1,0,0,1.3516451152823876,0.020618342845256085
2272,160.1774832304082,28,1,0,0,1.4685693270669495,0.020597724502410833
2273,173.05802804012575,26,1,0,0,1.3453805902474747,0.02057712677790842
2274,172.1154916088382,20,1,0,0,1.4310700634308653,0.02055654965113051
2275,169.9911399921079,19,1,0,0,1.1996629776994434,0.020535993101479383
2276,172.09440651296848,21,1,0,0,1.3967879450668035,0.0205154571083779
2277,192.00111959702764,25,1,0,0,1.3024585446655077,0.020494941651269524
2278,173.07680045305898,24,1,0,0,1.3432494619903117,0.020474446709618253
2279,139.70491655061895,11,1,0,0,1.2996923024949845,0.020453972262908637
2280,145.58131172995076,20,1,0,0,1.3518961884502794,0.020433518290645727
2281,187.9963491640791,25,1,0,0,1.217179007074548,0.02041308477235508
2282,169.7530944284061,16,1,0,0,1.135836899980911,0.020392671687582728
2283,119.31136811590684,8,1,0,0,1.2790607939092,0.020372279015895143
2284,163.54148327533701,15,1,0,0,1.4910551991317873,0.020351906736879248
2285,155.20294789252515,19,1,0,0,1.2558044619799509,0.02033155483014237
2286,153.6423714183391,174,1,0,0,1.496145693865668,0.020311223275312228
2287,123.94443394370143,101,1,0,0,1.2555316304056154,0.020290912052036914
2288,161.63828424918202,25,1,0,0,1.2779749231388455,0.020270621139984877
2289,100.0,1,1,0,0,0.9828054006063993,0.020250350518844894
2290,167.0417356616794,19,1,0,0,1.2345467192605248,0.02023010016832605
2291,123.64020308880484,19,1,0,0,1.2886394309152223,0.02020987006815772
2292,171.986668083418,25,1,0,0,1.491087785118284,0.020189660198089564
2293,134.15598642047652,34,1,0,0,1.490492029252337,0.020169470537891476
2294,156.94284362136224,23,1,0,0,1.352657417026489,0.020149301067353582
2295,178.26689024524816,19,1,0,0,1.0909430199216883,0.020129151766286227
2296,191.70093867712785,21,1,0,0,1.358331423279816,0.020109022614519943
2297,111.02678743572477,32,1,0,0,1.4476939333568244,0.020088913591905424
2298,187.00555319892425,24,1,0,0,1.4093728588783,0.020068824678313515
2299,186.44836822488207,21,1,0,0,1.3529349276858502,0.020048755853635206
2300,126.4607906043789,10,1,0,0,1.2619208889648355,0.020028707097781567
2301,146.60432087379195,16,1,0,0,1.267045524581251,0.02000867839068379
2302,166.96562273306535,15,1,0,0,1.3065705104227674,0.019988669712293104
2303,172.83075567289177,21,1,0,0,1.2558099709089579,0.019968681042580812
2304,181.0514029582414,27,1,0,0,1.390290440806473,0.01994871236153823
2305,178.46312765467357,26,1,0,0,1.2930435402670661,0.01992876364917669
2306,106.4153338034597,3,1,0,0,1.3446610498517164,0.019908834885527513
2307,170.13707464701355,25,1,0,0,1.448867177223328,0.01988892605064199
2308,11.318285131756257,200,0,0,1,2.280374470374006,0.019869037124591343
2309,174.14421065700338,26,1,0,0,1.4013573099743886,0.019849168087466756
2310,155.73487881248855,16,1,0,0,1.340371090448526,0.019829318919379287
2311,151.0573469883676,16,1,0,0,1.2743314642924877,0.019809489600459907
2312,156.66860298618028,15,1,0,0,1.339890330615191,0.01978968011085945
2313,162.91625967885557,24,1,0,0,1.3270166124104699,0.019769890430748588
2314,209.64956259299004,35,1,0,0,1.2955405915835516,0.019750120540317842
2315,145.8186361059033,30,1,0,0,1.4472403826096554,0.019730370419777522
2316,119.30638750633797,47,1,0,0,1.4579183790842585,0.019710640049357745
2317,163.855911395622,21,1,0,0,1.4769199592238513,0.01969092940930839
2318,180.731174977205,43,1,0,0,1.42830210575505,0.01967123847989908
2319,217.95561821055452,41,1,0,0,1.4539643684282888,0.019651567241419178
2320,156.6697698551833,15,1,0,0,1.2091545582334595,0.01963191567417776
2321,105.01782104364565,3,1,0,0,1.4652434743163452,0.019612283758503584
2322,207.13216212019267,33,1,0,0,1.211374384790341,0.01959267147474508
2323,159.02210493022915,19,1,0,0,1.4286036429515,0.019573078803270333
2324,169.75263816832307,21,1,0,0,1.3594752510649086,0.019553505724467065
2325,193.40343429506203,62,1,0,0,1.3220815772637764,0.019533952218742597
2326,201.70662162595107,35,1,0,0,1.3602659338295267,0.019514418266523854
2327,182.71731411138694,26,1,0,0,1.4234061896122663,0.01949490384825733
2328,143.507468686947,16,1,0,0,1.3808875563502774,0.01947540894440907
2329,248.6157647669096,42,1,0,0,1.3575022314008474,0.019455933535464664
2330,202.05476997708797,33,1,0,0,1.3995720820826323,0.019436477601929198
2331,177.10031436688257,22,1,0,0,1.3717892866435766,0.019417041124327267
2332,169.37755912889145,25,1,0,0,1.4882855500982513,0.019397624083202943
2333,171.5442144555513,25,1,0,0,1.1979160873296675,0.01937822645911974
2334,186.1778735442329,27,1,0,0,1.4047195609101935,0.01935884823266062
2335,161.85699574254525,19,1,0,0,1.4300578432155937,0.01933948938442796
2336,179.6085840277737,27,1,0,0,1.3247185265958652,0.01932014989504353
2337,129.73793694968438,15,1,0,0,1.3052439928504669,0.019300829745148487
2338,155.58710909092588,20,1,0,0,1.22113548778191,0.01928152891540334
2339,146.7874806473191,60,1,0,0,1.4814168266355425,0.019262247386487935
2340,166.12104453958912,20,1,0,0,1.3738912120074687,0.019242985139101446
2341,172.2790933943059,22,1,0,0,1.374577177258774,0.019223742153962345
2342,151.09273853149662,20,1,0,0,1.4227909864716446,0.019204518411808383
2343,158.28183985108956,21,1,0,0,1.3550113834413247,0.019185313893396574
2344,239.6464316536707,41,1,0,0,1.2265809893641666,0.01916612857950318
2345,166.23959024910664,20,1,0,0,1.476705504951239,0.019146962450923677
2346,165.93749244403764,24,1,0,0,1.3048923916140347,0.01912781548847275
2347,163.8421904058513,20,1,0,0,1.2913100885362303,0.01910868767298428
2348,177.00742399166444,23,1,0,0,1.4008585311899295,0.019089578985311294
2349,153.95952750533897,21,1,0,0,1.1970150641103412,0.019070489406325983
2350,159.28512655472701,15,1,0,0,1.2368662884930899,0.019051418916919655
2351,45.927383878492286,200,0,0,1,2.8738105959144806,0.019032367498002738
2352,222.69343708741198,38,1,0,0,1.1745123837834193,0.019013335130504735
2353,158.99377140589434,21,1,0,0,1.435878341225757,0.01899432179537423
2354,149.76566207789432,21,1,0,0,1.3406274573199908,0.018975327473578857
2355,147.2240688586839,20,1,0,0,1.395815301681094,0.018956352146105276
2356,163.3011208703981,21,1,0,0,1.2525688141695492,0.018937395793959172
2357,192.37038222390976,33,1,0,0,1.4493642024899362,0.01891845839816521
2358,159.1673554199375,20,1,0,0,1.4822272762675883,0.01889953993976705
2359,179.20866185212424,19,1,0,0,1.1955471099674548,0.01888064039982728
2360,147.15253559516515,25,1,0,0,1.4172142323178152,0.018861759759427454
2361,178.85039073358473,22,1,0,0,1.4292433655613153,0.018842897999668026
2362,153.14379440650225,21,1,0,0,1.2453596765402288,0.018824055101668357
2363,160.82819156408317,15,1,0,0,1.3508519356237736,0.018805231046566687
2364,137.26437715532373,17,1,0,0,1.3913096762026758,0.018786425815520123
2365,187.94793084771612,19,1,0,0,1.3658233701742464,0.018767639389704605
2366,163.71162516190307,29,1,0,0,1.3139020014458098,0.018748871750314897
2367,125.95401779252683,12,1,0,0,1.4374303444159198,0.01873012287856458
2368,145.94647956660486,21,1,0,0,1.3725310846218812,0.018711392755686018
2369,235.88691642574736,41,1,0,0,1.2351943434704542,0.01869268136293033
2370,154.3239474981798,19,1,0,0,1.3192160563996251,0.0186739886815674
2371,172.62061693018774,30,1,0,0,1.4053608749058835,0.018655314692885835
2372,147.3210889624077,14,1,0,0,1.3617724771141826,0.018636659378192946
2373,163.0006882504772,36,1,0,0,1.4941580999538961,0.018618022718814752
2374,200.6956343264386,33,1,0,0,1.4191591334327303,0.01859940469609594
2375,206.18164138208422,23,1,0,0,1.2933010436669279,0.018580805291399844
2376,230.3448212962015,43,1,0,0,1.442123829650255,0.018562224486108444
2377,165.72933000777363,17,1,0,0,1.4224527803610634,0.018543662261622334
2378,187.2296684423171,24,1,0,0,1.3200652897550924,0.018525118599360714
2379,189.22716291826646,28,1,0,0,1.31732738171229,0.018506593480761353
2380,163.18911445714156,22,1,0,0,1.4653804033427669,0.018488086887280594
2381,205.03839635807853,66,1,0,0,1.4983588266473462,0.01846959880039331
2382,174.49454929475672,26,1,0,0,1.3510705775932894,0.018451129201592916
2383,204.010875976082,31,1,0,0,1.2337126510493235,0.018432678072391323
2384,139.76987834478007,9,1,0,0,1.3932942391654246,0.01841424539431893
2385,102.57596084335115,2,1,0,0,1.2929512044274791,0.018395831148924614
2386,189.80722839626068,23,1,0,0,1.1611369316800206,0.01837743531777569
2387,128.1744799179277,12,1,0,0,1.4797856449561442,0.018359057882457914
2388,175.77369032119526,21,1,0,0,1.3792297456134508,0.018340698824575456
2389,145.8943997016967,16,1,0,0,1.4729613734152893,0.01832235812575088
2390,178.09780066838707,24,1,0,0,1.4941130560661497,0.01830403576762513
2391,153.19731321243177,13,1,0,0,1.1444054284234928,0.018285731731857505
2392,154.80973243115716,21,1,0,0,1.4629047504700627,0.018267446000125646
2393,176.16228744193268,19,1,0,0,1.265517498319514,0.01824917855412552
2394,242.4920255114553,50,1,0,0,1.1958915636833902,0.018230929375571397
2395,225.64461702055644,46,1,0,0,1.4732348139952376,0.018212698446195826
2396,130.43967006285231,9,1,0,0,1.2371869111039488,0.01819448574774963
2397,143.90933542317856,15,1,0,0,1.4337108298577403,0.01817629126200188
2398,196.1090017737775,29,1,0,0,1.496607525321518,0.018158114970739877
2399,225.0781664266355,37,1,0,0,1.3039819530027303,0.01813995685576914
2400,146.8200556249585,129,1,0,0,1.4864605053438433,0.01812181689891337
2401,212.06507803534208,40,1,0,0,1.1716705307975435,0.018103695082014454
2402,218.75774343028078,38,1,0,0,1.2346818701824747,0.01808559138693244
2403,160.38753654623792,19,1,0,0,1.4692627381452128,0.01806750579554551
2404,155.6645404747735,28,1,0,0,1.4110229232527214,0.01804943828974996
2405,179.97327090569013,32,1,0,0,1.483511399065944,0.018031388851460214
2406,189.59602315355195,22,1,0,0,1.3457128168919261,0.01801335746260875
2407,206.50990036318217,27,1,0,0,1.4658743612995084,0.01799534410514614
2408,198.31113666592876,31,1,0,0,1.3682338215082641,0.017977348761040995
2409,16.788181701335144,200,0,0,1,2.2593535739576853,0.01795937141227996
2410,188.18378633170352,23,1,0,0,1.4093852761647334,0.017941412040867674
2411,145.23087982932248,20,1,0,0,1.41091262495624,0.017923470628826807
2412,196.57004527315672,26,1,0,0,1.3028673717963035,0.017905547158197983
2413,130.89546195168546,11,1,0,0,1.3561149218197792,0.017887641611039784
2414,137.71974038937987,30,1,0,0,1.3950555388717627,0.017869753969428744
2415,165.7590985694996,58,1,0,0,1.4542284342837677,0.017851884215459315
2416,151.09138630577436,20,1,0,0,1.4881118438349712,0.017834032331243855
2417,157.73130167795776,19,1,0,0,1.3754128920899016,0.017816198298912612
2418,226.23575724016757,46,1,0,0,1.3807275477787868,0.0177983821006137
2419,146.82365377452268,18,1,0,0,1.221960997359448,0.017780583718513085
2420,145.2593721221261,66,1,0,0,1.4768570508697518,0.017762803134794572
2421,147.8221401574539,15,1,0,0,1.4239928662717056,0.01774504033165978
2422,159.02311088449252,15,1,0,0,1.4827938621077732,0.01772729529132812
2423,233.33475675111825,40,1,0,0,1.1804955688645906,0.01770956799603679
2424,144.2441410742519,26,1,0,0,1.4511370500285743,0.017691858428040753
2425,3.4420276267174867,200,0,0,1,2.333646010738527,0.017674166569612713
2426,246.6900568948484,49,1,0,0,1.2895442897796956,0.017656492403043098
2427,195.17653851882767,25,1,0,0,1.456232833355345,0.017638835910640055
2428,137.7997661125453,13,1,0,0,1.3852172433771424,0.01762119707472942
2429,156.919276001154,21,1,0,0,1.3035512697213931,0.01760357587765469
2430,146.17283743757235,15,1,0,0,1.202630141421127,0.017585972301777032
2431,196.09749543083876,26,1,0,0,1.2245898046140262,0.017568386329475254
2432,154.4187804990587,16,1,0,0,1.4006002470552135,0.01755081794314578
2433,173.31616621223247,25,1,0,0,1.470755186452986,0.017533267125202635
2434,22.697142985168185,200,0,0,1,3.5844815637993164,0.01751573385807743
2435,138.58810258554212,15,1,0,0,1.4522596510995407,0.017498218124219353
2436,-50.0,1,0,1,0,3.107887914395675,0.01748071990609513
2437,165.2539379265413,23,1,0,0,1.4067269340377175,0.01746323918618904
2438,170.5873235443761,21,1,0,0,1.317587455916243,0.01744577594700285
2439,154.42045680855307,20,1,0,0,1.2951408015287744,0.01742833017105585
2440,150.97247770007306,18,1,0,0,1.3625553632261609,0.017410901840884792
2441,165.51759664879785,24,1,0,0,1.3156104433139832,0.017393490939043906
2442,168.77909886228863,25,1,0,0,1.3417295590567566,0.017376097448104862
2443,201.82343506930158,31,1,0,0,1.325104610924786,0.017358721350656758
2444,156.50125572164166,19,1,0,0,1.4542407853059662,0.017341362629306103
2445,154.69672204198156,28,1,0,0,1.4128077499837093,0.017324021266676797
2446,189.00940200235647,24,1,0,0,1.273115680317324,0.01730669724541012
2447,133.61318118733382,29,1,0,0,1.3379433542156955,0.017289390548164706
2448,169.56997575674134,20,1,0,0,1.251002507212233,0.017272101157616543
2449,144.13584714610764,17,1,0,0,1.3786199644440775,0.017254829056458927
2450,158.6419693647288,18,1,0,0,1.38719963355568,0.017237574227402467
2451,169.90481975950524,25,1,0,0,1.448479047858906,0.017220336653175065
2452,190.49754010860764,32,1,0,0,1.367382360704712,0.017203116316521893
2453,197.89345852758424,30,1,0,0,1.4702567150460988,0.01718591320020537
2454,139.9674576100815,15,1,0,0,1.0863084405370502,0.01716872728700516
2455,202.52711644232124,34,1,0,0,1.3264756760917025,0.017151558559718158
2456,139.35734395370062,10,1,0,0,1.482161860765862,0.01713440700115844
2457,189.12688055316107,33,1,0,0,1.4978201766199042,0.017117272594157282
2458,189.0038099640064,34,1,0,0,1.2991679091524242,0.017100155321563126
2459,163.07279145789042,30,1,0,0,1.499282334552916,0.01708305516624156
2460,215.35387391949547,46,1,0,0,1.184491840264103,0.01706597211107532
2461,166.07280342891022,22,1,0,0,1.1718966613107995,0.017048906138964242
2462,138.46235260151894,94,1,0,0,1.4522880186260108,0.01703185723282528
2463,167.73001263367553,20,1,0,0,1.4746195499423558,0.017014825375592454
2464,177.969592761816,23,1,0,0,1.474485438583815,0.01699781055021686
2465,155.34181610665644,15,1,0,0,1.1558259474734276,0.016980812739666645
2466,135.73136797556177,12,1,0,0,1.3010878059334159,0.01696383192692698
2467,170.84867786232954,24,1,0,0,1.3324044151665344,0.01694686809500005
2468,136.91025692571247,14,1,0,0,1.3028248105286944,0.01692992122690505
2469,118.08610701120227,125,1,0,0,1.4989092870742322,0.016912991305678148
2470,191.44802311971785,23,1,0,0,1.3398520146486022,0.016896078314372467
2471,156.4402682472217,84,1,0,0,1.4777731921085442,0.016879182236058096
2472,115.23912295472647,18,1,0,0,1.2692384827424417,0.016862303053822036
2473,175.78280552727534,27,1,0,0,1.4160594692035806,0.016845440750768215
2474,151.91950359439394,12,1,0,0,1.4949567345223878,0.016828595310017447
2475,166.34941000286818,22,1,0,0,1.370452637835496,0.01681176671470743
2476,191.83103917554578,23,1,0,0,1.448827852528648,0.016794954947992723
2477,190.795697497005,27,1,0,0,1.4176711608193602,0.016778159993044727
2478,170.2021489939312,27,1,0,0,1.3666726960279005,0.016761381833051685
2479,173.34392102320356,27,1,0,0,1.4512630077771933,0.016744620451218634
2480,175.62629997086577,21,1,0,0,1.4146629462856273,0.016727875830767413
2481,151.0616646038072,18,1,0,0,1.4147778331761671,0.01671114795493665
2482,159.68766752533827,23,1,0,0,1.368788783541084,0.01669443680698171
2483,165.97301150054398,18,1,0,0,1.2985374729754937,0.01667774237017473
2484,185.2352809307647,28,1,0,0,1.3120905205366291,0.016661064627804555
2485,151.70924758150682,27,1,0,0,1.466676420303594,0.01664440356317675
2486,198.58120458191124,26,1,0,0,1.2615696134991912,0.016627759159613575
2487,142.27116791644502,19,1,0,0,1.2560713673750443,0.01661113140045396
2488,14.49900397276432,200,0,0,1,3.368316767680559,0.016594520269053503
2489,169.92680412543908,18,1,0,0,1.3586355770828302,0.01657792574878445
2490,153.24110314284286,13,1,0,0,1.498216571680908,0.016561347823035668
2491,137.18759437562198,12,1,0,0,1.2987749287035184,0.016544786475212632
2492,126.60791849511101,10,1,0,0,1.390987427068319,0.01652824168873742
2493,195.86423668829707,24,1,0,0,1.4912496931261143,0.016511713447048684
2494,165.60795434941662,19,1,0,0,1.3581238463458674,0.016495201733601635
2495,151.00125867135978,44,1,0,0,1.4885906999000933,0.01647870653186803
2496,168.7677855778254,20,1,0,0,1.4528878754837187,0.016462227825336163
2497,208.8322638361367,23,1,0,0,1.2065719353680637,0.016445765597510827
2498,150.5503668867178,16,1,0,0,1.3896191348563938,0.016429319831913314
2499,135.21454635002112,16,1,0,0,1.3171823025506983,0.0164128905120814
2500,149.20086950697305,26,1,0,0,1.4981157927500965,0.01639647762156932
2501,170.7751240581301,25,1,0,0,1.3841557922773808,0.01638008114394775
2502,177.3526755566232,29,1,0,0,1.4604797059845,0.016363701062803805
2503,183.6235791899421,30,1,0,0,1.4668950729735644,0.016347337361740998
2504,148.97274431240072,29,1,0,0,1.3932025565014616,0.01633099002437926
2505,183.28566984612826,28,1,0,0,1.255368321624169,0.01631465903435488
2506,254.12079566586877,48,1,0,0,1.3522197020909632,0.016298344375320527
2507,217.08594839148947,66,1,0,0,1.4956193836563187,0.016282046030945206
2508,178.0619373599859,25,1,0,0,1.4403054293822768,0.01626576398491426
2509,199.521623024988,31,1,0,0,1.243192327406131,0.016249498220929345
2510,265.3419016985574,54,1,0,0,1.4775578462669319,0.016233248722708416
2511,144.19495908016438,14,1,0,0,1.4856260380635915,0.01621701547398571
2512,189.21711749444978,24,1,0,0,1.3815543799064531,0.01620079845851172
2513,122.83807838046482,8,1,0,0,1.4838186103711395,0.016184597660053212
2514,182.83585262072313,22,1,0,0,1.3681873490862535,0.016168413062393156
2515,155.48693189369197,25,1,0,0,1.379983854450785,0.016152244649330762
2516,35.63525173537806,200,0,0,1,2.7333770033673543,0.016136092404681432
2517,146.22645447168856,37,1,0,0,1.46627414269707,0.01611995631227675
2518,198.6166921678279,29,1,0,0,1.3836816269188694,0.016103836355964473
2519,165.45360969895404,17,1,0,0,1.49402026047326,0.01608773251960851
2520,192.1473442463539,65,1,0,0,1.4763693347841833,0.0160716447870889
2521,148.16159154551548,20,1,0,0,1.4981040385077438,0.016055573142301813
2522,161.4272754974691,28,1,0,0,1.2784825319424282,0.01603951756915951
2523,168.45620784352246,19,1,0,0,1.2845295039514968,0.01602347805159035
2524,158.7746772189032,29,1,0,0,1.478443403088138,0.01600745457353876
2525,173.946734068735,25,1,0,0,1.4198040590105512,0.015991447118965222
2526,159.56103411909788,17,1,0,0,1.3777731435534533,0.015975455671846255
2527,163.18417649451894,25,1,0,0,1.1618676006134685,0.01595948021617441
2528,148.57511867357852,14,1,0,0,1.360735105033801,0.015943520735958238
2529,206.3766634374946,30,1,0,0,1.4648290210584523,0.01592757721522228
2530,133.83236575060582,11,1,0,0,1.3823127656045076,0.015911649638007057
2531,157.72353350438146,17,1,0,0,1.2103038796676509,0.015895737988369046
2532,183.37315039195556,20,1,0,0,1.1658867601168124,0.01587984225038068
2533,209.71357033094378,36,1,0,0,1.2275216587548061,0.0158639624081303
2534,192.4193228062863,31,1,0,0,1.4140563522664817,0.01584809844572217
2535,182.6090338303647,33,1,0,0,1.4308597135945953,0.015832250347276446
2536,170.4231787788171,25,1,0,0,1.4272224357281358,0.01581641809692917
2537,176.9355119601542,32,1,0,0,1.490572586054628,0.01580060167883224
2538,146.0810296743764,20,1,0,0,1.3006713090890536,0.015784801077153406
2539,167.26165329831576,75,1,0,0,1.4515227026435384,0.015769016276076252
2540,230.49360528910742,36,1,0,0,1.4397553756627866,0.015753247259800176
2541,143.03366401365878,14,1,0,0,1.434337576291685,0.01573749401254038
2542,69.02877068490146,200,0,0,1,1.5992414423822474,0.01572175651852784
2543,149.59754410690417,15,1,0,0,1.4984907002517462,0.01570603476200931
2544,183.14341550838162,31,1,0,0,1.2343032504928115,0.0156903287272473
2545,140.2402607213544,12,1,0,0,1.2563092402851133,0.01567463839852005
2546,192.17020971796276,28,1,0,0,1.2116470582054502,0.015658963760121533
2547,191.73988960075616,29,1,0,0,1.4862710166082131,0.015643304796361415
2548,161.66396756744984,27,1,0,0,1.4579889708631109,0.01562766149156505
2549,181.73548436249436,22,1,0,0,1.2374368749953024,0.015612033830073486
2550,176.90535791210112,25,1,0,0,1.4721085870869208,0.015596421796243412
2551,132.6320873912233,25,1,0,0,1.3849997732133452,0.015580825374447169
2552,186.81796419143927,20,1,0,0,1.3417543809424695,0.015565244549072722
2553,202.91105699174142,27,1,0,0,1.3692614395033227,0.015549679304523648
2554,149.1577473687288,68,1,0,0,1.4991671137187057,0.015534129625219124
2555,167.64825164826368,23,1,0,0,1.4245171651600976,0.015518595495593904
2556,153.43128717931464,29,1,0,0,1.3247219174441949,0.015503076900098313
2557,162.70238304449362,20,1,0,0,1.3012512656588875,0.015487573823198215
2558,127.45261208673253,7,1,0,0,1.4648686204764414,0.015472086249375015
2559,105.8485678479042,3,1,0,0,1.452999733191389,0.01545661416312564
2560,109.97427004710738,8,1,0,0,1.2700368509265596,0.015441157548962515
2561,158.92211864561264,20,1,0,0,1.4067837357524693,0.015425716391413553
2562,159.35004628312254,19,1,0,0,1.4931730640789764,0.015410290675022137
2563,158.22826101999118,23,1,0,0,1.4204837220951232,0.015394880384347116
2564,161.8067477709149,17,1,0,0,1.4337239066193253,0.01537948550396277
2565,167.61895693732606,23,1,0,0,1.4144392936282426,0.015364106018458806
2566,159.8133841933283,22,1,0,0,1.3193290029400144,0.015348741912440348
2567,150.38648237647269,39,1,0,0,1.4878452767913841,0.015333393170527907
2568,164.51947115561944,29,1,0,0,1.4516759623937419,0.01531805977735738
2569,194.08056790533504,35,1,0,0,1.4712960669232178,0.015302741717580021
2570,157.67320475213458,15,1,0,0,1.2994933313921198,0.015287438975862442
2571,135.57604823334188,14,1,0,0,1.2666927253044056,0.015272151536886582
2572,160.4688885654579,15,1,0,0,1.3714829728291364,0.015256879385349692
2573,169.20196447572826,18,1,0,0,1.4438082423396374,0.015241622505964343
2574,167.1194861960351,88,1,0,0,1.4298357172682148,0.01522638088345838
2575,172.63001431295893,16,1,0,0,1.4135292317095927,0.01521115450257492
2576,29.755788082652103,35,0,0,0,2.0426687295914796,0.015195943348072345
2577,164.64833269334008,18,1,0,0,1.4267643300272976,0.015180747404724275
2578,177.37062748750537,90,1,0,0,1.486224185705516,0.01516556665731955
2579,181.9492670372881,19,1,0,0,1.4728291197952534,0.015150401090662229
2580,168.77471650476758,25,1,0,0,1.4959587455121193,0.015135250689571568
2581,200.22546868469308,33,1,0,0,1.4924395763271598,0.015120115438881997
2582,172.9723795048725,26,1,0,0,1.4343844059864808,0.015104995323443114
2583,196.00603179032294,28,1,0,0,1.4418522832933878,0.015089890328119672
2584,139.6575041826018,20,1,0,0,1.4748911506706635,0.01507480043779155
2585,178.33983467562518,22,1,0,0,1.3036805288457332,0.015059725637353758
2586,242.4721019746731,42,1,0,0,1.4239612694509427,0.015044665911716404
2587,152.45789652235035,17,1,0,0,1.2158106614186317,0.015029621245804689
2588,129.68946578612957,48,1,0,0,1.4650612279259052,0.015014591624558885
2589,197.13127825577112,26,1,0,0,1.4400528441049436,0.014999577032934325
2590,194.01218620992995,27,1,0,0,1.327412368163503,0.014984577455901392
2591,159.08793476766687,23,1,0,0,1.456371003492547,0.01496959287844549
2592,120.49150199135636,7,1,0,0,1.1064622623692326,0.014954623285567042
2593,160.7099086336078,26,1,0,0,1.4723759551149278,0.014939668662281478
2594,175.90778771169528,32,1,0,0,1.122577862162176,0.014924728993619194
2595,170.46336707020254,25,1,0,0,1.4502271576915289,0.014909804264625577
2596,101.85858461263733,3,1,0,0,1.3980440953189264,0.01489489446036095
2597,262.92655297430053,54,1,0,0,1.418546511141003,0.01487999956590059
2598,184.12152702522212,26,1,0,0,1.1466826763215876,0.01486511956633469
2599,176.82508333500215,22,1,0,0,1.305414943684158,0.014850254446768355
2600,152.56193488154307,17,1,0,0,1.4711522255839153,0.014835404192321586
2601,200.7156747654461,30,1,0,0,1.3541516246610779,0.014820568788129262
2602,136.48582787427023,13,1,0,0,1.4770467679256596,0.014805748219341134
2603,148.38351272070778,13,1,0,0,1.376602903733075,0.014790942471121794
2604,34.64677735012941,200,0,0,1,2.7788460710877474,0.014776151528650673
2605,237.26974805524307,41,1,0,0,1.3132156100252697,0.014761375377122021
2606,159.76203292310967,17,1,0,0,1.3561232943843404,0.0147466140017449
2607,150.40470079854856,17,1,0,0,1.2705766438259067,0.014731867387743153
2608,32.05567466503332,200,0,0,1,2.050825378311512,0.01471713552035541
2609,97.71984701655123,8,1,0,0,1.4959205652286471,0.014702418384835056
2610,137.2798494771489,66,1,0,0,1.3919135715245432,0.014687715966450222
2611,164.74307893740803,21,1,0,0,1.4112223021648267,0.01467302825048377
2612,143.5433167494112,17,1,0,0,1.4033707397660302,0.014658355222233285
2613,142.4942067767348,17,1,0,0,1.4441451995167993,0.014643696867011053
2614,181.79770292372734,24,1,0,0,1.3609377401228877,0.01462905317014404
2615,155.2963288926809,33,1,0,0,1.3263880272661044,0.014614424116973898
2616,190.72572608255973,26,1,0,0,1.3499429225925579,0.014599809692856925
2617,195.87841089106672,31,1,0,0,1.1785727752530397,0.014585209883164066
2618,117.81299643621105,9,1,0,0,1.481964486929882,0.014570624673280902
2619,158.71311859414797,39,1,0,0,1.4786667718619373,0.014556054048607624
2620,225.2964560808396,40,1,0,0,1.2055910411374182,0.014541497994559014
2621,125.3845495246173,17,1,0,0,1.427885373173717,0.014526956496564457
2622,147.74040160332794,13,1,0,0,1.3247220919616274,0.014512429540067893
2623,207.60625882175339,29,1,0,0,1.25770414743746,0.014497917110527822
2624,165.38500981214136,30,1,0,0,1.3967920424002211,0.014483419193417297
2625,166.54441927854458,18,1,0,0,1.3596200393869737,0.01446893577422388
2626,188.71080268840439,26,1,0,0,1.4465870824770877,0.014454466838449654
2627,161.34568975641696,17,1,0,0,1.1651707291679716,0.014440012371611206
2628,143.37948869739856,20,1,0,0,1.3421034888135173,0.014425572359239594
2629,144.05401944546944,27,1,0,0,1.4331767879372823,0.014411146786880352
2630,27.95661360928733,200,0,0,1,2.228944818421847,0.014396735640093472
2631,133.918642448691,17,1,0,0,1.1430749530767474,0.01438233890445338
2632,174.76990069330455,22,1,0,0,1.3303062207383651,0.014367956565548927
2633,146.99767803011162,69,1,0,0,1.497378167657631,0.014353588608983378
2634,187.19578101987804,27,1,0,0,1.4152145510385483,0.014339235020374395
2635,157.35002349571963,22,1,0,0,1.3425103447695268,0.01432489578535402
2636,138.22488644914654,14,1,0,0,1.188440169197991,0.014310570889568667
2637,175.95242548237636,35,1,0,0,1.3247230508884815,0.014296260318679097
2638,159.1171261100161,18,1,0,0,1.340510176956754,0.014281964058360417
2639,180.4513912374651,25,1,0,0,1.365296591375164,0.014267682094302056
2640,144.21766955500658,20,1,0,0,1.426343225631766,0.014253414412207755
2641,221.91277496534224,33,1,0,0,1.4282129114471784,0.014239160997795548
2642,259.79397637238367,45,1,0,0,1.279833980354558,0.014224921836797752
2643,154.82542850030916,63,1,0,0,1.4805175658734082,0.014210696914960956
2644,157.80379529710572,23,1,0,0,1.290601881589573,0.014196486218045992
2645,200.5099024796453,22,1,0,0,1.4040020505170179,0.014182289731827946
2646,146.09021918572478,16,1,0,0,1.2868398508329337,0.014168107442096121
2647,198.23787643372714,30,1,0,0,1.2968954147129566,0.014153939334654024
2648,163.49757175817223,24,1,0,0,1.2631949623973924,0.01413978539531937
2649,242.01623969928593,35,1,0,0,1.439696515507568,0.014125645609924051
2650,197.28958699251436,31,1,0,0,1.1927605242822836,0.014111519964314126
2651,166.29041857218206,24,1,0,0,1.398812045670874,0.014097408444349813
2652,161.4114712979295,25,1,0,0,1.4842918448781355,0.01408331103590546
2653,145.3694841470089,18,1,0,0,1.3370829768687307,0.014069227724869557
2654,161.84653815441453,18,1,0,0,1.4932532197053365,0.014055158497144688
2655,153.16083580006548,21,1,0,0,1.4512655685660873,0.014041103338647543
2656,33.540191335623454,200,0,0,1,2.434871745191842,0.014027062235308894
2657,206.6118932421474,35,1,0,0,1.2774971639746509,0.014013035173073585
2658,-50.0,1,0,1,0,3.4952240084317965,0.01399902213790051
2659,177.06208196355112,26,1,0,0,1.3461563641739283,0.01398502311576261
2660,168.69980406186534,32,1,0,0,1.3890106879056328,0.013971038092646848
2661,186.4562737426315,25,1,0,0,1.3028953354192927,0.013957067054554202
2662,160.11099870830927,133,1,0,0,1.471828768438219,0.013943109987499647
2663,195.47888389207506,32,1,0,0,1.4646123572442835,0.013929166877512148
2664,221.55983944773342,39,1,0,0,1.309742324991817,0.013915237710634638
2665,229.92565335992842,45,1,0,0,1.4120506220339313,0.013901322472924003
2666,129.48493879293747,10,1,0,0,1.2802149943314902,0.013887421150451077
2667,138.8380072877896,57,1,0,0,1.485373587513838,0.013873533729300627
2668,184.74854231327976,26,1,0,0,1.2530949400948377,0.013859660195571326
2669,104.81310088990466,2,1,0,0,1.4082088909026125,0.013845800535375756
2670,209.71229876204654,31,1,0,0,1.478879838602111,0.01383195473484038
2671,234.37927686688204,43,1,0,0,1.2290188228183185,0.013818122780105538
2672,159.2846430783867,129,1,0,0,1.3484168597181176,0.013804304657325434
2673,182.75640060834047,24,1,0,0,1.4079673516246936,0.013790500352668107
2674,173.98599215313072,23,1,0,0,1.352078963299748,0.013776709852315439
2675,168.2273622569065,22,1,0,0,1.4045419188051838,0.013762933142463124
2676,163.4118754816299,17,1,0,0,1.460652541783376,0.013749170209320661
2677,174.75999564107826,24,1,0,0,1.46575051548133,0.01373542103911134
2678,2.549534072779126,200,0,0,1,3.8120554535611793,0.013721685618072228
2679,150.50675453908167,15,1,0,0,1.3426331217766476,0.013707963932454157
2680,148.2482648361347,13,1,0,0,1.3428701470085809,0.013694255968521703
2681,256.20190867377096,49,1,0,0,1.2865619061053986,0.01368056171255318
2682,171.48601152047326,22,1,0,0,1.463341416783335,0.013666881150840627
2683,205.34598648752257,33,1,0,0,1.4236887667789515,0.013653214269689788
2684,120.45053031359421,9,1,0,0,1.42193776030567,0.013639561055420097
2685,161.85313064334275,17,1,0,0,1.334211802033775,0.013625921494364677
2686,209.59154610178524,35,1,0,0,1.183537327380188,0.013612295572870312
2687,188.11184609843548,27,1,0,0,1.3906981770404143,0.013598683277297442
2688,123.66604464174844,11,1,0,0,1.4002087614269056,0.013585084594020145
2689,139.8801693935875,12,1,0,0,1.409434593399856,0.013571499509426125
2690,193.99574216918447,24,1,0,0,1.3236871465873972,0.013557928009916698
2691,159.7250346240513,15,1,0,0,1.319362260460027,0.013544370081906782
2692,119.60661862795612,7,1,0,0,1.385593084934176,0.013530825711824873
2693,159.86941941396324,21,1,0,0,1.388631062806568,0.01351729488611305
2694,142.36504636866542,14,1,0,0,1.394709441097183,0.013503777591226937
2695,201.86800616046222,33,1,0,0,1.4420539769957696,0.01349027381363571
2696,100.14047315783122,4,1,0,0,1.3295059447721878,0.013476783539822075
2697,160.9573960524787,18,1,0,0,1.2688943646575377,0.013463306756282252
2698,156.92511122949327,18,1,0,0,1.3802013788750025,0.01344984344952597
2699,181.58755795028324,200,0,0,1,1.9150579983234823,0.013436393606076444
2700,-8.62955872817971,200,0,0,1,3.005494604837945,0.013422957212470367
2701,168.8339283045906,192,1,0,0,1.3514344817651593,0.013409534255257897
2702,187.01284850868626,22,1,0,0,1.464481842803998,0.01339612472100264
2703,-50.0,1,0,1,0,1.8537195918993545,0.013382728596281635
2704,167.7088720197968,28,1,0,0,1.3916067337290738,0.013369345867685354
2705,186.06686558193695,25,1,0,0,1.3594356603556423,0.013355976521817671
2706,188.14741948372722,26,1,0,0,1.465590786877227,0.01334262054529585
2707,158.79266152802654,26,1,0,0,1.4409999139209446,0.013329277924750554
2708,140.18859733452894,12,1,0,0,1.337705614864023,0.013315948646825804
2709,-50.0,1,0,1,0,3.913523358375575,0.01330263269817898
2710,13.823243021927068,200,0,0,1,1.9258065683515515,0.013289330065480802
2711,185.72228965476106,32,1,0,0,1.1902081949657608,0.013276040735415318
2712,168.59875159939224,20,1,0,0,1.186815063443013,0.013262764694679905
2713,159.86306811491318,19,1,0,0,1.404687374185037,0.013249501929985225
2714,176.94607981564633,26,1,0,0,1.4896952119988782,0.013236252428055241
2715,110.91133160548358,21,1,0,0,1.3906471811104624,0.013223016175627184
2716,112.6146947783634,5,1,0,0,1.312189941971098,0.013209793159451555
2717,164.3029682379581,23,1,0,0,1.3352027610711965,0.013196583366292106
2718,165.44310499724398,16,1,0,0,1.3064534932610916,0.013183386782925813
2719,220.78570844570777,36,1,0,0,1.4625704736332752,0.013170203396142888
2720,196.88728301372993,33,1,0,0,1.1712401085656337,0.013157033192746746
2721,167.2804148234164,20,1,0,0,1.4292819815190887,0.013143876159553997
2722,167.4627917379444,18,1,0,0,1.3661474302565437,0.013130732283394442
2723,183.82173325717812,26,1,0,0,1.3005884215784256,0.01311760155111105
2724,152.09551395547038,94,1,0,0,1.4989144074354992,0.013104483949559938
2725,186.4512499818905,24,1,0,0,1.441635698645155,0.013091379465610379
2726,163.59696185882342,21,1,0,0,1.375734535281877,0.013078288086144769
2727,187.0247043452739,23,1,0,0,1.1685511072585417,0.013065209798058622
2728,172.98293823154117,88,1,0,0,1.4932078932215962,0.013052144588260565
2729,12.489624167841107,99,0,0,0,1.968612960533048,0.013039092443672304
2730,156.67850721458342,47,1,0,0,1.4884154516135344,0.013026053351228632
2731,119.51230712180681,7,1,0,0,1.3659099612262984,0.013013027297877403
2732,129.48373806019686,9,1,0,0,1.3485585906329582,0.013000014270579525
2733,208.80657647515093,30,1,0,0,1.3258487047964704,0.012987014256308946
2734,172.22288790308588,23,1,0,0,1.114583505806293,0.012974027242052636
2735,195.71016473184216,34,1,0,0,1.1755146060781827,0.012961053214810584
2736,264.3986220203327,53,1,0,0,1.3624176523672602,0.012948092161595773
2737,275.59995859794265,57,1,0,0,1.2274786424606472,0.012935144069434176
2738,225.0810325532687,38,1,0,0,1.3343347324733628,0.012922208925364742
2739,146.737681441625,24,1,0,0,1.4799507109205066,0.012909286716439379
2740,133.57284337166175,10,1,0,0,1.4254716307114064,0.012896377429722938
2741,225.64916493316707,35,1,0,0,1.2638561983508567,0.012883481052293217
2742,158.4153360361524,48,1,0,0,1.2951023217952746,0.012870597571240922
2743,1.082129301197853,200,0,0,1,3.8749114982282893,0.012857726973669681
2744,160.64586108974066,22,1,0,0,1.4050465781748849,0.012844869246696013
2745,106.07165970196948,3,1,0,0,1.4973247143383686,0.012832024377449317
2746,199.8141938411083,33,1,0,0,1.3236833652550146,0.012819192353071869
2747,160.29337169023862,21,1,0,0,1.386199197979635,0.012806373160718795
2748,193.182744622639,22,1,0,0,1.342079494202623,0.012793566787558075
2749,164.94460629312408,23,1,0,0,1.2872629853962398,0.012780773220770517
2750,135.1304305850046,12,1,0,0,1.2619138911341974,0.012767992447549748
2751,170.5665918407017,20,1,0,0,1.4216370008226276,0.0127552244551022
2752,145.54472831006672,17,1,0,0,1.4263661749651781,0.012742469230647098
2753,214.6417193657918,46,1,0,0,1.1606479353953294,0.01272972676141645
2754,182.46035841997275,38,1,0,0,1.4631601235914076,0.012716997034655031
2755,140.83831168112687,23,1,0,0,1.475555749315205,0.012704280037620377
2756,169.8377378547412,17,1,0,0,1.4957918083941766,0.012691575757582757
2757,175.15023175853418,29,1,0,0,1.3776801224760844,0.012678884181825174
2758,197.2191879146453,25,1,0,0,1.2064521552584697,0.012666205297643349
2759,196.47194629573957,31,1,0,0,1.4547384157951462,0.012653539092345706
2760,67.93692658064515,200,0,0,1,1.501620143303721,0.012640885553253359
2761,163.88382394686806,168,1,0,0,1.4978631632910835,0.012628244667700107
2762,182.64494739551273,21,1,0,0,1.3721804581248962,0.012615616423032406
2763,160.73320753926228,22,1,0,0,1.492326249728591,0.012603000806609374
2764,172.6100249216044,21,1,0,0,1.4052978361223178,0.012590397805802764
2765,149.613991547962,34,1,0,0,1.450271281226443,0.01257780740799696
2766,217.33347352335448,27,1,0,0,1.4500541852474866,0.012565229600588965
2767,186.46886954611392,25,1,0,0,1.2396804396708243,0.012552664370988377
2768,164.55231767796084,23,1,0,0,1.2563407975707916,0.01254011170661739
2769,170.9303795475577,19,1,0,0,1.2869435260332753,0.01252757159491077
2770,167.03388737822985,17,1,0,0,1.4206049419472075,0.01251504402331586
2771,138.83886266282406,11,1,0,0,1.2157373832379457,0.012502528979292543
2772,249.64717869347282,47,1,0,0,1.234058424543653,0.012490026450313252
2773,139.565825597911,18,1,0,0,1.1996901540404425,0.012477536423862937
2774,184.2011954630663,85,1,0,0,1.4870847127708064,0.012465058887439075
2775,181.05696632100626,23,1,0,0,1.2651952822403085,0.012452593828551635
2776,161.15263035181522,29,1,0,0,1.2541681165615688,0.012440141234723083
2777,193.31463060307954,26,1,0,0,1.3484208443439594,0.012427701093488362
2778,260.27075218660343,54,1,0,0,1.3683099739503504,0.012415273392394873
2779,211.12553741514046,36,1,0,0,1.3274710649138222,0.012402858119002477
2780,131.98832341510226,13,1,0,0,1.4249250368286026,0.012390455260883476
2781,109.13469473625015,23,1,0,0,1.4597140200318939,0.01237806480562259
2782,178.38688816994357,28,1,0,0,1.4676587336330718,0.01236568674081697
2783,145.2885913693786,18,1,0,0,1.2083525420780636,0.012353321054076152
2784,203.52833065458645,29,1,0,0,1.4218455376732766,0.012340967733022075
2785,114.05372189832717,10,1,0,0,1.211686005911354,0.012328626765289055
2786,104.69513253427374,2,1,0,0,1.487506855753752,0.012316298138523765
2787,138.80521894350863,16,1,0,0,1.131534250889325,0.01230398184038524
2788,158.79293693923586,24,1,0,0,1.42985305953645,0.012291677858544856
2789,168.1728191781952,17,1,0,0,1.4126456296105276,0.012279386180686311
2790,165.05393205534443,25,1,0,0,1.3111356309364763,0.012267106794505624
2791,220.5678009765577,41,1,0,0,1.2761730341324524,0.012254839687711119
2792,125.60650372148513,10,1,0,0,1.4567075352677121,0.012242584848023408
2793,175.60070735127687,27,1,0,0,1.3005833050258053,0.012230342263175384
2794,137.2987534653439,16,1,0,0,1.4328730494310737,0.01221811192091221
2795,193.33634928595217,22,1,0,0,1.4372740301398443,0.012205893808991296
2796,192.33591506312763,21,1,0,0,1.4345485325709453,0.012193687915182307
2797,133.5193084248567,12,1,0,0,1.4927718461882546,0.012181494227267123
2798,169.05579906408235,29,1,0,0,1.44316796639637,0.012169312733039856
2799,176.29065819755044,29,1,0,0,1.3762632931136825,0.012157143420306816
2800,249.90272561049443,47,1,0,0,1.4028169113260052,0.01214498627688651
2801,182.97615320492298,18,1,0,0,1.4841234283692615,0.012132841290609623
2802,193.12591924537918,32,1,0,0,1.4938782584670613,0.012120708449319013
2803,188.47812363726413,26,1,0,0,1.4056614233442355,0.012108587740869694
2804,150.20095553254654,18,1,0,0,1.4571326272935956,0.012096479153128824
2805,249.4643999437304,48,1,0,0,1.2142509623255937,0.012084382673975696
2806,138.502942227103,13,1,0,0,1.3842211416067371,0.012072298291301721
2807,160.2271937967315,18,1,0,0,1.4598250929248702,0.012060225993010418
2808,163.06136432542397,27,1,0,0,1.4579341424454342,0.012048165767017407
2809,167.97524787141083,26,1,0,0,1.2560671713445748,0.01203611760125039
2810,166.2452783006259,23,1,0,0,1.2092864011551676,0.01202408148364914
2811,130.0815613335235,12,1,0,0,1.363336340344936,0.01201205740216549
2812,165.67184405142484,18,1,0,0,1.4827301840880778,0.012000045344763325
2813,167.26560347068323,74,1,0,0,1.4812959267809687,0.011988045299418562
2814,238.46224234789932,49,1,0,0,1.419398428103587,0.011976057254119142
2815,142.79450775187567,11,1,0,0,1.318032786650188,0.011964081196865024
2816,171.87208123588715,19,1,0,0,1.468489602166738,0.011952117115668159
2817,118.48596771088013,6,1,0,0,1.3878704303732943,0.01194016499855249
2818,169.31495797730474,24,1,0,0,1.4998298631413238,0.011928224833553939
2819,197.238915057139,28,1,0,0,1.27783590233868,0.011916296608720385
2820,194.76179240435152,30,1,0,0,1.2287815789141168,0.011904380312111664
2821,148.04060529648484,20,1,0,0,1.2821736705471614,0.011892475931799554
2822,166.33589585095848,20,1,0,0,1.2870032893162775,0.011880583455867753
2823,163.62541858586297,22,1,0,0,1.2913442783183728,0.011868702872411886
2824,181.39544323194957,23,1,0,0,1.4483728320853693,0.011856834169539473
2825,202.452934012968,72,1,0,0,1.4561038477028212,0.011844977335369933
2826,168.4242898975047,23,1,0,0,1.4430574274568164,0.011833132358034563
2827,188.73941181177005,21,1,0,0,1.4436611344194779,0.01182129922567653
2828,169.31893521294495,53,1,0,0,1.4985414253889917,0.011809477926450852
2829,155.48836591466772,16,1,0,0,1.467108235134841,0.011797668448524402
2830,179.1177701402181,24,1,0,0,1.1311711196674694,0.011785870780075878
2831,-50.0,1,0,1,0,7.557196864564412,0.011774084909295802
2832,169.4093164887801,16,1,0,0,1.2856094733200643,0.011762310824386507
2833,205.66666206130353,28,1,0,0,1.4940474526802545,0.01175054851356212
2834,192.34463506398845,24,1,0,0,1.3673372987039056,0.011738797965048557
2835,164.4531346123653,22,1,0,0,1.4900226336307638,0.011727059167083508
2836,183.16448008701258,22,1,0,0,1.270600792221977,0.011715332107916426
2837,135.50361364397733,15,1,0,0,1.2669967929114772,0.011703616775808508
2838,202.12435124782857,36,1,0,0,1.3761314936082558,0.0116919131590327
2839,33.06999662658408,200,0,0,1,3.3820961826055544,0.011680221245873666
2840,144.78134005999777,14,1,0,0,1.1891078213861348,0.011668541024627794
2841,133.06603463131046,12,1,0,0,1.2727669047433816,0.011656872483603165
2842,134.4199936313169,15,1,0,0,1.2207959076996664,0.011645215611119563
2843,184.1283998962588,29,1,0,0,1.2504695229692062,0.011633570395508443
2844,146.06415541054207,26,1,0,0,1.438053916086875,0.011621936825112936
2845,160.41296310265844,33,1,0,0,1.3967788434524573,0.011610314888287822
2846,-50.0,1,0,1,0,4.5592397577891,0.011598704573399534
2847,197.0211182768079,29,1,0,0,1.2446532752153299,0.011587105868826135
2848,114.19313599798565,6,1,0,0,1.4375595112564006,0.011575518762957308
2849,170.30929822039542,25,1,0,0,1.435394217595407,0.01156394324419435
2850,194.13265826942813,28,1,0,0,1.4135462795839782,0.011552379300950155
2851,172.19305232353162,28,1,0,0,1.411450176818177,0.011540826921649205
2852,168.55586517740883,27,1,0,0,1.4619715859951667,0.011529286094727557
2853,104.06372820547115,2,1,0,0,1.3451154008914397,0.01151775680863283
2854,166.62368119246165,17,1,0,0,1.4325526237539326,0.011506239051824197
2855,158.736482421562,19,1,0,0,1.36334138962235,0.011494732812772373
2856,273.510861912304,54,1,0,0,1.3279685591858392,0.011483238079959601
2857,207.71517701079432,30,1,0,0,1.4539612320915785,0.011471754841879641
2858,145.32690174392062,61,1,0,0,1.4274891384042765,0.01146028308703776
2859,190.87425905372072,21,1,0,0,1.4917811697384984,0.011448822803950723
2860,168.6959069100436,18,1,0,0,1.340127326375393,0.011437373981146772
2861,149.92292290812716,19,1,0,0,1.40292292691491,0.011425936607165626
2862,174.20018658296266,23,1,0,0,1.3694242909491994,0.011414510670558459
2863,133.85625338490894,15,1,0,0,1.4750724229154075,0.011403096159887901
2864,166.34715385208236,23,1,0,0,1.1302162217772378,0.011391693063728014
2865,134.63886124800183,16,1,0,0,1.3226040442959552,0.011380301370664286
2866,20.90490244538445,200,0,0,1,2.263102946367033,0.011368921069293622
2867,163.58995725984454,32,1,0,0,1.4652640917705118,0.011357552148224329
2868,172.01989606316056,19,1,0,0,1.3989215165578324,0.011346194596076102
2869,194.58527936875495,25,1,0,0,1.106999988614801,0.011334848401480028
2870,243.05775331115186,45,1,0,0,1.175708516378351,0.011323513553078547
2871,112.15809679790196,9,1,0,0,1.3492901625996194,0.011312190039525468
2872,245.28028088216467,45,1,0,0,1.4407885722914993,0.011300877849485942
2873,168.98815626390981,25,1,0,0,1.3990045888170701,0.011289576971636458
2874,170.3419473171287,18,1,0,0,1.3624172047492575,0.01127828739466482
2875,141.0441660380984,11,1,0,0,1.3326449269872591,0.011267009107270156
2876,158.45819326679867,22,1,0,0,1.4292271272413324,0.011255742098162887
2877,191.25760952525832,24,1,0,0,1.3349371652046902,0.011244486356064723
2878,156.74607847766546,25,1,0,0,1.2724611013993532,0.011233241869708657
2879,120.98920378517762,45,1,0,0,1.455241814597432,0.01122200862783895
2880,157.35954342576574,17,1,0,0,1.3301599073745822,0.01121078661921111
2881,177.53726725366712,23,1,0,0,1.4263399532553123,0.0111995758325919
2882,214.4188821448111,36,1,0,0,1.473314869527599,0.011188376256759308
2883,162.89442907439775,25,1,0,0,1.4292096648697237,0.011177187880502547
2884,183.8595892368631,25,1,0,0,1.441672433183986,0.011166010692622045
2885,174.2011969410678,22,1,0,0,1.3586516041712853,0.011154844681929423
2886,235.9257993003643,36,1,0,0,1.2750226536766451,0.011143689837247494
2887,173.93672431813854,22,1,0,0,1.4081632672228186,0.011132546147410246
2888,147.97587514927727,17,1,0,0,1.2311747960912598,0.011121413601262837
2889,230.70263632711942,42,1,0,0,1.3580222012727252,0.011110292187661575
2890,180.2436305562552,26,1,0,0,1.4526308326565278,0.011099181895473912
2891,158.18311679231957,27,1,0,0,1.3775443379895311,0.011088082713578438
2892,224.5312052619255,47,1,0,0,1.4955135824216748,0.01107699463086486
2893,142.0773741786365,16,1,0,0,1.4816574862310452,0.011065917636233994
2894,151.251672253717,16,1,0,0,1.3604900655698988,0.01105485171859776
2895,216.15768578542043,38,1,0,0,1.2310963519948994,0.011043796866879162
2896,146.48893613898136,18,1,0,0,1.3289883440334005,0.011032753070012283
2897,155.96222165269907,15,1,0,0,1.3298349728075165,0.011021720316942272
2898,137.9924154018982,15,1,0,0,1.4797966692048654,0.01101069859662533
2899,162.58972650605034,18,1,0,0,1.4534002153300987,0.010999687898028703
2900,92.41211612423095,200,0,0,1,2.4258475739645093,0.010988688210130675
2901,172.43480088455436,26,1,0,0,1.3994184855598226,0.010977699521920544
2902,202.3672944071893,29,1,0,0,1.398398774500844,0.010966721822398624
2903,149.4370850610549,107,1,0,0,1.4700810621089317,0.010955755100576225
2904,169.34559489067087,22,1,0,0,1.4312725399245274,0.010944799345475648
2905,188.02358011119722,23,1,0,0,1.4557645535125818,0.010933854546130174
2906,206.9202719319355,28,1,0,0,1.3234228192709578,0.010922920691584043
2907,100.0,1,1,0,0,0.7538435864586077,0.010911997770892459
2908,170.38322766230453,19,1,0,0,1.2599045249873806,0.010901085773121566
2909,184.0704187941434,20,1,0,0,1.3372956150638116,0.010890184687348446
2910,162.2585160204385,18,1,0,0,1.420367848779465,0.010879294502661098
2911,161.26172905581154,23,1,0,0,1.495548123824422,0.010868415208158434
2912,169.40324373593972,27,1,0,0,1.4756727744015734,0.010857546792950278
2913,137.4840709684754,14,1,0,0,1.4313359453309626,0.010846689246157327
2914,176.86790576631213,25,1,0,0,1.4413134471550613,0.010835842556911168
2915,181.78600728066374,66,1,0,0,1.476474966985738,0.010825006714354258
2916,150.66510023401963,19,1,0,0,1.2529022861219854,0.010814181707639904
2917,161.64841811862146,28,1,0,0,1.2758291943410562,0.010803367525932264
2918,198.67072320030405,28,1,0,0,1.39441917224581,0.010792564158406332
2919,191.09341660650804,27,1,0,0,1.4755733680471796,0.010781771594247924
2920,190.77560049096832,27,1,0,0,1.165203101698874,0.010770989822653678
2921,186.82403194553203,25,1,0,0,1.4943731233321458,0.010760218832831023
2922,157.79817830764034,32,1,0,0,1.4641822648750913,0.010749458613998192
2923,164.47690857511685,20,1,0,0,1.3624971248786168,0.010738709155384194
2924,189.81514285747932,27,1,0,0,1.2637079815741228,0.01072797044622881
2925,170.8619027316692,26,1,0,0,1.328425999344074,0.010717242475782582
2926,192.4449513780472,28,1,0,0,1.2879792893368645,0.010706525233306799
2927,156.58051990486356,16,1,0,0,1.43692794298076,0.010695818708073491
2928,190.12566997448815,26,1,0,0,1.295532172121471,0.01068512288936542
2929,164.7093781938696,65,1,0,0,1.4806153032780391,0.010674437766476053
2930,162.57372292697298,14,1,0,0,1.2882329083829993,0.010663763328709577
2931,165.91698248915893,22,1,0,0,1.2927976395194487,0.010653099565380866
2932,133.4498941749206,13,1,0,0,1.172978649503372,0.010642446465815487
2933,161.70543422894576,67,1,0,0,1.3465681671073344,0.010631804019349671
2934,149.57994152434742,20,1,0,0,1.4625746068309118,0.010621172215330321
2935,147.32368600246957,22,1,0,0,1.4595124608446242,0.010610551043114992
2936,177.18347323512756,18,1,0,0,1.4880833646497238,0.010599940492071877
2937,180.5338656653581,19,1,0,0,1.3576823501627249,0.010589340551579805
2938,-54.722828325567,6,0,1,0,5.67947601820193,0.010578751211028225
2939,-50.0,1,0,1,0,2.9004673140327455,0.010568172459817197
2940,121.66820362426695,6,1,0,0,1.3169398081103774,0.01055760428735738
2941,135.01860921616586,10,1,0,0,1.4898023897970119,0.010547046683070022
2942,155.59520372059677,18,1,0,0,1.121389421371265,0.010536499636386951
2943,221.3411699546599,36,1,0,0,1.2786424439866881,0.010525963136750565
2944,116.89090909109552,5,1,0,0,1.278961443490217,0.010515437173613813
2945,169.68253834646129,17,1,0,0,1.4187563280013054,0.010504921736440201
2946,126.53224437402169,11,1,0,0,1.2453559905179998,0.01049441681470376
2947,194.27318250811948,30,1,0,0,1.3662188101835224,0.010483922397889056
2948,197.2174552935813,26,1,0,0,1.263294612458145,0.010473438475491167
2949,182.8169140851973,25,1,0,0,1.4478688575278105,0.010462965037015676
2950,62.80131546394014,96,0,0,0,4.573503120826147,0.010452502071978662
2951,185.20891481242188,25,1,0,0,1.2515078291597475,0.010442049569906681
2952,145.96500712816896,15,1,0,0,1.4139766263947802,0.010431607520336776
2953,171.4011703274706,23,1,0,0,1.4484206140864244,0.010421175912816438
2954,162.16520280036826,29,1,0,0,1.2217112951611324,0.010410754736903623
2955,131.80345952714006,75,1,0,0,1.4881930525919298,0.010400343982166717
2956,178.13100945295207,25,1,0,0,1.320401732856332,0.010389943638184553
2957,248.1567579908507,42,1,0,0,1.3021772304224226,0.010379553694546366
2958,130.36368691669531,14,1,0,0,1.2770443485475258,0.01036917414085182
2959,195.1537899447863,25,1,0,0,1.4697500107649661,0.010358804966710967
2960,126.15714456315509,10,1,0,0,1.4295455114714453,0.010348446161744258
2961,194.06610178786042,22,1,0,0,1.2451683988990536,0.010338097715582514
2962,183.9822800148493,26,1,0,0,1.169539584221082,0.01032775961786693
2963,184.8331269379979,27,1,0,0,1.289012762709627,0.010317431858249064
2964,186.84460260052282,24,1,0,0,1.2009607238125255,0.010307114426390816
2965,174.28123433815625,19,1,0,0,1.188560856436529,0.010296807311964425
2966,150.34145704799926,24,1,0,0,1.362049494535811,0.01028651050465246
2967,170.79059723811727,27,1,0,0,1.084295859197245,0.010276223994147807
2968,262.1353911633229,54,1,0,0,1.369671034041037,0.01026594777015366
2969,152.96981379061725,39,1,0,0,1.2479531027095814,0.010255681822383506
2970,132.7802141607798,14,1,0,0,1.4113022677315863,0.010245426140561122
2971,170.55118707646372,22,1,0,0,1.4756586552623072,0.010235180714420561
2972,120.70780196266773,6,1,0,0,1.452966145411364,0.010224945533706141
2973,146.4628901758481,23,1,0,0,1.2124028241745815,0.010214720588172434
2974,130.67775042571893,10,1,0,0,1.2473359754384181,0.010204505867584262
2975,154.63024286404323,25,1,0,0,1.300300504538077,0.010194301361716679
2976,128.44914944647357,10,1,0,0,1.4864796306667392,0.010184107060354962
2977,136.8917715667547,15,1,0,0,1.3967464766068485,0.010173922953294605
2978,164.30990870236445,23,1,0,0,1.4753224577863022,0.010163749030341312
2979,176.23473171496846,22,1,0,0,1.4078752364103766,0.010153585281310969
2980,157.57411373970987,43,1,0,0,1.3194285082639372,0.010143431696029659
2981,140.44513360468991,70,1,0,0,1.479923203306787,0.010133288264333629
2982,169.14135681840241,25,1,0,0,1.2952507491697438,0.010123154976069297
2983,165.94763365389048,24,1,0,0,1.3104590237207905,0.010113031821093226
2984,173.8868284842347,65,1,0,0,1.493140714697209,0.010102918789272133
2985,22.579680678874244,200,0,0,1,2.988339519482531,0.010092815870482861
2986,167.66830761304163,21,1,0,0,1.3925556488188144,0.010082723054612379
2987,159.23645707489237,22,1,0,0,1.1775942298131035,0.010072640331557766
2988,141.64798809294473,15,1,0,0,1.3118496204140906,0.010062567691226208
2989,170.1203371614282,18,1,0,0,1.3125264509320436,0.010052505123534982
2990,206.57567020772655,23,1,0,0,1.2168125280574995,0.010042452618411447
2991,189.87185965780728,35,1,0,0,1.394180474058053,0.010032410165793036
2992,193.42347529970618,27,1,0,0,1.444027446581924,0.010022377755627242
2993,133.23718222582156,10,1,0,0,1.4190596414963639,0.010012355377871615
2994,156.6093342913698,19,1,0,0,1.3883916909710627,0.010002343022493743
2995,186.97604970750783,23,1,0,0,1.42796721901828,0.01
2996,232.04976323014913,44,1,0,0,1.3698964277832715,0.01
2997,181.19428907895625,23,1,0,0,1.2808932269604525,0.01
2998,126.84536436462305,10,1,0,0,1.3842683119758652,0.01
2999,181.94240278970443,26,1,0,0,1.293946685346731,0.01
3000,180.80412606543325,35,1,0,0,1.2395276641453425,0.01
3001,156.17023778913415,20,1,0,0,1.1964819293384372,0.01
3002,192.230654501803,31,1,0,0,1.4084737101733513,0.01
3003,163.19828458816693,24,1,0,0,1.3575598173747838,0.01
3004,144.45627746523064,138,1,0,0,1.4935509769962023,0.01
3005,131.1266523061314,20,1,0,0,1.2549842556409314,0.01
3006,138.0330665855054,144,1,0,0,1.4992102552023205,0.01
3007,162.3913723542667,21,1,0,0,1.4151633060322384,0.01
3008,163.1758095133656,26,1,0,0,1.2961006810877431,0.01
3009,207.1534252311734,25,1,0,0,1.3071682413085648,0.01
3010,158.74535123131403,20,1,0,0,1.4770960964569875,0.01
3011,117.47242726492269,11,1,0,0,1.4500416847399737,0.01
3012,181.64777241287925,22,1,0,0,1.2902813797232853,0.01
3013,174.94067528670072,24,1,0,0,1.4599301313712802,0.01
3014,197.42450724830195,27,1,0,0,1.2844025777184467,0.01
3015,194.81402414414947,28,1,0,0,1.4738643988545923,0.01
3016,161.54587012579844,23,1,0,0,1.4005974238311927,0.01
3017,204.64540258083954,27,1,0,0,1.3190172014441393,0.01
3018,143.0189970995167,23,1,0,0,1.4181807886860975,0.01
3019,120.50824155813474,161,1,0,0,1.439535674501179,0.01
3020,175.80651433389082,192,1,0,0,1.120320282278365,0.01
3021,108.63966742181223,54,1,0,0,1.4965467325190396,0.01
3022,197.94492886925394,30,1,0,0,1.3861080908189143,0.01
3023,211.859071283584,34,1,0,0,1.34398134551279,0.01
3024,196.66202421398032,38,1,0,0,1.0893748703121828,0.01
3025,-50.0,1,0,1,0,5.770612796039613,0.01
3026,129.40336572121385,23,1,0,0,1.220258767024079,0.01
3027,222.84243740102488,36,1,0,0,1.3987525509800633,0.01
3028,107.20491968417303,5,1,0,0,1.3816954408966264,0.01
3029,154.08222353795023,20,1,0,0,1.3855638067253224,0.01
3030,185.73250986396187,26,1,0,0,1.364219491002624,0.01
3031,170.49318437752368,21,1,0,0,1.4449617200734826,0.01
3032,157.2457473660192,22,1,0,0,1.474300542211948,0.01
3033,167.9431443219901,31,1,0,0,1.3385286334773383,0.01
3034,155.14507929710942,20,1,0,0,1.4751789488179625,0.01
3035,175.05797746524055,24,1,0,0,1.1889749278384232,0.01
3036,135.21513400036764,15,1,0,0,1.449418193721096,0.01
3037,179.06765959543156,21,1,0,0,1.3703758126063412,0.01
3038,186.86263943321615,30,1,0,0,1.2647191736832772,0.01
3039,181.96585896192502,43,1,0,0,1.482279556981968,0.01
3040,172.814778175605,23,1,0,0,1.3222954830954727,0.01
3041,164.74088633552475,41,1,0,0,1.4888233837384104,0.01
3042,187.57628031563922,27,1,0,0,1.4516320654398167,0.01
3043,205.72587822488094,30,1,0,0,1.3176530189683548,0.01
3044,172.02519058050657,35,1,0,0,1.4126069812796012,0.01
3045,166.2847300070632,29,1,0,0,1.174364263505164,0.01
3046,125.3276993298461,8,1,0,0,1.2215337921062352,0.01
3047,20.65603683879973,200,0,0,1,1.9123177943621341,0.01
3048,194.00511683521404,40,1,0,0,1.3011118019346781,0.01
3049,146.77538047218798,23,1,0,0,1.3720158710899366,0.01
3050,169.05549076762443,35,1,0,0,1.4550662283825206,0.01
3051,158.3955885099531,33,1,0,0,1.4571013089737674,0.01
3052,211.76058648712973,40,1,0,0,1.3954536942072955,0.01
3053,177.7866278219673,18,1,0,0,1.0793818385869394,0.01
3054,179.7623948171505,30,1,0,0,1.4838728486515542,0.01
3055,135.70178845001243,23,1,0,0,1.4394758896138995,0.01
3056,172.61171418892098,30,1,0,0,1.2486237225246666,0.01
3057,261.10769465737474,53,1,0,0,1.331635926960807,0.01
3058,193.88949457820422,82,1,0,0,1.4968110032515034,0.01
3059,100.0,1,1,0,0,1.487060510502619,0.01
3060,194.06413073502912,32,1,0,0,1.458928642929738,0.01
3061,132.42526215051805,14,1,0,0,1.1838248705156909,0.01
3062,201.71587477695311,35,1,0,0,1.1945360914056997,0.01
3063,125.0846857678246,26,1,0,0,1.4622664471845366,0.01
3064,192.8554302458744,36,1,0,0,1.4159742772970323,0.01
3065,124.60196709693028,24,1,0,0,1.325054488373263,0.01
3066,163.48378512881112,20,1,0,0,1.3068341326975221,0.01
3067,209.48787459154278,33,1,0,0,1.3184874910210391,0.01
3068,175.21903945004982,42,1,0,0,1.3245451553143777,0.01
3069,166.04707741918753,25,1,0,0,1.490956255996166,0.01
3070,141.76299913034575,24,1,0,0,1.4672433641106044,0.01
3071,216.50083078241425,44,1,0,0,1.4469676733054269,0.01
3072,191.56822176844176,26,1,0,0,1.4702552882908388,0.01
3073,188.74922403475205,86,1,0,0,1.479973020003328,0.01
3074,141.44747338842689,13,1,0,0,1.4514516529723591,0.01
3075,170.78073475170618,52,1,0,0,1.3074872077336284,0.01
3076,185.04969253836236,31,1,0,0,1.264225568204797,0.01
3077,157.05224031044713,21,1,0,0,1.4043716422554238,0.01
3078,176.78378575047714,95,1,0,0,1.4661268137572792,0.01
3079,120.88855087727615,15,1,0,0,1.3281861499079466,0.01
3080,216.92681522307578,39,1,0,0,1.2292286916967805,0.01
3081,72.1786113836966,200,0,0,1,4.289145764082151,0.01
3082,162.22467606039677,22,1,0,0,1.1875469419937663,0.01
3083,130.3991084793858,18,1,0,0,1.4624359986844602,0.01
3084,164.53247851148404,27,1,0,0,1.3052976311966462,0.01
3085,3.963913936126355,200,0,0,1,3.086956748289235,0.01
3086,154.51434989821826,20,1,0,0,1.3510970959007857,0.01
3087,194.02788841852492,41,1,0,0,1.493490740441871,0.01
3088,183.6770355483848,32,1,0,0,1.4199314524236675,0.01
3089,152.46362416112228,44,1,0,0,1.4983403727739486,0.01
3090,169.04664839793583,34,1,0,0,1.4225798495518869,0.01
3091,185.27703811611676,26,1,0,0,1.401756903752614,0.01
3092,157.97988975262103,20,1,0,0,1.2576377454371004,0.01
3093,176.22420754143678,19,1,0,0,1.4749048912590161,0.01
3094,146.9527475076248,19,1,0,0,1.3335918000865008,0.01
3095,197.6468491839393,31,1,0,0,1.3264536105322196,0.01
3096,162.31918336506328,28,1,0,0,1.1486666927323852,0.01
3097,116.45716709602885,92,1,0,0,1.4189257998343956,0.01
3098,151.66580380433345,26,1,0,0,1.3762424131437436,0.01
3099,159.12644896523062,31,1,0,0,1.4606957009977837,0.01
3100,192.59380838047463,27,1,0,0,1.4254159186455821,0.01
3101,38.24396490902428,200,0,0,1,2.9957598387441395,0.01
3102,169.32173638934879,76,1,0,0,1.495798612907219,0.01
3103,167.22955952458784,72,1,0,0,1.4920306247111965,0.01
3104,131.54714433632446,16,1,0,0,1.418091416421717,0.01
3105,186.69854990560154,27,1,0,0,1.3022204196864364,0.01
3106,152.55018713883442,19,1,0,0,1.3212894953291836,0.01
3107,211.09990458487823,41,1,0,0,1.4336745362196126,0.01
3108,218.56886978256728,42,1,0,0,1.475140898632884,0.01
3109,221.51461424634869,34,1,0,0,1.4667619054460743,0.01
3110,156.53866567998898,18,1,0,0,1.3816280362587907,0.01
3111,228.9843406272732,36,1,0,0,1.3413947395307306,0.01
3112,139.29678214870697,48,1,0,0,1.4932712573661373,0.01
3113,188.63433185937396,25,1,0,0,1.3708559443328103,0.01
3114,182.44604756731036,23,1,0,0,1.411894141877173,0.01
3115,137.5746587190675,20,1,0,0,1.376362595989454,0.01
3116,-18.085494032198547,200,0,0,1,9.706855475119353,0.01
3117,24.737326105797223,200,0,0,1,2.205202302087641,0.01
3118,147.62861376525984,21,1,0,0,1.4075037020134311,0.01
3119,142.7785443710321,96,1,0,0,1.408943870442828,0.01
3120,144.45397783294885,31,1,0,0,1.4903408145026364,0.01
3121,169.11150443119115,30,1,0,0,1.3155038323757748,0.01
3122,208.3397028288639,66,1,0,0,1.4871282586933263,0.01
3123,185.6914737430626,48,1,0,0,1.2377366784938422,0.01
3124,196.14814618847302,32,1,0,0,1.3183679715056744,0.01
3125,166.9103295041149,21,1,0,0,1.2715232548179363,0.01
3126,232.23240147322946,43,1,0,0,1.43916947217371,0.01
3127,222.2219244818198,41,1,0,0,1.225150538936059,0.01
3128,151.66037038506715,24,1,0,0,1.419801197370757,0.01
3129,192.53948278142212,42,1,0,0,1.4897272166328936,0.01
3130,229.88849386797756,37,1,0,0,1.3718269832682752,0.01
3131,138.98664505390738,19,1,0,0,1.448453437613344,0.01
3132,166.4990880689846,28,1,0,0,1.3172951420259666,0.01
3133,156.62993846745172,18,1,0,0,1.4647646222853887,0.01
3134,189.33423705860855,23,1,0,0,1.1208991975897133,0.01
3135,178.4919657507036,32,1,0,0,1.3194317695520752,0.01
3136,186.21862335894141,22,1,0,0,1.301787420857751,0.01
3137,21.500574545150315,200,0,0,1,2.1266801225020364,0.01
3138,177.89913479822036,35,1,0,0,1.4706675466185601,0.01
3139,199.9022553852497,33,1,0,0,1.2217101393149243,0.01
3140,184.93264510325594,36,1,0,0,1.4830117407028303,0.01
3141,5.29011284955722,200,0,0,1,2.7103267355452485,0.01
3142,149.15001276952688,24,1,0,0,1.452880292031007,0.01
3143,231.00546535206234,67,1,0,0,1.4731921160087182,0.01
3144,141.04560579424543,19,1,0,0,1.3768643273642682,0.01
3145,196.79365339259266,35,1,0,0,1.3154925629661125,0.01
3146,193.24003713047819,31,1,0,0,1.312814155795982,0.01
3147,144.2126033160507,52,1,0,0,1.4966833203523635,0.01
3148,169.2303603172772,35,1,0,0,1.397507122318866,0.01
3149,189.05425722898366,33,1,0,0,1.3083935767758321,0.01
3150,212.76695195572174,42,1,0,0,1.4553000997395553,0.01
3151,164.40471511575828,21,1,0,0,1.49233777366642,0.01
3152,-50.0,1,0,1,0,5.78462299624448,0.01
3153,188.00941652830525,33,1,0,0,1.3841667876045403,0.01
3154,41.596456655714974,200,0,0,1,1.7131302648987938,0.01
3155,178.89628637141246,40,1,0,0,1.3875396722839963,0.01
3156,167.39973815888993,24,1,0,0,1.2708777101437032,0.01
3157,146.802157897005,19,1,0,0,1.410126098453895,0.01
3158,135.58539821950703,10,1,0,0,1.3499925384068516,0.01
3159,180.52776474976037,23,1,0,0,1.268632062760163,0.01
3160,-22.13935969747934,200,0,0,1,5.271330059631559,0.01
3161,130.1586209880369,28,1,0,0,1.4814810389758504,0.01
3162,179.68353364712718,23,1,0,0,1.1844352646075842,0.01
3163,155.7483789647582,26,1,0,0,1.2594091275858128,0.01
3164,126.65168933099142,148,1,0,0,1.4798681796740962,0.01
3165,194.55492627013908,30,1,0,0,1.3717549245107938,0.01
3166,140.27625195122945,13,1,0,0,1.260082881926935,0.01
3167,6.31758059024661,200,0,0,1,2.7346566498007543,0.01
3168,174.01348366417412,19,1,0,0,1.208134354321701,0.01
3169,190.810099964779,31,1,0,0,1.4563299058952457,0.01
3170,176.13801254695352,33,1,0,0,1.4698409111064457,0.01
3171,218.08487074617733,39,1,0,0,1.3845759327846672,0.01
3172,217.5163127721118,31,1,0,0,1.4469831369722173,0.01
3173,141.07851258939215,37,1,0,0,1.4570320559989325,0.01
3174,169.40384923178527,31,1,0,0,1.4748787230067222,0.01
3175,9.051049156856113,200,0,0,1,2.33971243503259,0.01
3176,150.82902321134867,54,1,0,0,1.3449673957227493,0.01
3177,-50.0,1,0,1,0,7.61615546586986,0.01
3178,158.86071972363692,19,1,0,0,1.1555986323237284,0.01
3179,162.27833651725012,30,1,0,0,1.2321009221805628,0.01
3180,151.50182373120424,29,1,0,0,1.48697946652281,0.01
3181,178.19797884507352,40,1,0,0,1.4974507667483758,0.01
3182,145.81537660723916,22,1,0,0,1.3064845719149616,0.01
3183,182.41570611284772,41,1,0,0,1.4904842672155658,0.01
3184,139.43593580104093,109,1,0,0,1.4462489773263343,0.01
3185,167.2937043720166,28,1,0,0,1.2140948407338774,0.01
3186,171.36238243346398,33,1,0,0,1.4317403000954252,0.01
3187,156.3007614660493,17,1,0,0,1.4065063703982688,0.01
3188,115.51643245929986,15,1,0,0,1.1594193789350644,0.01
3189,100.0,1,1,0,0,1.452753653847648,0.01
3190,217.1888334793884,32,1,0,0,1.4892385681582678,0.01
3191,5.455955317963989,200,0,0,1,7.354817849646322,0.01
3192,164.34994452850367,56,1,0,0,1.3022880809727266,0.01
3193,181.1862341341126,22,1,0,0,1.4789318311698492,0.01
3194,178.35955077412967,25,1,0,0,1.4340052343207328,0.01
3195,62.43197824256637,200,0,0,1,1.9580887856197429,0.01
3196,214.38484569573785,33,1,0,0,1.4152824552247216,0.01
3197,175.73086867608384,55,1,0,0,1.4907200534600387,0.01
3198,161.22642726760313,28,1,0,0,1.4764259623472462,0.01
3199,167.10147419815536,20,1,0,0,1.2454371621058815,0.01
3200,235.87395456711596,46,1,0,0,1.4139331258118244,0.01
3201,165.8324273663536,38,1,0,0,1.4564915624754045,0.01
3202,137.6980093509592,26,1,0,0,1.4775478029958862,0.01
3203,201.95254319350641,28,1,0,0,1.3143911159236834,0.01
3204,143.14626582935125,29,1,0,0,1.3534224380755906,0.01
3205,-15.26982344883721,200,0,0,1,3.3762955466558813,0.01
3206,207.1201801303119,58,1,0,0,1.4273424453202082,0.01
3207,175.09711724555427,47,1,0,0,1.2997674912276904,0.01
3208,181.39937618375444,69,1,0,0,1.4183357233973002,0.01
3209,216.33113440944106,40,1,0,0,1.2022365122132368,0.01
3210,153.6407918589327,21,1,0,0,1.4087129231134434,0.01
3211,205.90503322246758,35,1,0,0,1.330886789292075,0.01
3212,172.01469323923942,22,1,0,0,1.2878953737768661,0.01
3213,156.74114090152443,60,1,0,0,1.4336997944372711,0.01
3214,174.3652489572734,25,1,0,0,1.2851552387220573,0.01
3215,153.54887469832585,21,1,0,0,1.2019883342910058,0.01
3216,200.35749197130139,28,1,0,0,1.1894707996920237,0.01
3217,177.56315266449025,26,1,0,0,1.4672945752129551,0.01
3218,176.84729309783086,29,1,0,0,1.4462243375198063,0.01
3219,133.29298168091748,14,1,0,0,1.2260319723751076,0.01
3220,196.11007903004105,36,1,0,0,1.445158752138254,0.01
3221,181.67897629305514,27,1,0,0,1.2658603394201218,0.01
3222,205.4813309166825,40,1,0,0,1.4464801468700648,0.01
3223,108.43612584550236,6,1,0,0,1.2333440542587835,0.01
3224,175.81108320762996,19,1,0,0,1.4654020480899763,0.01
3225,175.17461599377702,25,1,0,0,1.4304505521823534,0.01
3226,180.52205530154487,27,1,0,0,1.2857559039594695,0.01
3227,142.0243542053752,29,1,0,0,1.4432790492527232,0.01
3228,189.7508633247441,21,1,0,0,1.345946443483265,0.01
3229,186.33444469243886,21,1,0,0,1.3611510459211742,0.01
3230,260.73064346716797,51,1,0,0,1.417085275774966,0.01
3231,180.52439625063147,39,1,0,0,1.1557108113086596,0.01
3232,160.66586225926426,41,1,0,0,1.3546573569662352,0.01
3233,28.848890331075147,200,0,0,1,1.9529708570605884,0.01
3234,197.40285499789573,26,1,0,0,1.3175302880699136,0.01
3235,181.3500720604166,100,1,0,0,1.4935136893189205,0.01
3236,8.49969879594865,200,0,0,1,3.3276495926488554,0.01
3237,189.92591904002293,33,1,0,0,1.4728382800477156,0.01
3238,193.4870588799803,27,1,0,0,1.4620842602558375,0.01
3239,152.36574017790025,18,1,0,0,1.440974588916996,0.01
3240,156.4357455900691,22,1,0,0,1.144820360251667,0.01
3241,210.48948383058115,29,1,0,0,1.2227004409164621,0.01
3242,195.00265622975638,31,1,0,0,1.3922625331027236,0.01
3243,140.495795082889,14,1,0,0,1.3333144714345595,0.01
3244,200.69259984227273,41,1,0,0,1.4709768456622039,0.01
3245,133.16848473895544,28,1,0,0,1.4094022343845267,0.01
3246,167.05370114095177,30,1,0,0,1.136210467035849,0.01
3247,137.47889734378248,25,1,0,0,1.4292234815367248,0.01
3248,170.65873066070256,19,1,0,0,1.411504431152839,0.01
3249,176.18920251582477,21,1,0,0,1.3693633082456318,0.01
3250,167.84990109490042,115,1,0,0,1.2478538146342557,0.01
3251,198.24936555795773,26,1,0,0,1.4388848313240041,0.01
3252,114.95969976554478,10,1,0,0,1.2186053555054872,0.01
3253,154.38271495095836,35,1,0,0,1.4810042179359597,0.01
3254,158.6126835568354,19,1,0,0,1.4968416088400218,0.01
3255,168.26410089024927,97,1,0,0,1.4866961517065762,0.01
3256,149.6074140471569,29,1,0,0,1.3907765162114019,0.01
3257,171.5087519968787,40,1,0,0,1.3843626193989387,0.01
3258,183.59641492128884,27,1,0,0,1.2620229394207745,0.01
3259,170.13538646490855,34,1,0,0,1.309339328752772,0.01
3260,144.37759108647663,16,1,0,0,1.2740564812532578,0.01
3261,168.89658419526583,21,1,0,0,1.4816313532375858,0.01
3262,165.91924781692032,22,1,0,0,1.4771921475952206,0.01
3263,146.3879356034421,19,1,0,0,1.3037445052240657,0.01
3264,219.47955973310047,31,1,0,0,1.3273018654008708,0.01
3265,188.8077458518568,30,1,0,0,1.3761271220146756,0.01
3266,199.08878172021593,28,1,0,0,1.448631235078151,0.01
3267,136.68403709497198,50,1,0,0,1.4051817255839418,0.01
3268,194.29311525713703,27,1,0,0,1.4965423341610524,0.01
3269,201.45513967197286,32,1,0,0,1.3516505527934934,0.01
3270,155.27175649108307,27,1,0,0,1.4398316206344672,0.01
3271,194.39643280114814,35,1,0,0,1.4103068132663126,0.01
3272,162.5194367059548,31,1,0,0,1.3937811247565768,0.01
3273,245.25316606835264,40,1,0,0,1.4046065447080296,0.01
3274,152.82591796360248,27,1,0,0,1.3294559192243303,0.01
3275,124.96007682138065,10,1,0,0,1.4762259400172233,0.01
3276,153.1698534383022,21,1,0,0,1.2459444964700046,0.01
3277,172.10387444180253,24,1,0,0,1.42893633324943,0.01
3278,147.56626630255568,19,1,0,0,1.366218194544091,0.01
3279,211.47691327875202,37,1,0,0,1.2182054081292741,0.01
3280,196.36086249692266,21,1,0,0,1.1961816148225968,0.01
3281,187.76689822758095,24,1,0,0,1.2534004955016615,0.01
3282,163.76490295343723,17,1,0,0,1.3539981729350161,0.01
3283,-50.0,1,0,1,0,6.631250217918139,0.01
3284,212.50099841507517,79,1,0,0,1.4814315733498025,0.01
3285,-50.0,1,0,1,0,5.37400743557402,0.01
3286,158.95100572882944,90,1,0,0,1.422596646306374,0.01
3287,168.73781236118128,19,1,0,0,1.4662251745272554,0.01
3288,162.78015695139163,31,1,0,0,1.2958445957671336,0.01
3289,199.53813647639998,56,1,0,0,1.4712391444770085,0.01
3290,154.89833129768544,22,1,0,0,1.4802149832707223,0.01
3291,206.30532115958414,38,1,0,0,1.332200348325794,0.01
3292,159.41282962053265,24,1,0,0,1.479479721383221,0.01
3293,186.82514777121685,29,1,0,0,1.2719323326751175,0.01
3294,154.14583340727904,24,1,0,0,1.2865956753836114,0.01
3295,246.0333194746275,167,1,0,0,1.4898477192351471,0.01
3296,134.87955926962164,29,1,0,0,1.30337696687114,0.01
3297,132.17931481669964,200,0,0,1,2.148182696070297,0.01
3298,-50.0,1,0,1,0,3.2652933531587123,0.01
3299,221.96490268127906,48,1,0,0,1.4974562128204052,0.01
3300,182.17397297263628,26,1,0,0,1.4760417086506175,0.01
3301,186.97918475349198,26,1,0,0,1.423549575757525,0.01
3302,171.57505189985307,49,1,0,0,1.4580825844699214,0.01
3303,165.49757653502533,18,1,0,0,1.1068048305478067,0.01
3304,224.2659109841564,39,1,0,0,1.3646981510692395,0.01
3305,179.83297228086627,21,1,0,0,1.2928857590078688,0.01
3306,166.65208579287088,24,1,0,0,1.4799943064000258,0.01
3307,178.47415798994018,30,1,0,0,1.4261808838610492,0.01
3308,192.2428547760848,23,1,0,0,1.2755101651005742,0.01
3309,157.2411732010738,52,1,0,0,1.3521599859048226,0.01
3310,87.57933966905033,200,0,0,1,3.221879804376032,0.01
3311,178.05400081600294,23,1,0,0,1.3807013778445272,0.01
3312,199.36805727186447,30,1,0,0,1.1770703338740924,0.01
3313,144.53616189719264,16,1,0,0,1.1922966368570618,0.01
3314,-0.6582365972849935,200,0,0,1,4.62807956560698,0.01
3315,181.01868211870863,26,1,0,0,1.2989274091534748,0.01
3316,172.67019127102006,24,1,0,0,1.2662183503679618,0.01
3317,150.6222498937427,104,1,0,0,1.4522853080926381,0.01
3318,199.33567263730743,35,1,0,0,1.4565318962377873,0.01
3319,183.8903666483033,50,1,0,0,1.486142732951159,0.01
3320,183.02080776678883,22,1,0,0,1.0264724043341151,0.01
3321,156.3897381975605,32,1,0,0,1.3839036318536293,0.01
3322,129.43961762098763,10,1,0,0,1.4824945396300029,0.01
3323,153.16224331200783,34,1,0,0,1.4599036624173558,0.01
3324,176.61235297902775,26,1,0,0,1.2984948269129386,0.01
3325,148.44309950167883,18,1,0,0,1.3405380790094532,0.01
3326,-50.0,1,0,1,0,4.381070030759782,0.01
3327,179.11709271595117,26,1,0,0,1.3640299137707372,0.01
3328,153.3192442498816,40,1,0,0,1.435082574103176,0.01
3329,172.21274176302086,30,1,0,0,1.4628846431804365,0.01
3330,154.1640053663421,15,1,0,0,1.2614448777816991,0.01
3331,121.63275525770739,9,1,0,0,1.4383192123801574,0.01
3332,151.22906815790213,20,1,0,0,1.2325474379692798,0.01
3333,171.6694984282332,26,1,0,0,1.494881038464244,0.01
3334,215.8194116914504,38,1,0,0,1.3478827303347605,0.01
3335,158.95058875912468,30,1,0,0,1.2657761388979036,0.01
3336,234.62299348756366,64,1,0,0,1.497909831413646,0.01
3337,180.02123865736257,30,1,0,0,1.2217644829884848,0.01
3338,28.280431035323573,200,0,0,1,2.322241324172826,0.01
3339,153.50251312164764,23,1,0,0,1.4291913919086683,0.01
3340,160.26848637809704,23,1,0,0,1.2816501946720202,0.01
3341,155.6716061659958,18,1,0,0,1.4409260569747646,0.01
3342,193.67918743903476,22,1,0,0,1.4252201317621138,0.01
3343,170.5503605844878,28,1,0,0,1.4837825059931686,0.01
3344,171.17233201137847,46,1,0,0,1.4988795138456843,0.01
3345,174.29685880439823,83,1,0,0,1.4530236632144513,0.01
3346,-50.0,1,0,1,0,6.623284403056694,0.01
3347,174.9709416378338,24,1,0,0,1.2232004713225748,0.01
3348,203.31758477146448,32,1,0,0,1.299344642787571,0.01
3349,160.71275773178093,18,1,0,0,1.179484616611325,0.01
3350,186.6377788142247,25,1,0,0,1.372027028905039,0.01
3351,132.48273600797367,20,1,0,0,1.3665848968306968,0.01
3352,54.62358099047737,200,0,0,1,2.6922105177669664,0.01
3353,174.1753805603192,25,1,0,0,1.171468314849402,0.01
3354,213.27555385710195,36,1,0,0,1.4119462892585586,0.01
3355,247.12455685747386,45,1,0,0,1.427296709682812,0.01
3356,153.73798596554582,23,1,0,0,1.341537905072605,0.01
3357,171.66599223629606,25,1,0,0,1.41745788440657,0.01
3358,175.8068877668195,20,1,0,0,1.2987515131207823,0.01
3359,173.11310865757216,38,1,0,0,1.4192175789522223,0.01
3360,151.96512971360454,44,1,0,0,1.4898432461650397,0.01
3361,123.09536781897921,26,1,0,0,1.4400001897754207,0.01
3362,184.59194599346478,27,1,0,0,1.4769754981047996,0.01
3363,163.17369695411142,22,1,0,0,1.3638008829546864,0.01
3364,152.16075220073765,18,1,0,0,1.3248655016575124,0.01
3365,236.69990751958883,45,1,0,0,1.481596329464014,0.01
3366,125.1879952131664,20,1,0,0,1.350243268812421,0.01
3367,169.10299634753062,26,1,0,0,1.4174656657217977,0.01
3368,184.348421925987,27,1,0,0,1.4543283885914395,0.01
3369,178.6619455899109,27,1,0,0,1.4532027452422687,0.01
3370,173.09728601116348,102,1,0,0,1.4949824450044695,0.01
3371,-28.59751448058152,200,0,0,1,4.668837662248697,0.01
3372,162.32153445512253,25,1,0,0,1.2421380734608436,0.01
3373,167.55052093300804,28,1,0,0,1.4497404314057745,0.01
3374,156.6505607331515,26,1,0,0,1.4864713106739318,0.01
3375,65.3696610382363,87,1,0,0,1.3084248958186193,0.01
3376,208.49699704932044,34,1,0,0,1.4369446551650822,0.01
3377,168.38974636704893,19,1,0,0,1.326843753787872,0.01
3378,198.53713801266463,30,1,0,0,1.1427357733933015,0.01
3379,199.9004808708277,34,1,0,0,1.4984788943500562,0.01
3380,11.421713059534575,200,0,0,1,4.751911917674919,0.01
3381,205.6925623112188,35,1,0,0,1.2728801894080568,0.01
3382,184.77055023006443,41,1,0,0,1.445554346787429,0.01
3383,130.47477636312217,67,1,0,0,1.346878965346669,0.01
3384,136.3546988017026,15,1,0,0,1.350542734175917,0.01
3385,141.74347383127082,17,1,0,0,1.40317005910405,0.01
3386,191.11097503092702,28,1,0,0,1.455992893996516,0.01
3387,170.39621869053144,148,1,0,0,1.4954720954914071,0.01
3388,170.83754611054485,23,1,0,0,1.4692737645423601,0.01
3389,149.97270183983662,20,1,0,0,1.2712753286210614,0.01
3390,142.31203738447687,15,1,0,0,1.3018610157241364,0.01
3391,105.69658436619702,4,1,0,0,1.4826057875690704,0.01
3392,157.24237852143304,22,1,0,0,1.48374333364257,0.01
3393,178.63179759378914,42,1,0,0,1.2816817994720442,0.01
3394,162.37514419316665,29,1,0,0,1.306488738616584,0.01
3395,194.57669312221753,79,1,0,0,1.4978833737346853,0.01
3396,159.34084368831827,29,1,0,0,1.2766840063756373,0.01
3397,13.524038929018174,200,0,0,1,2.5678579116706466,0.01
3398,172.2542847321281,22,1,0,0,1.3524039761238293,0.01
3399,162.67452489262433,23,1,0,0,1.4263397803624833,0.01
3400,131.5355711226636,154,1,0,0,1.4581678281742025,0.01
3401,186.9441473174502,28,1,0,0,1.4815696550221669,0.01
3402,146.95657678016485,20,1,0,0,1.3509053249976277,0.01
3403,197.2143920656232,31,1,0,0,1.2502835839413813,0.01
3404,201.32032907414572,27,1,0,0,1.3765788954671094,0.01
3405,34.61858912373925,200,0,0,1,2.412922012490297,0.01
3406,209.96189191813244,32,1,0,0,1.3364752178633401,0.01
3407,46.85550473257746,200,0,0,1,2.5107456327462145,0.01
3408,152.96944730085693,17,1,0,0,1.3515385559246589,0.01
3409,163.9836080461407,19,1,0,0,1.4911749050657428,0.01
3410,116.7636676731784,132,1,0,0,1.4929541956695578,0.01
3411,196.98374520658808,26,1,0,0,1.17444361532044,0.01
3412,169.99815725077275,24,1,0,0,1.0510771442141977,0.01
3413,227.62601385557423,83,1,0,0,1.3945297814636017,0.01
3414,126.83720239992573,32,1,0,0,1.3231294922336054,0.01
3415,136.60793209130452,21,1,0,0,1.2869658682439074,0.01
3416,188.71598981523417,27,1,0,0,1.3732855243443332,0.01
3417,179.86897792855723,29,1,0,0,1.3296383681611723,0.01
3418,144.05642019825476,25,1,0,0,1.370035677100928,0.01
3419,153.4631599708895,25,1,0,0,1.400837020313454,0.01
3420,199.8377725617128,50,1,0,0,1.4730632037259985,0.01
3421,154.82125334484337,21,1,0,0,1.2087941139239757,0.01
3422,214.59746803655543,42,1,0,0,1.3979656718414288,0.01
3423,123.41491969928703,11,1,0,0,1.4779535817395106,0.01
3424,198.0645837362086,33,1,0,0,1.4602703399001293,0.01
3425,171.92888350440768,33,1,0,0,1.2039945047460854,0.01
3426,150.50101734602137,30,1,0,0,1.2730351848850714,0.01
3427,4.032404389657094,200,0,0,1,1.9635491461401493,0.01
3428,200.51602380061968,26,1,0,0,1.3791304848099981,0.01
3429,141.4081699384862,31,1,0,0,1.38740813207264,0.01
3430,208.69624013212305,34,1,0,0,1.260367604567242,0.01
3431,154.22694488695078,20,1,0,0,1.3945606983509642,0.01
3432,211.17967086613555,32,1,0,0,1.2357425772507977,0.01
3433,224.76023075474197,37,1,0,0,1.4482438709129308,0.01
3434,195.35185046959657,27,1,0,0,1.4557297766281474,0.01
3435,246.34107219905326,44,1,0,0,1.426791384386745,0.01
3436,109.37107231728582,5,1,0,0,1.2203967634713944,0.01
3437,168.74420637901494,20,1,0,0,1.3958961000211652,0.01
3438,168.00790555065623,22,1,0,0,1.1498567312663597,0.01
3439,92.20560166227345,200,0,0,1,1.8973101546527364,0.01
3440,154.72526720392068,25,1,0,0,1.300216374317777,0.01
3441,160.78490289040224,26,1,0,0,1.476471235322504,0.01
3442,138.20237073099594,25,1,0,0,1.4045815694661394,0.01
3443,175.11689431805593,26,1,0,0,1.489746244075321,0.01
3444,119.84376989761562,11,1,0,0,1.4422375704535568,0.01
3445,-50.0,1,0,1,0,5.504083769882273,0.01
3446,181.2733765669194,22,1,0,0,1.4600944989397366,0.01
3447,157.02787294637392,37,1,0,0,1.3106312205413588,0.01
3448,191.62063612015345,24,1,0,0,1.261387240711443,0.01
3449,119.03730030535439,35,1,0,0,1.4918124322658337,0.01
3450,157.5992714474821,200,0,0,1,1.6287640841980957,0.01
3451,127.51477635082585,12,1,0,0,1.2844209809544533,0.01
3452,162.96468113066987,25,1,0,0,1.449197915099659,0.01
3453,245.5698489858014,103,1,0,0,1.4938702496999865,0.01
3454,123.38988269063091,9,1,0,0,1.4500863441153244,0.01
3455,146.36155348872347,13,1,0,0,1.4936436120870404,0.01
3456,181.94038159783003,38,1,0,0,1.4844930025793102,0.01
3457,162.00424659834664,21,1,0,0,1.3742355990990553,0.01
3458,176.18330701077178,19,1,0,0,1.402492244324527,0.01
3459,166.86851913430786,23,1,0,0,1.354023348589088,0.01
3460,117.96825569453816,8,1,0,0,1.3579053095636728,0.01
3461,203.25403754168076,33,1,0,0,1.4202723284750085,0.01
3462,154.42942389694403,15,1,0,0,1.1978738251909802,0.01
3463,175.85179926353777,28,1,0,0,1.4658956011072053,0.01
3464,178.35780950778013,22,1,0,0,1.276345869196113,0.01
3465,198.53510344601915,27,1,0,0,1.259368949167926,0.01
3466,175.97832149680863,30,1,0,0,1.2656223140818206,0.01
3467,181.07317349655807,33,1,0,0,1.4987210133807733,0.01
3468,137.9282839531291,13,1,0,0,1.3492661217898303,0.01
3469,204.46177555176308,31,1,0,0,1.1152934724071515,0.01
3470,167.65968038512375,26,1,0,0,1.4281612786397573,0.01
3471,177.3852984556533,26,1,0,0,1.4425118546539994,0.01
3472,148.17738908654255,27,1,0,0,1.4487605135445298,0.01
3473,157.5915740277241,200,0,0,1,2.503928966304785,0.01
3474,157.11565360022354,28,1,0,0,1.478172822945024,0.01
3475,140.4795167027923,28,1,0,0,1.4017824107162773,0.01
3476,184.24016515878134,33,1,0,0,1.3804969963662796,0.01
3477,147.5880101330126,22,1,0,0,1.490817904017436,0.01
3478,142.1783967259047,13,1,0,0,1.368143909098599,0.01
3479,-4.0945048346066795,200,0,0,1,3.4513845613096534,0.01
3480,125.4340068263463,12,1,0,0,1.31777885696243,0.01
3481,207.07019834011592,32,1,0,0,1.2630639252498108,0.01
3482,190.93631783035704,27,1,0,0,1.37513137561563,0.01
3483,180.7372149474371,28,1,0,0,1.364380188188421,0.01
3484,202.2136001508665,23,1,0,0,1.2614385915849693,0.01
3485,136.8581550374617,10,1,0,0,1.3397275014105274,0.01
3486,215.75476344236978,39,1,0,0,1.4464117812992638,0.01
3487,186.82999766059518,28,1,0,0,1.371880465325455,0.01
3488,141.7546549628708,16,1,0,0,1.4388296186487712,0.01
3489,203.86662675613906,31,1,0,0,1.2755151096113801,0.01
3490,165.49386755016664,27,1,0,0,1.1913196762631624,0.01
3491,194.71164138199765,25,1,0,0,1.301196572594711,0.01
3492,158.0045817853682,20,1,0,0,1.3306855921955583,0.01
3493,169.21237476631256,26,1,0,0,1.2725486257441434,0.01
3494,167.07038595108588,20,1,0,0,1.1868290099061625,0.01
3495,252.28818125459426,48,1,0,0,1.411043009959348,0.01
3496,176.57118964667424,23,1,0,0,1.2890934594241945,0.01
3497,200.47892681012326,47,1,0,0,1.4247043202875664,0.01
3498,141.85789164250525,16,1,0,0,1.3188195481716019,0.01
3499,178.43689925866036,24,1,0,0,1.3560334279879562,0.01
3500,165.3342108406318,21,1,0,0,1.2959988902961916,0.01
3501,164.74602593130584,21,1,0,0,1.465780546041962,0.01
3502,206.86200098067798,34,1,0,0,1.4668114018631486,0.01
3503,-50.0,1,0,1,0,5.289742435256501,0.01
3504,100.0,1,1,0,0,1.0177336726820567,0.01
3505,165.2757186230023,25,1,0,0,1.3847449910915055,0.01
3506,178.9735831320902,35,1,0,0,1.2897534957383099,0.01
3507,167.30189205869056,23,1,0,0,1.4167311292505882,0.01
3508,126.52418141336703,20,1,0,0,1.335716063532181,0.01
3509,157.41202228855465,36,1,0,0,1.4804601264607862,0.01
3510,199.81251921565513,45,1,0,0,1.2162665454653476,0.01
3511,39.71586617015685,200,0,0,1,3.2607820931803477,0.01
3512,217.21816199631297,36,1,0,0,1.3818792397729778,0.01
3513,212.1302149865324,33,1,0,0,1.2971742941889606,0.01
3514,176.17133851531446,23,1,0,0,1.3232459061283832,0.01
3515,162.67325457369742,30,1,0,0,1.2839141194827932,0.01
3516,180.22200431336051,31,1,0,0,1.4487277734349204,0.01
3517,176.43521479602362,28,1,0,0,1.3821178093736926,0.01
3518,215.47017993062096,48,1,0,0,1.31028442185761,0.01
3519,159.79475554221483,27,1,0,0,1.4791909040956608,0.01
3520,233.2674568175818,47,1,0,0,1.39069492757986,0.01
3521,155.7137293189952,15,1,0,0,1.3246038579267645,0.01
3522,142.51798112175314,13,1,0,0,1.4321314855091811,0.01
3523,-50.0,1,0,1,0,6.19409772966876,0.01
3524,142.35212085353663,13,1,0,0,1.495441520237346,0.01
3525,255.40485368931238,52,1,0,0,1.4455874262303032,0.01
3526,258.8691075361645,119,1,0,0,1.4788330091384612,0.01
3527,174.44134512293869,30,1,0,0,1.3298654300013537,0.01
3528,112.27541193377212,59,1,0,0,1.4507357372812166,0.01
3529,115.53718521011824,7,1,0,0,1.472320316966747,0.01
3530,206.67888467298815,39,1,0,0,1.4680527251029798,0.01
3531,137.11873177077499,14,1,0,0,1.4031919477800925,0.01
3532,192.71992784503865,48,1,0,0,1.4641114735735552,0.01
3533,172.65117391770647,36,1,0,0,1.4082237104231776,0.01
3534,163.0388666491917,21,1,0,0,1.2513411554468545,0.01
3535,217.7004594299438,37,1,0,0,1.222694765766624,0.01
3536,163.77183469970134,25,1,0,0,1.4052681736020354,0.01
3537,147.05137827761328,19,1,0,0,1.2258728852685372,0.01
3538,170.880608297901,17,1,0,0,1.3794339629343573,0.01
3539,167.5371378110894,26,1,0,0,1.2840308256540713,0.01
3540,161.66531823881036,36,1,0,0,1.2936164562391486,0.01
3541,225.8837220499177,36,1,0,0,1.0363783127794692,0.01
3542,169.11718967829503,27,1,0,0,1.36578608044049,0.01
3543,159.94413056920908,21,1,0,0,1.4780035219745586,0.01
3544,196.9229328015728,24,1,0,0,1.2372019962732836,0.01
3545,132.1716017663127,18,1,0,0,1.3728638733758085,0.01
3546,179.951189699136,22,1,0,0,1.3268311670125548,0.01
3547,119.03268474279443,151,1,0,0,1.4219112412592274,0.01
3548,163.3668517858623,15,1,0,0,1.4122083508684944,0.01
3549,235.08281543972737,82,1,0,0,1.481985571492016,0.01
3550,163.39115029060315,23,1,0,0,1.3762861110814455,0.01
3551,-50.0,1,0,1,0,6.926421519880357,0.01
3552,184.69652382943602,54,1,0,0,1.4939828770318229,0.01
3553,214.49581069081688,34,1,0,0,1.3644174113562815,0.01
3554,185.2963678504434,23,1,0,0,1.4197649826185448,0.01
3555,160.26334915678646,23,1,0,0,1.2492991973412888,0.01
3556,170.7104848320773,21,1,0,0,1.1497357159664683,0.01
3557,135.1838815834554,13,1,0,0,1.2809520696555432,0.01
3558,145.8496777914956,78,1,0,0,1.4790478763527917,0.01
3559,173.77709624394458,22,1,0,0,1.3800059490010426,0.01
3560,160.43136410633593,21,1,0,0,1.4094963828185565,0.01
3561,184.69427323007818,27,1,0,0,1.3982269768434323,0.01
3562,254.331023821658,51,1,0,0,1.4367452280794317,0.01
3563,232.78101588433705,57,1,0,0,1.476171578776777,0.01
3564,229.81180382813776,43,1,0,0,1.44138642134422,0.01
3565,189.4686183373688,42,1,0,0,1.3381034045392868,0.01
3566,167.61931570693753,20,1,0,0,1.4724739963332354,0.01
3567,155.90851412046115,16,1,0,0,1.4373231493773997,0.01
3568,193.3870370059467,28,1,0,0,1.4293428365455803,0.01
3569,225.82853835340777,40,1,0,0,1.3689025941717352,0.01
3570,183.39602048212305,27,1,0,0,1.399046404945981,0.01
3571,202.37856514526203,33,1,0,0,1.2876153546954288,0.01
3572,164.121294205804,34,1,0,0,1.4637676509171698,0.01
3573,172.8854355694847,19,1,0,0,1.4749546844018762,0.01
3574,197.05988591011936,40,1,0,0,1.4969826101201291,0.01
3575,202.62162851916167,34,1,0,0,1.3270529226403232,0.01
3576,134.4011259386988,10,1,0,0,1.1716519621331052,0.01
3577,142.9668793469903,14,1,0,0,1.2125175790134297,0.01
3578,193.60071875192358,40,1,0,0,1.428752139036465,0.01
3579,220.9634057058943,53,1,0,0,1.4912583315782593,0.01
3580,199.32241784646405,47,1,0,0,1.4598366278014605,0.01
3581,177.28521948283162,36,1,0,0,1.4689567152021832,0.01
3582,245.70416203310276,43,1,0,0,1.4951653672338487,0.01
3583,13.391344504130426,200,0,0,1,2.270789912462541,0.01
3584,140.7261049405636,109,1,0,0,1.4978513384610341,0.01
3585,169.69886489911892,24,1,0,0,1.4647525660363168,0.01
3586,164.4838027054576,105,1,0,0,1.4521700431801403,0.01
3587,187.0878807049566,37,1,0,0,1.4597262453929292,0.01
3588,132.407165002702,14,1,0,0,1.2964547390901189,0.01
3589,190.14678195427217,26,1,0,0,1.3857899304674912,0.01
3590,259.23759011204663,182,1,0,0,1.4740546099188658,0.01
3591,115.73985048456483,122,1,0,0,1.3741246108659033,0.01
3592,30.76132253984793,200,0,0,1,3.187539167416036,0.01
3593,151.98391231474977,21,1,0,0,1.2665541379239218,0.01
3594,185.69161334231052,30,1,0,0,1.1547015322967942,0.01
3595,177.83697935335,26,1,0,0,1.414860423766117,0.01
3596,173.31421449762144,62,1,0,0,1.4809896000911706,0.01
3597,160.62261143698663,14,1,0,0,1.3861204946960106,0.01
3598,187.05363438558442,29,1,0,0,1.4227519308687666,0.01
3599,154.58652306169733,16,1,0,0,1.1248858957826022,0.01
3600,175.58248646076268,25,1,0,0,1.3137640354048985,0.01
3601,182.51773507687466,21,1,0,0,1.303064994862531,0.01
3602,164.76992918482875,24,1,0,0,1.3539329506408915,0.01
3603,174.07246452260375,17,1,0,0,1.3601001214554753,0.01
3604,172.11377259370417,27,1,0,0,1.4889426855541152,0.01
3605,44.10763720795723,200,0,0,1,1.6855141870201513,0.01
3606,171.12011133410107,53,1,0,0,1.4756002716017655,0.01
3607,204.48385266448415,25,1,0,0,1.4337886790581147,0.01
3608,172.925447885875,18,1,0,0,1.3441491837528394,0.01
3609,160.73986011149333,22,1,0,0,1.440480764096307,0.01
3610,167.3251124380991,28,1,0,0,1.306195578422085,0.01
3611,195.153784894486,27,1,0,0,1.4222972590613898,0.01
3612,161.73432231596934,33,1,0,0,1.4136141549079075,0.01
3613,224.10193526608745,39,1,0,0,1.4669004176843377,0.01
3614,200.76579215149195,37,1,0,0,1.282259623383213,0.01
3615,168.0530681249453,20,1,0,0,1.2406718570395323,0.01
3616,169.47007244359145,20,1,0,0,1.2684575691542632,0.01
3617,170.48396878679597,21,1,0,0,1.338274207993964,0.01
3618,-50.0,1,0,1,0,9.737438461207278,0.01
3619,162.41793054251826,24,1,0,0,1.1202366444699192,0.01
3620,160.0658995306426,16,1,0,0,1.1390822734907338,0.01
3621,183.05793557896226,27,1,0,0,1.2822740231379013,0.01
3622,13.610960844188838,200,0,0,1,2.0485364385581506,0.01
3623,163.76758543777797,32,1,0,0,1.3052375159787974,0.01
3624,170.03337676930744,23,1,0,0,1.3447843061648865,0.01
3625,203.44126500134894,36,1,0,0,1.139002572262479,0.01
3626,169.3266033162003,21,1,0,0,1.4204745357138369,0.01
3627,224.72498300149806,47,1,0,0,1.3483997058781614,0.01
3628,132.10192289864148,13,1,0,0,1.3080060738505102,0.01
3629,150.15341892481538,15,1,0,0,1.3522607930231276,0.01
3630,124.0526670804922,18,1,0,0,1.4324615866945771,0.01
3631,208.69235483065847,33,1,0,0,1.2986297043621329,0.01
3632,124.33846181953912,53,1,0,0,1.4773068280602124,0.01
3633,170.17346389568291,22,1,0,0,1.3558327357840765,0.01
3634,165.605466646068,39,1,0,0,1.4620648284886288,0.01
3635,164.71226448266066,23,1,0,0,1.485345311742371,0.01
3636,152.58176698924547,19,1,0,0,1.2624727782872647,0.01
3637,191.89604817861277,27,1,0,0,1.3705230789866962,0.01
3638,200.38738699465264,30,1,0,0,1.417228429711641,0.01
3639,199.1039153336562,59,1,0,0,1.3884561215901736,0.01
3640,160.38739160193933,23,1,0,0,1.4808546019473672,0.01
3641,45.50282602786551,200,0,0,1,2.520804029918965,0.01
3642,171.3301279902455,38,1,0,0,1.3730057828122975,0.01
3643,134.85315212779312,25,1,0,0,1.4626494196168214,0.01
3644,178.19901150747438,131,1,0,0,1.499127624851173,0.01
3645,182.46744338322947,53,1,0,0,1.4179161255407666,0.01
3646,205.43586927702574,45,1,0,0,1.2120350645663753,0.01
3647,-50.0,1,0,1,0,5.539875051776262,0.01
3648,222.93937375997942,45,1,0,0,1.3316203492741503,0.01
3649,197.3357696772568,27,1,0,0,1.1761051343997018,0.01
3650,177.85779054016777,28,1,0,0,1.4490130296602917,0.01
3651,175.3304506004277,29,1,0,0,1.2109747353106664,0.01
3652,152.36227125136048,19,1,0,0,1.3253293380257751,0.01
3653,201.02064301507386,24,1,0,0,1.4200524705099409,0.01
3654,214.10905905887665,45,1,0,0,1.3877109727803159,0.01
3655,28.685026459491976,200,0,0,1,2.9479946626354274,0.01
3656,181.98565456263424,28,1,0,0,1.4477901142999527,0.01
3657,215.4681161159106,29,1,0,0,1.4379561206933666,0.01
3658,161.9955520341425,20,1,0,0,1.3622917018876042,0.01
3659,172.9323904125377,18,1,0,0,1.4554660119172094,0.01
3660,205.68774625704503,36,1,0,0,1.3528274250724983,0.01
3661,52.04225690278836,200,0,0,1,2.7267893404461,0.01
3662,165.59147981149917,26,1,0,0,1.3164176199549464,0.01
3663,129.45232673354485,30,1,0,0,1.4178535564186363,0.01
3664,184.04942558494744,33,1,0,0,1.4324630121392452,0.01
3665,178.68521832088743,25,1,0,0,1.2948056863026578,0.01
3666,206.1890217635334,36,1,0,0,1.4970188869192196,0.01
3667,168.59214306619543,157,1,0,0,1.4965349799363874,0.01
3668,188.45713364377735,33,1,0,0,1.3000893336594097,0.01
3669,181.0791098183227,30,1,0,0,1.437764714756121,0.01
3670,-50.0,1,0,1,0,4.028586141293099,0.01
3671,183.17080947659093,91,1,0,0,1.481576512265691,0.01
3672,173.83136849297932,30,1,0,0,1.3739860307005944,0.01
3673,168.99070085046043,18,1,0,0,1.3453934514083952,0.01
3674,31.459140466340887,200,0,0,1,3.1409080048075744,0.01
3675,133.870809414066,74,1,0,0,1.2914132563969458,0.01
3676,125.67791850236877,8,1,0,0,1.3935459523004674,0.01
3677,254.13109256367176,50,1,0,0,1.3571123278840456,0.01
3678,164.26051607952513,34,1,0,0,1.4894588123216832,0.01
3679,244.8354920636579,49,1,0,0,1.4763199140225045,0.01
3680,154.40041065201518,35,1,0,0,1.4392424184754071,0.01
3681,155.7038140721225,28,1,0,0,1.4877470600079208,0.01
3682,194.69223732860758,34,1,0,0,1.4158964489528783,0.01
3683,182.13025685633593,29,1,0,0,1.1915263273141272,0.01
3684,141.84367450816464,16,1,0,0,1.24315889376752,0.01
3685,210.55308690510475,41,1,0,0,1.458230887094659,0.01
3686,162.986906590918,59,1,0,0,1.4943448337800331,0.01
3687,173.53469330004944,23,1,0,0,1.3359216715777968,0.01
3688,153.05988693132798,15,1,0,0,1.2193574759974792,0.01
3689,170.93713427795586,21,1,0,0,1.4256478826661336,0.01
3690,175.6165400547811,20,1,0,0,1.132193704962494,0.01
3691,169.07379243493392,26,1,0,0,1.1521379545031138,0.01
3692,142.6663062958494,26,1,0,0,1.4788023185370909,0.01
3693,178.9364556763424,19,1,0,0,1.2884931289524497,0.01
3694,111.59060576809486,4,1,0,0,1.1841957694071732,0.01
3695,194.85639768998803,33,1,0,0,1.3121285716235571,0.01
3696,181.87543426568416,24,1,0,0,1.460112630681402,0.01
3697,179.4314391217759,23,1,0,0,1.4673764228098598,0.01
3698,205.9060282466794,28,1,0,0,1.3999891306399899,0.01
3699,185.46910038070345,30,1,0,0,1.446342576612043,0.01
3700,212.15566236290897,37,1,0,0,1.2882139819111704,0.01
3701,225.7339637264915,51,1,0,0,1.477308016819773,0.01
3702,157.68427595537383,29,1,0,0,1.4613421131545146,0.01
3703,196.0409365254775,25,1,0,0,1.3164836121588812,0.01
3704,163.45784223761743,20,1,0,0,1.4290962593193248,0.01
3705,154.189541764171,21,1,0,0,1.468591640080818,0.01
3706,172.05099047055865,22,1,0,0,1.280953325298649,0.01
3707,147.95390097125136,23,1,0,0,1.1380114869957287,0.01
3708,198.7516646454279,33,1,0,0,1.491258855277344,0.01
3709,144.14761802481593,18,1,0,0,1.427353445128968,0.01
3710,111.3247846462741,10,1,0,0,1.373363867485525,0.01
3711,255.91027374906275,55,1,0,0,1.467636952823994,0.01
3712,151.33440366892899,19,1,0,0,1.4005940455698447,0.01
3713,182.21515377692714,28,1,0,0,1.3333063626347443,0.01
3714,-50.0,1,0,1,0,6.669415165710121,0.01
3715,232.39454248289778,45,1,0,0,1.4408409207787396,0.01
3716,115.04143478622572,8,1,0,0,1.3567585412525869,0.01
3717,167.5946363038459,35,1,0,0,1.3973709046330705,0.01
3718,194.3302807462291,31,1,0,0,1.45905240121501,0.01
3719,176.5377464559836,20,1,0,0,1.4030609255106499,0.01
3720,166.6937122735918,23,1,0,0,1.4546443149939268,0.01
3721,190.13042749790873,21,1,0,0,1.424127532028875,0.01
3722,236.02541138218822,37,1,0,0,1.474950565658883,0.01
3723,216.30529169447868,32,1,0,0,1.2501588301886846,0.01
3724,133.02467657391873,64,1,0,0,1.4882096045205329,0.01
3725,184.44556848009722,59,1,0,0,1.4966502169760296,0.01
3726,170.66038919675043,163,1,0,0,1.4195302204348572,0.01
3727,148.01459886648252,17,1,0,0,1.3645662027714276,0.01
3728,156.24295433251513,24,1,0,0,1.3926695796910002,0.01
3729,154.31976313947433,19,1,0,0,1.2660252972125148,0.01
3730,249.28715100602764,114,1,0,0,1.4957559584688573,0.01
3731,186.03388076459527,27,1,0,0,1.3359778577904533,0.01
3732,11.841457121143723,200,0,0,1,2.0513871396678574,0.01
3733,186.91506838672524,25,1,0,0,1.3446258584474273,0.01
3734,182.59599355937445,24,1,0,0,1.4753802877448343,0.01
3735,140.34403362424115,17,1,0,0,1.4897869091719287,0.01
3736,194.05682080438166,26,1,0,0,1.4681489844510909,0.01
3737,158.39311729163393,20,1,0,0,1.4840601103871178,0.01
3738,117.0286877971059,11,1,0,0,1.1768217787629618,0.01
3739,155.86819235488431,18,1,0,0,1.2378454188922499,0.01
3740,185.04100861548892,93,1,0,0,1.488530976723362,0.01
3741,116.05933682176651,8,1,0,0,1.4721945570515986,0.01
3742,180.98094938599226,43,1,0,0,1.4653697055582076,0.01
3743,111.25268283667604,11,1,0,0,1.43070863557195,0.01
3744,157.2910752795238,22,1,0,0,1.4324857771589943,0.01
3745,192.23749590554718,28,1,0,0,1.2057042889131486,0.01
3746,175.32975040251716,27,1,0,0,1.4932816843379988,0.01
3747,187.85491035521358,30,1,0,0,1.3850917006399874,0.01
3748,196.61507931781512,32,1,0,0,1.4907905459337503,0.01
3749,163.56143782951767,46,1,0,0,1.4628648382598246,0.01
3750,121.17911803786605,72,1,0,0,1.4441021972843269,0.01
3751,218.8472003166661,45,1,0,0,1.3880473281843428,0.01
3752,257.57349097359645,55,1,0,0,1.47115387685694,0.01
3753,181.5147738786178,41,1,0,0,1.3583811996429622,0.01
3754,189.76937033528165,21,1,0,0,1.2685896992233403,0.01
3755,59.62124537893764,200,0,0,1,1.8624847262099362,0.01
3756,148.42598880315344,20,1,0,0,1.2487156116271936,0.01
3757,268.67543237896166,53,1,0,0,1.4870589033326977,0.01
3758,150.8293004390796,47,1,0,0,1.3264114462111478,0.01
3759,209.7563956203457,33,1,0,0,1.1724397414190437,0.01
3760,173.9732641746349,25,1,0,0,1.0046117631671747,0.01
3761,221.5667481151564,40,1,0,0,1.4887583621099847,0.01
3762,187.50948836221272,27,1,0,0,1.2084135666710327,0.01
3763,168.48097869568142,22,1,0,0,1.4400836283453238,0.01
3764,180.30305117811264,41,1,0,0,1.4838753905797983,0.01
3765,155.5355652485544,22,1,0,0,1.2585615989823258,0.01
3766,240.0033211288417,46,1,0,0,1.489864832482116,0.01
3767,159.1594563678789,23,1,0,0,1.2886130359532262,0.01
3768,150.54617914567942,200,0,0,1,1.5643414840278282,0.01
3769,233.14100454513454,35,1,0,0,1.352875089149279,0.01
3770,154.12258086499395,28,1,0,0,1.2509982780320104,0.01
3771,161.59178555010064,16,1,0,0,1.3218001713570176,0.01
3772,175.1962310630053,35,1,0,0,1.4740213269602087,0.01
3773,227.6660813809112,42,1,0,0,1.272670900201877,0.01
3774,184.08741679256337,69,1,0,0,1.4884649568480857,0.01
3775,207.95938469025253,26,1,0,0,1.4400490750421633,0.01
3776,168.8168782332088,20,1,0,0,1.3756883937365048,0.01
3777,180.31062229451703,26,1,0,0,1.468430376374413,0.01
3778,180.84194819808417,26,1,0,0,1.3541469515354407,0.01
3779,171.79609629717058,40,1,0,0,1.2341713679939794,0.01
3780,250.32301106778615,80,1,0,0,1.4635290611808358,0.01
3781,193.091257601304,25,1,0,0,1.3170427046143804,0.01
3782,181.89693744904304,20,1,0,0,1.2974140050786127,0.01
3783,259.69647736440925,57,1,0,0,1.433490381656004,0.01
3784,181.2175378864559,28,1,0,0,1.1591333182516266,0.01
3785,182.0733362884784,24,1,0,0,1.490475051226995,0.01
3786,183.1413564683934,133,1,0,0,1.4050057473972515,0.01
3787,162.32579452885295,19,1,0,0,1.4900344824193392,0.01
3788,172.54321136830123,23,1,0,0,1.1995126356949026,0.01
3789,180.41486414155565,27,1,0,0,1.420597437854928,0.01
3790,173.1214380022519,23,1,0,0,1.2518967399123375,0.01
3791,177.65691911214276,24,1,0,0,1.2013514361394861,0.01
3792,163.80735531594405,23,1,0,0,1.311508515758198,0.01
3793,150.95967525615328,19,1,0,0,1.32632732253145,0.01
3794,240.97116044948226,41,1,0,0,1.4686672268952392,0.01
3795,160.95648416496823,25,1,0,0,1.400009717110079,0.01
3796,196.14611434231094,29,1,0,0,1.4655546784452973,0.01
3797,185.17120215135296,21,1,0,0,1.2181816567271007,0.01
3798,142.29358731754462,17,1,0,0,1.4125347852041783,0.01
3799,185.1080821427493,23,1,0,0,1.4301291645649363,0.01
3800,148.39673781141983,200,0,0,1,2.3759264739997072,0.01
3801,202.18796026388162,26,1,0,0,1.080293711899093,0.01
3802,174.20252519180252,20,1,0,0,1.4209272260958292,0.01
3803,183.45531750216531,39,1,0,0,1.4243254280542326,0.01
3804,21.62748516892725,200,0,0,1,2.2330596740205317,0.01
3805,149.79496574226542,71,1,0,0,1.458841525718695,0.01
3806,153.68892124081393,20,1,0,0,1.4893584220865048,0.01
3807,132.65749376777208,14,1,0,0,1.4958009617143384,0.01
3808,137.6984026361741,13,1,0,0,1.3550034643480187,0.01
3809,197.0860995137569,29,1,0,0,1.480281244130974,0.01
3810,181.43650901503605,33,1,0,0,1.3398702386385088,0.01
3811,153.32190288898704,22,1,0,0,1.3669513759246474,0.01
3812,170.95847088635958,22,1,0,0,1.3322872786564863,0.01
3813,163.13254442660892,22,1,0,0,1.2667504605805349,0.01
3814,191.68483821516082,32,1,0,0,1.384293156816584,0.01
3815,135.0622884460056,17,1,0,0,1.3910402009424625,0.01
3816,190.70238177430036,22,1,0,0,1.4585943843799856,0.01
3817,137.6432125936454,15,1,0,0,1.362685285815463,0.01
3818,145.1058869211506,21,1,0,0,1.3681548251016729,0.01
3819,158.61824071654766,23,1,0,0,1.4142264533318247,0.01
3820,32.892621550523124,200,0,0,1,3.0709369390112857,0.01
3821,221.68382457704377,31,1,0,0,1.3068034483101671,0.01
3822,138.7153510771547,38,1,0,0,1.4907907734286447,0.01
3823,130.73177383628953,33,1,0,0,1.4835183814625554,0.01
3824,128.7535342927023,18,1,0,0,1.4004717504588646,0.01
3825,179.72675073065392,27,1,0,0,1.4413534661603276,0.01
3826,191.01289957811784,22,1,0,0,1.4556588941403996,0.01
3827,169.31431941876798,17,1,0,0,1.385776715890853,0.01
3828,159.12648636656735,22,1,0,0,1.333923677863915,0.01
3829,219.74204089791647,40,1,0,0,1.313898295877206,0.01
3830,161.75702879183808,200,0,0,1,2.0111270978194513,0.01
3831,166.46852669151343,22,1,0,0,1.4742020090207157,0.01
3832,169.62326176162827,23,1,0,0,1.2820822757910872,0.01
3833,160.9421610946007,19,1,0,0,1.3984303734502939,0.01
3834,133.47740646254033,11,1,0,0,1.3991381081397931,0.01
3835,170.10388696195267,28,1,0,0,1.4764750307604768,0.01
3836,44.58147851619529,200,0,0,1,2.6243449698130585,0.01
3837,16.327756684106067,200,0,0,1,5.2390262073699825,0.01
3838,193.9543998971984,32,1,0,0,1.3363681924096138,0.01
3839,189.84486046753,24,1,0,0,1.368163453628399,0.01
3840,183.89499408226501,23,1,0,0,1.4985454223688892,0.01
3841,-50.0,1,0,1,0,6.791664899000952,0.01
3842,149.07660208064823,24,1,0,0,1.479811476379929,0.01
3843,216.21173700139786,38,1,0,0,1.4205992319928962,0.01
3844,144.1635959388982,18,1,0,0,1.4115387939973771,0.01
3845,160.242756579945,23,1,0,0,1.2987822833362526,0.01
3846,181.64607638530964,23,1,0,0,1.3787757925541664,0.01
3847,151.44595826217898,18,1,0,0,1.256741566400539,0.01
3848,167.97953514857173,24,1,0,0,1.3495736580572635,0.01
3849,201.29402319091037,30,1,0,0,1.2028774834318159,0.01
3850,185.5641157701831,27,1,0,0,1.2395725130625324,0.01
3851,135.46856440004905,16,1,0,0,1.3788101857659993,0.01
3852,173.02029676416268,25,1,0,0,1.4105020328630442,0.01
3853,202.0743640078386,35,1,0,0,1.4613608745551223,0.01
3854,208.3991519154186,41,1,0,0,1.4741558568373325,0.01
3855,155.48524807790838,28,1,0,0,1.4079835749595078,0.01
3856,114.1479857936069,13,1,0,0,1.4316980242279544,0.01
3857,144.40155922882983,13,1,0,0,1.3245595646385069,0.01
3858,168.66164220483728,21,1,0,0,1.3535838576490167,0.01
3859,168.53563723486508,23,1,0,0,1.481479729520995,0.01
3860,183.56784436772153,24,1,0,0,1.443914292884561,0.01
3861,267.3337445973515,55,1,0,0,1.3048923745017877,0.01
3862,154.11385545455676,34,1,0,0,1.2232597623336547,0.01
3863,178.68172454053553,24,1,0,0,1.4496395556363249,0.01
3864,148.78533395961287,19,1,0,0,1.3933644136317307,0.01
3865,160.5288791225949,42,1,0,0,1.3759158358511328,0.01
3866,175.1686416908446,32,1,0,0,1.4672390212627138,0.01
3867,221.5548530460266,37,1,0,0,1.2432029061552095,0.01
3868,160.44767657838477,21,1,0,0,1.4916108257061995,0.01
3869,208.35369138918804,37,1,0,0,1.2517748827476702,0.01
3870,187.53764965399793,32,1,0,0,1.4024080842620172,0.01
3871,165.43406072325814,18,1,0,0,1.2759614542208724,0.01
3872,180.95440022127048,31,1,0,0,1.4367108179004766,0.01
3873,230.51532949795615,43,1,0,0,1.467579058074006,0.01
3874,120.01914595650297,11,1,0,0,1.429850251442271,0.01
3875,143.29042610844414,102,1,0,0,1.4632410752552472,0.01
3876,100.0,1,1,0,0,1.3150689399804505,0.01
3877,224.94609878198878,36,1,0,0,1.350085575126375,0.01
3878,180.1229807494705,30,1,0,0,1.2487970115102223,0.01
3879,162.92423055879482,23,1,0,0,1.3871504008121074,0.01
3880,151.93779462401974,29,1,0,0,1.4900380575526828,0.01
3881,192.52829927388808,24,1,0,0,1.356979282671688,0.01
3882,171.71178187966274,22,1,0,0,1.3100600214978653,0.01
3883,134.29498876030823,30,1,0,0,1.486093109897169,0.01
3884,161.47096815558038,20,1,0,0,1.318521237421088,0.01
3885,76.65372113833398,200,0,0,1,2.7619547448730857,0.01
3886,132.37137627517203,23,1,0,0,1.4496747334150626,0.01
3887,168.84255508397672,80,1,0,0,1.475881300221486,0.01
3888,157.79120277357413,21,1,0,0,1.1981050391158488,0.01
3889,164.5102710123219,21,1,0,0,1.3352113256419795,0.01
3890,175.9232052510057,27,1,0,0,1.3258880579626469,0.01
3891,143.3812578202855,18,1,0,0,1.3906117169945809,0.01
3892,96.56299357105405,200,0,0,1,1.6464157985550452,0.01
3893,180.09776504163227,22,1,0,0,1.3770021421798015,0.01
3894,170.72949317652666,21,1,0,0,1.4394878258306913,0.01
3895,172.60245005779362,33,1,0,0,1.4452692933837619,0.01
3896,168.21010683039773,20,1,0,0,1.2867429872898157,0.01
3897,154.11281939861036,30,1,0,0,1.3622053279370732,0.01
3898,183.7741465643643,27,1,0,0,1.316888616845965,0.01
3899,256.44005321343985,48,1,0,0,1.3666774200883856,0.01
3900,169.70916833327772,22,1,0,0,1.3005134528628035,0.01
3901,170.99871972231747,23,1,0,0,1.2906033587804506,0.01
3902,171.40722928549394,21,1,0,0,1.3329603570379736,0.01
3903,186.50410927483733,93,1,0,0,1.4772244196680808,0.01
3904,170.34557623164952,22,1,0,0,1.4790601160597254,0.01
3905,140.46584152185088,50,1,0,0,1.4942675383227741,0.01
3906,187.51477173672382,48,1,0,0,1.4947422682107532,0.01
3907,179.47552283506343,28,1,0,0,1.3522660032578626,0.01
3908,117.42124663765527,200,0,0,1,2.1071171077083104,0.01
3909,161.09286639561464,35,1,0,0,1.427482203964721,0.01
3910,168.98148528323264,19,1,0,0,1.4953928710984155,0.01
3911,23.09894347962956,200,0,0,1,2.686317204696745,0.01
3912,144.45779046473191,19,1,0,0,1.2825768273563722,0.01
3913,177.64015473065496,21,1,0,0,1.462296859789482,0.01
3914,183.3300028554856,24,1,0,0,1.218146249746534,0.01
3915,183.27603042063117,90,1,0,0,1.4930843498649577,0.01
3916,182.0240488555848,24,1,0,0,1.4372833034941876,0.01
3917,151.54897332643074,31,1,0,0,1.3732015227462515,0.01
3918,41.57602940605296,200,0,0,1,2.3634319047411334,0.01
3919,198.71500248290573,26,1,0,0,1.2025628134808042,0.01
3920,182.95014296796498,30,1,0,0,1.3880343742202295,0.01
3921,166.17406978132033,23,1,0,0,1.4289844197487287,0.01
3922,174.85294714541675,22,1,0,0,1.4958936434700538,0.01
3923,138.97983628549883,33,1,0,0,1.3725393194329165,0.01
3924,131.1209630436877,11,1,0,0,1.419573599680527,0.01
3925,164.12263500568895,21,1,0,0,1.345534420194254,0.01
3926,229.77109325514638,37,1,0,0,1.2537212974795786,0.01
3927,222.4058450136481,39,1,0,0,1.4229281039039559,0.01
3928,169.53839804353058,18,1,0,0,1.3946747911208506,0.01
3929,183.18103212580814,27,1,0,0,1.4512158866220435,0.01
3930,70.61519287665718,200,0,0,1,2.71180114770717,0.01
3931,156.1844078422095,18,1,0,0,1.489137172599975,0.01
3932,64.64410781086536,200,0,0,1,2.678385378018934,0.01
3933,245.0770905081732,68,1,0,0,1.4969616019269403,0.01
3934,134.52642069739397,12,1,0,0,1.3094308204810177,0.01
3935,210.12978501993305,31,1,0,0,1.4407319436275017,0.01
3936,143.91375163406585,20,1,0,0,1.4073190278750025,0.01
3937,148.3687847098734,17,1,0,0,1.3195489694731912,0.01
3938,118.23716169016977,15,1,0,0,1.424966229737051,0.01
3939,168.8843271803916,25,1,0,0,1.4534475229118913,0.01
3940,151.39344777993426,30,1,0,0,1.3064783459702185,0.01
3941,213.5725383203536,30,1,0,0,1.3949503896892363,0.01
3942,198.45843931282533,34,1,0,0,1.236585367356671,0.01
3943,123.13307437004296,9,1,0,0,1.4258515282328124,0.01
3944,101.14561554849752,200,0,0,1,3.5907586488928787,0.01
3945,213.98006378332965,39,1,0,0,1.473460953215343,0.01
3946,181.95693946349235,31,1,0,0,1.4824106404952642,0.01
3947,176.50661863942878,43,1,0,0,1.4987358909503234,0.01
3948,177.71724087735106,146,1,0,0,1.44590979438182,0.01
3949,139.43523591912356,23,1,0,0,1.4804626657179796,0.01
3950,166.72277899799525,25,1,0,0,1.3037329927244616,0.01
3951,151.14661666964906,195,1,0,0,1.4531876423592918,0.01
3952,212.04591359569662,37,1,0,0,1.1527359568650488,0.01
3953,152.94395110572424,30,1,0,0,1.363669392301732,0.01
3954,154.99385789083095,24,1,0,0,1.4543084182554564,0.01
3955,115.79130923826858,16,1,0,0,1.3764580886908806,0.01
3956,173.64378381209713,21,1,0,0,1.253377386904007,0.01
3957,170.2380522570759,117,1,0,0,1.4459936879304323,0.01
3958,188.44314316333828,85,1,0,0,1.4693874635236417,0.01
3959,170.1028181735634,41,1,0,0,1.4974105576137386,0.01
3960,-50.0,1,0,1,0,3.636107614107344,0.01
3961,178.61140415568062,27,1,0,0,1.3667437571821826,0.01
3962,261.00073106797026,48,1,0,0,1.424763545877912,0.01
3963,45.79738954821199,200,0,0,1,3.0325609788051215,0.01
3964,169.87317961173576,24,1,0,0,1.4367990829762973,0.01
3965,176.8122895399443,24,1,0,0,1.2849158110971637,0.01
3966,167.86065744268652,65,1,0,0,1.4979241954122327,0.01
3967,232.48977822504855,84,1,0,0,1.4584967805825992,0.01
3968,145.92815578815828,18,1,0,0,1.4040940967433198,0.01
3969,125.40147459160082,9,1,0,0,1.221333913416977,0.01
3970,40.921642639376074,200,0,0,1,5.77669316619824,0.01
3971,185.24369642118546,39,1,0,0,1.497485825524207,0.01
3972,153.08132269987553,35,1,0,0,1.4565535089284283,0.01
3973,178.600293741844,22,1,0,0,1.495889689368244,0.01
3974,163.0523836239346,22,1,0,0,1.4434720922897772,0.01
3975,174.7358395783467,27,1,0,0,1.4767266048749403,0.01
3976,142.7086896188548,17,1,0,0,1.3629229481650418,0.01
3977,194.6420013745235,27,1,0,0,1.3575550174873492,0.01
3978,-50.0,1,0,1,0,4.68933867476955,0.01
3979,40.21359300172632,200,0,0,1,2.7165933505437283,0.01
3980,180.60846962127863,20,1,0,0,1.4172317019144247,0.01
3981,173.5736210513002,24,1,0,0,1.4903007332475793,0.01
3982,162.35172834244366,20,1,0,0,1.3919654118424565,0.01
3983,195.96834870737672,28,1,0,0,1.4148287949132032,0.01
3984,146.66291594614276,35,1,0,0,1.4266373917084536,0.01
3985,131.01284554236415,13,1,0,0,1.4362658439810976,0.01
3986,162.66822155745336,22,1,0,0,1.3373352119822421,0.01
3987,182.82694890908942,21,1,0,0,1.1870083660868047,0.01
3988,175.32745857814902,27,1,0,0,1.2951726259493783,0.01
3989,241.3529624739622,43,1,0,0,1.462145508153055,0.01
3990,51.75490846159401,200,0,0,1,1.8881807300479814,0.01
3991,123.13940018146309,31,1,0,0,1.363407642586808,0.01
3992,127.41002188826884,21,1,0,0,1.443942787259498,0.01
3993,202.49493310876528,49,1,0,0,1.4783108766883983,0.01
3994,165.2534124589252,22,1,0,0,1.4318479963145605,0.01
3995,117.18210379551516,17,1,0,0,1.235481986519278,0.01
3996,116.72388476969586,7,1,0,0,1.439502143206107,0.01
3997,174.4885157353266,23,1,0,0,1.4027537605626412,0.01
3998,64.57067285519119,200,0,0,1,2.2330894496435914,0.01
3999,170.6741743336801,19,1,0,0,1.250400667928733,0.01
4000,31.325706596126388,200,0,0,1,1.5777979548677281,0.01
4001,166.14301825763403,19,1,0,0,1.3625978691661993,0.01
4002,167.79183857597496,39,1,0,0,1.416561313155904,0.01
4003,152.9421763564914,21,1,0,0,1.484299810084848,0.01
4004,152.65565715096483,21,1,0,0,1.323520608649252,0.01
4005,163.13879992401405,16,1,0,0,1.4926536566633377,0.01
4006,67.09931071731476,200,0,0,1,4.612795948695568,0.01
4007,169.89346787360145,23,1,0,0,1.2413537385801612,0.01
4008,74.6014641518827,200,0,0,1,1.6458435787563614,0.01
4009,210.124960022736,38,1,0,0,1.4183084727965112,0.01
4010,44.479869245925386,200,0,0,1,3.008184952678951,0.01
4011,16.515598020978853,200,0,0,1,2.273935359121498,0.01
4012,133.5515880573497,17,1,0,0,1.499898567871551,0.01
4013,166.18175220923266,18,1,0,0,1.2290053479842,0.01
4014,230.0645066189991,45,1,0,0,1.4191099327334968,0.01
4015,70.86755947691084,200,0,0,1,2.1752848362404356,0.01
4016,168.21639997108406,22,1,0,0,1.4269334964179161,0.01
4017,180.34514718995834,25,1,0,0,1.3230022844587543,0.01
4018,-50.0,1,0,1,0,6.171538012666377,0.01
4019,138.08865334556788,14,1,0,0,1.4453898740664453,0.01
4020,189.6266453258361,28,1,0,0,1.484990528804272,0.01
4021,169.5544946952533,20,1,0,0,1.301998410608561,0.01
4022,171.24736718698145,35,1,0,0,1.4418905079754543,0.01
4023,196.09715550981642,198,1,0,0,1.4825210337367165,0.01
4024,158.5204835956012,17,1,0,0,1.4703592604302191,0.01
4025,197.79680125324967,27,1,0,0,1.2489465390084915,0.01
4026,121.74077013464662,11,1,0,0,1.464013579954378,0.01
4027,106.84492272368122,87,1,0,0,1.4845175584726364,0.01
4028,131.03132209086704,9,1,0,0,1.2639380388642063,0.01
4029,179.0543499178932,21,1,0,0,1.4916896530205193,0.01
4030,169.72442045796225,22,1,0,0,1.1599299415524706,0.01
4031,185.22039624206616,27,1,0,0,1.2139976390330331,0.01
4032,187.65830853795396,22,1,0,0,1.4834458701681386,0.01
4033,162.83364771477426,16,1,0,0,1.362061235964296,0.01
4034,159.85240278459932,53,1,0,0,1.4856786248699507,0.01
4035,178.62050432845285,19,1,0,0,1.2175631392909843,0.01
4036,136.74462953875963,25,1,0,0,1.4180752477790053,0.01
4037,196.03170408806622,33,1,0,0,1.2439631790967538,0.01
4038,118.66247828103091,18,1,0,0,1.2056497286911811,0.01
4039,200.3662337686695,28,1,0,0,1.4257959281658927,0.01
4040,193.5060053092645,23,1,0,0,1.460909103442929,0.01
4041,162.82810356415985,24,1,0,0,1.4768833598192064,0.01
4042,159.6323793765279,22,1,0,0,1.426191352461131,0.01
4043,157.4706113903315,40,1,0,0,1.4909425595865404,0.01
4044,179.53969667332984,25,1,0,0,1.3475984076818124,0.01
4045,-50.0,1,0,1,0,5.162681448373233,0.01
4046,119.11868724998288,15,1,0,0,1.161744488973018,0.01
4047,162.06848504725932,24,1,0,0,1.3891772025009836,0.01
4048,183.2127902104214,22,1,0,0,1.4007121371633413,0.01
4049,161.83078608876343,26,1,0,0,1.4391865000285609,0.01
4050,74.54143651596276,200,0,0,1,3.7110135466085428,0.01
4051,113.07399437760063,89,1,0,0,1.3434192560560148,0.01
4052,170.7432361011102,24,1,0,0,1.369993763464072,0.01
4053,145.92777852025927,22,1,0,0,1.1333474351605064,0.01
4054,169.91786090296756,24,1,0,0,1.3953363330983657,0.01
4055,248.75198163636725,48,1,0,0,1.3354265355467978,0.01
4056,144.7880342775881,17,1,0,0,1.3337676127180502,0.01
4057,148.964379528012,179,1,0,0,1.4812422467259216,0.01
4058,161.91272170361106,17,1,0,0,1.213821799930556,0.01
4059,149.10066297767077,18,1,0,0,1.4750742793346083,0.01
4060,195.7464583046311,27,1,0,0,1.2739028542090796,0.01
4061,147.5804472833246,21,1,0,0,1.3920081744218005,0.01
4062,154.2637817430762,21,1,0,0,1.4790652622506726,0.01
4063,45.98253670688964,200,0,0,1,2.544600570974178,0.01
4064,195.29178196607097,128,1,0,0,1.4985184544305206,0.01
4065,142.87368171588054,69,1,0,0,1.4868239135534722,0.01
4066,187.85522428929875,20,1,0,0,1.4620505406153674,0.01
4067,-16.454737814838175,89,0,0,0,6.918240785504556,0.01
4068,164.12319033258103,23,1,0,0,1.4304914858651363,0.01
4069,169.06149748170037,47,1,0,0,1.4976361277015426,0.01
4070,152.18200265864155,90,1,0,0,1.4858037840347476,0.01
4071,178.4073835283287,24,1,0,0,1.2661751821769611,0.01
4072,132.77804825740105,13,1,0,0,1.3089203108168708,0.01
4073,111.61511509648201,6,1,0,0,1.4603149077441764,0.01
4074,182.42998365708928,26,1,0,0,1.4527381827228785,0.01
4075,151.24908108312493,19,1,0,0,1.2344228640736434,0.01
4076,45.990500023987885,200,0,0,1,1.636690564757351,0.01
4077,160.82477421117244,48,1,0,0,1.1435443886759724,0.01
4078,161.76147090742415,16,1,0,0,1.3885948062305407,0.01
4079,188.83577011684392,32,1,0,0,1.38114403706098,0.01
4080,164.41218434006737,25,1,0,0,1.4885172117945276,0.01
4081,171.1844403259502,19,1,0,0,1.3908790534631386,0.01
4082,15.151526566518678,200,0,0,1,2.0726843169791906,0.01
4083,131.65967301816568,13,1,0,0,1.1434850056181427,0.01
4084,184.47508233054788,22,1,0,0,1.4723306841924784,0.01
4085,162.91047501160352,23,1,0,0,1.2709527336474478,0.01
4086,175.08273769984828,19,1,0,0,1.4857535403020918,0.01
4087,220.58987804430308,41,1,0,0,1.441048767796957,0.01
4088,-17.227205103264357,200,0,0,1,2.2867464346977573,0.01
4089,168.78790206869306,19,1,0,0,1.4736237177808487,0.01
4090,151.8130804477329,22,1,0,0,1.4087461732677158,0.01
4091,-17.275146980142555,200,0,0,1,3.2070127729990516,0.01
4092,204.3271959119024,45,1,0,0,1.4951625105976114,0.01
4093,123.70584233799033,15,1,0,0,1.4577248657829052,0.01
4094,198.1173881044137,33,1,0,0,1.306651546400469,0.01
4095,135.84496443737544,200,0,0,1,1.892274823358532,0.01
4096,169.0788891135433,36,1,0,0,1.4934767190030673,0.01
4097,187.44126135735578,25,1,0,0,1.415061646247109,0.01
4098,176.24320079495305,22,1,0,0,1.3439883522654847,0.01
4099,51.5871991407372,200,0,0,1,4.853200884832593,0.01
4100,168.2453069175776,37,1,0,0,1.4943251749047926,0.01
4101,63.93666082666543,200,0,0,1,2.7552824507861877,0.01
4102,201.11742636215354,34,1,0,0,1.4478440253064315,0.01
4103,143.58341688640647,16,1,0,0,1.1453736784851072,0.01
4104,149.79355726484513,13,1,0,0,1.4164990166665619,0.01
4105,137.6152673452282,64,1,0,0,1.3385553268260793,0.01
4106,174.88238411198063,21,1,0,0,1.4836588082974385,0.01
4107,178.7735085604105,26,1,0,0,1.2838886176865345,0.01
4108,172.49784989486983,30,1,0,0,1.4261830181131143,0.01
4109,183.06935058365912,21,1,0,0,1.1510390754232511,0.01
4110,167.48192169586503,19,1,0,0,1.405420005564973,0.01
4111,251.77460263936672,46,1,0,0,1.3214267839703286,0.01
4112,161.49138209745968,24,1,0,0,1.3586874316012352,0.01
4113,203.8085356213889,35,1,0,0,1.3420644399174413,0.01
4114,160.7072902287794,23,1,0,0,1.4789932388685918,0.01
4115,233.7089346219633,46,1,0,0,1.2691273138651193,0.01
4116,216.92437242909773,27,1,0,0,1.3838569590815668,0.01
4117,189.0232446766832,29,1,0,0,1.3956530513003085,0.01
4118,150.51543472880485,18,1,0,0,1.4076374559161726,0.01
4119,1.3402565135579907,200,0,0,1,2.5336353878340256,0.01
4120,223.82663511922237,41,1,0,0,1.4821657571937774,0.01
4121,151.43594447762746,16,1,0,0,1.2105424446248727,0.01
4122,167.48321783688908,23,1,0,0,1.4908990046150528,0.01
4123,196.8272356570124,28,1,0,0,1.4519993905169069,0.01
4124,145.06960610568143,115,1,0,0,1.4917092011469157,0.01
4125,32.48246417899358,200,0,0,1,2.848642288735572,0.01
4126,182.18885016780126,23,1,0,0,1.1920373119498844,0.01
4127,196.54299245570104,140,1,0,0,1.4947655010584546,0.01
4128,140.1999245806822,16,1,0,0,1.2948845653212508,0.01
4129,136.65249201803954,21,1,0,0,1.4955264526756094,0.01
4130,197.12496806738721,33,1,0,0,1.4947168551949457,0.01
4131,173.50401803445277,27,1,0,0,1.237979152540458,0.01
4132,186.70641907235148,22,1,0,0,1.4931547065997526,0.01
4133,153.59065048724943,26,1,0,0,1.3982436865478982,0.01
4134,103.94452403113871,200,0,0,1,1.6675453878211952,0.01
4135,149.7566747626952,200,0,0,1,2.280883296221198,0.01
4136,219.40115774859837,32,1,0,0,1.466699999329705,0.01
4137,170.92140972660277,28,1,0,0,1.400126237350969,0.01
4138,166.90596362337402,19,1,0,0,1.3910378131953576,0.01
4139,184.04937161207368,22,1,0,0,1.3598483656721947,0.01
4140,173.03630096456573,125,1,0,0,1.4980544499307729,0.01
4141,161.42391869061544,15,1,0,0,1.3669703277273448,0.01
4142,155.7062106053852,23,1,0,0,1.4373954042136992,0.01
4143,189.91780642686746,26,1,0,0,1.4844331684920826,0.01
4144,173.80994371620164,23,1,0,0,1.359140210731243,0.01
4145,157.77732349704507,15,1,0,0,1.3216127537789877,0.01
4146,174.00503073772092,26,1,0,0,1.301353881193582,0.01
4147,175.63644403358163,21,1,0,0,1.3126689372981488,0.01
4148,157.27807119118935,18,1,0,0,1.3424501074003787,0.01
4149,173.77108420200094,21,1,0,0,1.2394277917656225,0.01
4150,151.99194975619992,44,1,0,0,1.4136543048549661,0.01
4151,151.74856787399543,19,1,0,0,1.2985911300008404,0.01
4152,169.23211449129374,23,1,0,0,1.4731765262493248,0.01
4153,186.48716755744135,26,1,0,0,1.4761784113926717,0.01
4154,144.18275862551405,19,1,0,0,1.308603903605703,0.01
4155,207.2826493585197,68,1,0,0,1.4831084245386021,0.01
4156,121.73053122990412,9,1,0,0,1.3225603701260356,0.01
4157,211.82949878562374,25,1,0,0,1.2447053549311686,0.01
4158,162.71640709523464,19,1,0,0,1.4566589360424078,0.01
4159,146.60387559110882,73,1,0,0,1.4552362266523704,0.01
4160,183.8592946576216,22,1,0,0,1.4966638520378908,0.01
4161,258.3803434211494,56,1,0,0,1.4863920586714003,0.01
4162,130.64407566401005,31,1,0,0,1.4528055596059422,0.01
4163,144.69033773657526,14,1,0,0,1.4064666937092196,0.01
4164,158.22333320179303,20,1,0,0,1.2666996314642025,0.01
4165,228.60548330819088,39,1,0,0,1.390572603526908,0.01
4166,148.22638865876974,16,1,0,0,1.3132889932516854,0.01
4167,157.52889251028273,24,1,0,0,1.4236934535405676,0.01
4168,158.89443370298605,19,1,0,0,1.27350214329533,0.01
4169,176.65990702447067,20,1,0,0,1.420862236558599,0.01
4170,221.12879656431124,77,1,0,0,1.4874790229844637,0.01
4171,184.8808970630007,24,1,0,0,1.241005567932737,0.01
4172,197.08782041923274,23,1,0,0,1.3458793683231498,0.01
4173,194.8747096479505,30,1,0,0,1.3713223909692718,0.01
4174,193.85161873517376,22,1,0,0,1.3451180026731748,0.01
4175,183.6062861730591,29,1,0,0,1.3671255810480087,0.01
4176,146.82283217990823,22,1,0,0,1.4381626683551507,0.01
4177,163.27409920429616,20,1,0,0,1.3824459600563686,0.01
4178,211.90884249294572,34,1,0,0,1.3192225793989767,0.01
4179,212.51320292131095,34,1,0,0,1.457726987712937,0.01
4180,181.98041880552012,32,1,0,0,1.256155134896492,0.01
4181,162.20553135238592,18,1,0,0,1.07391693449038,0.01
4182,-50.0,1,0,1,0,4.286597395263322,0.01
4183,178.86129949334358,23,1,0,0,1.3906840969932495,0.01
4184,191.064883924426,24,1,0,0,1.3923949106511062,0.01
4185,182.19052144668296,22,1,0,0,1.3728968405353124,0.01
4186,221.12397366076817,45,1,0,0,1.3342047669328057,0.01
4187,192.53799356577775,61,1,0,0,1.499886708475119,0.01
4188,208.64875334683455,34,1,0,0,1.4722828544512518,0.01
4189,196.71195165825978,24,1,0,0,1.2783873684400846,0.01
4190,185.7929149233424,26,1,0,0,1.3674263982569426,0.01
4191,156.9777642805094,16,1,0,0,1.3456118331399833,0.01
4192,161.295294403849,16,1,0,0,1.373974380814978,0.01
4193,125.4330877407896,12,1,0,0,1.401707790535156,0.01
4194,159.19519399194272,21,1,0,0,1.3587102023644282,0.01
4195,181.0408712801097,23,1,0,0,1.4297386731731803,0.01
4196,137.17449930876683,20,1,0,0,1.2843089019376162,0.01
4197,246.86150939418835,51,1,0,0,1.299392636262633,0.01
4198,163.0449926656932,16,1,0,0,1.4442210180999095,0.01
4199,150.34449005051442,18,1,0,0,1.2413394233578767,0.01
4200,153.52749462397531,16,1,0,0,1.352574211431317,0.01
4201,172.2175453165769,21,1,0,0,1.4602357072281236,0.01
4202,103.28708884968219,35,1,0,0,1.4803856000361888,0.01
4203,123.80085696118961,52,1,0,0,1.4799840536279634,0.01
4204,146.26525651902625,21,1,0,0,1.3887041902719381,0.01
4205,259.9516995472911,102,1,0,0,1.4789319190129062,0.01
4206,139.63159883094193,18,1,0,0,1.4858287498377798,0.01
4207,173.23711141422237,20,1,0,0,1.2339447500704739,0.01
4208,163.20106178627478,25,1,0,0,1.483039485494542,0.01
4209,177.7794265700997,17,1,0,0,1.3671344730517465,0.01
4210,161.6610436846624,27,1,0,0,1.4503277146225602,0.01
4211,168.0019622325961,25,1,0,0,1.4122002421353719,0.01
4212,155.46855283265043,17,1,0,0,1.1922835301076757,0.01
4213,187.43572371028867,24,1,0,0,1.4912329227403969,0.01
4214,163.84273302224608,76,1,0,0,1.352743376318829,0.01
4215,168.3808971751731,22,1,0,0,1.3703934387383778,0.01
4216,152.56253302236698,57,1,0,0,1.4338816653368043,0.01
4217,198.97549503296753,25,1,0,0,1.4508541752497868,0.01
4218,204.20239029765742,38,1,0,0,1.3536662251411706,0.01
4219,115.99307075183266,14,1,0,0,1.3654002717128464,0.01
4220,-50.0,1,0,1,0,2.350121168102265,0.01
4221,162.89949974200465,20,1,0,0,1.3760215117847945,0.01
4222,153.36733854978257,28,1,0,0,1.4827965654849584,0.01
4223,201.39040972186217,27,1,0,0,1.4745529971309261,0.01
4224,150.19553044448674,15,1,0,0,1.3038556407277668,0.01
4225,133.551364452667,14,1,0,0,1.3685061377899153,0.01
4226,132.75932666414494,12,1,0,0,1.4897651912313756,0.01
4227,124.63564056344381,16,1,0,0,1.2687281476633112,0.01
4228,149.23029636068577,22,1,0,0,1.4644649404587569,0.01
4229,214.48085678139412,35,1,0,0,1.3342828867849292,0.01
4230,-50.0,1,0,1,0,5.841948483927734,0.01
4231,159.475550504902,23,1,0,0,1.2852677627061222,0.01
4232,111.83920616356004,4,1,0,0,1.4445629667377142,0.01
4233,229.0774922398216,46,1,0,0,1.4574696630453938,0.01
4234,180.49593119614846,25,1,0,0,1.4398031341786595,0.01
4235,166.38474400115982,24,1,0,0,1.4461679201436235,0.01
4236,194.69473308664078,24,1,0,0,1.4074779727271651,0.01
4237,160.4806734402797,22,1,0,0,1.3383968745199222,0.01
4238,159.8605278096221,24,1,0,0,1.4341695033412414,0.01
4239,195.17882768960658,28,1,0,0,1.4962394845143623,0.01
4240,184.75633255002413,28,1,0,0,1.4010820869572054,0.01
4241,169.6334505871302,18,1,0,0,1.3232003408897663,0.01
4242,191.9343908633989,29,1,0,0,1.4061943301775623,0.01
4243,150.96960735380264,17,1,0,0,1.3725429476032514,0.01
4244,186.9460898088989,26,1,0,0,1.3690502586883813,0.01
4245,210.7375342590817,36,1,0,0,1.09847765205829,0.01
4246,171.02860882572577,26,1,0,0,1.4351602208780114,0.01
4247,179.07386528746656,112,1,0,0,1.4712028875946375,0.01
4248,143.77852178896737,14,1,0,0,1.3116753701274118,0.01
4249,177.9017382245363,21,1,0,0,1.252745064712297,0.01
4250,158.16889845297894,22,1,0,0,1.3410607819659008,0.01
4251,183.92428795343898,20,1,0,0,1.435249798152619,0.01
4252,166.86686121078174,27,1,0,0,1.2856185194373597,0.01
4253,187.59886746444243,28,1,0,0,1.4346834233667398,0.01
4254,141.0467468206074,14,1,0,0,1.2833227157402771,0.01
4255,219.89270639211017,62,1,0,0,1.464964015773126,0.01
4256,169.8792608635983,19,1,0,0,1.4953962517155608,0.01
4257,191.62917053901495,23,1,0,0,1.4068117530485107,0.01
4258,206.712790676317,39,1,0,0,1.4681528136649133,0.01
4259,180.38641311570177,24,1,0,0,1.2108145219549653,0.01
4260,157.5532353107434,18,1,0,0,1.3327373608787918,0.01
4261,166.73758734634188,19,1,0,0,1.386162896635044,0.01
4262,177.50517297223956,29,1,0,0,1.2343280179995695,0.01
4263,185.06267821377236,25,1,0,0,1.3252449311170809,0.01
4264,180.74676126342428,23,1,0,0,1.3361057366259301,0.01
4265,162.92080717513153,17,1,0,0,1.3694722603546476,0.01
4266,135.52007109692727,19,1,0,0,1.3560315646127603,0.01
4267,154.2960549933312,16,1,0,0,1.3740620840539608,0.01
4268,151.52624622601104,34,1,0,0,1.3046551443247492,0.01
4269,179.39835526854787,27,1,0,0,1.2976899124981387,0.01
4270,222.24921459094062,36,1,0,0,1.3843770670233186,0.01
4271,194.2468493072363,26,1,0,0,1.2099917540939753,0.01
4272,165.72593777133113,31,1,0,0,1.3079770814347007,0.01
4273,195.81581784008853,25,1,0,0,1.4699329606611755,0.01
4274,205.61821319113545,27,1,0,0,1.4892291180860724,0.01
4275,-50.0,1,0,1,0,3.006950725803901,0.01
4276,142.98716627152427,16,1,0,0,1.4754828459524734,0.01
4277,207.62122245123697,26,1,0,0,1.2085215125418567,0.01
4278,173.97720331016427,24,1,0,0,1.292393695440822,0.01
4279,108.23664711761772,4,1,0,0,1.367600088392304,0.01
4280,182.7194510708901,26,1,0,0,1.322847352732913,0.01
4281,203.51800396541614,25,1,0,0,1.487267106561398,0.01
4282,-50.0,1,0,1,0,6.909779471031346,0.01
4283,161.13830532817235,20,1,0,0,1.4757759045893042,0.01
4284,157.16422730918333,13,1,0,0,1.3878586074783654,0.01
4285,170.98709647730573,23,1,0,0,1.4589765359064517,0.01
4286,142.71663909116927,19,1,0,0,1.39827088042524,0.01
4287,184.28073675249826,19,1,0,0,1.3820145988158703,0.01
4288,-50.0,1,0,1,0,5.368299621444358,0.01
4289,154.6809889639381,20,1,0,0,1.3866062895666496,0.01
4290,193.68899921813193,21,1,0,0,1.3996338845918819,0.01
4291,161.78901920541273,16,1,0,0,1.2171875707995468,0.01
4292,127.00495392440617,18,1,0,0,1.2886080125478463,0.01
4293,114.19014240180715,21,1,0,0,1.4077952088945087,0.01
4294,155.48560261874354,15,1,0,0,1.4688079989883762,0.01
4295,152.93213546737798,17,1,0,0,1.0530437211406016,0.01
4296,135.67142154488985,27,1,0,0,1.370661608859607,0.01
4297,150.18367906141953,15,1,0,0,1.1418051042870478,0.01
4298,242.71297739787502,51,1,0,0,1.3961222154916395,0.01
4299,174.07437681303932,21,1,0,0,1.4244007525100675,0.01
4300,153.53935252691008,18,1,0,0,1.39340865240658,0.01
4301,-9.229885785051117,200,0,0,1,3.23124662956906,0.01
4302,142.75407551819436,26,1,0,0,1.4697614408112039,0.01
4303,122.42943180056764,21,1,0,0,1.4218396186961926,0.01
4304,162.70246502127543,23,1,0,0,1.3668697343339618,0.01
4305,155.36502874791455,15,1,0,0,1.257277503175011,0.01
4306,164.54204955348902,18,1,0,0,1.4576151410988156,0.01
4307,143.65933692471106,16,1,0,0,1.481882181853469,0.01
4308,161.2925123815286,19,1,0,0,1.280291687950223,0.01
4309,166.70950898383865,21,1,0,0,1.2489176065027172,0.01
4310,187.15684502545977,26,1,0,0,1.4085798441351602,0.01
4311,172.4096779883226,25,1,0,0,1.3926371914453843,0.01
4312,211.01846041774525,39,1,0,0,1.3246621996761485,0.01
4313,-50.0,1,0,1,0,5.470500915340729,0.01
4314,242.6421775112331,52,1,0,0,1.4157903005477015,0.01
4315,29.560412663583858,200,0,0,1,1.853687673839904,0.01
4316,156.078057914382,18,1,0,0,1.3477120929996993,0.01
4317,195.66731547123254,20,1,0,0,1.3975831442207134,0.01
4318,189.53842003670778,30,1,0,0,1.191042441342878,0.01
4319,151.15670872223188,18,1,0,0,1.3309837472864579,0.01
4320,166.5992861179788,23,1,0,0,1.2392031748966423,0.01
4321,174.5668957118049,54,1,0,0,1.3075249763516803,0.01
4322,198.0513890819842,32,1,0,0,1.1634277394645727,0.01
4323,149.07626828312996,104,1,0,0,1.4691386194710518,0.01
4324,133.45516026018143,56,1,0,0,1.4734376297775778,0.01
4325,217.76180022190042,33,1,0,0,1.4909678006526847,0.01
4326,114.10663934795669,8,1,0,0,1.3710048155944856,0.01
4327,213.2978027129057,46,1,0,0,1.4875163274763938,0.01
4328,121.2475026319155,9,1,0,0,1.222702175233873,0.01
4329,132.43268115725095,20,1,0,0,1.3835101027397578,0.01
4330,210.47388406939365,38,1,0,0,1.254904440226968,0.01
4331,167.38329906591082,108,1,0,0,1.4347625959124668,0.01
4332,152.07670281888835,30,1,0,0,1.433198095798728,0.01
4333,159.92049462831446,22,1,0,0,1.4317085169455233,0.01
4334,137.15480055705308,14,1,0,0,1.0854982067339556,0.01
4335,117.98414529674307,8,1,0,0,1.4725835257830044,0.01
4336,179.4737423290108,23,1,0,0,1.391612641680011,0.01
4337,209.16449251518543,24,1,0,0,1.3539766414684813,0.01
4338,154.71573628796065,16,1,0,0,1.3103613358979975,0.01
4339,151.85123169074205,20,1,0,0,1.4827057151422225,0.01
4340,181.73628830053988,31,1,0,0,1.3809730023117566,0.01
4341,211.54949498393336,32,1,0,0,1.3687834660146616,0.01
4342,194.68137145801484,28,1,0,0,1.2545993901169532,0.01
4343,161.49195330993473,23,1,0,0,1.3788906238450658,0.01
4344,249.09629954085034,50,1,0,0,1.3227331654480075,0.01
4345,173.20959698258042,23,1,0,0,1.481521325308834,0.01
4346,130.99956669135744,19,1,0,0,1.1507548554522362,0.01
4347,193.03462346832197,31,1,0,0,1.4840020703939976,0.01
4348,129.58940805434509,12,1,0,0,1.4169535271611005,0.01
4349,211.1500049741107,36,1,0,0,1.2945640770972797,0.01
4350,141.5529899647724,16,1,0,0,1.3178976982959967,0.01
4351,184.87633750459617,27,1,0,0,1.4713980414396384,0.01
4352,175.9770189474582,22,1,0,0,1.1713603009424027,0.01
4353,171.0487789823207,38,1,0,0,1.47763298049266,0.01
4354,159.89796465674084,21,1,0,0,1.4402683191919403,0.01
4355,177.91010133130672,24,1,0,0,1.338650161245902,0.01
4356,150.15528804184186,23,1,0,0,1.4583713292664733,0.01
4357,182.60561031849033,23,1,0,0,1.2476004159933842,0.01
4358,233.01822587807567,45,1,0,0,1.2880459603224903,0.01
4359,188.04524223122317,25,1,0,0,1.4391626985433024,0.01
4360,170.4475178575491,23,1,0,0,1.3572828192231572,0.01
4361,241.68415123594258,43,1,0,0,1.233461270955682,0.01
4362,186.30647002773446,42,1,0,0,1.4830397201580638,0.01
4363,135.4347544458298,17,1,0,0,1.479693949347646,0.01
4364,194.364760528406,35,1,0,0,1.3451047582777298,0.01
4365,186.25115022755165,24,1,0,0,1.4369227393950805,0.01
4366,166.457021908091,21,1,0,0,1.3810572022109027,0.01
4367,143.30643595458366,18,1,0,0,1.3594656279267732,0.01
4368,30.310794521864782,200,0,0,1,3.7133275188386183,0.01
4369,140.2347336887919,15,1,0,0,1.3864598694902919,0.01
4370,177.4679015786574,23,1,0,0,1.25410127130041,0.01
4371,170.57086679515126,20,1,0,0,1.2753323727015247,0.01
4372,137.8483513278389,70,1,0,0,1.4565328156993904,0.01
4373,151.54886800361737,46,1,0,0,1.4728194437321918,0.01
4374,164.12836487730485,18,1,0,0,1.3427694709880784,0.01
4375,203.27080395301783,27,1,0,0,1.3828672629491248,0.01
4376,-2.859219762525218,200,0,0,1,2.2424594312929798,0.01
4377,137.7895516684132,20,1,0,0,1.4921942053655002,0.01
4378,177.32383938329792,26,1,0,0,1.2071578837560337,0.01
4379,214.44596846667577,35,1,0,0,1.4412318524002432,0.01
4380,193.9025674247121,27,1,0,0,1.3457346981725713,0.01
4381,-14.00288365902726,200,0,0,1,4.471804551754252,0.01
4382,152.27518471451566,21,1,0,0,1.485784258250807,0.01
4383,181.85031218541934,30,1,0,0,1.405800753940199,0.01
4384,175.09131438883185,24,1,0,0,1.377732927798275,0.01
4385,167.23739313916013,21,1,0,0,1.25115294283662,0.01
4386,199.42225090202135,36,1,0,0,1.4150966916952386,0.01
4387,196.83341465032686,25,1,0,0,1.1035101149116595,0.01
4388,113.18739572518548,21,1,0,0,1.3563529351970063,0.01
4389,160.17747257531337,24,1,0,0,1.2291888544503415,0.01
4390,179.8736812852195,22,1,0,0,1.3496437896362985,0.01
4391,-50.0,1,0,1,0,4.387446832317272,0.01
4392,202.79644576398482,32,1,0,0,1.2781074660876546,0.01
4393,232.11161535885262,40,1,0,0,1.4410967967662878,0.01
4394,170.44324326590333,24,1,0,0,1.4921326340288008,0.01
4395,196.3767263846085,29,1,0,0,1.431227932292117,0.01
4396,196.50117169259016,29,1,0,0,1.3663253965332118,0.01
4397,147.35437616623526,16,1,0,0,1.4653647733497221,0.01
4398,182.97010066571272,26,1,0,0,1.3582844875683484,0.01
4399,180.04199600453023,27,1,0,0,1.3529685066249133,0.01
4400,185.535381183906,33,1,0,0,1.3181528714759208,0.01
4401,157.1545537830053,22,1,0,0,1.3877018199898066,0.01
4402,60.37090724984895,200,0,0,1,2.00900154383217,0.01
4403,161.30309181449857,25,1,0,0,1.418392349766185,0.01
4404,185.66560169026053,28,1,0,0,1.4043586703523927,0.01
4405,176.89926738318235,22,1,0,0,1.2023405122820705,0.01
4406,173.25393011461972,23,1,0,0,1.4742181336253921,0.01
4407,223.98979938687052,41,1,0,0,1.4870637024250948,0.01
4408,172.3696194528118,200,0,0,1,1.6714090298458082,0.01
4409,179.9196757208659,24,1,0,0,1.436158425282767,0.01
4410,154.0902171415069,22,1,0,0,1.40262517378271,0.01
4411,179.0960320706859,25,1,0,0,1.4951121882175158,0.01
4412,154.22882389675627,67,1,0,0,1.495368965118974,0.01
4413,202.7951923268344,27,1,0,0,1.2788688028572346,0.01
4414,155.66005203851233,24,1,0,0,1.3791016715641848,0.01
4415,173.6359788200841,21,1,0,0,1.4165379340456872,0.01
4416,168.87680520851427,24,1,0,0,1.16500348840507,0.01
4417,198.06474709737626,27,1,0,0,1.2772456028067598,0.01
4418,147.88752694359476,12,1,0,0,1.2309411099919239,0.01
4419,141.3149104687381,12,1,0,0,1.4001973226324864,0.01
4420,-50.0,1,0,1,0,3.6405475671732166,0.01
4421,153.97423988668749,17,1,0,0,1.2542678786418753,0.01
4422,192.78166200109519,26,1,0,0,1.4011782112797535,0.01
4423,171.19590356755185,23,1,0,0,1.3590804968602508,0.01
4424,-50.0,1,0,1,0,4.516878167186718,0.01
4425,188.54379155777264,22,1,0,0,1.429608664709922,0.01
4426,152.07892631334437,19,1,0,0,1.4435870552247223,0.01
4427,208.15778354087024,35,1,0,0,1.4129780051571073,0.01
4428,254.79730893216183,53,1,0,0,1.3147376070520438,0.01
4429,168.2168275516213,33,1,0,0,1.0770304712207355,0.01
4430,16.521672718976006,200,0,0,1,2.3964875060878823,0.01
4431,159.40131228781541,20,1,0,0,1.3184306330474047,0.01
4432,128.797390557601,16,1,0,0,1.4127509932239775,0.01
4433,206.72502691027648,47,1,0,0,1.3349477255486968,0.01
4434,161.78356565193567,21,1,0,0,1.3812913432951281,0.01
4435,194.78218334156185,24,1,0,0,1.1311724655316406,0.01
4436,72.04544426020482,200,0,0,1,1.824322924842015,0.01
4437,150.12694218932089,18,1,0,0,1.3409467256475516,0.01
4438,126.6686039047361,11,1,0,0,1.4161050851146912,0.01
4439,183.21128969507868,23,1,0,0,1.3579939104588927,0.01
4440,151.958754488309,19,1,0,0,1.3348197692469077,0.01
4441,164.50504725332627,24,1,0,0,1.1400013919358143,0.01
4442,173.71570562787656,19,1,0,0,1.2781979862793174,0.01
4443,205.30910446569925,29,1,0,0,1.2265714732125599,0.01
4444,147.31132888210368,30,1,0,0,1.4249830707745847,0.01
4445,167.21721212471766,28,1,0,0,1.417419496746413,0.01
4446,83.22261940661906,200,0,0,1,1.5651742836712148,0.01
4447,176.33681806879278,29,1,0,0,1.2874570508939283,0.01
4448,207.43372192657526,35,1,0,0,1.3167292129678456,0.01
4449,172.74040784057584,20,1,0,0,1.1873553199496907,0.01
4450,235.74678525246094,42,1,0,0,1.3050723797493085,0.01
4451,206.84425590405527,26,1,0,0,1.455502866033622,0.01
4452,154.855221622248,17,1,0,0,1.3497470873364081,0.01
4453,185.36273042826954,24,1,0,0,1.3521425084200194,0.01
4454,215.353762703499,29,1,0,0,1.3641924249087778,0.01
4455,122.80535263580528,11,1,0,0,1.4040053118470277,0.01
4456,222.9725909523341,42,1,0,0,1.2079140848846117,0.01
4457,171.07006516416118,21,1,0,0,1.2070907149952435,0.01
4458,263.4080132917624,52,1,0,0,1.2865811797424336,0.01
4459,169.86842223742235,20,1,0,0,1.3470386849843599,0.01
4460,181.9548697194813,19,1,0,0,1.4176287435341894,0.01
4461,164.2266707272509,22,1,0,0,1.1797826997975298,0.01
4462,176.86386924194716,21,1,0,0,1.4128238954577663,0.01
4463,261.44482430961386,190,1,0,0,1.4688715830817818,0.01
4464,248.4971247250509,48,1,0,0,1.4804083630183156,0.01
4465,172.57045586723433,22,1,0,0,1.439986694309448,0.01
4466,179.16430675678714,25,1,0,0,1.425333637560577,0.01
4467,167.87695702193645,25,1,0,0,1.385472550961184,0.01
4468,146.87970065574208,50,1,0,0,1.2060216177110916,0.01
4469,153.5509592221515,31,1,0,0,1.4631274629664968,0.01
4470,164.59672672554677,19,1,0,0,1.3987339186502827,0.01
4471,213.93801532071512,34,1,0,0,1.425407009358169,0.01
4472,144.81881744498804,19,1,0,0,1.4939935220573317,0.01
4473,165.5660553771403,17,1,0,0,1.2117246932265495,0.01
4474,164.64639834185084,26,1,0,0,1.4279731548674015,0.01
4475,184.1447042754201,25,1,0,0,1.2577680066555768,0.01
4476,184.1040138683641,23,1,0,0,1.3969195129257943,0.01
4477,139.48731820793398,16,1,0,0,1.4681374307837025,0.01
4478,159.0353349071334,23,1,0,0,1.3365902828238259,0.01
4479,120.23264644937441,6,1,0,0,1.3107512984940577,0.01
4480,-3.4118055927048885,200,0,0,1,1.899202589782645,0.01
4481,153.83646430957373,21,1,0,0,1.1228655879081457,0.01
4482,148.85908834549758,15,1,0,0,1.2834821675178427,0.01
4483,196.72387103328526,34,1,0,0,1.2311255727803687,0.01
4484,171.09456907349175,22,1,0,0,1.4833707545140786,0.01
4485,218.26134716584508,34,1,0,0,1.3602846342149917,0.01
4486,234.15616907066095,39,1,0,0,1.3788266186896314,0.01
4487,163.72463516766902,24,1,0,0,1.241920218263174,0.01
4488,178.002775354371,19,1,0,0,1.1672555615561886,0.01
4489,182.57387894318094,23,1,0,0,1.3731500389335962,0.01
4490,157.52818300327175,16,1,0,0,1.4840911160235717,0.01
4491,173.7869964295369,23,1,0,0,1.3450751277321342,0.01
4492,173.9604231697181,19,1,0,0,1.2923559676383845,0.01
4493,177.86650203595303,22,1,0,0,1.4803007195302753,0.01
4494,201.56570745677317,22,1,0,0,1.299885659545703,0.01
4495,160.55609330944068,29,1,0,0,1.4124268169619734,0.01
4496,201.28097869244283,35,1,0,0,1.4896378380342024,0.01
4497,210.67393496487495,35,1,0,0,1.4808943231245189,0.01
4498,150.38808777232995,17,1,0,0,1.3460626888416716,0.01
4499,266.4869535769351,55,1,0,0,1.1924874428761767,0.01
4500,168.18508845934645,22,1,0,0,1.2588875755461892,0.01
4501,152.29935404147486,20,1,0,0,1.3159087683709796,0.01
4502,159.0448719965161,22,1,0,0,1.2570900184055862,0.01
4503,191.7543337349121,23,1,0,0,1.4255094201171232,0.01
4504,168.4245421922221,26,1,0,0,1.4161846663657325,0.01
4505,118.60656220096149,10,1,0,0,1.408635281154363,0.01
4506,225.91965845733398,29,1,0,0,1.4465381310851464,0.01
4507,162.42161683288936,21,1,0,0,1.366593793819412,0.01
4508,182.648685572477,33,1,0,0,1.446182059276963,0.01
4509,-50.0,1,0,1,0,3.5557886871961544,0.01
4510,213.25052281208818,32,1,0,0,1.2829632150999084,0.01
4511,246.4452306156998,45,1,0,0,1.3770182753932054,0.01
4512,132.3514832289166,12,1,0,0,1.3072763829294054,0.01
4513,170.08176841698776,22,1,0,0,1.4211334375855103,0.01
4514,192.30306575430436,24,1,0,0,1.4926440050286827,0.01
4515,-50.0,1,0,1,0,6.698967049388456,0.01
4516,261.3404228407545,56,1,0,0,1.4633676146480643,0.01
4517,131.811840370106,10,1,0,0,1.447816898418698,0.01
4518,143.06697427950613,22,1,0,0,1.4148711525392088,0.01
4519,165.84113003233676,19,1,0,0,1.2621707118354366,0.01
4520,179.54312426887094,29,1,0,0,1.3367499830653993,0.01
4521,195.93559022361873,31,1,0,0,1.209333109741622,0.01
4522,39.806455398417874,200,0,0,1,2.976059368720762,0.01
4523,137.82367718222707,15,1,0,0,1.3949326107627902,0.01
4524,144.947754112625,16,1,0,0,1.41677176121867,0.01
4525,163.60627207681765,17,1,0,0,1.2287473267430014,0.01
4526,134.0140611741928,12,1,0,0,1.496611165785518,0.01
4527,190.39412411883234,27,1,0,0,1.2398594428114609,0.01
4528,-36.24967824625758,48,0,1,0,2.867781791352898,0.01
4529,256.9056575430428,50,1,0,0,1.3508421234818755,0.01
4530,202.55739454388905,24,1,0,0,1.356416871822846,0.01
4531,179.54589466191857,23,1,0,0,1.3853098612149288,0.01
4532,158.61238454835288,24,1,0,0,1.349442251599137,0.01
4533,169.89584343870843,20,1,0,0,1.2230775789474015,0.01
4534,121.09751613905925,9,1,0,0,1.4482660156783833,0.01
4535,168.11823505063825,17,1,0,0,1.3098323428192873,0.01
4536,256.26900148724974,51,1,0,0,1.3686024082613895,0.01
4537,187.71360451500692,27,1,0,0,1.4264519768104864,0.01
4538,162.4060218470313,19,1,0,0,1.4635665723547726,0.01
4539,179.73110517437152,18,1,0,0,1.483652552371956,0.01
4540,217.76587070567723,44,1,0,0,1.4862512839906261,0.01
4541,161.89615438568774,20,1,0,0,1.4785787424999541,0.01
4542,204.07285830412536,23,1,0,0,1.1370215765007219,0.01
4543,162.61079621603562,22,1,0,0,1.4168870774725073,0.01
4544,175.39759032177705,23,1,0,0,1.2291616714469673,0.01
4545,-50.0,1,0,1,0,6.424924371908426,0.01
4546,151.41087298044147,23,1,0,0,1.2136898532572722,0.01
4547,151.99858515105745,24,1,0,0,1.4974364822161899,0.01
4548,205.06260265034166,31,1,0,0,1.4624833845721295,0.01
4549,210.6012487532286,26,1,0,0,1.3130312538093096,0.01
4550,196.2612397350578,28,1,0,0,1.3277025647726064,0.01
4551,202.37295343535453,33,1,0,0,1.4307393973022136,0.01
4552,163.28757705003846,18,1,0,0,1.495360473970577,0.01
4553,157.49728340688486,16,1,0,0,1.2965375595225772,0.01
4554,129.14856000773761,18,1,0,0,1.4814534556471115,0.01
4555,181.1237974975275,23,1,0,0,1.3191752398306917,0.01
4556,-50.0,1,0,1,0,5.428892145338964,0.01
4557,169.56357814344898,19,1,0,0,1.367229785886627,0.01
4558,173.46118197488147,23,1,0,0,1.4407198232044862,0.01
4559,210.32176449250395,23,1,0,0,1.3329866618946364,0.01
4560,175.59511436347992,39,1,0,0,1.388732666911597,0.01
4561,119.22949000864436,7,1,0,0,1.316288045234404,0.01
4562,228.9476572689495,35,1,0,0,1.209821381258001,0.01
4563,172.41790990999925,27,1,0,0,1.1871684466941073,0.01
4564,163.16164725288058,22,1,0,0,1.4038148817760034,0.01
4565,178.24948238599677,25,1,0,0,1.4599085495665431,0.01
4566,164.74361346738198,19,1,0,0,1.4072094608569625,0.01
4567,170.5241314429823,21,1,0,0,1.2994645766686457,0.01
4568,221.65202578784138,36,1,0,0,1.431749979357129,0.01
4569,165.0416612447957,21,1,0,0,1.4028886255180577,0.01
4570,130.81571823298245,13,1,0,0,1.4139258391608518,0.01
4571,144.02973230693073,15,1,0,0,1.3728597022024338,0.01
4572,117.98573834465941,16,1,0,0,1.4111846203648142,0.01
4573,139.48781142768902,13,1,0,0,1.4834070646895663,0.01
4574,230.73037585779784,45,1,0,0,1.4071817958431245,0.01
4575,170.8829674400974,26,1,0,0,1.4426698331401793,0.01
4576,156.7332923147346,20,1,0,0,1.213203320948688,0.01
4577,228.50626208171207,42,1,0,0,1.283146283616115,0.01
4578,111.42045410122631,6,1,0,0,1.376663956772298,0.01
4579,122.15743076406224,26,1,0,0,1.2016618934280405,0.01
4580,242.07066816896463,43,1,0,0,1.4364351228009036,0.01
4581,126.3160934154452,13,1,0,0,1.3872187086600922,0.01
4582,225.61891969067125,39,1,0,0,1.3826215176191792,0.01
4583,197.5467422208254,27,1,0,0,1.4744026625497353,0.01
4584,116.03914948941677,7,1,0,0,1.2842059143532623,0.01
4585,173.85643230651414,19,1,0,0,1.308822565983328,0.01
4586,177.10085058827107,24,1,0,0,1.3687989831882836,0.01
4587,166.51982627530194,19,1,0,0,1.450874106768091,0.01
4588,144.22931498220225,17,1,0,0,1.4088690771622416,0.01
4589,126.76997263131261,14,1,0,0,1.4974468976132216,0.01
4590,146.81295961172995,17,1,0,0,1.2705374349392184,0.01
4591,216.02490671356435,41,1,0,0,1.2212223068228478,0.01
4592,129.16102315448543,60,1,0,0,1.3576361098776726,0.01
4593,153.29822262310404,22,1,0,0,1.3858626011218913,0.01
4594,144.99339512474168,13,1,0,0,1.2230238657825059,0.01
4595,212.43351885939057,30,1,0,0,1.4771546263334,0.01
4596,175.08528837055132,23,1,0,0,1.3871839323309179,0.01
4597,133.87405925992906,14,1,0,0,1.4907654852737673,0.01
4598,177.3302916265468,22,1,0,0,1.4329544568065131,0.01
4599,-50.0,1,0,1,0,4.772930818427755,0.01
4600,170.72608491855647,25,1,0,0,1.378190977427069,0.01
4601,222.1174147971231,39,1,0,0,1.4648684603540763,0.01
4602,118.79092875788452,8,1,0,0,1.4528195185717931,0.01
4603,146.25771659169823,18,1,0,0,1.2347196559172293,0.01
4604,165.34535893695977,19,1,0,0,1.4457675271098698,0.01
4605,174.38148445342478,21,1,0,0,1.4711974607011342,0.01
4606,165.4772283142422,18,1,0,0,1.1761429807328403,0.01
4607,129.7988514520291,11,1,0,0,1.2718602972689506,0.01
4608,179.1682922840278,23,1,0,0,1.4703737013390759,0.01
4609,179.96369819475308,23,1,0,0,1.2640580884261885,0.01
4610,27.875559325273663,200,0,0,1,2.269736984862666,0.01
4611,220.6541608403076,36,1,0,0,1.439044310461902,0.01
4612,172.8180660939302,23,1,0,0,1.216659464081629,0.01
4613,169.41097742710122,18,1,0,0,1.1918181047232355,0.01
4614,-50.0,1,0,1,0,3.464863229581522,0.01
4615,163.9480006097365,17,1,0,0,1.1826545501381043,0.01
4616,165.91334854266026,19,1,0,0,1.4217882918261473,0.01
4617,185.98956603365627,30,1,0,0,1.2664477382186048,0.01
4618,180.74639861501797,27,1,0,0,1.4255263317953017,0.01
4619,168.3327253016335,26,1,0,0,1.2861574785911654,0.01
4620,136.74818245584333,18,1,0,0,1.4916278049432108,0.01
4621,149.61287216665585,14,1,0,0,1.2880709835590365,0.01
4622,159.89944787806544,22,1,0,0,1.2849639267923885,0.01
4623,211.17937703040064,39,1,0,0,1.4311042674155403,0.01
4624,162.4277664741079,23,1,0,0,1.267539663960304,0.01
4625,138.0127652375413,21,1,0,0,1.435516300519037,0.01
4626,146.18591628505757,12,1,0,0,1.4190695053424172,0.01
4627,174.98513340443145,20,1,0,0,1.256053182186473,0.01
4628,169.4620327794855,99,1,0,0,1.4911461441214395,0.01
4629,190.8341197200848,32,1,0,0,1.4667922800715107,0.01
4630,180.27668451975197,33,1,0,0,1.2862753457437932,0.01
4631,173.5718658625258,24,1,0,0,1.4003716250842837,0.01
4632,231.3118277155922,41,1,0,0,1.1999622706803246,0.01
4633,150.98955637409563,15,1,0,0,1.2703408533779577,0.01
4634,195.32088642553742,27,1,0,0,1.2865356399915902,0.01
4635,158.59221398728045,23,1,0,0,1.3035331239330967,0.01
4636,162.47418843488995,22,1,0,0,1.2871049126106449,0.01
4637,173.29890671315064,21,1,0,0,1.444949076296716,0.01
4638,151.50791541037847,21,1,0,0,1.313523055984375,0.01
4639,125.04569669914386,9,1,0,0,1.456175020909455,0.01
4640,201.78609264315986,25,1,0,0,1.4415658468523558,0.01
4641,164.90538864928874,22,1,0,0,1.2675814805043637,0.01
4642,137.00914651853478,18,1,0,0,1.356349394780517,0.01
4643,193.63417441871692,28,1,0,0,1.4002346293229535,0.01
4644,155.76758473276413,18,1,0,0,1.3939606201573147,0.01
4645,-50.0,1,0,1,0,6.146193171697327,0.01
4646,188.58719582402728,25,1,0,0,1.4769634536566012,0.01
4647,169.39367102486847,25,1,0,0,1.3063522592029357,0.01
4648,183.30174294553342,20,1,0,0,1.209707676254175,0.01
4649,163.74892964821856,27,1,0,0,1.3335341365752373,0.01
4650,196.64530030835493,24,1,0,0,1.452064007920279,0.01
4651,148.06226202553347,19,1,0,0,1.1452857977657787,0.01
4652,208.38428809082194,38,1,0,0,1.3092340823332462,0.01
4653,179.32829147596357,24,1,0,0,1.2974494848963936,0.01
4654,148.95072320188623,15,1,0,0,1.369684233680992,0.01
4655,162.01973609099338,20,1,0,0,1.44888337178326,0.01
4656,168.5816563688822,20,1,0,0,1.2625325225363682,0.01
4657,153.7187765958196,21,1,0,0,1.4516931574269363,0.01
4658,127.16806371448429,9,1,0,0,1.1930840336969732,0.01
4659,176.20493519696058,20,1,0,0,1.2190784985078111,0.01
4660,173.21083527640542,22,1,0,0,1.470191579844183,0.01
4661,171.30293154780918,24,1,0,0,1.3667483747226536,0.01
4662,190.71027958565747,27,1,0,0,1.2599072714191084,0.01
4663,192.0095567322756,26,1,0,0,1.489081332438254,0.01
4664,174.53771285975546,21,1,0,0,1.4784052047706764,0.01
4665,184.36823477297003,24,1,0,0,1.3672063248065085,0.01
4666,31.90667479419406,200,0,0,1,2.273286425723918,0.01
4667,158.10627696662365,19,1,0,0,1.4622984140607986,0.01
4668,138.3891243240491,15,1,0,0,1.491418548202482,0.01
4669,201.65401564960564,31,1,0,0,1.3965743108091213,0.01
4670,166.26743536118963,23,1,0,0,1.299351754157896,0.01
4671,162.61307018890415,23,1,0,0,1.2270588636134367,0.01
4672,-50.0,1,0,1,0,3.716705106773587,0.01
4673,227.69413313294598,43,1,0,0,1.3818965082850039,0.01
4674,193.39270699705105,23,1,0,0,1.4503605095005332,0.01
4675,138.73111827280107,13,1,0,0,1.2379535303021159,0.01
4676,187.49148070182844,23,1,0,0,1.4404262091979465,0.01
4677,171.09639433756985,24,1,0,0,1.2620273701658877,0.01
4678,167.80275395817478,26,1,0,0,1.30475134568298,0.01
4679,184.82722662859385,41,1,0,0,1.3927107075416443,0.01
4680,153.32219979113057,18,1,0,0,1.2231782504526285,0.01
4681,235.37427822753577,43,1,0,0,1.4108153635732459,0.01
4682,196.03002409596544,24,1,0,0,1.1220315726839882,0.01
4683,190.10241709003313,27,1,0,0,1.2762155747576676,0.01
4684,155.5610753511618,22,1,0,0,1.2339233376681777,0.01
4685,150.5269214119349,18,1,0,0,1.3413670930245334,0.01
4686,84.48326763356346,200,0,0,1,3.1828369912573935,0.01
4687,168.8262129362911,67,1,0,0,1.4873994104863655,0.01
4688,173.18385933976424,24,1,0,0,1.430556123793062,0.01
4689,203.01187568134605,27,1,0,0,1.3377705868149488,0.01
4690,189.04135086306215,23,1,0,0,1.4560294291616587,0.01
4691,146.5420689839546,14,1,0,0,1.1695125884753976,0.01
4692,139.79610112019407,15,1,0,0,1.4173691445089944,0.01
4693,135.15509788768892,18,1,0,0,1.3522535965065432,0.01
4694,-50.0,1,0,1,0,2.976086100429591,0.01
4695,175.11407284513942,31,1,0,0,1.4546882666664978,0.01
4696,174.28907796188497,22,1,0,0,1.3992956983789446,0.01
4697,173.43021333242555,28,1,0,0,1.4810314788408259,0.01
4698,161.22521156918836,16,1,0,0,1.3469590353194716,0.01
4699,150.79884472824313,13,1,0,0,1.3820891315569512,0.01
4700,141.7954525666778,23,1,0,0,1.4922482718070589,0.01
4701,154.8312141446329,18,1,0,0,1.2334044408225682,0.01
4702,184.4467328696362,28,1,0,0,1.2734224761432962,0.01
4703,183.25205904744354,29,1,0,0,1.2769658560979522,0.01
4704,213.44879786300297,37,1,0,0,1.3615823611595705,0.01
4705,136.38947163958105,14,1,0,0,1.291038467124877,0.01
4706,147.1860098482072,27,1,0,0,1.436352873674262,0.01
4707,177.97634744810358,23,1,0,0,1.432907672821127,0.01
4708,230.4611169289874,45,1,0,0,1.308010702012474,0.01
4709,138.01756708323143,24,1,0,0,1.254244534771299,0.01
4710,174.86469008603424,21,1,0,0,1.371625209934619,0.01
4711,150.0432090592199,16,1,0,0,1.2622438314596551,0.01
4712,181.9457410391672,25,1,0,0,1.258981485241774,0.01
4713,187.4604724809455,24,1,0,0,1.4335232002620368,0.01
4714,-30.748783217135625,8,0,1,0,3.8730686572838633,0.01
4715,130.28532631106452,19,1,0,0,1.4099068945124473,0.01
4716,182.0390765657423,20,1,0,0,1.3879189157386576,0.01
4717,185.31226463962707,55,1,0,0,1.1255784438200207,0.01
4718,145.22273506089797,18,1,0,0,1.3242881951795304,0.01
4719,159.0111681755047,19,1,0,0,1.4785378534461877,0.01
4720,248.5605371052966,47,1,0,0,1.2433293219302308,0.01
4721,157.76502088960984,21,1,0,0,1.3135995420613735,0.01
4722,184.1213857356163,26,1,0,0,1.4529552886036883,0.01
4723,124.01168239646972,9,1,0,0,1.3574207125253666,0.01
4724,176.00040749373215,23,1,0,0,1.331392401808123,0.01
4725,189.43312927200864,27,1,0,0,1.1919568068059672,0.01
4726,200.3522717816475,35,1,0,0,1.4756378911170607,0.01
4727,59.39553506771446,200,0,0,1,1.8581721074292676,0.01
4728,191.20796918585768,28,1,0,0,1.4830096890843032,0.01
4729,241.86192229807884,135,1,0,0,1.4951933566457216,0.01
4730,197.08699810505794,26,1,0,0,1.458761260131783,0.01
4731,114.03931673971871,9,1,0,0,1.4128874408222791,0.01
4732,131.30109596152653,21,1,0,0,1.4155801867256117,0.01
4733,128.64309276258248,29,1,0,0,1.3347656597744961,0.01
4734,188.4419525846597,24,1,0,0,1.2651065143902849,0.01
4735,139.62435590012268,45,1,0,0,1.3949539176263572,0.01
4736,224.48000053198825,39,1,0,0,1.3403430294046157,0.01
4737,139.6407708072852,14,1,0,0,1.4246382574036514,0.01
4738,173.808712354171,28,1,0,0,1.4914263465695536,0.01
4739,173.11131274589866,25,1,0,0,1.2145322443789903,0.01
4740,161.8952108218442,18,1,0,0,1.4933673483958325,0.01
4741,132.3187300009772,10,1,0,0,1.1263941037401792,0.01
4742,181.19763506719397,25,1,0,0,1.4721000898826735,0.01
4743,168.68946414958498,35,1,0,0,1.4551298579961582,0.01
4744,193.08885540752743,34,1,0,0,1.4159973402442898,0.01
4745,191.72666819671724,26,1,0,0,1.3839396939249409,0.01
4746,181.59618013245247,21,1,0,0,1.3938908276220252,0.01
4747,201.63248290772538,28,1,0,0,1.267835860077737,0.01
4748,180.89729640761766,21,1,0,0,1.409057797353697,0.01
4749,161.36649222115634,24,1,0,0,1.440843759124812,0.01
4750,167.72730938467126,22,1,0,0,1.3933012689278297,0.01
4751,172.84495609253062,21,1,0,0,1.2152006037284926,0.01
4752,140.0161621757651,13,1,0,0,1.430292332241117,0.01
4753,162.19534250135064,21,1,0,0,1.2361150464832817,0.01
4754,171.98905108994524,28,1,0,0,1.4656771816911258,0.01
4755,158.28272788858453,18,1,0,0,1.405510325588831,0.01
4756,208.82320726005804,34,1,0,0,1.3476730780870902,0.01
4757,140.05307578395787,15,1,0,0,1.2031097949588274,0.01
4758,242.4022132171334,43,1,0,0,1.294156240755459,0.01
4759,200.80272778305596,27,1,0,0,1.347538833488933,0.01
4760,186.43829559982092,23,1,0,0,1.3345206659581623,0.01
4761,176.52388789788847,23,1,0,0,1.346195650311808,0.01
4762,133.53037004776627,14,1,0,0,1.4626530425995048,0.01
4763,166.7966761880197,31,1,0,0,1.2227431850123662,0.01
4764,229.84454806870264,37,1,0,0,1.3403368394045536,0.01
4765,-50.0,1,0,1,0,2.7337257846594434,0.01
4766,181.65729624604586,23,1,0,0,1.444584758783126,0.01
4767,205.3371999473264,24,1,0,0,1.3481666349815118,0.01
4768,120.10633840880557,11,1,0,0,1.2814985888966886,0.01
4769,187.21299217000757,27,1,0,0,1.2422070607326754,0.01
4770,159.0133029612127,16,1,0,0,1.1653650928080643,0.01
4771,128.64291274386483,15,1,0,0,1.444355305872628,0.01
4772,161.68704412068408,25,1,0,0,1.201733065144929,0.01
4773,160.84105155519072,22,1,0,0,1.355267222864983,0.01
4774,217.47556056510092,32,1,0,0,1.4542797727579377,0.01
4775,182.29263545038248,28,1,0,0,1.2785600956650809,0.01
4776,138.7342270347083,21,1,0,0,1.4807655788597431,0.01
4777,216.23393640503213,36,1,0,0,1.4950982134171678,0.01
4778,171.82528293605085,22,1,0,0,1.2740440737027379,0.01
4779,157.64882866869982,22,1,0,0,1.4694422214920853,0.01
4780,130.82268526599518,14,1,0,0,1.4803118872795116,0.01
4781,185.05058557421444,24,1,0,0,1.3887625037782856,0.01
4782,150.25610274468656,18,1,0,0,1.3545647819705489,0.01
4783,242.76375159948674,45,1,0,0,1.3330343371518651,0.01
4784,171.05419520645415,29,1,0,0,1.3038814154107043,0.01
4785,168.43652017337573,21,1,0,0,1.2664504578247804,0.01
4786,162.0454696202993,24,1,0,0,1.3071677010345084,0.01
4787,223.90678551895377,36,1,0,0,1.4293460627975176,0.01
4788,133.57458079806173,13,1,0,0,1.3207321267877734,0.01
4789,199.47367691017166,30,1,0,0,1.4453839496476821,0.01
4790,165.60155676152087,18,1,0,0,1.0641640774469607,0.01
4791,174.85206336332533,26,1,0,0,1.2349765530950538,0.01
4792,-50.0,1,0,1,0,4.993313362035523,0.01
4793,173.44233137925806,25,1,0,0,1.1607020064101399,0.01
4794,209.26056319365028,32,1,0,0,1.2565658813722602,0.01
4795,197.1039583802483,26,1,0,0,1.1399071723004675,0.01
4796,194.234351011091,27,1,0,0,1.3170334364714762,0.01
4797,195.7933627060193,37,1,0,0,1.2973442911640802,0.01
4798,163.12406374160972,23,1,0,0,1.4170247597239318,0.01
4799,179.0752205275533,19,1,0,0,1.3182671397104426,0.01
4800,230.16231286644566,40,1,0,0,1.4098312042992707,0.01
4801,150.393996654174,37,1,0,0,1.472624562377153,0.01
4802,175.41307352471358,18,1,0,0,1.489769386733178,0.01
4803,125.47392985513466,8,1,0,0,1.2394425589202127,0.01
4804,152.45230528681248,18,1,0,0,1.4009863084572542,0.01
4805,132.04307534928824,13,1,0,0,1.2832576243282185,0.01
4806,172.517007108388,24,1,0,0,1.3776705754384806,0.01
4807,183.78487212842117,25,1,0,0,1.35044149632786,0.01
4808,167.5238006750243,18,1,0,0,1.4081088347895994,0.01
4809,221.56759779833135,41,1,0,0,1.3199148886552432,0.01
4810,199.66309045892862,35,1,0,0,1.2494222951885632,0.01
4811,157.60752745773226,16,1,0,0,1.232117644298657,0.01
4812,160.71622271462212,16,1,0,0,1.48600250327737,0.01
4813,160.62249586345885,26,1,0,0,1.3990847150144574,0.01
4814,235.80730187369662,44,1,0,0,1.3423534405536075,0.01
4815,146.0563573127871,23,1,0,0,1.3710493610631966,0.01
4816,146.53926658463195,16,1,0,0,1.4957876717027687,0.01
4817,181.59381486906506,26,1,0,0,1.2586965260218805,0.01
4818,164.68133235914615,18,1,0,0,1.4133012329134083,0.01
4819,168.71954879637673,28,1,0,0,1.1218239109300363,0.01
4820,196.6621857540881,33,1,0,0,1.4192466690415377,0.01
4821,149.58076997449172,17,1,0,0,1.483618431435739,0.01
4822,257.75542042071197,178,1,0,0,1.4808295138082925,0.01
4823,199.05629144539287,32,1,0,0,1.4837065204052857,0.01
4824,139.6726958481463,14,1,0,0,1.2736419372227978,0.01
4825,188.8363451019684,21,1,0,0,1.4045041103100255,0.01
4826,163.4467261836622,26,1,0,0,1.4755337378984756,0.01
4827,149.39418890058542,17,1,0,0,1.385566174647522,0.01
4828,185.00498045028684,27,1,0,0,1.220466581492353,0.01
4829,162.1244995720136,16,1,0,0,1.348937385052387,0.01
4830,160.85952556389188,25,1,0,0,1.452909963729119,0.01
4831,187.0668577510366,25,1,0,0,1.3710152206358288,0.01
4832,134.17981856113653,22,1,0,0,1.467931809586242,0.01
4833,205.18544199467985,32,1,0,0,1.3027298678288455,0.01
4834,146.17493379299742,14,1,0,0,1.1886062528407662,0.01
4835,229.33127753344675,32,1,0,0,1.3823377046328287,0.01
4836,228.50745347616154,35,1,0,0,1.4587275099034003,0.01
4837,146.67982971630764,21,1,0,0,1.3040915671544828,0.01
4838,139.15849088321943,12,1,0,0,1.4876875321492067,0.01
4839,184.33548285471628,22,1,0,0,1.3152269855345533,0.01
4840,17.728561692556703,200,0,0,1,2.584940262229172,0.01
4841,193.91233369716542,25,1,0,0,1.2547763438289363,0.01
4842,160.37271030397437,18,1,0,0,1.1902744618476513,0.01
4843,166.43369520633314,58,1,0,0,1.4894365471703936,0.01
4844,176.09851989733076,24,1,0,0,1.3650740005637054,0.01
4845,213.15706603145966,29,1,0,0,1.4271754332350985,0.01
4846,187.4465618832525,24,1,0,0,1.4100705328391216,0.01
4847,119.71046553744942,8,1,0,0,1.355561650670703,0.01
4848,222.142403028074,36,1,0,0,1.349667092520404,0.01
4849,172.74689976986204,21,1,0,0,1.0845604787011096,0.01
4850,136.31658486776664,13,1,0,0,1.262640654044164,0.01
4851,172.57495485654235,21,1,0,0,1.2635398416639883,0.01
4852,158.70631684129887,16,1,0,0,1.414830095814336,0.01
4853,121.65345575769436,6,1,0,0,1.3629902984906777,0.01
4854,140.29499478275108,14,1,0,0,1.3488662854902027,0.01
4855,118.81821374859497,23,1,0,0,1.4842801242122245,0.01
4856,140.48018288651286,19,1,0,0,1.4422936699254578,0.01
4857,213.9971343378637,34,1,0,0,1.3651485769199825,0.01
4858,190.61983264603072,39,1,0,0,1.4356176136897967,0.01
4859,127.06337167678211,13,1,0,0,1.4603825766770202,0.01
4860,176.64804792089262,21,1,0,0,1.2567126265746889,0.01
4861,179.00961574342676,24,1,0,0,1.2888906581099968,0.01
4862,249.2538806393952,44,1,0,0,1.3613656002987347,0.01
4863,168.23479370765136,24,1,0,0,1.1945833493642928,0.01
4864,165.06743848945837,15,1,0,0,1.3390515291975071,0.01
4865,124.04597632332816,13,1,0,0,1.2705218811906283,0.01
4866,206.0160500025132,31,1,0,0,1.3424561213157216,0.01
4867,175.37942112648284,33,1,0,0,1.3969213562030651,0.01
4868,142.44553269720592,17,1,0,0,1.2478258518298564,0.01
4869,231.5420057525935,44,1,0,0,1.4025972166409466,0.01
4870,173.43933573461285,22,1,0,0,1.315905750301046,0.01
4871,166.41264413340173,23,1,0,0,1.195197971400716,0.01
4872,180.0417364014666,23,1,0,0,1.4230465836155037,0.01
4873,122.03126467252922,11,1,0,0,1.299706954259779,0.01
4874,143.92567581422315,20,1,0,0,1.396764954658472,0.01
4875,149.39254814124365,26,1,0,0,1.4584679220273065,0.01
4876,179.15541867088234,22,1,0,0,1.3541216263252271,0.01
4877,131.85106025538553,13,1,0,0,1.4931479873216362,0.01
4878,155.52819527066438,18,1,0,0,1.4669020795675871,0.01
4879,173.95960251348862,21,1,0,0,1.4281993350059339,0.01
4880,117.73606714004934,12,1,0,0,1.404182746094822,0.01
4881,239.93674090588698,49,1,0,0,1.468312865788296,0.01
4882,159.10353081717622,23,1,0,0,1.4709212469861948,0.01
4883,139.6082357915709,12,1,0,0,1.4316023888344496,0.01
4884,196.99058083529178,24,1,0,0,1.4706632494820364,0.01
4885,203.95953106399372,34,1,0,0,1.483370917463237,0.01
4886,135.4667896938614,16,1,0,0,1.479901407375596,0.01
4887,182.9587202403636,24,1,0,0,1.3043895567273114,0.01
4888,173.04658174503902,21,1,0,0,1.2587507302898044,0.01
4889,160.4169541483002,16,1,0,0,1.4741185663804326,0.01
4890,166.37572619815276,24,1,0,0,1.4485778477563216,0.01
4891,139.16693862426615,13,1,0,0,1.3504162115781915,0.01
4892,159.62948091191657,17,1,0,0,1.1430918998523392,0.01
4893,124.70143921216575,14,1,0,0,1.4542476934755106,0.01
4894,167.87968047520195,19,1,0,0,1.4304994412481382,0.01
4895,191.46196832053684,26,1,0,0,1.4414348298765,0.01
4896,13.226914833304317,200,0,0,1,2.7989900260631346,0.01
4897,-50.0,1,0,1,0,5.318148665176445,0.01
4898,4.137841810879458,14,0,1,0,4.9495299619605975,0.01
4899,175.96564109961514,35,1,0,0,1.3587496525410612,0.01
4900,198.26552450482436,29,1,0,0,1.3386876775813112,0.01
4901,236.28691087736314,35,1,0,0,1.3545256492511826,0.01
4902,171.08199500572823,25,1,0,0,1.482035262992244,0.01
4903,154.85416353747004,33,1,0,0,1.4747462425225293,0.01
4904,175.91430665944466,19,1,0,0,1.4348153704351732,0.01
4905,155.6651026733825,18,1,0,0,1.4863322303429598,0.01
4906,54.366877656746794,200,0,0,1,2.251415618054787,0.01
4907,36.349927571754876,200,0,0,1,2.394552675053927,0.01
4908,191.0983253082319,23,1,0,0,1.3340838951113674,0.01
4909,168.92049915277983,25,1,0,0,1.4996436111485802,0.01
4910,171.48953453620413,26,1,0,0,1.463192112213469,0.01
4911,180.98973819259788,23,1,0,0,1.2931561147547208,0.01
4912,142.94994286527134,14,1,0,0,1.2584011655928342,0.01
4913,198.4413051019479,32,1,0,0,1.3333763531142795,0.01
4914,177.88409987431442,35,1,0,0,1.2823591957383993,0.01
4915,151.0690998332452,20,1,0,0,1.218118932849059,0.01
4916,173.94386834270236,22,1,0,0,1.3151356880977265,0.01
4917,167.08021638267692,21,1,0,0,1.14270544526607,0.01
4918,175.275000913405,69,1,0,0,1.1368015996361664,0.01
4919,158.09520551952232,18,1,0,0,1.4469833916322563,0.01
4920,146.73651029579634,16,1,0,0,1.3971989043764426,0.01
4921,170.688624769659,23,1,0,0,1.466412586933576,0.01
4922,187.47915131128912,24,1,0,0,1.2728714656198157,0.01
4923,130.8198054198826,24,1,0,0,1.4181695745022498,0.01
4924,147.5639618404746,24,1,0,0,1.4456644046295093,0.01
4925,140.97460400154188,16,1,0,0,1.4223098933480147,0.01
4926,150.89369481459164,19,1,0,0,1.4342802540486597,0.01
4927,187.5767170843978,28,1,0,0,1.455452153991559,0.01
4928,144.06573885117828,16,1,0,0,1.3842450898273675,0.01
4929,155.85500209376875,21,1,0,0,1.377437415116831,0.01
4930,169.2057040348833,23,1,0,0,1.3043132525234813,0.01
4931,137.5525826136571,11,1,0,0,1.3387441495526182,0.01
4932,113.46039055882325,16,1,0,0,1.4761008838280063,0.01
4933,170.1061053500526,18,1,0,0,1.3777910314521356,0.01
4934,150.6738123729512,53,1,0,0,1.4812509785596462,0.01
4935,189.2489188342858,26,1,0,0,1.344470248146389,0.01
4936,212.97627442258943,27,1,0,0,1.3331101894912796,0.01
4937,140.093813469002,16,1,0,0,1.4464216304858037,0.01
4938,147.61520742020653,16,1,0,0,1.359250125958615,0.01
4939,157.84369787303143,17,1,0,0,1.2516158993082505,0.01
4940,207.77749179950095,38,1,0,0,1.4610856650082789,0.01
4941,187.5650004440703,26,1,0,0,1.2757763582521962,0.01
4942,150.68340218069122,15,1,0,0,1.4886851854710894,0.01
4943,187.03814115248844,31,1,0,0,1.3080285286270574,0.01
4944,126.69265611221633,25,1,0,0,1.4254174112351559,0.01
4945,171.46002327022333,20,1,0,0,1.4802627786428564,0.01
4946,139.42209164345968,11,1,0,0,1.1404007292112854,0.01
4947,146.3769072330556,19,1,0,0,1.415451175363756,0.01
4948,155.15953876516508,22,1,0,0,1.371956279326276,0.01
4949,116.20123239276302,29,1,0,0,1.3071641155720148,0.01
4950,151.90147258286277,20,1,0,0,1.459800070778294,0.01
4951,238.21943964621335,36,1,0,0,1.4000159554591636,0.01
4952,178.60724121104488,22,1,0,0,1.4730088116632907,0.01
4953,167.40774184449086,21,1,0,0,1.2169471675760901,0.01
4954,143.01485566207714,15,1,0,0,1.4345771677000785,0.01
4955,16.40301996270358,200,0,0,1,2.3005750564836505,0.01
4956,140.02125669560485,18,1,0,0,1.4621653963207961,0.01
4957,186.49416412277282,25,1,0,0,1.3283315481198377,0.01
4958,169.04439203000646,24,1,0,0,1.3328462735372666,0.01
4959,192.21107738041775,50,1,0,0,1.4573724844559526,0.01
4960,51.94649044898862,200,0,0,1,3.614893141717528,0.01
4961,189.57661938484216,25,1,0,0,1.4893854886937434,0.01
4962,146.6598599412904,14,1,0,0,1.3340718964035048,0.01
4963,170.70106885364214,20,1,0,0,1.471874234426239,0.01
4964,160.7357614031804,45,1,0,0,1.2259785054938352,0.01
4965,200.7394738069661,29,1,0,0,1.4829495859047004,0.01
4966,140.11064342966824,11,1,0,0,1.2033295860809663,0.01
4967,146.1499070578448,17,1,0,0,1.481742129011917,0.01
4968,161.71587956831,20,1,0,0,1.2918571141742763,0.01
4969,200.0550586474957,29,1,0,0,1.4115924160997473,0.01
4970,3.1715304723469218,200,0,0,1,2.0969697573459327,0.01
4971,185.34083417499454,22,1,0,0,1.4998711579791755,0.01
4972,160.1027408137215,22,1,0,0,1.2256335628443689,0.01
4973,199.51483655995517,37,1,0,0,1.4350671304863163,0.01
4974,192.7930261416752,25,1,0,0,1.4136469910604088,0.01
4975,162.00075110627404,23,1,0,0,1.0729991125186864,0.01
4976,210.04903610845093,31,1,0,0,1.3820599798052944,0.01
4977,200.307632614031,30,1,0,0,1.1917117877468073,0.01
4978,134.63829223201122,14,1,0,0,1.2352588970554457,0.01
4979,168.65359524352766,18,1,0,0,1.3290727727236449,0.01
4980,215.77725933884273,36,1,0,0,1.4055733345130006,0.01
4981,144.76376406796902,31,1,0,0,1.4397163011018521,0.01
4982,177.6938891970991,22,1,0,0,1.435207586338627,0.01
4983,220.1103570622983,36,1,0,0,1.3065156500494852,0.01
4984,127.96269858810669,11,1,0,0,1.4590255575083095,0.01
4985,169.0915680538846,22,1,0,0,1.3560736919612617,0.01
4986,152.38400132547022,26,1,0,0,1.4541421768330358,0.01
4987,155.39968222970916,21,1,0,0,1.4496188996602457,0.01
4988,150.9292432104657,20,1,0,0,1.306482876041055,0.01
4989,150.53219023504616,23,1,0,0,1.4733300747899514,0.01
4990,211.50715121766444,33,1,0,0,1.4404686065982006,0.01
4991,136.82291082003348,17,1,0,0,1.3265661186013145,0.01
4992,181.88101706283504,23,1,0,0,1.4626325329502554,0.01
4993,227.37365647921456,30,1,0,0,1.3610491578767887,0.01
4994,162.2893473031841,15,1,0,0,1.2606432585640008,0.01
4995,173.41603478500915,22,1,0,0,1.1924535490975747,0.01
4996,210.45423564119727,37,1,0,0,1.3010681035605713,0.01
4997,231.86012625906923,41,1,0,0,1.343699789208989,0.01
4998,153.2218599838573,18,1,0,0,1.289710817640172,0.01
4999,177.46080577027328,103,1,0,0,1.4972026326922159,0.01
