episode,reward,steps,train_success,train_collision,train_timeout,final_distance,exploration_noise
0,-179.96026235162785,200,0,0,1,20.810858349343597,0.2
1,-133.97480488189225,200,0,0,1,18.68603297075087,0.1998
2,-152.4257372694518,200,0,0,1,17.205796181084033,0.1996002
3,-133.73149269248316,200,0,0,1,20.340015087876914,0.19940059980000002
4,-200.18078000468057,187,0,0,0,23.596969906140426,0.19920119920020002
5,-196.92912699807567,82,0,0,0,23.060301114205824,0.19900199800099982
6,-38.168203843692794,5,0,1,0,6.245042538275413,0.1988029960029988
7,-80.38178536812644,55,0,0,0,10.735391304776511,0.19860419300699583
8,-147.88354874106415,53,0,0,0,26.37421054150756,0.19840558881398881
9,-196.22262473904456,59,0,0,0,21.661522214077948,0.19820718322517483
10,-189.10053988303522,55,0,0,0,27.40063247966833,0.19800897604194967
11,-183.80310152910124,61,0,0,0,23.877963289503505,0.1978109670659077
12,165.25514249540038,16,1,0,0,1.310176319164975,0.19761315609884178
13,-153.35909249641077,44,0,0,0,18.590344001380057,0.19741554294274297
14,-168.03121341518965,54,0,0,0,19.593769606452945,0.1972181273998002
15,-52.37845634676601,39,0,0,0,17.15218140804624,0.1970209092724004
16,-159.26856678336713,45,0,0,0,21.615159931924715,0.196823888363128
17,-36.71681060327244,7,0,1,0,6.740315182925079,0.19662706447476488
18,-145.37577108563923,61,0,0,0,19.936203378834,0.1964304374102901
19,-251.23597767132276,58,0,0,0,27.99496981840387,0.19623400697287982
20,-133.67312674271807,53,0,0,0,15.682605463855499,0.19603777296590696
21,-10.335706177992002,11,0,1,0,7.136315752983654,0.19584173519294104
22,-96.16383124501303,57,0,0,0,14.6435259261123,0.19564589345774808
23,-205.74847843045018,49,0,0,0,19.501135555028103,0.19545024756429036
24,-191.42211230882063,43,0,0,0,18.307300604978316,0.19525479731672604
25,-188.13107176615483,58,0,0,0,20.15705865074153,0.19505954251940932
26,-37.191649084643785,200,0,0,1,9.446179331941911,0.19486448297688994
27,-0.19526084309998737,21,0,1,0,7.974290161717813,0.19466961849391304
28,-46.30678339622069,200,0,0,1,14.304263754588971,0.19447494887541913
29,-0.8614007501461884,19,0,1,0,10.161066166798657,0.19428047392654368
30,-4.857239622691494,200,0,0,1,4.931901115764293,0.19408619345261716
31,78.02461363860107,200,0,0,1,3.615159295511625,0.19389210725916453
32,58.06713631046035,200,0,0,1,4.793427621488599,0.19369821515190536
33,20.053681327272663,200,0,0,1,4.768617118502145,0.19350451693675347
34,-0.4001881424231597,200,0,0,1,5.738186208958487,0.1933110124198167
35,-53.66389475004416,28,0,1,0,3.853310979284197,0.1931177014073969
36,26.199343300940683,200,0,0,1,6.911437189298359,0.1929245837059895
37,76.66182612281713,200,0,0,1,3.6967378676219096,0.19273165912228352
38,79.66669658677569,200,0,0,1,2.076277039917004,0.19253892746316123
39,-15.184369029096011,19,0,1,0,6.985524294740968,0.19234638853569808
40,62.41867911090533,200,0,0,1,4.788274025937433,0.19215404214716236
41,146.8419469792513,167,1,0,0,1.4859944616392151,0.19196188810501522
42,-45.91044359316284,2,0,1,0,7.273407393699685,0.1917699262169102
43,-31.04513637931851,23,0,1,0,3.6840114273353004,0.19157815629069327
44,-10.773435329561217,18,0,1,0,6.410662382769107,0.1913865781344026
45,107.6422861748783,31,1,0,0,1.4587685810360707,0.19119519155626818
46,43.49882001628594,200,0,0,1,2.9345559266252623,0.1910039963647119
47,199.54281514696982,101,1,0,0,1.25881994337752,0.1908129923683472
48,150.0820502582314,65,1,0,0,1.4899551545676628,0.19062217937597886
49,-36.4188252594521,69,0,1,0,2.7107762390346415,0.19043155719660287
50,-15.153519663774446,11,0,1,0,2.8249187372405036,0.1902411256394063
51,-28.40721481063947,55,0,1,0,3.870608398228079,0.19005088451376687
52,141.88930117543543,64,1,0,0,1.4809414000224985,0.1898608336292531
53,65.11667874013966,200,0,0,1,1.7526633019611886,0.18967097279562384
54,152.30580309370578,126,1,0,0,1.355719070379252,0.1894813018228282
55,38.318115727245186,200,0,0,1,2.7761304113616307,0.18929182052100538
56,183.57181603187516,159,1,0,0,1.3707564847920286,0.18910252870048438
57,-50.0,1,0,1,0,3.332215320508383,0.1889134261717839
58,0.32102591000264624,64,0,1,0,1.8880889628085336,0.1887245127456121
59,166.50841526469296,47,1,0,0,1.4662568292380207,0.1885357882328665
60,193.04397750555466,196,1,0,0,1.4958720455973478,0.18834725244463366
61,-38.10908211209313,9,0,1,0,5.139152357195959,0.188158905192189
62,-35.95629423763582,11,0,1,0,8.666976518596144,0.18797074628699684
63,165.65254068745818,85,1,0,0,1.4343649542811334,0.18778277554070982
64,62.89783369329116,200,0,0,1,3.383238005151449,0.1875949927651691
65,21.09923067861763,200,0,0,1,3.0125854297843033,0.18740739777240395
66,153.2028047606579,59,1,0,0,1.431876903962311,0.18721999037463155
67,80.6465807123889,200,0,0,1,7.239205652564078,0.18703277038425692
68,124.78977590938703,148,1,0,0,1.384578876779108,0.18684573761387266
69,119.56932209856696,55,1,0,0,1.326553055761471,0.18665889187625878
70,179.15170062862273,30,1,0,0,1.446199323312178,0.18647223298438254
71,146.6967525242632,43,1,0,0,1.4631922449487416,0.18628576075139813
72,149.10512037192,23,1,0,0,1.337651120273323,0.18609947499064672
73,14.09189695622472,200,0,0,1,3.901101485276894,0.1859133755156561
74,85.50144218620453,200,0,0,1,4.1026984895968495,0.18572746214014044
75,103.08893220236637,200,0,0,1,4.018745702843661,0.18554173467800028
76,-98.85387524346831,62,0,0,0,14.32223102661119,0.18535619294332228
77,-42.72084219489483,9,0,1,0,5.989347447547537,0.18517083675037896
78,155.84927194355043,115,1,0,0,1.4974820951454093,0.18498566591362858
79,-39.62359450918312,41,0,0,0,10.958715576895926,0.18480068024771495
80,-50.0,1,0,1,0,2.550949105552202,0.18461587956746725
81,203.63132891427364,112,1,0,0,1.4936100278390194,0.18443126368789978
82,126.0813438332838,22,1,0,0,1.4954908710725343,0.1842468324242119
83,-75.34121804697669,38,0,0,0,10.001494347991482,0.18406258559178768
84,147.37117787282537,91,1,0,0,1.4259521838270934,0.1838785230061959
85,168.00687154938504,36,1,0,0,1.4528455971000096,0.18369464448318967
86,201.07103890506863,69,1,0,0,1.3300899442555356,0.1835109498387065
87,-44.1839515193733,47,0,0,0,9.282560656103843,0.1833274388888678
88,158.49956649587784,138,1,0,0,1.477534109814351,0.1831441114499789
89,44.96232924151454,200,0,0,1,3.272084117782282,0.18296096733852896
90,196.81774548316312,54,1,0,0,1.4873645211651398,0.1827780063711904
91,172.45105431735053,83,1,0,0,1.411329766258348,0.18259522836481923
92,180.68609427808218,87,1,0,0,1.4082164884883623,0.1824126331364544
93,207.0829277268956,36,1,0,0,1.4352358565265306,0.18223022050331794
94,179.41398674046616,41,1,0,0,1.4919237612087721,0.18204799028281463
95,190.82403381183923,65,1,0,0,1.4248792938082806,0.18186594229253183
96,44.85531748402023,200,0,0,1,2.3302489662350805,0.18168407635023928
97,182.13099363408054,63,1,0,0,1.4518031268857292,0.18150239227388903
98,-0.19362004912461644,200,0,0,1,2.657907633521491,0.18132088988161515
99,48.34490473161431,200,0,0,1,3.5494035874058554,0.18113956899173356
100,161.83283919865295,55,1,0,0,1.346669613548909,0.1809584294227418
101,174.18053944041645,137,1,0,0,1.3861678933714991,0.18077747099331906
102,154.4924849069663,58,1,0,0,1.4427995852894293,0.18059669352232574
103,192.06444454822918,84,1,0,0,1.4306831560585502,0.1804160968288034
104,257.6987923163423,97,1,0,0,1.4751418122410824,0.1802356807319746
105,147.1422474598898,81,1,0,0,1.3080134433727975,0.18005544505124263
106,193.89263728718515,129,1,0,0,1.4940042202181756,0.1798753896061914
107,52.53060195587823,200,0,0,1,4.7801201079504505,0.1796955142165852
108,198.16643019290257,50,1,0,0,1.4865640073116801,0.17951581870236863
109,143.35691100784442,52,1,0,0,1.4307464720438912,0.17933630288366625
110,159.55288305234635,68,1,0,0,1.442987616789213,0.1791569665807826
111,225.77482405377378,155,1,0,0,1.4318160809662979,0.17897780961420182
112,175.1250398221486,36,1,0,0,1.3024299107386579,0.17879883180458758
113,224.6805889089694,58,1,0,0,1.455784086495521,0.178620032972783
114,-19.939730824632374,16,0,1,0,3.5736701438488945,0.17844141293981022
115,159.1021773393241,26,1,0,0,1.4905272173938218,0.17826297152687043
116,150.28917873224745,56,1,0,0,1.4660857448628237,0.17808470855534353
117,183.0913068409381,175,1,0,0,1.36132012073179,0.1779066238467882
118,48.04831248348134,200,0,0,1,3.007022333726847,0.17772871722294142
119,214.91766467914596,43,1,0,0,1.2713751022810735,0.1775509885057185
120,58.86319251230308,200,0,0,1,2.1187359732997906,0.17737343751721277
121,162.8568373680959,24,1,0,0,1.401266059407485,0.17719606407969554
122,184.8068702083597,32,1,0,0,1.4628032281130727,0.17701886801561584
123,172.33126169624424,142,1,0,0,1.4946002996465986,0.17684184914760023
124,161.30240283542423,89,1,0,0,1.4966481692201785,0.17666500729845264
125,145.91426580399548,30,1,0,0,1.4745550183446354,0.17648834229115418
126,175.62854773195062,21,1,0,0,1.2989027986639226,0.17631185394886303
127,225.90782780403208,53,1,0,0,1.343436538894559,0.17613554209491417
128,126.15413062275302,15,1,0,0,1.2817305908240675,0.17595940655281925
129,149.09986410826286,32,1,0,0,1.3431509243364168,0.17578344714626642
130,124.84216530792612,21,1,0,0,1.4105200037238377,0.17560766369912018
131,138.7128058083389,17,1,0,0,1.3371230808652337,0.17543205603542103
132,182.88079302905456,61,1,0,0,1.3574240922230312,0.17525662397938563
133,202.1616480454755,85,1,0,0,1.4778458312163365,0.17508136735540625
134,166.4449044657389,174,1,0,0,1.4790419221222713,0.17490628598805083
135,193.79275435624226,36,1,0,0,1.4229629846724083,0.17473137970206276
136,167.05936754366274,65,1,0,0,1.4217313917703047,0.17455664832236073
137,183.98636810921238,35,1,0,0,1.4877621295574817,0.17438209167403834
138,164.14129880347855,38,1,0,0,1.4343473549079948,0.1742077095823643
139,128.27728824756008,167,1,0,0,1.4749677602615767,0.17403350187278194
140,180.10943065623422,33,1,0,0,1.4857806618696794,0.17385946837090915
141,184.16019752943436,44,1,0,0,1.4907893326184825,0.17368560890253826
142,92.4733043090958,200,0,0,1,4.557815922591649,0.17351192329363574
143,136.6292717538706,111,1,0,0,1.4673874721916946,0.1733384113703421
144,173.7116647446132,45,1,0,0,1.470653894364383,0.17316507295897174
145,123.77929665885068,115,1,0,0,1.490661924791246,0.17299190788601276
146,51.07711302168426,200,0,0,1,3.4469617178345495,0.17281891597812676
147,165.7327817684529,39,1,0,0,1.4737467101174238,0.17264609706214862
148,184.60789544688112,55,1,0,0,1.4317507000563423,0.17247345096508648
149,202.40977798745234,30,1,0,0,1.2045966781039117,0.1723009775141214
150,56.370171537259196,200,0,0,1,2.6021209546061113,0.17212867653660727
151,180.9115301887362,44,1,0,0,1.4879596294919573,0.17195654786007067
152,100.0,1,1,0,0,1.4895926408407583,0.17178459131221058
153,166.38830210458892,33,1,0,0,1.3004779043866603,0.1716128067208984
154,246.3977007869947,61,1,0,0,1.30108144632411,0.17144119391417748
155,46.79640143849051,200,0,0,1,3.505424800999349,0.17126975272026332
156,168.33680350377455,198,1,0,0,1.3865380247943568,0.17109848296754304
157,184.69920811983644,27,1,0,0,1.306063726105199,0.1709273844845755
158,138.49275136124902,142,1,0,0,1.3001696528497992,0.1707564571000909
159,185.72182647157348,58,1,0,0,1.3365602335967215,0.17058570064299083
160,205.484241915882,37,1,0,0,1.4751089008560727,0.17041511494234785
161,190.21032505056246,35,1,0,0,1.470662727781256,0.1702446998274055
162,146.57586688389216,61,1,0,0,1.467836269331917,0.1700744551275781
163,158.71881994573766,24,1,0,0,1.493918601061892,0.1699043806724505
164,48.42028824674017,200,0,0,1,2.5447203149108732,0.16973447629177807
165,187.40519077250127,22,1,0,0,1.4299440358952589,0.16956474181548628
166,176.8155114174977,23,1,0,0,1.4697353152518915,0.1693951770736708
167,160.39123524122846,42,1,0,0,1.4308268824085908,0.16922578189659712
168,187.77006769970916,30,1,0,0,1.4270402448550779,0.16905655611470052
169,214.69369901485942,47,1,0,0,1.483518506653832,0.16888749955858584
170,58.67369385903623,200,0,0,1,5.020530727269888,0.16871861205902725
171,188.19313743103555,29,1,0,0,1.3929403218210517,0.16854989344696822
172,199.2973631190241,38,1,0,0,1.4012179332527595,0.16838134355352125
173,162.07181279670462,23,1,0,0,1.2637925716119127,0.16821296220996773
174,155.0297906324053,96,1,0,0,1.4535532742761925,0.16804474924775775
175,167.65008801026806,32,1,0,0,1.427342837881969,0.16787670449851
176,181.20760675524673,106,1,0,0,1.472454479828359,0.1677088277940115
177,4.709666186503021,200,0,0,1,3.2886678473685502,0.16754111896621748
178,192.83038865602913,36,1,0,0,1.4961463778647126,0.16737357784725126
179,125.95629503045913,31,1,0,0,1.4632414491791645,0.16720620426940402
180,182.89772634379557,21,1,0,0,1.4479762252933628,0.1670389980651346
181,162.1738277707112,29,1,0,0,1.4278722278024807,0.16687195906706948
182,156.2929264682713,24,1,0,0,1.2621415044355175,0.1667050871080024
183,179.69225236977184,36,1,0,0,1.2207793066593868,0.1665383820208944
184,188.11409384753063,42,1,0,0,1.2872352059861651,0.1663718436388735
185,207.89474761897333,102,1,0,0,1.4992733284830015,0.16620547179523462
186,121.22063970891365,116,1,0,0,1.309778349492451,0.16603926632343938
187,183.71881554533414,39,1,0,0,1.3158311107059786,0.16587322705711594
188,158.99221664559389,28,1,0,0,1.4807294452123467,0.16570735383005886
189,33.17035036571735,200,0,0,1,2.6134934051142933,0.1655416464762288
190,185.61544597435602,30,1,0,0,1.458062034422197,0.16537610482975254
191,218.97671750358302,88,1,0,0,1.4241944484874478,0.16521072872492282
192,255.0242594510324,66,1,0,0,1.4014441318842243,0.16504551799619788
193,145.86476904577967,34,1,0,0,1.4724337223886694,0.16488047247820167
194,152.00979182407977,33,1,0,0,1.3908439366152365,0.16471559200572347
195,203.7179076876431,52,1,0,0,1.4310006223478504,0.16455087641371774
196,165.45227394353304,109,1,0,0,1.430064480167019,0.16438632553730403
197,155.47217332559708,28,1,0,0,1.4888894474688248,0.16422193921176673
198,184.92173333666955,25,1,0,0,1.464276109065083,0.16405771727255497
199,150.1128155905077,31,1,0,0,1.2970127155352715,0.1638936595552824
200,169.01246731598627,27,1,0,0,1.452771609478003,0.16372976589572713
201,158.30765922229176,23,1,0,0,1.3171567072160975,0.1635660361298314
202,157.30247665147388,59,1,0,0,1.4925212297314918,0.16340247009370157
203,174.9621836478616,100,1,0,0,1.4157733836338826,0.16323906762360785
204,15.339512879886886,200,0,0,1,4.336039967282431,0.16307582855598424
205,194.77673939733853,41,1,0,0,1.4501590002522913,0.16291275272742828
206,179.2255026768313,34,1,0,0,1.4332633220891848,0.16274983997470083
207,162.60999005556238,30,1,0,0,1.3808793241870916,0.16258709013472614
208,178.306534222545,30,1,0,0,1.4795990956125562,0.1624245030445914
209,162.97902387702447,39,1,0,0,1.4867464934713222,0.16226207854154684
210,118.95903435532372,66,1,0,0,1.4967431113911926,0.16209981646300528
211,48.04166949848022,200,0,0,1,2.920215685925056,0.16193771664654227
212,172.39170665501337,33,1,0,0,1.428157476679452,0.16177577892989572
213,100.0,1,1,0,0,1.2229399831836718,0.16161400315096583
214,20.295584340035965,200,0,0,1,2.2436561002358673,0.16145238914781487
215,180.67800636049935,32,1,0,0,1.3601474287103374,0.16129093675866704
216,-0.21128548243679124,200,0,0,1,3.42784879894212,0.16112964582190836
217,165.9067048084246,21,1,0,0,1.3526949881667947,0.16096851617608648
218,254.46501934972417,58,1,0,0,1.3103903602489488,0.1608075476599104
219,187.11035903695512,27,1,0,0,1.4688708579943215,0.16064674011225047
220,165.8240191327283,72,1,0,0,1.4578381253166803,0.16048609337213823
221,188.1681998444023,34,1,0,0,1.4871004539613997,0.1603256072787661
222,241.88926598536239,53,1,0,0,1.3188091455188644,0.16016528167148733
223,11.43849176581077,200,0,0,1,4.980202282573882,0.16000511638981585
224,199.99277250533916,38,1,0,0,1.4989318287863682,0.15984511127342602
225,177.38212239597846,33,1,0,0,1.34675960247306,0.1596852661621526
226,196.8370554347158,34,1,0,0,1.4210562703038443,0.15952558089599045
227,191.98640695533038,31,1,0,0,1.2973364724871987,0.15936605531509446
228,194.9915328073211,37,1,0,0,1.425166736050177,0.15920668925977935
229,153.63802321409747,27,1,0,0,1.300054010554072,0.1590474825705196
230,156.12247168083707,29,1,0,0,1.4482467418775367,0.15888843508794906
231,167.99716634148274,102,1,0,0,1.4805113023588632,0.1587295466528611
232,136.99365215077566,16,1,0,0,1.4284378260862933,0.15857081710620824
233,73.90276807501463,200,0,0,1,2.7302782347280825,0.15841224628910203
234,178.68293189539025,52,1,0,0,1.4331840500046915,0.15825383404281293
235,11.51492682245934,200,0,0,1,2.2991771313417613,0.15809558020877013
236,173.03207111468544,21,1,0,0,1.307878292923772,0.15793748462856136
237,168.72569189739966,34,1,0,0,1.458890585579196,0.1577795471439328
238,152.02481181132714,76,1,0,0,1.4990204665907085,0.15762176759678886
239,185.15665893359676,35,1,0,0,1.4194084152799695,0.15746414582919208
240,278.9346828373383,59,1,0,0,1.4902212043821021,0.15730668168336287
241,73.82609978335344,200,0,0,1,1.9735310722254364,0.1571493750016795
242,188.41664438260864,47,1,0,0,1.4256145341566842,0.15699222562667783
243,192.1370499417742,27,1,0,0,1.4154226762368936,0.15683523340105116
244,175.6757389769374,77,1,0,0,1.4824125301311857,0.1566783981676501
245,215.23049012958023,39,1,0,0,1.3966211068366257,0.15652171976948245
246,198.86672912576188,38,1,0,0,1.356337318348352,0.15636519804971297
247,156.54324536353747,33,1,0,0,1.4239387077830299,0.15620883285166326
248,172.7420564974122,28,1,0,0,1.386590422906948,0.1560526240188116
249,216.59656535870644,43,1,0,0,1.444625384582915,0.1558965713947928
250,166.99537782712244,43,1,0,0,1.4577178867706888,0.15574067482339798
251,173.91546154474634,69,1,0,0,1.4935042949012831,0.15558493414857458
252,183.47036777129648,31,1,0,0,1.441031732950773,0.15542934921442603
253,200.1519350997546,54,1,0,0,1.491737024028313,0.15527391986521158
254,182.4461400962274,30,1,0,0,1.386957378973301,0.15511864594534638
255,195.3438652825071,33,1,0,0,1.4064037062132086,0.15496352729940102
256,-50.0,1,0,1,0,5.431237221898841,0.15480856377210162
257,188.10466059947908,86,1,0,0,1.397669430209942,0.15465375520832952
258,183.38648515699396,26,1,0,0,1.3600529405368578,0.15449910145312118
259,252.26210744395559,50,1,0,0,1.4368183423513203,0.15434460235166808
260,184.26638065216548,27,1,0,0,1.2285761336563672,0.1541902577493164
261,148.8109537257301,129,1,0,0,1.4620444268971438,0.1540360674915671
262,215.81371156005935,48,1,0,0,1.4925968445529392,0.15388203142407553
263,204.99831399282482,43,1,0,0,1.412130642763973,0.15372814939265145
264,189.37088994163102,37,1,0,0,1.4815978299137331,0.15357442124325882
265,151.6610447136789,27,1,0,0,1.3775718218816753,0.15342084682201554
266,159.93070747494727,24,1,0,0,1.426627099369534,0.15326742597519352
267,178.04434787395581,28,1,0,0,1.4366124435367313,0.15311415854921834
268,-4.348676485467296,200,0,0,1,4.845015927234045,0.15296104439066913
269,194.38235929320717,39,1,0,0,1.4629155311499227,0.15280808334627843
270,145.72866804767145,97,1,0,0,1.4933786300340963,0.15265527526293216
271,164.87757944157528,26,1,0,0,1.3637119256928816,0.15250261998766923
272,232.92823003270564,39,1,0,0,1.4013186487021783,0.15235011736768156
273,173.96997772808112,141,1,0,0,1.4210928982234354,0.15219776725031386
274,201.57269066953432,35,1,0,0,1.3219132469536512,0.15204556948306358
275,68.08221654978938,200,0,0,1,3.5141095045142157,0.1518935239135805
276,146.72302209696971,68,1,0,0,1.4576935809536546,0.15174163038966693
277,182.0756766968731,26,1,0,0,1.3832438011064028,0.15158988875927726
278,178.25340608771813,34,1,0,0,1.4533967660860958,0.15143829887051796
279,190.9627064971872,57,1,0,0,1.2289188878872808,0.15128686057164745
280,211.60775431430596,95,1,0,0,1.390313260739208,0.1511355737110758
281,157.70071070160918,29,1,0,0,1.4509900899118884,0.15098443813736473
282,195.6260767098509,70,1,0,0,1.4149069717921352,0.15083345369922738
283,158.8638020880008,22,1,0,0,1.4306508530817037,0.15068262024552814
284,28.184894426287414,200,0,0,1,1.9271638537674889,0.1505319376252826
285,47.763393301493714,200,0,0,1,2.3295589432389194,0.15038140568765734
286,178.58059476787335,29,1,0,0,1.4787102476089615,0.15023102428196966
287,164.75167449222607,24,1,0,0,1.4039703248009139,0.15008079325768772
288,142.78547392353897,118,1,0,0,1.4688439463932856,0.14993071246443002
289,164.99602277166804,22,1,0,0,1.273488796715669,0.1497807817519656
290,3.1579919832940764,200,0,0,1,3.422185127186445,0.14963100097021362
291,56.09112623919099,200,0,0,1,1.8081906353111123,0.1494813699692434
292,204.04900025815792,43,1,0,0,1.4668592922536678,0.14933188859927415
293,178.34233727445525,147,1,0,0,1.474132532911044,0.1491825567106749
294,165.23990813228983,25,1,0,0,1.2136370175153164,0.1490333741539642
295,145.72301451323077,18,1,0,0,1.2689825147228226,0.14888434077981025
296,140.62509472313528,107,1,0,0,1.4649395192510966,0.14873545643903044
297,197.64473376949854,34,1,0,0,1.2319986101609943,0.1485867209825914
298,113.40474760480652,23,1,0,0,1.4656630898024108,0.14843813426160882
299,182.7196880053677,26,1,0,0,1.4646079945995856,0.1482896961273472
300,163.7003566076523,25,1,0,0,1.3869326778857933,0.14814140643121984
301,246.0682811914448,44,1,0,0,1.4420274758296137,0.14799326502478863
302,178.52187127445507,21,1,0,0,1.4262357938453265,0.14784527175976386
303,189.33583046318716,36,1,0,0,1.0234683627082521,0.14769742648800407
304,167.26170905868435,23,1,0,0,1.2398891218199608,0.14754972906151606
305,227.02299909549504,85,1,0,0,1.4832361840877215,0.14740217933245456
306,194.53874613199258,26,1,0,0,1.361898802316961,0.1472547771531221
307,198.7507820147103,33,1,0,0,1.3867017524212841,0.147107522375969
308,151.7815962465483,125,1,0,0,1.4858239042089465,0.146960414853593
309,187.3157224305765,32,1,0,0,1.4494937988580123,0.14681345443873942
310,195.1597955297055,49,1,0,0,1.470216070115405,0.14666664098430068
311,249.69464374321677,57,1,0,0,1.4455098466851217,0.1465199743433164
312,150.04974803268067,90,1,0,0,1.4489563660040023,0.14637345436897306
313,148.66518717629245,28,1,0,0,1.326239231208982,0.1462270809146041
314,190.38463430891062,22,1,0,0,1.4153096429698375,0.1460808538336895
315,177.48133030507444,27,1,0,0,1.3103003278250271,0.1459347729798558
316,185.23695868545525,97,1,0,0,1.417498845945148,0.14578883820687594
317,156.90298237387097,73,1,0,0,1.3904866761668513,0.1456430493686691
318,211.85837395481929,29,1,0,0,1.303468480281949,0.1454974063193004
319,176.44301357788183,111,1,0,0,1.4904247160301018,0.14535190891298108
320,188.0961283708957,28,1,0,0,1.4915280795096948,0.14520655700406812
321,132.13780468516532,18,1,0,0,1.480916337629218,0.14506135044706406
322,149.65702796734905,28,1,0,0,1.350287967297032,0.144916289096617
323,191.49053645678654,125,1,0,0,1.4723450592434726,0.14477137280752037
324,171.49313692308962,22,1,0,0,1.3976870543071271,0.14462660143471284
325,95.16725079893872,200,0,0,1,2.622851819599333,0.14448197483327815
326,188.09056743542988,56,1,0,0,1.4115896830442647,0.14433749285844485
327,207.14420572888238,30,1,0,0,1.4712030240101093,0.1441931553655864
328,225.02251672781597,129,1,0,0,1.4190810922067145,0.14404896221022084
329,174.79948844102728,29,1,0,0,1.4537012850950342,0.1439049132480106
330,173.2073553715386,23,1,0,0,1.4102232468915123,0.1437610083347626
331,-50.0,1,0,1,0,5.837762899996751,0.14361724732642783
332,162.77387515654274,24,1,0,0,1.2441553155139435,0.14347363007910138
333,108.82026453545402,87,1,0,0,1.2687770157514844,0.1433301564490223
334,186.0264798852405,29,1,0,0,1.410680919154065,0.14318682629257326
335,191.282967193221,98,1,0,0,1.381220897269103,0.1430436394662807
336,-15.8494507296536,200,0,0,1,3.025353610593232,0.14290059582681444
337,36.699550115029844,200,0,0,1,3.151039227823861,0.1427576952309876
338,151.27062745461154,23,1,0,0,1.4751499709020324,0.14261493753575663
339,192.50675605385726,31,1,0,0,1.2879322991032764,0.14247232259822087
340,167.42808762341627,19,1,0,0,1.2989732489464056,0.14232985027562264
341,198.43139382702972,119,1,0,0,1.4694812427958512,0.14218752042534702
342,189.7014286110189,40,1,0,0,1.389877342462267,0.1420453329049217
343,179.3340736453461,27,1,0,0,1.4635707282192807,0.14190328757201676
344,192.23843845458651,34,1,0,0,1.4641164051807487,0.14176138428444474
345,68.21802297464991,200,0,0,1,2.9238231610761236,0.14161962290016028
346,230.31391174172407,45,1,0,0,1.3398564883958712,0.14147800327726012
347,157.0716575048496,18,1,0,0,1.4043774894559335,0.14133652527398285
348,139.756947389692,125,1,0,0,1.4867493628661232,0.1411951887487089
349,-50.0,1,0,1,0,3.2885160405119795,0.14105399355996018
350,132.25348605786724,11,1,0,0,1.3645038317189773,0.14091293956640022
351,165.65104260120785,41,1,0,0,1.4993344425453357,0.14077202662683383
352,112.39383186558138,110,1,0,0,1.4748403298072026,0.14063125460020698
353,221.01897202759397,41,1,0,0,1.4779859282817553,0.14049062334560677
354,151.62156252676812,21,1,0,0,1.2950030688597098,0.14035013272226116
355,177.84188279276773,27,1,0,0,1.1904442437593192,0.14020978258953892
356,181.47020662416958,37,1,0,0,1.3072747383277157,0.14006957280694937
357,169.23743704595734,25,1,0,0,1.1951784027519887,0.1399295032341424
358,141.5413009356446,26,1,0,0,1.3679668209099198,0.13978957373090828
359,132.67182373560084,44,1,0,0,1.4136742864891583,0.13964978415717738
360,-39.35398961791314,6,0,1,0,4.9215427565343175,0.13951013437302018
361,175.91420670627718,76,1,0,0,1.4659340770065272,0.13937062423864718
362,152.30994483402142,17,1,0,0,1.4776204908755493,0.13923125361440852
363,137.10088378270274,13,1,0,0,1.4994592549527035,0.13909202236079413
364,128.5825876781251,10,1,0,0,1.2008392920988908,0.13895293033843334
365,118.05431677638393,35,1,0,0,1.4645256512687288,0.1388139774080949
366,202.52553143342956,27,1,0,0,1.3873332282650495,0.1386751634306868
367,179.20134183099634,31,1,0,0,1.4877541057124706,0.13853648826725612
368,-50.0,1,0,1,0,4.8237247563194225,0.13839795177898884
369,188.6901889194201,35,1,0,0,1.4535177801683254,0.13825955382720986
370,221.57671728296646,60,1,0,0,1.4676290561305263,0.13812129427338266
371,-50.0,1,0,1,0,4.889138191721969,0.13798317297910928
372,-50.0,1,0,1,0,3.009134818401959,0.13784518980613017
373,182.70976733748404,34,1,0,0,1.3447805278040659,0.13770734461632403
374,194.20708643616092,25,1,0,0,1.3675267283189374,0.1375696372717077
375,160.16973750671852,22,1,0,0,1.4060890197516933,0.137432067634436
376,191.1501732243893,41,1,0,0,1.3882550732899095,0.13729463556680155
377,135.14325037496764,13,1,0,0,1.4461496057531908,0.13715734093123474
378,138.7580858746506,16,1,0,0,1.308261928249616,0.13702018359030352
379,193.6272997332515,32,1,0,0,1.355468599780073,0.13688316340671322
380,197.01690161340258,29,1,0,0,1.4551034244958754,0.1367462802433065
381,180.06628507336643,25,1,0,0,1.3505403923525376,0.1366095339630632
382,152.99486281824628,22,1,0,0,1.3355474699156857,0.13647292442910014
383,156.6546519895528,37,1,0,0,1.4616882380804024,0.13633645150467105
384,186.68756669670404,39,1,0,0,1.3291420341114237,0.13620011505316637
385,179.74213462837707,26,1,0,0,1.2249670570324669,0.13606391493811318
386,138.93139109204952,43,1,0,0,1.3685773242157337,0.1359278510231751
387,156.91150765497264,25,1,0,0,1.274061913196943,0.1357919231721519
388,133.24984852852867,200,0,0,1,2.867007308874908,0.13565613124897977
389,224.85613546408132,38,1,0,0,1.3745404329648736,0.13552047511773077
390,203.91735698008023,27,1,0,0,1.4214672563232715,0.13538495464261305
391,141.60956948468117,33,1,0,0,1.2938302175764802,0.13524956968797044
392,172.40452967470407,26,1,0,0,1.4135737054852444,0.13511432011828248
393,204.08576739379146,41,1,0,0,1.4928357601185411,0.1349792057981642
394,187.49718255175523,31,1,0,0,1.4623857708964032,0.13484422659236603
395,157.80457854805516,67,1,0,0,1.444238299046709,0.13470938236577365
396,190.56377314728195,29,1,0,0,1.3113089782090972,0.1345746729834079
397,154.3536954241557,75,1,0,0,1.3871529494582235,0.13444009831042447
398,126.77180768264927,162,1,0,0,1.4808570541202826,0.13430565821211404
399,122.3286541573169,196,1,0,0,1.2600236705316772,0.13417135255390195
400,109.35921794004578,38,1,0,0,1.4568571171312623,0.13403718120134803
401,148.7964476631348,30,1,0,0,1.4141194556227783,0.13390314402014666
402,198.68644594695365,29,1,0,0,1.3411293066896606,0.13376924087612654
403,134.34551269997735,16,1,0,0,1.3102379232013253,0.1336354716352504
404,185.00744688833248,36,1,0,0,1.4195004711651913,0.13350183616361516
405,197.30361132751705,35,1,0,0,1.3337288816000155,0.13336833432745154
406,242.70460356198336,82,1,0,0,1.4646729109782768,0.1332349659931241
407,142.3605289606955,40,1,0,0,1.434061818906016,0.13310173102713097
408,151.21390235093745,26,1,0,0,1.2512912396767641,0.13296862929610384
409,115.10615843809852,14,1,0,0,1.2173627907931435,0.13283566066680771
410,153.59952994432524,41,1,0,0,1.4738852197355579,0.13270282500614092
411,169.83298102532555,21,1,0,0,1.2157513544492506,0.1325701221811348
412,140.74075807100428,133,1,0,0,1.44985425822243,0.13243755205895366
413,106.0938241852136,95,1,0,0,1.431734772023964,0.1323051145068947
414,176.73984619744482,25,1,0,0,1.46046401935854,0.13217280939238782
415,230.0541635005212,48,1,0,0,1.3141083624625134,0.13204063658299542
416,185.77490979103413,33,1,0,0,1.4698598200082327,0.13190859594641244
417,267.5661881231754,62,1,0,0,1.3342722111297018,0.131776687350466
418,144.85100691450705,21,1,0,0,1.3437416501463861,0.13164491066311554
419,132.6791879478936,133,1,0,0,1.4413926584839793,0.13151326575245242
420,169.97023673811663,26,1,0,0,1.471905099199856,0.13138175248669998
421,173.41409192471127,24,1,0,0,1.4031858663028514,0.13125037073421328
422,177.919296040309,22,1,0,0,1.4620321251772745,0.13111912036347906
423,155.49609287863132,17,1,0,0,1.4927886115883173,0.13098800124311558
424,167.4004308215713,30,1,0,0,1.334780274146178,0.13085701324187246
425,146.50167341516575,143,1,0,0,1.4220176750929512,0.13072615622863057
426,248.24692954578887,47,1,0,0,1.4902770288012108,0.13059543007240196
427,206.72127781183582,31,1,0,0,1.3740644999935177,0.13046483464232955
428,170.2986447278463,24,1,0,0,1.3130197104505563,0.13033436980768723
429,143.71660011510062,69,1,0,0,1.4849630341361824,0.13020403543787953
430,166.38493699867342,25,1,0,0,1.3539206301700002,0.13007383140244166
431,178.500166150861,28,1,0,0,1.3913137980371006,0.12994375757103924
432,153.04753832686404,20,1,0,0,1.4963976621554704,0.12981381381346818
433,183.7806586935109,22,1,0,0,1.3946680866077354,0.12968399999965471
434,158.90084309327932,37,1,0,0,1.419000688870196,0.12955431599965506
435,141.980206613797,25,1,0,0,1.3698801962010312,0.1294247616836554
436,132.6524501889786,10,1,0,0,1.4642799425869568,0.12929533692197176
437,244.04465265108735,49,1,0,0,1.4911365263457088,0.12916604158504977
438,223.78126824945377,47,1,0,0,1.3824680750273082,0.12903687554346474
439,148.42732926099254,21,1,0,0,1.327588533169007,0.12890783866792127
440,159.54198413447543,18,1,0,0,1.4248609878204557,0.12877893082925335
441,141.03422196663982,25,1,0,0,1.4787698788935406,0.12865015189842408
442,38.492607428461675,200,0,0,1,2.360384481923594,0.12852150174652566
443,188.22024384103187,26,1,0,0,1.342752204495911,0.12839298024477913
444,168.80459759015145,27,1,0,0,1.1818828614155605,0.12826458726453435
445,-50.0,1,0,1,0,5.551070149897215,0.12813632267726982
446,174.31085735046995,28,1,0,0,1.3459011199525035,0.12800818635459255
447,156.65062829813832,22,1,0,0,1.339205237630383,0.12788017816823796
448,210.6525940541439,29,1,0,0,1.3109264086836927,0.1277522979900697
449,183.0768922844345,27,1,0,0,1.3157043604472825,0.12762454569207965
450,158.92679023467977,44,1,0,0,1.4409930464750156,0.12749692114638755
451,182.192823756638,25,1,0,0,1.4443281465678293,0.1273694242252412
452,204.8095722702676,64,1,0,0,1.4603879574654441,0.12724205480101594
453,122.28284348439315,16,1,0,0,1.2761162756748696,0.12711481274621492
454,-50.0,1,0,1,0,6.956543097228976,0.12698769793346873
455,205.19303031188656,40,1,0,0,1.4602631498169445,0.12686071023553522
456,202.33195131615378,40,1,0,0,1.367682889014286,0.1267338495252997
457,159.2066852665993,42,1,0,0,1.4202037724319847,0.1266071156757744
458,145.4941628381681,26,1,0,0,1.4460769812407945,0.12648050856009863
459,191.57619664359817,40,1,0,0,1.4309896321504691,0.12635402805153853
460,108.71788603324852,22,1,0,0,1.2777974119299045,0.12622767402348697
461,173.00299278590344,23,1,0,0,1.4927292946514872,0.1261014463494635
462,155.25953427222134,33,1,0,0,1.441959832586471,0.12597534490311404
463,171.5696271787233,24,1,0,0,1.418089749958648,0.12584936955821094
464,180.8833566637985,26,1,0,0,1.2083205072545258,0.1257235201886527
465,116.67704863075511,7,1,0,0,1.409585283269705,0.12559779666846407
466,202.59708768631697,34,1,0,0,1.2855556726562547,0.1254721988717956
467,190.44781597634065,31,1,0,0,1.4787170980128936,0.1253467266729238
468,175.33180956603954,24,1,0,0,1.451860358050588,0.12522137994625088
469,173.3232288118291,18,1,0,0,1.2899531289994242,0.12509615856630463
470,147.83534136538955,25,1,0,0,1.4055372045223462,0.12497106240773832
471,108.11325894854888,124,1,0,0,1.4139250096982474,0.12484609134533059
472,197.31408118166925,34,1,0,0,1.368035977928646,0.12472124525398526
473,177.73106777508366,120,1,0,0,1.4923946786787945,0.12459652400873128
474,189.89305268973723,29,1,0,0,1.4688980329922572,0.12447192748472254
475,177.76959530996479,36,1,0,0,1.434833324807848,0.12434745555723781
476,133.0741413734048,13,1,0,0,1.398617021013944,0.12422310810168058
477,183.94280296950006,23,1,0,0,1.4585406061667836,0.12409888499357889
478,125.30006910064105,18,1,0,0,1.4997839342992658,0.12397478610858532
479,120.19696048616223,18,1,0,0,1.3838415346887651,0.12385081132247673
480,240.43051836112443,49,1,0,0,1.3844682295579531,0.12372696051115427
481,-50.0,1,0,1,0,1.479785584401717,0.1236032335506431
482,184.2287599613919,23,1,0,0,1.2909421359361641,0.12347963031709247
483,158.9973830850031,29,1,0,0,1.3765438153143514,0.12335615068677537
484,161.20909768394625,33,1,0,0,1.4505992915269366,0.12323279453608858
485,162.8038008330356,27,1,0,0,1.3027871654699292,0.1231095617415525
486,208.19356824358178,40,1,0,0,1.4372748168881038,0.12298645217981095
487,133.5427133726775,23,1,0,0,1.456775346328292,0.12286346572763114
488,132.36616976600837,42,1,0,0,1.485807425210252,0.12274060226190352
489,165.15481978459002,28,1,0,0,1.3795031231369255,0.1226178616596416
490,208.02286427117122,28,1,0,0,1.428138410947958,0.12249524379798196
491,189.32211416175636,29,1,0,0,1.494515390659473,0.12237274855418397
492,235.28369579461506,45,1,0,0,1.29580917714545,0.1222503758056298
493,251.010357458718,117,1,0,0,1.4959186179719983,0.12212812542982417
494,137.37029244453942,17,1,0,0,1.3118229801480408,0.12200599730439435
495,187.57580963675176,26,1,0,0,1.34525906977921,0.12188399130708993
496,175.9371622662,23,1,0,0,1.4489360232584518,0.12176210731578285
497,184.4989706340513,33,1,0,0,1.4448685623774018,0.12164034520846707
498,166.2284804993986,30,1,0,0,1.4984269334260527,0.12151870486325861
499,153.58171105741218,20,1,0,0,1.4823479802739452,0.12139718615839534
500,172.04064387790953,23,1,0,0,1.297161859138611,0.12127578897223695
501,191.38114579039,28,1,0,0,1.3096736074982123,0.12115451318326471
502,148.53697778402665,24,1,0,0,1.495776374980578,0.12103335867008146
503,139.71321711491592,25,1,0,0,1.3536930197061676,0.12091232531141137
504,153.2157327194458,22,1,0,0,1.4755644110313557,0.12079141298609995
505,113.68872474976175,29,1,0,0,1.4645347769216974,0.12067062157311387
506,161.14259303963487,20,1,0,0,1.383575078119419,0.12054995095154074
507,191.75456328648963,39,1,0,0,1.3917327482043103,0.12042940100058919
508,204.75229204841727,45,1,0,0,1.2040403340273376,0.1203089715995886
509,158.11835062242955,61,1,0,0,1.174359530004846,0.12018866262798902
510,144.06506285095193,18,1,0,0,1.4980546809248036,0.12006847396536102
511,181.01037142070726,28,1,0,0,1.3264378625079254,0.11994840549139568
512,190.8318105127235,33,1,0,0,1.4176115694112053,0.11982845708590428
513,174.06735489446476,20,1,0,0,1.3333086303462363,0.11970862862881837
514,169.40542133937555,21,1,0,0,1.4055892699815429,0.11958892000018956
515,145.03793857685022,21,1,0,0,1.2578356852075596,0.11946933108018937
516,242.2641825834767,68,1,0,0,1.4954263830151673,0.11934986174910918
517,171.9820724078568,25,1,0,0,1.4806974054327118,0.11923051188736007
518,162.09884577994794,27,1,0,0,1.3277712141796145,0.11911128137547272
519,161.20099889666164,31,1,0,0,1.3108735071584954,0.11899217009409724
520,171.58155789164758,43,1,0,0,1.4766546506234441,0.11887317792400315
521,176.98351544738017,50,1,0,0,1.3597771101303795,0.11875430474607913
522,194.55832796471628,43,1,0,0,1.4883798238883987,0.11863555044133306
523,-50.0,1,0,1,0,4.956252027266325,0.11851691489089172
524,191.37799996080997,28,1,0,0,1.4954419294472006,0.11839839797600082
525,202.01058037792308,42,1,0,0,1.4887847604728754,0.11827999957802482
526,192.08808911092376,64,1,0,0,1.3538271748497122,0.11816171957844679
527,169.44270763971033,28,1,0,0,1.4165523822201658,0.11804355785886836
528,102.038631748395,32,1,0,0,1.4556646382444487,0.11792551430100949
529,172.59977780632659,26,1,0,0,1.4890832783760337,0.11780758878670848
530,156.8873125048818,16,1,0,0,1.2306997570223297,0.11768978119792178
531,172.05476035266386,24,1,0,0,1.3990268599926678,0.11757209141672385
532,104.01987221864003,3,1,0,0,1.437765520857522,0.11745451932530714
533,140.79749706605628,17,1,0,0,1.4166675882215674,0.11733706480598181
534,172.5957082998413,20,1,0,0,1.2686797010865187,0.11721972774117584
535,149.33430737208226,20,1,0,0,1.4037140296469048,0.11710250801343465
536,167.3032511320307,28,1,0,0,1.4799100640698324,0.11698540550542123
537,159.91037405040024,41,1,0,0,1.4563223995892711,0.11686842009991581
538,235.42868602107117,81,1,0,0,1.4478151191948783,0.11675155167981588
539,178.26340661361,24,1,0,0,1.4373429549447871,0.11663480012813608
540,173.11513827340804,39,1,0,0,1.4583247466861944,0.11651816532800795
541,100.0,1,1,0,0,1.4534952537084895,0.11640164716267992
542,187.1975552059066,35,1,0,0,1.4944781165488346,0.11628524551551725
543,186.26879695969157,28,1,0,0,1.286252799589155,0.11616896027000173
544,188.05931496917344,24,1,0,0,1.391338575338056,0.11605279130973173
545,193.80786924424527,195,1,0,0,1.498720909857128,0.115936738518422
546,177.28228640491994,32,1,0,0,1.4128193330979069,0.11582080177990357
547,58.30914621842048,200,0,0,1,2.4654249531888897,0.11570498097812368
548,153.08170110567474,22,1,0,0,1.381279367430992,0.11558927599714555
549,119.25942916540257,12,1,0,0,1.4712640130952137,0.1154736867211484
550,158.24355024503268,18,1,0,0,1.4113599713349165,0.11535821303442724
551,167.40360545300896,46,1,0,0,1.4986541485893032,0.11524285482139283
552,182.08653633303237,34,1,0,0,1.33694170343171,0.11512761196657142
553,156.04174493268403,26,1,0,0,1.4910841757180093,0.11501248435460486
554,155.868633356487,20,1,0,0,1.4984569169485185,0.11489747187025026
555,182.9456395073861,23,1,0,0,1.3873610689679026,0.11478257439838001
556,201.7271429388116,40,1,0,0,1.4512532820895714,0.11466779182398162
557,181.56545314499405,31,1,0,0,1.4695524487841567,0.11455312403215763
558,168.57582008048928,19,1,0,0,1.2509182937568162,0.11443857090812548
559,200.4641619945486,35,1,0,0,1.2274709689665475,0.11432413233721737
560,180.85075594147116,30,1,0,0,1.2863895886698562,0.11420980820488014
561,157.10074712991806,25,1,0,0,1.367142419912008,0.11409559839667525
562,169.94909450158457,46,1,0,0,1.358074062788246,0.1139815027982786
563,153.68344003533753,31,1,0,0,1.4923243968360789,0.1138675212954803
564,171.81347441640366,20,1,0,0,1.4701310306516386,0.11375365377418484
565,185.6179187696183,27,1,0,0,1.373800671233718,0.11363990012041064
566,187.056638008243,37,1,0,0,1.4869324518933913,0.11352626022029022
567,151.76419345175907,44,1,0,0,1.4982591394798848,0.11341273396006996
568,175.53388010012952,25,1,0,0,1.2954856795702931,0.11329932122610986
569,191.42422352416708,32,1,0,0,1.3372808411448622,0.11318602190488376
570,156.86489248313012,30,1,0,0,1.423279407049355,0.11307283588297888
571,143.71400080188198,18,1,0,0,1.4227128016470447,0.1129597630470959
572,136.48322319085685,17,1,0,0,1.3264631215831633,0.1128468032840488
573,196.77050414819888,52,1,0,0,1.4203710526908793,0.11273395648076474
574,187.1199400178301,24,1,0,0,1.433491834317455,0.112621222524284
575,192.70960881854643,23,1,0,0,1.461211626746969,0.11250860130175971
576,107.74363025622107,6,1,0,0,1.469782007681632,0.11239609270045794
577,182.41890776636544,25,1,0,0,1.2419208750409516,0.11228369660775749
578,240.851286270313,53,1,0,0,1.4227370828772057,0.11217141291114972
579,144.8670165796962,21,1,0,0,1.2614805389041388,0.1120592414982386
580,139.9835119048955,24,1,0,0,1.4177232604411762,0.11194718225674034
581,132.1366855845076,11,1,0,0,1.2434806195448302,0.11183523507448359
582,129.37267150001276,20,1,0,0,1.4406024543716915,0.11172339983940911
583,178.7891956582386,23,1,0,0,1.4447211553644184,0.11161167643956971
584,170.2351316056525,22,1,0,0,1.4284925077474708,0.11150006476313012
585,203.6936579336625,42,1,0,0,1.4883235901584884,0.111388564698367
586,198.52029705774785,45,1,0,0,1.4766056253870192,0.11127717613366864
587,174.4080794546159,24,1,0,0,1.4304929137795752,0.11116589895753498
588,215.9662998034097,86,1,0,0,1.4701363477834808,0.11105473305857744
589,85.82141844782254,200,0,0,1,1.805876868236946,0.11094367832551887
590,143.96106566984272,111,1,0,0,1.4960104672502743,0.11083273464719334
591,19.779403202355425,200,0,0,1,2.229538148161297,0.11072190191254615
592,175.58492818076314,70,1,0,0,1.4924976560775813,0.1106111800106336
593,205.27973139838082,40,1,0,0,1.4303007525444522,0.11050056883062297
594,193.0627861152339,26,1,0,0,1.2455946613086502,0.11039006826179235
595,161.77650087281523,36,1,0,0,1.4440969784886732,0.11027967819353056
596,165.80359253141592,29,1,0,0,1.3992789603803788,0.11016939851533702
597,162.82843174197774,42,1,0,0,1.499071611056365,0.1100592291168217
598,157.29222865962825,28,1,0,0,1.4746157000828004,0.10994916988770487
599,178.4446376863658,32,1,0,0,1.4250120621903908,0.10983922071781715
600,130.00403393554848,19,1,0,0,1.3447122480627727,0.10972938149709935
601,133.0080653046769,20,1,0,0,1.4262801273955295,0.10961965211560223
602,254.25955798020675,57,1,0,0,1.4262781968799914,0.10951003246348663
603,185.87441613969298,30,1,0,0,1.3668011206150261,0.10940052243102315
604,47.41960608536721,200,0,0,1,2.633997554030033,0.10929112190859212
605,163.77434069095438,65,1,0,0,1.3930264619005803,0.10918183078668353
606,159.68626874397367,27,1,0,0,1.4457971612890255,0.10907264895589686
607,140.10436393588984,23,1,0,0,1.4359607732303317,0.10896357630694097
608,185.35352901425716,24,1,0,0,1.2906180356652535,0.10885461273063401
609,180.74483930482825,25,1,0,0,1.398252319539192,0.10874575811790338
610,117.00299445647894,192,1,0,0,1.4954831849135883,0.10863701235978547
611,-7.15114533970816,200,0,0,1,3.023365280763255,0.10852837534742568
612,89.59863236505876,200,0,0,1,2.837736474286014,0.10841984697207828
613,237.73950686620785,40,1,0,0,1.3431766224964559,0.10831142712510618
614,166.34917962007427,26,1,0,0,1.3249534678710357,0.10820311569798108
615,156.8610053402392,23,1,0,0,1.2083543067409206,0.1080949125822831
616,175.87654073781732,90,1,0,0,1.4492790909493625,0.10798681766970082
617,191.00775871439077,32,1,0,0,1.478994942231031,0.10787883085203112
618,158.4956372387635,53,1,0,0,1.4184250262684157,0.10777095202117909
619,162.59339439427106,20,1,0,0,1.1978251239849165,0.10766318106915791
620,105.12203043135149,200,0,0,1,2.3788094162170044,0.10755551788808876
621,195.3194884013526,34,1,0,0,1.265840885094674,0.10744796237020066
622,171.624054160012,27,1,0,0,1.3339210364137046,0.10734051440783046
623,201.46604657658844,28,1,0,0,1.4118435989597835,0.10723317389342263
624,190.66696815135884,29,1,0,0,1.282650840252427,0.10712594071952919
625,128.80452972943672,81,1,0,0,1.366841672222652,0.10701881477880969
626,142.90916700305775,17,1,0,0,1.3600071627294512,0.10691179596403087
627,194.48785717614214,34,1,0,0,1.4267825032612895,0.10680488416806684
628,153.30601841252297,47,1,0,0,1.4733708424045246,0.10669807928389877
629,140.78783777853732,14,1,0,0,1.473955512010775,0.10659138120461487
630,119.66995446509162,120,1,0,0,1.4722055794031867,0.10648478982341025
631,147.94606072306897,36,1,0,0,1.4805275581432018,0.10637830503358683
632,239.99762580795925,107,1,0,0,1.4750572695952824,0.10627192672855326
633,135.9758368659737,77,1,0,0,1.4585044055769398,0.1061656548018247
634,133.65907519945637,10,1,0,0,1.2350460142969328,0.10605948914702289
635,151.7388801365853,52,1,0,0,1.4445525607927159,0.10595342965787585
636,163.59658832478445,25,1,0,0,1.3024273962734008,0.10584747622821798
637,186.36797667698468,93,1,0,0,1.4230242383700025,0.10574162875198977
638,204.62115734840359,32,1,0,0,1.4291873402378414,0.10563588712323778
639,203.67265902684971,26,1,0,0,1.1646701504740629,0.10553025123611454
640,181.1292215390667,30,1,0,0,1.474138033607683,0.10542472098487841
641,172.8200988159915,149,1,0,0,1.4865219300359087,0.10531929626389354
642,125.54879984985216,17,1,0,0,1.4938823046285714,0.10521397696762964
643,187.81024677960036,23,1,0,0,1.4966626391239486,0.10510876299066202
644,209.1327941090293,25,1,0,0,1.2901134873173021,0.10500365422767136
645,17.08445097425221,200,0,0,1,4.040389778764865,0.10489865057344368
646,137.1888947590261,22,1,0,0,1.2561573925354956,0.10479375192287024
647,170.11852564060248,54,1,0,0,1.475557482832392,0.10468895817094737
648,191.3564101149176,32,1,0,0,1.4998328055672818,0.10458426921277642
649,146.01409701712333,14,1,0,0,1.318976508748648,0.10447968494356363
650,147.15535331799066,142,1,0,0,1.362397665576538,0.10437520525862008
651,220.64926596471062,80,1,0,0,1.3959437911321533,0.10427083005336146
652,156.13124021456588,15,1,0,0,1.4508088387367033,0.10416655922330809
653,123.7482387529228,12,1,0,0,1.2984549641150425,0.10406239266408479
654,141.15299585295062,26,1,0,0,1.438379469673526,0.1039583302714207
655,191.55974195105028,30,1,0,0,1.4294058518418895,0.10385437194114928
656,173.60314757277624,25,1,0,0,1.3094096514059712,0.10375051756920813
657,186.36499543093709,71,1,0,0,1.4672069259243339,0.10364676705163894
658,218.6711717040825,42,1,0,0,1.4570750123340837,0.10354312028458729
659,-50.0,1,0,1,0,4.753380216304759,0.1034395771643027
660,136.94566262659862,15,1,0,0,1.184471591218422,0.1033361375871384
661,210.74571144505845,57,1,0,0,1.460200456514865,0.10323280144955126
662,51.97926226462515,200,0,0,1,2.5906188281672793,0.1031295686481017
663,138.98443721280512,16,1,0,0,1.4418404687608657,0.10302643907945362
664,169.14907686558286,22,1,0,0,1.3144550312333407,0.10292341264037415
665,100.0,1,1,0,0,1.1802700675692048,0.10282048922773378
666,135.96914797878446,17,1,0,0,1.3908022783376721,0.10271766873850606
667,168.36604467635348,87,1,0,0,1.4103689391712215,0.10261495106976753
668,54.13659047958413,200,0,0,1,2.844025796752099,0.10251233611869777
669,177.96468143692223,37,1,0,0,1.4681767118466296,0.10240982378257908
670,115.50032224464924,17,1,0,0,1.4841015223803427,0.1023074139587965
671,157.77119892866202,24,1,0,0,1.167497098587771,0.1022051065448377
672,173.69838543408397,29,1,0,0,1.485668886418309,0.10210290143829287
673,186.77622300286276,28,1,0,0,1.4317139940055645,0.10200079853685456
674,159.3659342656681,54,1,0,0,1.4991008471847764,0.10189879773831773
675,244.77107431773138,118,1,0,0,1.4946873871229724,0.1017968989405794
676,122.40057297501076,9,1,0,0,1.3574222255256951,0.10169510204163881
677,172.0380891624197,20,1,0,0,1.4983928917251823,0.10159340693959718
678,162.9159803688064,27,1,0,0,1.433600665017802,0.10149181353265757
679,170.74117452537223,185,1,0,0,1.4797057176735395,0.10139032171912493
680,129.73970760726942,12,1,0,0,1.2992143455243685,0.1012889313974058
681,175.1334783531039,28,1,0,0,1.374292052019522,0.10118764246600838
682,100.0,1,1,0,0,1.3725643415810918,0.10108645482354238
683,186.16554645179215,76,1,0,0,1.4391537698981725,0.10098536836871884
684,141.41236441481658,36,1,0,0,1.3350704286158879,0.10088438300035013
685,185.27229320259158,24,1,0,0,1.2890358826373831,0.10078349861734977
686,191.77804030197433,25,1,0,0,1.4909483777758876,0.10068271511873242
687,149.37303208122145,16,1,0,0,1.3402229254803353,0.10058203240361369
688,152.1454760309819,37,1,0,0,1.2787447275939794,0.10048145037121009
689,100.0,1,1,0,0,1.4798727324433545,0.10038096892083886
690,177.04161574636265,31,1,0,0,1.4194645230775158,0.10028058795191802
691,182.32603482419793,28,1,0,0,1.4037015336183034,0.1001803073639661
692,173.75260163380142,27,1,0,0,1.4312605290329046,0.10008012705660214
693,159.71067859174644,26,1,0,0,1.260921702113057,0.09998004692954554
694,53.625981252470645,200,0,0,1,2.8170190456616084,0.099880066882616
695,-17.251675977417772,200,0,0,1,2.1499222562995306,0.09978018681573338
696,154.37034140159054,20,1,0,0,1.371897519453135,0.09968040662891764
697,-50.0,1,0,1,0,3.152049303966554,0.09958072622228872
698,186.40372582546814,27,1,0,0,1.2600477542140585,0.09948114549606644
699,82.61925451318129,200,0,0,1,1.9478572589193932,0.09938166435057037
700,147.06861957740992,18,1,0,0,1.3819139594868024,0.0992822826862198
701,144.56912402408562,13,1,0,0,1.2995620119996325,0.09918300040353357
702,157.05133252464805,20,1,0,0,1.3483795601251911,0.09908381740313005
703,191.43512135451084,23,1,0,0,1.4441151745089782,0.09898473358572692
704,149.68194150326912,22,1,0,0,1.2329656450897728,0.09888574885214119
705,147.35578899952228,43,1,0,0,1.4006440188254576,0.09878686310328905
706,146.73996449963772,62,1,0,0,1.4916683849532877,0.09868807624018576
707,192.6681173826262,132,1,0,0,1.1469298000050157,0.09858938816394558
708,11.860963655985856,200,0,0,1,2.9683107493259553,0.09849079877578162
709,0.8761926177302422,200,0,0,1,2.874808713958644,0.09839230797700585
710,203.92910538542264,67,1,0,0,1.4347526059912141,0.09829391566902884
711,141.37585860280922,17,1,0,0,1.4704296752593295,0.09819562175335982
712,177.05620286806084,19,1,0,0,1.3038329555146222,0.09809742613160645
713,136.77951474292985,47,1,0,0,1.4438969207733197,0.09799932870547484
714,134.89979321915598,12,1,0,0,1.465399265539048,0.09790132937676937
715,160.87046238275343,29,1,0,0,1.3364584483139033,0.0978034280473926
716,156.172527567079,19,1,0,0,1.3477658787371958,0.0977056246193452
717,236.41510040622978,97,1,0,0,1.4982131642580496,0.09760791899472587
718,168.48134981954365,36,1,0,0,1.452717229230612,0.09751031107573113
719,236.30421206373745,110,1,0,0,1.4967103264767436,0.09741280076465542
720,204.39428363066637,35,1,0,0,1.4344924903721075,0.09731538796389075
721,136.7004198368915,15,1,0,0,1.3727333319559367,0.09721807257592685
722,181.7607924155265,27,1,0,0,1.3906121620221998,0.09712085450335094
723,25.499428056381674,200,0,0,1,3.344910721867367,0.09702373364884759
724,94.33172781256351,200,0,0,1,3.469505515963806,0.09692670991519874
725,188.02236174090095,178,1,0,0,1.4652320483521613,0.09682978320528353
726,3.2122827873237476,200,0,0,1,3.1145509027205502,0.09673295342207826
727,221.2441238001178,63,1,0,0,1.4449637105072497,0.09663622046865616
728,44.20695352570441,200,0,0,1,2.2164953642764473,0.09653958424818752
729,146.2956822103309,20,1,0,0,1.2957699679693395,0.09644304466393933
730,185.12026169072047,33,1,0,0,1.3089478294131731,0.09634660161927538
731,166.4531658046896,38,1,0,0,1.4544958305381643,0.0962502550176561
732,161.07546466251287,76,1,0,0,1.4756063312580447,0.09615400476263847
733,173.70982960972194,29,1,0,0,1.3404387724013676,0.09605785075787582
734,168.1094183896851,141,1,0,0,1.4698423299419068,0.09596179290711794
735,175.30889325963807,49,1,0,0,1.4784078895917052,0.09586583111421082
736,269.5708486393769,53,1,0,0,1.3763870975923425,0.09576996528309661
737,188.6396937235598,37,1,0,0,1.3736551388702127,0.09567419531781352
738,122.26041054954354,70,1,0,0,1.3645673902356892,0.09557852112249571
739,-17.436421061120402,200,0,0,1,2.5512601669440764,0.0954829426013732
740,176.60658378987847,27,1,0,0,1.4177356342010357,0.09538745965877184
741,176.22563983432894,28,1,0,0,1.1623564767356218,0.09529207219911306
742,163.2181715705853,26,1,0,0,1.4004378331146405,0.09519678012691396
743,175.64640460901705,27,1,0,0,1.4854889083813911,0.09510158334678703
744,138.71639240193997,14,1,0,0,1.4610115739856446,0.09500648176344025
745,53.87622464079975,200,0,0,1,3.0975743101945508,0.09491147528167682
746,154.15684999054784,16,1,0,0,1.3683668591388876,0.09481656380639514
747,100.0,1,1,0,0,1.2111745627857209,0.09472174724258874
748,157.32461731410717,19,1,0,0,1.2942946389370387,0.09462702549534614
749,233.33235414955587,52,1,0,0,1.4330266980592778,0.0945323984698508
750,73.17218365614599,200,0,0,1,2.2686315396333034,0.09443786607138095
751,166.62495446313125,20,1,0,0,1.2262127839871584,0.09434342820530957
752,159.21190658217907,143,1,0,0,1.49954239004665,0.09424908477710425
753,41.36004608556316,200,0,0,1,3.6975498213540097,0.09415483569232716
754,194.36863780811518,34,1,0,0,1.4807813584184144,0.09406068085663483
755,172.85822013643673,21,1,0,0,1.103195331768366,0.0939666201757782
756,184.57609585163146,25,1,0,0,1.4601521892771367,0.09387265355560243
757,160.85354948923222,23,1,0,0,1.4555707194767868,0.09377878090204682
758,175.7795512072641,17,1,0,0,1.2862040295738333,0.09368500212114476
759,161.16608900072256,27,1,0,0,1.4817676433568978,0.09359131711902363
760,14.447888341208401,200,0,0,1,2.6190143116051225,0.0934977258019046
761,249.69646465576565,94,1,0,0,1.4730464297388517,0.0934042280761027
762,164.0540676606439,21,1,0,0,1.422845421457988,0.09331082384802658
763,143.2764114609853,21,1,0,0,1.4620989557431794,0.09321751302417856
764,-50.0,1,0,1,0,5.704238757013284,0.09312429551115438
765,142.8039580651235,61,1,0,0,1.499751634299249,0.09303117121564324
766,168.13748712470272,85,1,0,0,1.4577449310656683,0.09293814004442759
767,35.345813975869035,200,0,0,1,2.1028553708369135,0.09284520190438317
768,188.44740327608037,32,1,0,0,1.3859889795137865,0.09275235670247878
769,235.06078593145912,178,1,0,0,1.4332046799004496,0.0926596043457763
770,178.74633970099853,22,1,0,0,1.328244009151261,0.09256694474143051
771,33.054485110558026,200,0,0,1,1.8466327484293688,0.0924743777966891
772,183.34023219752874,24,1,0,0,1.473130450296424,0.09238190341889241
773,138.9301952359742,32,1,0,0,1.467695572846594,0.09228952151547351
774,48.26164936195859,200,0,0,1,1.825019876538917,0.09219723199395803
775,125.7435817029379,114,1,0,0,1.481270454070872,0.09210503476196408
776,175.01022001773907,26,1,0,0,1.3502086858506015,0.09201292972720211
777,159.86747742008512,18,1,0,0,1.4799349828799926,0.09192091679747491
778,177.55929667109467,78,1,0,0,1.4330225652239503,0.09182899588067744
779,156.5579654530476,122,1,0,0,1.3008190848246284,0.09173716688479676
780,221.15986627406392,30,1,0,0,1.4583361568461992,0.09164542971791195
781,136.80049929043122,41,1,0,0,1.3849485865685554,0.09155378428819405
782,175.83309385240017,63,1,0,0,1.4970660206804478,0.09146223050390585
783,154.32248162987335,16,1,0,0,1.4366675457445575,0.09137076827340196
784,139.86723035159469,15,1,0,0,1.3975326061187203,0.09127939750512855
785,149.9862974756457,18,1,0,0,1.3543000879276947,0.09118811810762342
786,198.44573180269265,33,1,0,0,1.401899489014304,0.0910969299895158
787,193.658332826165,182,1,0,0,1.49546374694588,0.09100583305952628
788,158.5060230418157,25,1,0,0,1.4413245279971552,0.09091482722646675
789,171.4460336620386,33,1,0,0,1.3492318613269392,0.09082391239924029
790,207.72464173913409,35,1,0,0,1.2827807633497634,0.09073308848684104
791,194.73757018649908,47,1,0,0,1.4688683395099773,0.0906423553983542
792,169.84654410975492,27,1,0,0,1.2706469925386872,0.09055171304295584
793,95.31336124277404,200,0,0,1,1.7017380716798296,0.09046116132991289
794,-50.0,1,0,1,0,8.493640370089484,0.09037070016858298
795,161.4173206342511,18,1,0,0,1.2220309666021678,0.0902803294684144
796,175.66544390454902,25,1,0,0,1.4506082239187104,0.09019004913894599
797,148.4159968718328,23,1,0,0,1.4134811634413336,0.09009985908980704
798,152.11809781743332,36,1,0,0,1.2640915515181836,0.09000975923071723
799,165.94201317801787,24,1,0,0,1.3486778045733974,0.08991974947148651
800,165.8244949858057,27,1,0,0,1.3564765501480136,0.08982982972201503
801,132.6708302590219,15,1,0,0,1.4703029713465978,0.08973999989229302
802,199.07179910681882,27,1,0,0,1.4646035944329703,0.08965025989240072
803,175.8564764897652,81,1,0,0,1.388905073327356,0.08956060963250832
804,160.4995478418269,90,1,0,0,1.4149490623209322,0.08947104902287581
805,132.91167072629293,13,1,0,0,1.4762203554172808,0.08938157797385293
806,66.48270141591645,200,0,0,1,2.0829133272877502,0.08929219639587908
807,223.4022795076197,109,1,0,0,1.4579499538374658,0.0892029041994832
808,220.49427493144242,32,1,0,0,1.4800209547908991,0.08911370129528372
809,180.3901800467603,44,1,0,0,1.4436469482253567,0.08902458759398843
810,56.468248876222816,200,0,0,1,2.0188624473213825,0.08893556300639444
811,197.19368706530287,27,1,0,0,1.4220403848426215,0.08884662744338806
812,151.9027310156059,46,1,0,0,1.488394098376063,0.08875778081594465
813,177.22462848052038,25,1,0,0,1.3228717221121773,0.08866902303512872
814,175.08952974886108,19,1,0,0,1.2003613204606403,0.08858035401209359
815,182.1201792349796,32,1,0,0,1.4313681996928656,0.08849177365808149
816,171.49206911255004,22,1,0,0,1.3796889263590875,0.08840328188442342
817,-50.0,1,0,1,0,2.5672645858355683,0.08831487860253899
818,148.72375663199867,14,1,0,0,1.3197727683568303,0.08822656372393645
819,-50.0,1,0,1,0,3.3717973950183393,0.08813833716021252
820,167.8540193136687,17,1,0,0,1.1201248010252491,0.0880501988230523
821,185.73272483391494,29,1,0,0,1.2362348329608506,0.08796214862422924
822,93.28268443317312,200,0,0,1,2.0633137650100846,0.08787418647560502
823,132.03477152243713,200,0,0,1,3.810523229305914,0.08778631228912942
824,243.48186983234905,165,1,0,0,1.4839448506270145,0.08769852597684029
825,159.47358039467497,23,1,0,0,1.249341104407654,0.08761082745086345
826,205.82922427057872,55,1,0,0,1.4587831602205878,0.08752321662341259
827,128.26065021580462,18,1,0,0,1.4920068612020656,0.08743569340678917
828,152.7124276012818,50,1,0,0,1.4439050068752977,0.08734825771338238
829,125.5576986866881,34,1,0,0,1.4399419528112296,0.087260909455669
830,122.1981022682677,19,1,0,0,1.4833065364998885,0.08717364854621333
831,168.5179721923975,40,1,0,0,1.474474769187253,0.08708647489766712
832,139.75070419498752,14,1,0,0,1.2442778595091897,0.08699938842276944
833,197.63373507081147,51,1,0,0,1.4853923750432756,0.08691238903434667
834,196.17290071962714,41,1,0,0,1.4802460012563246,0.08682547664531233
835,126.67893925097334,39,1,0,0,1.2693432890666883,0.08673865116866702
836,233.88096729282012,74,1,0,0,1.461851157626371,0.08665191251749835
837,64.64244128782568,200,0,0,1,1.8765524477513418,0.08656526060498086
838,148.3384854959524,14,1,0,0,1.431036513007193,0.08647869534437587
839,205.62687641043158,32,1,0,0,1.3561902706774016,0.0863922166490315
840,167.40531576495326,56,1,0,0,1.438891454916795,0.08630582443238247
841,241.07988726477754,51,1,0,0,1.4530005142684144,0.08621951860795007
842,192.21338664602428,24,1,0,0,1.1094392636941193,0.08613329908934214
843,99.54528895131638,200,0,0,1,2.0140789334658313,0.08604716579025279
844,146.65306474582673,18,1,0,0,1.4113953774058845,0.08596111862446254
845,222.41095627007388,196,1,0,0,1.4995554990103657,0.08587515750583807
846,168.2647207590743,64,1,0,0,1.4122118684022908,0.08578928234833223
847,110.24003813794464,15,1,0,0,1.4933917240729884,0.0857034930659839
848,173.55263441369888,25,1,0,0,1.2579365800945967,0.08561778957291792
849,48.311252086796785,200,0,0,1,2.3811471226218437,0.085532171783345
850,133.1128927890787,12,1,0,0,1.4753779403116771,0.08544663961156165
851,177.47440519011863,32,1,0,0,1.2778478337415435,0.0853611929719501
852,153.7810397405734,21,1,0,0,1.3456436770329623,0.08527583177897814
853,197.32889724721576,40,1,0,0,1.47590705594369,0.08519055594719917
854,154.4219306081399,28,1,0,0,1.448625628163763,0.08510536539125196
855,169.0706423464196,20,1,0,0,1.421236879748857,0.08502026002586072
856,134.66462984051205,19,1,0,0,1.489366522823134,0.08493523976583485
857,162.76758985241926,61,1,0,0,1.4827755117807495,0.08485030452606902
858,155.3745825147785,18,1,0,0,1.2041565488384969,0.08476545422154295
859,145.52165222571614,20,1,0,0,1.4478047632531095,0.0846806887673214
860,172.72026236441263,18,1,0,0,1.4544408600269427,0.0845960080785541
861,161.59242927097807,31,1,0,0,1.4656689715184161,0.08451141207047552
862,136.71081991276122,12,1,0,0,1.4306217298585409,0.08442690065840507
863,130.54780844876774,18,1,0,0,1.4314185144106415,0.08434247375774666
864,194.2117047020355,28,1,0,0,1.4061342470237714,0.0842581312839889
865,184.0611520924569,59,1,0,0,1.4906540238359542,0.08417387315270491
866,122.82108559201582,112,1,0,0,1.4415335062505423,0.08408969927955222
867,170.0907308243884,51,1,0,0,1.4677565961786525,0.08400560958027266
868,160.41866134194282,24,1,0,0,1.3965029323056999,0.08392160397069238
869,193.7408498779543,27,1,0,0,1.4761467792087317,0.08383768236672169
870,219.48586357401933,43,1,0,0,1.4374254085533937,0.08375384468435498
871,120.83158945142989,33,1,0,0,1.426222882096053,0.08367009083967061
872,159.95905825023686,20,1,0,0,1.4418429775553843,0.08358642074883094
873,170.3086401640923,23,1,0,0,1.3576483620751822,0.08350283432808212
874,175.58420226775928,26,1,0,0,1.4940989082964367,0.08341933149375402
875,181.97517519685232,27,1,0,0,1.3814284333840776,0.08333591216226027
876,163.2397429544394,51,1,0,0,1.4476086520620093,0.08325257625009802
877,171.42018449665895,23,1,0,0,1.4327668999030503,0.08316932367384793
878,153.01498659393553,22,1,0,0,1.470648513770722,0.08308615435017408
879,9.775923694872718,200,0,0,1,2.5159602617970873,0.0830030681958239
880,155.28790402598102,137,1,0,0,1.487644606133234,0.08292006512762808
881,92.94318979021021,200,0,0,1,2.262442094047859,0.08283714506250045
882,193.00934976077662,48,1,0,0,1.474985245988859,0.08275430791743794
883,144.09390428610868,19,1,0,0,1.2096576912726202,0.0826715536095205
884,181.7699589012087,24,1,0,0,1.4227872531508365,0.08258888205591099
885,224.69736321841344,100,1,0,0,1.4992354323018096,0.08250629317385508
886,241.06103710714922,46,1,0,0,1.3461535990868783,0.08242378688068122
887,176.55422887879317,42,1,0,0,1.4891475769067493,0.08234136309380054
888,137.7670431614027,112,1,0,0,1.464340348437832,0.08225902173070675
889,194.42054584446856,28,1,0,0,1.3829332565592123,0.08217676270897603
890,192.84540309241228,30,1,0,0,1.4024862253808172,0.08209458594626706
891,190.22350816151896,25,1,0,0,1.4051427549037416,0.0820124913603208
892,187.61260260255438,42,1,0,0,1.3227872905218852,0.08193047886896047
893,179.27779854192653,25,1,0,0,1.331754032594165,0.08184854839009151
894,252.8124596335678,148,1,0,0,1.4913014047800084,0.08176669984170142
895,171.09102044697678,27,1,0,0,1.3486166909205708,0.0816849331418597
896,166.30135918010473,25,1,0,0,1.4626689791093772,0.08160324820871785
897,192.84906315026757,36,1,0,0,1.4653702553778627,0.08152164496050913
898,127.6977214598416,12,1,0,0,1.4001220848613072,0.08144012331554862
899,192.8002120863983,60,1,0,0,1.4689856925175686,0.08135868319223308
900,146.95222299441946,21,1,0,0,1.4948056197065565,0.08127732450904085
901,214.08588961055167,102,1,0,0,1.4967713315868258,0.08119604718453181
902,229.5670569593302,58,1,0,0,1.4898041398165665,0.08111485113734727
903,126.25345551389712,8,1,0,0,1.1823144616218448,0.08103373628620993
904,211.5098712278098,33,1,0,0,1.2817850287630692,0.08095270254992372
905,169.49387741549936,18,1,0,0,1.2216434118195818,0.08087174984737379
906,135.66443914133504,11,1,0,0,1.1289183574638322,0.08079087809752641
907,166.15381965567724,28,1,0,0,1.369877258480593,0.08071008721942889
908,143.94966531674834,200,0,0,1,2.4882736518203106,0.08062937713220947
909,144.81378438205377,18,1,0,0,1.3348770297374104,0.08054874775507725
910,134.06541006251638,12,1,0,0,1.2627413634680413,0.08046819900732217
911,3.765954070818636,200,0,0,1,2.720776955130565,0.08038773080831485
912,143.47085310512304,24,1,0,0,1.4082262300415507,0.08030734307750653
913,230.22228638850203,75,1,0,0,1.314879943281231,0.08022703573442903
914,172.75618775434702,22,1,0,0,1.2353874533290286,0.0801468086986946
915,186.57612078203653,25,1,0,0,1.4057021327132158,0.08006666188999591
916,174.82692758958683,29,1,0,0,1.4102560080679765,0.07998659522810592
917,178.98672538831698,35,1,0,0,1.4807814579499492,0.07990660863287781
918,133.86759655654788,13,1,0,0,1.1502888878009654,0.07982670202424492
919,172.8272562154853,24,1,0,0,1.4470929536227444,0.07974687532222069
920,188.39123291772313,33,1,0,0,1.3627443600062505,0.07966712844689847
921,211.7924788341364,58,1,0,0,1.4903698418069584,0.07958746131845157
922,171.08692884654027,25,1,0,0,1.364098539368812,0.07950787385713311
923,200.703583678392,31,1,0,0,1.3631401602605446,0.07942836598327598
924,177.32403219537105,22,1,0,0,1.4580866548985305,0.07934893761729271
925,150.34133051351725,15,1,0,0,1.4941053880102007,0.07926958867967542
926,167.9110585524868,30,1,0,0,1.4734889339855497,0.07919031909099573
927,176.80076016516884,50,1,0,0,1.4220085779682636,0.07911112877190474
928,185.5887170812747,24,1,0,0,1.1883241969996903,0.07903201764313283
929,135.86889052679174,11,1,0,0,1.4328715853366398,0.07895298562548969
930,-50.0,1,0,1,0,3.3663097675281204,0.07887403263986421
931,156.5056844412027,17,1,0,0,1.4215123236218097,0.07879515860722436
932,125.9330542011149,14,1,0,0,1.44131164749067,0.07871636344861713
933,195.4307881501366,25,1,0,0,1.1211008060696668,0.07863764708516852
934,156.31779388169585,28,1,0,0,1.3224123197403765,0.07855900943808333
935,215.1108346120982,37,1,0,0,1.4674183794370885,0.07848045042864527
936,168.4889630554696,61,1,0,0,1.2495893409121317,0.0784019699782166
937,127.24808531186588,28,1,0,0,1.3814804016046498,0.07832356800823839
938,200.08155516759314,31,1,0,0,1.4549106474344613,0.07824524444023015
939,163.26948468710555,22,1,0,0,1.3952217452186635,0.07816699919578993
940,153.8723352764824,17,1,0,0,1.3654823228851183,0.07808883219659413
941,147.43968097880665,31,1,0,0,1.4692212274495617,0.07801074336439755
942,150.53827965882655,77,1,0,0,1.4377809383317925,0.07793273262103315
943,166.46186642848534,24,1,0,0,1.292907439231346,0.07785479988841211
944,27.804799235194004,200,0,0,1,2.8758903554577633,0.07777694508852369
945,98.49230514385636,89,1,0,0,1.4695026537835423,0.07769916814343518
946,207.80236830657043,34,1,0,0,1.3774039235391389,0.07762146897529174
947,159.3791170484672,47,1,0,0,1.3817330541445065,0.07754384750631645
948,165.14176342807676,28,1,0,0,1.3059327972074113,0.07746630365881013
949,36.434489435728274,200,0,0,1,2.4487889645135317,0.07738883735515133
950,166.6707318356174,18,1,0,0,1.320848997322244,0.07731144851779617
951,161.2225852175514,90,1,0,0,1.3881192909069295,0.07723413706927837
952,149.03314433966102,31,1,0,0,1.4302711325379371,0.0771569029322091
953,220.2464935235799,47,1,0,0,1.4924581580382448,0.07707974602927688
954,185.77542424884467,46,1,0,0,1.468774214017331,0.0770026662832476
955,226.41947953146297,39,1,0,0,1.476145237018691,0.07692566361696436
956,124.44017702849031,25,1,0,0,1.3997520328694235,0.0768487379533474
957,179.04576457779686,32,1,0,0,1.4749107447937388,0.07677188921539405
958,159.3730750259696,22,1,0,0,1.4802596394882954,0.07669511732617866
959,168.49701776762348,25,1,0,0,1.3862547825157292,0.07661842220885247
960,166.17759016241735,33,1,0,0,1.445971961525244,0.07654180378664362
961,180.50168460508743,25,1,0,0,1.4846423385622247,0.07646526198285697
962,162.50564130848497,17,1,0,0,1.442370531497156,0.07638879672087412
963,186.95604671477656,53,1,0,0,1.4833059190909017,0.07631240792415325
964,174.1745278930652,20,1,0,0,1.3582858604805377,0.07623609551622909
965,203.35291588221662,38,1,0,0,1.4284560599276606,0.07615985942071286
966,178.7321883119992,25,1,0,0,1.2494575178637002,0.07608369956129216
967,156.61217150040332,22,1,0,0,1.4889626185248102,0.07600761586173087
968,181.08007860800743,22,1,0,0,1.1846642148451716,0.07593160824586913
969,142.37692058200977,37,1,0,0,1.4993996478840623,0.07585567663762327
970,172.86894908937563,23,1,0,0,1.2953278801855699,0.07577982096098564
971,189.4879019617627,146,1,0,0,1.4945382051828948,0.07570404114002466
972,130.03851938951036,18,1,0,0,1.321739085191875,0.07562833709888463
973,140.504053786128,14,1,0,0,1.2803064385219038,0.07555270876178574
974,186.83331709380388,25,1,0,0,1.1468550055028324,0.07547715605302396
975,192.44860509717262,44,1,0,0,1.4213754660423892,0.07540167889697093
976,139.67901601189317,18,1,0,0,1.4491326758212373,0.07532627721807396
977,172.0890005060025,22,1,0,0,1.4549842631368317,0.07525095094085588
978,130.98808408437554,19,1,0,0,1.2513507100332546,0.07517569998991502
979,166.66174013909574,23,1,0,0,1.4420337515153026,0.07510052428992511
980,176.9414077995166,24,1,0,0,1.468931019914894,0.07502542376563519
981,115.76268564214443,108,1,0,0,1.4130620695341995,0.07495039834186955
982,146.61856073167377,17,1,0,0,1.1953361126768405,0.07487544794352768
983,171.85811830757564,30,1,0,0,1.4270798090614607,0.07480057249558415
984,173.42472476685063,193,1,0,0,1.4671695668378957,0.07472577192308857
985,188.01090631681848,30,1,0,0,1.3152609898561467,0.07465104615116548
986,159.47877985067808,22,1,0,0,1.2784264590829741,0.07457639510501432
987,132.46585124688514,14,1,0,0,1.4705434022876613,0.0745018187099093
988,112.95233781934752,6,1,0,0,1.3499275314931192,0.0744273168911994
989,209.31820100574356,33,1,0,0,1.4756324028580068,0.07435288957430819
990,140.72701805331153,27,1,0,0,1.4295701754262482,0.07427853668473389
991,190.73178898729378,35,1,0,0,1.3642896474524395,0.07420425814804915
992,157.73198003136588,32,1,0,0,1.4646468506049486,0.07413005388990111
993,220.39798891945713,38,1,0,0,1.4839136519458824,0.0740559238360112
994,127.65196985492607,31,1,0,0,1.2533454531057282,0.07398186791217519
995,172.70352260185646,24,1,0,0,1.459968101675912,0.07390788604426302
996,162.14804748574966,45,1,0,0,1.3251150321828975,0.07383397815821875
997,165.3222887913277,26,1,0,0,1.4139118847599015,0.07376014418006054
998,187.83662502550143,32,1,0,0,1.2425635183860295,0.07368638403588047
999,192.4137728570082,25,1,0,0,1.3851225685838036,0.07361269765184458
1000,206.50481496684955,119,1,0,0,1.4932589577543631,0.07353908495419274
1001,158.64820107434429,24,1,0,0,1.3197100408532798,0.07346554586923855
1002,188.26626271407844,24,1,0,0,1.4980096384995123,0.07339208032336932
1003,124.50974066330129,121,1,0,0,1.497302412236122,0.07331868824304594
1004,219.09666854010453,37,1,0,0,1.4463738850383336,0.0732453695548029
1005,163.5975155669524,22,1,0,0,1.3640917806990873,0.07317212418524809
1006,166.79169020258635,21,1,0,0,1.4487002905115545,0.07309895206106286
1007,195.45035416377283,33,1,0,0,1.4462440789965045,0.07302585310900178
1008,147.7213315457033,18,1,0,0,1.2966392225481345,0.07295282725589279
1009,141.01128748399225,11,1,0,0,1.338065495104413,0.0728798744286369
1010,166.9592373933937,28,1,0,0,1.4860350335402344,0.07280699455420825
1011,185.92125455431517,28,1,0,0,1.4765022270193444,0.07273418755965404
1012,180.39788461717853,25,1,0,0,1.1431386953660108,0.07266145337209438
1013,229.52658989453397,36,1,0,0,1.4714132808441325,0.07258879191872229
1014,181.17091654442078,27,1,0,0,1.3194330920859187,0.07251620312680357
1015,194.57905289471,27,1,0,0,1.4981678222631956,0.07244368692367677
1016,150.10209477509824,17,1,0,0,1.3214485139266294,0.07237124323675309
1017,135.23344510646427,17,1,0,0,1.422493209424164,0.07229887199351634
1018,234.66540362764883,46,1,0,0,1.4974993255952982,0.07222657312152282
1019,184.11496695709985,22,1,0,0,1.328270293012276,0.07215434654840129
1020,-59.283653150202426,200,0,0,1,2.39388530529572,0.0720821922018529
1021,171.86935343800923,44,1,0,0,1.4784916393195884,0.07201011000965105
1022,193.37789324750514,34,1,0,0,1.4592128829581512,0.0719380998996414
1023,236.13617351890224,57,1,0,0,1.4501789151889535,0.07186616179974176
1024,103.40696241608518,2,1,0,0,1.4689647789878322,0.07179429563794201
1025,168.080303775848,20,1,0,0,1.293116330914752,0.07172250134230407
1026,259.3839983648754,57,1,0,0,1.4199545077901918,0.07165077884096176
1027,186.11385317433,23,1,0,0,1.39338621720844,0.0715791280621208
1028,165.2523086084176,17,1,0,0,1.499086552487311,0.07150754893405868
1029,150.77236221529665,72,1,0,0,1.4811321796250143,0.07143604138512463
1030,230.21221660924826,39,1,0,0,1.2959882240721832,0.07136460534373949
1031,146.89150262065675,85,1,0,0,1.4788240248881857,0.07129324073839576
1032,149.74808139010997,16,1,0,0,1.4277512740377685,0.07122194749765737
1033,172.17670127582969,22,1,0,0,1.4490343865963384,0.07115072555015971
1034,236.69128286982001,49,1,0,0,1.397093063813061,0.07107957482460955
1035,-50.0,1,0,1,0,3.613218667928684,0.07100849524978493
1036,187.15892739690173,30,1,0,0,1.488398306997043,0.07093748675453515
1037,188.8204493030555,28,1,0,0,1.3481136125199522,0.07086654926778062
1038,124.63926546462346,14,1,0,0,1.3027305526621273,0.07079568271851283
1039,163.4496318298211,24,1,0,0,1.2530810146538889,0.07072488703579433
1040,148.49624265366242,18,1,0,0,1.3292883111349652,0.07065416214875853
1041,188.34477546686367,32,1,0,0,1.4531999970509752,0.07058350798660977
1042,178.22440487621722,35,1,0,0,1.449451261519638,0.07051292447862316
1043,116.1634235939255,16,1,0,0,1.4755101946843026,0.07044241155414453
1044,154.35237672220626,22,1,0,0,1.2125049335682616,0.0703719691425904
1045,203.66272023436636,26,1,0,0,1.4385114481790788,0.0703015971734478
1046,172.73242797729893,22,1,0,0,1.4917512475054318,0.07023129557627436
1047,159.05846428641902,23,1,0,0,1.4388828326776737,0.07016106428069808
1048,178.75680305660842,28,1,0,0,1.28118153680939,0.07009090321641738
1049,153.3236118073052,39,1,0,0,1.35204880832227,0.07002081231320097
1050,163.30397372209026,22,1,0,0,1.2764422965155033,0.06995079150088777
1051,204.43179454990053,44,1,0,0,1.249420921875166,0.06988084070938687
1052,156.97216890576522,33,1,0,0,1.4904048675023454,0.0698109598686775
1053,172.2504683693795,21,1,0,0,1.3212548356790654,0.06974114890880882
1054,170.92718490514414,21,1,0,0,1.3684644937760975,0.06967140775990001
1055,196.6260760775747,23,1,0,0,1.2442596195891928,0.0696017363521401
1056,151.20540735008586,23,1,0,0,1.4544042862765791,0.06953213461578797
1057,152.21104550629718,25,1,0,0,1.3876533264633772,0.06946260248117218
1058,99.77310236892139,2,1,0,0,1.4642414616407338,0.069393139878691
1059,179.95782612964706,26,1,0,0,1.4999272236616008,0.06932374673881231
1060,135.1796213214482,32,1,0,0,1.2012503621115573,0.0692544229920735
1061,170.11435186503283,25,1,0,0,1.4134985662340118,0.06918516856908143
1062,161.59319173869952,25,1,0,0,1.3752718871046452,0.06911598340051234
1063,167.27028223827898,26,1,0,0,1.406070590417836,0.06904686741711184
1064,210.97619049561808,33,1,0,0,1.2684212093300102,0.06897782054969472
1065,121.91052098148069,50,1,0,0,1.4595129947569447,0.06890884272914503
1066,197.4121685056014,30,1,0,0,1.3841018593174104,0.06883993388641589
1067,196.07445643276827,41,1,0,0,1.3699123806039828,0.06877109395252946
1068,178.78952203492673,63,1,0,0,1.491500753077561,0.06870232285857694
1069,190.03189204963383,28,1,0,0,1.3990699363001313,0.06863362053571835
1070,173.6417047811593,24,1,0,0,1.1957653292403672,0.06856498691518263
1071,154.87133298147396,19,1,0,0,1.499167388772093,0.06849642192826746
1072,194.084875009075,37,1,0,0,1.2538020266493763,0.06842792550633918
1073,179.45339564961603,33,1,0,0,1.4614047117075208,0.06835949758083286
1074,127.88895103033012,14,1,0,0,1.4833388481182892,0.06829113808325202
1075,272.3818777069756,58,1,0,0,1.3704897613409202,0.06822284694516877
1076,159.41532274686017,22,1,0,0,1.2946064912304067,0.06815462409822359
1077,163.67987303709938,20,1,0,0,1.1914623525779606,0.06808646947412537
1078,118.22265867296456,7,1,0,0,1.481617011886263,0.06801838300465124
1079,115.00662855024763,9,1,0,0,1.4611019943764847,0.0679503646216466
1080,176.69702227880015,22,1,0,0,1.3310241712304824,0.06788241425702495
1081,192.52753281263438,29,1,0,0,1.18214659071296,0.06781453184276792
1082,157.16711413365547,20,1,0,0,1.3665378229402991,0.06774671731092516
1083,199.85382825700918,34,1,0,0,1.3559398110056067,0.06767897059361423
1084,177.52787939341607,32,1,0,0,1.3316321293530289,0.06761129162302061
1085,155.65795774521436,24,1,0,0,1.3414398428129424,0.0675436803313976
1086,158.58664081047561,19,1,0,0,1.4263358040307326,0.06747613665106621
1087,161.8139657930869,21,1,0,0,1.4606810495155995,0.06740866051441513
1088,186.56270792608058,39,1,0,0,1.3924109781035874,0.06734125185390072
1089,163.5319424465513,22,1,0,0,1.3084979412705169,0.06727391060204682
1090,-50.0,1,0,1,0,4.273702192303616,0.06720663669144476
1091,211.03061707633248,36,1,0,0,1.4309832707843768,0.06713943005475333
1092,198.45766002195825,31,1,0,0,1.4135128815837503,0.06707229062469858
1093,143.25967685003673,14,1,0,0,1.2768073090268253,0.06700521833407387
1094,184.68107067247718,40,1,0,0,1.4785365847846683,0.0669382131157398
1095,192.1368136394112,32,1,0,0,1.4602196478961478,0.06687127490262405
1096,196.2177681491108,34,1,0,0,1.3223640143220121,0.06680440362772143
1097,228.20207631521444,65,1,0,0,1.4300597243215036,0.06673759922409371
1098,127.66363515180515,161,1,0,0,1.4862785050535727,0.06667086162486961
1099,138.88552111728615,13,1,0,0,1.4398832711679517,0.06660419076324474
1100,162.97200070463654,18,1,0,0,1.2501775458631466,0.0665375865724815
1101,161.50023184621355,30,1,0,0,1.439454345451658,0.06647104898590903
1102,101.82679261245136,157,1,0,0,1.447829851003186,0.06640457793692311
1103,199.99178694078978,32,1,0,0,1.2123676038754123,0.06633817335898619
1104,183.97402258270404,88,1,0,0,1.388472314031245,0.06627183518562721
1105,179.7657816496822,30,1,0,0,1.3967795924588273,0.06620556335044157
1106,167.00185690665478,26,1,0,0,1.288906583630329,0.06613935778709114
1107,124.40171420123932,17,1,0,0,1.3585041183304691,0.06607321842930404
1108,157.7020655758403,26,1,0,0,1.491923316659812,0.06600714521087474
1109,169.22611164418436,21,1,0,0,1.4809231426646368,0.06594113806566386
1110,230.72200957662568,49,1,0,0,1.445423052960227,0.0658751969275982
1111,164.13277721731762,20,1,0,0,1.3677705803934685,0.0658093217306706
1112,138.56471722701207,12,1,0,0,1.4949950110745789,0.06574351240893993
1113,172.56426990548758,23,1,0,0,1.248156298260756,0.06567776889653099
1114,188.5214649960333,39,1,0,0,1.4811416467662097,0.06561209112763447
1115,174.55948931079732,20,1,0,0,1.2476758656057012,0.06554647903650683
1116,166.73055356386035,24,1,0,0,1.4349182664855753,0.06548093255747033
1117,221.51974402908735,39,1,0,0,1.4797838745455087,0.06541545162491284
1118,123.41607324757778,9,1,0,0,1.4176742501479298,0.06535003617328794
1119,157.62585521645542,17,1,0,0,1.3324874044115609,0.06528468613711465
1120,241.1895217375321,143,1,0,0,1.4442689696529105,0.06521940145097753
1121,161.3872847018215,26,1,0,0,1.24035497491583,0.06515418204952655
1122,167.16248421166114,21,1,0,0,1.2900739579807254,0.06508902786747703
1123,145.74885906827876,18,1,0,0,1.1435996825756785,0.06502393883960955
1124,184.97384712776258,31,1,0,0,1.209104941533431,0.06495891490076994
1125,158.9680616433498,24,1,0,0,1.465358562128282,0.06489395598586917
1126,196.7611415511835,23,1,0,0,1.4362016607819321,0.0648290620298833
1127,169.93481340122204,22,1,0,0,1.413225565076941,0.06476423296785343
1128,206.25658894836903,35,1,0,0,1.3554607053845946,0.06469946873488557
1129,224.90106321441232,40,1,0,0,1.491173007017462,0.06463476926615068
1130,210.3986963477235,30,1,0,0,1.4084202107456887,0.06457013449688452
1131,149.05225694779318,18,1,0,0,1.0779641108544373,0.06450556436238765
1132,153.46352101222158,17,1,0,0,1.4115541199964192,0.06444105879802525
1133,141.4421304145771,83,1,0,0,1.450037487104115,0.06437661773922723
1134,192.14344028320522,23,1,0,0,1.1804141136829085,0.064312241121488
1135,238.39162971924918,46,1,0,0,1.4685154164706153,0.06424792888036651
1136,144.75288338833067,23,1,0,0,1.210373747373793,0.06418368095148615
1137,195.52863383986565,26,1,0,0,1.3775275796202924,0.06411949727053466
1138,167.92231332672827,30,1,0,0,1.405452300923727,0.06405537777326413
1139,137.59864120271646,23,1,0,0,1.4911987256010522,0.06399132239549087
1140,194.8046259159289,33,1,0,0,1.4892346496591151,0.06392733107309538
1141,204.4753952047131,33,1,0,0,1.1636790517651228,0.06386340374202228
1142,228.50343221293102,40,1,0,0,1.4738992428975641,0.06379954033828027
1143,164.5745351338324,22,1,0,0,1.4043800931075472,0.06373574079794198
1144,139.66163893593014,15,1,0,0,1.4633937326142277,0.06367200505714403
1145,161.253744360515,23,1,0,0,1.1218056479711562,0.0636083330520869
1146,144.45847046847427,21,1,0,0,1.44712362717488,0.06354472471903481
1147,152.97823230316624,26,1,0,0,1.4864876831081049,0.06348117999431577
1148,143.53259795127985,16,1,0,0,1.4064555401837602,0.06341769881432145
1149,151.84209910931813,35,1,0,0,1.4010126103580733,0.06335428111550713
1150,163.22314369065393,20,1,0,0,1.474393224681568,0.06329092683439162
1151,174.01245248086127,35,1,0,0,1.293159330838049,0.06322763590755724
1152,140.46595314518564,14,1,0,0,1.3819252273724714,0.06316440827164968
1153,173.03867638398393,23,1,0,0,1.1646998761852796,0.06310124386337802
1154,180.6801452734335,39,1,0,0,1.451389536633741,0.06303814261951465
1155,168.48168490957283,23,1,0,0,1.3798922565680474,0.06297510447689512
1156,164.54099092843666,24,1,0,0,1.3669224656725008,0.06291212937241823
1157,186.36450515173678,22,1,0,0,1.3273764548777174,0.06284921724304582
1158,143.08809321093005,17,1,0,0,1.3364521714645758,0.06278636802580277
1159,117.69971591004268,50,1,0,0,1.4545971266067774,0.06272358165777697
1160,174.78209428634062,25,1,0,0,1.3953282187693214,0.0626608580761192
1161,33.39392226305074,200,0,0,1,2.3610762068181246,0.06259819721804308
1162,122.46762423292168,10,1,0,0,1.2100912981964422,0.06253559902082503
1163,162.0783853701065,24,1,0,0,1.4112290358425623,0.06247306342180421
1164,182.8650265581474,27,1,0,0,1.3486795746050235,0.0624105903583824
1165,180.5518074510221,27,1,0,0,1.308995179754561,0.062348179768024016
1166,165.30149497838357,33,1,0,0,1.3089334520539995,0.06228583158825599
1167,126.42619179823237,12,1,0,0,1.3160412569100304,0.06222354575666775
1168,165.45241241991693,22,1,0,0,1.3371503606743405,0.06216132221091108
1169,221.80873976416314,40,1,0,0,1.4996469164736146,0.062099160888700156
1170,163.89939072382873,17,1,0,0,1.45012838489633,0.06203706172781146
1171,161.11170513826016,24,1,0,0,1.4458347781376486,0.06197502466608365
1172,217.0998033775589,40,1,0,0,1.4994664031275653,0.06191304964141756
1173,141.6490220667355,14,1,0,0,1.420140216821994,0.06185113659177615
1174,-10.982665861547119,200,0,0,1,3.2542434807967235,0.061789285455184376
1175,181.99178246429315,83,1,0,0,1.3842082857202338,0.061727496169729196
1176,141.15685379121527,14,1,0,0,1.1687707538334107,0.061665768673559454
1177,164.29124402616455,21,1,0,0,1.2930974278923877,0.061604102904885896
1178,232.21979392508885,38,1,0,0,1.3608192665639782,0.06154249880198101
1179,153.47692356224476,20,1,0,0,1.3905704261183112,0.06148095630317903
1180,156.27429041054938,21,1,0,0,1.452668288881805,0.061419475346875856
1181,166.99017488674843,22,1,0,0,1.17876683735361,0.061358055871528976
1182,117.56047151057375,12,1,0,0,1.489143046307461,0.06129669781565744
1183,143.76114269002244,16,1,0,0,1.45558126443649,0.061235401117841794
1184,167.39779974952535,27,1,0,0,1.4506311402224903,0.061174165716723954
1185,131.46522382997628,20,1,0,0,1.4721400781073037,0.061112991551007224
1186,145.24743173964964,24,1,0,0,1.4782890018836863,0.06105187855945622
1187,171.2580627988718,19,1,0,0,1.341027082306676,0.06099082668089676
1188,157.97482816659073,20,1,0,0,1.344035769441712,0.060929835854215866
1189,170.71903049038514,23,1,0,0,1.4911103714105491,0.060868906018361646
1190,191.21050297758848,25,1,0,0,1.461801236747549,0.06080803711234328
1191,176.65895474373332,30,1,0,0,1.3908588031973617,0.06074722907523094
1192,150.56407243207263,17,1,0,0,1.2921696179658306,0.06068648184615571
1193,227.2595674525231,41,1,0,0,1.3728273796192276,0.06062579536430956
1194,195.63620086061965,33,1,0,0,1.3637276344406568,0.06056516956894525
1195,162.3819876409899,18,1,0,0,1.3763543040190547,0.0605046043993763
1196,179.3948263255748,20,1,0,0,1.3329209313814203,0.060444099794976926
1197,174.13050668054592,32,1,0,0,1.3051830234222692,0.06038365569518195
1198,171.5640190777176,17,1,0,0,1.3815761428531959,0.060323272039486765
1199,168.39616696095572,90,1,0,0,1.3958756617779033,0.06026294876744728
1200,112.18251161888489,6,1,0,0,1.4407353193099428,0.060202685818679824
1201,156.67526420816534,17,1,0,0,1.481076692427855,0.06014248313286115
1202,221.55250004731653,40,1,0,0,1.2323316331704322,0.06008234064972828
1203,186.3543930604102,28,1,0,0,1.4020178422569147,0.06002225830907856
1204,194.4084931291447,27,1,0,0,1.3071687976173616,0.05996223605076948
1205,219.51306575209077,42,1,0,0,1.3518979727364389,0.059902273814718715
1206,162.41930185439065,22,1,0,0,1.3217482802369382,0.059842371540903994
1207,166.81766047144373,28,1,0,0,1.4996166765177132,0.05978252916936309
1208,214.45965030667648,35,1,0,0,1.458967703991442,0.059722746640193725
1209,161.51297970587257,24,1,0,0,1.4774479552113713,0.05966302389355354
1210,196.27801626488963,24,1,0,0,1.1490830981016582,0.059603360869659984
1211,152.62079402461347,18,1,0,0,1.2937630244222955,0.05954375750879032
1212,177.98056848473624,26,1,0,0,1.2521666722407,0.059484213751281524
1213,183.67836628830324,25,1,0,0,1.3216451914809506,0.059424729537530245
1214,100.0,1,1,0,0,1.0761684580686082,0.059365304807992715
1215,140.53290736805255,18,1,0,0,1.4187223553806505,0.059305939503184725
1216,139.64637961201538,53,1,0,0,1.2952687980051738,0.05924663356368154
1217,140.33161063723918,14,1,0,0,1.413073870231378,0.05918738693011786
1218,178.74960780452489,46,1,0,0,1.4859905710092787,0.059128199543187744
1219,156.11957336580696,20,1,0,0,1.2939105117098968,0.05906907134364456
1220,177.8429986499574,26,1,0,0,1.340882416510974,0.05901000227230091
1221,21.10197970222642,200,0,0,1,1.9805608251041098,0.058950992270028604
1222,170.58827354052886,20,1,0,0,1.1918498840341274,0.05889204127775858
1223,180.45744734343975,27,1,0,0,1.2454260527822143,0.05883314923648082
1224,187.82099921728195,29,1,0,0,1.4858455890449802,0.058774316087244344
1225,16.568163559921608,200,0,0,1,2.689883824467041,0.0587155417711571
1226,176.5216391805426,24,1,0,0,1.4413008943382204,0.05865682622938594
1227,150.9651594695371,19,1,0,0,1.20953134686126,0.058598169403156555
1228,153.57805208784458,21,1,0,0,1.2649885497665205,0.0585395712337534
1229,162.41632741307404,23,1,0,0,1.3544129784839973,0.058481031662519646
1230,149.43039242153637,25,1,0,0,1.4706949370388254,0.05842255063085712
1231,160.59256935214069,20,1,0,0,1.3896825760861413,0.058364128080226264
1232,228.34024003057147,34,1,0,0,1.4436646542083553,0.05830576395214604
1233,232.85402274055727,45,1,0,0,1.4582538009520412,0.05824745818819389
1234,171.5944915699446,25,1,0,0,1.1887665613826943,0.05818921073000569
1235,165.07505066925137,18,1,0,0,1.3512999548213942,0.0581310215192757
1236,162.7171912704798,17,1,0,0,1.218846782800597,0.058072890497756414
1237,152.52935403801223,15,1,0,0,1.3314312285005878,0.05801481760725866
1238,160.27305242233263,30,1,0,0,1.4429907627481335,0.0579568027896514
1239,142.57573032484117,42,1,0,0,1.4574611363428498,0.05789884598686175
1240,132.54090821461463,15,1,0,0,1.4591301477168501,0.05784094714087489
1241,280.80771732422744,61,1,0,0,1.4853168084710056,0.057783106193734016
1242,148.02198607154313,23,1,0,0,1.4559426701294835,0.05772532308754028
1243,117.9502411919949,10,1,0,0,1.4301631205477874,0.05766759776445274
1244,174.04597899662448,24,1,0,0,1.4626744130336198,0.057609930166688285
1245,182.34999557340547,22,1,0,0,1.1146603800867472,0.0575523202365216
1246,162.2130731073583,27,1,0,0,1.2924211526360847,0.05749476791628508
1247,214.71275605210053,37,1,0,0,1.1994323954927493,0.0574372731483688
1248,187.4537284149529,41,1,0,0,1.3262743892605442,0.05737983587522042
1249,169.88429303873886,22,1,0,0,1.41409927031924,0.05732245603934521
1250,125.91477825655431,8,1,0,0,1.303742612762077,0.057265133583305865
1251,176.81059809597662,34,1,0,0,1.3973202032726542,0.05720786844972256
1252,149.98887496550876,43,1,0,0,1.4971157481449333,0.05715066058127283
1253,220.4688228395441,43,1,0,0,1.4246964568099216,0.05709350992069156
1254,175.20168557548197,19,1,0,0,1.365546889654722,0.05703641641077087
1255,198.9789659858103,26,1,0,0,1.341653585402123,0.05697937999436009
1256,210.08269494369787,41,1,0,0,1.492067666640929,0.05692240061436574
1257,1.6743286581062655,200,0,0,1,2.191607677041273,0.05686547821375137
1258,138.68228136982748,13,1,0,0,1.0932166483653631,0.05680861273553761
1259,153.3279538726586,20,1,0,0,1.2513487426000338,0.05675180412280208
1260,145.62680536185624,21,1,0,0,1.4232463344211101,0.05669505231867927
1261,187.87385846462058,28,1,0,0,1.4275000241469555,0.0566383572663606
1262,207.74819489246045,32,1,0,0,1.4778681034650367,0.05658171890909424
1263,160.90468653588698,41,1,0,0,1.4383870974899624,0.05652513719018514
1264,181.1680994961979,27,1,0,0,1.3472469465273877,0.056468612052994964
1265,165.8224449990955,22,1,0,0,1.2622031053784277,0.05641214344094197
1266,98.31258918066558,48,1,0,0,1.366505665557022,0.05635573129750102
1267,224.5624601900227,40,1,0,0,1.428011598564172,0.05629937556620351
1268,28.371391567430933,200,0,0,1,2.3895205624854494,0.056243076190637314
1269,218.34830933628814,30,1,0,0,1.4608925390952063,0.05618683311444668
1270,162.14190312142685,21,1,0,0,1.2442871135184095,0.056130646281332235
1271,154.46301811635138,21,1,0,0,1.4614943704078214,0.05607451563505089
1272,-50.0,1,0,1,0,3.666664366920033,0.05601844111941584
1273,166.28014277168467,22,1,0,0,1.2695293553403448,0.05596242267829643
1274,114.6438899502661,10,1,0,0,1.3612848488023237,0.05590646025561813
1275,126.39175551333753,20,1,0,0,1.2590882088386848,0.055850553795362516
1276,164.7119131160788,31,1,0,0,1.1020109558543822,0.055794703241567156
1277,-50.0,1,0,1,0,8.80490191740003,0.05573890853832558
1278,259.25315451750004,50,1,0,0,1.4032592675290885,0.055683169629787255
1279,164.13529050247473,18,1,0,0,1.293102367644972,0.05562748646015747
1280,197.40456498570535,36,1,0,0,1.4552383238453481,0.05557185897369732
1281,176.4452943904899,23,1,0,0,1.2480395441727643,0.05551628711472362
1282,138.3258893793158,10,1,0,0,1.3284022674978964,0.0554607708276089
1283,186.53097174497742,29,1,0,0,1.4841974262330067,0.05540531005678129
1284,171.87389764605146,24,1,0,0,1.386426024502528,0.0553499047467245
1285,168.03823756714925,36,1,0,0,1.4126931621293346,0.05529455484197779
1286,189.22108367082689,25,1,0,0,1.1609381246407489,0.05523926028713581
1287,181.4084797997807,27,1,0,0,1.4920862152298098,0.05518402102684866
1288,165.9671723905471,26,1,0,0,1.3587145647577157,0.05512883700582182
1289,157.87092606667454,20,1,0,0,1.4404320281568157,0.055073708168815995
1290,166.07617949303642,23,1,0,0,1.3726288681161807,0.05501863446064718
1291,161.01227977848802,17,1,0,0,1.499111611179558,0.05496361582618653
1292,170.5789954611633,153,1,0,0,1.4744624137592028,0.05490865221036034
1293,147.72032301716158,13,1,0,0,1.3219691344028097,0.05485374355814998
1294,189.299276520044,27,1,0,0,1.4881286649126404,0.054798889814591835
1295,152.59682550377474,17,1,0,0,1.2897725815953456,0.05474409092477725
1296,159.86895484623193,31,1,0,0,1.4402958580118712,0.05468934683385247
1297,207.11215208761246,40,1,0,0,1.2705213543856513,0.054634657487018616
1298,134.60565099272708,15,1,0,0,1.442543489461573,0.054580022829531595
1299,212.80950958505252,36,1,0,0,1.1879166051931525,0.05452544280670207
1300,148.4398229862403,65,1,0,0,1.4644001666973394,0.05447091736389536
1301,179.3627695571759,23,1,0,0,1.3330540253417982,0.054416446446531465
1302,167.663049013771,26,1,0,0,1.4692877065615884,0.05436203000008494
1303,192.2691731997056,35,1,0,0,1.4960192200541491,0.05430766797008485
1304,206.5823883963396,39,1,0,0,1.407221369930881,0.054253360302114764
1305,186.43422147033783,28,1,0,0,1.3421425332551322,0.05419910694181265
1306,161.49371811885572,19,1,0,0,1.3360783188914866,0.05414490783487084
1307,157.85117166851543,20,1,0,0,1.4736456985886148,0.05409076292703596
1308,21.441366493422226,200,0,0,1,2.3668456604146044,0.054036672164108936
1309,159.98061547700541,41,1,0,0,1.3444213730170969,0.05398263549194482
1310,161.97423964666487,20,1,0,0,1.4986814644888415,0.053928652856452874
1311,247.85363776716676,46,1,0,0,1.3732316427993658,0.05387472420359643
1312,182.71941642795687,79,1,0,0,1.4609160110632755,0.053820849479392835
1313,194.1413134290176,38,1,0,0,1.4880613337346653,0.05376702862991344
1314,167.8628037261264,19,1,0,0,1.4805590628395742,0.05371326160128353
1315,153.20137920514352,22,1,0,0,1.4599783635686705,0.05365954833968224
1316,124.30162749340735,8,1,0,0,1.432783206597713,0.05360588879134255
1317,156.2566974578078,23,1,0,0,1.344808362714293,0.05355228290255121
1318,210.08890581918732,37,1,0,0,1.4174843627165323,0.05349873061964866
1319,170.88327428299496,26,1,0,0,1.4733881930473247,0.05344523188902901
1320,167.092888490833,25,1,0,0,1.2633881398976334,0.053391786657139985
1321,154.992100955508,20,1,0,0,1.3723483403948846,0.05333839487048284
1322,152.1456546991992,20,1,0,0,1.3151056756425776,0.05328505647561236
1323,250.68502107166142,52,1,0,0,1.4917587688382024,0.05323177141913674
1324,158.6787768551472,27,1,0,0,1.4945236278536929,0.05317853964771762
1325,185.900774132041,33,1,0,0,1.4638687123598855,0.053125361108069896
1326,150.02477656827728,14,1,0,0,1.3451789414504567,0.05307223574696183
1327,-50.0,1,0,1,0,1.7464762677356114,0.05301916351121486
1328,134.09135579926667,16,1,0,0,1.4756708875516462,0.05296614434770365
1329,184.00519094734386,25,1,0,0,1.3500292083374006,0.05291317820335594
1330,193.08289027356363,33,1,0,0,1.343079103981482,0.05286026502515259
1331,213.98950772728983,38,1,0,0,1.4993150844146257,0.052807404760127435
1332,190.74890979816115,45,1,0,0,1.4604534967295608,0.052754597355367305
1333,145.20574283807787,19,1,0,0,1.4128960464715916,0.052701842758011944
1334,-50.0,1,0,1,0,7.882660895934143,0.052649140915253925
1335,209.20740485876388,41,1,0,0,1.43191966388778,0.05259649177433867
1336,142.19666919669862,16,1,0,0,1.425219954238768,0.05254389528256434
1337,154.32334391467737,23,1,0,0,1.493651037280101,0.052491351387281775
1338,217.1074258663806,36,1,0,0,1.2558857615453103,0.052438860035894486
1339,218.68669201217463,32,1,0,0,1.3006588885204855,0.052386421175858594
1340,156.8550961922289,31,1,0,0,1.4256164239450269,0.052334034754682734
1341,218.53556582503768,42,1,0,0,1.2674569632527988,0.05228170071992805
1342,177.46310283238586,30,1,0,0,1.4169133812979364,0.05222941901920813
1343,149.97047711253035,18,1,0,0,1.2885189970397803,0.05217718960018891
1344,184.81697406316442,25,1,0,0,1.339663366538157,0.05212501241058873
1345,163.36011306000603,31,1,0,0,1.4026588901236265,0.05207288739817814
1346,206.60183736974093,30,1,0,0,1.4022811663105073,0.05202081451077996
1347,171.3486476748792,21,1,0,0,1.4636508524763692,0.05196879369626918
1348,150.323555434314,19,1,0,0,1.152769255403624,0.05191682490257291
1349,170.12672773110245,19,1,0,0,1.1927907902902442,0.05186490807767034
1350,195.0452859647145,25,1,0,0,1.2471557011057848,0.05181304316959267
1351,214.6195887924556,31,1,0,0,1.231455430523331,0.05176123012642308
1352,144.17818923840775,19,1,0,0,1.451315236664815,0.051709468896296656
1353,133.51842109573175,13,1,0,0,1.4831063573008991,0.051657759427400356
1354,167.83733976087797,30,1,0,0,1.4421948172819499,0.05160610166797296
1355,-50.0,1,0,1,0,5.870696746149388,0.05155449556630498
1356,125.02224338251631,10,1,0,0,1.4908526729393703,0.051502941070738675
1357,167.77193721039896,163,1,0,0,1.4443496248853611,0.05145143812966794
1358,156.44773222687766,16,1,0,0,1.0950713836255273,0.05139998669153827
1359,207.62368685807016,38,1,0,0,1.277143089868613,0.05134858670484674
1360,200.5502273080084,43,1,0,0,1.4829168573522014,0.05129723811814189
1361,180.08974225823908,26,1,0,0,1.3705229668738848,0.051245940880023745
1362,157.5409592758355,31,1,0,0,1.4608768517416162,0.05119469493914372
1363,196.34017495916976,34,1,0,0,1.422299360284418,0.05114350024420458
1364,163.7329044397548,17,1,0,0,1.434351026118535,0.05109235674396037
1365,129.41599385073263,22,1,0,0,1.464516745841043,0.051041264387216415
1366,223.98157720218506,45,1,0,0,1.380283596954109,0.05099022312282919
1367,126.89721587748446,26,1,0,0,1.346540975841933,0.050939232899706366
1368,163.55195478699028,24,1,0,0,1.3887666445155498,0.05088829366680667
1369,212.72812628915972,61,1,0,0,1.2678464296613667,0.050837405373139855
1370,158.2349655109374,23,1,0,0,1.3359864164573314,0.05078656796776672
1371,192.00208669060663,48,1,0,0,1.4416343543762142,0.050735781399798945
1372,114.47046866459532,6,1,0,0,1.229310940896446,0.05068504561839915
1373,182.1386671137672,30,1,0,0,1.2051069383592925,0.05063436057278075
1374,179.87431636228098,27,1,0,0,1.1705105294815972,0.05058372621220797
1375,157.87966923286788,27,1,0,0,1.4724797576340027,0.050533142485995754
1376,227.9072001473627,44,1,0,0,1.3095573935471467,0.05048260934350977
1377,-50.0,1,0,1,0,2.2420072517432215,0.05043212673416625
1378,187.56765322950605,33,1,0,0,1.4324337853209297,0.05038169460743208
1379,158.97929014229993,20,1,0,0,1.335807012714243,0.05033131291282466
1380,188.01304266088738,21,1,0,0,1.2459480459193282,0.05028098159991184
1381,246.97007797765596,45,1,0,0,1.298358454687338,0.05023070061831192
1382,-50.0,1,0,1,0,4.876631343657803,0.05018046991769361
1383,15.157510437450714,200,0,0,1,1.7028637743242583,0.050130289447775915
1384,213.37622115079216,28,1,0,0,1.3354593644832076,0.050080159158328134
1385,186.2973200212034,32,1,0,0,1.4378805135699502,0.05003007899916981
1386,133.49020107990688,9,1,0,0,1.3264729168159253,0.04998004892017064
1387,219.59532197197504,36,1,0,0,1.2227785047991113,0.04993006887125047
1388,161.36398545154788,22,1,0,0,1.3393668380502561,0.049880138802379216
1389,184.35680338686439,23,1,0,0,1.396666185269662,0.04983025866357684
1390,184.48901905956538,23,1,0,0,1.4105372555993678,0.04978042840491326
1391,146.89747855148232,21,1,0,0,1.1325904920266068,0.04973064797650835
1392,180.25817212547383,25,1,0,0,1.2311487320589967,0.04968091732853184
1393,-50.0,1,0,1,0,5.68505541209213,0.04963123641120331
1394,163.9471799123216,25,1,0,0,1.3232835781001944,0.049581605174792105
1395,154.14561149549084,20,1,0,0,1.447569042962048,0.04953202356961731
1396,125.1682602632539,8,1,0,0,1.4297448826638086,0.0494824915460477
1397,147.9117501187561,19,1,0,0,1.1708525665474403,0.04943300905450165
1398,163.7800180247333,18,1,0,0,1.3096495319068298,0.049383576045447145
1399,183.61361839467645,25,1,0,0,1.3285230823311416,0.0493341924694017
1400,167.03150928504866,22,1,0,0,1.3730097388278324,0.0492848582769323
1401,172.89902399765975,25,1,0,0,1.3415541937356918,0.049235573418655365
1402,161.35972965880572,22,1,0,0,1.4781275100285882,0.04918633784523671
1403,232.5236505552563,42,1,0,0,1.2783983953399662,0.04913715150739147
1404,160.48423641967344,21,1,0,0,1.207042938211101,0.049088014355884085
1405,162.08653609889777,23,1,0,0,1.4109068095238093,0.0490389263415282
1406,184.96701975930864,27,1,0,0,1.4083584417093011,0.04898988741518667
1407,187.7186482319701,39,1,0,0,1.442171804007501,0.04894089752777148
1408,122.3947753619514,40,1,0,0,1.4330756706971117,0.04889195663024371
1409,175.51752410986927,18,1,0,0,1.3104817902844155,0.04884306467361346
1410,148.2425720687228,20,1,0,0,1.4015581553178267,0.048794221608939856
1411,176.49331632709482,28,1,0,0,1.338425114565374,0.04874542738733091
1412,14.323536853227353,16,0,1,0,3.45902944331951,0.04869668195994358
1413,157.81189259206488,35,1,0,0,1.4949459353172974,0.04864798527798364
1414,199.60081846407004,31,1,0,0,1.156574340081306,0.04859933729270566
1415,195.74740390171308,35,1,0,0,1.346298825143012,0.048550737955412954
1416,143.25896752261633,17,1,0,0,1.3810367607552314,0.04850218721745753
1417,160.46948693324904,20,1,0,0,1.393873108657049,0.048453685030240085
1418,160.33657829360985,21,1,0,0,1.4866124646610617,0.04840523134520984
1419,157.86612406710486,29,1,0,0,1.307741978395137,0.04835682611386463
1420,184.50522533612912,28,1,0,0,1.4857007832897977,0.04830846928775076
1421,173.62485986242208,21,1,0,0,1.405483061749264,0.048260160818463016
1422,162.76071387324455,18,1,0,0,1.1506213327947281,0.04821190065764455
1423,185.6361264145502,34,1,0,0,1.4248741397454243,0.04816368875698691
1424,186.2667704292922,28,1,0,0,1.4815420670593606,0.048115525068229914
1425,153.3802744958212,17,1,0,0,1.443209110420499,0.04806740954316169
1426,153.66359632921774,66,1,0,0,1.4733561281762486,0.048019342133618526
1427,176.65048251332644,22,1,0,0,1.4323814368129297,0.04797132279148491
1428,163.11397097386705,31,1,0,0,1.2972308121957699,0.04792335146869342
1429,190.9324970069748,34,1,0,0,1.4711946456736595,0.04787542811722473
1430,160.53408116201095,35,1,0,0,1.2112580140935296,0.04782755268910751
1431,183.58546945891993,27,1,0,0,1.3726138111665394,0.0477797251364184
1432,179.785825047167,28,1,0,0,1.2430127073341541,0.04773194541128198
1433,222.02184590990754,44,1,0,0,1.4661950431415784,0.0476842134658707
1434,192.96069653057654,29,1,0,0,1.2974315022756924,0.04763652925240483
1435,199.16390125763735,34,1,0,0,1.3453370657937413,0.04758889272315242
1436,144.63024982253197,21,1,0,0,1.2231508388748171,0.04754130383042927
1437,241.1495543788814,62,1,0,0,1.4877402454083164,0.04749376252659884
1438,172.94060633388835,26,1,0,0,1.1535991336393332,0.04744626876407224
1439,-50.0,1,0,1,0,2.6179429827212437,0.04739882249530817
1440,170.20703104643565,32,1,0,0,1.4997594184953946,0.047351423672812865
1441,170.63494266590965,69,1,0,0,1.4807480970076872,0.047304072249140044
1442,208.21682472934552,38,1,0,0,1.385649376140071,0.04725676817689091
1443,156.85041129759338,22,1,0,0,1.4818156284818875,0.04720951140871402
1444,205.6630665906885,28,1,0,0,1.2441536283884702,0.0471623018973053
1445,193.2344531950462,36,1,0,0,1.3179587886140982,0.047115139595408
1446,194.36421338941506,29,1,0,0,1.4273765139558783,0.04706802445581259
1447,150.57442863510198,15,1,0,0,1.2801832724132123,0.04702095643135678
1448,174.8164652112863,21,1,0,0,1.4221014257819649,0.04697393547492542
1449,164.73028660294693,20,1,0,0,1.261750433075154,0.046926961539450494
1450,214.8911868793899,42,1,0,0,1.3593030785022029,0.04688003457791104
1451,141.5908581023296,20,1,0,0,1.309866993982439,0.04683315454333314
1452,219.34423589251392,33,1,0,0,1.4354934376562283,0.0467863213887898
1453,187.26976127042644,29,1,0,0,1.3903434206781269,0.04673953506740101
1454,234.59252523496576,39,1,0,0,1.3229818441386052,0.04669279553233361
1455,122.14841310275177,40,1,0,0,1.478172014844531,0.046646102736801275
1456,165.74755854540996,21,1,0,0,1.493939172776267,0.04659945663406448
1457,147.88537667115023,32,1,0,0,1.486998555623911,0.04655285717743041
1458,176.58277509849484,23,1,0,0,1.2473965156274063,0.04650630432025298
1459,178.1008366792094,22,1,0,0,1.3414617608049244,0.046459798015932724
1460,236.7315911244436,44,1,0,0,1.42102828830472,0.046413338217916794
1461,163.04399775421862,25,1,0,0,1.4356086724575405,0.04636692487969887
1462,175.23979734396997,28,1,0,0,1.4230775317040982,0.04632055795481918
1463,160.68304967850713,38,1,0,0,1.4491082407713272,0.04627423739686436
1464,129.31888548936408,11,1,0,0,1.2084856910882573,0.04622796315946749
1465,171.39752391917304,22,1,0,0,1.4231747670951616,0.04618173519630803
1466,155.20231578395288,23,1,0,0,1.305772654797373,0.04613555346111172
1467,163.36226993440846,20,1,0,0,1.3431821886200925,0.04608941790765061
1468,163.15628584809005,23,1,0,0,1.2824377752368592,0.046043328489742956
1469,160.77322928963173,30,1,0,0,1.3750916659521382,0.04599728516125321
1470,169.58056365425892,21,1,0,0,1.3058354263328857,0.045951287876091956
1471,111.61371022366515,6,1,0,0,1.3860355369749129,0.04590533658821587
1472,245.02026716926537,49,1,0,0,1.437835678864212,0.04585943125162765
1473,169.99928310325524,24,1,0,0,1.1642881519548987,0.04581357182037602
1474,251.68839464813175,124,1,0,0,1.4839956609103915,0.04576775824855565
1475,181.2917833387579,22,1,0,0,1.3697326166980077,0.04572199049030709
1476,192.35174038797797,32,1,0,0,1.481325525404228,0.045676268499816784
1477,144.9478752927519,13,1,0,0,1.1557571123745551,0.04563059223131696
1478,148.33691919570197,19,1,0,0,1.4411210133908552,0.04558496163908565
1479,190.18463801680227,32,1,0,0,1.3842031961232988,0.045539376677446564
1480,190.38134227633665,29,1,0,0,1.4278272163005918,0.04549383730076912
1481,207.55594378294526,37,1,0,0,1.2474200910418405,0.04544834346346835
1482,184.8793152499295,23,1,0,0,1.4450106782948744,0.04540289512000488
1483,202.57647398386774,30,1,0,0,1.454392147245781,0.04535749222488488
1484,225.23945884389667,34,1,0,0,1.0999341935220206,0.04531213473265999
1485,142.03736595341644,45,1,0,0,1.4386455665641809,0.04526682259792733
1486,189.48854036192228,30,1,0,0,1.4039876967897325,0.04522155577532941
1487,181.5871246076161,30,1,0,0,1.2232946347319158,0.045176334219554075
1488,196.0924463624028,26,1,0,0,1.415432366149971,0.04513115788533452
1489,161.53831866777952,65,1,0,0,1.48358943585695,0.045086026727449185
1490,176.78955934191714,26,1,0,0,1.2868474552134317,0.04504094070072173
1491,229.45734911838278,45,1,0,0,1.273460875952573,0.04499589976002102
1492,141.8463428016852,12,1,0,0,1.2825086014857598,0.044950903860260995
1493,178.52154468984412,21,1,0,0,1.463356817719414,0.044905952956400735
1494,167.27487047395772,21,1,0,0,1.4241952231926458,0.044861047003444336
1495,180.74539020888048,21,1,0,0,1.2671870795419644,0.044816185956440886
1496,135.41423794937546,16,1,0,0,1.4211544352539285,0.044771369770484445
1497,134.6376335456127,13,1,0,0,1.3878008759239544,0.04472659840071396
1498,121.42197664704996,55,1,0,0,1.4753376916859624,0.04468187180231325
1499,132.6302742317985,29,1,0,0,1.4971189916239915,0.04463718993051094
1500,152.03154324732623,20,1,0,0,1.399542555468878,0.044592552740580424
1501,185.29815082867717,41,1,0,0,1.3043556561916578,0.044547960187839845
1502,191.75720992457457,25,1,0,0,1.4888478075825908,0.044503412227652
1503,161.26461785786856,21,1,0,0,1.4725286279861118,0.04445890881542435
1504,140.49324204591176,17,1,0,0,1.4308611527500452,0.04441444990660893
1505,-34.530075831531114,21,0,1,0,1.7122312569874187,0.04437003545670232
1506,199.4166696659047,34,1,0,0,1.4529517287696345,0.044325665421245615
1507,176.9157588501784,23,1,0,0,1.2432918414427234,0.04428133975582437
1508,166.35463849798654,27,1,0,0,1.3269369446068129,0.04423705841606854
1509,139.69232459490695,23,1,0,0,1.4340014920685595,0.04419282135765248
1510,163.05691655386363,24,1,0,0,1.3737373471068535,0.04414862853629482
1511,179.04261004949274,26,1,0,0,1.266487756999261,0.04410447990775853
1512,158.15347035815716,22,1,0,0,1.3972024305089468,0.04406037542785077
1513,162.31251094414318,24,1,0,0,1.1860403794359742,0.04401631505242292
1514,149.43546090503358,18,1,0,0,1.3175715615829489,0.0439722987373705
1515,168.69817213217618,20,1,0,0,1.3457775388144884,0.043928326438633127
1516,155.3589629924251,25,1,0,0,1.4500132322930008,0.043884398112194495
1517,152.5558241493821,19,1,0,0,1.4966977681116105,0.0438405137140823
1518,-50.0,1,0,1,0,7.206401980230403,0.043796673200368216
1519,162.51568834510994,16,1,0,0,1.169847265159922,0.04375287652716785
1520,185.61490735163306,33,1,0,0,1.1735215845730276,0.04370912365064068
1521,186.72744385608217,30,1,0,0,1.488152729720438,0.04366541452699004
1522,148.6102016159809,56,1,0,0,1.462559061729286,0.043621749112463054
1523,206.05000547885507,44,1,0,0,1.449143701371416,0.04357812736335059
1524,162.07643279239088,23,1,0,0,1.4021426942729869,0.043534549235987235
1525,185.76016901689613,30,1,0,0,1.3597051129644309,0.04349101468675125
1526,144.92695310766186,25,1,0,0,1.4804418183991388,0.0434475236720645
1527,-4.771548447871623,200,0,0,1,2.6486036954145615,0.04340407614839243
1528,199.67065098382955,34,1,0,0,1.2497034624901022,0.04336067207224404
1529,230.09908857161935,48,1,0,0,1.473550477414572,0.043317311400171796
1530,167.86277806071178,34,1,0,0,1.4445914594811091,0.043273994088771625
1531,5.292606267603801,200,0,0,1,2.79721655509355,0.04323072009468285
1532,167.58167584210804,22,1,0,0,1.2848512434619146,0.04318748937458817
1533,168.33882551302372,20,1,0,0,1.4536429583413888,0.043144301885213586
1534,173.87879108370942,23,1,0,0,1.3530491248405028,0.043101157583328366
1535,157.41215425419495,23,1,0,0,1.390134854021672,0.04305805642574504
1536,213.0175665308496,39,1,0,0,1.2687094496573048,0.043014998369319296
1537,203.01843982992824,26,1,0,0,1.1978357812253801,0.04297198337094998
1538,228.7620753304145,56,1,0,0,1.435665592597332,0.04292901138757903
1539,184.53770840185183,24,1,0,0,1.2949943279577218,0.042886082376191445
1540,176.25477152573114,21,1,0,0,1.3751938085751536,0.04284319629381526
1541,204.61056080350318,41,1,0,0,1.4894469987471874,0.04280035309752144
1542,180.0541211525237,29,1,0,0,1.2597589462770946,0.042757552744423916
1543,152.63368210424917,19,1,0,0,1.129759708513803,0.0427147951916795
1544,102.9875482110034,2,1,0,0,1.1086699169585112,0.042672080396487816
1545,190.20099964125455,61,1,0,0,1.4852130861226223,0.04262940831609133
1546,130.97021064993626,15,1,0,0,1.277076266556445,0.042586778907775236
1547,-50.0,1,0,1,0,7.730767788262231,0.04254419212886746
1548,173.83326151689278,60,1,0,0,1.4976563482812377,0.04250164793673859
1549,158.23868158759495,22,1,0,0,1.421672897531159,0.042459146288801854
1550,235.01885959622453,49,1,0,0,1.4929664580787363,0.04241668714251305
1551,192.7694648642812,27,1,0,0,1.4210216620606253,0.04237427045537054
1552,172.59623804832972,25,1,0,0,1.4707282980388767,0.042331896184915174
1553,166.87742269045233,22,1,0,0,1.3837033669183099,0.04228956428873026
1554,167.3594214953609,22,1,0,0,1.4588730304922461,0.04224727472444152
1555,159.44005965289318,108,1,0,0,1.4843531868393935,0.04220502744971708
1556,187.50660870526286,26,1,0,0,1.4718990154852662,0.04216282242226736
1557,183.96890475187968,34,1,0,0,1.3143729673144364,0.042120659599845095
1558,191.30748048708057,23,1,0,0,1.2586975852730253,0.04207853894024525
1559,187.81087835670635,23,1,0,0,1.3133290840337728,0.04203646040130501
1560,165.66433430729901,21,1,0,0,1.3279214294900896,0.0419944239409037
1561,184.4988459808214,104,1,0,0,1.4999719535254457,0.0419524295169628
1562,177.50070763073003,20,1,0,0,1.4251504296516964,0.04191047708744584
1563,185.803620321746,23,1,0,0,1.4718482536196549,0.04186856661035839
1564,196.65382504096243,34,1,0,0,1.4820599688734266,0.04182669804374803
1565,176.66582317192993,28,1,0,0,1.4342478469496966,0.041784871345704286
1566,204.42785484847388,31,1,0,0,1.3845491008247,0.04174308647435858
1567,184.3046624505318,92,1,0,0,1.4711710895500676,0.04170134338788422
1568,133.04069488379668,14,1,0,0,1.4133394642884387,0.041659642044496334
1569,189.7845900976904,25,1,0,0,1.3952170956847285,0.04161798240245184
1570,113.14862759975307,42,1,0,0,1.3725339054682082,0.04157636442004939
1571,106.94037084308778,12,1,0,0,1.4662347795953699,0.04153478805562934
1572,173.935499030431,28,1,0,0,1.3408701593911505,0.04149325326757371
1573,123.69757171311772,9,1,0,0,1.4023120876734079,0.04145176001430614
1574,147.66868938229038,18,1,0,0,1.1378580034217671,0.04141030825429183
1575,148.6719789104579,19,1,0,0,1.0625497177272571,0.04136889794603754
1576,217.47414337163684,32,1,0,0,1.4622745838254623,0.041327529048091505
1577,168.0434602993128,22,1,0,0,1.2356552794277507,0.04128620151904341
1578,213.2472017137975,29,1,0,0,1.2655215220097522,0.04124491531752436
1579,149.0958599652005,24,1,0,0,1.384810722925997,0.04120367040220684
1580,162.3473014479513,24,1,0,0,1.1702551802205678,0.04116246673180463
1581,146.85873316695836,25,1,0,0,1.2477586817922124,0.04112130426507283
1582,271.22223994417686,54,1,0,0,1.4687912124922493,0.04108018296080776
1583,186.32752327340376,23,1,0,0,1.2942769112826928,0.04103910277784695
1584,-50.0,1,0,1,0,3.3258570589514007,0.0409980636750691
1585,159.5778220694207,23,1,0,0,1.367256513621157,0.04095706561139403
1586,154.40921374828184,18,1,0,0,1.4855713618498176,0.04091610854578264
1587,171.37921313759705,20,1,0,0,1.3245461597346035,0.040875192437236856
1588,206.98388623935705,36,1,0,0,1.4768901518814481,0.04083431724479962
1589,141.47402583509597,15,1,0,0,1.377521488613452,0.04079348292755482
1590,153.66556295702804,59,1,0,0,1.4587265683692274,0.04075268944462726
1591,173.5867903685691,38,1,0,0,1.4899122833412473,0.040711936755182636
1592,145.61842714341552,19,1,0,0,1.3370948585407563,0.04067122481842745
1593,230.66938460073513,36,1,0,0,1.4821579589575904,0.04063055359360903
1594,112.9373651710947,14,1,0,0,1.4985279872620454,0.040589923040015415
1595,193.29086469120466,26,1,0,0,1.485137810394917,0.0405493331169754
1596,196.81243417315432,28,1,0,0,1.4428801120226793,0.04050878378385843
1597,173.50101567742848,63,1,0,0,1.4601200795671017,0.04046827500007457
1598,191.98974687837867,27,1,0,0,1.4267694800783335,0.04042780672507449
1599,147.78967599752463,23,1,0,0,1.4824859653863767,0.04038737891834942
1600,111.53493287017156,48,1,0,0,1.4793262203661295,0.04034699153943107
1601,180.78804747883862,21,1,0,0,1.4547960909007875,0.04030664454789164
1602,121.64348991281821,8,1,0,0,1.4732372027969203,0.040266337903343746
1603,191.31637749791366,31,1,0,0,1.3236820450525237,0.040226071565440405
1604,209.0309127042779,37,1,0,0,1.370808140052108,0.040185845493874967
1605,137.3778019937709,25,1,0,0,1.3453911295582421,0.040145659648381085
1606,158.49043450989484,26,1,0,0,1.2281410312566785,0.04010551398873271
1607,202.1070528167582,27,1,0,0,1.4351463250252323,0.04006540847474397
1608,114.22854452331177,17,1,0,0,1.4435959387016024,0.04002534306626923
1609,125.21773356754107,39,1,0,0,1.4085305573326758,0.03998531772320296
1610,187.49226780050375,23,1,0,0,1.2248265255501016,0.03994533240547976
1611,196.48711346945373,25,1,0,0,1.2075784497599318,0.039905387073074276
1612,160.50269897924323,21,1,0,0,1.331890646281423,0.03986548168600121
1613,167.54040343686373,23,1,0,0,1.282568007706062,0.039825616204315205
1614,27.950596184097016,200,0,0,1,2.1511376734831864,0.03978579058811089
1615,192.56736260664118,29,1,0,0,1.3496274517726252,0.03974600479752277
1616,153.51433211260715,12,1,0,0,1.4041744077686396,0.039706258792725255
1617,185.0440897665536,30,1,0,0,1.479202046837753,0.03966655253393253
1618,175.21905497103708,26,1,0,0,1.480879475562614,0.039626885981398595
1619,192.49995037822725,37,1,0,0,1.2052560033762783,0.039587259095417195
1620,213.2087027095035,40,1,0,0,1.253723257485544,0.039547671836321775
1621,177.82726083278857,18,1,0,0,1.2791090059887755,0.03950812416448546
1622,159.0882733490455,17,1,0,0,1.293225786949638,0.039468616040320974
1623,244.89704372713584,42,1,0,0,1.4191337607625674,0.03942914742428065
1624,154.42809234830167,21,1,0,0,1.4980960023441634,0.03938971827685637
1625,175.2348970282855,22,1,0,0,1.4392663347620418,0.03935032855857951
1626,227.1320185067908,39,1,0,0,1.3621804144239364,0.039310978230020936
1627,156.75184566863402,21,1,0,0,1.4285198911258772,0.03927166725179091
1628,183.61107950722695,20,1,0,0,1.366099812771433,0.03923239558453912
1629,195.60864867995613,27,1,0,0,1.4466823416755104,0.039193163188954584
1630,154.5782520760142,34,1,0,0,1.4263197514628103,0.03915397002576563
1631,-50.0,1,0,1,0,5.504334172737806,0.03911481605573986
1632,185.7898620836104,29,1,0,0,1.4980460478492053,0.039075701239684124
1633,115.37707707624661,12,1,0,0,1.3496339422940582,0.03903662553844444
1634,126.24988943254527,19,1,0,0,1.4757212975026912,0.038997588912905994
1635,200.3263030449354,27,1,0,0,1.2970587956624078,0.03895859132399309
1636,170.10831723138932,25,1,0,0,1.2335799143365997,0.038919632732669095
1637,237.02734818711158,51,1,0,0,1.3111733333811877,0.03888071309993643
1638,193.2972532317699,27,1,0,0,1.3349361235288713,0.03884183238683649
1639,147.0934656728849,17,1,0,0,1.2361278246352594,0.038802990554449655
1640,202.21493569800737,30,1,0,0,1.25691169295372,0.03876418756389521
1641,168.90922069835068,19,1,0,0,1.2458658052063614,0.03872542337633131
1642,197.97918243056705,26,1,0,0,1.195154591814264,0.03868669795295498
1643,166.73177633882676,23,1,0,0,1.4101700351084512,0.03864801125500202
1644,169.33529277887317,19,1,0,0,1.303213382920846,0.03860936324374702
1645,185.87969305164233,21,1,0,0,1.2991028783372889,0.038570753880503274
1646,185.34492158324613,25,1,0,0,1.3543306278238836,0.038532183126622765
1647,178.31922990201707,24,1,0,0,1.3459345890721321,0.03849365094349615
1648,168.8294809926481,24,1,0,0,1.1693462303889637,0.03845515729255265
1649,0.36622318850164537,200,0,0,1,2.4680923645942054,0.0384167021352601
1650,163.471509827112,25,1,0,0,1.1897273091871032,0.03837828543312484
1651,151.66282500559294,23,1,0,0,1.4801250898018419,0.03833990714769171
1652,129.8142789216769,23,1,0,0,1.4103071673260257,0.038301567240544024
1653,166.92731244682636,22,1,0,0,1.4494963261781904,0.03826326567330348
1654,173.65422381317836,20,1,0,0,1.2860597807987362,0.038225002407630174
1655,155.97866392975524,162,1,0,0,1.4718598763500572,0.03818677740522254
1656,156.3973049173487,23,1,0,0,1.4739453060213872,0.03814859062781732
1657,132.0884321086799,67,1,0,0,1.4732446099923922,0.0381104420371895
1658,221.14665437171413,44,1,0,0,1.4965943444458336,0.03807233159515231
1659,183.91471713163986,24,1,0,0,1.3790003167046172,0.03803425926355716
1660,173.96354500279887,55,1,0,0,1.4769231817054553,0.0379962250042936
1661,175.95219582839601,29,1,0,0,1.3600456079323906,0.03795822877928931
1662,179.67982650895743,47,1,0,0,1.2275480284919136,0.037920270550510025
1663,230.5109426787214,40,1,0,0,1.3100205425566547,0.03788235027995951
1664,159.9812400003003,23,1,0,0,1.3367879950556047,0.03784446792967955
1665,-50.0,1,0,1,0,7.99692367902511,0.03780662346174987
1666,171.68881286742106,24,1,0,0,1.3685405453977895,0.03776881683828812
1667,182.49491602926193,24,1,0,0,1.4559394209604712,0.03773104802144983
1668,160.6760889584943,19,1,0,0,1.3290701277962185,0.037693316973428384
1669,131.5034126056556,12,1,0,0,1.2290013502661992,0.03765562365645495
1670,185.8733789529444,25,1,0,0,1.2884656439050968,0.0376179680327985
1671,169.88643990936572,43,1,0,0,1.4972869142785445,0.037580350064765705
1672,152.86992007914577,20,1,0,0,1.4050403486089218,0.03754276971470094
1673,195.31121732821947,75,1,0,0,1.4866401296316256,0.03750522694498623
1674,227.53034835459556,41,1,0,0,1.4362989539767108,0.03746772171804125
1675,-11.667523541549444,200,0,0,1,2.1263627296231964,0.03743025399632321
1676,128.51678352150134,15,1,0,0,1.459605278695642,0.03739282374232688
1677,164.9356484438156,72,1,0,0,1.468510787007185,0.03735543091858456
1678,181.6760430071084,32,1,0,0,1.4603250502023435,0.03731807548766597
1679,142.80180379725314,19,1,0,0,1.4967550493669497,0.03728075741217831
1680,233.57359424646052,46,1,0,0,1.3321463455045397,0.03724347665476613
1681,154.49876974848527,30,1,0,0,1.4649542892143566,0.03720623317811136
1682,174.84629984628197,19,1,0,0,1.2734981332650004,0.03716902694493325
1683,180.79944244805387,24,1,0,0,1.3386202963670448,0.037131857917988315
1684,133.63495427838865,59,1,0,0,1.374736533216735,0.037094726060070325
1685,178.08477676912736,21,1,0,0,1.2877339814254982,0.03705763133401026
1686,232.6125789824825,44,1,0,0,1.251963169715391,0.037020573702676245
1687,180.73756786708688,31,1,0,0,1.3221235270268887,0.03698355312897357
1688,178.478829648689,25,1,0,0,1.4708028871915342,0.0369465695758446
1689,146.20506454630748,79,1,0,0,1.4730077853266188,0.03690962300626875
1690,197.37887234803082,31,1,0,0,1.471007638328783,0.036872713383262486
1691,231.34842785147094,36,1,0,0,1.3616838064318988,0.03683584066987922
1692,39.0062875788763,200,0,0,1,2.0736619304137314,0.03679900482920934
1693,145.7435529906905,19,1,0,0,1.3179399345288656,0.03676220582438013
1694,199.49740537724023,33,1,0,0,1.2811237878031467,0.03672544361855575
1695,147.0472033170551,19,1,0,0,1.200263153792931,0.0366887181749372
1696,168.69174763832717,26,1,0,0,1.2859143127354118,0.03665202945676226
1697,188.33347947316645,30,1,0,0,1.2292949614420092,0.036615377427305494
1698,222.45730248019487,39,1,0,0,1.4014952981058704,0.03657876204987819
1699,154.60919254228452,17,1,0,0,1.3554362331581717,0.036542183287828316
1700,180.3087976460826,20,1,0,0,1.4254392983032342,0.036505641104540486
1701,121.68054505412152,29,1,0,0,1.3870551097161257,0.03646913546343594
1702,171.22374098175317,23,1,0,0,1.3415263122641075,0.036432666327972506
1703,215.11536921312864,33,1,0,0,1.3198609348298864,0.03639623366164454
1704,129.96705635153583,14,1,0,0,1.350109311023487,0.03635983742798289
1705,185.30415927163313,22,1,0,0,1.1773165120791675,0.03632347759055491
1706,179.47573435137187,26,1,0,0,1.4649170636282234,0.036287154112964355
1707,219.31727889640558,38,1,0,0,1.4911211898077659,0.036250866958851394
1708,168.85194960729186,34,1,0,0,1.3721713202244237,0.03621461609189254
1709,136.64978741491439,14,1,0,0,1.255951744716455,0.03617840147580064
1710,158.78651826326916,25,1,0,0,1.414988982375507,0.036142223074324846
1711,169.78111087680838,20,1,0,0,1.431177012617629,0.03610608085125052
1712,193.1330172320367,24,1,0,0,1.1844927874618032,0.03606997477039927
1713,167.99906306939948,28,1,0,0,1.226295886575538,0.03603390479562887
1714,173.3932493320829,20,1,0,0,1.348313075162658,0.03599787089083324
1715,194.93497829167598,26,1,0,0,1.3795945687387838,0.03596187301994241
1716,144.94976984281007,21,1,0,0,1.473935129287928,0.035925911146922465
1717,145.2850394355103,15,1,0,0,1.2797944203883551,0.035889985235775544
1718,179.48805122569672,24,1,0,0,1.3239237776862514,0.03585409525053977
1719,163.417464558459,19,1,0,0,1.4482077797239334,0.03581824115528923
1720,154.25256065143788,22,1,0,0,1.4147104577352494,0.035782422914133936
1721,184.6578410997555,24,1,0,0,1.240705243756938,0.035746640491219804
1722,153.64671878700688,20,1,0,0,1.2326769414684051,0.035710893850728585
1723,156.78240190126917,18,1,0,0,1.2553443004636677,0.035675182956877854
1724,208.70042205882092,36,1,0,0,1.346212869550508,0.03563950777392098
1725,119.88988776604725,7,1,0,0,1.4872426199457516,0.03560386826614705
1726,184.3368912703242,26,1,0,0,1.4369941160708397,0.03556826439788091
1727,221.70831499311976,33,1,0,0,1.4190437866053633,0.035532696133483026
1728,160.87581592809028,21,1,0,0,1.3519525503611045,0.035497163437349544
1729,-50.0,1,0,1,0,3.2428052454692433,0.035461666273912194
1730,152.84021412011563,17,1,0,0,1.2813761304641653,0.03542620460763828
1731,137.96445899139138,22,1,0,0,1.2756174887844847,0.03539077840303064
1732,150.4078915905182,29,1,0,0,1.4453021007845583,0.035355387624627616
1733,173.85481226302846,18,1,0,0,1.3662572302486302,0.03532003223700299
1734,194.20612778639156,28,1,0,0,1.3819471966127965,0.035284712204765985
1735,181.65319423730682,32,1,0,0,1.4050781112819515,0.03524942749256122
1736,137.4770090409869,20,1,0,0,1.3175449930222516,0.03521417806506866
1737,104.6068373158829,8,1,0,0,1.4131345512580331,0.03517896388700359
1738,181.69159509601707,21,1,0,0,1.3849661894129197,0.03514378492311659
1739,204.47404847813561,37,1,0,0,1.2278573689570094,0.035108641138193473
1740,138.92584239969253,16,1,0,0,1.306438664807752,0.035073532497055276
1741,231.5850460194997,58,1,0,0,1.3039849215199126,0.03503845896455822
1742,170.26008119184706,19,1,0,0,1.3273663104622742,0.03500342050559366
1743,167.86439963675497,31,1,0,0,1.221968926594546,0.03496841708508807
1744,163.8130542966508,22,1,0,0,1.3744115802014238,0.034933448668002985
1745,188.30350377087058,24,1,0,0,1.2786385163445455,0.03489851521933498
1746,226.5564236221529,43,1,0,0,1.3871897999826137,0.03486361670411564
1747,173.12505040922665,87,1,0,0,1.459840066808546,0.034828753087411526
1748,150.59849723532562,19,1,0,0,1.4853368475131394,0.034793924334324114
1749,168.09935206250438,27,1,0,0,1.4505340809738316,0.03475913040998979
1750,202.74569769523694,32,1,0,0,1.2351497043748312,0.0347243712795798
1751,193.87131963586808,26,1,0,0,1.3763001971705253,0.034689646908300224
1752,214.79832231428497,32,1,0,0,1.295259783702402,0.034654957261391915
1753,264.44279686669586,50,1,0,0,1.274669788451419,0.03462030230413053
1754,128.87686220742677,11,1,0,0,1.1739234738034512,0.0345856820018264
1755,181.61525551049476,21,1,0,0,1.4146825841831376,0.03455109631982457
1756,165.4644760707103,19,1,0,0,1.4641725155541745,0.034516545223504745
1757,177.7677144197809,24,1,0,0,1.0758753062098527,0.03448202867828124
1758,-82.11312717962787,200,0,0,1,3.2182772529597634,0.034447546649602964
1759,148.80370824767888,18,1,0,0,1.261193307345845,0.03441309910295336
1760,201.28858543449547,47,1,0,0,1.27364622834697,0.034378686003850405
1761,218.75100103746036,34,1,0,0,1.3267333833316943,0.03434430731784655
1762,142.55736375922646,22,1,0,0,1.3250795992779412,0.03430996301052871
1763,186.03006424483254,30,1,0,0,1.4709969730845265,0.03427565304751818
1764,188.16349199467214,21,1,0,0,1.1909871759430564,0.03424137739447066
1765,182.42284888107395,25,1,0,0,1.1980528804219162,0.034207136017076194
1766,149.99787406118253,29,1,0,0,1.45514606165619,0.03417292888105911
1767,207.4617491318914,35,1,0,0,1.3475678965335127,0.03413875595217805
1768,178.21835787782175,29,1,0,0,1.4921219435905955,0.03410461719622587
1769,127.88601039116102,114,1,0,0,1.4822737642369872,0.03407051257902965
1770,113.12436652153107,30,1,0,0,1.4189741743260342,0.034036442066450616
1771,150.44373944080206,21,1,0,0,1.2943721566910962,0.03400240562438417
1772,182.04263989229105,30,1,0,0,1.4530197483068688,0.03396840321875979
1773,149.91911397628272,18,1,0,0,1.4770954857057395,0.03393443481554103
1774,156.03642770221842,18,1,0,0,1.2780094147511614,0.033900500380725486
1775,141.4771730241547,15,1,0,0,1.4506625926762051,0.03386659988034476
1776,157.67007196166787,23,1,0,0,1.4447936053630763,0.03383273328046441
1777,242.51926814348235,41,1,0,0,1.4409873199107233,0.03379890054718395
1778,185.725004564937,30,1,0,0,1.2643951119883903,0.033765101646636764
1779,191.11026034592092,32,1,0,0,1.4329101485059763,0.03373133654499013
1780,191.23430639703798,23,1,0,0,1.475920997641233,0.033697605208445135
1781,156.10822760649273,18,1,0,0,1.3323225715246176,0.0336639076032367
1782,195.766923741252,26,1,0,0,1.2659371243262418,0.03363024369563346
1783,11.647423902722018,200,0,0,1,2.252165783433937,0.033596613451937825
1784,166.51138119527164,22,1,0,0,1.4854223576604075,0.033563016838485886
1785,136.63845407874066,19,1,0,0,1.4429103028137817,0.0335294538216474
1786,154.63523204773293,19,1,0,0,1.2035391400914268,0.03349592436782575
1787,186.9425515798028,22,1,0,0,1.448972993975818,0.033462428443457926
1788,34.70097324801955,200,0,0,1,1.7860524360710506,0.033428966015014466
1789,161.5819541643747,18,1,0,0,1.4375306906354044,0.03339553704899945
1790,120.86598426660998,13,1,0,0,1.4901641225873348,0.03336214151195046
1791,158.18070665694393,29,1,0,0,1.494060750667423,0.03332877937043851
1792,163.23365467740558,19,1,0,0,1.2623166989838885,0.03329545059106807
1793,146.26736292878095,19,1,0,0,1.3709711088647996,0.033262155140477
1794,173.63750281021316,23,1,0,0,1.4394115518521473,0.033228892985336524
1795,148.27817282332936,18,1,0,0,1.3280047224019875,0.03319566409235119
1796,232.61348566414873,61,1,0,0,1.4944017422572418,0.03316246842825884
1797,266.3134031966937,52,1,0,0,1.4848845069320007,0.033129305959830574
1798,24.26032231501005,200,0,0,1,2.2528657950547086,0.03309617665387074
1799,149.7514249714859,16,1,0,0,1.2909886741330887,0.03306308047721687
1800,183.76114777054175,27,1,0,0,1.480917640348753,0.03303001739673966
1801,222.94736943363176,38,1,0,0,1.328739382324344,0.03299698737934292
1802,172.4557493358389,23,1,0,0,1.420450645855218,0.03296399039196357
1803,125.46338818414074,8,1,0,0,1.3602947410989543,0.032931026401571604
1804,181.3972151654912,32,1,0,0,1.3294933725652407,0.03289809537517004
1805,167.15371877637924,21,1,0,0,1.3737941080879108,0.03286519727979487
1806,-50.0,1,0,1,0,3.5365995085572033,0.03283233208251507
1807,138.3914302138466,162,1,0,0,1.4737036179036496,0.03279949975043256
1808,187.42113942709807,22,1,0,0,1.4642134326298903,0.032766700250682124
1809,208.51218677161927,36,1,0,0,1.326156423615102,0.03273393355043144
1810,159.4715451619269,15,1,0,0,1.3442404829915653,0.03270119961688101
1811,195.1387719525819,25,1,0,0,1.399392860302266,0.03266849841726413
1812,193.94777882428286,22,1,0,0,1.4662715288075523,0.032635829918846865
1813,148.28340289671115,163,1,0,0,1.4533468188952647,0.03260319408892802
1814,193.87766617629194,23,1,0,0,1.4817840958002042,0.032570590894839095
1815,204.20407342093867,35,1,0,0,1.294957298981455,0.03253802030394425
1816,193.2801991856553,32,1,0,0,1.2704982557680053,0.03250548228364031
1817,279.5243151376429,55,1,0,0,1.491267499712318,0.03247297680135667
1818,-2.5777822232493883,200,0,0,1,1.804422373361058,0.032440503824555315
1819,166.0406744348253,22,1,0,0,1.2789263872361987,0.032408063320730755
1820,170.13210885694835,25,1,0,0,1.4746632765224326,0.03237565525741003
1821,232.75963693902992,42,1,0,0,1.2405891147274979,0.032343279602152615
1822,141.78174424246015,14,1,0,0,1.251561581098,0.032310936322550464
1823,153.9436300242631,22,1,0,0,1.3088930849546507,0.03227862538622791
1824,218.9395901687587,40,1,0,0,1.3121205425126645,0.03224634676084168
1825,190.91650497458954,29,1,0,0,1.4167966785645671,0.03221410041408084
1826,197.25157539323982,31,1,0,0,1.236802544571609,0.03218188631366676
1827,176.41964477502836,22,1,0,0,1.2499562863825981,0.03214970442735309
1828,157.5844838205067,22,1,0,0,1.4070824936863024,0.03211755472292574
1829,192.47617482296494,23,1,0,0,1.2400293327613658,0.032085437168202814
1830,154.9509981481319,19,1,0,0,1.368018709544356,0.032053351731034616
1831,172.8272117133651,20,1,0,0,1.2515846004970475,0.03202129837930358
1832,153.9374706094401,31,1,0,0,1.461458739493066,0.03198927708092427
1833,157.15040234264183,38,1,0,0,1.4607519454978182,0.03195728780384335
1834,178.7724747155818,27,1,0,0,1.23673693478935,0.03192533051603951
1835,149.87705152609365,25,1,0,0,1.3683238701624663,0.031893405185523464
1836,184.21099473347536,63,1,0,0,1.3390815540016447,0.03186151178033794
1837,127.40100918829613,12,1,0,0,1.45255783633485,0.0318296502685576
1838,141.44581215000454,15,1,0,0,1.4605378536662588,0.03179782061828905
1839,162.26706537029114,26,1,0,0,1.236195968060545,0.03176602279767076
1840,162.54833523811487,32,1,0,0,1.2379209353331004,0.03173425677487309
1841,156.36815943816808,23,1,0,0,1.1162250748406952,0.031702522518098214
1842,176.64608011845962,25,1,0,0,1.389219302535622,0.03167081999558012
1843,168.76484470195538,20,1,0,0,1.3955531344070922,0.03163914917558454
1844,165.31443446937527,25,1,0,0,1.4249498443249387,0.03160751002640896
1845,160.6836217967935,16,1,0,0,1.4596246874288286,0.031575902516382544
1846,181.10202014409,27,1,0,0,1.264227470493206,0.03154432661386616
1847,180.29558717989954,25,1,0,0,1.2809247955163845,0.031512782287252294
1848,182.9584763645469,21,1,0,0,1.368971900856337,0.03148126950496504
1849,148.6808462420023,15,1,0,0,1.2345525021440362,0.031449788235460074
1850,222.33363085434692,38,1,0,0,1.1882140014753948,0.031418338447224615
1851,180.35291605880838,25,1,0,0,1.3922173029868155,0.031386920108777396
1852,249.73636873748436,46,1,0,0,1.4170698736663665,0.03135553318866862
1853,166.06942557425597,18,1,0,0,1.3788957877017693,0.03132417765547995
1854,134.83985290719806,18,1,0,0,1.4727809785219759,0.03129285347782447
1855,167.6219825976343,28,1,0,0,1.257422213888763,0.031261560624346645
1856,146.10789191070265,24,1,0,0,1.285746645973657,0.031230299063722294
1857,208.06761445750197,45,1,0,0,1.3849486923161092,0.031199068764658573
1858,154.8778289524116,23,1,0,0,1.3664427143600704,0.031167869695893913
1859,176.59540481043885,26,1,0,0,1.3030590666637427,0.031136701826198022
1860,167.61142481627277,28,1,0,0,1.4752914563535502,0.03110556512437182
1861,174.16358884053113,19,1,0,0,1.2513935275799009,0.03107445955924745
1862,187.15014119010556,24,1,0,0,1.431393647205022,0.031043385099688205
1863,157.695633111346,14,1,0,0,1.405157438304516,0.031012341714588516
1864,173.0563939747317,21,1,0,0,1.3218010579913009,0.030981329372873925
1865,212.6113910138638,33,1,0,0,1.260855606524796,0.030950348043501053
1866,263.89164168807616,52,1,0,0,1.4736999531724606,0.030919397695457554
1867,118.55272772995961,57,1,0,0,1.467026989369046,0.030888478297762097
1868,158.904162625055,24,1,0,0,1.4518295858810337,0.030857589819464334
1869,168.40994230390186,45,1,0,0,1.4551494629066875,0.030826732229644868
1870,171.96076214822008,24,1,0,0,1.3931144918607223,0.030795905497415222
1871,164.48211563339385,25,1,0,0,1.4351866912078513,0.030765109591917805
1872,178.15119639327014,24,1,0,0,1.3857884681812112,0.030734344482325888
1873,196.9136645664512,30,1,0,0,1.2927340576510193,0.030703610137843562
1874,161.5511479109964,120,1,0,0,1.4762790184030172,0.03067290652770572
1875,237.84013332253525,38,1,0,0,1.4886605564836872,0.030642233621178013
1876,135.94789522497453,62,1,0,0,1.493208999611397,0.030611591387556838
1877,157.05208151316404,25,1,0,0,1.468905776827717,0.030580979796169278
1878,-14.67171955536093,200,0,0,1,2.461186015271371,0.03055039881637311
1879,195.60777605840008,56,1,0,0,1.478430706327893,0.030519848417556734
1880,146.55528348467635,34,1,0,0,1.1507811108557735,0.03048932856913918
1881,206.57166070981884,33,1,0,0,1.2143970263723591,0.03045883924057004
1882,219.66737500855746,35,1,0,0,1.2829564454015137,0.03042838040132947
1883,155.24997879346932,30,1,0,0,1.3816797348512015,0.03039795202092814
1884,158.75398848630374,20,1,0,0,1.3177545549504868,0.03036755406890721
1885,174.76049377300035,28,1,0,0,1.459057773160217,0.030337186514838306
1886,111.53231352281138,5,1,0,0,1.346867562285687,0.030306849328323466
1887,135.26201493849513,10,1,0,0,1.3635847905582676,0.030276542478995146
1888,146.77422161037413,24,1,0,0,1.309597207015789,0.03024626593651615
1889,142.87675777623883,28,1,0,0,1.3896104568851666,0.03021601967057963
1890,277.22758923224865,88,1,0,0,1.4793685598038895,0.030185803650909056
1891,180.41959282204832,22,1,0,0,1.4672468466766284,0.030155617847258145
1892,188.70557800030792,24,1,0,0,1.2395014862525509,0.030125462229410885
1893,130.41886248217645,33,1,0,0,1.4709042392484821,0.030095336767181475
1894,177.18690220210058,23,1,0,0,1.4470685148102567,0.030065241430414294
1895,207.59519592464557,40,1,0,0,1.4938143223506577,0.030035176188983877
1896,159.40763090678183,71,1,0,0,1.494931588841484,0.030005141012794896
1897,178.63308338208287,19,1,0,0,1.4354314218605837,0.0299751358717821
1898,158.48087179102276,22,1,0,0,1.352886816158364,0.029945160735910317
1899,162.21543795261914,28,1,0,0,1.4413398861249538,0.02991521557517441
1900,175.09413928008604,21,1,0,0,1.470047153901663,0.029885300359599232
1901,159.0741049666736,20,1,0,0,1.3356313283267565,0.029855415059239634
1902,97.00904061659178,200,0,0,1,1.8994951190982559,0.029825559644180395
1903,156.8824015044436,20,1,0,0,1.364731560815038,0.029795734084536216
1904,154.04201753624673,18,1,0,0,1.4827436352628252,0.029765938350451677
1905,187.72006631896414,28,1,0,0,1.4903103449948332,0.029736172412101226
1906,168.94331966364484,32,1,0,0,1.3810409642403176,0.029706436239689122
1907,182.43741493072434,22,1,0,0,1.3810175947122323,0.029676729803449438
1908,125.7439387497911,13,1,0,0,1.4987162201477258,0.029647053073645985
1909,164.46877398824188,25,1,0,0,1.4489965548694639,0.02961740602057234
1910,179.94536908579818,21,1,0,0,1.2987198832425435,0.02958778861455177
1911,182.2413677040899,24,1,0,0,1.4739154669396866,0.029558200825937214
1912,217.63819930168557,33,1,0,0,1.4491287632986858,0.02952864262511128
1913,179.16978294228716,19,1,0,0,1.377247541742036,0.029499113982486166
1914,160.67878719112028,17,1,0,0,1.3913109558447427,0.02946961486850368
1915,168.4914709419118,21,1,0,0,1.410020757799081,0.029440145253635176
1916,168.79008559506815,25,1,0,0,1.2112886199958206,0.029410705108381542
1917,146.70829563750857,18,1,0,0,1.4467900171159864,0.029381294403273164
1918,174.6899816164768,22,1,0,0,1.4112186076251687,0.02935191310886989
1919,178.835515453399,24,1,0,0,1.3528208186753692,0.029322561195761015
1920,175.0985065093195,21,1,0,0,1.2331202846636116,0.029293238634565257
1921,248.34811706305157,57,1,0,0,1.3694449291870867,0.02926394539593069
1922,160.1929964471064,24,1,0,0,1.4813035663099237,0.02923468145053476
1923,-50.0,1,0,1,0,1.7815183708287698,0.029205446769084226
1924,162.49135708475418,18,1,0,0,1.2029694403495266,0.02917624132231514
1925,-50.0,1,0,1,0,7.041058530936915,0.029147065080992823
1926,178.01624801191863,22,1,0,0,1.406873799712482,0.029117918015911834
1927,182.50875187707456,30,1,0,0,1.4286581451912201,0.029088800097895925
1928,183.52525677308154,31,1,0,0,1.2584106916223043,0.029059711297798024
1929,173.1667438457054,85,1,0,0,1.496555028438963,0.029030651586500228
1930,173.6618611880848,32,1,0,0,1.4726021824921023,0.029001620934913725
1931,147.61050502234986,35,1,0,0,1.3395408423236177,0.028972619313978817
1932,205.67274775621615,35,1,0,0,1.3836624583296218,0.028943646694664833
1933,134.14730155616502,16,1,0,0,1.2418583504728191,0.02891470304797017
1934,169.30848915093935,39,1,0,0,1.4044767420562358,0.028885788344922197
1935,179.79353613715182,22,1,0,0,1.452611391665834,0.028856902556577274
1936,139.4473932979763,39,1,0,0,1.4551452354394263,0.028828045654020702
1937,141.1381614955896,13,1,0,0,1.4401031282692776,0.02879921760836668
1938,198.29561067712365,29,1,0,0,1.458919375756575,0.028770418390758314
1939,263.0228523543226,54,1,0,0,1.3524654392402544,0.028741647972367553
1940,187.36009599273916,49,1,0,0,1.4854506931890281,0.028712906324395188
1941,182.66817054128597,20,1,0,0,1.3090669607735395,0.028684193418070793
1942,153.1336168547695,21,1,0,0,1.3671018526288354,0.028655509224652723
1943,189.15739077873002,28,1,0,0,1.1413849563180227,0.02862685371542807
1944,168.5976437973028,21,1,0,0,1.4969545431081106,0.02859822686171264
1945,211.3107729248924,63,1,0,0,1.4398373773600843,0.028569628634850925
1946,193.5707326198366,39,1,0,0,1.4052446450012956,0.028541059006216077
1947,145.1533553239242,20,1,0,0,1.4691048548008134,0.02851251794720986
1948,141.72588699311768,19,1,0,0,1.4327469239274089,0.02848400542926265
1949,183.30126469106892,31,1,0,0,1.3888283887989907,0.028455521423833386
1950,165.59852312151605,25,1,0,0,1.394384603476511,0.028427065902409555
1951,173.14034348574427,26,1,0,0,1.402715211139438,0.028398638836507145
1952,171.41041562109262,24,1,0,0,1.3830889997192972,0.028370240197670638
1953,181.8641170772089,22,1,0,0,1.45428394597008,0.028341869957472968
1954,130.55275403870073,10,1,0,0,1.448980903402057,0.028313528087515496
1955,113.66588540959143,8,1,0,0,1.4098169587739375,0.02828521455942798
1956,258.70234041490085,89,1,0,0,1.4703537266270568,0.02825692934486855
1957,149.52587748271947,20,1,0,0,1.4434552114481982,0.02822867241552368
1958,-3.695057912607982,200,0,0,1,2.1623501425467584,0.028200443743108157
1959,168.84127021736805,200,0,0,1,1.8364773600136015,0.028172243299365046
1960,128.8090412784423,17,1,0,0,1.4098099374905064,0.028144071056065686
1961,194.68916695468948,37,1,0,0,1.4906249611460596,0.028115926985009622
1962,200.77438618683766,37,1,0,0,1.475004036844741,0.02808781105802461
1963,125.47883884641698,141,0,0,0,2.3070971966199085,0.028059723246966584
1964,193.82304014654557,32,1,0,0,1.34033095982981,0.02803166352371962
1965,146.08564569444138,18,1,0,0,1.3620867579518618,0.0280036318601959
1966,145.30297250993658,14,1,0,0,1.343045790572593,0.027975628228335703
1967,165.8799834093598,24,1,0,0,1.4816054879118872,0.027947652600107366
1968,9.579561998349385,200,0,0,1,2.2199923783926723,0.027919704947507257
1969,-50.0,1,0,1,0,10.14386588671799,0.027891785242559752
1970,167.04979539698155,26,1,0,0,1.2929252613377789,0.027863893457317192
1971,-50.0,1,0,1,0,8.62230035289119,0.027836029563859877
1972,185.26023677989429,31,1,0,0,1.2696359787675353,0.02780819353429602
1973,173.68621590813234,27,1,0,0,1.221628202967041,0.027780385340761722
1974,191.1271602477107,33,1,0,0,1.4985648541536045,0.027752604955420958
1975,160.36473429811,55,1,0,0,1.4983372186559116,0.027724852350465536
1976,-4.08417356428069,11,0,1,0,3.64201165773538,0.027697127498115072
1977,197.60973422415083,33,1,0,0,1.4303322414033057,0.027669430370616956
1978,188.77928847603462,33,1,0,0,1.2968498829858939,0.02764176094024634
1979,146.0360013262163,13,1,0,0,1.3791430576942534,0.02761411917930609
1980,134.6788284528792,11,1,0,0,1.3314782799237133,0.02758650506012679
1981,136.4706714013446,33,1,0,0,1.4418019497159356,0.02755891855506666
1982,150.77257807481888,19,1,0,0,1.460282593150482,0.027531359636511595
1983,202.7808106481121,34,1,0,0,1.492750228841854,0.027503828276875083
1984,139.29107595975745,18,1,0,0,1.330639142083159,0.027476324448598207
1985,-50.0,1,0,1,0,7.648113147672193,0.027448848124149605
1986,170.0605543133777,27,1,0,0,1.2924985825294584,0.027421399276025462
1987,146.636864325644,21,1,0,0,1.412750466812731,0.027393977876749433
1988,220.19624133446547,33,1,0,0,1.319600654724415,0.027366583898872684
1989,171.24642617833427,19,1,0,0,1.3211217149695844,0.02733921731497381
1990,179.98612874767838,23,1,0,0,1.46632288731983,0.027311878097658837
1991,186.7051274334745,23,1,0,0,1.1873517569777197,0.02728456621956118
1992,271.85113023069687,63,1,0,0,1.407084315749992,0.027257281653341615
1993,165.46719006721958,22,1,0,0,1.2279466980428495,0.027230024371688272
1994,167.68149569163597,23,1,0,0,1.2238744033427014,0.027202794347316584
1995,131.4507689230829,23,1,0,0,1.4575010731222426,0.02717559155296927
1996,166.77149304522717,19,1,0,0,1.441518626980133,0.027148415961416303
1997,178.08140346202865,23,1,0,0,1.4524578683328413,0.027121267545454887
1998,171.78869277987252,23,1,0,0,1.341264077984887,0.02709414627790943
1999,230.44060806885358,37,1,0,0,1.4213636240216803,0.02706705213163152
2000,140.90213858248657,15,1,0,0,1.2414287023433166,0.027039985079499892
2001,158.00759993120116,15,1,0,0,1.4130586105780414,0.027012945094420388
2002,130.75206705604566,13,1,0,0,1.327336310061807,0.026985932149325972
2003,160.88832473843738,16,1,0,0,1.3801587970413907,0.026958946217176646
2004,150.36900092841583,17,1,0,0,1.3771729615584467,0.026931987270959464
2005,188.8725998746751,30,1,0,0,1.2683032077751215,0.026905055283688507
2006,168.3328550405301,25,1,0,0,1.4826377039592478,0.02687815022840482
2007,151.3887590859968,22,1,0,0,1.338422276429175,0.026851272078176416
2008,211.3570007037597,40,1,0,0,1.4059597499507774,0.02682442080609824
2009,98.68685798807007,144,1,0,0,1.2641056754778683,0.02679759638529214
2010,109.41970998577061,7,1,0,0,1.4132821657549317,0.026770798788906848
2011,180.2635859946787,25,1,0,0,1.3221321378024935,0.026744027990117936
2012,168.04195876865742,18,1,0,0,1.2212776051570806,0.02671728396212782
2013,180.2818171618576,25,1,0,0,1.34432240099835,0.026690566678165696
2014,152.10978909765328,198,1,0,0,1.444495266558455,0.02666387611148753
2015,167.44436439379115,24,1,0,0,1.4847388882190442,0.026637212235376042
2016,201.03915911014013,39,1,0,0,1.427302836323134,0.026610575023140667
2017,149.78857512513062,16,1,0,0,1.4537319889321514,0.02658396444811752
2018,141.47813292039126,34,1,0,0,1.4801420853352754,0.02655738048366941
2019,164.62586870364606,18,1,0,0,1.3042564275837394,0.026530823103185736
2020,-50.0,1,0,1,0,8.522364275270288,0.02650429228008255
2021,134.26189555467363,14,1,0,0,1.2066889663973854,0.026477787987802467
2022,145.5714908319054,33,1,0,0,1.3618889966824048,0.026451310199814667
2023,138.92106333080727,76,1,0,0,1.3111589646811976,0.02642485888961485
2024,41.87295705821263,200,0,0,1,3.5312820025519756,0.02639843403072524
2025,227.269338460587,38,1,0,0,1.491264687188883,0.026372035596694512
2026,83.29281624366573,200,0,0,1,1.7838870530843163,0.026345663561097816
2027,153.2843923667524,37,1,0,0,1.405279797966368,0.026319317897536717
2028,165.957614880646,30,1,0,0,1.2451893012662258,0.026292998579639182
2029,196.35010459051406,30,1,0,0,1.4070541674938788,0.026266705581059542
2030,182.27918731583833,27,1,0,0,1.437118002120407,0.026240438875478486
2031,157.56929905731056,21,1,0,0,1.4843637503314173,0.026214198436603005
2032,194.52447531310526,29,1,0,0,1.364624133282953,0.0261879842381664
2033,185.76170957192147,22,1,0,0,1.3856437388473595,0.026161796253928234
2034,223.8547705804977,47,1,0,0,1.2632641344572273,0.026135634457674306
2035,193.5294244368509,24,1,0,0,1.4722986068005208,0.026109498823216632
2036,210.63493447562828,23,1,0,0,1.488455301339355,0.026083389324393413
2037,174.98855509353047,27,1,0,0,1.4062583517530958,0.02605730593506902
2038,162.77662352441817,32,1,0,0,1.4149117167468999,0.026031248629133953
2039,129.8561669104726,19,1,0,0,1.3354547539510568,0.02600521738050482
2040,213.83412393337414,36,1,0,0,1.2816742546602886,0.025979212163124318
2041,155.20891343013284,26,1,0,0,1.3228399709662173,0.02595323295096119
2042,141.63453062633343,12,1,0,0,1.2770669476767078,0.02592727971801023
2043,181.40426111389775,105,1,0,0,1.473317055053662,0.02590135243829222
2044,187.4834072372172,40,1,0,0,1.4544929675918656,0.025875451085853925
2045,170.24791651881458,25,1,0,0,1.4972748016832995,0.025849575634768075
2046,179.526356841214,24,1,0,0,1.1859518658860804,0.0258237260591333
2047,130.17304581028174,25,1,0,0,1.3961876711429149,0.02579790233307417
2048,192.17960835223806,28,1,0,0,1.3130458038155197,0.025772104430741096
2049,176.76592606478948,22,1,0,0,1.2247542292855427,0.025746332326310357
2050,174.73358478333222,108,1,0,0,1.4937553194135529,0.02572058599398405
2051,172.8114491240976,25,1,0,0,1.3349996757816949,0.02569486540799006
2052,183.68048092432502,28,1,0,0,1.4694557740513274,0.02566917054258207
2053,133.73744731713793,20,1,0,0,1.295430447847741,0.025643501372039492
2054,159.9828704490609,24,1,0,0,1.2235736209822372,0.02561785787066745
2055,155.2704435520505,16,1,0,0,1.2047144947000272,0.02559224001279678
2056,105.36133758814992,158,1,0,0,1.3698304102798904,0.025566647772783987
2057,147.803522750819,16,1,0,0,1.4002103537429158,0.025541081125011203
2058,213.7206303250147,36,1,0,0,1.456131332586501,0.02551554004388619
2059,213.92125177347828,38,1,0,0,1.3156324030796567,0.0254900245038423
2060,188.92188351001283,27,1,0,0,1.2564511079922278,0.025464534479338465
2061,187.9460300182846,23,1,0,0,1.3019094150015138,0.025439069944859123
2062,200.46355874949677,28,1,0,0,1.419513597365846,0.025413630874914262
2063,154.0276168270592,22,1,0,0,1.4271981660414113,0.02538821724403935
2064,192.82226047535818,38,1,0,0,1.4042228750823262,0.02536282902679531
2065,161.91952819614664,19,1,0,0,1.2779791740691429,0.025337466197768516
2066,147.22310653728533,20,1,0,0,1.410019888928707,0.025312128731570745
2067,173.10381720976477,20,1,0,0,1.3480198550835703,0.025286816602839175
2068,172.13670953329452,102,1,0,0,1.4952207259334243,0.025261529786236338
2069,182.80431726856304,23,1,0,0,1.2809445243309359,0.025236268256450103
2070,24.478748042218456,200,0,0,1,2.886140459728886,0.02521103198819365
2071,171.03749647435387,22,1,0,0,1.1898023052062856,0.02518582095620546
2072,199.60265907021835,37,1,0,0,1.437292046768662,0.02516063513524925
2073,171.90017077789975,21,1,0,0,1.4571985021286629,0.025135474500114004
2074,128.6819143423922,11,1,0,0,1.4968996460580595,0.02511033902561389
2075,141.5257988280659,21,1,0,0,1.4951220212373058,0.025085228686588273
2076,163.2020044318312,21,1,0,0,1.3074301515114002,0.025060143457901685
2077,189.34676080696536,26,1,0,0,1.247490102714523,0.025035083314443787
2078,220.6901175044595,36,1,0,0,1.4799709088948634,0.02501004823112934
2079,274.36645821738443,61,1,0,0,1.447533089884368,0.02498503818289821
2080,216.73590742341952,41,1,0,0,1.2286089270743785,0.024960053144715312
2081,130.89788243795493,11,1,0,0,1.3769817718492998,0.024935093091570597
2082,211.11840041707063,41,1,0,0,1.4680770174263376,0.024910157998479024
2083,167.0043729251815,20,1,0,0,1.220163152051423,0.024885247840480546
2084,137.2473167006043,26,1,0,0,1.4431299462004301,0.024860362592640066
2085,167.66939254736002,28,1,0,0,1.4957172488054569,0.024835502230047428
2086,151.12116888749244,18,1,0,0,1.2886203401485383,0.02481066672781738
2087,126.66509164387165,10,1,0,0,1.460316181822546,0.024785856061089562
2088,-47.11161658244888,4,0,1,0,5.71145549905754,0.024761070205028473
2089,164.36113911765756,17,1,0,0,1.4745422440693505,0.024736309134823442
2090,174.26825563347552,23,1,0,0,1.4841480733300434,0.02471157282568862
2091,128.1169279319367,11,1,0,0,1.2606958907222738,0.02468686125286293
2092,160.82322736832663,43,1,0,0,1.4664679864419652,0.02466217439161007
2093,178.17705328148867,24,1,0,0,1.4672473137476532,0.02463751221721846
2094,-50.0,1,0,1,0,6.18078387963671,0.02461287470500124
2095,159.4086924967861,18,1,0,0,1.235762510668825,0.024588261830296238
2096,133.5392924054544,11,1,0,0,1.4172209074809203,0.024563673568465942
2097,194.33772823212476,25,1,0,0,1.3463219089320202,0.02453910989489748
2098,121.04599443648982,17,1,0,0,1.484534155692192,0.02451457078500258
2099,-50.0,1,0,1,0,9.809060135068096,0.024490056214217577
2100,154.36411142063616,27,1,0,0,1.4278121759550952,0.024465566158003358
2101,159.84565830694027,21,1,0,0,1.4688009685175978,0.024441100591845358
2102,133.01173202985535,124,1,0,0,1.4763535037044708,0.02441665949125351
2103,164.88392422821698,17,1,0,0,1.4082528588639227,0.024392242831762258
2104,170.5102374800171,28,1,0,0,1.269901932345537,0.024367850588930495
2105,184.17654245201862,26,1,0,0,1.498764170731939,0.024343482738341565
2106,175.95998883763167,21,1,0,0,1.3676455423515372,0.024319139255603223
2107,177.90783201078813,26,1,0,0,1.3841152714104348,0.02429482011634762
2108,135.04707978549874,11,1,0,0,1.3321670189328856,0.024270525296231273
2109,-50.0,1,0,1,0,5.217188302405648,0.02424625477093504
2110,181.72600869070882,21,1,0,0,1.4646075774444691,0.024222008516164104
2111,173.6554172475978,27,1,0,0,1.3390498794278411,0.02419778650764794
2112,139.1079630948852,13,1,0,0,1.382585044663262,0.024173588721140293
2113,179.10647829255777,25,1,0,0,1.486993154299865,0.024149415132419152
2114,160.30962658476116,21,1,0,0,1.452877011331057,0.024125265717286733
2115,172.50647313990933,26,1,0,0,1.2430084235481442,0.024101140451569445
2116,150.49887575309936,25,1,0,0,1.4981667809563801,0.024077039311117876
2117,173.3331830510363,23,1,0,0,1.4665854022203437,0.02405296227180676
2118,231.3045564754318,42,1,0,0,1.4357636684190171,0.024028909309534954
2119,193.0876666869975,23,1,0,0,1.475596817665242,0.024004880400225418
2120,140.5788791443678,69,1,0,0,1.4244018644474667,0.023980875519825192
2121,111.42417682625552,7,1,0,0,1.3308389375797967,0.023956894644305365
2122,187.46488036494534,32,1,0,0,1.256739279064454,0.02393293774966106
2123,18.695747018163953,200,0,0,1,2.2425932702597455,0.0239090048119114
2124,183.97463978998644,31,1,0,0,1.4796721070548842,0.02388509580709949
2125,111.12157081858165,8,1,0,0,1.4159375137152495,0.02386121071129239
2126,178.59915571234956,27,1,0,0,1.467425125405683,0.023837349500581098
2127,188.2693724793291,22,1,0,0,1.4826482343412468,0.023813512151080518
2128,160.24411368473923,22,1,0,0,1.4062211925442427,0.023789698638929435
2129,185.29821298173886,22,1,0,0,1.3319276949705414,0.023765908940290507
2130,162.32532738369753,21,1,0,0,1.3320390513154325,0.023742143031350214
2131,172.88133490896985,26,1,0,0,1.3111130615939912,0.023718400888318864
2132,181.4246665179278,27,1,0,0,1.269336908884975,0.02369468248743055
2133,224.8227693269585,40,1,0,0,1.4734309886365629,0.023670987804943117
2134,159.68085618908407,37,1,0,0,1.4057063421670053,0.023647316817138175
2135,-50.0,1,0,1,0,5.420523537981648,0.023623669500321035
2136,229.34347582745673,44,1,0,0,1.356667828549135,0.023600045830820714
2137,134.07492584380802,13,1,0,0,1.2548133613364763,0.023576445784989894
2138,155.21247834981924,16,1,0,0,1.3014715080418344,0.023552869339204904
2139,188.79228377933026,22,1,0,0,1.3002012031962091,0.023529316469865696
2140,144.7291386733593,29,1,0,0,1.3505768161866938,0.02350578715339583
2141,134.37433305763727,17,1,0,0,1.3467352721215635,0.023482281366242436
2142,173.5421589500692,28,1,0,0,1.3774879061675762,0.023458799084876192
2143,223.04248270875365,50,1,0,0,1.4767355821840988,0.02343534028579132
2144,170.84189256386597,24,1,0,0,1.306530089479933,0.023411904945505525
2145,152.6453566473409,64,1,0,0,1.4376185587981083,0.02338849304056002
2146,248.0774399448374,52,1,0,0,1.4342927332030626,0.02336510454751946
2147,137.10004098086205,18,1,0,0,1.426924823947601,0.02334173944297194
2148,111.30271870164191,5,1,0,0,1.489545548361308,0.02331839770352897
2149,184.26603509366396,21,1,0,0,1.3957793129419565,0.02329507930582544
2150,100.0,1,1,0,0,1.4748783934091874,0.023271784226519612
2151,163.30909821340808,23,1,0,0,1.2592098878410831,0.023248512442293093
2152,244.73158800987014,51,1,0,0,1.4483118207392753,0.023225263929850803
2153,138.36830991849894,17,1,0,0,1.4206794350803518,0.02320203866592095
2154,154.1290158914898,13,1,0,0,1.248067334610745,0.02317883662725503
2155,133.01007182869176,11,1,0,0,1.461910059289842,0.023155657790627775
2156,214.252969345593,32,1,0,0,1.2182615397126306,0.023132502132837147
2157,168.084975732808,25,1,0,0,1.27261103049122,0.023109369630704313
2158,148.67788127618758,13,1,0,0,1.2645659626475763,0.023086260261073605
2159,207.1155011421897,35,1,0,0,1.3030952153366429,0.023063174000812533
2160,212.21863496563037,34,1,0,0,1.2655642514969443,0.02304011082681172
2161,168.90452788279606,23,1,0,0,1.3493275930856432,0.02301707071598491
2162,181.76288151950206,31,1,0,0,1.4219512427462535,0.022994053645268922
2163,269.33934071509526,49,1,0,0,1.4844361862462594,0.022971059591623655
2164,-50.0,1,0,1,0,4.840511839941097,0.02294808853203203
2165,191.10760206512413,23,1,0,0,1.2347123329103475,0.022925140443499997
2166,180.22430730221282,30,1,0,0,1.3327712765410402,0.0229022153030565
2167,191.2118228235792,36,1,0,0,1.4568444259353805,0.022879313087753442
2168,163.78714559142747,23,1,0,0,1.4473601664392688,0.022856433774665688
2169,191.73970776932993,30,1,0,0,1.420960729740136,0.02283357734089102
2170,246.78400511543506,41,1,0,0,1.2950855551772213,0.022810743763550134
2171,156.81747591563584,17,1,0,0,1.4327812589237299,0.022787933019786582
2172,245.27243100534335,120,1,0,0,1.4970465295991255,0.022765145086766796
2173,192.16227844629796,36,1,0,0,1.471054093442746,0.02274237994168003
2174,134.83664388575167,10,1,0,0,1.3836873952123145,0.022719637561738348
2175,165.52589689018666,23,1,0,0,1.31451524530732,0.022696917924176607
2176,174.83857042454926,21,1,0,0,1.2908640270006535,0.022674221006252434
2177,146.28777725050614,20,1,0,0,1.320101620854809,0.022651546785246182
2178,167.9894034735069,27,1,0,0,1.2535778706042129,0.022628895238460935
2179,150.21215045407814,23,1,0,0,1.255164993437453,0.022606266343222475
2180,181.09570500333683,22,1,0,0,1.359483444151731,0.02258366007687925
2181,171.60754540439888,23,1,0,0,1.4905695245885742,0.02256107641680237
2182,181.21757478725692,34,1,0,0,1.33666881626488,0.02253851534038557
2183,162.44081285134638,25,1,0,0,1.4249216692786055,0.022515976825045185
2184,134.11762783218006,18,1,0,0,1.2444476067099914,0.02249346084822014
2185,156.11918533438336,27,1,0,0,1.3210532571964717,0.02247096738737192
2186,194.6910432400841,28,1,0,0,1.251057710456471,0.022448496419984545
2187,159.71795357467764,24,1,0,0,1.2801045174207406,0.022426047923564563
2188,190.26492462049384,22,1,0,0,1.4110514607382023,0.022403621875641
2189,157.02064752999368,24,1,0,0,1.2935361824643383,0.022381218253765357
2190,153.3430254181335,16,1,0,0,1.4398992472267187,0.02235883703551159
2191,168.56767002290485,18,1,0,0,1.3672764536510877,0.02233647819847608
2192,181.9907885797815,20,1,0,0,1.3385680278958914,0.022314141720277604
2193,154.446070347332,18,1,0,0,1.338079114347507,0.022291827578557327
2194,180.52530102293977,82,1,0,0,1.4881146447670186,0.02226953575097877
2195,180.67171360300193,29,1,0,0,1.4305599358142975,0.02224726621522779
2196,138.49865910638766,13,1,0,0,1.3128787331883607,0.022225018949012562
2197,171.67143683315354,17,1,0,0,1.4558137667031203,0.02220279393006355
2198,134.37908986538378,14,1,0,0,1.4957441659618769,0.022180591136133486
2199,158.54854888490223,19,1,0,0,1.2694466716976676,0.022158410544997353
2200,176.99503272952336,23,1,0,0,1.1211926631633713,0.022136252134452354
2201,219.90334231254593,41,1,0,0,1.417706018965773,0.022114115882317903
2202,260.22160245809243,51,1,0,0,1.3617183220194675,0.022092001766435585
2203,120.35170737581794,9,1,0,0,1.4121379971999168,0.02206990976466915
2204,200.00789097462044,32,1,0,0,1.254401735403508,0.02204783985490448
2205,205.43953946454656,30,1,0,0,1.2813868844807648,0.022025792015049575
2206,143.05691281430902,200,0,0,1,2.037804259162008,0.022003766223034526
2207,166.35461692702125,20,1,0,0,1.2236276512212785,0.021981762456811493
2208,204.61797191912586,28,1,0,0,1.3284289827408917,0.02195978069435468
2209,145.32654616131543,93,1,0,0,1.2503544066940468,0.021937820913660325
2210,163.0272663169265,19,1,0,0,1.4429724360537333,0.021915883092746665
2211,257.9309469885336,49,1,0,0,1.3839249161594558,0.02189396720965392
2212,183.74330425315236,29,1,0,0,1.3977902451472584,0.021872073242444265
2213,164.70631289779226,20,1,0,0,1.491730996246819,0.02185020116920182
2214,175.50506547596746,22,1,0,0,1.2334384705715198,0.02182835096803262
2215,-50.0,1,0,1,0,7.86294769291181,0.021806522617064585
2216,167.79570922083678,21,1,0,0,1.3216919286220505,0.021784716094447522
2217,141.6950460506234,10,1,0,0,1.1148834771342118,0.02176293137835307
2218,113.4069816323139,8,1,0,0,1.3742060892155756,0.02174116844697472
2219,154.4177591139233,25,1,0,0,1.3867235035854275,0.021719427278527745
2220,169.29080877605804,17,1,0,0,1.2529922976187158,0.021697707851249217
2221,157.047186027682,15,1,0,0,1.42108613916337,0.02167601014339797
2222,141.50034832784436,11,1,0,0,1.3020697699793322,0.02165433413325457
2223,188.0888577149315,29,1,0,0,1.3343447321197164,0.021632679799121316
2224,251.28100540631655,55,1,0,0,1.4855863281337967,0.021611047119322196
2225,150.19135064548715,74,1,0,0,1.4893962021484008,0.021589436072202872
2226,182.24730355194538,31,1,0,0,1.4982147472230625,0.021567846636130667
2227,215.30985726581457,38,1,0,0,1.4555195314317042,0.02154627878949454
2228,217.94553602392392,40,1,0,0,1.491409810150063,0.021524732510705042
2229,168.7566225839006,25,1,0,0,1.157100047604915,0.02150320777819434
2230,185.4389977786148,22,1,0,0,1.4901119664410427,0.021481704570416146
2231,163.72972189412377,24,1,0,0,1.3925626326795923,0.02146022286584573
2232,160.90238284750478,21,1,0,0,1.3875040357894695,0.02143876264297988
2233,249.73157439921664,48,1,0,0,1.4904594900854513,0.021417323880336903
2234,187.76933561245448,31,1,0,0,1.484025252215573,0.021395906556456568
2235,191.20243201635833,25,1,0,0,1.443468642836381,0.02137451064990011
2236,169.20336405383387,17,1,0,0,1.2908917478968398,0.02135313613925021
2237,130.89734243435967,16,1,0,0,1.4547413208097295,0.02133178300311096
2238,217.49186507504317,35,1,0,0,1.3328842770983762,0.021310451220107846
2239,186.55324299105627,22,1,0,0,1.2384587524026869,0.02128914076888774
2240,161.17204363785106,21,1,0,0,1.4488957374000653,0.021267851628118853
2241,176.00481589316394,24,1,0,0,1.3971059536349921,0.021246583776490732
2242,151.4770579603393,15,1,0,0,1.4377195286924098,0.021225337192714244
2243,224.24230900763442,43,1,0,0,1.4845098156915544,0.021204111855521526
2244,153.42373737577358,23,1,0,0,1.2032742254907753,0.021182907743666005
2245,178.5716961898751,21,1,0,0,1.4821194687763992,0.021161724835922338
2246,220.82398045080484,39,1,0,0,1.461520868921007,0.02114056311108642
2247,161.1932828889765,22,1,0,0,1.0427760899769485,0.02111942254797533
2248,186.482611586966,23,1,0,0,1.440792517019645,0.02109830312542736
2249,166.71489889700925,26,1,0,0,1.3171603786814092,0.02107720482230193
2250,159.10234613392564,38,1,0,0,1.4902057454476962,0.021056127617479627
2251,139.06173634574202,17,1,0,0,1.2578881945336766,0.02103507148986215
2252,159.6600070567524,18,1,0,0,1.3821488491051788,0.021014036418372285
2253,174.5848580705084,26,1,0,0,1.2870794810635702,0.020993022381953913
2254,145.68593081169647,13,1,0,0,1.499802226875153,0.02097202935957196
2255,119.79286537633199,55,1,0,0,1.211113031875409,0.020951057330212387
2256,131.51795653274553,11,1,0,0,1.4074905384760577,0.020930106272882176
2257,100.0,1,1,0,0,0.5971465532325188,0.020909176166609294
2258,174.69726887316682,23,1,0,0,1.4877424380946018,0.020888266990442685
2259,223.91138339554556,39,1,0,0,1.464858322014419,0.02086737872345224
2260,182.53360007873505,32,1,0,0,1.3258896761209293,0.02084651134472879
2261,182.96830327740005,23,1,0,0,1.250946288070468,0.02082566483338406
2262,182.75728821466646,21,1,0,0,1.3998050015270667,0.020804839168550675
2263,153.87388921818555,18,1,0,0,1.386326273184274,0.020784034329382126
2264,127.43135728025383,9,1,0,0,1.4427143465090533,0.020763250295052743
2265,190.37402856998938,24,1,0,0,1.3809242417852596,0.020742487044757688
2266,167.61077428226304,25,1,0,0,1.2386784132667308,0.02072174455771293
2267,156.80712382597864,21,1,0,0,1.3018357768761315,0.02070102281315522
2268,172.32277778598967,31,1,0,0,1.3485743510250723,0.020680321790342064
2269,179.63705918676163,27,1,0,0,1.264413300355275,0.02065964146855172
2270,142.2357945037851,13,1,0,0,1.2739577470562116,0.02063898182708317
2271,182.65547839853858,29,1,0,0,1.2764770994563757,0.020618342845256085
2272,166.55956313916147,23,1,0,0,1.4485306777164275,0.020597724502410833
2273,146.97570261642974,17,1,0,0,1.3783750428039168,0.02057712677790842
2274,146.34415077996152,21,1,0,0,1.3980849484359734,0.02055654965113051
2275,169.2589527283677,68,1,0,0,1.405091894862177,0.020535993101479383
2276,177.74101692998056,23,1,0,0,1.2948271205799624,0.0205154571083779
2277,136.1939052588242,12,1,0,0,1.3041160176376603,0.020494941651269524
2278,141.404793793968,19,1,0,0,1.378263675413597,0.020474446709618253
2279,198.65413681387327,78,1,0,0,1.4986760752027335,0.020453972262908637
2280,163.7440587623627,200,0,0,1,2.0951175620048477,0.020433518290645727
2281,158.68144109507102,26,1,0,0,1.3775840643278652,0.02041308477235508
2282,154.87892486452182,17,1,0,0,1.361677288007606,0.020392671687582728
2283,109.67804163743784,8,1,0,0,1.482004213914637,0.020372279015895143
2284,157.4151355947712,16,1,0,0,1.3404565959573917,0.020351906736879248
2285,160.90862340586835,191,1,0,0,1.4061087153075698,0.02033155483014237
2286,174.7325990707463,25,1,0,0,1.272842187937458,0.020311223275312228
2287,132.36986621607917,125,1,0,0,1.3625736385598979,0.020290912052036914
2288,190.4455804819194,34,1,0,0,1.4016710483457486,0.020270621139984877
2289,155.5006331651438,31,1,0,0,1.456748850735053,0.020250350518844894
2290,161.75602781736356,23,1,0,0,1.2648339484313165,0.02023010016832605
2291,156.31051130166767,20,1,0,0,1.4105183407897606,0.02020987006815772
2292,147.83434199839593,22,1,0,0,1.439103463863558,0.020189660198089564
2293,-3.9996254947597523,200,0,0,1,1.9626482783872272,0.020169470537891476
2294,131.8110639150192,17,1,0,0,1.4412669346442202,0.020149301067353582
2295,148.08254398733465,200,0,0,1,1.74108322728284,0.020129151766286227
2296,-50.0,1,0,1,0,7.737521850116653,0.020109022614519943
2297,123.40666911196652,10,1,0,0,1.413698029795122,0.020088913591905424
2298,183.37685832087078,27,1,0,0,1.4612169713464342,0.020068824678313515
2299,178.22745292065952,22,1,0,0,1.4133142115505808,0.020048755853635206
2300,128.43668716737875,14,1,0,0,1.3720336719513846,0.020028707097781567
2301,130.153609470127,11,1,0,0,1.2346507329995207,0.02000867839068379
2302,199.25417451417036,28,1,0,0,1.4628070804040447,0.019988669712293104
2303,233.03557277598466,49,1,0,0,1.3682715606700626,0.019968681042580812
2304,136.36443258438496,28,1,0,0,1.2415861377029602,0.01994871236153823
2305,159.54404440960974,25,1,0,0,1.3491559007049398,0.01992876364917669
2306,174.50027217780746,22,1,0,0,1.4985023828880166,0.019908834885527513
2307,145.18631216940523,27,1,0,0,1.4751465151690457,0.01988892605064199
2308,127.83845981789933,12,1,0,0,1.419999534789449,0.019869037124591343
2309,164.72694956315115,24,1,0,0,1.4101895925656982,0.019849168087466756
2310,186.24037939970026,28,1,0,0,1.3401588286947657,0.019829318919379287
2311,237.91748586938004,42,1,0,0,1.4038992080133827,0.019809489600459907
2312,195.2693950295071,28,1,0,0,1.4672472059244674,0.01978968011085945
2313,147.13060412946746,18,1,0,0,1.1192151707511422,0.019769890430748588
2314,189.8887304682531,26,1,0,0,1.2504766544096242,0.019750120540317842
2315,177.56573501514015,28,1,0,0,1.4054215524456317,0.019730370419777522
2316,151.14829965102166,18,1,0,0,1.2428806360001077,0.019710640049357745
2317,149.48217729649792,17,1,0,0,1.2597218068578733,0.01969092940930839
2318,134.32325939585124,14,1,0,0,1.290008719583517,0.01967123847989908
2319,147.14285283446878,22,1,0,0,1.496345781761205,0.019651567241419178
2320,182.4424688569602,23,1,0,0,1.393393778790379,0.01963191567417776
2321,188.33443808474993,27,1,0,0,1.4930922659063157,0.019612283758503584
2322,-50.0,1,0,1,0,1.9876155253276058,0.01959267147474508
2323,181.22155889202384,24,1,0,0,1.443961894972298,0.019573078803270333
2324,-50.0,1,0,1,0,4.344823533743306,0.019553505724467065
2325,117.29301560599114,17,1,0,0,1.4240075815992188,0.019533952218742597
2326,178.78438381721463,27,1,0,0,1.3813506481516173,0.019514418266523854
2327,-50.0,1,0,1,0,9.670581003757675,0.01949490384825733
2328,146.1040587487957,17,1,0,0,1.4980116548601845,0.01947540894440907
2329,150.62879134710346,18,1,0,0,1.4335822641374218,0.019455933535464664
2330,230.07365635207967,48,1,0,0,1.3542882484799694,0.019436477601929198
2331,208.5091923857862,41,1,0,0,1.1134862613322707,0.019417041124327267
2332,247.96241989433824,89,1,0,0,1.4931094441978128,0.019397624083202943
2333,228.7072547023448,43,1,0,0,1.2947873293391652,0.01937822645911974
2334,191.23824479592506,26,1,0,0,1.4226911408018832,0.01935884823266062
2335,156.21651387850204,17,1,0,0,1.4661430065957424,0.01933948938442796
2336,191.921066615905,28,1,0,0,1.446476866013945,0.01932014989504353
2337,161.73580740570725,19,1,0,0,1.2218861203879745,0.019300829745148487
2338,177.6662329075266,32,1,0,0,1.410648251343493,0.01928152891540334
2339,167.76255992363443,23,1,0,0,1.3534038799814665,0.019262247386487935
2340,161.4859522671728,18,1,0,0,1.398440468173111,0.019242985139101446
2341,146.99438292489987,16,1,0,0,1.3898903251915584,0.019223742153962345
2342,187.62588757617215,28,1,0,0,1.494738962821821,0.019204518411808383
2343,148.3784107239402,56,1,0,0,1.4996793470706942,0.019185313893396574
2344,165.44576610345248,22,1,0,0,1.2365360482022385,0.01916612857950318
2345,114.43965897453155,17,1,0,0,1.3687927264622577,0.019146962450923677
2346,158.70876901525799,21,1,0,0,1.4395686242071086,0.01912781548847275
2347,154.95073036588204,17,1,0,0,1.216352161737561,0.01910868767298428
2348,165.60213727003116,20,1,0,0,1.4264932656516176,0.019089578985311294
2349,135.6287711753247,11,1,0,0,1.4303316255901635,0.019070489406325983
2350,166.1545402740977,38,1,0,0,1.4865221925562802,0.019051418916919655
2351,159.38323306869034,20,1,0,0,1.1969813381477872,0.019032367498002738
2352,147.38008831039235,28,1,0,0,1.4108009506719705,0.019013335130504735
2353,136.06945198603717,15,1,0,0,1.277657346877435,0.01899432179537423
2354,180.2000480549172,20,1,0,0,1.3013919077272396,0.018975327473578857
2355,191.09747319355574,24,1,0,0,1.4106392615954364,0.018956352146105276
2356,185.4093872102937,25,1,0,0,1.2262658641468962,0.018937395793959172
2357,181.20279782457317,22,1,0,0,1.2286978265132513,0.01891845839816521
2358,168.4229789891051,28,1,0,0,1.184481282380909,0.01889953993976705
2359,238.1122546568399,45,1,0,0,1.3234833146687202,0.01888064039982728
2360,164.4936702039883,19,1,0,0,1.4538596363292886,0.018861759759427454
2361,163.5778992200267,20,1,0,0,1.4210799340544849,0.018842897999668026
2362,157.8139262270974,14,1,0,0,1.1408069780045964,0.018824055101668357
2363,198.9731673540876,26,1,0,0,1.227536264242106,0.018805231046566687
2364,160.80185161031739,23,1,0,0,1.3679816684205848,0.018786425815520123
2365,175.9747684559254,27,1,0,0,1.1751024410957676,0.018767639389704605
2366,159.55552258280605,24,1,0,0,1.327466411793588,0.018748871750314897
2367,137.7688278709105,19,1,0,0,1.4604378016423967,0.01873012287856458
2368,187.894282783149,28,1,0,0,1.428011301297462,0.018711392755686018
2369,105.43744598053314,15,1,0,0,1.414931784841075,0.01869268136293033
2370,185.17842978873463,26,1,0,0,1.3119290279904376,0.0186739886815674
2371,177.8656350023945,25,1,0,0,1.4125015212658496,0.018655314692885835
2372,193.03593282688126,23,1,0,0,1.3654318131301826,0.018636659378192946
2373,184.55097556099423,24,1,0,0,1.3236267427961137,0.018618022718814752
2374,173.88032456822228,22,1,0,0,1.3808338862865384,0.01859940469609594
2375,143.98544349990408,18,1,0,0,1.3790449793599797,0.018580805291399844
2376,153.24380560290635,19,1,0,0,1.39403605708927,0.018562224486108444
2377,210.44404208006216,36,1,0,0,1.3594520162825248,0.018543662261622334
2378,131.0465395077363,9,1,0,0,1.4363303972574972,0.018525118599360714
2379,179.64351961717279,22,1,0,0,1.478779516308379,0.018506593480761353
2380,183.391174123405,22,1,0,0,1.4247859980643875,0.018488086887280594
2381,168.30311113538394,17,1,0,0,1.1644970398111805,0.01846959880039331
2382,208.36478725861366,38,1,0,0,1.4577454671123056,0.018451129201592916
2383,186.58256335402078,21,1,0,0,1.1536925049168079,0.018432678072391323
2384,202.92968591827105,23,1,0,0,1.1355485047350682,0.01841424539431893
2385,125.83642174017518,33,1,0,0,1.3381446751972867,0.018395831148924614
2386,149.63204336081404,20,1,0,0,1.3837810629727378,0.01837743531777569
2387,100.0,1,1,0,0,0.7942748527624387,0.018359057882457914
2388,157.7368164257117,18,1,0,0,1.4882109166838122,0.018340698824575456
2389,193.0264982716144,32,1,0,0,1.3012707769053595,0.01832235812575088
2390,157.3768177619902,19,1,0,0,1.312775932961607,0.01830403576762513
2391,158.96945870354875,22,1,0,0,1.199875402078868,0.018285731731857505
2392,156.40525768325716,21,1,0,0,1.3327423130104759,0.018267446000125646
2393,198.97386034624571,31,1,0,0,1.4239631979458154,0.01824917855412552
2394,171.09754156609668,23,1,0,0,1.2733957639533888,0.018230929375571397
2395,143.63708520764936,12,1,0,0,1.4334043481801295,0.018212698446195826
2396,160.88358175169623,17,1,0,0,1.4149150798210592,0.01819448574774963
2397,150.3851603522756,18,1,0,0,1.3204268267393005,0.01817629126200188
2398,185.74949205759236,23,1,0,0,1.2875783425015357,0.018158114970739877
2399,179.3145004630082,23,1,0,0,1.2236975515186685,0.01813995685576914
2400,139.2754225476946,17,1,0,0,1.4513329342942087,0.01812181689891337
2401,163.9799936386283,31,1,0,0,1.332858080266242,0.018103695082014454
2402,261.7950454183661,58,1,0,0,1.4585825579390077,0.01808559138693244
2403,160.84833682403573,27,1,0,0,1.3703649723678544,0.01806750579554551
2404,162.60624587743374,25,1,0,0,1.3647586593874528,0.01804943828974996
2405,141.12435520951865,27,1,0,0,1.2848793160488614,0.018031388851460214
2406,139.31902269336777,20,1,0,0,1.2963774189347637,0.01801335746260875
2407,251.3369712172292,55,1,0,0,1.2832011645814485,0.01799534410514614
2408,156.97789440219398,18,1,0,0,1.313197726809667,0.017977348761040995
2409,177.4548358709331,21,1,0,0,1.4456253905793177,0.01795937141227996
2410,181.01868550468933,23,1,0,0,1.3196094789905477,0.017941412040867674
2411,217.05963909401424,39,1,0,0,1.242941522520424,0.017923470628826807
2412,133.51270900668354,28,1,0,0,1.3507222793678555,0.017905547158197983
2413,156.66820053103027,19,1,0,0,1.4312750589376069,0.017887641611039784
2414,172.1810882849976,23,1,0,0,1.3778726088266944,0.017869753969428744
2415,23.675770266919567,200,0,0,1,2.2688439306542794,0.017851884215459315
2416,170.2979592630216,21,1,0,0,1.3856335402043234,0.017834032331243855
2417,198.72809178195695,26,1,0,0,1.4565774527700583,0.017816198298912612
2418,178.82444421071492,42,1,0,0,1.4027656616833206,0.0177983821006137
2419,145.5340707407426,17,1,0,0,1.4015792805567329,0.017780583718513085
2420,170.62055331459754,23,1,0,0,1.428963143029812,0.017762803134794572
2421,154.2231096562796,21,1,0,0,1.4398556547876988,0.01774504033165978
2422,164.4576058226658,29,1,0,0,1.492524620377982,0.01772729529132812
2423,0.08479641582937131,200,0,0,1,3.1900578610789245,0.01770956799603679
2424,177.55601145247118,32,1,0,0,1.2620137580637991,0.017691858428040753
2425,165.96297510268442,21,1,0,0,1.1119950634771383,0.017674166569612713
2426,119.74742751376547,14,1,0,0,1.4289386583459331,0.017656492403043098
2427,186.34111558651733,23,1,0,0,1.3613305038034214,0.017638835910640055
2428,134.17386904187498,11,1,0,0,1.2818321748715864,0.01762119707472942
2429,166.25262286278138,18,1,0,0,1.1640749757786006,0.01760357587765469
2430,-50.0,1,0,1,0,7.856971158232125,0.017585972301777032
2431,133.67740190981826,12,1,0,0,1.352793815539428,0.017568386329475254
2432,180.99422914810265,34,1,0,0,1.3094942533055651,0.01755081794314578
2433,169.58406810901312,24,1,0,0,1.4720894599783747,0.017533267125202635
2434,174.07374745428334,35,1,0,0,1.369140434674383,0.01751573385807743
2435,172.62076624838934,143,1,0,0,1.2431032038464005,0.017498218124219353
2436,218.68895818862705,37,1,0,0,1.4610315895829058,0.01748071990609513
2437,134.81858530829783,14,1,0,0,1.420883306686657,0.01746323918618904
2438,169.02312357743398,24,1,0,0,1.2530028896949579,0.01744577594700285
2439,148.80056195016863,16,1,0,0,1.4139634413797735,0.01742833017105585
2440,121.52702784070136,10,1,0,0,1.4851791298074635,0.017410901840884792
2441,194.23571364229716,29,1,0,0,1.3582927981523243,0.017393490939043906
2442,113.67711073425403,5,1,0,0,1.3444809139724911,0.017376097448104862
2443,162.41168061178934,24,1,0,0,1.4933534344891055,0.017358721350656758
2444,133.2228020751188,17,1,0,0,1.3948897123899473,0.017341362629306103
2445,141.17203911919654,18,1,0,0,1.2978058233800462,0.017324021266676797
2446,169.77400641328097,20,1,0,0,1.4379961896732307,0.01730669724541012
2447,151.61124532555027,19,1,0,0,1.3027975797394742,0.017289390548164706
2448,177.37274302654373,25,1,0,0,1.4529080240491772,0.017272101157616543
2449,184.8405660758998,24,1,0,0,1.4611701479636172,0.017254829056458927
2450,177.68692274684935,23,1,0,0,1.2186456475736898,0.017237574227402467
2451,171.33361783581108,22,1,0,0,1.367287173758022,0.017220336653175065
2452,161.81306999659154,21,1,0,0,1.4221484979829417,0.017203116316521893
2453,259.0218970494326,51,1,0,0,1.3491386871301212,0.01718591320020537
2454,151.96405094827963,15,1,0,0,1.2321201308569085,0.01716872728700516
2455,140.31601196562562,14,1,0,0,1.4961277987771484,0.017151558559718158
2456,135.33515455307665,20,1,0,0,1.3581352590039293,0.01713440700115844
2457,175.46517327322823,25,1,0,0,1.218021487777332,0.017117272594157282
2458,177.19015668908781,26,1,0,0,1.2041772257396823,0.017100155321563126
2459,154.915514019129,28,1,0,0,1.4097045864542523,0.01708305516624156
2460,175.88009795963933,26,1,0,0,1.4946689608943666,0.01706597211107532
2461,203.05669589706883,32,1,0,0,1.3460145260536356,0.017048906138964242
2462,203.24602498123855,36,1,0,0,1.4113045856500683,0.01703185723282528
2463,162.13733164638478,27,1,0,0,1.3242216238945652,0.017014825375592454
2464,174.9716640783441,26,1,0,0,1.4675403752684437,0.01699781055021686
2465,179.88296438960595,21,1,0,0,1.2816980371639455,0.016980812739666645
2466,130.2282747832553,11,1,0,0,1.3536647775108597,0.01696383192692698
2467,151.34622978375185,19,1,0,0,1.3461611174173036,0.01694686809500005
2468,203.93831968458,29,1,0,0,1.2860350840265093,0.01692992122690505
2469,113.76555450687184,20,1,0,0,1.3900695182670109,0.016912991305678148
2470,2.3055111472624334,200,0,0,1,2.49212673865045,0.016896078314372467
2471,-50.0,1,0,1,0,2.3003216484069156,0.016879182236058096
2472,163.71376113911293,18,1,0,0,1.412423787949806,0.016862303053822036
2473,153.12730673607413,20,1,0,0,1.3542703987075266,0.016845440750768215
2474,115.79416654656228,161,1,0,0,1.39555033566095,0.016828595310017447
2475,159.63509537963716,25,1,0,0,1.3407353073293529,0.01681176671470743
2476,167.94354049583632,25,1,0,0,1.4121046419831975,0.016794954947992723
2477,161.9583194230801,24,1,0,0,1.2964287223550193,0.016778159993044727
2478,176.49164716272765,29,1,0,0,1.4395230988327476,0.016761381833051685
2479,178.6374117948937,22,1,0,0,1.478216224408989,0.016744620451218634
2480,-3.2181716201340436,200,0,0,1,3.2967168375877414,0.016727875830767413
2481,186.38347772625355,23,1,0,0,1.3998049622694413,0.01671114795493665
2482,156.29460325484735,23,1,0,0,1.4682788344291497,0.01669443680698171
2483,158.56689769865153,21,1,0,0,1.3404206619688543,0.01667774237017473
2484,132.31256799388052,112,1,0,0,1.3842036294631048,0.016661064627804555
2485,178.612271867329,25,1,0,0,1.4090009187653654,0.01664440356317675
2486,185.61448334880208,24,1,0,0,1.482334441415443,0.016627759159613575
2487,194.8375513244298,27,1,0,0,1.474073783392912,0.01661113140045396
2488,157.22707362787855,19,1,0,0,1.2377637716447225,0.016594520269053503
2489,230.78774860855978,39,1,0,0,1.3778956165401717,0.01657792574878445
2490,-50.0,1,0,1,0,2.0198180905836436,0.016561347823035668
2491,163.138230571846,38,1,0,0,1.469522601738289,0.016544786475212632
2492,169.6504817478583,28,1,0,0,1.4390770807645576,0.01652824168873742
2493,135.57284892796721,75,1,0,0,1.3511139044173976,0.016511713447048684
2494,149.43875198196636,16,1,0,0,1.3385298265126468,0.016495201733601635
2495,158.07583418468244,22,1,0,0,1.1872647897268498,0.01647870653186803
2496,195.29381365849713,25,1,0,0,1.20469932224004,0.016462227825336163
2497,151.63724542271763,23,1,0,0,1.2345448491294069,0.016445765597510827
2498,180.41789222776106,29,1,0,0,1.1939340417266948,0.016429319831913314
2499,100.0,1,1,0,0,1.2623326910426713,0.0164128905120814
2500,178.3789209590924,30,1,0,0,1.1930528611911295,0.01639647762156932
2501,174.5637442093466,25,1,0,0,1.2172862509706026,0.01638008114394775
2502,132.9253434987262,11,1,0,0,1.4131767316927955,0.016363701062803805
2503,163.07535606024527,29,1,0,0,1.2110697632714078,0.016347337361740998
2504,-20.506453571792548,200,0,0,1,3.371246666213796,0.01633099002437926
2505,-50.0,1,0,1,0,6.051393748715982,0.01631465903435488
2506,191.3853157301405,29,1,0,0,1.472888231185345,0.016298344375320527
2507,168.15913875940885,25,1,0,0,1.3709285528057413,0.016282046030945206
2508,189.44499468057646,22,1,0,0,1.3759390271785863,0.01626576398491426
2509,153.04217115699169,21,1,0,0,1.3386713702634716,0.016249498220929345
2510,206.20263317173988,29,1,0,0,1.3386939919146181,0.016233248722708416
2511,149.86377861601733,20,1,0,0,1.3418262085073527,0.01621701547398571
2512,138.77433589646685,15,1,0,0,1.128792577210372,0.01620079845851172
2513,151.86871759739944,22,1,0,0,1.156899559013603,0.016184597660053212
2514,229.87138161998834,46,1,0,0,1.3630939040788983,0.016168413062393156
2515,133.93824306120547,13,1,0,0,1.474267859849009,0.016152244649330762
2516,221.04290380879115,39,1,0,0,1.4621858016181886,0.016136092404681432
2517,170.35301287044695,20,1,0,0,1.1325955827697802,0.01611995631227675
2518,150.8287228801717,18,1,0,0,1.498386646156012,0.016103836355964473
2519,190.73690761970403,23,1,0,0,1.116645927066969,0.01608773251960851
2520,143.7910839214407,15,1,0,0,1.2555549888409905,0.0160716447870889
2521,165.17267047172044,22,1,0,0,1.239096255711611,0.016055573142301813
2522,160.68660847090337,22,1,0,0,1.2043086317737284,0.01603951756915951
2523,176.44025311540082,21,1,0,0,1.4926890260376626,0.01602347805159035
2524,106.00780916758403,18,1,0,0,1.4724412780446603,0.01600745457353876
2525,141.60797149667934,25,1,0,0,1.4872582856896248,0.015991447118965222
2526,159.56678163145835,23,1,0,0,1.438074799483193,0.015975455671846255
2527,151.37556898814574,19,1,0,0,1.4945815835118228,0.01595948021617441
2528,169.45519999672652,21,1,0,0,1.42301409306878,0.015943520735958238
2529,190.5859274266407,22,1,0,0,1.189936804046662,0.01592757721522228
2530,192.3233933063051,24,1,0,0,1.4389023733270228,0.015911649638007057
2531,190.62206952210602,24,1,0,0,1.1604697434950646,0.015895737988369046
2532,-50.0,1,0,1,0,5.883855947105275,0.01587984225038068
2533,189.24714426306753,54,1,0,0,1.4756814917442982,0.0158639624081303
2534,222.93380098484562,42,1,0,0,1.4054399406385871,0.01584809844572217
2535,154.6059032180828,18,1,0,0,1.3469546743904464,0.015832250347276446
2536,144.7732549323817,12,1,0,0,1.165879819410408,0.01581641809692917
2537,149.37306226316613,16,1,0,0,1.4376161076468497,0.01580060167883224
2538,154.98160942203015,15,1,0,0,1.3575064846455054,0.015784801077153406
2539,188.88126456424555,25,1,0,0,1.4708900825347102,0.015769016276076252
2540,181.85740169430994,25,1,0,0,1.482483378017742,0.015753247259800176
2541,220.76331925570335,42,1,0,0,1.4856218560860786,0.01573749401254038
2542,176.84275688488202,24,1,0,0,1.3838663879303208,0.01572175651852784
2543,160.66993090959556,27,1,0,0,1.377379534557244,0.01570603476200931
2544,173.76310791585743,29,1,0,0,1.4173637720778662,0.0156903287272473
2545,140.9779815379375,11,1,0,0,1.3709915038743485,0.01567463839852005
2546,160.5245395458805,26,1,0,0,1.0300742745221776,0.015658963760121533
2547,170.83805381420973,31,1,0,0,1.4535485967397848,0.015643304796361415
2548,6.68405705813899,18,0,1,0,3.801262559215735,0.01562766149156505
2549,163.51351197784425,23,1,0,0,1.2566587806688572,0.015612033830073486
2550,111.53568962814087,14,1,0,0,1.442559445621443,0.015596421796243412
2551,149.8482848477857,30,1,0,0,1.4859770411526718,0.015580825374447169
2552,178.93977693284887,27,1,0,0,1.4652044946093516,0.015565244549072722
2553,161.52936564048434,16,1,0,0,1.4424503008467453,0.015549679304523648
2554,157.22443045767767,21,1,0,0,1.2099556157056266,0.015534129625219124
2555,179.9011925901916,29,1,0,0,1.4468433901459639,0.015518595495593904
2556,204.56386231780203,28,1,0,0,1.3039973127539204,0.015503076900098313
2557,195.60278828038997,26,1,0,0,1.471759913062514,0.015487573823198215
2558,174.2314332004514,20,1,0,0,1.198381440903734,0.015472086249375015
2559,192.93157035502352,28,1,0,0,1.432627820717298,0.01545661416312564
2560,170.86555116521114,25,1,0,0,1.1798359860419911,0.015441157548962515
2561,-50.0,1,0,1,0,6.3028388920260054,0.015425716391413553
2562,141.6865775777942,49,1,0,0,1.4976630843638052,0.015410290675022137
2563,146.28433729280695,16,1,0,0,1.2891038412929439,0.015394880384347116
2564,145.02757061922256,16,1,0,0,1.3676312567740248,0.01537948550396277
2565,17.30868618751235,200,0,0,1,2.248477612509323,0.015364106018458806
2566,186.26048320995255,26,1,0,0,1.287370102145219,0.015348741912440348
2567,165.67239278754738,25,1,0,0,1.4470400869560065,0.015333393170527907
2568,176.77292820711077,27,1,0,0,1.3781870019048146,0.01531805977735738
2569,148.272981744008,21,1,0,0,1.2075212154767125,0.015302741717580021
2570,176.3730298070352,28,1,0,0,1.4335004126789992,0.015287438975862442
2571,205.5317257774111,30,1,0,0,1.4277921104012488,0.015272151536886582
2572,136.98824172453828,21,1,0,0,1.4568525575532205,0.015256879385349692
2573,159.58687492178677,19,1,0,0,1.3635296284442593,0.015241622505964343
2574,162.482188482641,19,1,0,0,1.4272624185381946,0.01522638088345838
2575,214.37779563732084,35,1,0,0,1.200456961302231,0.01521115450257492
2576,148.6093998575778,15,1,0,0,1.4693526188736645,0.015195943348072345
2577,165.05167783275368,22,1,0,0,1.488132044051852,0.015180747404724275
2578,151.0730466032465,21,1,0,0,1.3607015608224982,0.01516556665731955
2579,150.59426882172647,42,1,0,0,1.406848522997119,0.015150401090662229
2580,134.47455427999537,16,1,0,0,1.3736480701759937,0.015135250689571568
2581,145.69924188463716,14,1,0,0,1.2024366599547793,0.015120115438881997
2582,224.80002753581368,41,1,0,0,1.259348160343534,0.015104995323443114
2583,169.1781583484052,23,1,0,0,1.3572058245576137,0.015089890328119672
2584,154.4923158620927,13,1,0,0,1.4838768237892919,0.01507480043779155
2585,239.63302133097963,45,1,0,0,1.3393966826665307,0.015059725637353758
2586,202.04964358623505,28,1,0,0,1.2341198112700422,0.015044665911716404
2587,175.92421609699994,27,1,0,0,1.3562389787143454,0.015029621245804689
2588,146.0298711594521,14,1,0,0,1.4842495311265789,0.015014591624558885
2589,143.63530309460515,17,1,0,0,1.4572718825824689,0.014999577032934325
2590,218.70036788659314,34,1,0,0,1.4971962298322992,0.014984577455901392
2591,221.74591434958108,49,1,0,0,1.480975449700628,0.01496959287844549
2592,194.98957100316449,25,1,0,0,1.2303963684457957,0.014954623285567042
2593,161.11636450312446,19,1,0,0,1.4074888881183971,0.014939668662281478
2594,185.40784202258942,23,1,0,0,1.1681154091406576,0.014924728993619194
2595,179.81285386741826,24,1,0,0,1.3633479332802279,0.014909804264625577
2596,200.1623285309188,28,1,0,0,1.3222497657785148,0.01489489446036095
2597,140.7799944910457,36,1,0,0,1.4235353946297322,0.01487999956590059
2598,176.78272662095205,24,1,0,0,1.3793013156083906,0.01486511956633469
2599,170.27293068590748,20,1,0,0,1.344706404561815,0.014850254446768355
2600,198.59132734929358,27,1,0,0,1.459958522634104,0.014835404192321586
2601,165.85578816822047,25,1,0,0,1.2614110259602473,0.014820568788129262
2602,194.22850188259588,31,1,0,0,1.4745385116945313,0.014805748219341134
2603,188.02774822442018,23,1,0,0,1.2017749051682556,0.014790942471121794
2604,199.05749853027604,35,1,0,0,1.4254793602046152,0.014776151528650673
2605,181.58500416181397,26,1,0,0,1.4800112315753478,0.014761375377122021
2606,195.02906078442322,29,1,0,0,1.3953504546031557,0.0147466140017449
2607,175.99373087975502,22,1,0,0,1.235534619512106,0.014731867387743153
2608,205.86824219080484,29,1,0,0,1.4362563422828099,0.01471713552035541
2609,202.01796444915533,30,1,0,0,1.3527110491321988,0.014702418384835056
2610,121.2301551432206,11,1,0,0,1.1565284536003702,0.014687715966450222
2611,111.64488065636114,5,1,0,0,1.3453199733759549,0.01467302825048377
2612,142.2654509802139,17,1,0,0,1.4305167008111994,0.014658355222233285
2613,261.4367957054462,53,1,0,0,1.3380420673021258,0.014643696867011053
2614,193.96379269596866,31,1,0,0,1.255811871844907,0.01462905317014404
2615,183.38611524856475,27,1,0,0,1.4236282095429684,0.014614424116973898
2616,171.97007326478683,32,1,0,0,1.374205986171409,0.014599809692856925
2617,161.91066699002297,17,1,0,0,1.3867344204265883,0.014585209883164066
2618,164.65437926763434,20,1,0,0,1.4277005548014359,0.014570624673280902
2619,220.07722897916648,37,1,0,0,1.4277392829048399,0.014556054048607624
2620,209.03265779052794,33,1,0,0,1.4336345787620555,0.014541497994559014
2621,246.55410537973816,51,1,0,0,1.4181008868583347,0.014526956496564457
2622,164.12452122950793,24,1,0,0,1.3004385363227466,0.014512429540067893
2623,190.37805097954066,29,1,0,0,1.3732180624992614,0.014497917110527822
2624,181.2508168100681,25,1,0,0,1.4161685404269335,0.014483419193417297
2625,259.0614237721438,51,1,0,0,1.3365795013431272,0.01446893577422388
2626,158.29247715213583,15,1,0,0,1.2908983019026607,0.014454466838449654
2627,162.96130669273555,16,1,0,0,1.232002780021376,0.014440012371611206
2628,160.33935557342605,22,1,0,0,1.4785947325259174,0.014425572359239594
2629,169.76841488678042,19,1,0,0,1.2492709525183776,0.014411146786880352
2630,183.95909253079435,26,1,0,0,1.3539645569371688,0.014396735640093472
2631,139.91526300257365,17,1,0,0,1.4703843667115528,0.01438233890445338
2632,194.3960516484498,31,1,0,0,1.4728830674025941,0.014367956565548927
2633,208.90616206194284,36,1,0,0,1.4231658950723827,0.014353588608983378
2634,149.21276137785856,13,1,0,0,1.489061223085155,0.014339235020374395
2635,179.9484760487211,23,1,0,0,1.4005240600040287,0.01432489578535402
2636,194.21224333317087,25,1,0,0,1.287816453025151,0.014310570889568667
2637,181.79477262185756,24,1,0,0,1.1767819817188614,0.014296260318679097
2638,171.31226445946248,20,1,0,0,1.2889491005603884,0.014281964058360417
2639,174.53935507366478,38,1,0,0,1.2337360175583696,0.014267682094302056
2640,161.64743281353697,20,1,0,0,1.3970449099183466,0.014253414412207755
2641,166.46469415014298,22,1,0,0,1.2351933233000973,0.014239160997795548
2642,194.8395741266081,27,1,0,0,1.4830419255757858,0.014224921836797752
2643,144.60524983878244,25,1,0,0,1.4561398333157045,0.014210696914960956
2644,156.88180059975525,15,1,0,0,1.411873732155175,0.014196486218045992
2645,157.9021682602907,20,1,0,0,1.2655695322825646,0.014182289731827946
2646,-6.912565054538791,200,0,0,1,5.828298517470392,0.014168107442096121
2647,195.02020209981566,23,1,0,0,1.4049521857356193,0.014153939334654024
2648,156.74878271213768,18,1,0,0,1.2988038407758564,0.01413978539531937
2649,195.0999019981777,30,1,0,0,1.2234056235206026,0.014125645609924051
2650,186.44784101926237,28,1,0,0,1.17352189453462,0.014111519964314126
2651,188.41114540936834,21,1,0,0,1.3700052437018138,0.014097408444349813
2652,167.07121660210714,21,1,0,0,1.3677359926458668,0.01408331103590546
2653,181.77746948460802,25,1,0,0,1.478182753363897,0.014069227724869557
2654,175.8283856930235,21,1,0,0,1.0822689618777703,0.014055158497144688
2655,190.96064860743843,27,1,0,0,1.3625869160516682,0.014041103338647543
2656,169.19490139528352,20,1,0,0,1.2411117880146294,0.014027062235308894
2657,224.37967104291513,38,1,0,0,1.4088210023111403,0.014013035173073585
2658,130.59110220047134,17,1,0,0,1.2532817098472344,0.01399902213790051
2659,177.28825855762835,26,1,0,0,1.2349943695404695,0.01398502311576261
2660,202.35474139169725,27,1,0,0,1.1345096481539998,0.013971038092646848
2661,172.37286459075273,20,1,0,0,1.4823251031572384,0.013957067054554202
2662,179.87230146816114,24,1,0,0,1.4099055942663157,0.013943109987499647
2663,160.4802136903923,20,1,0,0,1.4308312187237597,0.013929166877512148
2664,152.6540497983836,25,1,0,0,1.4499205414755667,0.013915237710634638
2665,157.0922957715975,26,1,0,0,1.285169084719375,0.013901322472924003
2666,190.07765521366306,23,1,0,0,1.4614072848044999,0.013887421150451077
2667,180.20402522350378,23,1,0,0,1.324376480367401,0.013873533729300627
2668,178.8049640886921,20,1,0,0,1.4411648731978566,0.013859660195571326
2669,121.96021211744784,11,1,0,0,1.4088144722690754,0.013845800535375756
2670,190.4566544974117,21,1,0,0,1.454668734731006,0.01383195473484038
2671,161.15350701563142,24,1,0,0,1.4741875375709816,0.013818122780105538
2672,177.2337905480267,21,1,0,0,1.2377842093802887,0.013804304657325434
2673,160.3660640077544,19,1,0,0,1.4369106117131494,0.013790500352668107
2674,166.31547125190986,41,1,0,0,1.4826222079774631,0.013776709852315439
2675,138.68233337091786,14,1,0,0,1.4308387444181034,0.013762933142463124
2676,217.22960687975865,33,1,0,0,1.2447966253052074,0.013749170209320661
2677,152.9672309424156,18,1,0,0,1.3849162703305993,0.01373542103911134
2678,185.14829981165886,20,1,0,0,1.3806002538512605,0.013721685618072228
2679,263.93440021467745,48,1,0,0,1.2771862886608882,0.013707963932454157
2680,159.81130703786917,25,1,0,0,1.2339257805500181,0.013694255968521703
2681,110.07575375291118,4,1,0,0,1.4009763254046217,0.01368056171255318
2682,142.93673410349496,24,1,0,0,1.3148659855635212,0.013666881150840627
2683,226.72497782104892,38,1,0,0,1.3992832499451122,0.013653214269689788
2684,137.08654063456618,11,1,0,0,1.2784265295964534,0.013639561055420097
2685,160.6858093834177,26,1,0,0,1.3116951297896813,0.013625921494364677
2686,158.1158971116167,19,1,0,0,1.223603934884987,0.013612295572870312
2687,137.39620803033753,38,1,0,0,1.388535836074808,0.013598683277297442
2688,179.14143078164182,27,1,0,0,1.118218698028266,0.013585084594020145
2689,152.31687179806002,23,1,0,0,1.321400093944195,0.013571499509426125
2690,233.01940062790305,36,1,0,0,1.2392416130008383,0.013557928009916698
2691,147.73979638049667,17,1,0,0,1.3418380624528121,0.013544370081906782
2692,156.84738513726052,19,1,0,0,1.4279468869177878,0.013530825711824873
2693,178.62844324128446,20,1,0,0,1.253323463798803,0.01351729488611305
2694,146.41416490476402,17,1,0,0,1.4119182311828933,0.013503777591226937
2695,198.58141937962,26,1,0,0,1.386500716038846,0.01349027381363571
2696,170.05649793600318,24,1,0,0,1.4291424717604153,0.013476783539822075
2697,175.9599679669576,24,1,0,0,1.4932181839271697,0.013463306756282252
2698,194.68955917505082,30,1,0,0,1.234045219522495,0.01344984344952597
2699,155.0118429415506,15,1,0,0,1.4603636581601722,0.013436393606076444
2700,146.80735224218145,15,1,0,0,1.2968277856251145,0.013422957212470367
2701,239.29068230564172,52,1,0,0,1.4622086397310394,0.013409534255257897
2702,230.74028435885643,43,1,0,0,1.440982683748516,0.01339612472100264
2703,167.0906874401548,23,1,0,0,1.3884456779065577,0.013382728596281635
2704,167.21094216428577,16,1,0,0,1.3108964084450234,0.013369345867685354
2705,208.25793104683885,29,1,0,0,1.3099710129510913,0.013355976521817671
2706,168.84549801963306,21,1,0,0,1.4501319320124721,0.01334262054529585
2707,172.5331904093282,22,1,0,0,1.2358530182608436,0.013329277924750554
2708,164.87783241954236,21,1,0,0,1.4284184405848444,0.013315948646825804
2709,232.32714880222767,40,1,0,0,1.3233706988409826,0.01330263269817898
2710,166.52813264681697,24,1,0,0,1.3539636705722204,0.013289330065480802
2711,162.2262377821935,21,1,0,0,1.4504907709999542,0.013276040735415318
2712,187.3115744968233,20,1,0,0,1.2240811609349984,0.013262764694679905
2713,188.99984999290274,22,1,0,0,1.3393304391375163,0.013249501929985225
2714,171.1744155971149,17,1,0,0,1.4848803821281125,0.013236252428055241
2715,123.26878370142285,7,1,0,0,1.4811463100023794,0.013223016175627184
2716,237.76417621727708,49,1,0,0,1.3189948922623027,0.013209793159451555
2717,163.18289302129958,19,1,0,0,1.2159852161752525,0.013196583366292106
2718,216.45806952304474,31,1,0,0,1.4334735428027192,0.013183386782925813
2719,187.9217902014626,28,1,0,0,1.3067552754889626,0.013170203396142888
2720,4.595649718189764,200,0,0,1,2.13270643096086,0.013157033192746746
2721,-50.0,1,0,1,0,7.013309244240809,0.013143876159553997
2722,205.11152989662358,24,1,0,0,1.3281589863625018,0.013130732283394442
2723,167.2677438926109,22,1,0,0,1.467882067647587,0.01311760155111105
2724,223.86479156134345,42,1,0,0,1.4726013081903753,0.013104483949559938
2725,136.3447661530866,15,1,0,0,1.4222429195176483,0.013091379465610379
2726,188.9736620825296,26,1,0,0,1.3323613012247832,0.013078288086144769
2727,172.79290077259196,20,1,0,0,1.390526668410405,0.013065209798058622
2728,167.30487857709466,18,1,0,0,1.3703670929915819,0.013052144588260565
2729,162.5402742019647,24,1,0,0,1.1432578219481675,0.013039092443672304
2730,225.14782502822368,48,1,0,0,1.436786619949729,0.013026053351228632
2731,173.9769264970064,26,1,0,0,1.3513443781772663,0.013013027297877403
2732,147.67727809981852,16,1,0,0,1.3623913204679226,0.013000014270579525
2733,260.3280459073752,59,1,0,0,1.3869784093538604,0.012987014256308946
2734,197.73548944895757,33,1,0,0,1.3984323958858382,0.012974027242052636
2735,148.19072899554575,15,1,0,0,1.0739403878338807,0.012961053214810584
2736,171.0952280599734,33,1,0,0,1.3423292950431582,0.012948092161595773
2737,230.92481262701227,44,1,0,0,1.3710475242899154,0.012935144069434176
2738,172.18462650303968,20,1,0,0,1.335310192798786,0.012922208925364742
2739,127.28468924705659,11,1,0,0,1.1516642304192475,0.012909286716439379
2740,146.90906190344108,21,1,0,0,1.2658141832085283,0.012896377429722938
2741,150.91016267368983,13,1,0,0,1.435937900865839,0.012883481052293217
2742,167.20018980135927,24,1,0,0,1.2882664599869376,0.012870597571240922
2743,152.78612310210394,18,1,0,0,1.314855465285635,0.012857726973669681
2744,200.303655695013,27,1,0,0,1.4706485744535427,0.012844869246696013
2745,170.89288439704404,21,1,0,0,1.4664309146893284,0.012832024377449317
2746,164.28479945074392,18,1,0,0,1.283395330929958,0.012819192353071869
2747,171.41470801007307,20,1,0,0,1.267436067316894,0.012806373160718795
2748,174.35192200702036,25,1,0,0,1.4211266487984944,0.012793566787558075
2749,185.6688793740193,25,1,0,0,1.2620900493140677,0.012780773220770517
2750,143.1055948051679,15,1,0,0,1.1200054274157747,0.012767992447549748
2751,163.37563726951566,28,1,0,0,1.400623526301763,0.0127552244551022
2752,167.72477226230075,22,1,0,0,1.2344344920719919,0.012742469230647098
2753,157.70417223658862,14,1,0,0,1.3358655955644143,0.01272972676141645
2754,158.74069913795455,15,1,0,0,1.2869179382859446,0.012716997034655031
2755,210.80540849512607,32,1,0,0,1.2911700176521157,0.012704280037620377
2756,167.09931125132286,20,1,0,0,1.3180718474681044,0.012691575757582757
2757,197.66962592616852,22,1,0,0,1.3265306860919919,0.012678884181825174
2758,179.23542862164476,27,1,0,0,1.3370790118618945,0.012666205297643349
2759,176.42050021607153,35,1,0,0,1.2839981094945394,0.012653539092345706
2760,190.32027272105148,27,1,0,0,1.3500704843461648,0.012640885553253359
2761,184.9245922094949,25,1,0,0,1.283906960965284,0.012628244667700107
2762,195.45050177360872,32,1,0,0,1.3652718324316044,0.012615616423032406
2763,211.65779555106275,32,1,0,0,1.4469244926899625,0.012603000806609374
2764,153.33623930304594,19,1,0,0,1.4378517670548931,0.012590397805802764
2765,141.83978017885718,14,1,0,0,1.2084560767028354,0.01257780740799696
2766,188.87491113408305,24,1,0,0,1.3625135574707175,0.012565229600588965
2767,251.99189425522067,64,1,0,0,1.4492098201936479,0.012552664370988377
2768,147.78900687912335,16,1,0,0,1.350175190663311,0.01254011170661739
2769,114.679624132792,4,1,0,0,1.1262030138843073,0.01252757159491077
2770,172.32930487575027,22,1,0,0,1.3854689094590238,0.01251504402331586
2771,215.806303149528,34,1,0,0,1.4739155632327896,0.012502528979292543
2772,161.30242502291833,22,1,0,0,1.4943377992176172,0.012490026450313252
2773,181.71225469031106,26,1,0,0,1.4854788156902465,0.012477536423862937
2774,171.27613004517144,29,1,0,0,1.2915436679262378,0.012465058887439075
2775,169.08234290313578,26,1,0,0,1.38116479219603,0.012452593828551635
2776,233.1600872506708,51,1,0,0,1.4537914564842116,0.012440141234723083
2777,171.71048643908895,19,1,0,0,1.4377554738487934,0.012427701093488362
2778,200.4473839809869,30,1,0,0,1.2275900725518514,0.012415273392394873
2779,131.7994423300034,55,1,0,0,1.4628754151461785,0.012402858119002477
2780,232.35695059655177,39,1,0,0,1.2646008428322948,0.012390455260883476
2781,176.7383145661803,27,1,0,0,1.297725383634346,0.01237806480562259
2782,195.01736521087193,27,1,0,0,1.4924929619178176,0.01236568674081697
2783,149.4231906193286,34,1,0,0,1.482603807023876,0.012353321054076152
2784,166.66884085403933,18,1,0,0,1.215870812780819,0.012340967733022075
2785,152.0375913024636,45,1,0,0,1.4247334481432705,0.012328626765289055
2786,153.64100281543614,19,1,0,0,1.430442075821932,0.012316298138523765
2787,183.77544396620203,25,1,0,0,1.3999481792623312,0.01230398184038524
2788,120.94847601250878,19,1,0,0,1.4213882902326427,0.012291677858544856
2789,215.87815300035675,33,1,0,0,1.3813206276772227,0.012279386180686311
2790,185.28765025627695,21,1,0,0,1.212992079681523,0.012267106794505624
2791,195.89114040002332,23,1,0,0,1.2314911452162445,0.012254839687711119
2792,108.03054081914988,4,1,0,0,1.4715334695566804,0.012242584848023408
2793,136.58904833152934,16,1,0,0,1.3238651347869197,0.012230342263175384
2794,181.04778122746916,20,1,0,0,1.4338100725175453,0.01221811192091221
2795,172.77678481111093,27,1,0,0,1.4411147483010298,0.012205893808991296
2796,177.51181242242268,19,1,0,0,1.4790643815553164,0.012193687915182307
2797,150.99547381435244,14,1,0,0,1.3950101739428713,0.012181494227267123
2798,150.5686310307142,24,1,0,0,1.162509103963116,0.012169312733039856
2799,164.48283161437115,18,1,0,0,1.2575640658166671,0.012157143420306816
2800,-50.0,1,0,1,0,8.423103550400254,0.01214498627688651
2801,195.6353386709161,23,1,0,0,1.4470633720376573,0.012132841290609623
2802,165.76797445126135,20,1,0,0,1.2337483233063478,0.012120708449319013
2803,189.06092607793872,30,1,0,0,1.2834893897674864,0.012108587740869694
2804,161.57281427608973,18,1,0,0,1.4723586777811337,0.012096479153128824
2805,204.4857610282197,37,1,0,0,1.474180164295041,0.012084382673975696
2806,144.97542743694362,12,1,0,0,1.4534433095740573,0.012072298291301721
2807,190.27238160419864,26,1,0,0,1.4926696813914213,0.012060225993010418
2808,171.43465027381728,20,1,0,0,1.1498258122994254,0.012048165767017407
2809,137.95260299266374,12,1,0,0,1.3504147276604375,0.01203611760125039
2810,177.216805688289,19,1,0,0,1.418196228280554,0.01202408148364914
2811,140.06567904722334,26,1,0,0,1.4364781190959703,0.01201205740216549
2812,167.81294543676847,18,1,0,0,1.1897738923176935,0.012000045344763325
2813,204.47195809156852,34,1,0,0,1.4811946509338612,0.011988045299418562
2814,129.46524390088024,10,1,0,0,1.4917490596068828,0.011976057254119142
2815,256.9604870220449,52,1,0,0,1.49796901954467,0.011964081196865024
2816,146.95821417230331,17,1,0,0,1.285742456139941,0.011952117115668159
2817,205.34141412084517,36,1,0,0,1.4412789653046252,0.01194016499855249
2818,203.92686451704236,23,1,0,0,1.1465261679810523,0.011928224833553939
2819,186.28869590738415,27,1,0,0,1.3244026511177334,0.011916296608720385
2820,119.03940663099199,8,1,0,0,1.3771391404961988,0.011904380312111664
2821,140.60855249167585,12,1,0,0,1.4118771529956868,0.011892475931799554
2822,215.89334142882933,30,1,0,0,1.4306574130909404,0.011880583455867753
2823,118.7511882418853,44,1,0,0,1.41835460105812,0.011868702872411886
2824,144.69196014918833,16,1,0,0,1.4544626134817824,0.011856834169539473
2825,140.57566257658172,19,1,0,0,1.378011767933154,0.011844977335369933
2826,190.99460793330275,23,1,0,0,1.1767424022531594,0.011833132358034563
2827,160.69962805085365,18,1,0,0,1.402779433079402,0.01182129922567653
2828,122.3381779860205,9,1,0,0,1.3908521945750785,0.011809477926450852
2829,261.5578530690302,55,1,0,0,1.4360277803746464,0.011797668448524402
2830,173.96669694466323,20,1,0,0,1.4244866058957637,0.011785870780075878
2831,161.3204167226545,26,1,0,0,1.2505645990084218,0.011774084909295802
2832,152.6740956716897,17,1,0,0,1.4910546579580048,0.011762310824386507
2833,-50.0,1,0,1,0,6.027652799786839,0.01175054851356212
2834,190.02242821030728,28,1,0,0,1.4956814372119958,0.011738797965048557
2835,165.7392981915266,29,1,0,0,1.381190354793271,0.011727059167083508
2836,192.60476459717626,23,1,0,0,1.4668147624288048,0.011715332107916426
2837,179.00713675983877,24,1,0,0,1.4795950858785338,0.011703616775808508
2838,197.1177967548491,25,1,0,0,1.2245659288923079,0.0116919131590327
2839,185.0439954839079,27,1,0,0,1.481245979141883,0.011680221245873666
2840,235.11935041030037,45,1,0,0,1.4388761575023372,0.011668541024627794
2841,158.96639614221704,24,1,0,0,1.2053497012155219,0.011656872483603165
2842,144.51323614688133,17,1,0,0,1.3152962896702107,0.011645215611119563
2843,174.98035464208448,25,1,0,0,1.2413276329206429,0.011633570395508443
2844,186.62994102121013,35,1,0,0,1.2105739007946124,0.011621936825112936
2845,158.46958364303535,18,1,0,0,1.3915615844760505,0.011610314888287822
2846,162.64150482136012,27,1,0,0,1.1652261216044026,0.011598704573399534
2847,149.73470106494165,18,1,0,0,1.3535563057004534,0.011587105868826135
2848,179.4355258887932,28,1,0,0,1.3182911663097514,0.011575518762957308
2849,225.25783715064296,40,1,0,0,1.442638269691067,0.01156394324419435
2850,178.45182862631458,26,1,0,0,1.2977124250886034,0.011552379300950155
2851,146.1779052935795,18,1,0,0,1.434614704104669,0.011540826921649205
2852,161.18135594299216,24,1,0,0,1.4682206406866833,0.011529286094727557
2853,161.83033046672378,22,1,0,0,1.336499016698233,0.01151775680863283
2854,146.02793090361382,14,1,0,0,1.3181861280961933,0.011506239051824197
2855,192.3306845348913,53,1,0,0,1.4840839169317745,0.011494732812772373
2856,180.70667966398838,26,1,0,0,1.4448876413700502,0.011483238079959601
2857,163.21498513841973,27,1,0,0,1.3449999560944377,0.011471754841879641
2858,159.31908905679413,23,1,0,0,1.3682470469768488,0.01146028308703776
2859,173.39088950953985,26,1,0,0,1.3913969396189898,0.011448822803950723
2860,181.35181345327018,25,1,0,0,1.47108755498501,0.011437373981146772
2861,175.282551813776,23,1,0,0,1.474420488648252,0.011425936607165626
2862,164.68549049716597,25,1,0,0,1.2220164155361806,0.011414510670558459
2863,189.61270391866674,22,1,0,0,1.4243263906075312,0.011403096159887901
2864,217.25445533751838,37,1,0,0,1.3125162537070707,0.011391693063728014
2865,103.61294960145057,3,1,0,0,1.3071351649136773,0.011380301370664286
2866,219.4711245872352,44,1,0,0,1.4589056246287495,0.011368921069293622
2867,222.72475250371508,92,1,0,0,1.4848493252960164,0.011357552148224329
2868,161.64164186008693,16,1,0,0,1.093922198821432,0.011346194596076102
2869,137.92703873800696,12,1,0,0,1.1521127441640515,0.011334848401480028
2870,246.77277853020894,52,1,0,0,1.4930783657180577,0.011323513553078547
2871,169.51495672325768,22,1,0,0,1.2577805685169752,0.011312190039525468
2872,168.47239571887033,20,1,0,0,1.494663428525239,0.011300877849485942
2873,117.71284812816228,9,1,0,0,1.0917527278234807,0.011289576971636458
2874,113.1098360904062,7,1,0,0,1.4794443204957726,0.01127828739466482
2875,148.1510176331192,14,1,0,0,1.3796096111701142,0.011267009107270156
2876,154.59487284250486,21,1,0,0,1.3704381882646481,0.011255742098162887
2877,143.07086747355575,20,1,0,0,1.3870651294498526,0.011244486356064723
2878,154.8671045329648,15,1,0,0,1.390846599485532,0.011233241869708657
2879,152.41119925505265,20,1,0,0,1.3172883253080847,0.01122200862783895
2880,260.2994026513803,60,1,0,0,1.4846944996058802,0.01121078661921111
2881,183.93277097769902,25,1,0,0,1.2790812896831394,0.0111995758325919
2882,126.38208757063752,8,1,0,0,1.3882104612909352,0.011188376256759308
2883,160.5709613469894,23,1,0,0,1.1304465163364161,0.011177187880502547
2884,159.48946829167664,21,1,0,0,1.371507942093637,0.011166010692622045
2885,192.1970057368876,33,1,0,0,1.4815086429943902,0.011154844681929423
2886,123.74616381632858,8,1,0,0,1.4422017151311568,0.011143689837247494
2887,-50.0,1,0,1,0,5.694805746705764,0.011132546147410246
2888,168.40869730205605,19,1,0,0,1.483376649322441,0.011121413601262837
2889,241.24483504089693,47,1,0,0,1.4948004452845995,0.011110292187661575
2890,143.88297796418368,14,1,0,0,1.4893707987367404,0.011099181895473912
2891,186.2987045528046,27,1,0,0,1.4320497431942631,0.011088082713578438
2892,142.50892912615018,29,1,0,0,1.392667992689297,0.01107699463086486
2893,145.17325943776774,17,1,0,0,1.3044880377886068,0.011065917636233994
2894,166.5547466231227,23,1,0,0,1.3082798355925918,0.01105485171859776
2895,163.40735100031384,23,1,0,0,1.27843532094865,0.011043796866879162
2896,175.96132981624436,21,1,0,0,1.4432486765597594,0.011032753070012283
2897,220.5209039900368,38,1,0,0,1.3332653971091806,0.011021720316942272
2898,189.58443119691043,24,1,0,0,1.2989894440612022,0.01101069859662533
2899,174.19597147693366,21,1,0,0,1.47145195104723,0.010999687898028703
2900,172.56877304647134,22,1,0,0,1.4625522844228185,0.010988688210130675
2901,175.43152224952678,25,1,0,0,1.2697563457490362,0.010977699521920544
2902,123.1113321428936,9,1,0,0,1.4191276688232872,0.010966721822398624
2903,175.0477960999841,25,1,0,0,1.4515177175235634,0.010955755100576225
2904,196.25068340158165,40,1,0,0,1.4696612850327813,0.010944799345475648
2905,215.38109446092528,26,1,0,0,1.2498694547742124,0.010933854546130174
2906,131.86463663198464,17,1,0,0,1.3142402029711715,0.010922920691584043
2907,153.15638911779538,18,1,0,0,1.3139693820638785,0.010911997770892459
2908,135.54750054074583,15,1,0,0,1.3767201084944927,0.010901085773121566
2909,177.64720535124545,28,1,0,0,1.370145394281674,0.010890184687348446
2910,206.79253528279526,29,1,0,0,1.3426705201333333,0.010879294502661098
2911,170.4596067939231,25,1,0,0,1.4753379079650666,0.010868415208158434
2912,173.17561234009062,21,1,0,0,1.2756298066126428,0.010857546792950278
2913,178.91660019551483,24,1,0,0,1.2184069680946863,0.010846689246157327
2914,-50.0,1,0,1,0,7.357735545204688,0.010835842556911168
2915,174.467685862466,26,1,0,0,1.3331650377171314,0.010825006714354258
2916,184.85457806338493,34,1,0,0,1.3299628372191505,0.010814181707639904
2917,180.8820296440805,21,1,0,0,1.398692193996544,0.010803367525932264
2918,196.22812931658473,25,1,0,0,1.4750972554521986,0.010792564158406332
2919,239.81928462902988,45,1,0,0,1.3076244347845223,0.010781771594247924
2920,209.2976705400357,54,1,0,0,1.494410577760256,0.010770989822653678
2921,-54.33223646613309,2,0,1,0,3.64091639299828,0.010760218832831023
2922,198.1215820393469,23,1,0,0,1.2046647653687423,0.010749458613998192
2923,148.93261910262981,19,1,0,0,1.2640433375370879,0.010738709155384194
2924,164.28290631220054,18,1,0,0,1.3378936976869436,0.01072797044622881
2925,155.61091041596572,17,1,0,0,1.404460872896498,0.010717242475782582
2926,149.92671093008255,24,1,0,0,1.4267716618172048,0.010706525233306799
2927,183.2961973058703,20,1,0,0,1.230239340780026,0.010695818708073491
2928,161.05126149248252,23,1,0,0,1.4908678420579895,0.01068512288936542
2929,204.91886686614976,34,1,0,0,1.3611198289801487,0.010674437766476053
2930,149.33709296700675,15,1,0,0,1.3153049198024955,0.010663763328709577
2931,195.05787443915816,27,1,0,0,1.430022225663123,0.010653099565380866
2932,141.45435678274245,18,1,0,0,1.1802475902780556,0.010642446465815487
2933,168.0707857269959,20,1,0,0,1.4575040703150495,0.010631804019349671
2934,170.34559302732453,19,1,0,0,1.3584109934141544,0.010621172215330321
2935,166.47717192682754,25,1,0,0,1.4373038097153636,0.010610551043114992
2936,242.4046055230909,41,1,0,0,1.460357519608299,0.010599940492071877
2937,180.33256942606113,26,1,0,0,1.4462177382581578,0.010589340551579805
2938,167.09758434985227,23,1,0,0,1.4129833850149924,0.010578751211028225
2939,29.4223992814694,200,0,0,1,1.9904409908990706,0.010568172459817197
2940,169.53133955294072,22,1,0,0,1.2832191140382752,0.01055760428735738
2941,158.62037631598778,21,1,0,0,1.3564584773360124,0.010547046683070022
2942,224.12614327397358,56,1,0,0,1.4761999620111077,0.010536499636386951
2943,130.32635802050032,10,1,0,0,1.3562043735335314,0.010525963136750565
2944,174.41397071856724,28,1,0,0,1.2024955547824427,0.010515437173613813
2945,154.3312604240762,17,1,0,0,1.3538882230922,0.010504921736440201
2946,-50.0,1,0,1,0,3.847533000320588,0.01049441681470376
2947,192.80721556107932,26,1,0,0,1.3832380366671388,0.010483922397889056
2948,192.38083651169586,30,1,0,0,1.3620234508821818,0.010473438475491167
2949,142.55778310855524,16,1,0,0,1.4705303264305176,0.010462965037015676
2950,141.93771533554406,14,1,0,0,1.3367657741320071,0.010452502071978662
2951,189.30582730346015,28,1,0,0,1.3544328856227847,0.010442049569906681
2952,159.17146303143645,25,1,0,0,1.4083526634657895,0.010431607520336776
2953,175.94902566546605,24,1,0,0,1.4940223976964049,0.010421175912816438
2954,253.27008377503284,53,1,0,0,1.4372955116578254,0.010410754736903623
2955,118.45860042956784,6,1,0,0,1.2250485631817,0.010400343982166717
2956,180.88202407686686,25,1,0,0,1.3810336411291182,0.010389943638184553
2957,162.4725796098396,20,1,0,0,1.345782985824436,0.010379553694546366
2958,127.39741740639252,9,1,0,0,1.2669602600372636,0.01036917414085182
2959,176.99017374958098,71,1,0,0,1.466320279690022,0.010358804966710967
2960,141.7370569343724,15,1,0,0,1.3235516333653146,0.010348446161744258
2961,160.19496322051344,21,1,0,0,1.4497365521417798,0.010338097715582514
2962,189.38017588372082,26,1,0,0,1.3518495209576873,0.01032775961786693
2963,183.9865042716021,23,1,0,0,1.2276436943004467,0.010317431858249064
2964,153.29580393921967,23,1,0,0,1.4446755141466394,0.010307114426390816
2965,161.34630388601659,22,1,0,0,1.264363965176415,0.010296807311964425
2966,214.9452630838345,36,1,0,0,1.4127708178827356,0.01028651050465246
2967,173.30364630922298,19,1,0,0,1.3370739874310176,0.010276223994147807
2968,163.37446022783064,24,1,0,0,1.3456312855716526,0.01026594777015366
2969,264.96516411170217,57,1,0,0,1.4590354495220423,0.010255681822383506
2970,153.53993993685253,67,1,0,0,1.4984694690798361,0.010245426140561122
2971,178.58846313669818,20,1,0,0,1.3299758012885974,0.010235180714420561
2972,139.36416714818864,19,1,0,0,1.4576744860732933,0.010224945533706141
2973,172.61078063350425,27,1,0,0,1.179676423250495,0.010214720588172434
2974,184.8738969697454,23,1,0,0,1.3204472790732653,0.010204505867584262
2975,127.57055767552403,15,1,0,0,1.384387322207688,0.010194301361716679
2976,190.38699872627933,27,1,0,0,1.2548845353434686,0.010184107060354962
2977,141.67167072506294,196,1,0,0,1.4861889664896837,0.010173922953294605
2978,56.696775960416915,200,0,0,1,1.6552871956864323,0.010163749030341312
2979,149.0842157746256,17,1,0,0,1.487496828954126,0.010153585281310969
2980,175.2337736471618,21,1,0,0,1.2921293524262856,0.010143431696029659
2981,129.8195214158476,14,1,0,0,1.3141534708376479,0.010133288264333629
2982,138.35740446198088,17,1,0,0,1.2382312569235887,0.010123154976069297
2983,159.55138283119732,23,1,0,0,1.472549590346587,0.010113031821093226
2984,199.61580001945623,32,1,0,0,1.416477123417346,0.010102918789272133
2985,154.60754014042828,20,1,0,0,1.040568007679552,0.010092815870482861
2986,183.16936084454346,22,1,0,0,1.3275458955030202,0.010082723054612379
2987,162.89632867473676,24,1,0,0,1.3634441322911564,0.010072640331557766
2988,164.30803565388646,23,1,0,0,1.37299423768794,0.010062567691226208
2989,148.63477170743874,14,1,0,0,1.3249437345173338,0.010052505123534982
2990,182.49501707680918,31,1,0,0,1.4949826933373673,0.010042452618411447
2991,185.73918528912972,29,1,0,0,1.3545011778668723,0.010032410165793036
2992,100.0,1,1,0,0,1.177923330834056,0.010022377755627242
2993,174.9489490670113,21,1,0,0,1.4795656461027467,0.010012355377871615
2994,167.68624687246512,24,1,0,0,1.3310103130865245,0.010002343022493743
2995,127.46387577848174,10,1,0,0,1.445525050305308,0.01
2996,124.54381266045841,21,1,0,0,1.4089478841735028,0.01
2997,154.09056758566712,26,1,0,0,1.2620572742369736,0.01
2998,168.92116760444074,24,1,0,0,1.232336897536493,0.01
2999,160.29527099737254,28,1,0,0,1.4891875610218197,0.01
3000,169.94219347746593,23,1,0,0,1.4280237832059912,0.01
3001,161.3078459067964,19,1,0,0,1.4538111184135905,0.01
3002,146.94586290543782,20,1,0,0,1.3098242162417029,0.01
3003,238.4495953657656,43,1,0,0,1.3583952354348516,0.01
3004,108.70396072301361,3,1,0,0,1.1139988003645565,0.01
3005,168.31670448662936,18,1,0,0,1.3843192288269819,0.01
3006,218.2217685099651,32,1,0,0,1.2394093619482887,0.01
3007,106.97582091928038,4,1,0,0,1.133394064910851,0.01
3008,160.65786308926664,21,1,0,0,1.2788981946524438,0.01
3009,208.4125262689335,30,1,0,0,1.4071809957212829,0.01
3010,189.7046059252325,24,1,0,0,1.3517649296933205,0.01
3011,173.81205748974781,22,1,0,0,1.0853433658310458,0.01
3012,142.39521308979678,23,1,0,0,1.3769538865847846,0.01
3013,195.80572526953006,24,1,0,0,1.0555948599605298,0.01
3014,201.45219118565427,27,1,0,0,1.4466491518506608,0.01
3015,181.53557658788938,27,1,0,0,1.460358472293551,0.01
3016,171.28484923957296,20,1,0,0,1.228823781509818,0.01
3017,181.95656498530275,22,1,0,0,1.4101952823301527,0.01
3018,167.76586445106568,25,1,0,0,1.0900206737131013,0.01
3019,161.97181163496145,19,1,0,0,1.2496139935699442,0.01
3020,133.25496271355283,12,1,0,0,1.4173310733239992,0.01
3021,165.46619209757773,23,1,0,0,1.3687914165745878,0.01
3022,134.00775060530484,13,1,0,0,1.3032781939010587,0.01
3023,143.9658902971038,10,1,0,0,1.3384750304114605,0.01
3024,177.82702712177382,23,1,0,0,1.2551877728404726,0.01
3025,196.89260426940942,26,1,0,0,1.3088789201756001,0.01
3026,150.98662615623203,18,1,0,0,1.1784228724483128,0.01
3027,142.43165393843339,17,1,0,0,1.3136383191079168,0.01
3028,210.6940943130598,24,1,0,0,1.193060363172711,0.01
3029,98.24341049994189,2,1,0,0,1.3387714742060066,0.01
3030,192.7002720405517,30,1,0,0,1.3300119501372132,0.01
3031,182.872105957332,42,1,0,0,1.2580886577314574,0.01
3032,159.4076534466438,25,1,0,0,1.406980693652555,0.01
3033,167.83448231535044,26,1,0,0,1.270240536300237,0.01
3034,171.78939772436166,22,1,0,0,1.3475298474202804,0.01
3035,176.45006416103627,21,1,0,0,1.3777374804513636,0.01
3036,151.83531611244806,20,1,0,0,1.410250533923912,0.01
3037,172.98083543335133,23,1,0,0,1.331366844834985,0.01
3038,186.34913872434043,26,1,0,0,1.3838988007770743,0.01
3039,132.81512279822581,19,1,0,0,1.301438463772258,0.01
3040,184.61322225910635,28,1,0,0,1.3431448205673457,0.01
3041,111.68822058752279,36,1,0,0,1.2640342786652838,0.01
3042,168.5209642498765,28,1,0,0,1.3337041850223479,0.01
3043,198.58781826368073,27,1,0,0,1.4733376650034073,0.01
3044,108.30530060742188,6,1,0,0,1.4370746180176057,0.01
3045,123.40298036215265,8,1,0,0,1.3999406631930404,0.01
3046,207.21460150674892,36,1,0,0,1.3077963062083697,0.01
3047,192.1077934866333,31,1,0,0,1.2459434520685557,0.01
3048,178.33313618017047,31,1,0,0,1.3752447467368214,0.01
3049,164.7726031237492,19,1,0,0,1.35051698395574,0.01
3050,-50.0,1,0,1,0,2.2199413537021955,0.01
3051,21.9016723202988,200,0,0,1,2.248522569778458,0.01
3052,179.1395725495313,21,1,0,0,1.1506770032875506,0.01
3053,194.25997493271774,28,1,0,0,1.3855647936270652,0.01
3054,156.68107379340367,21,1,0,0,1.1698479290230575,0.01
3055,196.90395431767425,29,1,0,0,1.4728768153109515,0.01
3056,170.98010015124154,27,1,0,0,1.2642715239712432,0.01
3057,178.1931097555365,20,1,0,0,1.3931800961687577,0.01
3058,152.95854796742853,21,1,0,0,1.3374419208606283,0.01
3059,166.29598494751363,24,1,0,0,1.3223464517918495,0.01
3060,144.40776768541406,11,1,0,0,1.384571570505045,0.01
3061,239.56798867839663,69,1,0,0,1.478222292373081,0.01
3062,153.30713988520884,19,1,0,0,1.3734001371393452,0.01
3063,148.27641289822537,24,1,0,0,1.2764570776237911,0.01
3064,11.43963396089558,200,0,0,1,2.19130671164303,0.01
3065,193.65216767797924,25,1,0,0,1.2156715101328561,0.01
3066,236.96675814433877,46,1,0,0,1.4054038201456216,0.01
3067,130.41321962584212,8,1,0,0,1.0591769076795026,0.01
3068,212.16119458176112,28,1,0,0,1.493777061002621,0.01
3069,185.73765809208143,26,1,0,0,1.444047145567932,0.01
3070,-50.0,1,0,1,0,3.557265697347425,0.01
3071,127.63164668131219,9,1,0,0,1.396709883094998,0.01
3072,201.17635395900692,25,1,0,0,1.3702448064216273,0.01
3073,163.4687787707192,21,1,0,0,1.4016627828617751,0.01
3074,205.8684821344438,31,1,0,0,1.4212467000769418,0.01
3075,2.2785243804922057,200,0,0,1,4.153221447615635,0.01
3076,163.82903752413594,38,1,0,0,1.4960653459775433,0.01
3077,152.52174550968323,17,1,0,0,1.4504199900950643,0.01
3078,202.97068714442008,33,1,0,0,1.1823326731299242,0.01
3079,151.52352728224076,18,1,0,0,1.3901647884764967,0.01
3080,240.83104286844076,48,1,0,0,1.2879695166965386,0.01
3081,176.37406508950664,21,1,0,0,1.3536922924871675,0.01
3082,157.63782953249262,18,1,0,0,1.3242258558940043,0.01
3083,126.11325625699595,74,1,0,0,1.4123804342182058,0.01
3084,257.72621157006563,71,1,0,0,1.4397510839360663,0.01
3085,166.58456894664715,24,1,0,0,1.3286113446214503,0.01
3086,241.29573121062006,61,1,0,0,1.4979087369789232,0.01
3087,215.05386665631679,41,1,0,0,1.269658154845732,0.01
3088,172.7193259604628,21,1,0,0,1.440446991674333,0.01
3089,197.4603375097124,29,1,0,0,1.3867634365128696,0.01
3090,234.27349048666528,37,1,0,0,1.296039838180225,0.01
3091,170.80935600097308,26,1,0,0,1.451626272357435,0.01
3092,180.98397819962878,22,1,0,0,1.4002336354428553,0.01
3093,198.69302574792562,40,1,0,0,1.2774809740121615,0.01
3094,173.6004383015278,24,1,0,0,1.4383512500762514,0.01
3095,157.15659370883031,19,1,0,0,1.293160789462047,0.01
3096,111.5409011727364,4,1,0,0,1.3448798579471175,0.01
3097,202.28389785981034,36,1,0,0,1.3362639195042039,0.01
3098,215.5458927383297,33,1,0,0,1.4758585961323856,0.01
3099,174.15114256820357,24,1,0,0,1.3595853121000068,0.01
3100,170.12387397480734,23,1,0,0,1.4015935924563734,0.01
3101,245.82790603433673,57,1,0,0,1.4855782902075196,0.01
3102,158.52094454158566,19,1,0,0,1.2658915373041812,0.01
3103,145.14775352049006,16,1,0,0,1.3114727026929318,0.01
3104,173.84932219049813,24,1,0,0,1.4733918669604278,0.01
3105,188.06373250006925,27,1,0,0,1.2713856225299407,0.01
3106,158.8907476157442,21,1,0,0,1.2062255097437786,0.01
3107,201.73005817619628,27,1,0,0,1.3569461204089923,0.01
3108,180.61468759752515,23,1,0,0,1.4017994636598945,0.01
3109,219.77038210494186,37,1,0,0,1.4127267176956377,0.01
3110,215.70828210809577,30,1,0,0,1.318060482990617,0.01
3111,168.27569385722154,21,1,0,0,1.4378615417714473,0.01
3112,157.9826981598032,21,1,0,0,1.410077216657599,0.01
3113,192.04664310442834,25,1,0,0,1.2272906568791215,0.01
3114,206.55470558069734,23,1,0,0,1.4636724640869654,0.01
3115,166.4695941960735,21,1,0,0,1.2615125701653855,0.01
3116,164.84756197933453,23,1,0,0,1.3291895549068016,0.01
3117,80.63123969562956,200,0,0,1,3.7750236382002367,0.01
3118,177.86568634071128,22,1,0,0,1.3027508384690412,0.01
3119,170.60807134089754,25,1,0,0,1.475511554124706,0.01
3120,187.48478756026108,23,1,0,0,1.2531896064836507,0.01
3121,122.28220502908613,8,1,0,0,1.3903727810235178,0.01
3122,18.447731035559265,200,0,0,1,1.9001901218265058,0.01
3123,230.95320920837975,46,1,0,0,1.3061591142326252,0.01
3124,202.95481272416868,24,1,0,0,1.1535024614988512,0.01
3125,213.94297676459445,38,1,0,0,1.4782061547254342,0.01
3126,127.24481593212602,9,1,0,0,1.423416551928085,0.01
3127,227.22755828393787,44,1,0,0,1.481790450949742,0.01
3128,160.01911442979906,23,1,0,0,1.3438454338567898,0.01
3129,198.29682495655163,23,1,0,0,1.2928661126281158,0.01
3130,219.2164028002715,33,1,0,0,1.4709170542498102,0.01
3131,100.0,1,1,0,0,1.4462840954921126,0.01
3132,179.99742591050423,27,1,0,0,1.4043408975798304,0.01
3133,164.1945022418518,18,1,0,0,1.2720403064114911,0.01
3134,207.91462713353914,29,1,0,0,1.3188356212405659,0.01
3135,30.747150176608905,200,0,0,1,2.1396163951246545,0.01
3136,190.4528485180735,28,1,0,0,1.293723616523354,0.01
3137,158.34654501277387,18,1,0,0,1.4097261171374882,0.01
3138,180.87015612192351,21,1,0,0,1.2818002815834297,0.01
3139,208.84649310825085,31,1,0,0,1.2657966885782295,0.01
3140,191.73345624056367,25,1,0,0,1.337289265093316,0.01
3141,197.88192086598195,34,1,0,0,1.3216896188802634,0.01
3142,164.33313506910747,22,1,0,0,1.3957355901747754,0.01
3143,-50.0,1,0,1,0,5.533842315733275,0.01
3144,172.94768876863833,23,1,0,0,1.4289574049679672,0.01
3145,150.2177098119416,15,1,0,0,1.3869422320882667,0.01
3146,205.1524913795659,28,1,0,0,1.234333685454275,0.01
3147,109.56650442173546,4,1,0,0,1.3902492311522745,0.01
3148,153.20102774342593,18,1,0,0,1.4791535095327184,0.01
3149,133.3442472201492,10,1,0,0,1.4573755306381333,0.01
3150,186.23523989089122,25,1,0,0,1.4631659093818252,0.01
3151,184.486772158022,24,1,0,0,1.310749352566712,0.01
3152,166.84027273846698,21,1,0,0,1.3079678775932624,0.01
3153,161.27875342157506,19,1,0,0,1.3155976264220173,0.01
3154,133.03353818820952,23,1,0,0,1.354996964244226,0.01
3155,209.86354549590126,37,1,0,0,1.2565150049067086,0.01
3156,170.74243779614585,23,1,0,0,1.2631045812631094,0.01
3157,143.01900545258712,25,1,0,0,1.412797637405413,0.01
3158,176.32822555273532,23,1,0,0,1.4349491003642985,0.01
3159,169.13742259271612,23,1,0,0,1.4281391047825551,0.01
3160,143.47576596430966,14,1,0,0,1.2188913619856654,0.01
3161,200.4178045681051,59,1,0,0,1.4983295199915718,0.01
3162,160.46105164467272,23,1,0,0,1.4388925737033706,0.01
3163,130.7998237898315,13,1,0,0,1.3979204646942718,0.01
3164,169.04936302318276,24,1,0,0,1.4114543927895087,0.01
3165,224.69244836785666,69,1,0,0,1.484940558117567,0.01
3166,131.5338613939673,15,1,0,0,1.1926311692679743,0.01
3167,185.241150010565,24,1,0,0,1.2435885268104994,0.01
3168,192.63000311152612,24,1,0,0,1.3949889104314461,0.01
3169,211.14763541816313,36,1,0,0,1.2865152001933193,0.01
3170,199.20610977447984,31,1,0,0,1.2375662985297338,0.01
3171,202.48832009812594,33,1,0,0,1.4266518071912897,0.01
3172,171.90963909943798,21,1,0,0,1.278806556659028,0.01
3173,176.36802403223487,22,1,0,0,1.32942503914405,0.01
3174,159.4238289780845,24,1,0,0,1.4397181669758845,0.01
3175,170.40822158022485,22,1,0,0,1.2514273964135125,0.01
3176,184.06427586652984,26,1,0,0,1.3657293168443576,0.01
3177,160.64500132605133,22,1,0,0,1.3522510172105122,0.01
3178,204.17276008720768,38,1,0,0,1.3552294425918212,0.01
3179,238.6887982060434,48,1,0,0,1.3490133215045366,0.01
3180,166.42630100916693,20,1,0,0,1.4851927447146247,0.01
3181,167.0581074547418,24,1,0,0,1.406139853092075,0.01
3182,149.86421867761044,19,1,0,0,1.4548010284379798,0.01
3183,123.01587491768349,8,1,0,0,1.4573698299388826,0.01
3184,180.1919998841998,23,1,0,0,1.2918307522719066,0.01
3185,186.4979963665885,21,1,0,0,1.2401363245724784,0.01
3186,174.626121539941,19,1,0,0,1.0694577138818355,0.01
3187,121.87937660070912,18,1,0,0,1.2678696808029044,0.01
3188,115.95899963219634,18,1,0,0,1.3667975899171207,0.01
3189,156.6439584323164,15,1,0,0,1.4871535967166922,0.01
3190,176.21744041387666,19,1,0,0,1.2151016913282675,0.01
3191,171.21636770584564,19,1,0,0,1.4581086259110798,0.01
3192,184.78327698390223,21,1,0,0,1.2178868730684036,0.01
3193,174.79736875504665,20,1,0,0,1.3302944221488118,0.01
3194,173.9505828512005,23,1,0,0,1.4064080163536061,0.01
3195,167.33258687052634,19,1,0,0,1.3111847384434012,0.01
3196,176.66568641997782,19,1,0,0,1.3312273898790954,0.01
3197,228.35292236455663,39,1,0,0,1.4963482264687364,0.01
3198,205.27497382140268,24,1,0,0,1.1986437334983329,0.01
3199,176.28601917283095,26,1,0,0,1.2878931228290398,0.01
3200,209.0257362375556,29,1,0,0,1.2717393611871834,0.01
3201,148.5335384108481,17,1,0,0,1.27908641531849,0.01
3202,185.52914462361053,22,1,0,0,1.0431268232707074,0.01
3203,160.68495678660383,19,1,0,0,1.2688402828527372,0.01
3204,179.873371124009,20,1,0,0,1.2354874121927921,0.01
3205,143.70152326754928,12,1,0,0,1.2617989260842064,0.01
3206,245.05068961539763,49,1,0,0,1.3318729202885573,0.01
3207,155.66282767853704,18,1,0,0,1.4374372312899282,0.01
3208,235.15511163283276,44,1,0,0,1.4548200820743253,0.01
3209,138.56667425804062,14,1,0,0,1.233684407219296,0.01
3210,214.9603537452459,38,1,0,0,1.4522977807749677,0.01
3211,130.22296479089218,11,1,0,0,1.486955576164413,0.01
3212,160.76643292084577,29,1,0,0,1.4121473408046572,0.01
3213,213.64857446762414,35,1,0,0,1.340231812089603,0.01
3214,149.55705572502904,14,1,0,0,1.0635481054485614,0.01
3215,179.3819600778403,24,1,0,0,1.4016318167897017,0.01
3216,181.75042234574641,27,1,0,0,1.3415071482651122,0.01
3217,136.79715239411155,14,1,0,0,1.1590589995870522,0.01
3218,186.89670862454443,24,1,0,0,1.3359797531131252,0.01
3219,166.60989142965653,26,1,0,0,1.2428064900263711,0.01
3220,182.30582795932165,20,1,0,0,1.431243937995484,0.01
3221,174.96519525999727,26,1,0,0,1.2461724804908727,0.01
3222,27.810278275832236,200,0,0,1,2.7492099727776362,0.01
3223,145.8364939434591,14,1,0,0,1.2914599147388028,0.01
3224,167.91240725088397,18,1,0,0,1.3408680553738381,0.01
3225,114.4670997324615,9,1,0,0,1.4229814941219545,0.01
3226,139.00868692377918,19,1,0,0,1.364205609577055,0.01
3227,46.071260868836546,200,0,0,1,2.3981767118964044,0.01
3228,158.30780740888713,26,1,0,0,1.4695242145759133,0.01
3229,175.2905205448718,23,1,0,0,1.4286487815600526,0.01
3230,169.1906089272344,29,1,0,0,1.3569580163813486,0.01
3231,182.08701310170326,27,1,0,0,1.2445603663489468,0.01
3232,246.1599413362327,44,1,0,0,1.4085421521229395,0.01
3233,195.63578407774366,25,1,0,0,1.108609669981717,0.01
3234,196.31374671535792,26,1,0,0,1.3770833482374065,0.01
3235,161.88224786853408,43,1,0,0,1.4818546967664947,0.01
3236,191.24564735370157,32,1,0,0,1.3713932505030415,0.01
3237,182.75638818728498,32,1,0,0,1.386813671917258,0.01
3238,227.52316650760721,40,1,0,0,1.4960525067714403,0.01
3239,126.11102275821088,16,1,0,0,1.3752170375600867,0.01
3240,197.63269069503227,31,1,0,0,1.3979870205354046,0.01
3241,117.00297773535105,12,1,0,0,1.3648329270017758,0.01
3242,184.77372476926976,27,1,0,0,1.304336615206148,0.01
3243,144.29273144389583,14,1,0,0,1.4919900684779974,0.01
3244,164.71488611754563,23,1,0,0,1.0907609104059033,0.01
3245,164.4575455773185,22,1,0,0,1.4452560363804303,0.01
3246,149.9207198135468,16,1,0,0,1.1952215747383423,0.01
3247,168.71586295640918,18,1,0,0,1.3027413030493553,0.01
3248,125.75196500517788,11,1,0,0,1.4527968234938355,0.01
3249,147.5608367231408,31,1,0,0,1.4883803020285733,0.01
3250,162.05463415417717,20,1,0,0,1.441177950688083,0.01
3251,171.99484456202617,26,1,0,0,1.4157058203559383,0.01
3252,132.26569976240395,11,1,0,0,1.325574509702636,0.01
3253,173.0786479230287,19,1,0,0,1.3263118021267561,0.01
3254,144.61043248857345,16,1,0,0,1.2223061655910519,0.01
3255,137.33810934779433,22,1,0,0,1.2790301027949582,0.01
3256,207.41759147306772,41,1,0,0,1.2975655621411974,0.01
3257,163.45526856809448,27,1,0,0,1.2955004222810855,0.01
3258,156.67073780772577,17,1,0,0,1.2355195713094431,0.01
3259,158.17624002292482,35,1,0,0,1.4207558567025473,0.01
3260,167.94546920809987,23,1,0,0,1.4254259949447237,0.01
3261,208.59578996633067,32,1,0,0,1.4462958869000133,0.01
3262,-50.0,1,0,1,0,5.3352566768833425,0.01
3263,139.25015104771987,25,1,0,0,1.4844102074545815,0.01
3264,154.13605589979625,17,1,0,0,1.4628625936161574,0.01
3265,179.98509615082406,26,1,0,0,1.3936017574066086,0.01
3266,144.081988595471,25,1,0,0,1.3436952969430682,0.01
3267,-50.0,1,0,1,0,6.525493042003075,0.01
3268,198.00789837232924,30,1,0,0,1.368331843950827,0.01
3269,192.690563273397,25,1,0,0,1.4011900594740845,0.01
3270,115.67364174880113,8,1,0,0,1.2404111433321217,0.01
3271,136.7113600198706,11,1,0,0,1.2757375872023344,0.01
3272,192.56349594324195,20,1,0,0,1.4477802207838115,0.01
3273,136.42369239141618,12,1,0,0,1.3702693716922367,0.01
3274,157.45403758936166,26,1,0,0,1.3575483857667665,0.01
3275,190.56366443052784,28,1,0,0,1.2883376556691937,0.01
3276,171.96482575379295,20,1,0,0,1.1850775992587512,0.01
3277,168.39460455076397,18,1,0,0,1.4461027901264583,0.01
3278,147.08376613764693,19,1,0,0,1.442158085967863,0.01
3279,173.64866749660138,22,1,0,0,1.3145477471874318,0.01
3280,189.73046774225156,24,1,0,0,1.2749452747481218,0.01
3281,145.5315862971332,13,1,0,0,1.3193831428933642,0.01
3282,163.69607537428277,19,1,0,0,1.12383974383974,0.01
3283,188.90619400421394,32,1,0,0,1.2562586158474303,0.01
3284,177.12914922751503,23,1,0,0,1.4846599122636308,0.01
3285,123.52305480171876,12,1,0,0,1.4738053043169732,0.01
3286,189.59876237732828,24,1,0,0,1.448553147762826,0.01
3287,144.02424175916894,17,1,0,0,1.4412571363014663,0.01
3288,232.8999514980109,44,1,0,0,1.4367884196032545,0.01
3289,159.37260613423007,20,1,0,0,1.4738097953287272,0.01
3290,149.91612124087803,22,1,0,0,1.437969787422021,0.01
3291,173.47639467011408,22,1,0,0,1.3415072888626118,0.01
3292,166.26317756598024,20,1,0,0,1.4792878555889895,0.01
3293,158.99552342804327,26,1,0,0,1.4759740190432737,0.01
3294,-1.8233111290066741,200,0,0,1,2.345765170250186,0.01
3295,179.1299669262262,22,1,0,0,1.4688925929727967,0.01
3296,184.41312068538093,27,1,0,0,1.3037687980561483,0.01
3297,138.92003724982698,18,1,0,0,1.4727218111497233,0.01
3298,164.09596216671204,19,1,0,0,1.3623506607269424,0.01
3299,137.26012400016117,15,1,0,0,1.2674487752711223,0.01
3300,157.43094276020366,18,1,0,0,1.2963133483367546,0.01
3301,225.45799953933903,43,1,0,0,1.4962464505298587,0.01
3302,149.87485378031596,18,1,0,0,1.3173302819747383,0.01
3303,184.3088673748336,22,1,0,0,1.2116551837801595,0.01
3304,-50.0,1,0,1,0,3.528710614778716,0.01
3305,210.32690847498546,37,1,0,0,1.3607648622774178,0.01
3306,146.43431124353688,12,1,0,0,1.386463693647809,0.01
3307,158.11971196321036,20,1,0,0,1.3311622447880156,0.01
3308,163.08592160755632,23,1,0,0,1.292923774662561,0.01
3309,158.18785619334315,17,1,0,0,1.3763366419731855,0.01
3310,203.250244580046,32,1,0,0,1.4150370625642297,0.01
3311,154.59577297837308,21,1,0,0,1.4710788293472083,0.01
3312,148.02411613825612,13,1,0,0,1.2973920746421044,0.01
3313,176.36294630754628,26,1,0,0,1.2863223096171041,0.01
3314,138.3065608583373,11,1,0,0,1.3512634606447091,0.01
3315,158.60604199562442,19,1,0,0,1.2372134479454813,0.01
3316,173.46886198849194,28,1,0,0,1.481683554316872,0.01
3317,220.94622533438053,42,1,0,0,1.465454356161428,0.01
3318,215.74759947418067,42,1,0,0,1.36874905806592,0.01
3319,160.51986059629166,18,1,0,0,1.4537548587676614,0.01
3320,174.8445985440247,34,1,0,0,1.4341576876244129,0.01
3321,-50.0,1,0,1,0,4.223391009535353,0.01
3322,-50.0,1,0,1,0,6.6129811905006575,0.01
3323,152.13211969685466,22,1,0,0,1.3057513227744648,0.01
3324,148.94199193579135,22,1,0,0,1.2721276363957679,0.01
3325,168.8982165522678,24,1,0,0,1.2215247542535537,0.01
3326,152.10211618746186,15,1,0,0,1.3778351446752042,0.01
3327,177.87849716348936,22,1,0,0,1.3594871144107572,0.01
3328,191.59434054228302,31,1,0,0,1.3920745344403105,0.01
3329,184.07208835771957,22,1,0,0,1.326122779741848,0.01
3330,152.94761052759034,17,1,0,0,1.4240686516275818,0.01
3331,183.57817174147635,23,1,0,0,1.4264979014276928,0.01
3332,128.2818230722943,10,1,0,0,1.48385199691533,0.01
3333,197.73412506223605,28,1,0,0,1.4571239952546877,0.01
3334,151.58002641228705,15,1,0,0,1.321043237878248,0.01
3335,131.6329887500282,27,1,0,0,1.4972404464853832,0.01
3336,137.07637963524368,10,1,0,0,1.202935866497874,0.01
3337,192.75149510059242,26,1,0,0,1.4711217977604114,0.01
3338,202.91087268342628,23,1,0,0,1.3533122923045575,0.01
3339,173.26108778417353,19,1,0,0,1.4649879437004203,0.01
3340,116.49652290300796,15,1,0,0,1.3348843629598306,0.01
3341,170.59638219495557,22,1,0,0,1.4137632514777332,0.01
3342,143.03146758598413,27,1,0,0,1.4879681995388025,0.01
3343,176.98383492488657,31,1,0,0,1.4280416557101108,0.01
3344,174.67385412252614,24,1,0,0,1.1975696770563793,0.01
3345,258.74950859527405,47,1,0,0,1.3959383800404597,0.01
3346,186.60452479997724,22,1,0,0,1.178428221734628,0.01
3347,190.28007489999192,23,1,0,0,1.3934407488352019,0.01
3348,147.84828438761747,22,1,0,0,1.2941430963766012,0.01
3349,175.0774087669929,26,1,0,0,1.1015450497319543,0.01
3350,166.8180151413768,17,1,0,0,1.4354604106074884,0.01
3351,194.48429888282845,28,1,0,0,1.3831236137294702,0.01
3352,136.57112628136736,19,1,0,0,1.2411178912767766,0.01
3353,164.3454076547863,21,1,0,0,1.3372915601992608,0.01
3354,217.7810090739669,43,1,0,0,1.1881267694219209,0.01
3355,184.80590366134265,32,1,0,0,1.3921751287470512,0.01
3356,106.99277887183142,3,1,0,0,1.429439052206011,0.01
3357,152.96181966135362,14,1,0,0,1.3861775242422634,0.01
3358,182.30745335704574,28,1,0,0,1.3233473131154971,0.01
3359,233.87332218613764,42,1,0,0,1.3311429551206404,0.01
3360,172.5867612478438,23,1,0,0,1.311359764110344,0.01
3361,179.22276980585696,26,1,0,0,1.1550266089899266,0.01
3362,168.55548335921094,17,1,0,0,1.438695714826876,0.01
3363,166.84121325746707,25,1,0,0,1.3047176118682247,0.01
3364,219.35273764743744,27,1,0,0,1.1005708448839704,0.01
3365,177.06104902348454,25,1,0,0,1.2028529217062363,0.01
3366,118.22196050249954,8,1,0,0,1.2763706504924244,0.01
3367,141.40195897449826,16,1,0,0,1.1765485971210043,0.01
3368,144.54464473522802,13,1,0,0,1.3571979504249412,0.01
3369,184.22373514502883,27,1,0,0,1.4666969328744472,0.01
3370,194.61425211981395,31,1,0,0,1.237102910115847,0.01
3371,152.78129000570934,19,1,0,0,1.3410173444389712,0.01
3372,159.52990417959973,26,1,0,0,1.3980970186945678,0.01
3373,198.63471597067064,30,1,0,0,1.422491224047961,0.01
3374,140.61624647335918,18,1,0,0,1.4620796960246003,0.01
3375,129.1574698746776,11,1,0,0,1.4540829093271705,0.01
3376,164.8255886287597,19,1,0,0,1.4962832913692459,0.01
3377,154.51289145848543,13,1,0,0,1.0988145914400615,0.01
3378,196.62918464638156,22,1,0,0,1.4898563275128682,0.01
3379,237.26485510224293,47,1,0,0,1.3096317928396115,0.01
3380,177.84536311314807,21,1,0,0,1.3564610894601787,0.01
3381,116.42130055470648,9,1,0,0,1.386818558468106,0.01
3382,195.04554376212553,26,1,0,0,1.471567894050457,0.01
3383,150.79510275305375,14,1,0,0,1.2420322282907692,0.01
3384,234.88561921779197,41,1,0,0,1.4221937940079004,0.01
3385,171.3671532263326,31,1,0,0,1.2916102944946002,0.01
3386,241.9422229090943,43,1,0,0,1.4005011341377493,0.01
3387,138.2014451992952,12,1,0,0,1.3021643801664458,0.01
3388,174.3948930209154,23,1,0,0,1.3981469372299657,0.01
3389,166.26828776495927,22,1,0,0,1.4634189405608038,0.01
3390,206.23749421220558,35,1,0,0,1.4794920928104938,0.01
3391,166.4494354739952,23,1,0,0,1.2722846475239828,0.01
3392,158.9223119057081,17,1,0,0,1.3977415740444072,0.01
3393,193.38406304312485,34,1,0,0,1.2570525137087338,0.01
3394,159.99301004396602,21,1,0,0,1.4640141779094857,0.01
3395,204.55409542099147,34,1,0,0,1.4991027794712946,0.01
3396,140.3808918440393,14,1,0,0,1.2518480827821594,0.01
3397,197.39668212443343,24,1,0,0,1.4251507612418857,0.01
3398,171.39309272275256,24,1,0,0,1.3513836271220536,0.01
3399,171.19534001254203,21,1,0,0,1.3263694517227904,0.01
3400,167.73112264122605,22,1,0,0,1.3348768773227762,0.01
3401,140.4179369571707,12,1,0,0,1.359662957512328,0.01
3402,233.16161609868638,48,1,0,0,1.3620428207589965,0.01
3403,98.96255781727612,4,1,0,0,1.352030354503988,0.01
3404,176.43390567177468,23,1,0,0,1.4670455185948494,0.01
3405,178.02906820124025,19,1,0,0,1.2052344995950286,0.01
3406,168.21550882804183,16,1,0,0,1.3374061747170454,0.01
3407,147.20402813914558,14,1,0,0,1.4344640855587896,0.01
3408,99.35184668785406,29,1,0,0,1.4635940341367044,0.01
3409,156.63916115830636,15,1,0,0,1.1819128512814292,0.01
3410,116.09634242088084,5,1,0,0,1.2318151218424493,0.01
3411,187.55195388428598,24,1,0,0,1.4384683396354412,0.01
3412,176.20266701898782,22,1,0,0,1.4584495701873907,0.01
3413,168.684917064037,21,1,0,0,1.1175736020892066,0.01
3414,173.81161580612974,22,1,0,0,1.303758842720617,0.01
3415,183.80083183755454,27,1,0,0,1.4620853308083115,0.01
3416,133.26938073137984,14,1,0,0,1.2219715388574446,0.01
3417,157.65839778356616,18,1,0,0,1.3926368631774757,0.01
3418,201.5341844270465,36,1,0,0,1.3882866783287688,0.01
3419,154.5388428732799,25,1,0,0,1.4737006400816002,0.01
3420,200.50770491576895,26,1,0,0,1.3127990847636857,0.01
3421,137.29648850510873,26,1,0,0,1.4193668526700685,0.01
3422,195.8448680705335,30,1,0,0,1.4041478348225584,0.01
3423,169.97375341688024,27,1,0,0,1.3955162509258432,0.01
3424,169.59168804374656,22,1,0,0,1.3492963719253157,0.01
3425,235.89937443735545,36,1,0,0,1.4990592472596707,0.01
3426,176.4081132587167,24,1,0,0,1.3284240554318218,0.01
3427,236.5266419941014,49,1,0,0,1.468653633900637,0.01
3428,148.97353964101623,22,1,0,0,1.2064903589216298,0.01
3429,168.56844867142496,22,1,0,0,1.4567323122724343,0.01
3430,176.68706149770338,20,1,0,0,1.378373846804667,0.01
3431,-50.0,1,0,1,0,4.67385813287965,0.01
3432,158.2693377366126,17,1,0,0,1.3568302159702048,0.01
3433,230.171717776218,40,1,0,0,1.2842570287894068,0.01
3434,177.0195347910327,22,1,0,0,1.3282926717645929,0.01
3435,129.8604986518106,11,1,0,0,1.4771627227153907,0.01
3436,185.41496115584312,22,1,0,0,1.4712623127002207,0.01
3437,172.38699152366914,22,1,0,0,1.498440140882091,0.01
3438,161.49851657105478,15,1,0,0,1.2334449769023113,0.01
3439,132.30692372181386,14,1,0,0,1.3216345347300942,0.01
3440,172.62040576734017,26,1,0,0,1.2655840897820902,0.01
3441,229.6886303889499,40,1,0,0,1.2122313970237988,0.01
3442,135.1849475517529,12,1,0,0,1.4200751232308657,0.01
3443,172.03181847292836,25,1,0,0,1.2444606397940048,0.01
3444,230.54821096588338,42,1,0,0,1.4362915143874257,0.01
3445,206.3587431679438,31,1,0,0,1.2959035125983027,0.01
3446,182.7128809376548,28,1,0,0,1.381545406190616,0.01
3447,177.14422651619742,30,1,0,0,1.4266385249220765,0.01
3448,165.60932767236932,19,1,0,0,1.4520276500461835,0.01
3449,166.20330267166207,20,1,0,0,1.274001671179511,0.01
3450,192.31475482604193,25,1,0,0,1.2257885682048868,0.01
3451,155.58806695437886,18,1,0,0,1.4506275122291719,0.01
3452,226.31334439676567,38,1,0,0,1.2253608433200638,0.01
3453,217.4733394827055,34,1,0,0,1.2940744211359867,0.01
3454,144.0137580754834,12,1,0,0,1.4896017632941492,0.01
3455,159.9007405987863,24,1,0,0,1.306358120991707,0.01
3456,162.89217398268465,19,1,0,0,1.3283832025335984,0.01
3457,190.46838160578682,30,1,0,0,1.4498187231307995,0.01
3458,161.80225421275782,21,1,0,0,1.2559058750496574,0.01
3459,192.75916023977652,25,1,0,0,1.3483220853903504,0.01
3460,155.21735793672133,19,1,0,0,1.4589531659369837,0.01
3461,200.52118035270075,28,1,0,0,1.3866797387785619,0.01
3462,186.2716960508255,24,1,0,0,1.224124037502935,0.01
3463,177.87686947524753,33,1,0,0,1.483461270604331,0.01
3464,105.19039736227828,5,1,0,0,1.429896614403329,0.01
3465,143.18726462531563,24,1,0,0,1.2599017189938082,0.01
3466,141.61436895110904,16,1,0,0,1.469527999112544,0.01
3467,165.3555957680315,18,1,0,0,1.3679386708382957,0.01
3468,166.279866304896,30,1,0,0,1.1993577997741112,0.01
3469,141.20325001566795,17,1,0,0,1.4241128002095287,0.01
3470,178.75217422342376,25,1,0,0,1.108193269721813,0.01
3471,145.21834201312333,16,1,0,0,1.3345890458191243,0.01
3472,164.38101294100517,20,1,0,0,1.465494834705297,0.01
3473,178.79697764331536,26,1,0,0,1.4928352244312098,0.01
3474,184.94416496026616,23,1,0,0,1.407733856440316,0.01
3475,147.51479088919803,14,1,0,0,1.466460703864741,0.01
3476,185.72094413520347,27,1,0,0,1.1257942869153392,0.01
3477,220.0428025400671,56,1,0,0,1.4991043499294132,0.01
3478,167.55072761176245,20,1,0,0,1.361975518005479,0.01
3479,145.95042381651777,18,1,0,0,1.4022398035445696,0.01
3480,138.7963156736999,13,1,0,0,1.4761469401926135,0.01
3481,-50.0,1,0,1,0,4.1760388607114125,0.01
3482,163.9189140738955,19,1,0,0,1.437128174901935,0.01
3483,170.94000331162172,25,1,0,0,1.3111343550134749,0.01
3484,185.41701305646177,27,1,0,0,1.2946111681880856,0.01
3485,157.53691690657243,17,1,0,0,1.3317677795113934,0.01
3486,190.95998984553685,24,1,0,0,1.4228904423859394,0.01
3487,142.8666428148344,19,1,0,0,1.3235070631323507,0.01
3488,177.0721285589218,23,1,0,0,1.0848192457555796,0.01
3489,152.7539900618291,31,1,0,0,1.2732148091779814,0.01
3490,192.5647364318723,28,1,0,0,1.1414697982844177,0.01
3491,-50.0,1,0,1,0,3.0496607266096287,0.01
3492,151.72079777812044,17,1,0,0,1.1138431559270856,0.01
3493,228.9916895565594,37,1,0,0,1.3484963929235319,0.01
3494,157.40253275075338,21,1,0,0,1.383088766541107,0.01
3495,156.8246544420807,24,1,0,0,1.3172996048395595,0.01
3496,186.98905130659466,22,1,0,0,1.3744703028941199,0.01
3497,177.87319970395123,22,1,0,0,1.3640516084628467,0.01
3498,156.00385381406574,22,1,0,0,1.4748363413207728,0.01
3499,167.91788297797143,22,1,0,0,1.4651710464850554,0.01
3500,144.42459264651615,20,1,0,0,1.49450432034844,0.01
3501,158.41475069440745,19,1,0,0,1.2115294464424136,0.01
3502,196.23611102096797,28,1,0,0,1.3973876326498578,0.01
3503,175.4337905805272,28,1,0,0,1.2081506310322327,0.01
3504,193.88909869525799,21,1,0,0,1.1438830196720036,0.01
3505,192.9075464969057,33,1,0,0,1.3975169253611472,0.01
3506,166.67728602999898,23,1,0,0,1.3207057671575335,0.01
3507,138.24695444802023,105,1,0,0,1.4036016224705212,0.01
3508,181.2514470910437,28,1,0,0,1.4812087040532937,0.01
3509,143.1136794999427,19,1,0,0,1.4021012204750003,0.01
3510,163.21333693181074,18,1,0,0,1.3374959605156318,0.01
3511,137.61445157465346,11,1,0,0,1.444856438896985,0.01
3512,147.00426761479147,13,1,0,0,1.3684205504485145,0.01
3513,232.03837891606145,45,1,0,0,1.3853480548487986,0.01
3514,145.3167588863557,15,1,0,0,1.2815947091908366,0.01
3515,162.37142421925125,17,1,0,0,1.323911599385494,0.01
3516,186.10117267381736,26,1,0,0,1.4174561683594724,0.01
3517,212.26722614892165,36,1,0,0,1.4032987867138698,0.01
3518,159.2547850074812,17,1,0,0,1.1812794844241932,0.01
3519,180.45088820407827,26,1,0,0,1.1981289107345383,0.01
3520,166.12578066187393,18,1,0,0,1.2373178934878521,0.01
3521,162.99631638999688,30,1,0,0,1.4843450100617575,0.01
3522,136.518006518134,11,1,0,0,1.4900197705608016,0.01
3523,141.90377636500227,19,1,0,0,1.0789489600471778,0.01
3524,283.85296047465386,64,1,0,0,1.4828748249245853,0.01
3525,271.53059554584786,58,1,0,0,1.4788608737166677,0.01
3526,162.69171434055016,17,1,0,0,1.1550071483923203,0.01
3527,193.91040908493312,23,1,0,0,1.4442075638275444,0.01
3528,171.13003918652632,21,1,0,0,1.3243546074853128,0.01
3529,169.32287114808463,18,1,0,0,1.3346978613825917,0.01
3530,156.03322958749516,26,1,0,0,1.4900530622244315,0.01
3531,136.42700756606257,13,1,0,0,1.3873946047889254,0.01
3532,200.48633321636225,29,1,0,0,1.3442567682212962,0.01
3533,165.72230466512661,17,1,0,0,1.4636074140875064,0.01
3534,233.79024795081912,38,1,0,0,1.4468302092532601,0.01
3535,133.1472862657714,11,1,0,0,1.3253965462402717,0.01
3536,177.58842345268778,27,1,0,0,1.4484244105556756,0.01
3537,183.11155005324494,22,1,0,0,1.1749447779933186,0.01
3538,129.74362785518926,12,1,0,0,1.3187612684052386,0.01
3539,181.45709322983828,19,1,0,0,1.2112945994432749,0.01
3540,155.27004700343895,15,1,0,0,1.3736650625236213,0.01
3541,162.44804396084868,24,1,0,0,1.4852523668183362,0.01
3542,181.5259133458061,22,1,0,0,1.3475814889286768,0.01
3543,167.55765279624285,21,1,0,0,1.2637894522486055,0.01
3544,212.6792994163825,30,1,0,0,1.4520058957953859,0.01
3545,141.05194241667292,13,1,0,0,1.3079081461596658,0.01
3546,184.6786314223463,28,1,0,0,1.3773900796831935,0.01
3547,155.8531389335769,26,1,0,0,1.4483370533836908,0.01
3548,164.7831586926082,28,1,0,0,1.468425677480317,0.01
3549,138.10735282917906,15,1,0,0,1.2771731208478965,0.01
3550,170.12426378218152,22,1,0,0,1.4254070529342693,0.01
3551,147.92930528161114,19,1,0,0,1.455749616788298,0.01
3552,171.14139080490673,24,1,0,0,1.405673472020861,0.01
3553,133.36637150834935,12,1,0,0,1.1723311674130303,0.01
3554,213.37614671407016,40,1,0,0,1.3406835296980826,0.01
3555,160.58003640670435,22,1,0,0,1.4984092962583884,0.01
3556,119.20473649890548,9,1,0,0,1.2013887934358447,0.01
3557,161.47857761484593,27,1,0,0,1.3783486768788127,0.01
3558,177.97054981137896,53,1,0,0,1.310392526187398,0.01
3559,201.31007271355264,28,1,0,0,1.4948854896608195,0.01
3560,149.28321033358736,16,1,0,0,1.3149482549314357,0.01
3561,149.1953493186106,20,1,0,0,1.1711298784485278,0.01
3562,125.10732460819789,13,1,0,0,1.324323130838444,0.01
3563,107.57148346734803,7,1,0,0,1.417281318239948,0.01
3564,229.8728475510305,39,1,0,0,1.3938714427712797,0.01
3565,203.9503238771494,25,1,0,0,1.369457704384582,0.01
3566,160.37210980873832,20,1,0,0,1.2702716788787305,0.01
3567,181.00491891282894,25,1,0,0,1.235741039039033,0.01
3568,254.26360746596163,54,1,0,0,1.4815732859932917,0.01
3569,143.30843797035945,19,1,0,0,1.2906202605510313,0.01
3570,148.9398626649015,13,1,0,0,1.2866015515372455,0.01
3571,120.98437977035039,20,1,0,0,1.428928048712343,0.01
3572,197.63136197889713,32,1,0,0,1.4820250884632973,0.01
3573,184.61160141706299,30,1,0,0,1.3592409564900232,0.01
3574,207.0277669362731,32,1,0,0,1.236534918869619,0.01
3575,211.98593240092987,35,1,0,0,1.382108638381432,0.01
3576,133.88767665150596,18,1,0,0,1.383691493623089,0.01
3577,175.61997637280226,24,1,0,0,1.3124931734587086,0.01
3578,116.88306647144569,6,1,0,0,1.4342062876607886,0.01
3579,189.49488684371784,26,1,0,0,1.4838249035097555,0.01
3580,152.9164647273381,18,1,0,0,1.2576312238780551,0.01
3581,-50.0,1,0,1,0,3.9950485580044197,0.01
3582,157.74533541580897,24,1,0,0,1.3221884301151254,0.01
3583,105.33674508252275,4,1,0,0,1.166934333262584,0.01
3584,161.60429785676166,19,1,0,0,1.3051305450618336,0.01
3585,198.61847903051142,28,1,0,0,1.2230996960904548,0.01
3586,168.96903754488005,22,1,0,0,1.251288354535528,0.01
3587,159.29161486022872,18,1,0,0,1.2231428965875746,0.01
3588,154.19446544787394,21,1,0,0,1.372039239265478,0.01
3589,151.14363460685934,19,1,0,0,1.4734507292209489,0.01
3590,-32.83014658415343,200,0,0,1,2.646091645196496,0.01
3591,163.20089189395895,22,1,0,0,1.4166780468331286,0.01
3592,162.94102737294455,27,1,0,0,1.4758669679946435,0.01
3593,143.02376201534946,14,1,0,0,1.4004028984439751,0.01
3594,216.85346381279948,35,1,0,0,1.2927389510627176,0.01
3595,206.9096797219351,31,1,0,0,1.4572274612345373,0.01
3596,163.34351933810697,22,1,0,0,1.495950698929771,0.01
3597,146.7355145924199,18,1,0,0,1.348799143969896,0.01
3598,127.75363772112402,12,1,0,0,1.4814608395203666,0.01
3599,161.57313901649263,17,1,0,0,1.1843049331508053,0.01
3600,114.15350933852748,12,1,0,0,1.4171833487076682,0.01
3601,157.19962638654926,32,1,0,0,1.449280196685392,0.01
3602,-50.0,1,0,1,0,3.7683941863103576,0.01
3603,139.85492830055907,20,1,0,0,1.4528087412498887,0.01
3604,155.72351022842423,17,1,0,0,1.3076809318098894,0.01
3605,143.7504200922623,30,1,0,0,1.4887974696436805,0.01
3606,213.66019394204173,41,1,0,0,1.4397223462649766,0.01
3607,136.0903416584856,12,1,0,0,1.4340148258934278,0.01
3608,119.90031378665728,17,1,0,0,1.435355988970141,0.01
3609,117.61391141650799,46,1,0,0,1.4893171351947396,0.01
3610,174.39484283104267,26,1,0,0,1.3430683835873016,0.01
3611,144.34092030865037,16,1,0,0,1.4117999121766869,0.01
3612,204.28951950740355,29,1,0,0,1.3093162470751611,0.01
3613,117.6192460060162,5,1,0,0,1.2514897849501965,0.01
3614,160.1549359075696,20,1,0,0,1.4432670061356805,0.01
3615,162.0857710725633,22,1,0,0,1.380182584686237,0.01
3616,126.30127485755759,11,1,0,0,1.417827196219805,0.01
3617,193.7753705582219,23,1,0,0,1.2529768756579904,0.01
3618,168.90994585341303,23,1,0,0,1.3216216062910184,0.01
3619,150.60122615618738,16,1,0,0,1.2620621695099488,0.01
3620,175.421916858028,26,1,0,0,1.2624793229440645,0.01
3621,169.11541403754126,21,1,0,0,1.3181116187627653,0.01
3622,249.38213958105632,50,1,0,0,1.4181042832099282,0.01
3623,158.87252406136972,20,1,0,0,1.4976753579406543,0.01
3624,226.94961372995388,43,1,0,0,1.2918695345573108,0.01
3625,230.37349566648527,37,1,0,0,1.2954983151062638,0.01
3626,128.59845767780007,11,1,0,0,1.4959072370925341,0.01
3627,188.22943258346962,23,1,0,0,1.2213889502890294,0.01
3628,179.31300263299485,25,1,0,0,1.3891825495742505,0.01
3629,-50.0,1,0,1,0,4.541404153065675,0.01
3630,176.82876096688517,23,1,0,0,1.27543510735409,0.01
3631,166.59522915337243,21,1,0,0,1.4351822589165906,0.01
3632,217.34147500956652,41,1,0,0,1.4212109656789058,0.01
3633,136.22132853329214,17,1,0,0,1.3289608278055454,0.01
3634,141.5785924499901,12,1,0,0,1.3768547502547364,0.01
3635,64.85781836889947,139,1,0,0,1.488853855779241,0.01
3636,195.31029691276035,24,1,0,0,1.464350444848015,0.01
3637,-50.0,1,0,1,0,4.728413213944783,0.01
3638,156.6253301318096,19,1,0,0,1.4880480673723286,0.01
3639,204.75512768283576,31,1,0,0,1.3068520322311787,0.01
3640,197.21464032342115,34,1,0,0,1.2095064354543887,0.01
3641,203.71187239616106,36,1,0,0,1.249970376385689,0.01
3642,133.9297711346067,15,1,0,0,1.2929253026251555,0.01
3643,129.89564600782768,14,1,0,0,1.4446126738747362,0.01
3644,175.21540977503076,23,1,0,0,1.397026849659775,0.01
3645,113.97302086938832,5,1,0,0,1.391419435493276,0.01
3646,202.27755377676726,31,1,0,0,1.1800099901534846,0.01
3647,146.50285900533066,19,1,0,0,1.4835611936612991,0.01
3648,160.97358954025023,27,1,0,0,1.2858968606252428,0.01
3649,151.80298317951505,19,1,0,0,1.317549632185025,0.01
3650,148.4275774275652,21,1,0,0,1.2287960131879738,0.01
3651,164.46546434604613,18,1,0,0,1.37151232341747,0.01
3652,169.98953291963448,21,1,0,0,1.3956565198479125,0.01
3653,171.40589560525274,20,1,0,0,1.3890669290365616,0.01
3654,122.13056254592857,6,1,0,0,1.370432415022157,0.01
3655,150.47373175882944,36,1,0,0,1.4690308418667157,0.01
3656,208.759523158751,38,1,0,0,1.2843691234408985,0.01
3657,137.71714247960315,11,1,0,0,1.4226919370408861,0.01
3658,196.81943186143397,24,1,0,0,1.31016917889199,0.01
3659,-40.176485180283244,200,0,0,1,2.392402419621284,0.01
3660,163.59732089610517,18,1,0,0,1.1235906075616497,0.01
3661,151.97679394068916,169,1,0,0,1.495924589917889,0.01
3662,191.6713850292925,63,1,0,0,1.4580964924724962,0.01
3663,202.01352456460012,59,1,0,0,1.4716729808127544,0.01
3664,194.87135167461696,23,1,0,0,1.276402401475927,0.01
3665,170.0850381791306,21,1,0,0,1.348960629219887,0.01
3666,149.03775021570573,15,1,0,0,1.353649819484931,0.01
3667,184.20561762332306,21,1,0,0,1.3876005924015056,0.01
3668,157.5076204655648,22,1,0,0,1.2798250470236117,0.01
3669,187.6496871144571,24,1,0,0,1.2899145464833695,0.01
3670,117.03166021759318,12,1,0,0,1.3324475895289092,0.01
3671,170.26015135890594,19,1,0,0,1.4504029459394572,0.01
3672,-50.0,1,0,1,0,5.342838509518799,0.01
3673,148.82645547479976,12,1,0,0,1.1823466138012,0.01
3674,-50.0,1,0,1,0,4.938012054528621,0.01
3675,146.62778613558459,81,1,0,0,1.452567411086815,0.01
3676,165.84837397674494,17,1,0,0,1.3011533029754518,0.01
3677,99.12852003036907,11,1,0,0,1.3788544093617314,0.01
3678,137.37218109464735,14,1,0,0,1.2403252432699265,0.01
3679,142.60488367560419,14,1,0,0,1.4430177610803525,0.01
3680,254.874027855115,53,1,0,0,1.3110605560060233,0.01
3681,193.66464620981344,27,1,0,0,1.402550869745436,0.01
3682,212.59784400587017,32,1,0,0,1.4392229795861884,0.01
3683,109.23511069157557,8,1,0,0,1.47966863792045,0.01
3684,162.10607462946194,20,1,0,0,1.2964940731510066,0.01
3685,157.53953300407792,16,1,0,0,1.2265013190245955,0.01
3686,138.0216237040003,16,1,0,0,1.1199407602245914,0.01
3687,188.92166248329204,30,1,0,0,1.4211384856513354,0.01
3688,173.43923132587986,25,1,0,0,1.3059051767741747,0.01
3689,180.74046480311546,26,1,0,0,1.3092115680204321,0.01
3690,167.7989174871853,25,1,0,0,1.270049768313397,0.01
3691,168.36040492387392,33,1,0,0,1.1278288272572776,0.01
3692,158.51397571964094,20,1,0,0,1.3268494881435593,0.01
3693,198.81731972015965,22,1,0,0,1.4161278872044207,0.01
3694,212.11730786220653,38,1,0,0,1.2841564227907025,0.01
3695,165.45486491862312,23,1,0,0,1.4801684738890903,0.01
3696,161.2098667693995,23,1,0,0,1.4355689067606097,0.01
3697,168.19685593670215,26,1,0,0,1.3960682817220675,0.01
3698,159.34498933151855,15,1,0,0,1.48680172273774,0.01
3699,150.7130203794402,19,1,0,0,1.0711767958493759,0.01
3700,178.74672929313107,21,1,0,0,1.4870370556941166,0.01
3701,187.1620553251208,23,1,0,0,1.4808139905202413,0.01
3702,147.23988018683275,12,1,0,0,1.387917919182404,0.01
3703,156.2170448326591,22,1,0,0,1.457053189425843,0.01
3704,129.14220937703104,9,1,0,0,1.3646085935956547,0.01
3705,158.4353461313533,22,1,0,0,1.20868133385478,0.01
3706,118.91329019991689,9,1,0,0,1.1870966582147882,0.01
3707,159.28113968008557,17,1,0,0,1.2684903515872636,0.01
3708,181.63164966724594,25,1,0,0,1.2684550695781964,0.01
3709,164.36828828305835,21,1,0,0,1.231138220594526,0.01
3710,163.76598388847765,19,1,0,0,1.1512887088305783,0.01
3711,234.00628055656435,37,1,0,0,1.2680596851162662,0.01
3712,154.8175345241252,20,1,0,0,1.0946097221789413,0.01
3713,209.8794700550979,35,1,0,0,1.4668591145945316,0.01
3714,168.68512356131902,25,1,0,0,1.2549719999254767,0.01
3715,149.46109297889618,18,1,0,0,1.2434067735061212,0.01
3716,152.95143146416808,16,1,0,0,1.4091861244196855,0.01
3717,145.88262605849528,22,1,0,0,1.1183995143663008,0.01
3718,141.03306411216465,18,1,0,0,1.179775106298763,0.01
3719,153.1411340113149,15,1,0,0,1.401419525776871,0.01
3720,135.4870126593988,14,1,0,0,1.448681460929317,0.01
3721,1.6697027097109705,200,0,0,1,2.08690198499962,0.01
3722,142.8130026963048,17,1,0,0,1.4362766640767615,0.01
3723,176.02473306529498,23,1,0,0,1.2391227266144746,0.01
3724,178.1371098643034,22,1,0,0,1.4897090712875647,0.01
3725,126.01609502130326,12,1,0,0,1.4470278997414092,0.01
3726,168.94259013918526,23,1,0,0,1.3362522085174378,0.01
3727,147.27045482876824,16,1,0,0,1.3896052832437797,0.01
3728,184.9568475862463,21,1,0,0,1.2121759816573012,0.01
3729,167.67178685625476,21,1,0,0,1.2202644570208516,0.01
3730,166.61804098745745,21,1,0,0,1.166678710585296,0.01
3731,104.21598310293784,13,1,0,0,1.4992135213714766,0.01
3732,155.30902082561332,15,1,0,0,1.107546797248848,0.01
3733,146.79376824246057,22,1,0,0,1.4182308677436644,0.01
3734,160.9034320986968,22,1,0,0,1.3582304889383774,0.01
3735,-46.12612193180064,2,0,1,0,8.763795030267731,0.01
3736,177.24871811228945,26,1,0,0,1.4658663200796769,0.01
3737,141.7523558816336,12,1,0,0,1.4402960368006696,0.01
3738,162.4751359055256,17,1,0,0,1.2841125004716845,0.01
3739,175.67058313756004,22,1,0,0,1.4664758772787143,0.01
3740,196.6436763411828,29,1,0,0,1.368956434202726,0.01
3741,210.0430668626448,24,1,0,0,1.275215830787772,0.01
3742,226.9967706632437,42,1,0,0,1.3051022983966498,0.01
3743,163.39496822251613,17,1,0,0,1.3759061928959189,0.01
3744,160.71064998534857,21,1,0,0,1.4136688775223127,0.01
3745,176.25570455520506,20,1,0,0,1.1961988650402098,0.01
3746,130.1151915658999,13,1,0,0,1.296439677424663,0.01
3747,214.15664164406388,33,1,0,0,1.445258119027208,0.01
3748,147.5544426525158,18,1,0,0,1.4319621291498228,0.01
3749,156.20287883294577,18,1,0,0,1.2256211713891711,0.01
3750,146.45820742434825,15,1,0,0,1.2934654216213015,0.01
3751,130.4995704174681,13,1,0,0,1.3018267287463456,0.01
3752,161.8852077384039,19,1,0,0,1.4663346483578985,0.01
3753,225.39284781209065,39,1,0,0,1.2820439929598655,0.01
3754,202.866489812703,28,1,0,0,1.15989726330825,0.01
3755,131.7534073739099,8,1,0,0,1.4999137840226537,0.01
3756,150.52257246075223,14,1,0,0,1.2006790721554295,0.01
3757,174.8777523510322,22,1,0,0,1.2178413726300177,0.01
3758,183.71882374996346,25,1,0,0,1.4977596774232045,0.01
3759,240.05225404599153,44,1,0,0,1.4842207020690872,0.01
3760,247.6650420327326,43,1,0,0,1.4514710761285436,0.01
3761,167.4848027620117,22,1,0,0,1.4294014909075698,0.01
3762,179.34409866892287,23,1,0,0,1.421683442649502,0.01
3763,189.6475959005999,26,1,0,0,1.4527240590192214,0.01
3764,162.71499158399854,30,1,0,0,1.433322557317898,0.01
3765,156.32911325794913,22,1,0,0,1.468778270394667,0.01
3766,163.90814751886535,21,1,0,0,1.1268165406168942,0.01
3767,222.6805760047564,56,1,0,0,1.494663207829953,0.01
3768,172.55754385608853,24,1,0,0,1.1662023102286667,0.01
3769,163.57602868517046,26,1,0,0,1.4539721759073307,0.01
3770,122.19764033310439,11,1,0,0,1.43123736400339,0.01
3771,220.70609956947914,36,1,0,0,1.2403793632071776,0.01
3772,203.3143449358534,28,1,0,0,1.2462473650128965,0.01
3773,165.9210689705812,29,1,0,0,1.3589863483632951,0.01
3774,190.1811877589874,31,1,0,0,1.447099879507093,0.01
3775,181.1421202868675,23,1,0,0,1.0335463032703978,0.01
3776,181.28360294163232,22,1,0,0,1.4845760290191854,0.01
3777,22.548573481026043,200,0,0,1,2.310975915566738,0.01
3778,140.83443706294403,14,1,0,0,1.382465990350495,0.01
3779,135.92924572293308,17,1,0,0,1.2276893044900066,0.01
3780,168.85123762861286,20,1,0,0,1.2028672862147043,0.01
3781,227.4281491408673,51,1,0,0,1.4988984439666713,0.01
3782,195.28682960242747,43,1,0,0,1.4862001246363223,0.01
3783,222.4853432074926,42,1,0,0,1.2277136686637515,0.01
3784,130.71415655621698,17,1,0,0,1.3833532165317552,0.01
3785,157.35494347704477,17,1,0,0,1.3413726371167278,0.01
3786,200.663355213476,25,1,0,0,1.459138856569894,0.01
3787,159.65399529180422,57,1,0,0,1.4956588860956264,0.01
3788,108.16582752087618,3,1,0,0,1.4271954488682423,0.01
3789,217.51371075371742,40,1,0,0,1.370639812957774,0.01
3790,238.88406434709094,37,1,0,0,1.418382935128697,0.01
3791,142.13635725235255,16,1,0,0,1.3048503065851136,0.01
3792,142.53366852975566,21,1,0,0,1.2701395310380306,0.01
3793,202.42127490669208,33,1,0,0,1.4290599514286288,0.01
3794,176.29408102821586,23,1,0,0,1.3504477146143028,0.01
3795,144.0713241534544,13,1,0,0,1.0841670300722428,0.01
3796,96.26396187501413,200,0,0,1,2.260148478322417,0.01
3797,230.3376337938174,37,1,0,0,1.3252783572807312,0.01
3798,185.4142214513795,23,1,0,0,1.3452398487615884,0.01
3799,142.84631398360665,27,1,0,0,1.4378151330147513,0.01
3800,167.06465973390587,23,1,0,0,1.4622141753597153,0.01
3801,177.6776812883668,21,1,0,0,1.1713754850567344,0.01
3802,188.79164909426459,22,1,0,0,1.1889376339600761,0.01
3803,154.9510660292082,20,1,0,0,1.3884521316435274,0.01
3804,133.78210088811144,15,1,0,0,1.4857321423361687,0.01
3805,224.03103191872674,40,1,0,0,1.3458677430389323,0.01
3806,253.77634954926864,46,1,0,0,1.2402959926755952,0.01
3807,163.48576920172482,21,1,0,0,1.3659426630860414,0.01
3808,200.9773937508789,26,1,0,0,1.499155280903435,0.01
3809,106.40719947702497,48,1,0,0,1.4930000985713199,0.01
3810,209.3133446870417,31,1,0,0,1.2497875948401604,0.01
3811,114.19085522431585,15,1,0,0,1.4847836122383038,0.01
3812,148.36916453323485,18,1,0,0,1.4082403436998319,0.01
3813,197.5302294421484,26,1,0,0,1.3141370768131455,0.01
3814,195.90766448537994,22,1,0,0,1.4609040540486886,0.01
3815,-50.0,1,0,1,0,3.2457908479633977,0.01
3816,158.69677400858194,23,1,0,0,1.1447648788002291,0.01
3817,165.39841927699393,25,1,0,0,1.4298924337942522,0.01
3818,181.84751049682058,22,1,0,0,1.4469255832955616,0.01
3819,155.46195967349826,16,1,0,0,1.3501742314098955,0.01
3820,174.05267286054809,21,1,0,0,1.3000976525207966,0.01
3821,160.05800911525913,18,1,0,0,1.4309152066437119,0.01
3822,186.20838786347556,26,1,0,0,1.3531515542673151,0.01
3823,-50.0,1,0,1,0,2.6644086492938563,0.01
3824,177.47357362468125,24,1,0,0,1.2531116455563824,0.01
3825,136.37341526356096,15,1,0,0,1.074181807830583,0.01
3826,134.68405816119719,17,1,0,0,1.1619098297080053,0.01
3827,145.304758461651,20,1,0,0,1.1752740775537633,0.01
3828,154.44278975224483,17,1,0,0,1.40859925462328,0.01
3829,157.0704011199148,19,1,0,0,1.3693354105789814,0.01
3830,176.993328122734,21,1,0,0,1.2004483497591067,0.01
3831,130.77920987162327,10,1,0,0,1.4389299762925205,0.01
3832,184.36670468941014,21,1,0,0,1.450197949958414,0.01
3833,180.51973090808673,20,1,0,0,1.2837699145668802,0.01
3834,174.4117209650003,25,1,0,0,1.4188121166083107,0.01
3835,178.61180159392472,22,1,0,0,1.1805211532896478,0.01
3836,216.29858038054567,45,1,0,0,1.4319943994244995,0.01
3837,168.12601660951785,21,1,0,0,1.4438117100997463,0.01
3838,176.58902693008412,23,1,0,0,1.2585117270685207,0.01
3839,142.58809364171037,13,1,0,0,1.0865203849616756,0.01
3840,167.79245435385454,22,1,0,0,1.224516531924945,0.01
3841,154.6716540442834,19,1,0,0,1.2594413073079076,0.01
3842,175.58054410744072,22,1,0,0,1.3591324059713021,0.01
3843,185.2127026255526,24,1,0,0,1.3769633945830964,0.01
3844,158.80105336551043,20,1,0,0,1.4308079773365945,0.01
3845,189.65958112223018,31,1,0,0,1.3354913810690339,0.01
3846,120.4828328417332,11,1,0,0,1.3908269728114449,0.01
3847,167.64087143882006,21,1,0,0,1.2829286875116035,0.01
3848,105.74893452268824,190,1,0,0,1.4333124696714028,0.01
3849,143.32188383518474,29,1,0,0,1.4786798673203598,0.01
3850,184.63919479557057,28,1,0,0,1.1180483536359092,0.01
3851,150.716755434297,15,1,0,0,1.1965418294336267,0.01
3852,152.54245939871078,17,1,0,0,1.2781928931122384,0.01
3853,170.45954274612856,35,1,0,0,1.4726726857232766,0.01
3854,171.3343064061595,19,1,0,0,1.449852784409599,0.01
3855,169.11696622491158,26,1,0,0,1.2901935348028444,0.01
3856,144.0622118772599,18,1,0,0,1.4633918094623943,0.01
3857,176.59598601794505,22,1,0,0,1.4427710308281045,0.01
3858,156.10004720755086,61,1,0,0,1.4722333646924415,0.01
3859,167.10995162278067,18,1,0,0,1.4994854173523975,0.01
3860,154.7102949648441,21,1,0,0,1.273108967401117,0.01
3861,148.02862207041179,20,1,0,0,1.3802801685061987,0.01
3862,171.72048532290088,22,1,0,0,1.3587242280815583,0.01
3863,152.58165837206616,19,1,0,0,1.277241575243171,0.01
3864,119.47838380528867,9,1,0,0,1.4781008712688335,0.01
3865,167.46489950148174,23,1,0,0,1.4168861746552577,0.01
3866,10.930532715451994,200,0,0,1,2.081930169491405,0.01
3867,225.4892415430059,36,1,0,0,1.4111421973908382,0.01
3868,148.19781460065522,16,1,0,0,1.4628777542523528,0.01
3869,169.38267059181365,23,1,0,0,1.4555572225025208,0.01
3870,160.91622440534266,20,1,0,0,1.3994894749505942,0.01
3871,154.06956505839372,36,1,0,0,1.3547511036034765,0.01
3872,129.83341142821695,11,1,0,0,1.2276292391490933,0.01
3873,245.62690854789966,51,1,0,0,1.3612915841482722,0.01
3874,152.84722466555138,16,1,0,0,1.3529180082154542,0.01
3875,175.0848221473007,23,1,0,0,1.3283858669758444,0.01
3876,189.44458547997186,26,1,0,0,1.4653577306083114,0.01
3877,167.4636208326237,18,1,0,0,1.401919328001599,0.01
3878,164.23154290885702,18,1,0,0,1.1582263553099892,0.01
3879,148.25760098219132,13,1,0,0,1.3846011329312002,0.01
3880,155.6843525817476,19,1,0,0,1.2528245725475524,0.01
3881,192.76245457614345,30,1,0,0,1.4634810858627507,0.01
3882,172.06104625629138,23,1,0,0,1.3926143364424939,0.01
3883,168.1508496395394,19,1,0,0,1.3406788588582739,0.01
3884,137.1821496583618,39,1,0,0,1.4683320490781013,0.01
3885,171.48201204919698,54,1,0,0,1.4849087545251705,0.01
3886,141.80020509072443,18,1,0,0,1.214880070271054,0.01
3887,204.66812187937717,29,1,0,0,1.2597371527471388,0.01
3888,212.90966895045912,39,1,0,0,1.3326907685250169,0.01
3889,200.24004567274034,31,1,0,0,1.4693845106203325,0.01
3890,176.53274274410006,21,1,0,0,1.2346127001439604,0.01
3891,158.51884940776097,17,1,0,0,1.13132337311005,0.01
3892,225.6747756136443,43,1,0,0,1.337658331661121,0.01
3893,172.51800036269748,23,1,0,0,1.3293328634688615,0.01
3894,204.46649667653583,27,1,0,0,1.2883837091347248,0.01
3895,178.14158722091582,28,1,0,0,1.2983544255625883,0.01
3896,192.23645385557614,25,1,0,0,1.4806111851079031,0.01
3897,253.5884992289136,46,1,0,0,1.425727797264839,0.01
3898,209.49823546639314,33,1,0,0,1.2846875789613683,0.01
3899,135.07081741065429,13,1,0,0,1.357779203204021,0.01
3900,172.72186036929463,24,1,0,0,1.284575997023177,0.01
3901,156.52131686516404,18,1,0,0,1.4518270125882002,0.01
3902,132.82811561058614,14,1,0,0,1.4347545032168618,0.01
3903,183.67844996265126,22,1,0,0,1.4372017402795754,0.01
3904,154.50969185729016,18,1,0,0,1.4910541574076674,0.01
3905,75.09455388307099,200,0,0,1,2.1324910997797146,0.01
3906,211.55651007765806,32,1,0,0,1.317074741685662,0.01
3907,211.2830749019267,31,1,0,0,1.2516993727838341,0.01
3908,155.43768864230293,26,1,0,0,1.4614776088287655,0.01
3909,157.12024768140822,25,1,0,0,1.4661898286920994,0.01
3910,188.03777704034343,25,1,0,0,1.376383082788975,0.01
3911,151.75104953592026,13,1,0,0,1.4019241887373755,0.01
3912,143.3747070434671,20,1,0,0,1.4383779585338319,0.01
3913,132.06722001151266,12,1,0,0,1.4987372611397856,0.01
3914,177.3824379395695,25,1,0,0,1.4321460999201974,0.01
3915,172.64360388266135,22,1,0,0,1.3820784046112404,0.01
3916,-50.0,1,0,1,0,2.7593676320460925,0.01
3917,263.14608081596396,52,1,0,0,1.3113708798918133,0.01
3918,199.80770989397587,25,1,0,0,1.3739628467361065,0.01
3919,129.98431949363882,14,1,0,0,1.4600007772632655,0.01
3920,169.70229494581972,21,1,0,0,1.2290976703835905,0.01
3921,209.60368180767148,34,1,0,0,1.22499707862154,0.01
3922,170.00006401569942,19,1,0,0,1.1818014339119274,0.01
3923,121.38578126768334,7,1,0,0,1.3883150553822627,0.01
3924,143.40577276845784,17,1,0,0,1.3304545066424671,0.01
3925,207.5014715347947,32,1,0,0,1.2360737490911258,0.01
3926,139.19184419585565,10,1,0,0,1.4575963689155804,0.01
3927,171.28355604684273,26,1,0,0,1.3270186745173445,0.01
3928,129.29148072396114,11,1,0,0,1.1424276573871435,0.01
3929,132.16843053792107,10,1,0,0,1.3307424477174388,0.01
3930,214.33167577738078,37,1,0,0,1.3054593992934196,0.01
3931,147.31662181946638,17,1,0,0,1.4601725617411516,0.01
3932,137.9717576955569,10,1,0,0,1.4044102422341918,0.01
3933,-50.0,1,0,1,0,8.873848812836917,0.01
3934,243.0652910975188,49,1,0,0,1.4061140821299385,0.01
3935,153.65890487345325,18,1,0,0,1.2389373068799205,0.01
3936,169.22367689212965,22,1,0,0,1.4593458025832082,0.01
3937,167.00080824390912,21,1,0,0,1.4550971936471266,0.01
3938,161.66444662538404,17,1,0,0,1.372350709303472,0.01
3939,188.91885269290694,22,1,0,0,1.3100442078686687,0.01
3940,154.65116234509406,47,1,0,0,1.4902287885607755,0.01
3941,169.28327471520979,24,1,0,0,1.2280392436906087,0.01
3942,118.29433604797144,12,1,0,0,1.2398413030980162,0.01
3943,163.4138989033668,20,1,0,0,1.219335464700382,0.01
3944,158.02075822655783,20,1,0,0,1.2869293454313753,0.01
3945,132.61289790800393,12,1,0,0,1.306577847210137,0.01
3946,157.64012080031483,16,1,0,0,1.3406002639694963,0.01
3947,236.24394700312706,41,1,0,0,1.3012149234715515,0.01
3948,164.91306947754205,22,1,0,0,1.146641409865789,0.01
3949,143.0043202173727,11,1,0,0,1.1663249623292933,0.01
3950,123.47829363014205,17,1,0,0,1.4651134171257008,0.01
3951,202.9242202200988,62,1,0,0,1.489913410023539,0.01
3952,207.05934143376817,30,1,0,0,1.3383346355283499,0.01
3953,158.50361670374514,21,1,0,0,1.4577987389661529,0.01
3954,100.0,1,1,0,0,1.2662126123875124,0.01
3955,171.33128289002968,23,1,0,0,1.4496905271449807,0.01
3956,122.37054246070612,8,1,0,0,1.4191442620369175,0.01
3957,163.96786498686157,21,1,0,0,1.4225303810401744,0.01
3958,156.05348665611615,17,1,0,0,1.4979357863932594,0.01
3959,157.2546383044475,24,1,0,0,1.4914819327042088,0.01
3960,149.87048991974794,16,1,0,0,1.0471705378630034,0.01
3961,199.4677969063017,49,1,0,0,1.4819119890628871,0.01
3962,174.99610233179146,18,1,0,0,1.2851094963151928,0.01
3963,127.4093505237451,11,1,0,0,1.3886663045584913,0.01
3964,165.94748485565094,22,1,0,0,1.475671669214967,0.01
3965,127.91750472479916,11,1,0,0,1.266816708400797,0.01
3966,155.27870607405185,15,1,0,0,1.4301065546795402,0.01
3967,-50.0,1,0,1,0,4.937707903975398,0.01
3968,160.52234853386068,18,1,0,0,1.3548169056052919,0.01
3969,131.486650037532,24,1,0,0,1.2622971074244076,0.01
3970,116.31900432917391,7,1,0,0,1.206357101817297,0.01
3971,-50.0,1,0,1,0,4.96338283976706,0.01
3972,198.38728136444598,25,1,0,0,1.2238907431721977,0.01
3973,226.85291323731118,44,1,0,0,1.3912002940496702,0.01
3974,163.1539729842931,14,1,0,0,1.483711316824818,0.01
3975,156.71542593287842,18,1,0,0,1.3105709286433866,0.01
3976,167.90096070185018,24,1,0,0,1.406909668688235,0.01
3977,170.87276606331642,22,1,0,0,1.2369043894879304,0.01
3978,244.2202985508013,47,1,0,0,1.4196673073297308,0.01
3979,137.5160762471519,25,1,0,0,1.4799736168189601,0.01
3980,205.92568026806163,25,1,0,0,1.4049501258552959,0.01
3981,102.01027747670267,11,1,0,0,1.4841092207873068,0.01
3982,155.85565485624116,17,1,0,0,1.217583907276977,0.01
3983,185.72192241118273,25,1,0,0,1.1348640379027424,0.01
3984,188.68884090995783,21,1,0,0,1.4624587078837665,0.01
3985,147.9333355371744,19,1,0,0,1.3988225043189861,0.01
3986,156.02274436451194,18,1,0,0,1.4207420093294583,0.01
3987,159.87965476344917,17,1,0,0,1.2533068741226534,0.01
3988,186.40965345531424,24,1,0,0,1.4040372486852915,0.01
3989,163.11569797722598,21,1,0,0,1.38089879520472,0.01
3990,163.646231797852,23,1,0,0,1.431370383297862,0.01
3991,-50.0,1,0,1,0,4.022558069688641,0.01
3992,165.82018650519788,200,0,0,1,1.7879451572940526,0.01
3993,184.1170757479714,22,1,0,0,1.4765138779102094,0.01
3994,153.37662217224965,17,1,0,0,1.3342176757656399,0.01
3995,157.92981470811418,16,1,0,0,1.2562934388775675,0.01
3996,214.11990596379695,31,1,0,0,1.2907793002000003,0.01
3997,154.08848066547077,17,1,0,0,1.2793958276002284,0.01
3998,184.12877169987632,26,1,0,0,1.4950339038186748,0.01
3999,191.54223724243542,24,1,0,0,1.463059462393108,0.01
4000,176.70608191284236,21,1,0,0,1.1274281993584438,0.01
4001,191.02562215823627,23,1,0,0,1.4995739698110178,0.01
4002,164.80260031568815,25,1,0,0,1.2530517059515927,0.01
4003,161.11412860807366,16,1,0,0,1.452992780633172,0.01
4004,162.97848438767795,23,1,0,0,1.4385208653919817,0.01
4005,168.89515487615515,26,1,0,0,1.4740345992794446,0.01
4006,158.86232746878125,15,1,0,0,1.19948958716322,0.01
4007,199.24541697186925,35,1,0,0,1.4398668826600367,0.01
4008,182.3333429663519,26,1,0,0,1.4719873647217012,0.01
4009,128.9932282013196,80,1,0,0,1.474189961189395,0.01
4010,171.386302001671,17,1,0,0,1.2332318814609367,0.01
4011,236.43583292148014,45,1,0,0,1.3031034469028566,0.01
4012,181.23972286075121,23,1,0,0,1.4592601431448324,0.01
4013,172.4435417142766,28,1,0,0,1.4461033831445402,0.01
4014,198.2139484314483,30,1,0,0,1.2375025431547222,0.01
4015,142.87035643564417,13,1,0,0,1.4402021887197027,0.01
4016,102.50398976448932,8,1,0,0,1.3464483564210863,0.01
4017,158.8862321206933,20,1,0,0,1.4942257573618363,0.01
4018,189.53954955135032,28,1,0,0,1.449380654815049,0.01
4019,182.45803291390504,22,1,0,0,1.3190664244826769,0.01
4020,181.32034179994605,22,1,0,0,1.386258725145579,0.01
4021,140.1773529344306,18,1,0,0,1.10318245765435,0.01
4022,152.90478391215572,14,1,0,0,1.4665809184074237,0.01
4023,177.92996676786714,22,1,0,0,1.4621150551321394,0.01
4024,132.0733834212492,28,1,0,0,1.3617603357374946,0.01
4025,137.8460452501903,12,1,0,0,1.4606510931924652,0.01
4026,150.4028024754626,17,1,0,0,1.1925576731467986,0.01
4027,105.23009410622798,3,1,0,0,1.3413587818546653,0.01
4028,127.65633476401271,9,1,0,0,1.3010203425283797,0.01
4029,164.6263713835521,19,1,0,0,1.3572752439335458,0.01
4030,189.27031771537054,26,1,0,0,1.1751390245773614,0.01
4031,166.2699323711129,22,1,0,0,1.3212863854825154,0.01
4032,179.08986992528207,26,1,0,0,1.2296642272723346,0.01
4033,234.94187410134973,41,1,0,0,1.462089715039886,0.01
4034,159.26737040963874,18,1,0,0,1.367918375847604,0.01
4035,186.36161063452184,22,1,0,0,1.3916945634777969,0.01
4036,138.55079115296903,11,1,0,0,1.0720008107914425,0.01
4037,76.91033944467871,200,0,0,1,3.502078833294052,0.01
4038,163.9599260572581,20,1,0,0,1.4018575575732606,0.01
4039,156.9743658824008,17,1,0,0,1.245014035815676,0.01
4040,199.31136959829814,26,1,0,0,1.3602997897556308,0.01
4041,149.81794618276678,19,1,0,0,1.208681183988325,0.01
4042,173.9409879462766,25,1,0,0,1.4624948878054411,0.01
4043,187.18041994756788,31,1,0,0,1.3492839350117976,0.01
4044,185.8593465328404,24,1,0,0,1.2489808673160756,0.01
4045,184.700082287866,25,1,0,0,1.3670743657412954,0.01
4046,197.5741049079719,30,1,0,0,1.4946123952350707,0.01
4047,168.3641438761332,19,1,0,0,1.1898976329426363,0.01
4048,164.75296385904048,23,1,0,0,1.3416507170435832,0.01
4049,202.5637419098532,179,1,0,0,1.4886223229974282,0.01
4050,180.05217634988537,20,1,0,0,1.3798148539992183,0.01
4051,164.99856350500116,17,1,0,0,1.3653227873954485,0.01
4052,123.72319791817549,10,1,0,0,1.2681176274125932,0.01
4053,182.18536007145195,26,1,0,0,1.069567726472565,0.01
4054,158.2770648953327,16,1,0,0,1.1413526994427248,0.01
4055,-50.0,1,0,1,0,6.644291614840159,0.01
4056,180.38371920412294,28,1,0,0,1.297101220550377,0.01
4057,166.30479551955582,27,1,0,0,1.402619516376678,0.01
4058,179.79337751627537,19,1,0,0,1.3123577340310417,0.01
4059,164.44429248410384,18,1,0,0,1.4652512600945633,0.01
4060,140.15126086455086,11,1,0,0,1.4416832230138554,0.01
4061,160.34973611923974,21,1,0,0,1.4232921040697262,0.01
4062,247.30753701768242,51,1,0,0,1.4683568407062835,0.01
4063,262.1771207572092,53,1,0,0,1.4031374396116816,0.01
4064,214.34622348495748,31,1,0,0,1.4255867520029555,0.01
4065,94.64488166554261,200,0,0,1,2.444599021574816,0.01
4066,160.1703271127814,17,1,0,0,1.2834051883523503,0.01
4067,180.90323197578368,22,1,0,0,1.4473581796381372,0.01
4068,203.0196612054578,82,1,0,0,1.4533507983854879,0.01
4069,166.81856764866936,18,1,0,0,1.4348555792024573,0.01
4070,153.6437021334017,61,1,0,0,1.489014714756736,0.01
4071,185.74738504405465,24,1,0,0,1.2935677651581243,0.01
4072,170.773419257633,22,1,0,0,1.445875869790135,0.01
4073,191.02019801852305,26,1,0,0,1.4834698306473504,0.01
4074,155.71951792842282,16,1,0,0,1.416154205044696,0.01
4075,219.83950265924108,42,1,0,0,1.2661549236868583,0.01
4076,104.1150228349801,2,1,0,0,1.4027579949632747,0.01
4077,189.18106250168478,30,1,0,0,1.476436154729837,0.01
4078,152.11047367310508,26,1,0,0,1.3028402655007016,0.01
4079,174.2895427325801,22,1,0,0,1.2914404502095147,0.01
4080,178.34951820845293,25,1,0,0,1.3333183377580222,0.01
4081,145.43628725474187,134,1,0,0,1.4819182819015966,0.01
4082,227.16747848454946,43,1,0,0,1.3011557459810283,0.01
4083,205.37406791016548,29,1,0,0,1.288455872776878,0.01
4084,170.68077042303003,24,1,0,0,1.4052984221058296,0.01
4085,185.96757438380274,23,1,0,0,1.2241601480854634,0.01
4086,179.2255345087021,24,1,0,0,1.3223797036561065,0.01
4087,195.1913609220694,25,1,0,0,1.4478513036301708,0.01
4088,158.37316252975103,15,1,0,0,1.4020473892404102,0.01
4089,127.83637184458193,12,1,0,0,1.4068827404353972,0.01
4090,133.81044657907975,14,1,0,0,1.4552295949432072,0.01
4091,154.13010182537346,20,1,0,0,1.3227287669364773,0.01
4092,203.3620309534815,26,1,0,0,1.3465755859645958,0.01
4093,228.1980107370342,46,1,0,0,1.3752459787960363,0.01
4094,164.8173045960443,18,1,0,0,1.4069357264092908,0.01
4095,225.85118417344984,34,1,0,0,1.4186604410042323,0.01
4096,181.9169926496009,25,1,0,0,1.4500798788756784,0.01
4097,146.84073497310186,18,1,0,0,1.2126592243135255,0.01
4098,7.320089372265174,200,0,0,1,3.1376948412517294,0.01
4099,182.03346385358344,19,1,0,0,1.4477491369916142,0.01
4100,224.32829269143275,35,1,0,0,1.3429018843558473,0.01
4101,176.3435663432531,27,1,0,0,1.4021950171408357,0.01
4102,174.21633001618937,21,1,0,0,1.3600195431015178,0.01
4103,192.73344840881126,22,1,0,0,1.2175595780433524,0.01
4104,204.80213834416662,26,1,0,0,1.347692368580499,0.01
4105,131.0050267670732,12,1,0,0,1.451620526758633,0.01
4106,184.22100693520227,27,1,0,0,1.4957894487810213,0.01
4107,150.84017021865537,19,1,0,0,1.3951696333668193,0.01
4108,136.91937657162487,13,1,0,0,1.4736747803887955,0.01
4109,103.06061990302393,2,1,0,0,1.3601077191285165,0.01
4110,-50.0,1,0,1,0,4.715111229578987,0.01
4111,241.09268306834875,40,1,0,0,1.47407632124195,0.01
4112,181.20498490147003,21,1,0,0,1.1800079283553784,0.01
4113,-11.26339059734223,11,0,1,0,6.166472600720116,0.01
4114,179.18174109155268,30,1,0,0,1.332123826459068,0.01
4115,184.02049290810677,24,1,0,0,1.1079572737312267,0.01
4116,171.79147488561233,23,1,0,0,1.4783594965527982,0.01
4117,149.72277453953768,17,1,0,0,1.3121306616960433,0.01
4118,182.98753911176357,22,1,0,0,1.4058914153734325,0.01
4119,168.50275833742256,22,1,0,0,1.4101380191959803,0.01
4120,217.18286720867513,34,1,0,0,1.2387330445351914,0.01
4121,145.79814284570074,17,1,0,0,1.182734043607252,0.01
4122,179.8006070547401,23,1,0,0,1.0737657341207734,0.01
4123,158.2732561159158,24,1,0,0,1.4281362441303587,0.01
4124,154.84082692402126,21,1,0,0,1.3424386257634386,0.01
4125,161.51706726366157,24,1,0,0,1.3380831910288455,0.01
4126,187.0012911041793,24,1,0,0,1.0166342870665173,0.01
4127,162.72514436018696,21,1,0,0,1.2701610326609942,0.01
4128,159.84343348998053,21,1,0,0,1.4557406119527923,0.01
4129,155.4190889798972,99,1,0,0,1.318440883012425,0.01
4130,194.97461978479885,26,1,0,0,1.3986808789408716,0.01
4131,158.11255066279813,19,1,0,0,1.4138801303522084,0.01
4132,147.1551457360031,13,1,0,0,1.4897898586944947,0.01
4133,185.57246801103508,27,1,0,0,1.2858871094766875,0.01
4134,140.3953045282979,13,1,0,0,1.4204155588066676,0.01
4135,174.83550341854922,22,1,0,0,1.492007180717503,0.01
4136,142.72985796409526,16,1,0,0,1.3776559381832787,0.01
4137,254.52124629894422,48,1,0,0,1.4183846478604842,0.01
4138,218.60541143642575,34,1,0,0,1.265005836268504,0.01
4139,139.01326793580188,12,1,0,0,1.3622588439099237,0.01
4140,232.84027983621058,40,1,0,0,1.1925457494236533,0.01
4141,194.06557099191622,25,1,0,0,1.2120665726577102,0.01
4142,173.99050883446128,27,1,0,0,1.2177850261609235,0.01
4143,169.93711568102327,25,1,0,0,1.2859442893074617,0.01
4144,135.1451842330689,17,1,0,0,1.4412976134689353,0.01
4145,197.94319223288977,26,1,0,0,1.337904891760138,0.01
4146,169.67624703062722,23,1,0,0,1.1376007814877456,0.01
4147,114.45060708548286,4,1,0,0,1.2413379439459684,0.01
4148,167.44244794208328,25,1,0,0,1.347094293412346,0.01
4149,147.21889115756517,14,1,0,0,1.1608639600404014,0.01
4150,244.05467845043938,46,1,0,0,1.3481967994221014,0.01
4151,168.399406326882,39,1,0,0,1.499121892177308,0.01
4152,155.45170723443897,19,1,0,0,1.199524559305934,0.01
4153,168.6558251625433,18,1,0,0,1.4921547512910838,0.01
4154,177.9870524042196,24,1,0,0,1.4233389121548174,0.01
4155,173.21371916218214,19,1,0,0,1.1778268320100582,0.01
4156,212.12362579263913,37,1,0,0,1.3442209566803183,0.01
4157,187.28971483848647,22,1,0,0,1.167793767039327,0.01
4158,-50.0,1,0,1,0,1.8218930197358298,0.01
4159,234.174084767541,42,1,0,0,1.4038072869062288,0.01
4160,191.4273583785087,24,1,0,0,1.43782837826535,0.01
4161,218.61899210248617,30,1,0,0,1.2456332450297412,0.01
4162,192.68470852282115,29,1,0,0,1.391868415750712,0.01
4163,133.37369650077704,13,1,0,0,1.0379003854824884,0.01
4164,181.86372383286698,24,1,0,0,1.4277870727346542,0.01
4165,161.84213598799906,18,1,0,0,1.237718361093328,0.01
4166,156.31097078314534,16,1,0,0,1.1963931000079682,0.01
4167,179.89583365736107,23,1,0,0,1.2934930460365432,0.01
4168,145.25679988701594,13,1,0,0,1.1100213404799952,0.01
4169,210.89448400412638,30,1,0,0,1.3994158723692052,0.01
4170,141.29444508510124,14,1,0,0,1.360619601611139,0.01
4171,190.47364722473588,27,1,0,0,1.3279363497051637,0.01
4172,179.91764993379272,20,1,0,0,1.199060209244398,0.01
4173,156.55909775814993,18,1,0,0,1.3145912219575715,0.01
4174,143.55529182161712,15,1,0,0,1.2752023075880603,0.01
4175,207.25098888034245,23,1,0,0,1.4345299634252098,0.01
4176,184.98145544403133,28,1,0,0,1.3434087283186376,0.01
4177,136.8718663524055,12,1,0,0,1.2266794558797582,0.01
4178,193.57555080929836,23,1,0,0,1.3573058813264187,0.01
4179,190.61620762855244,25,1,0,0,1.4779457411638646,0.01
4180,195.0862421083874,22,1,0,0,1.246183465189291,0.01
4181,180.37386606068517,21,1,0,0,1.4418816358174824,0.01
4182,144.41717301000662,18,1,0,0,1.3091090400381844,0.01
4183,169.27071674531882,28,1,0,0,1.3115959782051536,0.01
4184,194.70408278233998,28,1,0,0,1.2520712502266325,0.01
4185,153.76443988669598,17,1,0,0,1.3776802068649827,0.01
4186,149.3921654518193,18,1,0,0,1.2643039513324508,0.01
4187,175.09872947925595,29,1,0,0,1.3730763164091575,0.01
4188,119.78743985071127,12,1,0,0,1.3204525255998454,0.01
4189,161.46697213842498,25,1,0,0,1.2105009753349703,0.01
4190,105.60255907840063,7,1,0,0,1.3638666474170718,0.01
4191,185.7594488460109,21,1,0,0,1.160195552546437,0.01
4192,144.84805213220432,19,1,0,0,1.2988708441267856,0.01
4193,231.0010775075871,36,1,0,0,1.3739316746305228,0.01
4194,259.5016167956544,45,1,0,0,1.4965436391378248,0.01
4195,166.1713982377168,20,1,0,0,1.4089863294151326,0.01
4196,147.77551650584036,14,1,0,0,1.4428778454752091,0.01
4197,129.06683137201549,13,1,0,0,1.3970586686530941,0.01
4198,166.24406034253576,24,1,0,0,1.2403868667180586,0.01
4199,221.45167380089677,38,1,0,0,1.4311107215645453,0.01
4200,190.69235343375476,113,1,0,0,1.4797812683909561,0.01
4201,137.40462988053085,21,1,0,0,1.3801315917584338,0.01
4202,231.44323688032168,45,1,0,0,1.4588167201749191,0.01
4203,181.5756952907328,22,1,0,0,1.3571480268387879,0.01
4204,162.4648846600036,18,1,0,0,1.423881659010652,0.01
4205,221.639814466632,40,1,0,0,1.3214558150706477,0.01
4206,110.42341319983923,7,1,0,0,1.4645126355278995,0.01
4207,142.9744415363953,16,1,0,0,1.163018902980427,0.01
4208,161.75805799339565,22,1,0,0,1.3935558473576015,0.01
4209,135.8028531458911,12,1,0,0,1.4905994063489016,0.01
4210,177.25435165496543,28,1,0,0,1.3598361521338573,0.01
4211,169.8380785099053,24,1,0,0,1.3572556116406054,0.01
4212,145.8093506662188,15,1,0,0,1.2687299198307582,0.01
4213,245.75178810990798,42,1,0,0,1.3316635320583048,0.01
4214,184.31957607481507,25,1,0,0,1.1915445762238521,0.01
4215,173.690532267141,25,1,0,0,1.0531396172733098,0.01
4216,211.17002288228048,29,1,0,0,1.3766024488109896,0.01
4217,167.64024329689897,20,1,0,0,1.452125407247905,0.01
4218,130.05835838902107,12,1,0,0,1.458592998029462,0.01
4219,118.3949919499866,6,1,0,0,1.1859881564573278,0.01
4220,254.3798243377998,53,1,0,0,1.3835444153722538,0.01
4221,147.68893899084446,16,1,0,0,1.491860703111757,0.01
4222,157.01082543106696,16,1,0,0,1.3844524617457246,0.01
4223,124.8218300028455,12,1,0,0,1.474368344158921,0.01
4224,179.84202656218534,21,1,0,0,1.437509353420778,0.01
4225,134.3991834793631,11,1,0,0,1.0968362870028063,0.01
4226,167.19368540506252,23,1,0,0,1.411354921579776,0.01
4227,142.17844049905855,11,1,0,0,1.4693024688167549,0.01
4228,139.66844446655656,11,1,0,0,1.2054635844891302,0.01
4229,180.33792390211914,25,1,0,0,1.4175445797300297,0.01
4230,187.17378630326334,95,1,0,0,1.4955033450502682,0.01
4231,178.46736831285025,21,1,0,0,1.4456671174472493,0.01
4232,167.85885935563977,21,1,0,0,1.4303474053264333,0.01
4233,158.37833788034794,20,1,0,0,1.355978873996158,0.01
4234,168.91944532372455,18,1,0,0,1.3800667237671453,0.01
4235,191.91899418129853,27,1,0,0,1.445540399205997,0.01
4236,157.86106061711286,19,1,0,0,1.318586283692484,0.01
4237,173.5007370450307,17,1,0,0,1.2966805305757605,0.01
4238,112.44573374089292,5,1,0,0,1.4054942652889266,0.01
4239,133.74952681171277,9,1,0,0,1.1573919574459748,0.01
4240,100.0,1,1,0,0,1.2223028372458027,0.01
4241,157.15354988699247,18,1,0,0,1.471537920276991,0.01
4242,174.01172261967542,27,1,0,0,1.0948318529034113,0.01
4243,168.16989958443833,27,1,0,0,1.3521991710102688,0.01
4244,109.51413805363656,120,1,0,0,1.4565809244849404,0.01
4245,141.81296896728963,15,1,0,0,1.4334466974882192,0.01
4246,136.76526276827641,14,1,0,0,1.4173910451642824,0.01
4247,133.68787383052432,15,1,0,0,1.4450928037925606,0.01
4248,176.62940704186883,24,1,0,0,1.4297546991934358,0.01
4249,150.21722045107046,16,1,0,0,1.4245343185618593,0.01
4250,176.01621993893855,25,1,0,0,1.434710595478331,0.01
4251,162.2240580070228,21,1,0,0,1.3015769988969152,0.01
4252,154.3112361325171,14,1,0,0,1.2155293510891743,0.01
4253,172.831417196102,23,1,0,0,1.3674541605077506,0.01
4254,166.9333229670096,24,1,0,0,1.2696563292394536,0.01
4255,270.99274203504365,113,1,0,0,1.4791982397844823,0.01
4256,133.41733978534882,15,1,0,0,1.3617491532801522,0.01
4257,109.57261575117059,5,1,0,0,1.4768853298040292,0.01
4258,156.5583897590061,19,1,0,0,1.2840789334687412,0.01
4259,150.02384008698286,15,1,0,0,1.4109338451751097,0.01
4260,149.6374123651727,12,1,0,0,1.0916911241686598,0.01
4261,152.78452354025063,19,1,0,0,1.2382669614785804,0.01
4262,-50.0,1,0,1,0,2.6105595303530804,0.01
4263,214.51507877098868,26,1,0,0,1.2805413894449231,0.01
4264,178.89644164995008,23,1,0,0,1.4259769018701076,0.01
4265,177.87513381986125,26,1,0,0,1.0870376680255278,0.01
4266,207.7022110389259,31,1,0,0,1.4008704305425344,0.01
4267,165.14441631607951,18,1,0,0,1.3691234487167663,0.01
4268,178.0499344622204,23,1,0,0,1.3919028316192505,0.01
4269,172.32681141634563,21,1,0,0,1.2556975850277168,0.01
4270,151.53078095586798,19,1,0,0,1.1523238235629285,0.01
4271,154.0797052460595,22,1,0,0,1.401786242147485,0.01
4272,170.74520030482978,19,1,0,0,1.4296559946203284,0.01
4273,176.58108358353942,22,1,0,0,1.2143025898819362,0.01
4274,164.26752561057404,34,1,0,0,1.4457716623957124,0.01
4275,185.48894179978353,19,1,0,0,1.4568566178726519,0.01
4276,132.33862578644903,10,1,0,0,1.258556672240967,0.01
4277,194.35454231112053,50,1,0,0,1.41521812619894,0.01
4278,156.06394533080632,14,1,0,0,1.1643728828450797,0.01
4279,141.58097981451715,14,1,0,0,1.420807288799528,0.01
4280,175.69241593352126,23,1,0,0,1.1157364266730705,0.01
4281,151.5746540025315,15,1,0,0,1.3761989412603348,0.01
4282,143.1380591903999,17,1,0,0,1.484379119813227,0.01
4283,173.9146437748281,27,1,0,0,1.356584657817501,0.01
4284,177.90896339837607,23,1,0,0,1.4089055389326588,0.01
4285,185.018397984335,22,1,0,0,1.4438961215294432,0.01
4286,149.78082539734908,23,1,0,0,1.2009718764808957,0.01
4287,180.88784688268828,22,1,0,0,1.3144255996799943,0.01
4288,163.00620544831168,24,1,0,0,1.4800556818393305,0.01
4289,177.81308248046417,26,1,0,0,1.4283613745127253,0.01
4290,149.89042713769425,13,1,0,0,1.3262263327325488,0.01
4291,185.15181833518747,18,1,0,0,1.0759418235300253,0.01
4292,178.72421813809814,23,1,0,0,1.4926889282819378,0.01
4293,196.93550777546474,46,1,0,0,1.45479437601182,0.01
4294,181.46692654515235,19,1,0,0,1.3207543283767518,0.01
4295,177.10983836186426,25,1,0,0,1.4752883523168387,0.01
4296,143.7766779691032,15,1,0,0,1.2356076104699942,0.01
4297,172.57848235759795,25,1,0,0,1.2376833780623289,0.01
4298,146.0229830213053,25,1,0,0,1.4826114325478172,0.01
4299,171.88433857856188,18,1,0,0,1.4387446151606227,0.01
4300,133.293541220146,12,1,0,0,1.4210460714208328,0.01
4301,147.79959675665387,18,1,0,0,1.4750438608081446,0.01
4302,211.2816351382035,33,1,0,0,1.4518988908644495,0.01
4303,166.8740302678034,15,1,0,0,1.3208076347184896,0.01
4304,165.19852717991975,22,1,0,0,1.1133951013676395,0.01
4305,228.90878265491432,46,1,0,0,1.281149946323773,0.01
4306,139.7536641675454,14,1,0,0,1.1526127135614825,0.01
4307,182.0014834503516,27,1,0,0,1.2960831791784075,0.01
4308,147.80116804472783,18,1,0,0,1.333172811935629,0.01
4309,120.97315426902236,16,1,0,0,1.3901423318033632,0.01
4310,183.75983060623975,30,1,0,0,1.4763629406959526,0.01
4311,203.70963545644855,25,1,0,0,1.1208708353689671,0.01
4312,136.88053257334502,19,1,0,0,1.4649366382980828,0.01
4313,154.19924549155098,19,1,0,0,1.1847245421213566,0.01
4314,142.20617463470194,13,1,0,0,1.467052825101148,0.01
4315,181.52335322810836,24,1,0,0,1.3042528187458622,0.01
4316,197.27951365766432,35,1,0,0,1.2505109152675322,0.01
4317,160.69950907798005,22,1,0,0,1.423766298186456,0.01
4318,168.810911278472,20,1,0,0,1.4092203338710594,0.01
4319,120.74305061718053,10,1,0,0,1.2966925266244889,0.01
4320,163.91545944017074,21,1,0,0,1.3014867131777013,0.01
4321,160.97133169047606,18,1,0,0,1.3681370915794173,0.01
4322,172.42185509034204,22,1,0,0,1.3680693639033203,0.01
4323,197.31774039080787,29,1,0,0,1.217770234724613,0.01
4324,179.67397442570672,23,1,0,0,1.1707471339275806,0.01
4325,151.73030156791114,14,1,0,0,1.0253767188193545,0.01
4326,162.19779221029174,19,1,0,0,1.382701669894121,0.01
4327,174.88187429489176,24,1,0,0,1.450785609454302,0.01
4328,217.895141882826,38,1,0,0,1.1202677797527494,0.01
4329,164.52742257540058,16,1,0,0,1.4808036590986968,0.01
4330,143.06704176205145,12,1,0,0,1.3334322037917126,0.01
4331,182.39779360487347,26,1,0,0,1.4296125319723485,0.01
4332,120.89915174558482,7,1,0,0,1.096104252355178,0.01
4333,184.82631252767487,19,1,0,0,1.1133118515417726,0.01
4334,200.03754689179817,30,1,0,0,1.2896594315792078,0.01
4335,237.94301327956643,47,1,0,0,1.332152854724573,0.01
4336,157.02125493290387,24,1,0,0,1.2862411693662181,0.01
4337,146.3936127791648,13,1,0,0,1.3156731566652973,0.01
4338,187.1381746021566,23,1,0,0,1.2071300600431498,0.01
4339,171.88377024795028,23,1,0,0,1.2615879563722132,0.01
4340,146.6662241231582,21,1,0,0,1.3592753164224078,0.01
4341,189.3153189653906,23,1,0,0,1.467971762131573,0.01
4342,164.40487937034032,17,1,0,0,1.276489525170001,0.01
4343,200.50397214524662,28,1,0,0,1.3993894393355828,0.01
4344,178.5529672206153,25,1,0,0,1.292619870624607,0.01
4345,227.022071248616,43,1,0,0,1.4491013220629467,0.01
4346,142.0715475775831,15,1,0,0,1.3966551433434484,0.01
4347,185.66971582443904,28,1,0,0,1.4183708598169082,0.01
4348,122.35212889361664,7,1,0,0,1.4562964670894476,0.01
4349,272.61722342636216,53,1,0,0,1.3361493680610266,0.01
4350,164.41463587115453,22,1,0,0,1.112107606679304,0.01
4351,135.0591241243394,13,1,0,0,1.177439189296129,0.01
4352,264.9617547156678,55,1,0,0,1.311313968756868,0.01
4353,173.84901473753774,20,1,0,0,1.0487444470445217,0.01
4354,174.10128377765335,20,1,0,0,1.2088494855845986,0.01
4355,179.3523369513918,20,1,0,0,1.4053639952870614,0.01
4356,185.3856491087691,23,1,0,0,1.4155373334122032,0.01
4357,133.60953664303486,9,1,0,0,1.250869468219192,0.01
4358,207.20452893855582,29,1,0,0,1.4990845731121043,0.01
4359,166.68486176037143,20,1,0,0,1.2215256228462423,0.01
4360,-50.0,1,0,1,0,1.7587214375507705,0.01
4361,170.45587054265545,20,1,0,0,1.2713555038739333,0.01
4362,151.47031069073591,12,1,0,0,1.4378334856455455,0.01
4363,152.14037830722367,20,1,0,0,1.3247562675219822,0.01
4364,189.83880984482232,26,1,0,0,1.2614251563896555,0.01
4365,217.67586571109365,30,1,0,0,1.365036276668349,0.01
4366,161.92800539935286,16,1,0,0,1.450044600138783,0.01
4367,168.28075917783514,28,1,0,0,1.2608691179191407,0.01
4368,167.16913494508788,18,1,0,0,1.4371599419983019,0.01
4369,150.15920612076707,15,1,0,0,1.185558102673904,0.01
4370,172.6523380496592,21,1,0,0,1.2286150128732376,0.01
4371,-50.0,1,0,1,0,3.212024510338444,0.01
4372,255.94434784620216,56,1,0,0,1.092991374969981,0.01
4373,224.83242499863667,43,1,0,0,1.2662735290772842,0.01
4374,180.0770192342016,20,1,0,0,1.2870473718506563,0.01
4375,148.60091904335906,20,1,0,0,1.4758954211684254,0.01
4376,151.85306046787514,16,1,0,0,1.446424724908215,0.01
4377,174.35165793764725,21,1,0,0,1.4466811219138715,0.01
4378,181.58374814368935,19,1,0,0,1.2224546051202805,0.01
4379,160.53222945511024,22,1,0,0,1.4361175751991997,0.01
4380,173.5817194817975,25,1,0,0,1.2773004149181804,0.01
4381,139.5737792560179,16,1,0,0,1.2580100751333978,0.01
4382,123.74796708833048,10,1,0,0,1.4674491301381685,0.01
4383,173.33352177656022,19,1,0,0,1.4787022732183042,0.01
4384,223.85215180976175,37,1,0,0,1.3448602828398173,0.01
4385,233.26692109920734,45,1,0,0,1.3033842187501008,0.01
4386,166.70135601800726,18,1,0,0,1.2409870144843078,0.01
4387,164.90085131693115,17,1,0,0,1.424937101988954,0.01
4388,185.56577907720015,25,1,0,0,1.466548235945218,0.01
4389,155.12151105797705,22,1,0,0,1.4767241982756407,0.01
4390,122.8657082992554,11,1,0,0,1.1853466418227945,0.01
4391,215.77947613217037,33,1,0,0,1.3257456047115626,0.01
4392,178.2351410217339,28,1,0,0,1.3990761993600491,0.01
4393,209.4905735181685,26,1,0,0,1.29941447508248,0.01
4394,168.46203971934148,22,1,0,0,1.186301450765868,0.01
4395,163.17941431494836,20,1,0,0,1.3602733162769909,0.01
4396,170.21416414194724,22,1,0,0,1.2849451497304538,0.01
4397,244.40465172765047,48,1,0,0,1.4793348736390806,0.01
4398,171.97175194634258,21,1,0,0,1.393330907927209,0.01
4399,138.36902542190455,15,1,0,0,1.45336366448279,0.01
4400,157.4622954560705,25,1,0,0,1.2506177733504016,0.01
4401,130.78469881272162,19,1,0,0,1.3198979053933393,0.01
4402,150.1458407233837,17,1,0,0,1.4942743424968394,0.01
4403,202.30139452216048,26,1,0,0,1.4306653310990847,0.01
4404,239.46391482153467,43,1,0,0,1.448941494087778,0.01
4405,161.61754701793035,21,1,0,0,1.380511540732708,0.01
4406,180.81229982112382,25,1,0,0,1.4248066448901548,0.01
4407,128.74824681030378,25,1,0,0,1.3749841234014346,0.01
4408,182.8410134546282,22,1,0,0,1.483110376355925,0.01
4409,140.26673948396922,16,1,0,0,1.1333201947370641,0.01
4410,148.94925623495584,14,1,0,0,1.3210790160872254,0.01
4411,178.6271850283988,21,1,0,0,1.18582862715177,0.01
4412,165.294154829556,18,1,0,0,1.479819817097635,0.01
4413,164.73121352352715,18,1,0,0,1.203764501038402,0.01
4414,115.97046300154454,6,1,0,0,1.2338726645528166,0.01
4415,154.83020165728962,18,1,0,0,1.4736470336004623,0.01
4416,141.60252230489,14,1,0,0,1.421600751915096,0.01
4417,165.2491150839503,24,1,0,0,1.3921369309521565,0.01
4418,183.64495223395718,23,1,0,0,1.4561930003949526,0.01
4419,163.2902599042052,15,1,0,0,1.2614756072940674,0.01
4420,222.765794000761,38,1,0,0,1.4804518691365063,0.01
4421,178.13367149992663,19,1,0,0,1.4454961931402288,0.01
4422,149.04400245531733,17,1,0,0,1.4469200373109474,0.01
4423,186.8202810008579,20,1,0,0,1.3424572211575792,0.01
4424,-50.0,1,0,1,0,4.5143375317947,0.01
4425,162.08689716539314,26,1,0,0,1.4165298856273256,0.01
4426,179.57007275850964,20,1,0,0,1.3451572433827725,0.01
4427,126.5369178071529,116,1,0,0,1.4956427820364147,0.01
4428,166.10166930396247,22,1,0,0,1.4191887613998408,0.01
4429,218.7049086156614,34,1,0,0,1.4807090251080854,0.01
4430,193.41564509904708,24,1,0,0,1.272003690631428,0.01
4431,139.31405068392178,20,1,0,0,1.4617213250396686,0.01
4432,178.5502250446276,27,1,0,0,1.2731478169922636,0.01
4433,136.50094244060563,15,1,0,0,1.3921309443189074,0.01
4434,154.03363310125238,25,1,0,0,1.2988075733609292,0.01
4435,-50.0,1,0,1,0,7.8815845114482475,0.01
4436,212.9147615105279,39,1,0,0,1.3912359445048124,0.01
4437,133.20338081165787,10,1,0,0,1.2561952772331126,0.01
4438,219.3319008479354,41,1,0,0,1.2694080558761738,0.01
4439,154.30231113651354,18,1,0,0,1.2517121685531405,0.01
4440,182.2286098204877,21,1,0,0,1.1866006685797417,0.01
4441,144.6193123961852,16,1,0,0,1.3561927474217024,0.01
4442,164.1112223159136,19,1,0,0,1.2906206283893231,0.01
4443,148.02670686162992,17,1,0,0,1.2510949001649263,0.01
4444,147.95591324007356,17,1,0,0,1.3375870310422522,0.01
4445,228.4634666603175,44,1,0,0,1.3816709981018531,0.01
4446,169.7315857835716,27,1,0,0,1.3153343883602115,0.01
4447,174.70318012723254,22,1,0,0,1.2524985946604754,0.01
4448,159.26847302093407,22,1,0,0,1.3591851724019264,0.01
4449,195.1548066359488,28,1,0,0,1.482893671835149,0.01
4450,135.6250607287891,15,1,0,0,1.2224980082490786,0.01
4451,203.11325911851984,34,1,0,0,1.4184349156285738,0.01
4452,160.5494088812246,20,1,0,0,1.2598678923137254,0.01
4453,174.0213842255107,18,1,0,0,1.4413574062500465,0.01
4454,254.1559455531099,60,1,0,0,1.4673073413676248,0.01
4455,192.87783760029686,23,1,0,0,1.100099873823225,0.01
4456,148.57031337192294,17,1,0,0,1.2864662623513818,0.01
4457,149.85682905070388,18,1,0,0,1.2897268921901404,0.01
4458,144.14425452353584,18,1,0,0,1.3446971606897322,0.01
4459,162.3423226029267,23,1,0,0,1.271229674119199,0.01
4460,153.3998117899227,18,1,0,0,1.3999702281375639,0.01
4461,179.38887498144868,26,1,0,0,1.1875090960746553,0.01
4462,171.95462830224912,21,1,0,0,1.2942763178794787,0.01
4463,137.50323423260366,15,1,0,0,1.341069939217754,0.01
4464,153.71783153717183,21,1,0,0,1.0548372281850502,0.01
4465,210.89958146506655,37,1,0,0,1.3757520054984524,0.01
4466,196.85535819662843,27,1,0,0,1.3604497497137564,0.01
4467,180.8938440585202,29,1,0,0,1.2762270659504105,0.01
4468,226.05309781404065,37,1,0,0,1.320521735507412,0.01
4469,188.51490714800792,21,1,0,0,1.1525069750950294,0.01
4470,124.66710651535887,9,1,0,0,1.427987423546079,0.01
4471,234.85770151696568,45,1,0,0,1.3777179608956718,0.01
4472,159.33155424322865,16,1,0,0,1.2571746683461638,0.01
4473,143.86558293614453,15,1,0,0,1.22755765905465,0.01
4474,153.64889582484665,18,1,0,0,1.4067165209494,0.01
4475,200.89953058453102,23,1,0,0,1.2084157236398123,0.01
4476,167.58552684336559,20,1,0,0,1.4155607065772928,0.01
4477,173.31165390130408,23,1,0,0,1.109170395978478,0.01
4478,180.28818098757424,26,1,0,0,1.3389575426006233,0.01
4479,166.94683430472634,20,1,0,0,1.2535852887580685,0.01
4480,136.5364878515288,15,1,0,0,1.209114806636006,0.01
4481,27.467104266211088,200,0,0,1,1.7414388000649619,0.01
4482,157.37678969979677,13,1,0,0,1.4115030893706468,0.01
4483,206.6620548337162,31,1,0,0,1.275511212972559,0.01
4484,168.94579596747735,19,1,0,0,1.3745995777129418,0.01
4485,203.2129833198302,32,1,0,0,1.3406681544613346,0.01
4486,174.02523825139343,21,1,0,0,1.326502096373066,0.01
4487,232.2955156225984,42,1,0,0,1.3239919191104945,0.01
4488,140.56592306786428,12,1,0,0,1.0345085573760315,0.01
4489,160.4010376300293,20,1,0,0,1.3252027313847639,0.01
4490,179.86386817298734,23,1,0,0,1.3155310338738677,0.01
4491,172.68713601760635,20,1,0,0,1.4921972232318281,0.01
4492,178.02174831331044,23,1,0,0,1.264780062253314,0.01
4493,201.72905939240746,25,1,0,0,1.3482992839665646,0.01
4494,164.96065133373986,18,1,0,0,1.4419740021632363,0.01
4495,161.9307791831488,22,1,0,0,1.4991781441242362,0.01
4496,159.02541470526774,16,1,0,0,1.3187895411535868,0.01
4497,203.1470762411813,28,1,0,0,1.4928448081397503,0.01
4498,185.864628316908,22,1,0,0,1.0610976454608974,0.01
4499,160.8154667864844,17,1,0,0,1.1410887738390254,0.01
4500,181.02173047902977,21,1,0,0,1.372984161110213,0.01
4501,174.49997730276579,19,1,0,0,1.3649251993207157,0.01
4502,172.4086301457541,20,1,0,0,1.2940945164324258,0.01
4503,124.60768960580569,10,1,0,0,1.270441141640868,0.01
4504,97.8802210578806,160,1,0,0,1.2052198176388098,0.01
4505,154.93627678068583,15,1,0,0,1.1678648217348453,0.01
4506,166.10976154199625,18,1,0,0,1.1942539719746135,0.01
4507,191.91967612761266,24,1,0,0,1.2481025733217521,0.01
4508,170.56529281691638,17,1,0,0,1.1571195580588616,0.01
4509,154.6033488737021,21,1,0,0,1.4837136500707455,0.01
4510,188.51570322939995,20,1,0,0,1.4387574055666783,0.01
4511,168.19202276468388,25,1,0,0,1.4239224230618759,0.01
4512,156.95165163819576,18,1,0,0,1.297843173878415,0.01
4513,194.71897957814883,23,1,0,0,1.2568007279431452,0.01
4514,145.41539491494933,16,1,0,0,1.2629705800852464,0.01
4515,146.56530365886042,13,1,0,0,1.1835548329126644,0.01
4516,244.78330046937964,47,1,0,0,1.4416154248906936,0.01
4517,-11.03298506802168,12,0,1,0,5.2504597133292314,0.01
4518,181.78298823582483,21,1,0,0,1.2889143428783318,0.01
4519,153.73609681742494,15,1,0,0,1.3230643665467041,0.01
4520,112.95219960081998,4,1,0,0,1.268842854143815,0.01
4521,169.6392386852572,19,1,0,0,1.2840267260370328,0.01
4522,164.98081130743114,18,1,0,0,1.4203609581097107,0.01
4523,154.91725828818497,22,1,0,0,1.4777922374889647,0.01
4524,168.0083161506359,24,1,0,0,1.2969032863822376,0.01
4525,200.32946405878093,27,1,0,0,1.2473395121008668,0.01
4526,194.9380036176811,25,1,0,0,1.355398390828532,0.01
4527,-50.0,1,0,1,0,2.9022514364684833,0.01
4528,231.76957013485315,44,1,0,0,1.4234214315619842,0.01
4529,176.17625634083697,26,1,0,0,1.3447170386992349,0.01
4530,159.07791553554176,18,1,0,0,1.3990377383265182,0.01
4531,151.67365864226696,14,1,0,0,1.2174107774884624,0.01
4532,165.7099937128778,19,1,0,0,1.4567163691259541,0.01
4533,177.10405625481087,23,1,0,0,1.265530911249042,0.01
4534,133.82176704820503,11,1,0,0,1.3075364415947561,0.01
4535,154.5252501358841,21,1,0,0,1.4986434011632082,0.01
4536,187.20882495363654,19,1,0,0,1.350518045457086,0.01
4537,180.74197522988527,21,1,0,0,1.3332655648238612,0.01
4538,230.1105390021802,42,1,0,0,1.3071025404202627,0.01
4539,169.08596803788367,21,1,0,0,1.3183729444212635,0.01
4540,158.9141226370302,16,1,0,0,1.1806251057558872,0.01
4541,168.5365372537697,18,1,0,0,1.3062286070709952,0.01
4542,159.86009673504606,21,1,0,0,1.4799411094157104,0.01
4543,155.826113850412,15,1,0,0,1.3067035794575708,0.01
4544,143.6649282771128,16,1,0,0,1.2838145274518575,0.01
4545,191.73168603756483,23,1,0,0,1.1011610938712981,0.01
4546,143.67598011448254,94,1,0,0,1.4906646489851079,0.01
4547,170.3384605586231,22,1,0,0,1.3337598713986425,0.01
4548,179.54751011755917,27,1,0,0,1.252710460173087,0.01
4549,153.83477392704336,18,1,0,0,1.4993231858286233,0.01
4550,119.50101399469185,7,1,0,0,1.4961821253538121,0.01
4551,191.27664999784056,23,1,0,0,1.3033396932105346,0.01
4552,166.685606903914,18,1,0,0,1.4380707115312044,0.01
4553,138.77963976324662,10,1,0,0,1.364218604045783,0.01
4554,123.79551409014665,12,1,0,0,1.3134686264445976,0.01
4555,220.81191814033252,39,1,0,0,1.3090767249492288,0.01
4556,200.15263481465968,23,1,0,0,1.0215395044716091,0.01
4557,102.49135923140358,4,1,0,0,1.2003005180561128,0.01
4558,132.44226819846352,13,1,0,0,1.458994596296245,0.01
4559,169.35961429302523,23,1,0,0,1.11765650343882,0.01
4560,165.30532628761898,24,1,0,0,1.4486094477706655,0.01
4561,127.50806485281116,10,1,0,0,1.2708925330205816,0.01
4562,168.2104738786227,19,1,0,0,1.235863043420453,0.01
4563,164.0307181949557,21,1,0,0,1.2847401984068312,0.01
4564,166.60961064730375,19,1,0,0,1.3813948964627853,0.01
4565,176.101643110843,24,1,0,0,1.4752481820842547,0.01
4566,163.98646973946236,19,1,0,0,1.3632663781209489,0.01
4567,152.41798762583076,19,1,0,0,1.4772394541543472,0.01
4568,139.49596409923507,15,1,0,0,1.4132258944454281,0.01
4569,185.2495211580672,26,1,0,0,1.3498158529714277,0.01
4570,154.60650048194702,17,1,0,0,1.3045576263853222,0.01
4571,153.64015583073393,22,1,0,0,1.4940157656208937,0.01
4572,248.80344949840529,46,1,0,0,1.3672495562821838,0.01
4573,166.48999681805796,99,1,0,0,1.4568959149212697,0.01
4574,172.51804456271117,20,1,0,0,1.282294350920958,0.01
4575,160.19876725329328,17,1,0,0,1.4370673816976702,0.01
4576,106.8462247845985,3,1,0,0,1.3244183185100507,0.01
4577,161.06484261230827,17,1,0,0,1.2503661352784694,0.01
4578,153.75611003999745,15,1,0,0,1.4425582607053704,0.01
4579,218.1539703292663,35,1,0,0,1.259172475644027,0.01
4580,187.7466719524651,23,1,0,0,1.487943738837615,0.01
4581,111.7859410750253,4,1,0,0,1.4376529521722616,0.01
4582,198.92539708665123,24,1,0,0,1.177327549027832,0.01
4583,188.6756651588465,24,1,0,0,1.4775884834140118,0.01
4584,146.91555514308044,15,1,0,0,1.1602880859872595,0.01
4585,189.34528928646614,24,1,0,0,1.225770054603104,0.01
4586,156.1673156748513,18,1,0,0,1.4512526362048033,0.01
4587,164.500246083661,17,1,0,0,1.206455362919973,0.01
4588,196.39004679530936,25,1,0,0,1.4288913614601102,0.01
4589,207.4054502999815,34,1,0,0,1.4277959775548652,0.01
4590,218.1370326931064,40,1,0,0,1.3931103090419141,0.01
4591,200.4814449802351,30,1,0,0,1.4643786123154894,0.01
4592,179.58141948475986,22,1,0,0,1.1214721459546746,0.01
4593,187.3491833004653,22,1,0,0,1.4336105081738733,0.01
4594,174.68775553110106,23,1,0,0,1.4678506654822991,0.01
4595,159.0399419961168,19,1,0,0,1.4110965026546238,0.01
4596,-50.0,1,0,1,0,5.858546710166432,0.01
4597,167.0525296218883,26,1,0,0,1.2695262356136918,0.01
4598,183.4449155157526,27,1,0,0,1.4320094659732965,0.01
4599,-50.0,1,0,1,0,3.252320328544352,0.01
4600,185.12946484863056,26,1,0,0,1.257990082546073,0.01
4601,199.1776408450182,21,1,0,0,1.1896260481884222,0.01
4602,171.03677370863636,25,1,0,0,1.418993356531115,0.01
4603,167.1664288328248,20,1,0,0,1.3986941536624693,0.01
4604,203.93731151051026,24,1,0,0,1.271060148639434,0.01
4605,149.94462243200923,16,1,0,0,1.436213591793296,0.01
4606,184.63355631360548,21,1,0,0,1.2477733775660613,0.01
4607,185.7697416001595,29,1,0,0,1.2322347291063036,0.01
4608,127.92001026329919,11,1,0,0,1.3411851546546472,0.01
4609,172.12347045746597,19,1,0,0,1.424157734128441,0.01
4610,196.7666398257465,21,1,0,0,1.2042974325498519,0.01
4611,140.30908433297222,16,1,0,0,1.4316041870561471,0.01
4612,150.4534098562117,15,1,0,0,1.2077646713546721,0.01
4613,143.66787517487893,124,1,0,0,1.495576635747831,0.01
4614,160.67997362572046,20,1,0,0,1.495806797768117,0.01
4615,255.1309758841639,49,1,0,0,1.4774608488632346,0.01
4616,140.85828559338236,13,1,0,0,1.2705508976794506,0.01
4617,223.3239530890218,38,1,0,0,1.347451274503668,0.01
4618,224.42593714103876,38,1,0,0,1.4609448519799457,0.01
4619,181.77805271055195,24,1,0,0,1.2579121153779114,0.01
4620,119.29552411612794,11,1,0,0,1.4611658071401907,0.01
4621,148.83180710146593,12,1,0,0,1.162332700407101,0.01
4622,234.92567448325858,47,1,0,0,1.1888857601187814,0.01
4623,120.21984457917922,85,1,0,0,1.3782037820359538,0.01
4624,-16.583290661578502,10,0,1,0,7.019908994574435,0.01
4625,237.21220764251268,49,1,0,0,1.3248242802840553,0.01
4626,84.46629928319273,112,1,0,0,1.3186995571065345,0.01
4627,177.813304566517,22,1,0,0,1.3864356649151677,0.01
4628,147.2065750566321,16,1,0,0,1.4689875180264707,0.01
4629,173.88161209125425,20,1,0,0,1.4739713975650883,0.01
4630,158.75673178073865,21,1,0,0,1.41715113527397,0.01
4631,-48.40989193594969,5,0,1,0,11.026882316187502,0.01
4632,139.12999124173052,13,1,0,0,1.2270394055447102,0.01
4633,152.38304518497102,20,1,0,0,1.3799421608674087,0.01
4634,173.21796867034402,20,1,0,0,1.3299557643835793,0.01
4635,100.0,1,1,0,0,0.8292304736378054,0.01
4636,232.61436561487423,41,1,0,0,1.3163022749228228,0.01
4637,161.4241194142275,19,1,0,0,1.313765144358374,0.01
4638,156.87687027113344,20,1,0,0,1.4155099701636435,0.01
4639,242.30841506282263,45,1,0,0,1.3154381759519085,0.01
4640,161.51565322441462,16,1,0,0,1.3952174034798641,0.01
4641,-50.0,1,0,1,0,2.378929522905572,0.01
4642,218.2871060240569,42,1,0,0,1.3907223678447147,0.01
4643,134.77942389283945,16,1,0,0,1.377562230258687,0.01
4644,-19.921892575762218,200,0,0,1,2.6064696048759504,0.01
4645,127.64760020246842,12,1,0,0,1.0162295812809068,0.01
4646,-21.462736453923995,10,0,1,0,7.183047584274079,0.01
4647,165.30946566113928,23,1,0,0,1.3779731355965001,0.01
4648,118.53768836482959,8,1,0,0,0.9932101574874054,0.01
4649,-50.0,1,0,1,0,9.635841491799573,0.01
4650,133.3688584178294,14,1,0,0,1.3933556432075138,0.01
4651,179.7808400933723,23,1,0,0,1.2329500402218618,0.01
4652,169.9250894243024,21,1,0,0,1.4228584661130526,0.01
4653,210.88976988652615,27,1,0,0,1.201984153766218,0.01
4654,183.72015725413553,21,1,0,0,1.1477204544337043,0.01
4655,191.39932145176851,25,1,0,0,1.3998381576925734,0.01
4656,135.54277590110158,16,1,0,0,1.2105673256451748,0.01
4657,167.49300008361593,24,1,0,0,1.1615879922467252,0.01
4658,177.16883689608505,24,1,0,0,1.1867655542268294,0.01
4659,161.59040669588563,18,1,0,0,1.2972239703514992,0.01
4660,162.32679332214656,17,1,0,0,1.274456496249772,0.01
4661,177.0259098774889,20,1,0,0,1.3024847941599373,0.01
4662,168.48678325122506,21,1,0,0,1.3524116720695825,0.01
4663,148.26802157852137,16,1,0,0,1.439238725842767,0.01
4664,179.82081787907435,22,1,0,0,1.1207467257767911,0.01
4665,174.09633442412374,19,1,0,0,1.3653610380960752,0.01
4666,185.14540338018813,27,1,0,0,1.4586926262320536,0.01
4667,163.71577433884497,19,1,0,0,1.491606475453009,0.01
4668,187.47582430548863,26,1,0,0,1.2545354837119986,0.01
4669,207.70962009234916,24,1,0,0,1.1784541522523846,0.01
4670,188.53924706088125,23,1,0,0,1.1565967619787758,0.01
4671,201.09523663934476,26,1,0,0,1.2031390510103903,0.01
4672,138.73843415657586,14,1,0,0,1.4671139237798902,0.01
4673,150.29520923526673,18,1,0,0,1.3464015673035274,0.01
4674,-50.0,1,0,1,0,5.992141105875376,0.01
4675,177.50303968942626,23,1,0,0,1.459854714108084,0.01
4676,197.31564243036223,27,1,0,0,1.4090462190774475,0.01
4677,204.1216639940372,27,1,0,0,1.0935831159408675,0.01
4678,168.2713379795003,24,1,0,0,1.2650848249855098,0.01
4679,163.5202991107911,25,1,0,0,1.3985891569645112,0.01
4680,167.0738866504143,18,1,0,0,1.479539389038305,0.01
4681,190.4342273729353,26,1,0,0,1.3339310199280279,0.01
4682,237.6426897661464,48,1,0,0,1.4364743919813492,0.01
4683,-50.0,1,0,1,0,5.89675521432241,0.01
4684,165.69532130594982,17,1,0,0,1.240082624785713,0.01
4685,131.37005934905338,13,1,0,0,1.279399028026127,0.01
4686,132.55397732669724,15,1,0,0,1.3612314187899763,0.01
4687,129.18585760561544,9,1,0,0,1.428881988555239,0.01
4688,175.3334342783475,22,1,0,0,1.3668591773749215,0.01
4689,100.0,1,1,0,0,1.2325234724612963,0.01
4690,158.9653707665796,23,1,0,0,1.4830790243007617,0.01
4691,223.3577674228988,38,1,0,0,1.2037115627575925,0.01
4692,140.65128183128076,16,1,0,0,1.4965561641489629,0.01
4693,141.25735231029867,19,1,0,0,1.4659713368920824,0.01
4694,175.96867806648424,20,1,0,0,1.4522548338085122,0.01
4695,139.67504463492236,12,1,0,0,1.4353107205960491,0.01
4696,139.35343269009317,17,1,0,0,1.4999036556746348,0.01
4697,151.51335768673815,14,1,0,0,1.496428820424138,0.01
4698,168.35931034792424,23,1,0,0,1.4117748579267706,0.01
4699,171.0596920750972,20,1,0,0,1.39844697365955,0.01
4700,162.75536579484947,23,1,0,0,1.3034134661316603,0.01
4701,198.04796670781454,30,1,0,0,1.3061749960946072,0.01
4702,140.27193728366393,15,1,0,0,1.2948398785416138,0.01
4703,168.25291495915826,21,1,0,0,1.492692724126542,0.01
4704,159.84785741321653,21,1,0,0,1.375479558734255,0.01
4705,229.24108522857853,37,1,0,0,1.3945418186460934,0.01
4706,121.12572387114773,12,1,0,0,1.3268062715500324,0.01
4707,193.21940942562537,21,1,0,0,1.4847059901674657,0.01
4708,171.29986067101783,20,1,0,0,1.2593478862652308,0.01
4709,181.98585535544197,24,1,0,0,1.461722467531079,0.01
4710,241.36711883681866,46,1,0,0,1.17018557471135,0.01
4711,137.20723035089497,16,1,0,0,1.4356827974294346,0.01
4712,119.94493639539155,9,1,0,0,1.2565405210246248,0.01
4713,208.69584425533282,35,1,0,0,1.2928883378501077,0.01
4714,141.62133350975455,12,1,0,0,1.340458287747599,0.01
4715,148.43790275411965,24,1,0,0,1.2214966593850651,0.01
4716,138.5986364297928,14,1,0,0,1.4353827894752453,0.01
4717,151.15919080120176,15,1,0,0,1.4817818747700855,0.01
4718,172.4044583914761,24,1,0,0,1.3831513969420184,0.01
4719,169.47596867413966,18,1,0,0,1.2608609865061902,0.01
4720,256.7171332567264,50,1,0,0,1.3460088025737258,0.01
4721,195.3036821315441,26,1,0,0,1.237983097807691,0.01
4722,178.54919745216475,20,1,0,0,1.3280656608076309,0.01
4723,151.21212891949799,15,1,0,0,1.400018413434291,0.01
4724,164.4070714718806,22,1,0,0,1.3386971598812325,0.01
4725,176.77775427409966,21,1,0,0,1.2567000718067265,0.01
4726,181.05788683371725,25,1,0,0,1.213896582518483,0.01
4727,153.29106112354123,19,1,0,0,1.4337955240315658,0.01
4728,161.17135779002308,20,1,0,0,1.2499997356978088,0.01
4729,117.74721555922227,6,1,0,0,1.1750670996885229,0.01
4730,209.1340269712499,35,1,0,0,1.194552956584475,0.01
4731,247.13253393246148,48,1,0,0,1.2939957974179053,0.01
4732,174.23532034136258,25,1,0,0,1.3739850579427086,0.01
4733,147.18047541075305,15,1,0,0,1.3106558079466588,0.01
4734,183.87261047117093,21,1,0,0,1.2272669320051546,0.01
4735,172.76446540539268,24,1,0,0,1.2382413423453584,0.01
4736,171.50422719697255,20,1,0,0,1.2981307290106794,0.01
4737,43.8608416279058,200,0,0,1,1.7018028975835546,0.01
4738,225.4183014853234,36,1,0,0,1.4119856923155405,0.01
4739,168.39586380664934,17,1,0,0,1.2923514074279758,0.01
4740,191.31124883843705,24,1,0,0,1.1844899362633288,0.01
4741,252.7839638483803,44,1,0,0,1.2280113572835043,0.01
4742,251.38729065499695,48,1,0,0,1.2630802188700625,0.01
4743,182.91427718511335,24,1,0,0,1.3297534255795103,0.01
4744,206.64214636675854,32,1,0,0,1.2146590622181725,0.01
4745,191.31788359542682,25,1,0,0,1.3410874591283621,0.01
4746,185.11385355443002,24,1,0,0,1.4241587139869767,0.01
4747,169.66424312138201,18,1,0,0,1.347675671264507,0.01
4748,233.3665694405115,43,1,0,0,1.4661710892853839,0.01
4749,166.65492929926452,19,1,0,0,1.3647047393288045,0.01
4750,188.37849775740563,23,1,0,0,1.4606499951252063,0.01
4751,172.82578548249734,25,1,0,0,1.181527633255593,0.01
4752,124.8759151372527,17,1,0,0,1.4273692050624742,0.01
4753,253.45879971317947,49,1,0,0,1.1968796711162217,0.01
4754,133.1583504778511,13,1,0,0,1.2617913541049048,0.01
4755,174.67528241594772,20,1,0,0,1.275639905838977,0.01
4756,172.57403856353628,20,1,0,0,1.3935672211633874,0.01
4757,161.7973732701593,21,1,0,0,1.1623191656743286,0.01
4758,196.78303503487425,28,1,0,0,1.3043337719045918,0.01
4759,31.360194074730742,200,0,0,1,1.972608708798869,0.01
4760,105.31340852316754,3,1,0,0,1.2467906763334384,0.01
4761,166.68526834099958,23,1,0,0,1.3786781515570403,0.01
4762,179.37727714527585,21,1,0,0,1.2685627225167158,0.01
4763,192.44645598013358,28,1,0,0,1.3668775290269668,0.01
4764,133.82841563590932,8,1,0,0,1.4366569528692246,0.01
4765,180.29111610264107,26,1,0,0,1.3209154679962627,0.01
4766,158.12188025017883,21,1,0,0,1.125270838816838,0.01
4767,170.62836002706547,19,1,0,0,1.4657483006145087,0.01
4768,184.4118368112516,26,1,0,0,1.2499188890880464,0.01
4769,201.12734769127545,32,1,0,0,1.263433232951988,0.01
4770,-50.0,1,0,1,0,4.2890779830793,0.01
4771,142.4922972279852,15,1,0,0,1.4193719912814964,0.01
4772,176.80715245036242,17,1,0,0,1.1307789224985147,0.01
4773,200.1138304761834,30,1,0,0,1.321174677606004,0.01
4774,170.91527469472467,19,1,0,0,1.4540114938038444,0.01
4775,139.89576022018943,17,1,0,0,1.4730319136122956,0.01
4776,151.40588645892495,50,1,0,0,1.1089503982226006,0.01
4777,183.49204217143483,21,1,0,0,1.2978221060012585,0.01
4778,158.34542080646509,19,1,0,0,1.49209991059443,0.01
4779,186.37172496762486,22,1,0,0,1.2842705934982017,0.01
4780,134.47557520097615,10,1,0,0,1.2965637504126672,0.01
4781,174.09022626089458,19,1,0,0,1.3469242765711782,0.01
4782,128.9379135287879,12,1,0,0,1.379288016920621,0.01
4783,150.34453260049534,16,1,0,0,1.20695970548396,0.01
4784,159.61912089237856,23,1,0,0,1.4848774025708333,0.01
4785,126.91995866098988,12,1,0,0,1.3496642025336916,0.01
4786,114.29738041946409,7,1,0,0,1.4756851415576986,0.01
4787,185.0931583787849,22,1,0,0,1.311899108931272,0.01
4788,151.2628817549584,13,1,0,0,1.0754884801735436,0.01
4789,172.52837731892038,20,1,0,0,1.3647046433934549,0.01
4790,176.6502408004681,22,1,0,0,1.224329822525024,0.01
4791,140.9150016733151,20,1,0,0,1.3785722907284472,0.01
4792,166.23160125206414,24,1,0,0,1.3882083364738278,0.01
4793,184.6181820936547,32,1,0,0,1.429582353132882,0.01
4794,180.3588119032761,20,1,0,0,1.2003206770886623,0.01
4795,154.83016449804057,22,1,0,0,1.28985094071657,0.01
4796,144.99283523378065,15,1,0,0,1.247923815915144,0.01
4797,152.46076957468992,16,1,0,0,1.2965732798586416,0.01
4798,155.695354744378,21,1,0,0,1.1951129112777525,0.01
4799,150.66435157662326,19,1,0,0,1.4654529357369874,0.01
4800,181.7859403644116,26,1,0,0,1.421451137925309,0.01
4801,183.870762144203,19,1,0,0,1.330836247317233,0.01
4802,186.222376839413,27,1,0,0,1.446608228312605,0.01
4803,168.47210593701203,22,1,0,0,1.326003587358868,0.01
4804,170.65057895913375,34,1,0,0,1.3779151224288277,0.01
4805,130.84246911727467,21,1,0,0,1.1058749743419132,0.01
4806,155.42352014612615,23,1,0,0,1.3606646973939445,0.01
4807,178.9106470542945,23,1,0,0,1.282432928163477,0.01
4808,263.51750823030847,52,1,0,0,1.3954739616221556,0.01
4809,175.4084591687996,22,1,0,0,1.1434531664201024,0.01
4810,184.38593947092164,22,1,0,0,1.1368170646967393,0.01
4811,179.8525646307142,28,1,0,0,1.3929817422253903,0.01
4812,215.10070401618538,39,1,0,0,1.313759022506773,0.01
4813,189.69840069822126,26,1,0,0,1.2358223643951582,0.01
4814,176.82277019067513,21,1,0,0,1.1957786366723344,0.01
4815,186.50859020453527,26,1,0,0,1.3119393907184078,0.01
4816,180.70739304955896,20,1,0,0,1.4964029527894263,0.01
4817,173.41303830056546,23,1,0,0,1.2290812516249778,0.01
4818,161.37450891827746,16,1,0,0,1.2806957750465455,0.01
4819,165.98957134421585,22,1,0,0,1.0766171929327348,0.01
4820,230.74060944948505,35,1,0,0,1.461322727678438,0.01
4821,154.30188673998396,25,1,0,0,1.3198583918534539,0.01
4822,152.63648262396669,17,1,0,0,1.3081132551046064,0.01
4823,183.53495737089622,19,1,0,0,1.4269595030342792,0.01
4824,124.01816843443355,9,1,0,0,1.153877421783522,0.01
4825,-50.0,1,0,1,0,5.128380161425403,0.01
4826,126.76256207066427,8,1,0,0,1.3552187093751948,0.01
4827,132.2210521305928,12,1,0,0,1.2081010311507772,0.01
4828,144.328491498247,17,1,0,0,1.204302252772705,0.01
4829,284.0378907933639,57,1,0,0,1.424194505526047,0.01
4830,164.8486649185038,23,1,0,0,1.4913941118364722,0.01
4831,181.3169299325739,19,1,0,0,1.2997889946285142,0.01
4832,159.68521409629747,21,1,0,0,1.3253037943803991,0.01
4833,135.44065906324963,12,1,0,0,1.1293371253996414,0.01
4834,164.50886635186868,24,1,0,0,1.228979593860106,0.01
4835,183.51134836266118,24,1,0,0,1.275709363156271,0.01
4836,265.5856958890778,57,1,0,0,1.351226250669915,0.01
4837,243.64697015236177,44,1,0,0,1.4289269559398268,0.01
4838,234.6339135215543,45,1,0,0,1.4939245124940428,0.01
4839,213.70308799264456,36,1,0,0,1.4796760135229863,0.01
4840,14.223113749402852,200,0,0,1,2.567993052779636,0.01
4841,116.88820103686098,13,1,0,0,1.4073325703103656,0.01
4842,162.06606196241202,21,1,0,0,1.4209613382550819,0.01
4843,158.32250750069545,25,1,0,0,1.3322833407471069,0.01
4844,126.43584911037932,15,1,0,0,1.2823994027985117,0.01
4845,188.34280592300388,23,1,0,0,1.1845467947128316,0.01
4846,220.34185532804622,39,1,0,0,1.2895041244818324,0.01
4847,241.64233905748404,42,1,0,0,1.470309754073352,0.01
4848,189.36122043088207,24,1,0,0,1.4528424377597773,0.01
4849,128.9750607745275,13,1,0,0,1.3161105836858873,0.01
4850,206.83343529327522,28,1,0,0,1.3593063455500247,0.01
4851,193.39457507332105,24,1,0,0,1.4602480418396044,0.01
4852,170.22399776667663,22,1,0,0,1.3377548260932952,0.01
4853,207.0618794894466,33,1,0,0,1.2219770045992364,0.01
4854,186.8495618145996,28,1,0,0,1.2430758998403275,0.01
4855,172.93934839449474,18,1,0,0,1.2739254205429205,0.01
4856,157.61714669678227,16,1,0,0,1.4013641890399609,0.01
4857,189.6095081201717,24,1,0,0,1.299842949579836,0.01
4858,152.24575348536158,19,1,0,0,1.388701595681125,0.01
4859,-14.373582518967282,9,0,1,0,5.1071722402467365,0.01
4860,148.89569058379115,21,1,0,0,1.455245210487938,0.01
4861,132.0114561406922,10,1,0,0,1.2631760761143922,0.01
4862,174.04609701672467,25,1,0,0,1.0920292688497857,0.01
4863,210.20520349835584,27,1,0,0,1.3622024945313616,0.01
4864,170.66421234446207,20,1,0,0,1.3409126266739309,0.01
4865,151.60682418923957,14,1,0,0,1.31099001200839,0.01
4866,184.36805670581072,19,1,0,0,1.3528045760633474,0.01
4867,140.12405339561485,15,1,0,0,1.4652293781914676,0.01
4868,175.5280908254571,26,1,0,0,1.3755479259760204,0.01
4869,-50.0,1,0,1,0,9.100485753463719,0.01
4870,150.4667741096709,17,1,0,0,1.369892811295577,0.01
4871,154.90366195628457,18,1,0,0,1.3930194163814094,0.01
4872,-50.0,1,0,1,0,4.453311923805323,0.01
4873,185.79857260857708,30,1,0,0,1.446412411262579,0.01
4874,150.65904805354498,17,1,0,0,1.4556179988314524,0.01
4875,163.07108082695305,18,1,0,0,1.412571755042323,0.01
4876,149.7078844204852,15,1,0,0,1.4373624174701496,0.01
4877,169.68385749989932,25,1,0,0,1.3488735660804572,0.01
4878,165.26942775555702,23,1,0,0,1.2166975992856375,0.01
4879,147.06968958655764,22,1,0,0,1.4126228376973713,0.01
4880,143.68173160529005,20,1,0,0,1.4493710474045078,0.01
4881,150.75812545611188,14,1,0,0,1.1975759612042733,0.01
4882,173.30594894385638,23,1,0,0,1.4204025172948656,0.01
4883,158.36380213388196,21,1,0,0,1.1646278474911742,0.01
4884,187.93620155747206,27,1,0,0,1.303202508892629,0.01
4885,189.67406427255088,23,1,0,0,1.2038211759805924,0.01
4886,116.97353384883549,5,1,0,0,1.3666198904031392,0.01
4887,175.0685109017152,23,1,0,0,1.336219838250145,0.01
4888,153.0404642957497,25,1,0,0,1.2748234104478482,0.01
4889,148.57324892019426,17,1,0,0,1.4237108986763727,0.01
4890,132.7943498099797,13,1,0,0,1.4891497629916484,0.01
4891,178.53469956815792,23,1,0,0,1.336474369032112,0.01
4892,199.44692459136527,24,1,0,0,1.3534119116283574,0.01
4893,171.4236209235013,21,1,0,0,1.4348567306244995,0.01
4894,167.67924285711865,25,1,0,0,1.2816306694932702,0.01
4895,134.09727619271214,13,1,0,0,1.3110014227682547,0.01
4896,158.64192436891096,15,1,0,0,1.2830411818923828,0.01
4897,167.3122426776082,21,1,0,0,1.44770269065535,0.01
4898,213.4106405537846,28,1,0,0,1.2395896759338942,0.01
4899,171.53622534474619,19,1,0,0,1.4185942765639,0.01
4900,162.21041862036057,19,1,0,0,1.3510336516474326,0.01
4901,151.97876897899567,16,1,0,0,1.4556430799748186,0.01
4902,210.526689551712,35,1,0,0,1.2717709171248879,0.01
4903,197.31653973004057,27,1,0,0,1.315088693366099,0.01
4904,195.1238263410915,25,1,0,0,1.3811361220750538,0.01
4905,197.0208802196749,28,1,0,0,1.2676794219817882,0.01
4906,156.02790530373915,19,1,0,0,1.2394201759912427,0.01
4907,184.45489094902308,18,1,0,0,1.2519558216383353,0.01
4908,149.7697805927978,16,1,0,0,1.4279005607336852,0.01
4909,151.92388323748997,17,1,0,0,1.4845303849017009,0.01
4910,157.84903206776852,18,1,0,0,1.3336469697564401,0.01
4911,161.0367417093896,17,1,0,0,1.244927915427539,0.01
4912,132.42643092269998,11,1,0,0,1.2439791302576912,0.01
4913,182.9590640251064,28,1,0,0,1.2932030515581243,0.01
4914,-13.51378938167601,200,0,0,1,2.100335683621823,0.01
4915,145.07366013749026,13,1,0,0,1.3468922109260084,0.01
4916,160.16852710748327,16,1,0,0,1.46855857127397,0.01
4917,209.30844015444364,24,1,0,0,1.1549371437574973,0.01
4918,153.00657424660955,17,1,0,0,1.3825156636153542,0.01
4919,174.0648403100825,19,1,0,0,1.216211020067663,0.01
4920,172.62114107882653,22,1,0,0,1.2769918632175008,0.01
4921,237.32074760411555,42,1,0,0,1.2924211143340987,0.01
4922,136.3740403197559,16,1,0,0,1.1913479266634568,0.01
4923,216.92189854453352,37,1,0,0,1.3889634054638937,0.01
4924,168.09011008697098,21,1,0,0,1.4505728996865042,0.01
4925,172.88645666776182,22,1,0,0,1.2958765531221828,0.01
4926,185.05028579666688,26,1,0,0,1.3272392417022998,0.01
4927,157.08142584797406,18,1,0,0,1.4758973099792183,0.01
4928,207.66514851595656,30,1,0,0,1.434869441206448,0.01
4929,134.9608434073989,14,1,0,0,1.3601841278128344,0.01
4930,168.08454667238885,18,1,0,0,1.4332808095080538,0.01
4931,142.43655836537758,11,1,0,0,1.181587830235462,0.01
4932,128.73439597279665,10,1,0,0,1.363468390491675,0.01
4933,161.85378128822188,19,1,0,0,1.362738584576955,0.01
4934,205.88448701766018,26,1,0,0,1.463401424589084,0.01
4935,189.95611743829443,25,1,0,0,1.2647563546375664,0.01
4936,226.81259997060977,38,1,0,0,1.2731943894798488,0.01
4937,154.90470215491914,17,1,0,0,1.2436685663233955,0.01
4938,205.9059326770835,29,1,0,0,1.2887375391198468,0.01
4939,193.61162684433083,34,1,0,0,1.1851759131651287,0.01
4940,257.416215590814,46,1,0,0,1.36762404111911,0.01
4941,127.33362765114117,11,1,0,0,1.310036722549971,0.01
4942,143.46328420001134,17,1,0,0,1.1073300868462939,0.01
4943,170.01840245237506,23,1,0,0,1.2893784481919515,0.01
4944,151.81563618247222,19,1,0,0,1.426727096294075,0.01
4945,182.9853185092315,21,1,0,0,1.449087956077217,0.01
4946,231.79019098305685,43,1,0,0,1.2903966716457191,0.01
4947,152.04990040645689,14,1,0,0,1.2169688265219787,0.01
4948,185.51636359451425,24,1,0,0,1.2934832320887713,0.01
4949,170.00510897611497,27,1,0,0,1.410198031934493,0.01
4950,246.68731949145288,45,1,0,0,1.3818048610088038,0.01
4951,125.0459183551969,7,1,0,0,1.167615653617469,0.01
4952,170.75726757515588,22,1,0,0,1.359456651405292,0.01
4953,173.69853975031572,17,1,0,0,1.4202462114410868,0.01
4954,182.75863127958536,24,1,0,0,1.47660062087378,0.01
4955,169.97864176748453,19,1,0,0,1.3344956572987934,0.01
4956,160.2679363863502,38,1,0,0,1.4388613849244996,0.01
4957,120.46097891376043,10,1,0,0,1.3384998318854266,0.01
4958,213.13140589194504,30,1,0,0,1.3841456717594798,0.01
4959,172.769709505685,20,1,0,0,1.2665278409095477,0.01
4960,197.66677764252836,35,1,0,0,1.3028665216822855,0.01
4961,146.88295357142843,16,1,0,0,1.2918458440256877,0.01
4962,162.2240329373534,22,1,0,0,1.4447368748254847,0.01
4963,155.70424402600509,18,1,0,0,1.1630430470291446,0.01
4964,160.37220488897634,22,1,0,0,1.3596433772886,0.01
4965,180.17485260891652,23,1,0,0,1.3914746001741882,0.01
4966,158.62099952310012,15,1,0,0,1.315902518456427,0.01
4967,181.35491205875394,26,1,0,0,1.3314419180148973,0.01
4968,174.62354860241223,23,1,0,0,1.2840206963967875,0.01
4969,205.21800565176767,23,1,0,0,1.3516792343213726,0.01
4970,146.6656724168821,15,1,0,0,1.4139195991408346,0.01
4971,117.21881822417299,8,1,0,0,1.3054434923150402,0.01
4972,152.68555974555105,18,1,0,0,1.1813559643564309,0.01
4973,142.47778075339937,17,1,0,0,1.4601401783503447,0.01
4974,132.142451153491,73,1,0,0,1.372303527693161,0.01
4975,176.12345484260464,23,1,0,0,1.247246512942329,0.01
4976,218.29147119555,34,1,0,0,1.3234662977508764,0.01
4977,170.4473741727478,21,1,0,0,1.3459345640742284,0.01
4978,184.83035540597223,20,1,0,0,1.484945474598811,0.01
4979,177.03723124085485,27,1,0,0,1.2199145405925071,0.01
4980,176.18852338884096,22,1,0,0,1.4808685489670794,0.01
4981,166.58996057148948,19,1,0,0,1.1741575991623299,0.01
4982,189.04647312061667,25,1,0,0,1.4109431145685734,0.01
4983,153.94709349043364,15,1,0,0,1.3715846670490008,0.01
4984,194.13013548342147,23,1,0,0,1.2356157304971709,0.01
4985,168.44572060861347,17,1,0,0,1.2534231205884852,0.01
4986,163.6198998619763,23,1,0,0,1.301929488589456,0.01
4987,116.15966300246029,11,1,0,0,1.1506377741084033,0.01
4988,176.16950914834604,22,1,0,0,1.4295104096870632,0.01
4989,169.02036032613267,21,1,0,0,1.259494531729314,0.01
4990,166.0749752522924,19,1,0,0,1.3550547110332574,0.01
4991,185.83877723179046,24,1,0,0,1.250716536462879,0.01
4992,151.73316158042678,17,1,0,0,1.437596941466586,0.01
4993,183.20556965888173,19,1,0,0,1.2187629993655513,0.01
4994,153.5483478949816,18,1,0,0,1.4434993400609577,0.01
4995,175.6428266188134,22,1,0,0,1.3020697495003368,0.01
4996,-50.0,1,0,1,0,5.005932190997652,0.01
4997,159.82602927837019,21,1,0,0,1.4455649681826428,0.01
4998,115.82486514230033,5,1,0,0,1.2650668317520877,0.01
4999,175.0765964196547,21,1,0,0,1.3917064776692254,0.01
