episode,reward,steps,train_success,train_collision,train_timeout,final_distance,exploration_noise
0,17.20779588767856,200,0,0,1,16.640789827108115,0.2
1,13.749645918248465,200,0,0,1,7.978199122954861,0.1998
2,27.23954758142781,200,0,0,1,6.504056274558066,0.1996002
3,33.500373154656764,200,0,0,1,7.150877409519891,0.19940059980000002
4,-35.06895442040451,200,0,0,1,5.84158187093155,0.19920119920020002
5,-133.70183602286264,69,0,0,0,19.19570387389051,0.19900199800099982
6,-175.6463588283419,40,0,0,0,18.472008597419293,0.1988029960029988
7,-134.1706768305966,50,0,0,0,16.651890709077737,0.19860419300699583
8,-156.60659097092395,42,0,0,0,16.084127096361968,0.19840558881398881
9,-104.07531235065329,58,0,0,0,14.305701472852084,0.19820718322517483
10,-61.09194750767169,55,0,0,0,11.126367326213142,0.19800897604194967
11,-198.9114015196687,61,0,0,0,22.070022566073423,0.1978109670659077
12,-153.61642570904644,38,0,0,0,19.1939165627956,0.19761315609884178
13,-49.10218905279285,62,0,0,0,11.964788265672375,0.19741554294274297
14,-84.15059244353601,61,0,0,0,11.815166454037465,0.1972181273998002
15,-143.86412687549796,58,0,0,0,14.151777039288147,0.1970209092724004
16,-160.35922196464725,52,0,0,0,14.877499317380106,0.196823888363128
17,-72.8828241587368,56,0,0,0,10.809955388616862,0.19662706447476488
18,100.0,1,1,0,0,1.142504886774692,0.1964304374102901
19,-31.143504790269446,43,0,0,0,8.309055843571475,0.19623400697287982
20,-81.47317229745589,69,0,0,0,14.20964177889643,0.19603777296590696
21,-33.05221636723374,46,0,0,0,7.956580307943811,0.19584173519294104
22,-99.99283436227,56,0,0,0,13.051669830270944,0.19564589345774808
23,7.370299315213437,71,0,0,0,9.65766900342812,0.19545024756429036
24,28.82816922167906,72,0,0,0,8.001035801268404,0.19525479731672604
25,-110.06000357915387,54,0,0,0,12.050658395296121,0.19505954251940932
26,-61.24235774725881,56,0,0,0,12.45783393104901,0.19486448297688994
27,-102.31372517589149,60,0,0,0,11.654998661703708,0.19466961849391304
28,-118.80366938893752,52,0,0,0,11.255017954939941,0.19447494887541913
29,-71.10822249430693,42,0,0,0,10.430358722299516,0.19428047392654368
30,-2.665931145679366,42,0,0,0,5.662956300526518,0.19408619345261716
31,138.70830518649416,17,1,0,0,1.4907269966654682,0.19389210725916453
32,-72.53957509066319,61,0,0,0,11.542490192387874,0.19369821515190536
33,-64.2863438372754,54,0,0,0,11.079972913748179,0.19350451693675347
34,-12.057674556708456,55,0,0,0,8.313620301256192,0.1933110124198167
35,-74.71068682085283,45,0,0,0,9.409178787435541,0.1931177014073969
36,-53.884007936630134,37,0,0,0,7.1213806076096215,0.1929245837059895
37,6.8841165945404015,70,0,0,0,8.103626828238335,0.19273165912228352
38,-59.163749948714596,50,0,0,0,9.556687155228348,0.19253892746316123
39,137.77770184985147,16,1,0,0,1.4319637424739693,0.19234638853569808
40,-130.95154371293242,51,0,0,0,15.319336925098765,0.19215404214716236
41,-39.84214970732628,40,0,0,0,6.082863786420062,0.19196188810501522
42,-87.14487217580506,62,0,0,0,11.11614939890104,0.1917699262169102
43,60.72160249704419,200,0,0,1,6.711013325738307,0.19157815629069327
44,141.1247542553688,200,0,0,1,3.2480975440362303,0.1913865781344026
45,162.49626349566626,24,1,0,0,1.474517797639149,0.19119519155626818
46,118.90690433703165,200,0,0,1,4.796649992676723,0.1910039963647119
47,91.02499676558452,200,0,0,1,2.8485122173340995,0.1908129923683472
48,11.98669117551955,200,0,0,1,8.429893297176127,0.19062217937597886
49,181.1513094979214,88,1,0,0,1.4820805079067012,0.19043155719660287
50,66.08175156023957,200,0,0,1,3.3488275970171197,0.1902411256394063
51,47.997484834461,200,0,0,1,2.7076208895130556,0.19005088451376687
52,-55.065729434376266,198,0,0,0,7.962204540798785,0.1898608336292531
53,152.55675997359995,20,1,0,0,1.479464195095965,0.18967097279562384
54,55.139863780567666,200,0,0,1,1.6862725842312183,0.1894813018228282
55,8.053854147081916,200,0,0,1,4.283674908167211,0.18929182052100538
56,26.93233337142074,200,0,0,1,3.5809939952747225,0.18910252870048438
57,213.69482282111565,63,1,0,0,1.4516165697566925,0.1889134261717839
58,207.86289737202333,191,1,0,0,1.488528264685209,0.1887245127456121
59,64.04048351570616,200,0,0,1,3.4037717371003295,0.1885357882328665
60,162.24667347457793,36,1,0,0,1.4486826646247277,0.18834725244463366
61,147.11334530038232,18,1,0,0,1.4757524605285313,0.188158905192189
62,184.01553847692648,112,1,0,0,1.4943807188326423,0.18797074628699684
63,146.92050895256486,52,1,0,0,1.490555459669072,0.18778277554070982
64,55.485733041605776,200,0,0,1,1.6837402459624544,0.1875949927651691
65,186.18636883455852,27,1,0,0,1.4392019193462675,0.18740739777240395
66,149.54925636028048,93,1,0,0,1.4410354516145478,0.18721999037463155
67,111.50866887151311,6,1,0,0,1.4749858075907296,0.18703277038425692
68,147.9276349529869,153,1,0,0,1.429278525305185,0.18684573761387266
69,154.51238323652564,37,1,0,0,1.4599176958378584,0.18665889187625878
70,201.3022388577612,36,1,0,0,1.4707684938610712,0.18647223298438254
71,170.07232586393093,63,1,0,0,1.4565459038243536,0.18628576075139813
72,142.01433396978032,15,1,0,0,1.3325915825285037,0.18609947499064672
73,141.89097097210353,200,0,0,1,4.49906860552892,0.1859133755156561
74,75.7648250267314,200,0,0,1,2.846440334375562,0.18572746214014044
75,171.142364933658,66,1,0,0,1.4852728054578186,0.18554173467800028
76,159.9010966345822,146,1,0,0,1.473040868046034,0.18535619294332228
77,143.59414715326614,21,1,0,0,1.2445654412364873,0.18517083675037896
78,181.22886786356452,52,1,0,0,1.4968728383981487,0.18498566591362858
79,141.0974548426125,15,1,0,0,1.366667879890406,0.18480068024771495
80,126.92111853294588,8,1,0,0,1.2698260158256585,0.18461587956746725
81,156.91660688026025,180,1,0,0,1.443136507939631,0.18443126368789978
82,154.80600857363405,20,1,0,0,1.399203363748711,0.1842468324242119
83,172.71958167006147,52,1,0,0,1.4455101962980283,0.18406258559178768
84,170.24691312229027,46,1,0,0,1.480125624709721,0.1838785230061959
85,148.66252193190658,44,1,0,0,1.4494768777428402,0.18369464448318967
86,147.39774491420522,20,1,0,0,1.4848538978667076,0.1835109498387065
87,177.65641423966014,26,1,0,0,1.4839734104308004,0.1833274388888678
88,119.62443349593813,200,0,0,1,3.368421140904531,0.1831441114499789
89,183.20817527572083,41,1,0,0,1.4125801900505603,0.18296096733852896
90,130.91405035597631,200,0,0,1,2.360019983848366,0.1827780063711904
91,166.5598054530348,57,1,0,0,1.4971238472350616,0.18259522836481923
92,146.21959821333678,74,1,0,0,1.4517701475907792,0.1824126331364544
93,161.4405300124107,18,1,0,0,1.3305057620505656,0.18223022050331794
94,76.91686774510526,200,0,0,1,2.6145282067563738,0.18204799028281463
95,146.14073307891312,30,1,0,0,1.4260560253628067,0.18186594229253183
96,173.7393161219641,124,1,0,0,1.329221190202494,0.18168407635023928
97,190.41083995210266,26,1,0,0,1.3834034179351224,0.18150239227388903
98,98.05616351376813,200,0,0,1,3.097435976904749,0.18132088988161515
99,200.56220564698833,103,1,0,0,1.428696875249655,0.18113956899173356
100,128.34399945110476,11,1,0,0,1.3765954879423359,0.1809584294227418
101,68.91529654719199,200,0,0,1,3.804957418208208,0.18077747099331906
102,86.95019757370375,200,0,0,1,3.209439480753362,0.18059669352232574
103,104.23026342699472,2,1,0,0,1.4234862445415732,0.1804160968288034
104,176.3471943367632,44,1,0,0,1.4574481909332613,0.1802356807319746
105,94.0493262800757,200,0,0,1,1.6532842334933406,0.18005544505124263
106,162.77803603284383,138,1,0,0,1.4653237141673798,0.1798753896061914
107,175.6787328906509,51,1,0,0,1.4731932281509643,0.1796955142165852
108,196.5357888442661,42,1,0,0,1.4623129093874672,0.17951581870236863
109,177.61907245950974,32,1,0,0,1.4698715539922094,0.17933630288366625
110,208.87685438127144,39,1,0,0,1.4873461642358075,0.1791569665807826
111,164.69835877717478,22,1,0,0,1.3784663748717223,0.17897780961420182
112,123.0740375070409,26,1,0,0,1.49857018050557,0.17879883180458758
113,162.0361381584974,64,1,0,0,1.4863232834749542,0.178620032972783
114,138.16823276982097,36,1,0,0,1.46755886917649,0.17844141293981022
115,175.0095127819621,41,1,0,0,1.4540319555717935,0.17826297152687043
116,139.32329931257476,18,1,0,0,1.339867352169056,0.17808470855534353
117,166.92791357633348,17,1,0,0,1.474440765524036,0.1779066238467882
118,160.43751378171913,24,1,0,0,1.4100030111041875,0.17772871722294142
119,164.64765350730985,30,1,0,0,1.4872905376824972,0.1775509885057185
120,186.54888284205538,28,1,0,0,1.466316041541004,0.17737343751721277
121,168.11394578676732,52,1,0,0,1.4063131959582038,0.17719606407969554
122,112.86226131453347,200,0,0,1,2.4039002376043803,0.17701886801561584
123,184.3672314883397,25,1,0,0,1.282959519129515,0.17684184914760023
124,166.56941132188433,22,1,0,0,1.4809520012945623,0.17666500729845264
125,179.12940824061747,35,1,0,0,1.4860789089756787,0.17648834229115418
126,203.9622167129504,28,1,0,0,1.428494327732193,0.17631185394886303
127,175.78868553087625,129,1,0,0,1.4523147838469093,0.17613554209491417
128,201.5821321368897,29,1,0,0,1.3305650345938798,0.17595940655281925
129,154.54445283729117,23,1,0,0,1.4436055170674762,0.17578344714626642
130,157.0120682360111,16,1,0,0,1.3361185087474952,0.17560766369912018
131,180.4572711121716,32,1,0,0,1.4888234779322493,0.17543205603542103
132,182.00195484576628,26,1,0,0,1.4531462213255437,0.17525662397938563
133,149.7707092577915,21,1,0,0,1.4372400515522867,0.17508136735540625
134,137.08004564024367,49,1,0,0,1.4396418200623569,0.17490628598805083
135,173.12808167139713,25,1,0,0,1.4272872246526365,0.17473137970206276
136,153.80278131220075,16,1,0,0,1.246538148949056,0.17455664832236073
137,168.77365186413238,25,1,0,0,1.448447799871323,0.17438209167403834
138,131.18873238706757,14,1,0,0,1.4269626294130724,0.1742077095823643
139,153.99468755049338,18,1,0,0,1.4593445509886582,0.17403350187278194
140,137.01430352948026,14,1,0,0,1.4781130801900053,0.17385946837090915
141,159.62729882300337,23,1,0,0,1.46192147973691,0.17368560890253826
142,173.00684445229166,45,1,0,0,1.4142985827060315,0.17351192329363574
143,172.95189262118134,26,1,0,0,1.4942562685141247,0.1733384113703421
144,167.9167611777928,22,1,0,0,1.4084933524687075,0.17316507295897174
145,189.62661593629036,31,1,0,0,1.410571372696085,0.17299190788601276
146,108.21765437263458,4,1,0,0,1.497120397881067,0.17281891597812676
147,161.47690689637062,20,1,0,0,1.4479119950407848,0.17264609706214862
148,166.20555079219392,27,1,0,0,1.404725070689525,0.17247345096508648
149,68.47391524244384,200,0,0,1,4.845778830672557,0.1723009775141214
150,146.78667026831576,76,1,0,0,1.369099183946331,0.17212867653660727
151,217.07059889535105,33,1,0,0,1.4002541713973007,0.17195654786007067
152,100.87147046520512,200,0,0,1,2.9449569143234915,0.17178459131221058
153,205.4232943857079,168,1,0,0,1.4257106827420887,0.1716128067208984
154,42.16214294159965,200,0,0,1,4.517037645477251,0.17144119391417748
155,174.54512164852082,40,1,0,0,1.405080502398751,0.17126975272026332
156,218.6530064397963,58,1,0,0,1.499920784342448,0.17109848296754304
157,43.35995264963335,200,0,0,1,2.7099112705088473,0.1709273844845755
158,172.81961650415258,145,1,0,0,1.4731612972543526,0.1707564571000909
159,182.16704915709835,74,1,0,0,1.4994363656908827,0.17058570064299083
160,166.2099217001251,23,1,0,0,1.3233833949294789,0.17041511494234785
161,226.53336582109006,83,1,0,0,1.4728491350249304,0.1702446998274055
162,160.85444054012763,16,1,0,0,1.4403052377392376,0.1700744551275781
163,189.8607522362846,36,1,0,0,1.459108296959991,0.1699043806724505
164,123.15115513660436,200,0,0,1,2.6315884503852187,0.16973447629177807
165,175.53680170606572,20,1,0,0,1.3354417410322144,0.16956474181548628
166,62.698647913797835,200,0,0,1,3.8087131846863733,0.1693951770736708
167,172.27214621860506,20,1,0,0,1.286007967351866,0.16922578189659712
168,148.67303670888322,15,1,0,0,1.4435748729853188,0.16905655611470052
169,133.14163260505202,12,1,0,0,1.2771378739623833,0.16888749955858584
170,165.77220218188836,24,1,0,0,1.4409074696286122,0.16871861205902725
171,168.0139488306131,78,1,0,0,1.4788849289410597,0.16854989344696822
172,181.31347928948736,27,1,0,0,1.3592966807062092,0.16838134355352125
173,96.47798029981125,200,0,0,1,3.3889148963013054,0.16821296220996773
174,222.8060381330249,181,1,0,0,1.464800227701637,0.16804474924775775
175,194.87533535273116,33,1,0,0,1.4565748066137878,0.16787670449851
176,157.81397766413778,22,1,0,0,1.4530380711960824,0.1677088277940115
177,158.2569078334798,18,1,0,0,1.2907557211055287,0.16754111896621748
178,158.9029288629901,18,1,0,0,1.421622060048835,0.16737357784725126
179,198.74383765008196,33,1,0,0,1.417316422431779,0.16720620426940402
180,155.61323314955087,200,0,0,1,2.8062708133724548,0.1670389980651346
181,153.7775909810188,14,1,0,0,1.4699903903421765,0.16687195906706948
182,135.3161310911297,16,1,0,0,1.480100057090384,0.1667050871080024
183,175.4737647718166,22,1,0,0,1.4111827785720885,0.1665383820208944
184,164.82262454663987,41,1,0,0,1.4982470723449792,0.1663718436388735
185,168.12799272462377,22,1,0,0,1.4734781359866467,0.16620547179523462
186,224.34716656192933,99,1,0,0,1.4769613583081893,0.16603926632343938
187,144.47352125101864,16,1,0,0,1.4855015378055436,0.16587322705711594
188,169.84211623609693,144,1,0,0,1.4324639371602914,0.16570735383005886
189,135.05117015319576,13,1,0,0,1.4078572289460884,0.1655416464762288
190,177.28910764342208,21,1,0,0,1.2700837588622957,0.16537610482975254
191,159.70917846165364,19,1,0,0,1.3241866895278114,0.16521072872492282
192,194.24671436820196,66,1,0,0,1.4916450701840913,0.16504551799619788
193,180.3539055340422,22,1,0,0,1.315070018614633,0.16488047247820167
194,175.85846812142742,28,1,0,0,1.4804295363278694,0.16471559200572347
195,144.88609312097316,16,1,0,0,1.3365020132208467,0.16455087641371774
196,160.74906531002785,17,1,0,0,1.258360909548304,0.16438632553730403
197,115.71691056322717,5,1,0,0,1.4187046480460195,0.16422193921176673
198,168.15054166418616,23,1,0,0,1.335745628905685,0.16405771727255497
199,168.61189242254818,54,1,0,0,1.4304031407211946,0.1638936595552824
200,121.03033816110735,67,1,0,0,1.4217513739166618,0.16372976589572713
201,185.75595208005717,93,1,0,0,1.4883913368216612,0.1635660361298314
202,206.66111417794122,25,1,0,0,1.2633281704559933,0.16340247009370157
203,183.71734334157148,32,1,0,0,1.3533372157078607,0.16323906762360785
204,160.22052301281406,20,1,0,0,1.3000232357529884,0.16307582855598424
205,142.84108255319072,200,0,0,1,1.5512571019559032,0.16291275272742828
206,163.86955342964617,16,1,0,0,1.423372453856755,0.16274983997470083
207,197.98808048955664,61,1,0,0,1.474102091748187,0.16258709013472614
208,161.3834551290301,15,1,0,0,1.4278013000070413,0.1624245030445914
209,241.3708115157833,46,1,0,0,1.4352434953281072,0.16226207854154684
210,231.4490349628315,58,1,0,0,1.379401502010219,0.16209981646300528
211,166.1319946675793,24,1,0,0,1.446749564585534,0.16193771664654227
212,185.24139842497942,24,1,0,0,1.4560669642251296,0.16177577892989572
213,179.57297592284624,30,1,0,0,1.3283945101173176,0.16161400315096583
214,158.94824871896253,17,1,0,0,1.467810929265311,0.16145238914781487
215,182.71784328540093,61,1,0,0,1.4238758730971992,0.16129093675866704
216,131.28995154598007,8,1,0,0,1.3021674644653614,0.16112964582190836
217,208.1096940235051,74,1,0,0,1.454169234125662,0.16096851617608648
218,135.58808082788693,12,1,0,0,1.388686641990112,0.1608075476599104
219,171.15720057254794,24,1,0,0,1.4670694782300127,0.16064674011225047
220,154.01565654214642,19,1,0,0,1.3462888703958626,0.16048609337213823
221,129.81457663236674,9,1,0,0,1.4256555175225822,0.1603256072787661
222,167.5976901393508,20,1,0,0,1.3349558266378132,0.16016528167148733
223,73.8632278712949,200,0,0,1,3.4511618861009987,0.16000511638981585
224,206.07378609121224,31,1,0,0,1.3745743285282381,0.15984511127342602
225,201.34232148068992,88,1,0,0,1.4657249367895624,0.1596852661621526
226,201.30969291477658,29,1,0,0,1.360498820661609,0.15952558089599045
227,151.59954457220476,20,1,0,0,1.3141590359251416,0.15936605531509446
228,195.66867213379675,34,1,0,0,1.4865150248362373,0.15920668925977935
229,182.7866414644409,25,1,0,0,1.3715885543646154,0.1590474825705196
230,200.57805639066186,26,1,0,0,1.4398756216144248,0.15888843508794906
231,198.26316377775476,42,1,0,0,1.497922009543219,0.1587295466528611
232,171.52216357717788,30,1,0,0,1.4432222339058547,0.15857081710620824
233,164.8630014199543,24,1,0,0,1.3352006006218264,0.15841224628910203
234,141.21989888236178,58,1,0,0,1.4574089622519582,0.15825383404281293
235,207.91770440955662,44,1,0,0,1.4264206857408668,0.15809558020877013
236,158.28136755952954,45,1,0,0,1.452196070713658,0.15793748462856136
237,178.2309454293059,23,1,0,0,1.4393119197184805,0.1577795471439328
238,196.94559544367115,25,1,0,0,1.3222385616515102,0.15762176759678886
239,243.55931529227962,56,1,0,0,1.470584183542131,0.15746414582919208
240,165.82098372966485,33,1,0,0,1.4840361071505794,0.15730668168336287
241,194.2408741386729,22,1,0,0,1.229176651861447,0.1571493750016795
242,163.46374812408777,23,1,0,0,1.297264028857206,0.15699222562667783
243,161.8219400049033,23,1,0,0,1.4482941919171632,0.15683523340105116
244,138.787361381114,15,1,0,0,1.3791640360547528,0.1566783981676501
245,145.04553562825294,18,1,0,0,1.4587483784162742,0.15652171976948245
246,168.5522229694032,24,1,0,0,1.4709993237946315,0.15636519804971297
247,197.45403051282977,23,1,0,0,1.2824497979198834,0.15620883285166326
248,114.90005400313916,6,1,0,0,1.451735186584544,0.1560526240188116
249,217.6082219201561,33,1,0,0,1.4189629552756586,0.1558965713947928
250,140.14712894342097,10,1,0,0,1.3699523569424215,0.15574067482339798
251,180.3938414989325,61,1,0,0,1.4394585943197296,0.15558493414857458
252,158.641393333774,18,1,0,0,1.4779342299233542,0.15542934921442603
253,170.9066953295705,44,1,0,0,1.4897647159806755,0.15527391986521158
254,207.3668445996046,29,1,0,0,1.4775012203397804,0.15511864594534638
255,161.85961531773302,85,1,0,0,1.4509243289608642,0.15496352729940102
256,171.33833151915422,20,1,0,0,1.272764867584854,0.15480856377210162
257,143.49167342721563,13,1,0,0,1.4556759215855999,0.15465375520832952
258,206.88261950557097,40,1,0,0,1.434364190533141,0.15449910145312118
259,148.40645643057178,14,1,0,0,1.3056201409213672,0.15434460235166808
260,146.43500731403012,13,1,0,0,1.3784855343578781,0.1541902577493164
261,140.67983947742664,33,1,0,0,1.3692719395401611,0.1540360674915671
262,165.79075360836282,23,1,0,0,1.4561651691870765,0.15388203142407553
263,148.130900028051,13,1,0,0,1.362847317532234,0.15372814939265145
264,165.6507621823042,23,1,0,0,1.4647833828529226,0.15357442124325882
265,141.09983001208465,12,1,0,0,1.4379653292834829,0.15342084682201554
266,56.951820303766084,200,0,0,1,1.8529385241838847,0.15326742597519352
267,186.29434974091689,57,1,0,0,1.41461664352858,0.15311415854921834
268,158.6072965427453,19,1,0,0,1.4470903589832156,0.15296104439066913
269,178.30656131037267,47,1,0,0,1.4633008119250848,0.15280808334627843
270,188.8935040770411,26,1,0,0,1.433370180932461,0.15265527526293216
271,180.63817925497995,22,1,0,0,1.1746358010169997,0.15250261998766923
272,182.0356368194643,78,1,0,0,1.4241233033944913,0.15235011736768156
273,206.07205785493716,27,1,0,0,1.4671462757526392,0.15219776725031386
274,162.68161487164176,24,1,0,0,1.3858714561703493,0.15204556948306358
275,203.80322542235245,35,1,0,0,1.3887003190633012,0.1518935239135805
276,164.71905704186472,26,1,0,0,1.4019937334329997,0.15174163038966693
277,171.14024742466498,18,1,0,0,1.451988144797679,0.15158988875927726
278,165.34148247190527,22,1,0,0,1.2163715314917012,0.15143829887051796
279,189.5374621216924,37,1,0,0,1.4997477782808357,0.15128686057164745
280,176.25314810383696,44,1,0,0,1.444736123967999,0.1511355737110758
281,135.86527565218967,14,1,0,0,1.472154222173373,0.15098443813736473
282,200.77053440966992,39,1,0,0,1.4171917449213116,0.15083345369922738
283,190.88797881876533,22,1,0,0,1.3654741608315133,0.15068262024552814
284,161.6777907078125,17,1,0,0,1.4223642187591914,0.1505319376252826
285,125.04423905092648,7,1,0,0,1.3653273301471498,0.15038140568765734
286,181.36458669861494,23,1,0,0,1.2878736742727976,0.15023102428196966
287,237.65729953484473,139,1,0,0,1.4702391414670504,0.15008079325768772
288,146.14042432398767,12,1,0,0,1.2699219425462027,0.14993071246443002
289,153.2308416140599,15,1,0,0,1.3442361623841832,0.1497807817519656
290,256.53104258399986,169,1,0,0,1.4869279470330534,0.14963100097021362
291,148.45209424477866,14,1,0,0,1.433803159357598,0.1494813699692434
292,206.0521294034237,24,1,0,0,1.3471826062182328,0.14933188859927415
293,211.3833986210373,33,1,0,0,1.3715569853733276,0.1491825567106749
294,189.19510531146872,27,1,0,0,1.4823333180492808,0.1490333741539642
295,167.79049015290494,21,1,0,0,1.2694226732578582,0.14888434077981025
296,119.76234772364809,8,1,0,0,1.2835561796090664,0.14873545643903044
297,187.1520072488887,22,1,0,0,1.471490051586295,0.1485867209825914
298,150.97901012661936,14,1,0,0,1.290706821094946,0.14843813426160882
299,161.7365299710065,20,1,0,0,1.2624629667928593,0.1482896961273472
300,197.23143621087877,27,1,0,0,1.3875589569564446,0.14814140643121984
301,123.66329385156502,7,1,0,0,1.4900847552718623,0.14799326502478863
302,150.2284725643015,25,1,0,0,1.4394045638160018,0.14784527175976386
303,134.3278765589032,13,1,0,0,1.4163812848166875,0.14769742648800407
304,144.02059846942063,15,1,0,0,1.450622034335711,0.14754972906151606
305,163.68806192491712,18,1,0,0,1.2583738416495907,0.14740217933245456
306,146.05853857928085,16,1,0,0,1.2485363777064848,0.1472547771531221
307,159.27047426950207,15,1,0,0,1.4466169480751794,0.147107522375969
308,278.2313534074374,76,1,0,0,1.4619166317717236,0.146960414853593
309,168.7127406383121,25,1,0,0,1.4124507867335463,0.14681345443873942
310,159.88091339308835,107,1,0,0,1.4963318333574818,0.14666664098430068
311,135.6873787259879,10,1,0,0,1.4656364419880186,0.1465199743433164
312,158.83819036422824,49,1,0,0,1.4134011491008263,0.14637345436897306
313,132.940297676115,10,1,0,0,1.4056592254584006,0.1462270809146041
314,188.18537115860823,27,1,0,0,1.3420093833659,0.1460808538336895
315,144.15599501246965,14,1,0,0,1.3540445186025754,0.1459347729798558
316,163.32200454917657,28,1,0,0,1.4175703590731052,0.14578883820687594
317,159.1496223372734,27,1,0,0,1.4341313218797105,0.1456430493686691
318,178.1631912678281,66,1,0,0,1.4804033207192797,0.1454974063193004
319,126.41087560143949,10,1,0,0,1.444725318406888,0.14535190891298108
320,167.93736754348896,26,1,0,0,1.3156009361037078,0.14520655700406812
321,179.1210257913059,62,1,0,0,1.483038440976452,0.14506135044706406
322,171.7852378884993,24,1,0,0,1.431972260353815,0.144916289096617
323,167.2222501946736,29,1,0,0,1.4947848247338404,0.14477137280752037
324,187.85608069542417,25,1,0,0,1.4243188317618747,0.14462660143471284
325,189.16802051922656,48,1,0,0,1.478143257570239,0.14448197483327815
326,168.4517536869592,22,1,0,0,1.1841082332277575,0.14433749285844485
327,157.55930564271142,18,1,0,0,1.4057177593358403,0.1441931553655864
328,181.43628397249915,47,1,0,0,1.4991403624404935,0.14404896221022084
329,116.3546726922247,6,1,0,0,1.4853827588787918,0.1439049132480106
330,234.47899386065527,57,1,0,0,1.3991312991866052,0.1437610083347626
331,158.6616025930178,16,1,0,0,1.3638946433169608,0.14361724732642783
332,193.3812090370314,26,1,0,0,1.4563764160420938,0.14347363007910138
333,162.8074376243156,200,0,0,1,1.8692529157686644,0.1433301564490223
334,170.28322331670944,24,1,0,0,1.3339821852744957,0.14318682629257326
335,113.29864420024606,6,1,0,0,1.4067204362490322,0.1430436394662807
336,239.19151937569424,64,1,0,0,1.4074089261549154,0.14290059582681444
337,179.31382705860295,24,1,0,0,1.2409258943821766,0.1427576952309876
338,205.57411588897148,38,1,0,0,1.4841591322457794,0.14261493753575663
339,167.51319670193485,24,1,0,0,1.3668865966823454,0.14247232259822087
340,253.9183696818996,123,1,0,0,1.4752340256998715,0.14232985027562264
341,163.26133819491895,23,1,0,0,1.2870370084624188,0.14218752042534702
342,194.12154858729392,64,1,0,0,1.4109448483682938,0.1420453329049217
343,187.81333316337006,126,1,0,0,1.4959634673042381,0.14190328757201676
344,138.5959591320975,11,1,0,0,1.460525214948763,0.14176138428444474
345,175.22657713998487,68,1,0,0,1.4736466801281687,0.14161962290016028
346,172.69870280239996,25,1,0,0,1.4577647112934213,0.14147800327726012
347,150.14579659561565,28,1,0,0,1.4137329064014,0.14133652527398285
348,199.94570757631422,27,1,0,0,1.382354378641283,0.1411951887487089
349,156.13210886275198,20,1,0,0,1.3164823645795303,0.14105399355996018
350,197.30750898864267,75,1,0,0,1.4989740056632628,0.14091293956640022
351,211.44003954258818,31,1,0,0,1.3767163999019856,0.14077202662683383
352,198.77868189257853,38,1,0,0,1.4459014883593544,0.14063125460020698
353,166.07716263433537,142,1,0,0,1.4935912140349357,0.14049062334560677
354,166.42419176643898,22,1,0,0,1.4743825482415813,0.14035013272226116
355,198.17816440883922,55,1,0,0,1.4893074891313016,0.14020978258953892
356,163.1704511927015,21,1,0,0,1.3356897780562524,0.14006957280694937
357,225.82293121514795,68,1,0,0,1.4908256199747187,0.1399295032341424
358,135.08007836394285,9,1,0,0,1.3488124973558284,0.13978957373090828
359,190.84990229239475,52,1,0,0,1.4621251614808977,0.13964978415717738
360,155.0719585919023,19,1,0,0,1.440524302993324,0.13951013437302018
361,143.45346466901387,16,1,0,0,1.4739668472628007,0.13937062423864718
362,186.87150194065316,126,1,0,0,1.489153230716844,0.13923125361440852
363,159.70366662348664,22,1,0,0,1.4608204335346762,0.13909202236079413
364,149.74325399898865,22,1,0,0,1.4880034915580758,0.13895293033843334
365,197.5120847627153,23,1,0,0,1.26025485253191,0.1388139774080949
366,190.07591054157766,54,1,0,0,1.4735015624721048,0.1386751634306868
367,187.48785135983016,23,1,0,0,1.4149097261059795,0.13853648826725612
368,172.77730846967177,29,1,0,0,1.4430402444733765,0.13839795177898884
369,244.7129321833714,82,1,0,0,1.3974541007518968,0.13825955382720986
370,211.65309498214958,28,1,0,0,1.4358083081020536,0.13812129427338266
371,166.60635663578842,24,1,0,0,1.4188493059301015,0.13798317297910928
372,195.2641087191338,40,1,0,0,1.4519574475225427,0.13784518980613017
373,163.72617156221128,18,1,0,0,1.281176587156655,0.13770734461632403
374,185.3483150152195,30,1,0,0,1.424342316963168,0.1375696372717077
375,171.80230140631562,23,1,0,0,1.3954071544222928,0.137432067634436
376,268.4088230270622,197,1,0,0,1.4486375077413722,0.13729463556680155
377,162.64022836219124,15,1,0,0,1.2135082806221653,0.13715734093123474
378,202.69888969663037,25,1,0,0,1.335551511152383,0.13702018359030352
379,161.10621346063584,19,1,0,0,1.450137464654903,0.13688316340671322
380,164.0304477168517,19,1,0,0,1.2609770240838176,0.1367462802433065
381,197.0213666097726,28,1,0,0,1.403321544442818,0.1366095339630632
382,255.86771346394187,54,1,0,0,1.4723963981919295,0.13647292442910014
383,161.6931576072824,17,1,0,0,1.4879909355741774,0.13633645150467105
384,176.40133261898092,25,1,0,0,1.4920831330120174,0.13620011505316637
385,203.40520632018814,26,1,0,0,1.4666804726274965,0.13606391493811318
386,164.74900041162502,20,1,0,0,1.4830270325958677,0.1359278510231751
387,132.36002788707987,10,1,0,0,1.4010112310391598,0.1357919231721519
388,134.48772450288874,13,1,0,0,1.4222530486912797,0.13565613124897977
389,119.46104114958374,10,1,0,0,1.2836798911669585,0.13552047511773077
390,146.10184102487213,17,1,0,0,1.305275319003533,0.13538495464261305
391,162.32592373211457,21,1,0,0,1.4431320603643556,0.13524956968797044
392,159.31481184714002,14,1,0,0,1.0901672852189905,0.13511432011828248
393,201.6380580560221,27,1,0,0,1.3674118830362159,0.1349792057981642
394,156.16906683287138,16,1,0,0,1.3308976219845714,0.13484422659236603
395,187.03813826934703,22,1,0,0,1.2585269808314063,0.13470938236577365
396,160.85047295704095,24,1,0,0,1.172083233189813,0.1345746729834079
397,172.14016536472707,21,1,0,0,1.481833065639206,0.13444009831042447
398,185.66778229507764,28,1,0,0,1.4524024807645926,0.13430565821211404
399,170.31236019120246,18,1,0,0,1.3213580775799785,0.13417135255390195
400,167.6174490183144,17,1,0,0,1.3050075793336668,0.13403718120134803
401,271.4749851654626,61,1,0,0,1.4860793772386027,0.13390314402014666
402,220.2525119511082,39,1,0,0,1.3448506956273758,0.13376924087612654
403,157.28032367990681,19,1,0,0,1.427207674544706,0.1336354716352504
404,128.7137532153929,12,1,0,0,1.491207934226009,0.13350183616361516
405,220.39399014938883,35,1,0,0,1.24448160203187,0.13336833432745154
406,121.7117776710564,9,1,0,0,1.4581204006548778,0.1332349659931241
407,183.080828647296,23,1,0,0,1.4618548580454869,0.13310173102713097
408,120.03062088571068,7,1,0,0,1.4854994577282423,0.13296862929610384
409,182.09055972392565,25,1,0,0,1.3510748984396743,0.13283566066680771
410,183.75839711659643,36,1,0,0,1.459126682448414,0.13270282500614092
411,177.04916332435783,27,1,0,0,1.4409829188596932,0.1325701221811348
412,196.75505881344742,107,1,0,0,1.3840050194514413,0.13243755205895366
413,103.98070561891342,2,1,0,0,1.3410912749338626,0.1323051145068947
414,162.38229401174112,25,1,0,0,1.481328263253105,0.13217280939238782
415,186.97763430728978,28,1,0,0,1.3869117805202984,0.13204063658299542
416,144.76960186810126,14,1,0,0,1.4485443639742928,0.13190859594641244
417,139.08054502084994,15,1,0,0,1.4013841740382549,0.131776687350466
418,136.23617767734396,10,1,0,0,1.2758414953244532,0.13164491066311554
419,213.22406629833722,30,1,0,0,1.430494462675511,0.13151326575245242
420,111.33384933723319,4,1,0,0,1.339313640756497,0.13138175248669998
421,177.01548798826747,21,1,0,0,1.444616450892717,0.13125037073421328
422,175.28738268575387,21,1,0,0,1.4105156318551695,0.13111912036347906
423,122.3405143928335,8,1,0,0,1.3004955233537372,0.13098800124311558
424,156.82232004914323,20,1,0,0,1.4441478735416962,0.13085701324187246
425,201.1928098460041,29,1,0,0,1.4399889400095733,0.13072615622863057
426,130.44230141913334,12,1,0,0,1.3338810812639177,0.13059543007240196
427,158.3193495745411,14,1,0,0,1.3610915417570801,0.13046483464232955
428,181.40899085935055,28,1,0,0,1.4278311590424158,0.13033436980768723
429,145.37113503788714,16,1,0,0,1.430599111294527,0.13020403543787953
430,224.81006472642804,47,1,0,0,1.37253977573334,0.13007383140244166
431,206.5422661058246,31,1,0,0,1.423445667274266,0.12994375757103924
432,153.22631283065942,21,1,0,0,1.4814403171379258,0.12981381381346818
433,155.93535316246752,18,1,0,0,1.4446078938852778,0.12968399999965471
434,115.36933758487633,7,1,0,0,1.3921855579531386,0.12955431599965506
435,152.56940128469623,19,1,0,0,1.4945533934767272,0.1294247616836554
436,149.34620699188454,18,1,0,0,1.3199854718719775,0.12929533692197176
437,115.25076237332155,5,1,0,0,1.3400252658437197,0.12916604158504977
438,211.86329967479153,42,1,0,0,1.388838995337074,0.12903687554346474
439,156.36501145859017,15,1,0,0,1.3910369418600521,0.12890783866792127
440,169.86040832350898,19,1,0,0,1.4120089289363535,0.12877893082925335
441,213.43326770372727,44,1,0,0,1.4299248997921643,0.12865015189842408
442,176.68119550778522,26,1,0,0,1.419256164623427,0.12852150174652566
443,216.72459864353158,42,1,0,0,1.4081125648018404,0.12839298024477913
444,164.7299091724813,21,1,0,0,1.4874130038416464,0.12826458726453435
445,157.66618536390303,20,1,0,0,1.3840685262020118,0.12813632267726982
446,194.2006562276633,27,1,0,0,1.227723947015501,0.12800818635459255
447,104.25700165997783,2,1,0,0,1.1824390713183721,0.12788017816823796
448,251.80654452278537,111,1,0,0,1.3720763248798553,0.1277522979900697
449,158.72652083225177,22,1,0,0,1.485120406782032,0.12762454569207965
450,179.75342480380758,118,1,0,0,1.394979685256189,0.12749692114638755
451,144.55373436579808,14,1,0,0,1.2562107680039603,0.1273694242252412
452,239.00998314489667,52,1,0,0,1.4829681380486281,0.12724205480101594
453,164.07541318694078,19,1,0,0,1.4256751178378444,0.12711481274621492
454,183.0022294118267,27,1,0,0,1.4632279691507635,0.12698769793346873
455,184.12060665350128,23,1,0,0,1.3928091346961617,0.12686071023553522
456,212.90493707363373,43,1,0,0,1.469281988976273,0.1267338495252997
457,189.00470302460695,25,1,0,0,1.419990129954007,0.1266071156757744
458,136.90272428884725,11,1,0,0,1.4424191169538854,0.12648050856009863
459,140.92082859953265,19,1,0,0,1.4635025464850202,0.12635402805153853
460,186.55705288683677,24,1,0,0,1.1349881127509172,0.12622767402348697
461,182.39388698187298,30,1,0,0,1.4405156914907393,0.1261014463494635
462,157.53567791975098,23,1,0,0,1.4789335693885832,0.12597534490311404
463,187.4768088349782,24,1,0,0,1.4676488733229682,0.12584936955821094
464,208.77403314141273,29,1,0,0,1.2784581199449705,0.1257235201886527
465,143.61007868894234,15,1,0,0,1.30734425895866,0.12559779666846407
466,172.57781638709974,27,1,0,0,1.4334437756880762,0.1254721988717956
467,144.22341153022717,16,1,0,0,1.2751364560552758,0.1253467266729238
468,140.07487658590713,13,1,0,0,1.3874920535971709,0.12522137994625088
469,167.98252113664034,19,1,0,0,1.3174964815498615,0.12509615856630463
470,157.4520907594346,83,1,0,0,1.3967995129478825,0.12497106240773832
471,143.88287132536973,12,1,0,0,1.3456924910709334,0.12484609134533059
472,185.56444918915977,26,1,0,0,1.393226850654263,0.12472124525398526
473,161.78296923360986,19,1,0,0,1.4642660803305505,0.12459652400873128
474,159.71538109142273,19,1,0,0,1.324834157506002,0.12447192748472254
475,170.3359748151081,27,1,0,0,1.2551743484836029,0.12434745555723781
476,164.8004890456163,20,1,0,0,1.447936445671175,0.12422310810168058
477,159.9558813367045,131,1,0,0,1.4974195599391542,0.12409888499357889
478,148.5504595508199,14,1,0,0,1.3888959405114814,0.12397478610858532
479,162.18423767043066,17,1,0,0,1.482719228324391,0.12385081132247673
480,151.0915664143892,19,1,0,0,1.4380543801479118,0.12372696051115427
481,182.7754559433052,28,1,0,0,1.3539136354926165,0.1236032335506431
482,157.55273742882744,16,1,0,0,1.274322019097937,0.12347963031709247
483,128.88845109108289,9,1,0,0,1.3590969001060569,0.12335615068677537
484,178.35429963839414,24,1,0,0,1.3967524961166162,0.12323279453608858
485,108.57021933863997,4,1,0,0,1.4541611377348136,0.1231095617415525
486,169.0096028311215,19,1,0,0,1.328964332607887,0.12298645217981095
487,150.11346931267036,20,1,0,0,1.312979763096826,0.12286346572763114
488,187.50042053103448,26,1,0,0,1.3461754119598859,0.12274060226190352
489,195.71094078066358,104,1,0,0,1.4918117528887713,0.1226178616596416
490,122.05886450318032,9,1,0,0,1.4339195154745195,0.12249524379798196
491,146.01696807156108,15,1,0,0,1.3849194504862217,0.12237274855418397
492,175.38332048896996,26,1,0,0,1.403263350940312,0.1222503758056298
493,154.8273245219405,15,1,0,0,1.2912209945920718,0.12212812542982417
494,196.11387149491395,28,1,0,0,1.3592551672368254,0.12200599730439435
495,144.5463180600125,14,1,0,0,1.334434955751039,0.12188399130708993
496,158.58895500981654,23,1,0,0,1.4043749510023462,0.12176210731578285
497,157.47017182577758,22,1,0,0,1.4871742737074234,0.12164034520846707
498,200.84984814574398,27,1,0,0,1.449747434919485,0.12151870486325861
499,174.34216976516694,22,1,0,0,1.4996760176614028,0.12139718615839534
500,154.05660309284337,23,1,0,0,1.4117287918601682,0.12127578897223695
501,144.74229949319414,65,1,0,0,1.4786280643658796,0.12115451318326471
502,216.8670738984544,33,1,0,0,1.491360952755626,0.12103335867008146
503,182.65516310485663,26,1,0,0,1.3405950202848897,0.12091232531141137
504,187.43455696847835,24,1,0,0,1.46806654224487,0.12079141298609995
505,171.91898392952527,24,1,0,0,1.3838779379606234,0.12067062157311387
506,152.08063700516647,19,1,0,0,1.430215713272747,0.12054995095154074
507,148.23381296120218,19,1,0,0,1.4615930276268034,0.12042940100058919
508,127.6403082308595,13,1,0,0,1.4753372694923725,0.1203089715995886
509,138.85400527487732,16,1,0,0,1.4895541813657103,0.12018866262798902
510,149.55875631434736,18,1,0,0,1.4378298675150558,0.12006847396536102
511,214.7509663352381,42,1,0,0,1.4188913601864208,0.11994840549139568
512,239.17835922942427,55,1,0,0,1.4688086069411914,0.11982845708590428
513,130.90382520620187,12,1,0,0,1.3921637447239052,0.11970862862881837
514,236.64233398289784,48,1,0,0,1.386033649978683,0.11958892000018956
515,171.50251788192526,20,1,0,0,1.43165637799343,0.11946933108018937
516,167.1275053293095,26,1,0,0,1.3692654216287687,0.11934986174910918
517,140.26893963174751,11,1,0,0,1.4145258941058936,0.11923051188736007
518,162.13530134738855,23,1,0,0,1.1963393189973137,0.11911128137547272
519,161.1076964614167,22,1,0,0,1.3242911106860022,0.11899217009409724
520,189.25689404657373,26,1,0,0,1.4185557281373704,0.11887317792400315
521,168.9719460116473,25,1,0,0,1.4108425763108738,0.11875430474607913
522,203.68020885912625,39,1,0,0,1.4806939917733193,0.11863555044133306
523,137.48359342367982,13,1,0,0,1.278132560126882,0.11851691489089172
524,117.81682277079739,10,1,0,0,1.4548660416428219,0.11839839797600082
525,169.3984693781347,24,1,0,0,1.4037188647084577,0.11827999957802482
526,159.36289733390677,21,1,0,0,1.4275823801428773,0.11816171957844679
527,188.57582234325997,20,1,0,0,1.415467533740401,0.11804355785886836
528,163.49945213565337,24,1,0,0,1.3433558945562085,0.11792551430100949
529,115.64974465934714,7,1,0,0,1.4588367401842393,0.11780758878670848
530,198.27815947140058,24,1,0,0,1.3144651906410498,0.11768978119792178
531,163.3672286299198,16,1,0,0,1.470203175267282,0.11757209141672385
532,165.60298747845417,23,1,0,0,1.4987136798457148,0.11745451932530714
533,135.79723429734042,20,1,0,0,1.48006624090614,0.11733706480598181
534,253.70472134796603,72,1,0,0,1.499091016189678,0.11721972774117584
535,194.61046304343802,31,1,0,0,1.4615687554895258,0.11710250801343465
536,188.1000615399061,30,1,0,0,1.4736988167097012,0.11698540550542123
537,148.590025406286,30,1,0,0,1.4707713040565868,0.11686842009991581
538,170.22557777736813,22,1,0,0,1.4955024833905044,0.11675155167981588
539,160.7821820917559,24,1,0,0,1.48959379439214,0.11663480012813608
540,212.23101716741567,29,1,0,0,1.3714346689675494,0.11651816532800795
541,147.5294560846413,19,1,0,0,1.4676509676637257,0.11640164716267992
542,172.17700463934762,29,1,0,0,1.48500041329352,0.11628524551551725
543,145.85391306676837,17,1,0,0,1.4540076323759217,0.11616896027000173
544,149.47307459255245,20,1,0,0,1.4525693480494692,0.11605279130973173
545,159.146212741802,18,1,0,0,1.4924004192810718,0.115936738518422
546,194.0407715039881,32,1,0,0,1.4055391586999073,0.11582080177990357
547,221.35898111240692,44,1,0,0,1.494380788940299,0.11570498097812368
548,183.6402048200526,27,1,0,0,1.4326567238929608,0.11558927599714555
549,185.8964790503141,26,1,0,0,1.4889995048756324,0.1154736867211484
550,166.25616051502217,23,1,0,0,1.466664378010594,0.11535821303442724
551,211.19153225896258,28,1,0,0,1.3615331434526732,0.11524285482139283
552,147.55375070049902,18,1,0,0,1.48596898666869,0.11512761196657142
553,163.19187165570145,15,1,0,0,1.4714618889466144,0.11501248435460486
554,170.05158618467613,25,1,0,0,1.4711506121941615,0.11489747187025026
555,121.74408489389435,8,1,0,0,1.4098145578967445,0.11478257439838001
556,168.5793054409286,22,1,0,0,1.4896571116326527,0.11466779182398162
557,159.480587071144,19,1,0,0,1.3170867246789366,0.11455312403215763
558,130.19391156125639,11,1,0,0,1.4483765162756614,0.11443857090812548
559,255.39719189271477,54,1,0,0,1.4969375726825687,0.11432413233721737
560,100.0,1,1,0,0,0.5677295093148105,0.11420980820488014
561,177.77629872160261,31,1,0,0,1.4928977162568153,0.11409559839667525
562,161.1573635077073,17,1,0,0,1.363355268946416,0.1139815027982786
563,142.94418793741693,12,1,0,0,1.3047871921828869,0.1138675212954803
564,149.66078474386106,12,1,0,0,1.3771001661718285,0.11375365377418484
565,136.6793075210193,10,1,0,0,1.4254075624279066,0.11363990012041064
566,136.92415256052848,13,1,0,0,1.439745197745537,0.11352626022029022
567,167.64158807987207,33,1,0,0,1.4855988628622396,0.11341273396006996
568,144.55797245940087,15,1,0,0,1.2779832641383835,0.11329932122610986
569,175.07322452329055,22,1,0,0,1.311615712248539,0.11318602190488376
570,150.6228830723108,15,1,0,0,1.4242194673457418,0.11307283588297888
571,120.97818636482504,8,1,0,0,1.2778325986596963,0.1129597630470959
572,123.75181842749038,6,1,0,0,1.380269579341235,0.1128468032840488
573,145.38758071877476,16,1,0,0,1.3654276278265014,0.11273395648076474
574,210.95955628487405,36,1,0,0,1.3617308784926216,0.112621222524284
575,143.5779140916381,19,1,0,0,1.3920885766340407,0.11250860130175971
576,100.0,1,1,0,0,1.1269500283253329,0.11239609270045794
577,170.76889909124526,23,1,0,0,1.2598544463951828,0.11228369660775749
578,181.15149346509355,19,1,0,0,1.2518919560989883,0.11217141291114972
579,148.7731074521085,19,1,0,0,1.460427181346267,0.1120592414982386
580,162.0521317495742,23,1,0,0,1.1901295086324077,0.11194718225674034
581,152.210746194172,15,1,0,0,1.3456372216699857,0.11183523507448359
582,196.34401286901186,35,1,0,0,1.4888481414073151,0.11172339983940911
583,199.1873855836597,45,1,0,0,1.439206923938701,0.11161167643956971
584,149.19259874064582,18,1,0,0,1.3883437040415443,0.11150006476313012
585,151.2898593571838,18,1,0,0,1.481240256062764,0.111388564698367
586,187.0176950344715,20,1,0,0,1.2066918545218066,0.11127717613366864
587,142.3824524130269,11,1,0,0,1.3746938111418525,0.11116589895753498
588,164.69863766665787,18,1,0,0,1.4921950942645787,0.11105473305857744
589,184.76478828864032,23,1,0,0,1.3294234754373133,0.11094367832551887
590,180.59141343626402,22,1,0,0,1.440731979779445,0.11083273464719334
591,162.06244680904248,22,1,0,0,1.355227405480639,0.11072190191254615
592,182.63364946838786,31,1,0,0,1.4890625662113086,0.1106111800106336
593,175.9243043920868,25,1,0,0,1.4213310111471196,0.11050056883062297
594,165.0912821101515,23,1,0,0,1.304428199366449,0.11039006826179235
595,176.88433366230265,20,1,0,0,1.2642574052536812,0.11027967819353056
596,156.71306435281457,18,1,0,0,1.404256933891886,0.11016939851533702
597,174.46703236334605,25,1,0,0,1.4892531969436986,0.1100592291168217
598,159.77750658851343,19,1,0,0,1.4245925286090055,0.10994916988770487
599,196.4645513464834,25,1,0,0,1.4415743691834717,0.10983922071781715
600,157.51081585915506,19,1,0,0,1.3216307901924325,0.10972938149709935
601,162.19908947039517,21,1,0,0,1.4258323088973759,0.10961965211560223
602,146.26010749374927,13,1,0,0,1.3208123357701738,0.10951003246348663
603,149.84845917138173,17,1,0,0,1.4332114881124667,0.10940052243102315
604,176.2786283221873,18,1,0,0,1.4110346805977496,0.10929112190859212
605,180.5030258683608,24,1,0,0,1.4989506624251396,0.10918183078668353
606,173.96291325857496,23,1,0,0,1.4184183225671372,0.10907264895589686
607,146.42822241179428,14,1,0,0,1.4586100537245317,0.10896357630694097
608,167.4441614736294,34,1,0,0,1.4390130878433882,0.10885461273063401
609,167.10069615918349,24,1,0,0,1.4978433174498753,0.10874575811790338
610,183.98972066188875,25,1,0,0,1.2679865031984299,0.10863701235978547
611,156.72219565198685,21,1,0,0,1.3010974036363006,0.10852837534742568
612,136.6689497667999,14,1,0,0,1.3173724641901914,0.10841984697207828
613,174.82557654184646,20,1,0,0,1.4354923384500706,0.10831142712510618
614,268.755312749215,58,1,0,0,1.4101635929706404,0.10820311569798108
615,173.1051680519697,22,1,0,0,1.4979286947355694,0.1080949125822831
616,132.06429382430716,11,1,0,0,1.4899091822826422,0.10798681766970082
617,147.9392105798313,13,1,0,0,1.4470247975263264,0.10787883085203112
618,161.359292690728,21,1,0,0,1.440030612844643,0.10777095202117909
619,189.71600911866187,64,1,0,0,1.4534564375074182,0.10766318106915791
620,155.18544968817653,17,1,0,0,1.2475178302467662,0.10755551788808876
621,184.81689415032082,23,1,0,0,1.3029946663646839,0.10744796237020066
622,191.94168127346154,23,1,0,0,1.3612919519981432,0.10734051440783046
623,175.25107941888965,45,1,0,0,1.4807375314595834,0.10723317389342263
624,147.33738812846178,26,1,0,0,1.4979636870704889,0.10712594071952919
625,243.50095030636857,54,1,0,0,1.4964751496826552,0.10701881477880969
626,187.42844188658938,25,1,0,0,1.276155222354593,0.10691179596403087
627,197.5443736664695,24,1,0,0,1.240753599408879,0.10680488416806684
628,157.949555552666,17,1,0,0,1.3224225906795233,0.10669807928389877
629,175.3402807881574,20,1,0,0,1.40843342527012,0.10659138120461487
630,184.30652438976267,23,1,0,0,1.3348115737914679,0.10648478982341025
631,164.64363161264586,23,1,0,0,1.4806360705475823,0.10637830503358683
632,165.02306422475573,85,1,0,0,1.446473780262187,0.10627192672855326
633,187.17103945653315,27,1,0,0,1.398230513348158,0.1061656548018247
634,182.24179916213262,24,1,0,0,1.4962807494711636,0.10605948914702289
635,119.61606786679698,200,0,0,1,3.589599889046473,0.10595342965787585
636,18.95643297442591,200,0,0,1,2.965756987236918,0.10584747622821798
637,41.90405303473418,200,0,0,1,3.3089007183944785,0.10574162875198977
638,51.96559548448322,200,0,0,1,4.165006034629236,0.10563588712323778
639,5.774312274862032,200,0,0,1,5.3251742174958565,0.10553025123611454
640,-12.267437003185117,200,0,0,1,6.156715941026136,0.10542472098487841
641,73.98153816516779,200,0,0,1,5.251648607152799,0.10531929626389354
642,49.97078842340501,200,0,0,1,4.69782374730404,0.10521397696762964
643,106.22717240022354,4,1,0,0,1.4205431746031354,0.10510876299066202
644,35.28356028634745,200,0,0,1,3.9725648306998944,0.10500365422767136
645,41.57801597650214,200,0,0,1,4.358988065700015,0.10489865057344368
646,12.874650705499016,200,0,0,1,4.686551494925259,0.10479375192287024
647,-27.96719373827728,200,0,0,1,3.6129296012279455,0.10468895817094737
648,18.704432741160478,200,0,0,1,4.534092836990147,0.10458426921277642
649,26.552220635393137,200,0,0,1,3.9540691618352506,0.10447968494356363
650,56.58542916070815,200,0,0,1,3.4888965555470506,0.10437520525862008
651,25.287528083238467,200,0,0,1,4.564623823359394,0.10427083005336146
652,43.84868442772273,200,0,0,1,1.553676977855598,0.10416655922330809
653,207.99791547896498,57,1,0,0,1.4753801124536239,0.10406239266408479
654,69.25377270463353,200,0,0,1,3.3152989381024622,0.1039583302714207
655,75.4793053984262,200,0,0,1,3.16652546509445,0.10385437194114928
656,150.60740157786728,22,1,0,0,1.496119512096931,0.10375051756920813
657,180.81101855750103,74,1,0,0,1.461068903804701,0.10364676705163894
658,146.90086366792247,16,1,0,0,1.4427270467884583,0.10354312028458729
659,60.795303884546094,200,0,0,1,2.2362719053050193,0.1034395771643027
660,155.6719731391627,98,1,0,0,1.4499981921989722,0.1033361375871384
661,240.45550837382768,96,1,0,0,1.4708167189726213,0.10323280144955126
662,190.51048576390627,27,1,0,0,1.421584072755769,0.1031295686481017
663,185.57775946248182,33,1,0,0,1.3889252287339782,0.10302643907945362
664,85.21607809183375,200,0,0,1,2.8102004678494032,0.10292341264037415
665,29.915054912267927,200,0,0,1,3.38178485204597,0.10282048922773378
666,41.89451919838694,200,0,0,1,2.214718224777785,0.10271766873850606
667,171.0643853533071,24,1,0,0,1.3163367978129925,0.10261495106976753
668,101.14593249451862,200,0,0,1,3.1647248824422434,0.10251233611869777
669,164.6393256976316,138,1,0,0,1.3963831168367518,0.10240982378257908
670,178.80216358037487,19,1,0,0,1.4526797311378075,0.1023074139587965
671,114.17050154654288,9,1,0,0,1.3339736417022665,0.1022051065448377
672,164.1345662175745,20,1,0,0,1.4135494474582015,0.10210290143829287
673,151.85051553195447,18,1,0,0,1.4549157115737583,0.10200079853685456
674,184.86396258701905,24,1,0,0,1.3063482430989795,0.10189879773831773
675,153.83830400407766,16,1,0,0,1.3525565080217847,0.1017968989405794
676,74.4036830862163,200,0,0,1,3.040289557893706,0.10169510204163881
677,181.10928624476503,26,1,0,0,1.2887045361298226,0.10159340693959718
678,188.53741802330046,24,1,0,0,1.3503924795991415,0.10149181353265757
679,35.42729426318089,200,0,0,1,2.5615257093090267,0.10139032171912493
680,173.63598982900086,20,1,0,0,1.44256128318834,0.1012889313974058
681,15.230789071768854,200,0,0,1,2.0212682750149504,0.10118764246600838
682,159.78519481572835,16,1,0,0,1.4529009444844623,0.10108645482354238
683,60.697519899500215,200,0,0,1,2.1319367270674174,0.10098536836871884
684,205.56292878681614,26,1,0,0,1.4237904009557292,0.10088438300035013
685,135.9122374722804,41,1,0,0,1.4780825997216192,0.10078349861734977
686,159.8903524105478,25,1,0,0,1.4347007121169633,0.10068271511873242
687,211.5346879825875,36,1,0,0,1.2755419148364286,0.10058203240361369
688,183.32609210116505,55,1,0,0,1.4824814518420202,0.10048145037121009
689,60.41280895934192,200,0,0,1,2.9465191875640824,0.10038096892083886
690,208.248184059919,31,1,0,0,1.4802777250776562,0.10028058795191802
691,170.33600459955048,21,1,0,0,1.4460259874065031,0.1001803073639661
692,132.02479933261372,9,1,0,0,1.4045134384398348,0.10008012705660214
693,22.96862810383486,200,0,0,1,3.466806203796116,0.09998004692954554
694,170.2179574237441,22,1,0,0,1.438883999953693,0.099880066882616
695,164.739296893706,30,1,0,0,1.4829849335194816,0.09978018681573338
696,163.84607722178117,17,1,0,0,1.4282337927740905,0.09968040662891764
697,110.546872483694,5,1,0,0,1.3087606849197035,0.09958072622228872
698,43.453400129595344,200,0,0,1,3.6452363808657786,0.09948114549606644
699,234.3279246247021,47,1,0,0,1.4777676525010164,0.09938166435057037
700,189.2012144139893,71,1,0,0,1.498242125615795,0.0992822826862198
701,95.58523813363183,200,0,0,1,2.314924527849818,0.09918300040353357
702,140.96586110844362,72,1,0,0,1.4861061494324854,0.09908381740313005
703,125.00804163669248,7,1,0,0,1.1779194802405626,0.09898473358572692
704,63.22560311575945,200,0,0,1,2.452012110107455,0.09888574885214119
705,160.820785297231,15,1,0,0,1.3135201457174857,0.09878686310328905
706,55.65750491245393,200,0,0,1,2.491746182905268,0.09868807624018576
707,180.97114185374636,22,1,0,0,1.4892283909713078,0.09858938816394558
708,155.38832217734404,42,1,0,0,1.4760619202584486,0.09849079877578162
709,207.83156441112436,26,1,0,0,1.3737634687234532,0.09839230797700585
710,172.96488520821867,35,1,0,0,1.4862104560220883,0.09829391566902884
711,163.66373496883057,19,1,0,0,1.3531327028395663,0.09819562175335982
712,109.31535352365147,3,1,0,0,1.089292573589323,0.09809742613160645
713,143.18458261610758,175,1,0,0,1.468531992297972,0.09799932870547484
714,173.58919388313745,21,1,0,0,1.353074202657563,0.09790132937676937
715,161.6737282168424,22,1,0,0,1.4002447717861597,0.0978034280473926
716,183.63259632856864,24,1,0,0,1.3705753453634892,0.0977056246193452
717,59.79684301656742,200,0,0,1,2.3655446288083746,0.09760791899472587
718,176.2001823514063,95,1,0,0,1.458963899428815,0.09751031107573113
719,185.5815147217163,27,1,0,0,1.1680747304798917,0.09741280076465542
720,182.5338792865964,24,1,0,0,1.4780175897218288,0.09731538796389075
721,124.78925574469123,9,1,0,0,1.4806271089926362,0.09721807257592685
722,100.0,1,1,0,0,0.9365923158731976,0.09712085450335094
723,236.17085787477214,48,1,0,0,1.4496523693607604,0.09702373364884759
724,166.96870402929943,60,1,0,0,1.4932979097958523,0.09692670991519874
725,213.0158966314303,28,1,0,0,1.4679275450365143,0.09682978320528353
726,221.94890086288353,35,1,0,0,1.3869949999302895,0.09673295342207826
727,129.26604067558034,9,1,0,0,1.4472464570729275,0.09663622046865616
728,172.902114474665,23,1,0,0,1.3396121394209946,0.09653958424818752
729,210.32039741711657,105,1,0,0,1.4988840602934794,0.09644304466393933
730,151.31818755236716,16,1,0,0,1.4807081930539816,0.09634660161927538
731,195.67270283994918,69,1,0,0,1.4103569569120051,0.0962502550176561
732,184.37501413169667,28,1,0,0,1.4548026286253062,0.09615400476263847
733,135.5765552348766,10,1,0,0,1.4652268304352873,0.09605785075787582
734,147.72133404637586,13,1,0,0,1.4177835939011103,0.09596179290711794
735,194.18692905686385,24,1,0,0,1.4306654501471334,0.09586583111421082
736,209.8154972714957,31,1,0,0,1.4551915375922844,0.09576996528309661
737,148.95432240021375,15,1,0,0,1.4499078879732654,0.09567419531781352
738,197.25929033000185,27,1,0,0,1.3838819933229614,0.09557852112249571
739,202.54102585635124,35,1,0,0,1.49637081017142,0.0954829426013732
740,194.99254441345167,24,1,0,0,1.3098085961945682,0.09538745965877184
741,137.8070242065289,13,1,0,0,1.1686074531060588,0.09529207219911306
742,196.91627431912235,24,1,0,0,1.4457016642202343,0.09519678012691396
743,191.8398100449477,21,1,0,0,1.2995180103673605,0.09510158334678703
744,181.86398774832776,21,1,0,0,1.439591379471922,0.09500648176344025
745,189.02869874303508,58,1,0,0,1.4813517622626335,0.09491147528167682
746,129.550289020905,10,1,0,0,1.4974339115031876,0.09481656380639514
747,157.83517638908003,33,1,0,0,1.4966545797630302,0.09472174724258874
748,165.29013261253613,20,1,0,0,1.3435771097704268,0.09462702549534614
749,145.13478167566672,13,1,0,0,1.464785581101876,0.0945323984698508
750,220.7942986897064,30,1,0,0,1.354818472228452,0.09443786607138095
751,162.37033496656403,22,1,0,0,1.4112702180835095,0.09434342820530957
752,133.39636668438968,11,1,0,0,1.3721299825790811,0.09424908477710425
753,145.06918531847666,14,1,0,0,1.4098494040061726,0.09415483569232716
754,182.70281363440847,22,1,0,0,1.4233572314474598,0.09406068085663483
755,211.53926886417787,90,1,0,0,1.4863653876693101,0.0939666201757782
756,204.53328496125664,38,1,0,0,1.440537440866642,0.09387265355560243
757,228.94660130582145,44,1,0,0,1.3834787159946096,0.09377878090204682
758,144.9724974047464,21,1,0,0,1.4508916364502864,0.09368500212114476
759,197.946508800168,23,1,0,0,1.3716376368698522,0.09359131711902363
760,146.88732526771807,24,1,0,0,1.4827093812142709,0.0934977258019046
761,167.42817999206213,23,1,0,0,1.36706549211597,0.0934042280761027
762,182.6615514394755,24,1,0,0,1.3910358367741664,0.09331082384802658
763,176.42114985757493,25,1,0,0,1.448604509887457,0.09321751302417856
764,193.7346952454181,58,1,0,0,1.471972122488833,0.09312429551115438
765,174.91735645668825,24,1,0,0,1.3913939659650096,0.09303117121564324
766,185.1139045779569,23,1,0,0,1.3296272146198862,0.09293814004442759
767,172.77743145795185,17,1,0,0,1.2862311383014955,0.09284520190438317
768,161.70782142465748,18,1,0,0,1.4250931986879376,0.09275235670247878
769,176.35335074777072,23,1,0,0,1.447471155965921,0.0926596043457763
770,127.61442974638959,10,1,0,0,1.2605803657691381,0.09256694474143051
771,117.04841026788809,9,1,0,0,1.4992865724250612,0.0924743777966891
772,164.70319746411536,21,1,0,0,1.4810183389494758,0.09238190341889241
773,205.32400807365462,29,1,0,0,1.4169335082607228,0.09228952151547351
774,216.74558284686154,36,1,0,0,1.300022625024333,0.09219723199395803
775,194.74205936839923,28,1,0,0,1.4824175282781984,0.09210503476196408
776,148.04379624266468,24,1,0,0,1.4953616278501598,0.09201292972720211
777,171.41915225780764,23,1,0,0,1.4450464197293431,0.09192091679747491
778,186.5912033514836,20,1,0,0,1.4477383145048752,0.09182899588067744
779,184.6998663740798,27,1,0,0,1.3831164048809284,0.09173716688479676
780,198.5317755443703,23,1,0,0,1.208768231670148,0.09164542971791195
781,172.03183939083397,23,1,0,0,1.3188167303634495,0.09155378428819405
782,189.6330809081755,34,1,0,0,1.4882231779724275,0.09146223050390585
783,197.37526125995907,25,1,0,0,1.4673503611449519,0.09137076827340196
784,167.95431759147647,33,1,0,0,1.4862339332412675,0.09127939750512855
785,146.11194256211834,30,1,0,0,1.4836869687198064,0.09118811810762342
786,190.55001237261322,29,1,0,0,1.4395497327716542,0.0910969299895158
787,160.92369892796967,16,1,0,0,1.3257636098594479,0.09100583305952628
788,175.3064617790912,21,1,0,0,1.4629974172364375,0.09091482722646675
789,154.48946778742555,24,1,0,0,1.446417584583025,0.09082391239924029
790,165.176085783767,25,1,0,0,1.4539841013844377,0.09073308848684104
791,136.8918493745621,17,1,0,0,1.482342688019855,0.0906423553983542
792,197.05241893907436,28,1,0,0,1.4703433965446866,0.09055171304295584
793,137.38962798412115,10,1,0,0,1.453848268907258,0.09046116132991289
794,174.97666552796431,73,1,0,0,1.4775928452773568,0.09037070016858298
795,175.96455637789376,21,1,0,0,1.3509320778445524,0.0902803294684144
796,137.3715847519985,14,1,0,0,1.4965849817229366,0.09019004913894599
797,175.01976986531733,26,1,0,0,1.3977396454437743,0.09009985908980704
798,212.3869479133906,34,1,0,0,1.319141841710102,0.09000975923071723
799,159.49816345216487,18,1,0,0,1.45319883569958,0.08991974947148651
800,136.34076837837202,18,1,0,0,1.4250322280576755,0.08982982972201503
801,183.12914295076823,25,1,0,0,1.3336042950245068,0.08973999989229302
802,180.19657669341,22,1,0,0,1.2844904508062958,0.08965025989240072
803,152.85136876242888,17,1,0,0,1.344862396937621,0.08956060963250832
804,154.43742633242286,19,1,0,0,1.4772550984146324,0.08947104902287581
805,177.83979072141938,25,1,0,0,1.2852664231253814,0.08938157797385293
806,180.3021272383655,22,1,0,0,1.4495208859158721,0.08929219639587908
807,222.56310157780604,36,1,0,0,1.3979743839149403,0.0892029041994832
808,195.4558910503127,26,1,0,0,1.2783106094947032,0.08911370129528372
809,177.49033195939228,22,1,0,0,1.3136499797008647,0.08902458759398843
810,149.6924500796889,17,1,0,0,1.3540477887806663,0.08893556300639444
811,137.3543780983,11,1,0,0,1.2267219765236785,0.08884662744338806
812,152.57844522904952,21,1,0,0,1.3735983244285959,0.08875778081594465
813,143.77001740613775,14,1,0,0,1.3760906401412825,0.08866902303512872
814,202.04400150011844,27,1,0,0,1.3639844204586609,0.08858035401209359
815,177.81337850120883,22,1,0,0,1.4613785781794624,0.08849177365808149
816,157.57817144263294,15,1,0,0,1.4248781108291408,0.08840328188442342
817,167.6383704165939,19,1,0,0,1.2057596145237832,0.08831487860253899
818,161.18439098734166,58,1,0,0,1.4903872125959392,0.08822656372393645
819,117.71168198016942,7,1,0,0,1.3674621816479369,0.08813833716021252
820,216.69443629362337,26,1,0,0,1.257151405684944,0.0880501988230523
821,163.06452997731236,19,1,0,0,1.2326552106086657,0.08796214862422924
822,144.25425908754443,20,1,0,0,1.4498439554532951,0.08787418647560502
823,150.0366174199084,12,1,0,0,1.312334805104743,0.08778631228912942
824,119.77996675333637,6,1,0,0,1.4405285914489232,0.08769852597684029
825,156.09372176019224,32,1,0,0,1.4600609000552907,0.08761082745086345
826,154.86772024388867,20,1,0,0,1.4172621617768917,0.08752321662341259
827,189.60655252037373,30,1,0,0,1.4229779143494765,0.08743569340678917
828,183.02846015191528,23,1,0,0,1.402544895000596,0.08734825771338238
829,229.28613240717218,35,1,0,0,1.3791670490368193,0.087260909455669
830,155.01135936558114,16,1,0,0,1.341342746492507,0.08717364854621333
831,175.87635439420154,20,1,0,0,1.4453154323990942,0.08708647489766712
832,182.31009766286965,24,1,0,0,1.4836611171835732,0.08699938842276944
833,170.13235493998945,24,1,0,0,1.2509137455332364,0.08691238903434667
834,149.62746811086492,20,1,0,0,1.411360290004502,0.08682547664531233
835,156.0838815876129,22,1,0,0,1.407434378117714,0.08673865116866702
836,198.6523020724086,23,1,0,0,1.368760429016791,0.08665191251749835
837,149.93898801511622,27,1,0,0,1.4253714890228844,0.08656526060498086
838,240.44590922079317,55,1,0,0,1.4959191736237232,0.08647869534437587
839,182.27867462871268,22,1,0,0,1.492106792833705,0.0863922166490315
840,188.6836507118102,23,1,0,0,1.4160342900104796,0.08630582443238247
841,184.04539571014942,35,1,0,0,1.438635871232045,0.08621951860795007
842,284.81632568211876,61,1,0,0,1.3185002770800487,0.08613329908934214
843,193.9988045971446,29,1,0,0,1.3349124838652187,0.08604716579025279
844,209.938653348817,66,1,0,0,1.4934708513044832,0.08596111862446254
845,98.66124528854031,70,1,0,0,1.4464626225584847,0.08587515750583807
846,157.74948075088807,21,1,0,0,1.4628223855723286,0.08578928234833223
847,151.59546945934582,15,1,0,0,1.145361848961455,0.0857034930659839
848,179.10517027191176,20,1,0,0,1.3785628543036779,0.08561778957291792
849,212.5183056180634,36,1,0,0,1.367058846068718,0.085532171783345
850,184.34063500781988,25,1,0,0,1.4062566671964352,0.08544663961156165
851,168.82623443317004,24,1,0,0,1.2843193577596668,0.0853611929719501
852,159.8688325329681,22,1,0,0,1.431612247953566,0.08527583177897814
853,141.24892958459588,11,1,0,0,1.4871992049433824,0.08519055594719917
854,184.19200724814095,19,1,0,0,1.2701675289261067,0.08510536539125196
855,172.2741213558088,30,1,0,0,1.492801835895373,0.08502026002586072
856,145.57436053600432,70,1,0,0,1.4845123852093982,0.08493523976583485
857,150.42157298897513,19,1,0,0,1.4576690718902032,0.08485030452606902
858,142.43550475108736,11,1,0,0,1.3459413438865369,0.08476545422154295
859,219.45925290121423,43,1,0,0,1.3487797489475442,0.0846806887673214
860,150.26256817005282,13,1,0,0,1.397385062539832,0.0845960080785541
861,176.44298271700836,28,1,0,0,1.4256350199545724,0.08451141207047552
862,178.8463703554607,25,1,0,0,1.3984005284619738,0.08442690065840507
863,196.00874582779247,25,1,0,0,1.451357783923192,0.08434247375774666
864,239.71240628121163,42,1,0,0,1.321311860527163,0.0842581312839889
865,175.54809468325402,58,1,0,0,1.476061648350002,0.08417387315270491
866,150.68382199777804,32,1,0,0,1.496984850844067,0.08408969927955222
867,178.5013520309467,67,1,0,0,1.4285800201148369,0.08400560958027266
868,196.04921656008287,37,1,0,0,1.334800563376511,0.08392160397069238
869,140.42734585900462,13,1,0,0,1.456665537188111,0.08383768236672169
870,180.91509889946448,24,1,0,0,1.3468347360640427,0.08375384468435498
871,153.21381158038906,32,1,0,0,1.4878058190627808,0.08367009083967061
872,139.37077222458777,14,1,0,0,1.4151752208215151,0.08358642074883094
873,170.91501831573288,20,1,0,0,1.482212292347601,0.08350283432808212
874,180.20128211419123,22,1,0,0,1.2297213591458587,0.08341933149375402
875,196.3676329409995,29,1,0,0,1.4229491846413511,0.08333591216226027
876,148.81600989015936,23,1,0,0,1.474792574036989,0.08325257625009802
877,166.72042202614404,28,1,0,0,1.4614810652547272,0.08316932367384793
878,152.49357667308635,21,1,0,0,1.4302908513833827,0.08308615435017408
879,144.94034167867062,15,1,0,0,1.4523108034822894,0.0830030681958239
880,145.8599092666011,13,1,0,0,1.4022773091945766,0.08292006512762808
881,184.13041582849178,25,1,0,0,1.4669405871213779,0.08283714506250045
882,184.44283802984503,29,1,0,0,1.2769097598146648,0.08275430791743794
883,159.01614430743257,17,1,0,0,1.2862057687288027,0.0826715536095205
884,157.16424277356492,22,1,0,0,1.3992358246470147,0.08258888205591099
885,190.69536216744655,22,1,0,0,1.452015140332489,0.08250629317385508
886,185.82725736307592,23,1,0,0,1.2609942918968238,0.08242378688068122
887,136.06275098691137,16,1,0,0,1.4239724651993682,0.08234136309380054
888,126.42503803296847,10,1,0,0,1.2194292211006927,0.08225902173070675
889,154.1636166959796,18,1,0,0,1.3849466792259872,0.08217676270897603
890,157.8864316707096,16,1,0,0,1.3237287281690089,0.08209458594626706
891,178.69235433472005,23,1,0,0,1.4605708017263368,0.0820124913603208
892,203.83213095819355,49,1,0,0,1.494771587950726,0.08193047886896047
893,122.28828627905159,7,1,0,0,1.4566546411375316,0.08184854839009151
894,201.4433744588483,32,1,0,0,1.394534620999382,0.08176669984170142
895,255.20304064474044,55,1,0,0,1.4323169618183709,0.0816849331418597
896,169.77657816898295,17,1,0,0,1.4224140315474216,0.08160324820871785
897,52.43469302533898,200,0,0,1,2.9852225906579153,0.08152164496050913
898,161.32665339197618,17,1,0,0,1.2648018504459861,0.08144012331554862
899,194.48461004614447,22,1,0,0,1.3902712295707382,0.08135868319223308
900,172.84830789332725,25,1,0,0,1.3817925978195622,0.08127732450904085
901,137.71187438434941,19,1,0,0,1.4712349275851253,0.08119604718453181
902,176.1500484128038,22,1,0,0,1.4287713493098657,0.08111485113734727
903,156.5616134765018,17,1,0,0,1.3507309464665058,0.08103373628620993
904,205.37386997458395,32,1,0,0,1.483277214785658,0.08095270254992372
905,106.69098744926859,3,1,0,0,1.3411522324805758,0.08087174984737379
906,161.19790360257375,20,1,0,0,1.4545745570495103,0.08079087809752641
907,233.38362405580787,42,1,0,0,1.4993273241523826,0.08071008721942889
908,149.1675543749158,17,1,0,0,1.4051482776906867,0.08062937713220947
909,175.30080174339167,26,1,0,0,1.2101137107998687,0.08054874775507725
910,256.7048457071629,50,1,0,0,1.2664598786942314,0.08046819900732217
911,158.25725921879132,16,1,0,0,1.393469779240528,0.08038773080831485
912,161.76630117616452,39,1,0,0,1.4724906095969585,0.08030734307750653
913,131.36976496477786,8,1,0,0,1.3116313343860515,0.08022703573442903
914,174.97787633514451,18,1,0,0,1.2204313500387733,0.0801468086986946
915,156.86782860197175,18,1,0,0,1.4928679905645534,0.08006666188999591
916,191.54755116717237,24,1,0,0,1.3861548823043377,0.07998659522810592
917,154.55498654850402,15,1,0,0,1.3236889618121206,0.07990660863287781
918,123.8251712521346,11,1,0,0,1.4657176472083544,0.07982670202424492
919,138.695409645243,16,1,0,0,1.4045788823488747,0.07974687532222069
920,243.45685270336085,101,1,0,0,1.4579831782004293,0.07966712844689847
921,192.82835211241178,22,1,0,0,1.4118755452094442,0.07958746131845157
922,167.31425615604246,24,1,0,0,1.4318482692516223,0.07950787385713311
923,208.61914136656577,34,1,0,0,1.321267854213275,0.07942836598327598
924,111.26587134358373,4,1,0,0,1.4347487295655805,0.07934893761729271
925,168.38682780585242,18,1,0,0,1.4934096446834717,0.07926958867967542
926,180.06930367087972,24,1,0,0,1.482874491300355,0.07919031909099573
927,143.55429396566996,17,1,0,0,1.4451574394329059,0.07911112877190474
928,166.21668912143423,20,1,0,0,1.2613373752757466,0.07903201764313283
929,135.90000621071962,11,1,0,0,1.4206594450257648,0.07895298562548969
930,121.48562452552147,13,1,0,0,1.393753546248655,0.07887403263986421
931,163.09016693436553,33,1,0,0,1.3769502068476462,0.07879515860722436
932,149.26905143944157,16,1,0,0,1.4917235160858011,0.07871636344861713
933,176.5632377079495,27,1,0,0,1.1867647184559271,0.07863764708516852
934,180.65282911054564,23,1,0,0,1.2815948627336347,0.07855900943808333
935,138.6879671618295,18,1,0,0,1.3654158975713537,0.07848045042864527
936,183.33464097668048,28,1,0,0,1.401429135364714,0.0784019699782166
937,168.5519360746143,24,1,0,0,1.3215824246671084,0.07832356800823839
938,158.26762966457522,21,1,0,0,1.4924674633367463,0.07824524444023015
939,145.66203078085582,16,1,0,0,1.3307196857695294,0.07816699919578993
940,183.8418987897275,70,1,0,0,1.4922018345091517,0.07808883219659413
941,155.78926530287842,20,1,0,0,1.3543387998360672,0.07801074336439755
942,195.1865528789619,27,1,0,0,1.4397032325692056,0.07793273262103315
943,166.06445928454644,28,1,0,0,1.4453585920909542,0.07785479988841211
944,182.80040029619732,27,1,0,0,1.485930799435725,0.07777694508852369
945,185.60954347287588,23,1,0,0,1.3654243675922608,0.07769916814343518
946,248.3086947352456,115,1,0,0,1.481493890150076,0.07762146897529174
947,183.7407042278851,25,1,0,0,1.4483444694156196,0.07754384750631645
948,174.76201406483693,20,1,0,0,1.4532766791259084,0.07746630365881013
949,165.07362090397024,21,1,0,0,1.4464825845745213,0.07738883735515133
950,180.64821999520285,32,1,0,0,1.469541600196437,0.07731144851779617
951,133.12866687315727,10,1,0,0,1.4731924047327891,0.07723413706927837
952,161.13998198525502,19,1,0,0,1.3129689562461184,0.0771569029322091
953,169.96320763689238,24,1,0,0,1.3876197334804272,0.07707974602927688
954,264.0586847441183,104,1,0,0,1.4940367396290233,0.0770026662832476
955,161.95061101286436,19,1,0,0,1.3302786657484396,0.07692566361696436
956,211.5399346495602,32,1,0,0,1.3876892095574005,0.0768487379533474
957,173.38873116273004,20,1,0,0,1.3085794422450525,0.07677188921539405
958,178.59123005588444,69,1,0,0,1.4535984634805643,0.07669511732617866
959,152.32999248687054,18,1,0,0,1.414682726247046,0.07661842220885247
960,170.97894015879686,27,1,0,0,1.4730838206138774,0.07654180378664362
961,156.09183925329336,16,1,0,0,1.4649653496379234,0.07646526198285697
962,166.8050895177258,19,1,0,0,1.3899439674677914,0.07638879672087412
963,160.6014775522414,20,1,0,0,1.3423756656015546,0.07631240792415325
964,158.54255940269468,21,1,0,0,1.4417151929192769,0.07623609551622909
965,214.2991081555111,40,1,0,0,1.430455085995247,0.07615985942071286
966,29.570658992783898,200,0,0,1,1.5407185690527483,0.07608369956129216
967,184.24278679385785,26,1,0,0,1.4875394878460957,0.07600761586173087
968,132.70440740086127,9,1,0,0,1.497708861614362,0.07593160824586913
969,193.69495320280816,25,1,0,0,1.32419293261353,0.07585567663762327
970,184.01637769531973,24,1,0,0,1.4055473223837873,0.07577982096098564
971,162.77895098186264,24,1,0,0,1.3231625034348964,0.07570404114002466
972,187.04667926847165,27,1,0,0,1.4363924241823114,0.07562833709888463
973,177.60297135491317,27,1,0,0,1.2738732360741007,0.07555270876178574
974,132.8489745679751,11,1,0,0,1.4913693349186907,0.07547715605302396
975,103.07928482663591,3,1,0,0,1.4595135618663266,0.07540167889697093
976,185.57586066833835,26,1,0,0,1.3626813602386076,0.07532627721807396
977,144.04329029264335,16,1,0,0,1.3655923449228007,0.07525095094085588
978,179.03370656460538,21,1,0,0,1.4719738271535712,0.07517569998991502
979,179.71921164950408,21,1,0,0,1.2290701179863561,0.07510052428992511
980,174.673545532467,21,1,0,0,1.4119269703977253,0.07502542376563519
981,183.99429819487256,86,1,0,0,1.4707296695722636,0.07495039834186955
982,206.73217324622783,62,1,0,0,1.4838705360859077,0.07487544794352768
983,248.55827307855589,49,1,0,0,1.336719786649783,0.07480057249558415
984,174.53582640002503,55,1,0,0,1.4987847640014658,0.07472577192308857
985,135.2363672931373,10,1,0,0,1.1925633726017077,0.07465104615116548
986,147.0972858767205,21,1,0,0,1.375373377529023,0.07457639510501432
987,193.02833870028573,23,1,0,0,1.3235034246067596,0.0745018187099093
988,175.75252081984533,23,1,0,0,1.367697181899306,0.0744273168911994
989,248.60872711647343,55,1,0,0,1.4711732637903203,0.07435288957430819
990,164.33423404637102,22,1,0,0,1.4511839151777,0.07427853668473389
991,187.19252937502708,26,1,0,0,1.3179311786911527,0.07420425814804915
992,154.16147191480087,17,1,0,0,1.4994300125798061,0.07413005388990111
993,191.32410452360722,24,1,0,0,1.4473547790331662,0.0740559238360112
994,148.20291755365946,17,1,0,0,1.3745367923083593,0.07398186791217519
995,141.6532390530123,96,1,0,0,1.4132993556790456,0.07390788604426302
996,231.88537888484987,35,1,0,0,1.3710069649273542,0.07383397815821875
997,134.05121265295787,12,1,0,0,1.4989466605807649,0.07376014418006054
998,123.46799843755497,8,1,0,0,1.3127795856285176,0.07368638403588047
999,174.41601904964486,26,1,0,0,1.3819175514849664,0.07361269765184458
1000,182.8579255479052,28,1,0,0,1.3574895985518443,0.07353908495419274
1001,169.98806128886233,21,1,0,0,1.4580320522205061,0.07346554586923855
1002,190.85944860738448,114,1,0,0,1.3928088082285677,0.07339208032336932
1003,-47.01268226109904,2,0,1,0,8.031023912602258,0.07331868824304594
1004,29.020464042963738,18,0,1,0,4.867643166875294,0.0732453695548029
1005,20.05537521496268,27,0,1,0,8.282130360718364,0.07317212418524809
1006,202.54054059998134,29,1,0,0,1.4719372449893966,0.07309895206106286
1007,-6.177438196901996,17,0,1,0,5.206979905137425,0.07302585310900178
1008,-12.969464920605589,10,0,1,0,6.950041528749812,0.07295282725589279
1009,128.2386286162529,17,1,0,0,1.493200581119007,0.0728798744286369
1010,169.155656478874,22,1,0,0,1.3460095382763224,0.07280699455420825
1011,161.28567596785712,20,1,0,0,1.492544945832519,0.07273418755965404
1012,177.6674863729,21,1,0,0,1.3356847468364599,0.07266145337209438
1013,7.622675879346843,21,0,1,0,3.9989906743826733,0.07258879191872229
1014,50.0652067710521,200,0,0,1,3.4201690148518065,0.07251620312680357
1015,-36.86085802192955,4,0,1,0,6.56373694367596,0.07244368692367677
1016,198.01744382110152,28,1,0,0,1.3622172643073334,0.07237124323675309
1017,-3.942550581774782,16,0,1,0,5.68132859782683,0.07229887199351634
1018,-32.92425832700221,7,0,1,0,5.132814104824115,0.07222657312152282
1019,197.84481538951343,29,1,0,0,1.459102299730388,0.07215434654840129
1020,165.56410404394256,58,1,0,0,1.4408181498765562,0.0720821922018529
1021,203.35743295825364,28,1,0,0,1.2933960127926571,0.07201011000965105
1022,171.7458657444356,44,1,0,0,1.4705444309912115,0.0719380998996414
1023,166.77224465078967,39,1,0,0,1.4932761318744536,0.07186616179974176
1024,190.30775351912536,34,1,0,0,1.3757366638605257,0.07179429563794201
1025,230.16601498725964,53,1,0,0,1.493442930232007,0.07172250134230407
1026,183.7988993638333,25,1,0,0,1.3922714459434158,0.07165077884096176
1027,117.87470830634521,200,0,0,1,2.8409142613554277,0.0715791280621208
1028,146.84027880888436,15,1,0,0,1.285811962597462,0.07150754893405868
1029,173.94746270685704,24,1,0,0,1.2788647156621709,0.07143604138512463
1030,165.0644300772383,106,1,0,0,1.4854482958365642,0.07136460534373949
1031,-19.96074391430208,9,0,1,0,3.7135266832350116,0.07129324073839576
1032,-10.544505895119727,11,0,1,0,5.1993687018051515,0.07122194749765737
1033,232.0336968828815,36,1,0,0,1.307145640128536,0.07115072555015971
1034,150.99954420710378,74,1,0,0,1.4588156613832355,0.07107957482460955
1035,159.59761801901442,22,1,0,0,1.4933065236983325,0.07100849524978493
1036,133.7929162686026,11,1,0,0,1.4859365883705133,0.07093748675453515
1037,-2.3021697642585437,17,0,1,0,5.8018528162175285,0.07086654926778062
1038,52.79122702287265,96,0,0,0,5.501424035521964,0.07079568271851283
1039,200.94369763570347,36,1,0,0,1.4488941151234416,0.07072488703579433
1040,219.6440193939228,35,1,0,0,1.352764386425842,0.07065416214875853
1041,236.07771560224597,48,1,0,0,1.3095994142026899,0.07058350798660977
1042,-50.0,1,0,1,0,6.714085789495241,0.07051292447862316
1043,115.1748797151084,5,1,0,0,1.4087456068800315,0.07044241155414453
1044,57.17274819042636,200,0,0,1,2.4408991511847633,0.0703719691425904
1045,176.0536579595539,26,1,0,0,1.3374011489834932,0.0703015971734478
1046,155.26760688696007,17,1,0,0,1.415409989926137,0.07023129557627436
1047,201.26296930196435,32,1,0,0,1.295727759273444,0.07016106428069808
1048,167.48305217562105,33,1,0,0,1.4905815461916627,0.07009090321641738
1049,-46.977197040637726,2,0,1,0,7.484458532572165,0.07002081231320097
1050,156.51092390370096,46,1,0,0,1.4804152654271197,0.06995079150088777
1051,178.27888701064674,27,1,0,0,1.4144131015044732,0.06988084070938687
1052,187.42730513277044,22,1,0,0,1.3377699086085495,0.0698109598686775
1053,169.27424925621284,18,1,0,0,1.2580748149713437,0.06974114890880882
1054,164.4265591550147,20,1,0,0,1.450168460017799,0.06967140775990001
1055,-7.569912133473842,96,0,0,0,5.170174193666401,0.0696017363521401
1056,152.9761384088423,41,1,0,0,1.4949564130980237,0.06953213461578797
1057,152.28287173372047,39,1,0,0,1.4736649929161403,0.06946260248117218
1058,106.17198338780084,85,1,0,0,1.4124869997941791,0.069393139878691
1059,-35.62678288165737,6,0,1,0,5.856402029195401,0.06932374673881231
1060,-42.40811391506483,3,0,1,0,8.841218259506286,0.0692544229920735
1061,-38.55304165551627,4,0,1,0,4.839302978653916,0.06918516856908143
1062,168.38094598678816,23,1,0,0,1.3465585516737661,0.06911598340051234
1063,2.4669770197901215,13,0,1,0,5.0547696578721,0.06904686741711184
1064,169.34960226674644,36,1,0,0,1.4673565748561472,0.06897782054969472
1065,192.14378394065017,30,1,0,0,1.4890705152085837,0.06890884272914503
1066,-11.858744091782668,10,0,1,0,3.8162122503512754,0.06883993388641589
1067,169.75098742132622,88,1,0,0,1.4986882087615008,0.06877109395252946
1068,-34.24819149976918,5,0,1,0,3.421360166308621,0.06870232285857694
1069,72.96874126077947,200,0,0,1,2.6985364033693995,0.06863362053571835
1070,176.7482733364863,29,1,0,0,1.4320245828600102,0.06856498691518263
1071,185.202166517825,24,1,0,0,1.4349340902395837,0.06849642192826746
1072,-20.83213161537501,11,0,1,0,3.932934121496317,0.06842792550633918
1073,150.30324871482566,79,1,0,0,1.4827103679116942,0.06835949758083286
1074,176.25560839001471,20,1,0,0,1.4803561614522345,0.06829113808325202
1075,73.41300586280464,200,0,0,1,2.6560292314192786,0.06822284694516877
1076,126.17582030051247,8,1,0,0,1.397009201657589,0.06815462409822359
1077,55.60625187030391,32,0,1,0,2.7926129568160167,0.06808646947412537
1078,-24.776325250793807,10,0,1,0,4.836308948088801,0.06801838300465124
1079,132.5658399698685,9,1,0,0,1.2800210953495106,0.0679503646216466
1080,215.38753861986112,32,1,0,0,1.4468720195649174,0.06788241425702495
1081,-50.0,1,0,1,0,7.13000381572852,0.06781453184276792
1082,163.09656730872865,21,1,0,0,1.4523437226969684,0.06774671731092516
1083,-41.21221662867081,4,0,1,0,5.668966545970547,0.06767897059361423
1084,7.04517370417755,18,0,1,0,2.9489049171658595,0.06761129162302061
1085,-7.222695344227475,10,0,1,0,5.367318608527154,0.0675436803313976
1086,57.1862039798526,200,0,0,1,4.500633016659636,0.06747613665106621
1087,127.88265968708548,10,1,0,0,1.4545270502213992,0.06740866051441513
1088,32.40558501287014,200,0,0,1,4.368107597789004,0.06734125185390072
1089,188.35271004344918,180,1,0,0,1.4639393717082287,0.06727391060204682
1090,158.48739264401377,24,1,0,0,1.4194069410159769,0.06720663669144476
1091,185.73647045909087,23,1,0,0,1.3646398723328816,0.06713943005475333
1092,148.51935972974275,19,1,0,0,1.4507387851720157,0.06707229062469858
1093,142.9041777721345,28,1,0,0,1.4539288852673513,0.06700521833407387
1094,-38.09549313878767,15,0,1,0,2.1252793628864275,0.0669382131157398
1095,172.63056471896886,20,1,0,0,1.3873327682471213,0.06687127490262405
1096,172.3818107910049,18,1,0,0,1.1950420034029785,0.06680440362772143
1097,153.62371550608123,20,1,0,0,1.4939265716777343,0.06673759922409371
1098,186.2298144677552,22,1,0,0,1.432230091396076,0.06667086162486961
1099,125.96669144338685,10,1,0,0,1.4477856300363567,0.06660419076324474
1100,159.73650416726116,23,1,0,0,1.4712183287309932,0.0665375865724815
1101,-20.08525787499282,10,0,1,0,3.2246032246309726,0.06647104898590903
1102,199.22857302540393,117,1,0,0,1.4981149757110779,0.06640457793692311
1103,1.3224709802721293,15,0,1,0,6.255232852055267,0.06633817335898619
1104,158.99054967815042,15,1,0,0,1.4364008189774446,0.06627183518562721
1105,-32.77917152141648,5,0,1,0,9.859065076714513,0.06620556335044157
1106,195.70559093238194,28,1,0,0,1.2906087252769602,0.06613935778709114
1107,187.76523466542042,25,1,0,0,1.4480786527165252,0.06607321842930404
1108,165.20742932879796,24,1,0,0,1.4022098538298466,0.06600714521087474
1109,128.34645111495084,15,1,0,0,1.4353898517330104,0.06594113806566386
1110,179.80563357277194,61,1,0,0,1.483323177761559,0.0658751969275982
1111,27.613165367396462,26,0,1,0,3.001670344563704,0.0658093217306706
1112,168.57839048305618,193,1,0,0,1.4982785843056765,0.06574351240893993
1113,-27.544630044320673,6,0,1,0,8.909413069142275,0.06567776889653099
1114,-26.73194086260211,9,0,1,0,6.478673223253257,0.06561209112763447
1115,147.61374196451783,181,1,0,0,1.4714767694302306,0.06554647903650683
1116,176.80544801333053,155,1,0,0,1.4175180572813926,0.06548093255747033
1117,145.62227147169162,20,1,0,0,1.4655248328653279,0.06541545162491284
1118,-13.011683262378341,11,0,1,0,4.754284041691779,0.06535003617328794
1119,-44.58471974380987,3,0,1,0,6.065401030075121,0.06528468613711465
1120,131.23187676609783,200,0,0,1,3.1386129456496192,0.06521940145097753
1121,197.73393844510633,37,1,0,0,1.4720180126122702,0.06515418204952655
1122,203.20666164770188,35,1,0,0,1.4686057329919666,0.06508902786747703
1123,99.91589886171244,200,0,0,1,2.5209280248166244,0.06502393883960955
1124,-8.97053326232681,13,0,1,0,6.956427204002811,0.06495891490076994
1125,193.71937930417113,35,1,0,0,1.463738645211696,0.06489395598586917
1126,149.91929054932467,24,1,0,0,1.4878422192564542,0.0648290620298833
1127,126.30678232083132,179,1,0,0,1.475521871571766,0.06476423296785343
1128,172.18519912715777,35,1,0,0,1.4399445787988752,0.06469946873488557
1129,-33.16971786663718,5,0,1,0,9.662824434990606,0.06463476926615068
1130,206.04863113954798,33,1,0,0,1.4153254907169193,0.06457013449688452
1131,122.20369033733084,14,1,0,0,1.3688436685615468,0.06450556436238765
1132,206.12093937113184,32,1,0,0,1.4847287195393541,0.06444105879802525
1133,51.30555945155684,200,0,0,1,3.9506752300209516,0.06437661773922723
1134,164.8082984110176,20,1,0,0,1.371261323787016,0.064312241121488
1135,-5.583557142681016,14,0,1,0,3.4857124874584797,0.06424792888036651
1136,161.91955825480113,19,1,0,0,1.272019564571949,0.06418368095148615
1137,159.35785126126174,21,1,0,0,1.449212104742383,0.06411949727053466
1138,138.75025811602666,14,1,0,0,1.4722736179384273,0.06405537777326413
1139,52.36343307018921,200,0,0,1,3.732865742692455,0.06399132239549087
1140,175.4888700186793,25,1,0,0,1.3706557716064223,0.06392733107309538
1141,-3.6303829296700982,13,0,1,0,4.413751963745412,0.06386340374202228
1142,109.47927439126312,200,0,0,1,2.383675513266654,0.06379954033828027
1143,192.7889905122304,55,1,0,0,1.4504066074710271,0.06373574079794198
1144,18.768256372836976,200,0,0,1,3.4187051298862796,0.06367200505714403
1145,149.7078101773707,25,1,0,0,1.4496605252653276,0.0636083330520869
1146,-21.244793573266374,8,0,1,0,6.167252075450726,0.06354472471903481
1147,121.8557145665458,10,1,0,0,1.4405150301068521,0.06348117999431577
1148,165.8880326097233,35,1,0,0,1.4960579829520018,0.06341769881432145
1149,168.75655857690657,31,1,0,0,1.3941340837041356,0.06335428111550713
1150,181.96281791751764,63,1,0,0,1.4772047287889256,0.06329092683439162
1151,164.5629318673038,176,1,0,0,1.4495405302508466,0.06322763590755724
1152,192.24144669524935,28,1,0,0,1.3570794075112698,0.06316440827164968
1153,176.2804138128953,28,1,0,0,1.3449870944344153,0.06310124386337802
1154,149.372178744433,18,1,0,0,1.207982168634207,0.06303814261951465
1155,4.227619685131316,15,0,1,0,5.505749410963312,0.06297510447689512
1156,137.7400375818654,16,1,0,0,1.4336351363052293,0.06291212937241823
1157,131.46406237306908,49,1,0,0,1.4030255013889144,0.06284921724304582
1158,-27.943352867252415,7,0,1,0,9.212324060966282,0.06278636802580277
1159,152.19450859980105,29,1,0,0,1.4712523132254576,0.06272358165777697
1160,162.1058523975702,23,1,0,0,1.3492954420222878,0.0626608580761192
1161,-35.76102638537704,5,0,1,0,7.578450441284835,0.06259819721804308
1162,99.38570845879194,200,0,0,1,4.903975266445131,0.06253559902082503
1163,189.38594282057585,40,1,0,0,1.3546618204699654,0.06247306342180421
1164,147.38682241212814,16,1,0,0,1.389034442555387,0.0624105903583824
1165,138.19848419966985,18,1,0,0,1.4807252317174135,0.062348179768024016
1166,135.97585007139895,18,1,0,0,1.3863658067303646,0.06228583158825599
1167,26.563688694484423,200,0,0,1,3.050976907393877,0.06222354575666775
1168,136.9201159770091,200,0,0,1,4.880789063819386,0.06216132221091108
1169,126.77246991007398,9,1,0,0,1.4822395971450706,0.062099160888700156
1170,127.50070727418051,9,1,0,0,1.4635725663405488,0.06203706172781146
1171,104.81915603326144,58,1,0,0,1.4753518356064925,0.06197502466608365
1172,129.78802157577198,13,1,0,0,1.3506947614197709,0.06191304964141756
1173,172.52968730792531,24,1,0,0,1.4119950364874005,0.06185113659177615
1174,157.4338014363731,82,1,0,0,1.396726319228551,0.061789285455184376
1175,184.8951175337325,58,1,0,0,1.457976971541115,0.061727496169729196
1176,88.81420092220046,45,1,0,0,1.4875411293044718,0.061665768673559454
1177,136.3708133160855,148,1,0,0,1.468385066341834,0.061604102904885896
1178,244.84282600656027,90,1,0,0,1.4335424823802816,0.06154249880198101
1179,179.83225081561432,37,1,0,0,1.3383656674311326,0.06148095630317903
1180,-29.1727281158448,15,0,1,0,4.011408054631309,0.061419475346875856
1181,187.18065157084067,26,1,0,0,1.457668676306977,0.061358055871528976
1182,142.30338518749744,24,1,0,0,1.3773034565607052,0.06129669781565744
1183,187.08612135609684,30,1,0,0,1.4420035014871844,0.061235401117841794
1184,112.88368855762384,44,1,0,0,1.3971756261390538,0.061174165716723954
1185,163.75391951424967,20,1,0,0,1.4892521928693105,0.061112991551007224
1186,72.80179187776238,200,0,0,1,4.678547268806589,0.06105187855945622
1187,-16.835473091681152,10,0,1,0,4.868832131902444,0.06099082668089676
1188,-50.0,1,0,1,0,5.408388597656447,0.060929835854215866
1189,172.8990612913794,76,1,0,0,1.4721540297126652,0.060868906018361646
1190,167.1930873511281,28,1,0,0,1.3611664694138241,0.06080803711234328
1191,162.13366092628561,16,1,0,0,1.35594236766977,0.06074722907523094
1192,135.98242470708317,19,1,0,0,1.3949541362105737,0.06068648184615571
1193,116.74552626059173,7,1,0,0,1.2926042714657249,0.06062579536430956
1194,133.94936095238256,115,1,0,0,1.4724970097871588,0.06056516956894525
1195,113.90426827027531,9,1,0,0,1.2900280931661199,0.0605046043993763
1196,195.16740882106075,152,1,0,0,1.38822317250658,0.060444099794976926
1197,162.73437191219932,75,1,0,0,1.4943320420001782,0.06038365569518195
1198,170.73797621365478,30,1,0,0,1.4833818105878913,0.060323272039486765
1199,117.82517218930865,8,1,0,0,1.3176572690895458,0.06026294876744728
1200,163.06590125759962,23,1,0,0,1.3637476982260608,0.060202685818679824
1201,209.40205760994905,139,1,0,0,1.4627597156713805,0.06014248313286115
1202,156.7302877142804,24,1,0,0,1.4555225721437455,0.06008234064972828
1203,170.79277723817273,27,1,0,0,1.2821999567849245,0.06002225830907856
1204,181.6062672337278,22,1,0,0,1.3143647803003966,0.05996223605076948
1205,155.49987310718518,17,1,0,0,1.4863984507364156,0.059902273814718715
1206,159.2293419510639,21,1,0,0,1.4633150804650776,0.059842371540903994
1207,158.51159205661287,39,1,0,0,1.4784450402190619,0.05978252916936309
1208,196.84793380585563,35,1,0,0,1.48729115224692,0.059722746640193725
1209,168.094771170591,24,1,0,0,1.480946882025608,0.05966302389355354
1210,141.98471074980068,40,1,0,0,1.276934956824433,0.059603360869659984
1211,168.80682501470136,32,1,0,0,1.3423790104383304,0.05954375750879032
1212,197.92546679851557,31,1,0,0,1.4702096617818328,0.059484213751281524
1213,134.34497084951246,40,1,0,0,1.4571777475589585,0.059424729537530245
1214,163.71138248621583,28,1,0,0,1.4836148478887372,0.059365304807992715
1215,148.6729641983011,17,1,0,0,1.4731824566896832,0.059305939503184725
1216,154.44747457045344,25,1,0,0,1.2021066231007298,0.05924663356368154
1217,133.28315859603748,20,1,0,0,1.4189020490405424,0.05918738693011786
1218,148.77568760852606,15,1,0,0,1.4767616579340923,0.059128199543187744
1219,128.30330030715695,10,1,0,0,1.419913775500816,0.05906907134364456
1220,-6.281153881909752,11,0,1,0,5.520851849196015,0.05901000227230091
1221,160.9827985821666,20,1,0,0,1.2330845741928411,0.058950992270028604
1222,208.52385395828065,93,1,0,0,1.4695404995773416,0.05889204127775858
1223,125.99625634687584,76,1,0,0,1.4310539067360846,0.05883314923648082
1224,135.04715774879423,79,1,0,0,1.485925911860412,0.058774316087244344
1225,187.1422565910214,24,1,0,0,1.4501817580218848,0.0587155417711571
1226,177.91402253932398,26,1,0,0,1.2889834028747915,0.05865682622938594
1227,188.23739933780678,30,1,0,0,1.3732622549538753,0.058598169403156555
1228,205.45948775946533,91,1,0,0,1.4874336519162894,0.0585395712337534
1229,182.00515408383222,36,1,0,0,1.2629770094401438,0.058481031662519646
1230,191.9530984711931,32,1,0,0,1.483071907108721,0.05842255063085712
1231,203.6705290122815,47,1,0,0,1.4973666229039972,0.058364128080226264
1232,174.71360325425633,24,1,0,0,1.3055245149143393,0.05830576395214604
1233,170.8196890398541,71,1,0,0,1.4742272896071298,0.05824745818819389
1234,172.16027433002282,23,1,0,0,1.3416854742136333,0.05818921073000569
1235,181.96189714717795,22,1,0,0,1.331278706686385,0.0581310215192757
1236,178.0821250738631,46,1,0,0,1.469969166385747,0.058072890497756414
1237,170.122178127849,25,1,0,0,1.4645669772614078,0.05801481760725866
1238,152.59767171508423,22,1,0,0,1.4171082104448738,0.0579568027896514
1239,49.97951310353975,200,0,0,1,3.0834982912556366,0.05789884598686175
1240,149.97754924169107,19,1,0,0,1.4901532889254672,0.05784094714087489
1241,202.9653802301426,35,1,0,0,1.4916547431257485,0.057783106193734016
1242,61.55036306370077,200,0,0,1,1.8135252215768893,0.05772532308754028
1243,185.59915432616026,138,1,0,0,1.4695931208324522,0.05766759776445274
1244,189.04943054244677,118,1,0,0,1.4954047965257597,0.057609930166688285
1245,147.54533897159058,42,1,0,0,1.4662626428343775,0.0575523202365216
1246,169.46402510649963,200,0,0,1,2.4573404579631792,0.05749476791628508
1247,164.29182108069978,24,1,0,0,1.2771154735966272,0.0574372731483688
1248,19.808274373217444,200,0,0,1,1.7482596632640133,0.05737983587522042
1249,144.65013027947873,26,1,0,0,1.4281094461023591,0.05732245603934521
1250,143.6220390469841,153,1,0,0,1.4405575198858664,0.057265133583305865
1251,161.05175181773131,18,1,0,0,1.217286294512095,0.05720786844972256
1252,164.7824562120573,55,1,0,0,1.4945643621358142,0.05715066058127283
1253,111.49671525593041,200,0,0,1,4.064677527823933,0.05709350992069156
1254,60.22975607504549,200,0,0,1,1.5560260347744928,0.05703641641077087
1255,52.86926329133125,200,0,0,1,2.1465490184356075,0.05697937999436009
1256,132.97696655439393,200,0,0,1,2.4194731642069223,0.05692240061436574
1257,44.712859080739314,200,0,0,1,2.5694689588229798,0.05686547821375137
1258,132.18876693624964,14,1,0,0,1.4032023837553087,0.05680861273553761
1259,175.2797347205082,27,1,0,0,1.4720683027156123,0.05675180412280208
1260,14.765964999909556,28,0,1,0,5.579929500008421,0.05669505231867927
1261,27.24269206899595,200,0,0,1,2.3342105112598253,0.0566383572663606
1262,-21.29227753697696,200,0,0,1,3.3601116402752664,0.05658171890909424
1263,75.06680932919389,200,0,0,1,2.245780115108481,0.05652513719018514
1264,77.75650832434138,200,0,0,1,2.5007924458771504,0.056468612052994964
1265,71.66178897449429,200,0,0,1,2.2621114471908994,0.05641214344094197
1266,72.42135259133724,200,0,0,1,2.953724589139177,0.05635573129750102
1267,63.414728948002164,200,0,0,1,2.431464189423629,0.05629937556620351
1268,76.06715660279613,200,0,0,1,3.2762339277074095,0.056243076190637314
1269,155.05003272117077,18,1,0,0,1.4638623990002992,0.05618683311444668
1270,112.07154942763958,200,0,0,1,1.9038402560981167,0.056130646281332235
1271,162.3463665256475,29,1,0,0,1.4887921783346725,0.05607451563505089
1272,158.17278136213787,17,1,0,0,1.458932723695504,0.05601844111941584
1273,41.14656141547602,200,0,0,1,4.273795815730224,0.05596242267829643
1274,122.30374921655967,200,0,0,1,4.866517137062983,0.05590646025561813
1275,22.58641610554814,200,0,0,1,3.7042373623856526,0.055850553795362516
1276,104.72275341095492,3,1,0,0,1.3985210981399039,0.055794703241567156
1277,54.34867964434269,200,0,0,1,2.0670627975143523,0.05573890853832558
1278,163.60500756762556,45,1,0,0,1.4060009948120935,0.055683169629787255
1279,137.14787256921593,200,0,0,1,3.529283353471584,0.05562748646015747
1280,-5.851987182544744,200,0,0,1,3.1160011838274078,0.05557185897369732
1281,62.23375920830029,200,0,0,1,2.6655719948277037,0.05551628711472362
1282,-27.93884860665059,47,0,1,0,5.516076079148288,0.0554607708276089
1283,29.986629587652498,200,0,0,1,2.8578296467837156,0.05540531005678129
1284,169.26106025623258,26,1,0,0,1.3794692533237596,0.0553499047467245
1285,138.38136285197012,13,1,0,0,1.4768287468612329,0.05529455484197779
1286,96.23461069045621,200,0,0,1,2.0210696872139837,0.05523926028713581
1287,131.65289726431388,20,1,0,0,1.4766697358055858,0.05518402102684866
1288,-43.174059264014126,39,0,1,0,3.2368530804464135,0.05512883700582182
1289,41.49684172717055,200,0,0,1,2.54959390083226,0.055073708168815995
1290,222.99271227530966,63,1,0,0,1.4622318333355877,0.05501863446064718
1291,213.8341435010958,42,1,0,0,1.4995840918317047,0.05496361582618653
1292,53.49118152866099,200,0,0,1,2.7798089954420884,0.05490865221036034
1293,279.76382006467645,68,1,0,0,1.4752834254544602,0.05485374355814998
1294,187.77070956296183,21,1,0,0,1.2606104964488318,0.054798889814591835
1295,156.64877836145521,50,1,0,0,1.2546721866474597,0.05474409092477725
1296,73.12337966696056,200,0,0,1,2.4489268138790075,0.05468934683385247
1297,131.6853882492357,200,0,0,1,1.690230316874086,0.054634657487018616
1298,179.14138671666524,95,1,0,0,1.4923740659378506,0.054580022829531595
1299,163.23124960860983,100,1,0,0,1.2920083983030388,0.05452544280670207
1300,55.31328662778761,200,0,0,1,1.826452839939172,0.05447091736389536
1301,14.916772624715815,200,0,0,1,2.8871728369817844,0.054416446446531465
1302,102.79231144632378,200,0,0,1,3.414245755827041,0.05436203000008494
1303,194.33783717355772,36,1,0,0,1.4778001336872262,0.05430766797008485
1304,83.35684745499195,200,0,0,1,3.4948947937634176,0.054253360302114764
1305,66.19603397394124,200,0,0,1,1.937382723727564,0.05419910694181265
1306,230.10030363561935,48,1,0,0,1.3838990554913921,0.05414490783487084
1307,21.166176964859883,200,0,0,1,2.347432051267716,0.05409076292703596
1308,186.88213101843047,33,1,0,0,1.4285882702854393,0.054036672164108936
1309,183.91804692078156,25,1,0,0,1.2686037088847084,0.05398263549194482
1310,191.05290783696256,46,1,0,0,1.3598143147331265,0.053928652856452874
1311,157.31396591803662,45,1,0,0,1.3581362895393259,0.05387472420359643
1312,169.9078194035792,21,1,0,0,1.4626516224020598,0.053820849479392835
1313,191.86438956835167,45,1,0,0,1.2347757214330952,0.05376702862991344
1314,194.51705897887138,21,1,0,0,1.3306827656365399,0.05371326160128353
1315,229.20131321708166,41,1,0,0,1.282341937685387,0.05365954833968224
1316,198.64794575599325,27,1,0,0,1.374086200422807,0.05360588879134255
1317,151.16032570340315,17,1,0,0,1.460231991748478,0.05355228290255121
1318,229.6379852537964,45,1,0,0,1.4650881917252943,0.05349873061964866
1319,153.73859156149035,22,1,0,0,1.4521379468747337,0.05344523188902901
1320,169.39538345440738,164,1,0,0,1.4918986134229355,0.053391786657139985
1321,44.37509996273881,200,0,0,1,2.371472864949875,0.05333839487048284
1322,147.08237515354486,23,1,0,0,1.403214010580379,0.05328505647561236
1323,147.21961508282476,119,1,0,0,1.4844621251644032,0.05323177141913674
1324,171.3796932937737,25,1,0,0,1.4119849327051694,0.05317853964771762
1325,188.81988912139917,90,1,0,0,1.484719287598827,0.053125361108069896
1326,163.16070293250883,28,1,0,0,1.3006235159800554,0.05307223574696183
1327,127.92112574174752,14,1,0,0,1.070064004112858,0.05301916351121486
1328,150.59764255615562,18,1,0,0,1.385741241500756,0.05296614434770365
1329,69.6116584822047,200,0,0,1,4.8854649886124735,0.05291317820335594
1330,33.90868759508831,200,0,0,1,4.05954383915264,0.05286026502515259
1331,-4.639785464900512,200,0,0,1,3.635046468393767,0.052807404760127435
1332,202.0403804773895,29,1,0,0,1.3075362246670674,0.052754597355367305
1333,124.45109841944361,200,0,0,1,2.5324168901447957,0.052701842758011944
1334,22.79186660296081,200,0,0,1,2.873570698041343,0.052649140915253925
1335,123.63632990256605,11,1,0,0,1.2950547706680626,0.05259649177433867
1336,251.65027516218083,66,1,0,0,1.468068970215263,0.05254389528256434
1337,26.785793813579495,200,0,0,1,3.019756573853318,0.052491351387281775
1338,172.05694114841276,25,1,0,0,1.4259859706646165,0.052438860035894486
1339,186.4456435524285,28,1,0,0,1.2024961543978725,0.052386421175858594
1340,140.025279881767,25,1,0,0,1.2885475221465563,0.052334034754682734
1341,195.00887008790133,115,1,0,0,1.455934222766763,0.05228170071992805
1342,89.23244419819262,200,0,0,1,1.8581371389368273,0.05222941901920813
1343,141.3531529678999,154,1,0,0,1.483450224037027,0.05217718960018891
1344,166.98729237357753,189,1,0,0,1.3771937174255826,0.05212501241058873
1345,131.6743342190909,10,1,0,0,1.4688394199826509,0.05207288739817814
1346,173.15547406945137,16,1,0,0,1.2767707650459261,0.05202081451077996
1347,137.503286556084,13,1,0,0,1.3850100788940172,0.05196879369626918
1348,148.64487767165414,15,1,0,0,1.4753158372688822,0.05191682490257291
1349,199.4392514127079,38,1,0,0,1.4908034589823402,0.05186490807767034
1350,181.36952843837668,75,1,0,0,1.437730077993162,0.05181304316959267
1351,179.0440316960832,26,1,0,0,1.4841165430061807,0.05176123012642308
1352,181.02220468349566,143,1,0,0,1.4563921361181185,0.051709468896296656
1353,154.9707071988193,46,1,0,0,1.435103118611651,0.051657759427400356
1354,148.27079495368156,14,1,0,0,1.4014161348587177,0.05160610166797296
1355,120.63967694459959,11,1,0,0,1.475170664396811,0.05155449556630498
1356,198.814464887616,29,1,0,0,1.3315935273274206,0.051502941070738675
1357,121.64106130466263,52,1,0,0,1.4835398822019028,0.05145143812966794
1358,230.2112100273837,50,1,0,0,1.4570263954866778,0.05139998669153827
1359,159.1525305073066,17,1,0,0,1.3593119196443464,0.05134858670484674
1360,180.1375007989982,18,1,0,0,1.4447268804436062,0.05129723811814189
1361,134.4425264181877,14,1,0,0,1.4428735675970166,0.051245940880023745
1362,162.31116644199108,46,1,0,0,1.4424976639874172,0.05119469493914372
1363,163.76335203899038,16,1,0,0,1.2252104182362038,0.05114350024420458
1364,160.15439024792312,15,1,0,0,1.395309546849785,0.05109235674396037
1365,168.83580750912796,27,1,0,0,1.4527447661773336,0.051041264387216415
1366,153.53748187634415,17,1,0,0,1.3954917392982416,0.05099022312282919
1367,133.07130968541532,14,1,0,0,1.4818162923110072,0.050939232899706366
1368,174.5778676943574,25,1,0,0,1.432479296697242,0.05088829366680667
1369,114.38492211715558,14,1,0,0,1.444000419478028,0.050837405373139855
1370,206.56723239310708,33,1,0,0,1.3156921585993575,0.05078656796776672
1371,190.7887984554414,35,1,0,0,1.423361822953581,0.050735781399798945
1372,185.362758919185,45,1,0,0,1.4920674478939893,0.05068504561839915
1373,198.2988965032036,29,1,0,0,1.3015678171834588,0.05063436057278075
1374,174.60282837260635,24,1,0,0,1.3288518143550057,0.05058372621220797
1375,165.28505376781112,28,1,0,0,1.3228806783868288,0.050533142485995754
1376,209.99863603339207,36,1,0,0,1.4566582035015108,0.05048260934350977
1377,183.9007528933906,29,1,0,0,1.3189856626275178,0.05043212673416625
1378,169.01157758371215,21,1,0,0,1.3728998007802724,0.05038169460743208
1379,161.46704986527246,23,1,0,0,1.3566342150115767,0.05033131291282466
1380,195.73353141045374,31,1,0,0,1.4693633966656054,0.05028098159991184
1381,130.96100553599544,10,1,0,0,1.385810114032188,0.05023070061831192
1382,174.55676516748565,19,1,0,0,1.3652235828679518,0.05018046991769361
1383,203.0752435642215,44,1,0,0,1.361071714028115,0.050130289447775915
1384,100.0,1,1,0,0,1.4657487886527203,0.050080159158328134
1385,151.95630153719424,14,1,0,0,1.3839923347443175,0.05003007899916981
1386,184.5049855116598,45,1,0,0,1.486926777554723,0.04998004892017064
1387,152.9084332139784,23,1,0,0,1.4283310698852316,0.04993006887125047
1388,192.6470126304731,71,1,0,0,1.4305692052207386,0.049880138802379216
1389,179.46603483724112,39,1,0,0,1.449419716665677,0.04983025866357684
1390,143.2264634664652,21,1,0,0,1.4190089447698941,0.04978042840491326
1391,193.15025462162055,29,1,0,0,1.420657569190163,0.04973064797650835
1392,153.51601110556206,18,1,0,0,1.2744254848845706,0.04968091732853184
1393,115.17054103190033,200,0,0,1,1.6618085479267939,0.04963123641120331
1394,145.0855644134599,31,1,0,0,1.2515501683877395,0.049581605174792105
1395,197.50750855699897,114,1,0,0,1.4359953727840227,0.04953202356961731
1396,169.71511220602278,68,1,0,0,1.4987642288851255,0.0494824915460477
1397,159.80110727536345,20,1,0,0,1.4453309566774242,0.04943300905450165
1398,184.40813642793137,48,1,0,0,1.3783195062509046,0.049383576045447145
1399,170.04492094756785,48,1,0,0,1.4796067927793572,0.0493341924694017
1400,206.43819319203877,33,1,0,0,1.446239179379975,0.0492848582769323
1401,181.2695874588416,83,1,0,0,1.4665249375913956,0.049235573418655365
1402,156.24016964369687,19,1,0,0,1.2785843409748623,0.04918633784523671
1403,101.2526094215165,29,1,0,0,1.4928412952022698,0.04913715150739147
1404,180.8774532085805,31,1,0,0,1.404233887966093,0.049088014355884085
1405,142.84901418525823,16,1,0,0,1.4174792728389218,0.0490389263415282
1406,151.7935747926694,15,1,0,0,1.3009502461252873,0.04898988741518667
1407,197.2772172497198,33,1,0,0,1.420052522858115,0.04894089752777148
1408,134.86168457816882,14,1,0,0,1.475469714894832,0.04889195663024371
1409,180.95837030205746,29,1,0,0,1.4351530468602522,0.04884306467361346
1410,156.55872304433487,119,1,0,0,1.491492299239695,0.048794221608939856
1411,169.91061667488884,58,1,0,0,1.4608980256370632,0.04874542738733091
1412,151.17650443561126,19,1,0,0,1.3086373731612415,0.04869668195994358
1413,140.9034076840096,14,1,0,0,1.14273001164078,0.04864798527798364
1414,143.29760113004673,18,1,0,0,1.4279566718277872,0.04859933729270566
1415,122.65929689118221,200,0,0,1,1.7620077623593413,0.048550737955412954
1416,71.15937224922658,200,0,0,1,3.9160190197266145,0.04850218721745753
1417,176.65173899252494,26,1,0,0,1.4434565770695846,0.048453685030240085
1418,143.00710602875748,15,1,0,0,1.3955088298086722,0.04840523134520984
1419,191.39151609059007,70,1,0,0,1.345528097832068,0.04835682611386463
1420,171.72442445355026,52,1,0,0,1.4663397319939253,0.04830846928775076
1421,0.5152605744092691,200,0,0,1,3.418094644714197,0.048260160818463016
1422,195.17514022054633,26,1,0,0,1.4422327349060478,0.04821190065764455
1423,150.41907019337424,75,1,0,0,1.453425902471843,0.04816368875698691
1424,186.00228038797263,78,1,0,0,1.425839470572445,0.048115525068229914
1425,170.61920186537964,21,1,0,0,1.4440064946381408,0.04806740954316169
1426,171.4296821175708,22,1,0,0,1.4772091567219512,0.048019342133618526
1427,72.50645137251728,200,0,0,1,1.9491950887562997,0.04797132279148491
1428,168.6437375166155,193,1,0,0,1.4971176759719849,0.04792335146869342
1429,-50.0,1,0,1,0,7.151868419296726,0.04787542811722473
1430,-50.0,1,0,1,0,1.8118846419223629,0.04782755268910751
1431,194.3585760865842,35,1,0,0,1.2603947045310644,0.0477797251364184
1432,182.55566373036316,75,1,0,0,1.487368508938558,0.04773194541128198
1433,157.19342485611367,170,1,0,0,1.4795307161998035,0.0476842134658707
1434,220.3990574474886,43,1,0,0,1.3910511449908758,0.04763652925240483
1435,148.55927463511665,13,1,0,0,1.2831848352328965,0.04758889272315242
1436,152.9617963847624,39,1,0,0,1.4442192883417024,0.04754130383042927
1437,189.84550584165348,28,1,0,0,1.4804393928899269,0.04749376252659884
1438,162.90579897345143,51,1,0,0,1.4972532257730338,0.04744626876407224
1439,166.56221312460167,26,1,0,0,1.4170925494437452,0.04739882249530817
1440,138.74977886330788,14,1,0,0,1.3219483866526234,0.047351423672812865
1441,153.61247532799047,31,1,0,0,1.498441469692248,0.047304072249140044
1442,225.05355840459634,41,1,0,0,1.3127335458673284,0.04725676817689091
1443,188.4211328366498,30,1,0,0,1.3876250574217786,0.04720951140871402
1444,163.84004884154535,27,1,0,0,1.4211160378198033,0.0471623018973053
1445,162.84991653277123,105,1,0,0,1.49480505981245,0.047115139595408
1446,145.6456093493593,30,1,0,0,1.491270667225571,0.04706802445581259
1447,156.19772244855696,54,1,0,0,1.3201478589931548,0.04702095643135678
1448,140.40277608016936,12,1,0,0,1.1738928774442359,0.04697393547492542
1449,164.19495344316877,21,1,0,0,1.3996861494705615,0.046926961539450494
1450,144.54577830531272,101,1,0,0,1.4404369348245625,0.04688003457791104
1451,80.61151872290858,200,0,0,1,1.85963486207525,0.04683315454333314
1452,212.59586121780202,37,1,0,0,1.4795913791638904,0.0467863213887898
1453,134.26864201237225,13,1,0,0,1.3829287372605596,0.04673953506740101
1454,259.8565135271494,82,1,0,0,1.4798979135033854,0.04669279553233361
1455,150.39947588253676,173,1,0,0,1.4051160173313884,0.046646102736801275
1456,129.61461845461758,24,1,0,0,1.4759062122127462,0.04659945663406448
1457,259.8963403230198,66,1,0,0,1.454383336938443,0.04655285717743041
1458,151.50156211126898,79,1,0,0,1.4893129079340852,0.04650630432025298
1459,120.53030905044241,9,1,0,0,1.4614251290716205,0.046459798015932724
1460,156.9345735909161,75,1,0,0,1.4944229355736434,0.046413338217916794
1461,140.7087696937932,13,1,0,0,1.3057457586724084,0.04636692487969887
1462,19.20169579218495,200,0,0,1,3.0617493723894795,0.04632055795481918
1463,141.2435265948008,20,1,0,0,1.4215909351577936,0.04627423739686436
1464,152.35657897079875,19,1,0,0,1.3894812680238031,0.04622796315946749
1465,-26.804200875209343,51,0,0,0,6.128328801306709,0.04618173519630803
1466,-13.668251120830655,200,0,0,1,1.8625756293818712,0.04613555346111172
1467,-3.508355171876781,200,0,0,1,2.755074845480554,0.04608941790765061
1468,278.6742230313065,83,1,0,0,1.4693422129272053,0.046043328489742956
1469,189.63114066868272,68,1,0,0,1.3135963788809057,0.04599728516125321
1470,144.71072936740535,17,1,0,0,1.4888623683947524,0.045951287876091956
1471,175.09483003587223,46,1,0,0,1.3740807388847225,0.04590533658821587
1472,180.52748271762295,28,1,0,0,1.4758156881725961,0.04585943125162765
1473,141.02760812584222,35,1,0,0,1.3564121434215626,0.04581357182037602
1474,167.14573195079515,23,1,0,0,1.2747588173011892,0.04576775824855565
1475,-50.0,1,0,1,0,4.687699863343929,0.04572199049030709
1476,103.8941208189607,2,1,0,0,1.2726969533782728,0.045676268499816784
1477,150.040561851261,20,1,0,0,1.3038448472154571,0.04563059223131696
1478,180.11752701865203,20,1,0,0,1.1420439736489532,0.04558496163908565
1479,82.2142104605664,200,0,0,1,1.9958987988423273,0.045539376677446564
1480,159.11007854366434,24,1,0,0,1.2165114141823852,0.04549383730076912
1481,156.42373890972002,132,1,0,0,1.4599226256423878,0.04544834346346835
1482,176.05432679629564,23,1,0,0,1.3243050452237541,0.04540289512000488
1483,173.43823774038646,187,1,0,0,1.4606796077332123,0.04535749222488488
1484,166.79240198526776,32,1,0,0,1.451924851402028,0.04531213473265999
1485,257.1360396669281,107,1,0,0,1.4967212845316618,0.04526682259792733
1486,143.8626190734686,13,1,0,0,1.487417217643252,0.04522155577532941
1487,169.28653568140942,34,1,0,0,1.4047469746743615,0.045176334219554075
1488,170.14642473132741,19,1,0,0,1.444762451385853,0.04513115788533452
1489,149.75790273804768,18,1,0,0,1.2222713976245192,0.045086026727449185
1490,167.74482711212318,27,1,0,0,1.4695518927973021,0.04504094070072173
1491,176.69968441844068,41,1,0,0,1.4612787898553703,0.04499589976002102
1492,158.49427764039027,22,1,0,0,1.4726862383015997,0.044950903860260995
1493,150.9942916634476,21,1,0,0,1.4456421196738438,0.044905952956400735
1494,178.8586100876484,28,1,0,0,1.3844692773628515,0.044861047003444336
1495,155.72501043570367,22,1,0,0,1.3994740621948432,0.044816185956440886
1496,143.3560412502788,74,1,0,0,1.4105113000597898,0.044771369770484445
1497,163.2741586936905,17,1,0,0,1.43322716146889,0.04472659840071396
1498,141.3300558452794,15,1,0,0,1.4552929034861541,0.04468187180231325
1499,159.04348255170953,20,1,0,0,1.4799861259983416,0.04463718993051094
1500,203.75494954387116,33,1,0,0,1.425457916355622,0.044592552740580424
1501,193.7252412362029,29,1,0,0,1.3597293827928991,0.044547960187839845
1502,162.99834142349397,17,1,0,0,1.2258626923204416,0.044503412227652
1503,148.73031490782182,23,1,0,0,1.241699444261037,0.04445890881542435
1504,190.39338381674156,26,1,0,0,1.4132285872705448,0.04441444990660893
1505,153.7202934744738,17,1,0,0,1.2326830554743722,0.04437003545670232
1506,114.3295213020718,16,1,0,0,1.4963473321935596,0.044325665421245615
1507,194.93841948728453,27,1,0,0,1.3169876492537709,0.04428133975582437
1508,-50.0,1,0,1,0,8.955509920149193,0.04423705841606854
1509,142.94293555169747,14,1,0,0,1.3683981186384442,0.04419282135765248
1510,146.07085361173864,20,1,0,0,1.3228820138239683,0.04414862853629482
1511,197.4184751249676,119,1,0,0,1.4612763599302436,0.04410447990775853
1512,221.09803257023145,170,1,0,0,1.4992592016306958,0.04406037542785077
1513,154.81701641005895,17,1,0,0,1.2612435360029364,0.04401631505242292
1514,189.1098286579405,31,1,0,0,1.2743700460200598,0.0439722987373705
1515,167.512770443556,26,1,0,0,1.3979966632463505,0.043928326438633127
1516,200.7841598077107,28,1,0,0,1.1321291418901651,0.043884398112194495
1517,218.8252020091309,44,1,0,0,1.2774169551226513,0.0438405137140823
1518,204.40011767944029,38,1,0,0,1.463111664262776,0.043796673200368216
1519,160.8125988318365,197,1,0,0,1.4244930866443841,0.04375287652716785
1520,151.9690587865901,17,1,0,0,1.2817046841384638,0.04370912365064068
1521,167.07262454904213,24,1,0,0,1.4470434770864582,0.04366541452699004
1522,216.52054408361454,48,1,0,0,1.4702448359902935,0.043621749112463054
1523,138.865665040298,13,1,0,0,1.2797217102018865,0.04357812736335059
1524,185.10300786002898,23,1,0,0,1.4898573177344008,0.043534549235987235
1525,212.70540989780196,50,1,0,0,1.4743324987138708,0.04349101468675125
1526,177.98200680791078,26,1,0,0,1.4950465369214838,0.0434475236720645
1527,28.200031368463726,200,0,0,1,3.072920453096995,0.04340407614839243
1528,114.6010966389584,200,0,0,1,3.8786347513502015,0.04336067207224404
1529,168.51482768183814,15,1,0,0,1.250525199957666,0.043317311400171796
1530,15.806870815057597,200,0,0,1,3.6571776028991674,0.043273994088771625
1531,43.91756588652644,200,0,0,1,5.157120537061055,0.04323072009468285
1532,176.12781893649512,20,1,0,0,1.408035080211688,0.04318748937458817
1533,204.3036105949064,38,1,0,0,1.3314301109022137,0.043144301885213586
1534,6.9969977759903115,200,0,0,1,3.3638936895565843,0.043101157583328366
1535,131.33025767837594,24,1,0,0,1.414623249062941,0.04305805642574504
1536,163.92319139827086,25,1,0,0,1.3816010386632556,0.043014998369319296
1537,183.32651452334431,22,1,0,0,1.330196566444093,0.04297198337094998
1538,180.32824825968873,21,1,0,0,1.4976453647732795,0.04292901138757903
1539,160.16776463777046,84,1,0,0,1.4969410599458903,0.042886082376191445
1540,121.87724380206572,35,1,0,0,1.4851050589083004,0.04284319629381526
1541,131.61388161682146,107,1,0,0,1.4732674209000411,0.04280035309752144
1542,71.7247431419565,200,0,0,1,1.5340800430064936,0.042757552744423916
1543,73.13080883475018,200,0,0,1,2.046784210467215,0.0427147951916795
1544,165.09477100895367,19,1,0,0,1.3749672876451773,0.042672080396487816
1545,177.42656418366732,20,1,0,0,1.163106520357383,0.04262940831609133
1546,169.84276419334535,19,1,0,0,1.4767521786788924,0.042586778907775236
1547,199.18878541883146,26,1,0,0,1.3871526258987967,0.04254419212886746
1548,151.51857352683146,19,1,0,0,1.4342239605544516,0.04250164793673859
1549,67.16006788392683,200,0,0,1,3.8707853739127436,0.042459146288801854
1550,44.096734297610396,200,0,0,1,4.353192485391509,0.04241668714251305
1551,161.16110246775983,31,1,0,0,1.1298445920707398,0.04237427045537054
1552,57.358975352661005,200,0,0,1,3.5941418965639675,0.042331896184915174
1553,194.6745233438843,103,1,0,0,1.4705910379026261,0.04228956428873026
1554,179.38470657082854,19,1,0,0,1.4852625899191547,0.04224727472444152
1555,111.5327270098454,8,1,0,0,1.487748935981081,0.04220502744971708
1556,176.60075646628297,33,1,0,0,1.447497190031724,0.04216282242226736
1557,166.6098885323095,24,1,0,0,1.3727327237221798,0.042120659599845095
1558,164.81495111700102,20,1,0,0,1.3342823492920683,0.04207853894024525
1559,164.14626872174867,117,1,0,0,1.474650241337425,0.04203646040130501
1560,156.67818554184893,20,1,0,0,1.4905306663104587,0.0419944239409037
1561,109.16048831419646,200,0,0,1,3.0460813625464875,0.0419524295169628
1562,97.32464177791772,200,0,0,1,2.866747529897597,0.04191047708744584
1563,50.15728981517385,200,0,0,1,3.3153263872234997,0.04186856661035839
1564,164.0777932782039,29,1,0,0,1.4494602521273798,0.04182669804374803
1565,151.85960956671087,21,1,0,0,1.190899713709335,0.041784871345704286
1566,70.20109742081031,200,0,0,1,2.2960546914183135,0.04174308647435858
1567,172.09907960852624,28,1,0,0,1.359348768229608,0.04170134338788422
1568,156.915192128511,23,1,0,0,1.4778812501238574,0.041659642044496334
1569,174.67422919660214,24,1,0,0,1.495460032101306,0.04161798240245184
1570,10.79670730166644,200,0,0,1,3.496816822865583,0.04157636442004939
1571,65.25394725376105,200,0,0,1,2.928544460140855,0.04153478805562934
1572,151.9748523260341,19,1,0,0,1.4057266563999073,0.04149325326757371
1573,101.71811547409966,200,0,0,1,3.541671769653438,0.04145176001430614
1574,162.67517597751436,19,1,0,0,1.4935125226708301,0.04141030825429183
1575,162.4445005730642,23,1,0,0,1.4706072560114285,0.04136889794603754
1576,147.857260117736,18,1,0,0,1.270225847330327,0.041327529048091505
1577,184.6179836107302,22,1,0,0,1.2563144653880083,0.04128620151904341
1578,188.9013019424599,50,1,0,0,1.409541653162784,0.04124491531752436
1579,146.36185495539505,18,1,0,0,1.3162813633211998,0.04120367040220684
1580,151.03777448292436,43,1,0,0,1.4982731270738499,0.04116246673180463
1581,197.76528132430207,96,1,0,0,1.4819621996918233,0.04112130426507283
1582,167.30058752431546,21,1,0,0,1.423551007785646,0.04108018296080776
1583,218.0152673357709,51,1,0,0,1.4767399527045693,0.04103910277784695
1584,150.18209787453748,17,1,0,0,1.2820384516626853,0.0409980636750691
1585,227.43386945469712,34,1,0,0,1.49416866181813,0.04095706561139403
1586,164.25913618940666,59,1,0,0,1.4185680920471915,0.04091610854578264
1587,182.2314496255005,26,1,0,0,1.3816177600380952,0.040875192437236856
1588,118.90823767541026,5,1,0,0,1.468449893794531,0.04083431724479962
1589,155.18813811760407,20,1,0,0,1.3083137237003768,0.04079348292755482
1590,195.01490250167166,25,1,0,0,1.260624512338697,0.04075268944462726
1591,270.363946057466,120,1,0,0,1.3907602686479605,0.040711936755182636
1592,96.74753650149145,2,1,0,0,1.2718229939760226,0.04067122481842745
1593,140.04144858049224,44,1,0,0,1.2797065729531247,0.04063055359360903
1594,212.46618609312944,54,1,0,0,1.4927113216288994,0.040589923040015415
1595,167.0475123440878,15,1,0,0,1.4146023911578134,0.0405493331169754
1596,142.37433997490183,22,1,0,0,1.2287288628854813,0.04050878378385843
1597,181.6569344509242,25,1,0,0,1.378051611362187,0.04046827500007457
1598,174.636325673356,24,1,0,0,1.4947853745850463,0.04042780672507449
1599,150.25809182642152,142,1,0,0,1.4918646451754587,0.04038737891834942
1600,184.22880557365625,45,1,0,0,1.2992039373626783,0.04034699153943107
1601,182.94793873820106,23,1,0,0,1.4039738927190941,0.04030664454789164
1602,224.15010691014035,74,1,0,0,1.4980334396943722,0.040266337903343746
1603,164.92419963370708,23,1,0,0,1.3291732628536679,0.040226071565440405
1604,112.23599275138616,5,1,0,0,1.4340054769079318,0.040185845493874967
1605,104.0763913338182,200,0,0,1,3.4647977615965777,0.040145659648381085
1606,150.98657775846902,27,1,0,0,1.3005244491967272,0.04010551398873271
1607,173.83962124508724,16,1,0,0,1.4710164174012628,0.04006540847474397
1608,145.02016853811097,22,1,0,0,1.3708301756641954,0.04002534306626923
1609,166.79426127575465,157,1,0,0,1.4939897509330808,0.03998531772320296
1610,181.99696761810725,41,1,0,0,1.3775934286845417,0.03994533240547976
1611,221.02431539832386,97,1,0,0,1.484709693582334,0.039905387073074276
1612,179.4615395178801,22,1,0,0,1.1887434754594293,0.03986548168600121
1613,258.82140479403375,56,1,0,0,1.4461559120456793,0.039825616204315205
1614,177.0669650323665,23,1,0,0,1.4605071897510782,0.03978579058811089
1615,191.02465396250068,46,1,0,0,1.4311615456000066,0.03974600479752277
1616,165.92626058672016,26,1,0,0,1.3968314392677779,0.039706258792725255
1617,139.16051906107188,18,1,0,0,1.4590299457433253,0.03966655253393253
1618,169.23758230107566,30,1,0,0,1.3357856507802335,0.039626885981398595
1619,171.83867692849162,24,1,0,0,1.4387896691623845,0.039587259095417195
1620,132.55722415387154,12,1,0,0,1.4516776745542506,0.039547671836321775
1621,33.73916332759666,200,0,0,1,2.675124013214286,0.03950812416448546
1622,64.96902762478166,200,0,0,1,1.8530559080609879,0.039468616040320974
1623,151.08550988441195,53,1,0,0,1.4307755170920986,0.03942914742428065
1624,179.8229917351976,18,1,0,0,1.490304258697039,0.03938971827685637
1625,174.23242495282398,91,1,0,0,1.468673367104617,0.03935032855857951
1626,69.7212113947714,200,0,0,1,2.8575215075203912,0.039310978230020936
1627,155.3996342414812,161,1,0,0,1.3748815156524736,0.03927166725179091
1628,111.69108404349276,4,1,0,0,1.2792029895641226,0.03923239558453912
1629,30.72569071572303,200,0,0,1,2.5491518525513017,0.039193163188954584
1630,188.29320517454914,33,1,0,0,1.488510151854755,0.03915397002576563
1631,175.46668347217104,24,1,0,0,1.4260928819240928,0.03911481605573986
1632,173.83320756052495,23,1,0,0,1.2549785531408044,0.039075701239684124
1633,175.5905179659939,30,1,0,0,1.440500035589509,0.03903662553844444
1634,129.84356445833566,7,1,0,0,1.3160310501810628,0.038997588912905994
1635,133.78185797360288,14,1,0,0,1.1286200951463317,0.03895859132399309
1636,154.33266946834846,81,1,0,0,1.4475388915185692,0.038919632732669095
1637,201.68328315681435,39,1,0,0,1.3624454059599524,0.03888071309993643
1638,152.54167988140915,26,1,0,0,1.1115074780875225,0.03884183238683649
1639,194.10870584372972,28,1,0,0,1.3592306152397156,0.038802990554449655
1640,166.65699115121762,19,1,0,0,1.4155280542407078,0.03876418756389521
1641,174.78935993907487,16,1,0,0,1.4388123067416096,0.03872542337633131
1642,181.4480381441537,25,1,0,0,1.418042906181534,0.03868669795295498
1643,165.19971313675393,35,1,0,0,1.4283165043299375,0.03864801125500202
1644,196.79342825912389,32,1,0,0,1.4185203824056825,0.03860936324374702
1645,104.14122104205623,36,1,0,0,1.4497744726647133,0.038570753880503274
1646,184.00646837553325,24,1,0,0,1.3836519798371325,0.038532183126622765
1647,111.50789185081972,200,0,0,1,2.6935143620067667,0.03849365094349615
1648,164.4209446055941,49,1,0,0,1.3808814996769205,0.03845515729255265
1649,167.29026680911363,26,1,0,0,1.4934398516157614,0.0384167021352601
1650,65.74278223862953,200,0,0,1,2.9175820658406315,0.03837828543312484
1651,129.9007166646481,48,1,0,0,1.4998147240374817,0.03833990714769171
1652,183.57703648084168,122,1,0,0,1.446210855683953,0.038301567240544024
1653,152.73169274266002,22,1,0,0,1.2078806690231532,0.03826326567330348
1654,170.6184812546368,19,1,0,0,1.4539786703232955,0.038225002407630174
1655,182.2083656026182,32,1,0,0,1.466947818891618,0.03818677740522254
1656,133.16514006837872,19,1,0,0,1.420074566784397,0.03814859062781732
1657,-50.0,1,0,1,0,3.9305791104467778,0.0381104420371895
1658,187.14189575844142,98,1,0,0,1.4969654458116486,0.03807233159515231
1659,168.1712793039611,19,1,0,0,1.4023920386883517,0.03803425926355716
1660,179.27964752631618,25,1,0,0,1.3456286332471092,0.0379962250042936
1661,149.23275669445644,14,1,0,0,1.4414064365271542,0.03795822877928931
1662,182.29118525302087,30,1,0,0,1.3363577056203912,0.037920270550510025
1663,236.83723220110818,40,1,0,0,1.4174706913559092,0.03788235027995951
1664,139.89790219250852,15,1,0,0,1.353043569154056,0.03784446792967955
1665,189.68896607650166,25,1,0,0,1.453952309889012,0.03780662346174987
1666,142.1456154407038,12,1,0,0,1.2535989000180348,0.03776881683828812
1667,206.3681418722382,30,1,0,0,1.4184878971676387,0.03773104802144983
1668,124.34495893288067,12,1,0,0,1.326654730883665,0.037693316973428384
1669,123.04798730554751,74,1,0,0,1.4992182325368684,0.03765562365645495
1670,147.37868769132808,17,1,0,0,1.3873371097426161,0.0376179680327985
1671,176.20626355784225,22,1,0,0,1.2299223467191813,0.037580350064765705
1672,124.08865170037872,18,1,0,0,1.4924092663989703,0.03754276971470094
1673,162.37265576050572,18,1,0,0,1.259210750301416,0.03750522694498623
1674,193.69567212996708,30,1,0,0,1.4907001492252865,0.03746772171804125
1675,195.0181501009336,23,1,0,0,1.3236553917564728,0.03743025399632321
1676,126.24440665337484,14,1,0,0,1.4332850997735642,0.03739282374232688
1677,189.35795134798985,27,1,0,0,1.3931579337055542,0.03735543091858456
1678,165.448146083911,23,1,0,0,1.3898366305698875,0.03731807548766597
1679,166.28800048962765,20,1,0,0,1.4994539205992623,0.03728075741217831
1680,155.5173873699624,19,1,0,0,1.306304271963768,0.03724347665476613
1681,33.50301240469139,200,0,0,1,4.661036720397686,0.03720623317811136
1682,190.34613641523418,42,1,0,0,1.2785891949680341,0.03716902694493325
1683,150.8435371027747,155,1,0,0,1.4913179879538112,0.037131857917988315
1684,62.22863394840169,200,0,0,1,3.229506429711625,0.037094726060070325
1685,123.97755410735353,200,0,0,1,3.008966066642769,0.03705763133401026
1686,121.68524603260295,200,0,0,1,1.9509530247470135,0.037020573702676245
1687,164.99331711295093,33,1,0,0,1.4402099233140926,0.03698355312897357
1688,197.38811355480723,27,1,0,0,1.2667628598365002,0.0369465695758446
1689,191.03887041763488,23,1,0,0,1.1832220642286337,0.03690962300626875
1690,159.94614623115615,25,1,0,0,1.4873138947247464,0.036872713383262486
1691,177.6576030668744,20,1,0,0,1.197037092297966,0.03683584066987922
1692,179.9246569692661,82,1,0,0,1.447063555394247,0.03679900482920934
1693,126.55799575300074,9,1,0,0,1.3094855602358904,0.03676220582438013
1694,164.78994471607103,18,1,0,0,1.3590174777100952,0.03672544361855575
1695,173.40504901699643,36,1,0,0,1.4880580484811403,0.0366887181749372
1696,148.29385075718443,21,1,0,0,1.4483137359439182,0.03665202945676226
1697,180.6416350106132,56,1,0,0,1.4833542231734669,0.036615377427305494
1698,146.85738928005864,40,1,0,0,1.1887480857883217,0.03657876204987819
1699,196.78392650100625,27,1,0,0,1.2315737498709844,0.036542183287828316
1700,159.4957094355671,22,1,0,0,1.3640982183532537,0.036505641104540486
1701,183.9391384533165,25,1,0,0,1.3919698427886067,0.03646913546343594
1702,152.40688887351814,200,0,0,1,2.0484685124952007,0.036432666327972506
1703,150.30779275014044,15,1,0,0,1.2960195235738845,0.03639623366164454
1704,110.3453897779887,5,1,0,0,1.3553003756359512,0.03635983742798289
1705,149.59013758881918,69,1,0,0,1.4420064616812793,0.03632347759055491
1706,148.8563798065374,16,1,0,0,1.284873656323179,0.036287154112964355
1707,182.5766147362068,24,1,0,0,1.3421981211875103,0.036250866958851394
1708,190.66831792239296,31,1,0,0,1.1402891232195087,0.03621461609189254
1709,114.88776486483312,8,1,0,0,1.4025385562671113,0.03617840147580064
1710,200.54515178251245,80,1,0,0,1.4866265678978872,0.036142223074324846
1711,172.78832172249938,20,1,0,0,1.493497891493972,0.03610608085125052
1712,194.7657623598154,28,1,0,0,1.2937175843389854,0.03606997477039927
1713,130.63246208031703,14,1,0,0,1.139828198320017,0.03603390479562887
1714,152.0421196133039,13,1,0,0,1.1717027864349048,0.03599787089083324
1715,150.56654395555384,162,1,0,0,1.4982849194256898,0.03596187301994241
1716,125.60456209537189,7,1,0,0,1.2696971759117277,0.035925911146922465
1717,129.11328733098586,200,0,0,1,2.6686212008168484,0.035889985235775544
1718,212.47510766769332,196,1,0,0,1.4335385206614835,0.03585409525053977
1719,186.01973578813187,52,1,0,0,1.2043500279157389,0.03581824115528923
1720,171.08243508541693,22,1,0,0,1.4972063868437129,0.035782422914133936
1721,114.7274168274209,9,1,0,0,1.4489145571961792,0.035746640491219804
1722,163.90799543567192,28,1,0,0,1.4968804834882203,0.035710893850728585
1723,241.92936357454312,45,1,0,0,1.3051181748259246,0.035675182956877854
1724,165.09094897951812,27,1,0,0,1.3520227047701354,0.03563950777392098
1725,59.28435001018541,200,0,0,1,2.0075975079280717,0.03560386826614705
1726,-50.0,1,0,1,0,3.8155537039375265,0.03556826439788091
1727,171.97543006039763,27,1,0,0,1.3814326504043977,0.035532696133483026
1728,48.488883113364594,200,0,0,1,3.6991220290439184,0.035497163437349544
1729,165.17080438597986,25,1,0,0,1.4738651707877857,0.035461666273912194
1730,46.25639961293816,200,0,0,1,2.984832751622922,0.03542620460763828
1731,-8.826045194526088,200,0,0,1,2.784205818372947,0.03539077840303064
1732,146.7600879759997,15,1,0,0,1.1960123270563323,0.035355387624627616
1733,160.90617766997258,23,1,0,0,1.3682332746201908,0.03532003223700299
1734,128.25711940831414,10,1,0,0,1.4382140923125721,0.035284712204765985
1735,213.37760310414524,67,1,0,0,1.4835887416851428,0.03524942749256122
1736,160.32929862104777,20,1,0,0,1.3476499312082053,0.03521417806506866
1737,40.2582605662211,200,0,0,1,4.587090236942107,0.03517896388700359
1738,12.25054287595778,200,0,0,1,4.098215540374885,0.03514378492311659
1739,165.87156717085116,38,1,0,0,1.4093893116354965,0.035108641138193473
1740,177.20218338685854,35,1,0,0,1.2970397156242643,0.035073532497055276
1741,163.75328715174842,27,1,0,0,1.389137568610234,0.03503845896455822
1742,97.84352474469462,200,0,0,1,1.8203144242400626,0.03500342050559366
1743,180.05010028853894,34,1,0,0,1.2040334441596896,0.03496841708508807
1744,148.0362985827795,200,0,0,1,2.0949848069732524,0.034933448668002985
1745,82.98223974334614,200,0,0,1,3.1431731012449324,0.03489851521933498
1746,134.45483656073768,10,1,0,0,1.1880604319388224,0.03486361670411564
1747,175.67488044914228,110,1,0,0,1.451627399416164,0.034828753087411526
1748,181.52253929173338,39,1,0,0,1.49483788456599,0.034793924334324114
1749,145.51925216222148,146,1,0,0,1.4117952050676834,0.03475913040998979
1750,-50.0,1,0,1,0,3.305170833763297,0.0347243712795798
1751,179.89364562396514,101,1,0,0,1.461135038049766,0.034689646908300224
1752,162.33950683418522,24,1,0,0,1.4724288207035152,0.034654957261391915
1753,127.71314147820496,85,1,0,0,1.3995243479166979,0.03462030230413053
1754,48.646518578019226,200,0,0,1,2.8911592334156664,0.0345856820018264
1755,141.93263888680477,14,1,0,0,1.473601721567217,0.03455109631982457
1756,129.75161617642866,200,0,0,1,3.8638866392916316,0.034516545223504745
1757,187.4139635730262,141,1,0,0,1.3899729466650954,0.03448202867828124
1758,147.0214001651508,194,1,0,0,1.4283186796243632,0.034447546649602964
1759,79.45900434895756,200,0,0,1,1.9611495229779758,0.03441309910295336
1760,154.10736875903436,82,1,0,0,1.4925679452921563,0.034378686003850405
1761,130.98872241399582,15,1,0,0,1.4296880546526773,0.03434430731784655
1762,138.30277355125023,27,1,0,0,1.4303108810723875,0.03430996301052871
1763,20.863047316642348,200,0,0,1,4.0420005114841935,0.03427565304751818
1764,216.92720451805047,44,1,0,0,1.4790950596386965,0.03424137739447066
1765,200.8550733231104,35,1,0,0,1.2273655924350793,0.034207136017076194
1766,139.54862571409217,16,1,0,0,1.2824367839579172,0.03417292888105911
1767,153.47730801535607,19,1,0,0,1.422964783501262,0.03413875595217805
1768,123.91973860022878,7,1,0,0,1.3377613749043278,0.03410461719622587
1769,209.579031492085,38,1,0,0,1.4311533275746147,0.03407051257902965
1770,162.86899455447863,187,1,0,0,1.493638301388606,0.034036442066450616
1771,153.15358428894743,16,1,0,0,1.2338188178178657,0.03400240562438417
1772,155.27212470373217,27,1,0,0,1.2403199789851784,0.03396840321875979
1773,160.48788579606472,29,1,0,0,1.3839398344855671,0.03393443481554103
1774,180.44564501566603,21,1,0,0,1.400325207678284,0.033900500380725486
1775,185.81238671764706,37,1,0,0,1.4935013934734618,0.03386659988034476
1776,145.57070574806727,31,1,0,0,1.3132933500008024,0.03383273328046441
1777,194.39418965647073,38,1,0,0,1.3228501777903139,0.03379890054718395
1778,189.49524846204287,26,1,0,0,1.305206685203683,0.033765101646636764
1779,41.21881288139478,200,0,0,1,2.4354278681509456,0.03373133654499013
1780,29.569794020279915,200,0,0,1,3.1479427319818654,0.033697605208445135
1781,128.8570112732511,187,1,0,0,1.4879911004701454,0.0336639076032367
1782,175.67128787297224,24,1,0,0,1.180058391623849,0.03363024369563346
1783,198.9328326034306,29,1,0,0,1.3496524312175855,0.033596613451937825
1784,-74.54275709784018,178,0,0,0,10.79203158813662,0.033563016838485886
1785,194.58921938026512,95,1,0,0,1.4690922049198774,0.0335294538216474
1786,209.78204050925112,84,1,0,0,1.494380967179585,0.03349592436782575
1787,139.28316154167797,13,1,0,0,1.2390466694157314,0.033462428443457926
1788,175.54998185089238,25,1,0,0,1.300012181486093,0.033428966015014466
1789,226.5931352238711,55,1,0,0,1.4724684440437212,0.03339553704899945
1790,173.59558969380168,21,1,0,0,1.136298517351984,0.03336214151195046
1791,154.02464969387705,35,1,0,0,1.423849622818797,0.03332877937043851
1792,126.25983083940265,7,1,0,0,1.179355022669974,0.03329545059106807
1793,166.08180201402115,19,1,0,0,1.3410106351623232,0.033262155140477
1794,160.86952664126136,16,1,0,0,1.2306087323104573,0.033228892985336524
1795,228.08303619066265,41,1,0,0,1.4513164722603535,0.03319566409235119
1796,218.8412433688801,94,1,0,0,1.454696793038854,0.03316246842825884
1797,170.8365536237266,20,1,0,0,1.3649984256693046,0.033129305959830574
1798,138.95430442214035,16,1,0,0,1.4940660659142895,0.03309617665387074
1799,232.54738591811056,45,1,0,0,1.2679131913889394,0.03306308047721687
1800,151.22972651140884,16,1,0,0,1.439295319005577,0.03303001739673966
1801,157.62704767617674,21,1,0,0,1.2028326591347749,0.03299698737934292
1802,258.3898194040247,96,1,0,0,1.4826746840220106,0.03296399039196357
1803,125.97756204042179,7,1,0,0,1.166630845540033,0.032931026401571604
1804,88.00100913435698,200,0,0,1,2.385354347320431,0.03289809537517004
1805,85.851982718438,200,0,0,1,2.011202407379434,0.03286519727979487
1806,156.22329137551395,22,1,0,0,1.4767959584746648,0.03283233208251507
1807,85.40448803430913,200,0,0,1,3.1747867884118453,0.03279949975043256
1808,158.0319735969201,58,1,0,0,1.4440597291837267,0.032766700250682124
1809,195.36063038604772,26,1,0,0,1.4245736870349381,0.03273393355043144
1810,167.4281728819492,20,1,0,0,1.4748011658576559,0.03270119961688101
1811,61.68909644081388,200,0,0,1,2.7367872057066958,0.03266849841726413
1812,174.29593445895335,23,1,0,0,1.405611684605563,0.032635829918846865
1813,133.63229438951143,13,1,0,0,1.3221133658395343,0.03260319408892802
1814,154.39312493318226,40,1,0,0,1.4560400826897872,0.032570590894839095
1815,152.25140755052323,108,1,0,0,1.346271206498572,0.03253802030394425
1816,177.1025557820295,17,1,0,0,1.4710899706923193,0.03250548228364031
1817,178.03086943161222,22,1,0,0,1.3295440327741606,0.03247297680135667
1818,152.67446491079494,18,1,0,0,1.0510320611961181,0.032440503824555315
1819,194.46036607331007,27,1,0,0,1.3180734986173328,0.032408063320730755
1820,188.79916551762955,26,1,0,0,1.3352257670929542,0.03237565525741003
1821,169.4325047767976,45,1,0,0,1.3737810322957376,0.032343279602152615
1822,162.94314932146574,24,1,0,0,1.3950786869258889,0.032310936322550464
1823,175.03585565130328,21,1,0,0,1.4904461096659687,0.03227862538622791
1824,151.50213893146417,13,1,0,0,1.2135701884121324,0.03224634676084168
1825,180.511422774965,30,1,0,0,1.352075046194986,0.03221410041408084
1826,153.25763685115348,17,1,0,0,1.433384610738007,0.03218188631366676
1827,157.04874425269523,16,1,0,0,1.3885090021409687,0.03214970442735309
1828,133.97887632636383,37,1,0,0,1.4801091420504877,0.03211755472292574
1829,160.64769498000518,22,1,0,0,1.2471451173919632,0.032085437168202814
1830,163.6710431295628,47,1,0,0,1.2996782556044661,0.032053351731034616
1831,145.61840688537148,25,1,0,0,1.2778351490249362,0.03202129837930358
1832,158.1391709754268,33,1,0,0,1.4750100593981261,0.03198927708092427
1833,150.64251167724044,16,1,0,0,1.304633387693676,0.03195728780384335
1834,206.9687997659923,57,1,0,0,1.495522088645994,0.03192533051603951
1835,47.04191478474691,200,0,0,1,2.1699000278847542,0.031893405185523464
1836,226.04402046885718,37,1,0,0,1.4603131788129813,0.03186151178033794
1837,132.4482544370652,10,1,0,0,1.2806365811361355,0.0318296502685576
1838,130.88485973847241,14,1,0,0,1.437660700976125,0.03179782061828905
1839,239.1859903283193,75,1,0,0,1.4917314560258652,0.03176602279767076
1840,100.0,1,1,0,0,0.9467718840273726,0.03173425677487309
1841,172.77397481789228,21,1,0,0,1.3676904094196962,0.031702522518098214
1842,174.45344335073935,23,1,0,0,1.2894763235708737,0.03167081999558012
1843,200.28548173070587,41,1,0,0,1.3536423886060975,0.03163914917558454
1844,142.89184196140508,18,1,0,0,1.3407195764078412,0.03160751002640896
1845,188.18830591179886,34,1,0,0,1.2835744268064833,0.031575902516382544
1846,162.10079382105158,27,1,0,0,1.0876918565236515,0.03154432661386616
1847,195.89712057245805,26,1,0,0,1.3230965120977245,0.031512782287252294
1848,145.20186584099272,19,1,0,0,1.3929492164912398,0.03148126950496504
1849,169.9012565122831,26,1,0,0,1.3352654476781487,0.031449788235460074
1850,202.04153026512344,32,1,0,0,1.1791727560693868,0.031418338447224615
1851,195.36502717587695,27,1,0,0,1.3765108132172228,0.031386920108777396
1852,176.08999864058694,30,1,0,0,1.4078366735746861,0.03135553318866862
1853,137.74817936567223,26,1,0,0,1.4363648529793487,0.03132417765547995
1854,132.21150572816617,10,1,0,0,1.4337704181134732,0.03129285347782447
1855,17.628848521871383,200,0,0,1,3.047490492941251,0.031261560624346645
1856,162.962683425757,73,1,0,0,1.4969991434443124,0.031230299063722294
1857,155.8219422623879,19,1,0,0,1.4935975169603843,0.031199068764658573
1858,123.62544128059207,27,1,0,0,1.452354713022014,0.031167869695893913
1859,154.39484453272686,21,1,0,0,1.3552308358057696,0.031136701826198022
1860,210.0377345190803,29,1,0,0,1.449745198093817,0.03110556512437182
1861,179.85284063549886,39,1,0,0,1.4006697887143862,0.03107445955924745
1862,168.73410112737577,25,1,0,0,1.444572107650653,0.031043385099688205
1863,124.92632990560709,13,1,0,0,1.4632880960911445,0.031012341714588516
1864,170.2669645442126,21,1,0,0,1.3162325349918198,0.030981329372873925
1865,173.71484554055132,20,1,0,0,1.4363625900795767,0.030950348043501053
1866,141.7729966993541,108,1,0,0,1.487348890781675,0.030919397695457554
1867,124.28703567995383,21,1,0,0,1.1862344774902471,0.030888478297762097
1868,166.45908133683346,21,1,0,0,1.290168326186671,0.030857589819464334
1869,128.26912675667222,8,1,0,0,1.3270375955541909,0.030826732229644868
1870,166.34783478173426,18,1,0,0,1.3582451435316358,0.030795905497415222
1871,168.66627206461914,20,1,0,0,1.498627283639041,0.030765109591917805
1872,151.8685901065108,19,1,0,0,1.4286873706425718,0.030734344482325888
1873,149.18053894522978,22,1,0,0,1.4133738773949822,0.030703610137843562
1874,219.4048192538605,39,1,0,0,1.3456900781231653,0.03067290652770572
1875,24.075889982589462,200,0,0,1,2.8371849801671876,0.030642233621178013
1876,158.8670063797158,16,1,0,0,1.4783562518673574,0.030611591387556838
1877,212.00889593055945,27,1,0,0,1.3018745114548864,0.030580979796169278
1878,224.95971070045334,37,1,0,0,1.4816778317178874,0.03055039881637311
1879,155.16382566923014,104,1,0,0,1.4105689479808754,0.030519848417556734
1880,195.7097641932766,27,1,0,0,1.4370945208611405,0.03048932856913918
1881,166.8003731385319,24,1,0,0,1.2269060743936393,0.03045883924057004
1882,30.18232735749016,200,0,0,1,2.879672678256595,0.03042838040132947
1883,150.10082955274572,73,1,0,0,1.4979364962721675,0.03039795202092814
1884,157.14442929266954,17,1,0,0,1.4950259721186563,0.03036755406890721
1885,141.5765201429508,13,1,0,0,1.3794710030346402,0.030337186514838306
1886,176.47432883720137,169,1,0,0,1.4969932855198205,0.030306849328323466
1887,156.39861117036452,21,1,0,0,1.3792624740704706,0.030276542478995146
1888,197.25668970255884,30,1,0,0,1.3127779357581124,0.03024626593651615
1889,100.0,1,1,0,0,1.0060724196780866,0.03021601967057963
1890,161.71822234558405,19,1,0,0,1.3845083202425574,0.030185803650909056
1891,142.4782225603647,12,1,0,0,1.4574506221099883,0.030155617847258145
1892,133.68115804938844,36,1,0,0,1.45380835789733,0.030125462229410885
1893,171.18858453694327,113,1,0,0,1.417461549394725,0.030095336767181475
1894,141.53768352241366,13,1,0,0,1.4867671332757266,0.030065241430414294
1895,180.29554084132297,21,1,0,0,1.4212143125529753,0.030035176188983877
1896,171.51390856895273,88,1,0,0,1.3932005929060003,0.030005141012794896
1897,145.6376173578847,27,1,0,0,1.3767997262933798,0.0299751358717821
1898,210.85567103949782,35,1,0,0,1.4147014686941044,0.029945160735910317
1899,181.10147388537146,23,1,0,0,1.3886843536699278,0.02991521557517441
1900,179.54642352722465,24,1,0,0,1.1610342302973404,0.029885300359599232
1901,165.5057761425545,24,1,0,0,1.4688260823875738,0.029855415059239634
1902,166.3059083756662,25,1,0,0,1.3619397792755081,0.029825559644180395
1903,192.18381427302108,30,1,0,0,1.4406457033277893,0.029795734084536216
1904,214.89379193734726,32,1,0,0,1.4246171802194794,0.029765938350451677
1905,185.9277152024657,20,1,0,0,1.4521851429318182,0.029736172412101226
1906,209.01464299370343,161,1,0,0,1.481142375930721,0.029706436239689122
1907,188.26384312425907,25,1,0,0,1.363540749826002,0.029676729803449438
1908,228.38327800604722,55,1,0,0,1.42790418821174,0.029647053073645985
1909,179.48434226149888,24,1,0,0,1.394508925850319,0.02961740602057234
1910,152.2185110518481,23,1,0,0,1.4726663530762878,0.02958778861455177
1911,165.3315403097536,20,1,0,0,1.4200027067708176,0.029558200825937214
1912,147.31487817183157,16,1,0,0,1.3765317617366426,0.02952864262511128
1913,163.00677599940025,17,1,0,0,1.2103173295617635,0.029499113982486166
1914,174.8086119641245,25,1,0,0,1.2973860675865607,0.02946961486850368
1915,139.0497674769681,13,1,0,0,1.4209512298702078,0.029440145253635176
1916,159.03831948337742,17,1,0,0,1.408901484557715,0.029410705108381542
1917,169.72847392945715,65,1,0,0,1.4121075174329278,0.029381294403273164
1918,192.43957350607843,32,1,0,0,1.488346371789523,0.02935191310886989
1919,145.19817613744257,18,1,0,0,1.3278888061925485,0.029322561195761015
1920,169.6821923752728,39,1,0,0,1.4739073901685313,0.029293238634565257
1921,129.24296578183902,14,1,0,0,1.4018403192172755,0.02926394539593069
1922,212.28180052474767,33,1,0,0,1.4283292721283027,0.02923468145053476
1923,113.16749536099746,10,1,0,0,1.2924528403195266,0.029205446769084226
1924,183.02242772818,48,1,0,0,1.4860588628878069,0.02917624132231514
1925,173.50665427758966,107,1,0,0,1.4977454686561726,0.029147065080992823
1926,165.627322291528,160,1,0,0,1.4968835747905342,0.029117918015911834
1927,119.31571931947002,200,0,0,1,2.001478136261077,0.029088800097895925
1928,184.99775306343452,27,1,0,0,1.2757947488631323,0.029059711297798024
1929,101.7543005079809,200,0,0,1,2.337497113050146,0.029030651586500228
1930,220.22946317100815,120,1,0,0,1.4648507105113933,0.029001620934913725
1931,190.49411809990903,27,1,0,0,1.4104834969128839,0.028972619313978817
1932,175.8624750994499,32,1,0,0,1.4574356296931748,0.028943646694664833
1933,206.4395357445012,28,1,0,0,1.334968784531916,0.02891470304797017
1934,136.30503361510432,171,1,0,0,1.4855248690328655,0.028885788344922197
1935,229.7273569376481,61,1,0,0,1.455754616513348,0.028856902556577274
1936,165.13327606131617,34,1,0,0,1.4795520531523298,0.028828045654020702
1937,186.1677631076816,24,1,0,0,1.4178009424402378,0.02879921760836668
1938,140.7906310302826,30,1,0,0,1.4786188129917799,0.028770418390758314
1939,185.55418209587302,25,1,0,0,1.3700362050596349,0.028741647972367553
1940,166.43775435120386,20,1,0,0,1.4272933631170162,0.028712906324395188
1941,134.04667031877412,67,1,0,0,1.3837679452153209,0.028684193418070793
1942,197.79508786788006,30,1,0,0,1.4858371980237373,0.028655509224652723
1943,127.2827500009612,47,1,0,0,1.3714226587934257,0.02862685371542807
1944,254.2002628083463,50,1,0,0,1.4844079915167672,0.02859822686171264
1945,172.32894788357663,24,1,0,0,1.3371539408577042,0.028569628634850925
1946,164.46292575423675,19,1,0,0,1.2682645617865893,0.028541059006216077
1947,130.03385116911275,45,1,0,0,1.1837731582762336,0.02851251794720986
1948,159.45909832003557,25,1,0,0,1.3265281263781947,0.02848400542926265
1949,174.29481192973952,31,1,0,0,1.4162529787612697,0.028455521423833386
1950,177.92814398922758,22,1,0,0,1.4461514425959054,0.028427065902409555
1951,162.0206526648471,40,1,0,0,1.436044033619192,0.028398638836507145
1952,180.3149029447241,19,1,0,0,1.1932262845887038,0.028370240197670638
1953,145.10089891008562,23,1,0,0,1.4283667453587379,0.028341869957472968
1954,150.118128981636,17,1,0,0,1.4353945034782631,0.028313528087515496
1955,258.36455329405965,53,1,0,0,1.4836812094782985,0.02828521455942798
1956,138.09714671315098,34,1,0,0,1.363320736678993,0.02825692934486855
1957,175.4517221838393,42,1,0,0,1.499975197302675,0.02822867241552368
1958,191.8651038445116,34,1,0,0,1.466487965358368,0.028200443743108157
1959,154.29719751857792,18,1,0,0,1.4214210241360978,0.028172243299365046
1960,153.0658134841984,17,1,0,0,1.2136577132091404,0.028144071056065686
1961,170.39353633133027,39,1,0,0,1.488011839447666,0.028115926985009622
1962,151.8607397154583,16,1,0,0,1.3969857177236717,0.02808781105802461
1963,197.8294885423564,35,1,0,0,1.2447696936862964,0.028059723246966584
1964,135.85766306729812,16,1,0,0,1.4990471205797788,0.02803166352371962
1965,165.24429044198195,18,1,0,0,1.1489999260007118,0.0280036318601959
1966,148.14366765816658,15,1,0,0,1.1818076879871418,0.027975628228335703
1967,-50.0,1,0,1,0,6.983068830007089,0.027947652600107366
1968,194.81162285980093,36,1,0,0,1.4646801780102294,0.027919704947507257
1969,192.02502463054066,22,1,0,0,1.3959990692812272,0.027891785242559752
1970,136.96778863569062,31,1,0,0,1.4397262910615563,0.027863893457317192
1971,148.65734323435103,18,1,0,0,1.4079699763420095,0.027836029563859877
1972,137.03226320296397,16,1,0,0,1.2402748067462357,0.02780819353429602
1973,159.3775847579873,23,1,0,0,1.383571654647039,0.027780385340761722
1974,150.08357566629567,14,1,0,0,1.414296224842335,0.027752604955420958
1975,186.3601380368267,23,1,0,0,1.4464212167434087,0.027724852350465536
1976,173.69259340355325,46,1,0,0,1.456564659794638,0.027697127498115072
1977,246.50847599158013,43,1,0,0,1.4835271515684787,0.027669430370616956
1978,234.35487240399843,89,1,0,0,1.4893948050923416,0.02764176094024634
1979,136.98200951156701,12,1,0,0,1.4353546825595063,0.02761411917930609
1980,159.27825822006355,16,1,0,0,1.3724038892829635,0.02758650506012679
1981,163.6006081026235,200,0,0,1,2.256448303995218,0.02755891855506666
1982,137.3373620434753,17,1,0,0,1.2144300990480552,0.027531359636511595
1983,167.09175976132047,72,1,0,0,1.3327363164263801,0.027503828276875083
1984,172.3272738888403,20,1,0,0,1.2366624327782867,0.027476324448598207
1985,127.90958144303067,92,1,0,0,1.4964678491136905,0.027448848124149605
1986,178.9110018630088,44,1,0,0,1.4992008559610526,0.027421399276025462
1987,146.11333336564755,17,1,0,0,1.4444592167430748,0.027393977876749433
1988,176.29381460711892,26,1,0,0,1.4108317251547462,0.027366583898872684
1989,172.44807403029,24,1,0,0,1.4085352420342558,0.02733921731497381
1990,171.27680652392087,25,1,0,0,1.4317769136040102,0.027311878097658837
1991,200.572361421062,25,1,0,0,1.4841069514171972,0.02728456621956118
1992,182.79426828754276,34,1,0,0,1.441459419840743,0.027257281653341615
1993,198.51839960937718,35,1,0,0,1.4070730157456712,0.027230024371688272
1994,172.20377317016005,28,1,0,0,1.3904453573109707,0.027202794347316584
1995,186.22163955316609,31,1,0,0,1.3380228683748308,0.02717559155296927
1996,193.70219738889136,30,1,0,0,1.4679669922311125,0.027148415961416303
1997,178.28823649830238,22,1,0,0,1.3399345610911253,0.027121267545454887
1998,165.35172651435357,152,1,0,0,1.4227915856692064,0.02709414627790943
1999,190.18086037070609,24,1,0,0,1.4313836509814133,0.02706705213163152
2000,176.80449613942233,31,1,0,0,1.472512826491858,0.027039985079499892
2001,147.01254941573612,15,1,0,0,1.3935098074431398,0.027012945094420388
2002,238.50590066573523,60,1,0,0,1.484904425284421,0.026985932149325972
2003,169.53811254170765,30,1,0,0,1.4863189183066643,0.026958946217176646
2004,155.8430943396685,20,1,0,0,1.4396717020904173,0.026931987270959464
2005,90.27732032710405,200,0,0,1,2.645173180168621,0.026905055283688507
2006,116.96219443944898,6,1,0,0,1.4458337344136696,0.02687815022840482
2007,192.36752874330296,27,1,0,0,1.4945044895267106,0.026851272078176416
2008,169.02788641166524,18,1,0,0,1.2275010614051176,0.02682442080609824
2009,173.1159806025821,19,1,0,0,1.4579580957817566,0.02679759638529214
2010,143.4605471705582,14,1,0,0,1.2229337274496115,0.026770798788906848
2011,167.03036658475992,22,1,0,0,1.483461677705082,0.026744027990117936
2012,126.95760273928882,20,1,0,0,1.3905241631748089,0.02671728396212782
2013,140.55703219961617,44,1,0,0,1.4554382952983607,0.026690566678165696
2014,183.0827502546288,23,1,0,0,1.4644679247869676,0.02666387611148753
2015,150.64849181127374,20,1,0,0,1.3988488047423937,0.026637212235376042
2016,148.64635769968515,14,1,0,0,1.4788207246822975,0.026610575023140667
2017,168.9902208827989,43,1,0,0,1.4663803969808895,0.02658396444811752
2018,139.43859725247728,11,1,0,0,1.4549640390650584,0.02655738048366941
2019,46.37661579407386,200,0,0,1,4.338715807960272,0.026530823103185736
2020,182.0931422117596,24,1,0,0,1.4655837758454833,0.02650429228008255
2021,174.4107476968182,23,1,0,0,1.3886366962616654,0.026477787987802467
2022,197.7740356970566,33,1,0,0,1.2861697788805286,0.026451310199814667
2023,167.0825773632546,22,1,0,0,1.454002812202239,0.02642485888961485
2024,180.17951660299764,19,1,0,0,1.4417837458292155,0.02639843403072524
2025,153.69795984678439,38,1,0,0,1.4160006831882217,0.026372035596694512
2026,244.33433422605287,45,1,0,0,1.3345588051022368,0.026345663561097816
2027,181.8968829488324,19,1,0,0,1.4092961108778972,0.026319317897536717
2028,164.143897841348,142,1,0,0,1.4820002802237147,0.026292998579639182
2029,225.75271831523372,38,1,0,0,1.3481563987452463,0.026266705581059542
2030,192.42380062328468,24,1,0,0,1.3820068979723446,0.026240438875478486
2031,124.39549780981918,8,1,0,0,1.3567813816740886,0.026214198436603005
2032,169.00971878209947,73,1,0,0,1.4933235356224568,0.0261879842381664
2033,8.063276791151715,200,0,0,1,2.765352347967185,0.026161796253928234
2034,161.00569282963374,24,1,0,0,1.424526096034976,0.026135634457674306
2035,221.65615165728613,41,1,0,0,1.4090196762648735,0.026109498823216632
2036,202.16851248761205,25,1,0,0,1.243703598154334,0.026083389324393413
2037,174.7365339251324,21,1,0,0,1.491940432919914,0.02605730593506902
2038,178.2269364758725,31,1,0,0,1.4902420135426493,0.026031248629133953
2039,172.43325196114762,22,1,0,0,1.4936340543995184,0.02600521738050482
2040,181.50193330803268,25,1,0,0,1.2607463914248112,0.025979212163124318
2041,146.4915488575417,16,1,0,0,1.3624473286800822,0.02595323295096119
2042,168.7534305508712,53,1,0,0,1.4911663698525235,0.02592727971801023
2043,166.37055014417902,35,1,0,0,1.4813400898389157,0.02590135243829222
2044,170.46951491991382,16,1,0,0,1.2874369330680757,0.025875451085853925
2045,153.7978169350137,20,1,0,0,1.4614439661995695,0.025849575634768075
2046,159.385931308733,18,1,0,0,1.3491351121234483,0.0258237260591333
2047,187.3296467962995,69,1,0,0,1.4333443283650806,0.02579790233307417
2048,173.63362197918468,25,1,0,0,1.3539832871658308,0.025772104430741096
2049,161.5663158134217,23,1,0,0,1.1653412003962067,0.025746332326310357
2050,221.57587828476272,160,1,0,0,1.4740757264207323,0.02572058599398405
2051,214.45564222769787,35,1,0,0,1.374559805198494,0.02569486540799006
2052,98.04450816180848,200,0,0,1,1.640745983082735,0.02566917054258207
2053,149.65030198312908,16,1,0,0,1.3464927618575306,0.025643501372039492
2054,144.93842258914802,15,1,0,0,1.3707622368036518,0.02561785787066745
2055,177.0948897333613,20,1,0,0,1.3670848630123846,0.02559224001279678
2056,189.69224301483752,22,1,0,0,1.4244399414623357,0.025566647772783987
2057,151.90581774473793,27,1,0,0,1.4436698765914227,0.025541081125011203
2058,166.6686367803276,23,1,0,0,1.3417733337472604,0.02551554004388619
2059,180.84072155853522,84,1,0,0,1.483868734843008,0.0254900245038423
2060,199.23089287235626,26,1,0,0,1.3330477685847464,0.025464534479338465
2061,184.82139692795198,20,1,0,0,1.4122397906593955,0.025439069944859123
2062,134.50767346932568,14,1,0,0,1.3799984905164981,0.025413630874914262
2063,173.21856322789318,18,1,0,0,1.2499444236072124,0.02538821724403935
2064,162.02052550808858,20,1,0,0,1.4960971952891269,0.02536282902679531
2065,172.1970293738387,31,1,0,0,1.4378851251590006,0.025337466197768516
2066,181.14076170333385,23,1,0,0,1.2620075052982749,0.025312128731570745
2067,163.21576765293895,45,1,0,0,1.484114504894869,0.025286816602839175
2068,192.79541669040532,28,1,0,0,1.4082954959228515,0.025261529786236338
2069,191.13517930419232,31,1,0,0,1.3097986007144033,0.025236268256450103
2070,134.5379955460742,25,1,0,0,1.2881074244726507,0.02521103198819365
2071,179.23015966755787,52,1,0,0,1.4918325363027134,0.02518582095620546
2072,197.19449992726837,27,1,0,0,1.4752706261151936,0.02516063513524925
2073,142.47511340873467,11,1,0,0,1.4827008556412755,0.025135474500114004
2074,176.57468879609047,54,1,0,0,1.4250785685444431,0.02511033902561389
2075,144.7031263294774,75,1,0,0,1.3327933585786593,0.025085228686588273
2076,152.5787810326375,18,1,0,0,1.3056650725948684,0.025060143457901685
2077,202.06592794923807,29,1,0,0,1.434446254802568,0.025035083314443787
2078,-0.4867549266049081,200,0,0,1,4.102670338476566,0.02501004823112934
2079,200.6203981185015,28,1,0,0,1.2853590691817662,0.02498503818289821
2080,165.51089979198713,23,1,0,0,1.2736284696962454,0.024960053144715312
2081,148.24776554570263,19,1,0,0,1.4453572097312717,0.024935093091570597
2082,160.3840036190271,17,1,0,0,1.4030682217397457,0.024910157998479024
2083,189.85975775317212,33,1,0,0,1.4864450110793852,0.024885247840480546
2084,180.6255892226406,29,1,0,0,1.4966789059816241,0.024860362592640066
2085,164.39628092020678,23,1,0,0,1.2091458918814924,0.024835502230047428
2086,165.17534157543412,22,1,0,0,1.4827306836722471,0.02481066672781738
2087,195.5902385306274,31,1,0,0,1.438692080887926,0.024785856061089562
2088,191.71218886048166,43,1,0,0,1.3325109837256668,0.024761070205028473
2089,169.7400114502175,22,1,0,0,1.3173863935195607,0.024736309134823442
2090,178.95155660981436,27,1,0,0,1.4939033716822456,0.02471157282568862
2091,182.3501197570267,20,1,0,0,1.2467681359143832,0.02468686125286293
2092,165.10214267483846,22,1,0,0,1.2271251362152549,0.02466217439161007
2093,147.56748028641704,24,1,0,0,1.4468951774567875,0.02463751221721846
2094,169.5453705151188,25,1,0,0,1.2793577662038884,0.02461287470500124
2095,190.16369454568516,28,1,0,0,1.1713147773792945,0.024588261830296238
2096,144.30414329624494,62,1,0,0,1.464207710270547,0.024563673568465942
2097,147.27655293199933,59,1,0,0,1.4811144654610606,0.02453910989489748
2098,157.94274465314817,17,1,0,0,1.263463916496632,0.02451457078500258
2099,172.11244808966472,26,1,0,0,1.464660048997625,0.024490056214217577
2100,31.558427773956964,200,0,0,1,3.0991171788837404,0.024465566158003358
2101,101.43463158884767,16,1,0,0,1.2942397489655646,0.024441100591845358
2102,246.37290034768517,46,1,0,0,1.2791391566982613,0.02441665949125351
2103,185.1709927254399,43,1,0,0,1.2707705391521404,0.024392242831762258
2104,177.23156110627025,22,1,0,0,1.2135201653563767,0.024367850588930495
2105,190.19660837274134,27,1,0,0,1.2961268548201226,0.024343482738341565
2106,194.06202452413117,31,1,0,0,1.349726662442571,0.024319139255603223
2107,210.92384695965438,37,1,0,0,1.4805357253432752,0.02429482011634762
2108,151.88637903714795,19,1,0,0,1.2778891091680373,0.024270525296231273
2109,180.67263465403332,34,1,0,0,1.4715578617316987,0.02424625477093504
2110,-50.0,1,0,1,0,4.534227358068497,0.024222008516164104
2111,172.17873649347513,19,1,0,0,1.3137358750277923,0.02419778650764794
2112,156.59409727052514,13,1,0,0,1.4105644903409924,0.024173588721140293
2113,158.0298984782571,25,1,0,0,1.491268266863049,0.024149415132419152
2114,200.12830966934115,32,1,0,0,1.4962842678080996,0.024125265717286733
2115,129.80151504646108,9,1,0,0,1.378128783464687,0.024101140451569445
2116,-3.2666643559366033,200,0,0,1,2.604608926534581,0.024077039311117876
2117,190.190026199991,30,1,0,0,1.247421652716848,0.02405296227180676
2118,165.1163793410172,21,1,0,0,1.4914500204037184,0.024028909309534954
2119,167.32270646672796,20,1,0,0,1.406034010280077,0.024004880400225418
2120,179.17919528924003,20,1,0,0,1.4930861784810607,0.023980875519825192
2121,132.95757880493403,12,1,0,0,1.118603546697078,0.023956894644305365
2122,152.07473263746263,32,1,0,0,1.4668548755062467,0.02393293774966106
2123,188.69642200692556,25,1,0,0,1.432610700681029,0.0239090048119114
2124,205.9877016658072,28,1,0,0,1.2321109264259735,0.02388509580709949
2125,156.3771837384138,23,1,0,0,1.4822648892875836,0.02386121071129239
2126,152.46882333351215,16,1,0,0,1.2452501475261384,0.023837349500581098
2127,126.9167983192513,38,1,0,0,1.3558344766174395,0.023813512151080518
2128,127.66811398232277,75,1,0,0,1.497430800218302,0.023789698638929435
2129,167.7731816202418,27,1,0,0,1.3438502970247925,0.023765908940290507
2130,112.65982286351392,4,1,0,0,1.3205914223906994,0.023742143031350214
2131,165.3533867913539,25,1,0,0,1.1695558591231476,0.023718400888318864
2132,218.83417814330193,33,1,0,0,1.2968611875065426,0.02369468248743055
2133,173.86300830658303,21,1,0,0,1.3429708232862638,0.023670987804943117
2134,226.67798106782993,33,1,0,0,1.1759058941296623,0.023647316817138175
2135,129.74393017878594,10,1,0,0,1.3929837638647722,0.023623669500321035
2136,172.26570632996038,24,1,0,0,1.4710095283906077,0.023600045830820714
2137,120.48682522071812,200,0,0,1,3.2231779280140413,0.023576445784989894
2138,233.8903752197392,45,1,0,0,1.4562814799033117,0.023552869339204904
2139,136.1026103084775,14,1,0,0,1.4248922393634669,0.023529316469865696
2140,-50.0,1,0,1,0,6.00179151756348,0.02350578715339583
2141,176.97147926595113,23,1,0,0,1.486752972696376,0.023482281366242436
2142,181.4415206755067,23,1,0,0,1.4525863495209155,0.023458799084876192
2143,174.4244302233413,23,1,0,0,1.3676812353740408,0.02343534028579132
2144,155.65004515169943,23,1,0,0,1.2928706067145928,0.023411904945505525
2145,161.98310528301937,21,1,0,0,1.4073408581152362,0.02338849304056002
2146,156.03756026961224,21,1,0,0,1.4111360386783849,0.02336510454751946
2147,119.23795378049638,7,1,0,0,1.3812487505012656,0.02334173944297194
2148,188.4813963189526,22,1,0,0,1.2577060357589682,0.02331839770352897
2149,158.1398858195214,20,1,0,0,1.1457556446533774,0.02329507930582544
2150,150.03634008872416,18,1,0,0,1.4055460978256913,0.023271784226519612
2151,137.68614010727143,11,1,0,0,1.3925684645267613,0.023248512442293093
2152,192.36759621716783,22,1,0,0,1.3417789771390747,0.023225263929850803
2153,175.3268649752934,22,1,0,0,1.3868742117752422,0.02320203866592095
2154,153.54594365080044,16,1,0,0,1.2990916108241768,0.02317883662725503
2155,189.58157782928149,26,1,0,0,1.4423376157976577,0.023155657790627775
2156,148.6839720821414,43,1,0,0,1.4495606174061277,0.023132502132837147
2157,181.4443248498369,25,1,0,0,1.4579811708410166,0.023109369630704313
2158,28.980021332959424,200,0,0,1,2.0229327413269207,0.023086260261073605
2159,192.36748472631018,29,1,0,0,1.4973005782843538,0.023063174000812533
2160,211.68169820580204,39,1,0,0,1.3487419065037032,0.02304011082681172
2161,185.49907312091392,23,1,0,0,1.4130964226003067,0.02301707071598491
2162,110.21438371580376,14,1,0,0,1.4860883655404322,0.022994053645268922
2163,159.8838596253505,24,1,0,0,1.492028932216419,0.022971059591623655
2164,253.49195407897162,56,1,0,0,1.359675819044741,0.02294808853203203
2165,148.83915945790943,22,1,0,0,1.4339200996046229,0.022925140443499997
2166,173.95638980308706,31,1,0,0,1.3826013895414337,0.0229022153030565
2167,149.07558846253468,34,1,0,0,1.480840226826966,0.022879313087753442
2168,193.0980564866203,25,1,0,0,1.4820954304904819,0.022856433774665688
2169,159.65019848677966,19,1,0,0,1.2495491069039635,0.02283357734089102
2170,198.58198656059602,33,1,0,0,1.348929560984811,0.022810743763550134
2171,152.9918189120269,26,1,0,0,1.4549770544745964,0.022787933019786582
2172,179.23338901899382,26,1,0,0,1.33110709880959,0.022765145086766796
2173,11.659098058788892,200,0,0,1,4.760322710953961,0.02274237994168003
2174,185.03930179383264,23,1,0,0,1.3297602372287545,0.022719637561738348
2175,166.10612330851245,22,1,0,0,1.3385068272278386,0.022696917924176607
2176,164.75074096326608,20,1,0,0,1.4622673554329573,0.022674221006252434
2177,16.80780151736433,200,0,0,1,2.906506968270959,0.022651546785246182
2178,170.10968341261832,26,1,0,0,1.4016521038983265,0.022628895238460935
2179,174.06176692698602,25,1,0,0,1.3890008478331441,0.022606266343222475
2180,133.18075090243153,10,1,0,0,1.32524698776406,0.02258366007687925
2181,144.17320564933655,18,1,0,0,1.397581284568871,0.02256107641680237
2182,216.18633385689867,42,1,0,0,1.2820940018218172,0.02253851534038557
2183,171.28831143908616,27,1,0,0,1.4321453950584413,0.022515976825045185
2184,120.93781932434466,8,1,0,0,1.0448532700599014,0.02249346084822014
2185,158.8541673452214,31,1,0,0,1.3540794019288125,0.02247096738737192
2186,165.88922558146317,17,1,0,0,1.2506736386788324,0.022448496419984545
2187,159.71322304617337,16,1,0,0,1.4955180618975623,0.022426047923564563
2188,-50.0,1,0,1,0,4.766928845862033,0.022403621875641
2189,203.23811061300876,32,1,0,0,1.2378510967457517,0.022381218253765357
2190,196.0968701708407,21,1,0,0,1.2694947282585178,0.02235883703551159
2191,208.94465179553433,30,1,0,0,1.465344294280632,0.02233647819847608
2192,199.78144908036558,30,1,0,0,1.4107710686901587,0.022314141720277604
2193,136.1896629015501,12,1,0,0,1.3356124292768359,0.022291827578557327
2194,165.67149236419166,37,1,0,0,1.4444681101539285,0.02226953575097877
2195,147.23979486776568,15,1,0,0,1.3654785681377137,0.02224726621522779
2196,145.33922353178494,15,1,0,0,1.4043837584971717,0.022225018949012562
2197,199.42295677359232,33,1,0,0,1.3996493209579486,0.02220279393006355
2198,207.3256290204513,38,1,0,0,1.4821834599300576,0.022180591136133486
2199,153.37747865869565,19,1,0,0,1.3555528018986613,0.022158410544997353
2200,265.28609470616254,55,1,0,0,1.336086921503205,0.022136252134452354
2201,134.7096567431397,10,1,0,0,1.231851314350255,0.022114115882317903
2202,201.77191467690352,32,1,0,0,1.143297723489672,0.022092001766435585
2203,224.90175484169072,39,1,0,0,1.4570345020246052,0.02206990976466915
2204,168.10501698921348,21,1,0,0,1.3526468108264509,0.02204783985490448
2205,144.70914153457338,14,1,0,0,1.4412735666355114,0.022025792015049575
2206,168.19696764464692,16,1,0,0,1.1625656963790136,0.022003766223034526
2207,29.28789710285616,200,0,0,1,1.889773063135319,0.021981762456811493
2208,209.5945594676005,30,1,0,0,1.462359141898862,0.02195978069435468
2209,159.66442784442094,17,1,0,0,1.401481634075877,0.021937820913660325
2210,169.55833444499146,28,1,0,0,1.4732382200503022,0.021915883092746665
2211,176.97625035158302,26,1,0,0,1.4200737952781355,0.02189396720965392
2212,181.66552822667734,21,1,0,0,1.4830150181398665,0.021872073242444265
2213,183.39082604260813,25,1,0,0,1.435221697586128,0.02185020116920182
2214,187.75978695927864,22,1,0,0,1.2007073596497295,0.02182835096803262
2215,213.80272754455802,31,1,0,0,1.4705414364061535,0.021806522617064585
2216,204.8296931815946,35,1,0,0,1.4946647130909816,0.021784716094447522
2217,150.65600021464388,19,1,0,0,1.3969039498940143,0.02176293137835307
2218,120.78302522900688,200,0,0,1,1.6713435531506926,0.02174116844697472
2219,169.05783664619608,18,1,0,0,1.4313180646064283,0.021719427278527745
2220,143.11645992986908,20,1,0,0,1.4458302988985299,0.021697707851249217
2221,193.5195978263552,23,1,0,0,1.2785844485985245,0.02167601014339797
2222,180.72056440383912,31,1,0,0,1.4162775075077012,0.02165433413325457
2223,178.2881648483185,23,1,0,0,1.4963328074410698,0.021632679799121316
2224,198.0484354195042,30,1,0,0,1.4319296838934819,0.021611047119322196
2225,183.81139810144825,26,1,0,0,1.4292845582265448,0.021589436072202872
2226,141.01178945314376,11,1,0,0,1.4289373175230167,0.021567846636130667
2227,121.54981791159614,9,1,0,0,1.4594203630042182,0.02154627878949454
2228,181.36853793083847,23,1,0,0,1.4298037464704971,0.021524732510705042
2229,177.24567656902377,46,1,0,0,1.2721394863248863,0.02150320777819434
2230,128.59907667422527,12,1,0,0,1.1436823512894478,0.021481704570416146
2231,168.6065966769703,21,1,0,0,1.4427753326656256,0.02146022286584573
2232,188.9695762293444,30,1,0,0,1.428090840958288,0.02143876264297988
2233,154.36689133873375,18,1,0,0,1.4808721265925244,0.021417323880336903
2234,18.18726091806571,200,0,0,1,2.9513348992829815,0.021395906556456568
2235,147.84698572942918,18,1,0,0,1.396272486347298,0.02137451064990011
2236,175.69945917836827,24,1,0,0,1.2931801561231757,0.02135313613925021
2237,193.59096245863577,32,1,0,0,1.3069048974833637,0.02133178300311096
2238,90.2618198655927,200,0,0,1,2.6579411767546217,0.021310451220107846
2239,207.84777823067375,37,1,0,0,1.4638821922276366,0.02128914076888774
2240,145.96904418797263,32,1,0,0,1.4112275711780602,0.021267851628118853
2241,129.32305063811253,15,1,0,0,1.403988360809951,0.021246583776490732
2242,154.8587371728043,20,1,0,0,1.4863400151895927,0.021225337192714244
2243,5.995293274455202,200,0,0,1,3.290431193397245,0.021204111855521526
2244,-50.0,1,0,1,0,5.613599749401966,0.021182907743666005
2245,144.1053005242633,24,1,0,0,1.4839865414771116,0.021161724835922338
2246,186.1774623069309,24,1,0,0,1.3384638416726744,0.02114056311108642
2247,130.3460048014769,9,1,0,0,1.1983890579053984,0.02111942254797533
2248,186.6207382967239,27,1,0,0,1.4505112655463435,0.02109830312542736
2249,111.390728438636,5,1,0,0,1.3622387018625994,0.02107720482230193
2250,112.2433524566705,6,1,0,0,1.1428243687426012,0.021056127617479627
2251,-50.0,1,0,1,0,6.252754276551829,0.02103507148986215
2252,189.77106090036378,28,1,0,0,1.4294751221012938,0.021014036418372285
2253,178.51023935509878,22,1,0,0,1.4089771017512829,0.020993022381953913
2254,202.4796060717263,31,1,0,0,1.3866535339073311,0.02097202935957196
2255,172.44970743879526,27,1,0,0,1.4507524308545154,0.020951057330212387
2256,141.6206161294258,13,1,0,0,1.4979437426148707,0.020930106272882176
2257,203.48208050496262,37,1,0,0,1.246215448205748,0.020909176166609294
2258,180.90283081939793,24,1,0,0,1.1761325245151644,0.020888266990442685
2259,164.16792477855608,21,1,0,0,1.185406725521917,0.02086737872345224
2260,189.92882859274772,23,1,0,0,1.305865725207007,0.02084651134472879
2261,171.24053478315528,22,1,0,0,1.474805981076854,0.02082566483338406
2262,108.28901824324572,10,1,0,0,1.49953228115922,0.020804839168550675
2263,164.0284441335428,24,1,0,0,1.4053219077173766,0.020784034329382126
2264,179.63375759824845,23,1,0,0,1.4245952076144088,0.020763250295052743
2265,178.4956658273909,19,1,0,0,1.3186556081779985,0.020742487044757688
2266,126.1032958829868,16,1,0,0,1.4077645368801952,0.02072174455771293
2267,205.03522389145354,33,1,0,0,1.2414082925608048,0.02070102281315522
2268,143.1870143739306,14,1,0,0,1.304663163954014,0.020680321790342064
2269,202.72856417764967,32,1,0,0,1.4512938898996401,0.02065964146855172
2270,168.077102548315,20,1,0,0,1.3636951741620706,0.02063898182708317
2271,144.44479211947237,14,1,0,0,1.3302332343716168,0.020618342845256085
2272,16.672047348530523,200,0,0,1,2.838220026877466,0.020597724502410833
2273,201.8478713187234,32,1,0,0,1.3229286169718915,0.02057712677790842
2274,156.9447361479117,19,1,0,0,1.3417433438885313,0.02055654965113051
2275,157.3468640954901,16,1,0,0,1.3682615564240668,0.020535993101479383
2276,143.1753029380558,144,1,0,0,1.2849258664556713,0.0205154571083779
2277,188.50563999115258,27,1,0,0,1.433996648841793,0.020494941651269524
2278,189.0894498917768,24,1,0,0,1.4274972027682502,0.020474446709618253
2279,114.91224618081417,13,1,0,0,1.3604575377965706,0.020453972262908637
2280,117.49267102775686,7,1,0,0,1.37183684486312,0.020433518290645727
2281,171.28998364311423,29,1,0,0,1.3160695266371236,0.02041308477235508
2282,181.02667875323783,24,1,0,0,1.4205061029948765,0.020392671687582728
2283,167.49797204353086,19,1,0,0,1.3812339065376729,0.020372279015895143
2284,109.52270857708176,4,1,0,0,1.4904095178317647,0.020351906736879248
2285,134.2928170258346,13,1,0,0,1.4684856430274023,0.02033155483014237
2286,160.06091585247816,22,1,0,0,1.2633430951180378,0.020311223275312228
2287,213.41652627179292,37,1,0,0,1.4310832495816388,0.020290912052036914
2288,107.64426398973448,7,1,0,0,1.4453567629157449,0.020270621139984877
2289,145.07939135599867,15,1,0,0,1.332483769892294,0.020250350518844894
2290,189.818754328054,26,1,0,0,1.4968387607019884,0.02023010016832605
2291,168.36576313839623,24,1,0,0,1.4637931387758736,0.02020987006815772
2292,221.71650577098885,39,1,0,0,1.3649102273324287,0.020189660198089564
2293,131.84942670656372,20,1,0,0,1.4248141948561872,0.020169470537891476
2294,119.36966364326375,6,1,0,0,1.319587703099832,0.020149301067353582
2295,159.931371237897,22,1,0,0,1.305285833911387,0.020129151766286227
2296,191.7157468622902,38,1,0,0,1.4125136519044048,0.020109022614519943
2297,136.01131291208048,12,1,0,0,1.4983771178747263,0.020088913591905424
2298,197.5876602733862,24,1,0,0,1.3368522141333319,0.020068824678313515
2299,133.76615145959542,15,1,0,0,1.3246430448930795,0.020048755853635206
2300,237.5498096526033,46,1,0,0,1.1705889039011337,0.020028707097781567
2301,131.0274629156806,11,1,0,0,1.31592215525687,0.02000867839068379
2302,151.64336781146824,16,1,0,0,1.3234491505434627,0.019988669712293104
2303,172.0913729340768,19,1,0,0,1.322456141762592,0.019968681042580812
2304,3.482971796596119,200,0,0,1,2.3684760984906634,0.01994871236153823
2305,157.2760099407114,23,1,0,0,1.430351082960849,0.01992876364917669
2306,202.9306815161181,42,1,0,0,1.4868669454958074,0.019908834885527513
2307,148.39347243342058,17,1,0,0,1.3868246252060423,0.01988892605064199
2308,160.13545102474626,16,1,0,0,1.2860671867797027,0.019869037124591343
2309,213.18698019926734,36,1,0,0,1.480871581169665,0.019849168087466756
2310,159.85871631860851,14,1,0,0,1.3435713363973294,0.019829318919379287
2311,201.84864416967702,31,1,0,0,1.275106437045119,0.019809489600459907
2312,182.25984699056647,23,1,0,0,1.1004142209518768,0.01978968011085945
2313,227.22405989078828,41,1,0,0,1.336685873329079,0.019769890430748588
2314,227.37480611887563,44,1,0,0,1.4958266400873803,0.019750120540317842
2315,148.72152656383412,23,1,0,0,1.1492768274233,0.019730370419777522
2316,133.8212314954879,36,1,0,0,1.4879676132001125,0.019710640049357745
2317,167.16945589704616,40,1,0,0,1.467681774969677,0.01969092940930839
2318,133.11130298589208,18,1,0,0,1.470246920861066,0.01967123847989908
2319,142.88551864409078,14,1,0,0,1.188800017793061,0.019651567241419178
2320,129.06716743275743,15,1,0,0,1.4709190116199768,0.01963191567417776
2321,197.46868666179955,30,1,0,0,1.2973118166871693,0.019612283758503584
2322,179.9727621723075,28,1,0,0,1.289117660342243,0.01959267147474508
2323,177.558022214176,19,1,0,0,1.3990722429512348,0.019573078803270333
2324,167.92042464539338,24,1,0,0,1.3174102332597097,0.019553505724467065
2325,124.70583254457024,9,1,0,0,1.4040281516535509,0.019533952218742597
2326,138.0542819229678,12,1,0,0,1.2189972732301113,0.019514418266523854
2327,168.05567140703994,19,1,0,0,1.2831257918294985,0.01949490384825733
2328,147.60891860720804,14,1,0,0,1.3920184110036082,0.01947540894440907
2329,194.97355561869853,33,1,0,0,1.4506372886828585,0.019455933535464664
2330,170.05919604277,48,1,0,0,1.2947889980434282,0.019436477601929198
2331,128.0934025130168,12,1,0,0,1.4996601520381132,0.019417041124327267
2332,178.7010619651386,22,1,0,0,1.218227628489809,0.019397624083202943
2333,149.57002201772627,19,1,0,0,1.49126854450521,0.01937822645911974
2334,154.09239311292612,20,1,0,0,1.338929189747563,0.01935884823266062
2335,148.8337752471442,31,1,0,0,1.302223134289186,0.01933948938442796
2336,137.75823828268062,14,1,0,0,1.4339366888776912,0.01932014989504353
2337,161.71762294838314,17,1,0,0,1.3090152007070757,0.019300829745148487
2338,191.6077124795674,24,1,0,0,1.4328601565921995,0.01928152891540334
2339,117.27228482422133,141,1,0,0,1.2921698618935138,0.019262247386487935
2340,174.66128269698828,20,1,0,0,1.1052012718705844,0.019242985139101446
2341,186.5861117844637,23,1,0,0,1.4162961240823624,0.019223742153962345
2342,162.14513037184207,21,1,0,0,1.2606829307311758,0.019204518411808383
2343,188.51511715313154,29,1,0,0,1.4152903642443926,0.019185313893396574
2344,159.58351591226236,24,1,0,0,1.284757673788774,0.01916612857950318
2345,176.45354849758564,24,1,0,0,1.310088866541616,0.019146962450923677
2346,183.01854258346572,54,1,0,0,1.4806469356053542,0.01912781548847275
2347,233.84648708395372,46,1,0,0,1.4419338095773129,0.01910868767298428
2348,174.88465891601595,23,1,0,0,1.4080933925887227,0.019089578985311294
2349,157.15021397020485,19,1,0,0,1.4525936411429816,0.019070489406325983
2350,195.15798645407472,27,1,0,0,1.3388779373196804,0.019051418916919655
2351,158.66976541008876,21,1,0,0,1.3788242242891338,0.019032367498002738
2352,178.3535316155353,24,1,0,0,1.4341556096333155,0.019013335130504735
2353,20.769867677582436,200,0,0,1,4.808307569736757,0.01899432179537423
2354,129.44710541744803,53,1,0,0,1.4904056714471021,0.018975327473578857
2355,-50.0,1,0,1,0,2.111054543072,0.018956352146105276
2356,196.01130387773873,28,1,0,0,1.2472351417325993,0.018937395793959172
2357,115.02327963978969,7,1,0,0,1.3053808929496187,0.01891845839816521
2358,139.99618512104098,14,1,0,0,1.3951534721859102,0.01889953993976705
2359,125.99558456616268,82,1,0,0,1.4784720046254374,0.01888064039982728
2360,205.93931309689023,38,1,0,0,1.481748809393129,0.018861759759427454
2361,150.83287672149038,15,1,0,0,1.3772786222299709,0.018842897999668026
2362,215.80097855724696,41,1,0,0,1.4038086434600998,0.018824055101668357
2363,207.26937108749223,47,1,0,0,1.4589750967788264,0.018805231046566687
2364,180.88453913734702,24,1,0,0,1.4718804768173848,0.018786425815520123
2365,245.94454268296317,47,1,0,0,1.3719475391362668,0.018767639389704605
2366,188.51965389410316,23,1,0,0,1.2973744837993089,0.018748871750314897
2367,206.85946203880266,35,1,0,0,1.4476030392194839,0.01873012287856458
2368,172.51670278375212,17,1,0,0,1.3520486056904468,0.018711392755686018
2369,167.69914994160058,23,1,0,0,1.4486523483007254,0.01869268136293033
2370,-9.341119059429442,200,0,0,1,2.854877053454727,0.0186739886815674
2371,158.14289110703385,23,1,0,0,1.4740702207624865,0.018655314692885835
2372,214.2571921570426,38,1,0,0,1.3704098460371272,0.018636659378192946
2373,190.36198087800256,25,1,0,0,1.1310023568339382,0.018618022718814752
2374,223.29197701013288,44,1,0,0,1.339640027321237,0.01859940469609594
2375,178.48298526794673,24,1,0,0,1.4402735686523707,0.018580805291399844
2376,192.1425275891692,24,1,0,0,1.3277873736769368,0.018562224486108444
2377,-50.0,1,0,1,0,6.519945460997479,0.018543662261622334
2378,154.59111483491552,22,1,0,0,1.4006659770062948,0.018525118599360714
2379,155.23537059475183,17,1,0,0,1.343412853707615,0.018506593480761353
2380,183.74909678676414,23,1,0,0,1.26620941778751,0.018488086887280594
2381,186.61619382927728,21,1,0,0,1.2986748429154695,0.01846959880039331
2382,202.46168633415272,148,1,0,0,1.4641417474205949,0.018451129201592916
2383,118.48254565774677,9,1,0,0,1.4009362481801975,0.018432678072391323
2384,201.47832299460106,29,1,0,0,1.3772591518817465,0.01841424539431893
2385,175.44349471873102,24,1,0,0,1.2812974031489683,0.018395831148924614
2386,150.86290748185814,13,1,0,0,1.2893820666772615,0.01837743531777569
2387,196.08855521356566,29,1,0,0,1.3261779002382874,0.018359057882457914
2388,208.59303787897016,29,1,0,0,1.4857531275965699,0.018340698824575456
2389,151.54092205995383,20,1,0,0,1.3179495971354005,0.01832235812575088
2390,203.16801038400493,32,1,0,0,1.3104612261659012,0.01830403576762513
2391,146.9771238874336,15,1,0,0,1.266965448247027,0.018285731731857505
2392,164.27693209411342,22,1,0,0,1.4356397036479138,0.018267446000125646
2393,243.9042587799911,40,1,0,0,1.2757332160062587,0.01824917855412552
2394,188.02494910915948,22,1,0,0,1.4246433718893703,0.018230929375571397
2395,166.70457517749367,23,1,0,0,1.4182741119139606,0.018212698446195826
2396,-50.0,1,0,1,0,5.575949540846167,0.01819448574774963
2397,206.27598761392005,25,1,0,0,1.2672248846254985,0.01817629126200188
2398,167.23364421149603,22,1,0,0,1.379669967802605,0.018158114970739877
2399,199.25965999647678,123,1,0,0,1.4986775839305218,0.01813995685576914
2400,160.58103846320543,19,1,0,0,1.32114953687342,0.01812181689891337
2401,137.8938390189099,15,1,0,0,1.263159958303613,0.018103695082014454
2402,190.56955958158835,38,1,0,0,1.495108499759305,0.01808559138693244
2403,174.2229621916046,24,1,0,0,1.3952234586783536,0.01806750579554551
2404,195.69934040319276,27,1,0,0,1.4779484983301132,0.01804943828974996
2405,260.1929559903812,116,1,0,0,1.4994916540436916,0.018031388851460214
2406,154.811423839555,23,1,0,0,1.4708095683824274,0.01801335746260875
2407,170.40552065106144,24,1,0,0,1.4473601640710296,0.01799534410514614
2408,189.28241859627497,28,1,0,0,1.372495848851831,0.017977348761040995
2409,142.5835841686954,13,1,0,0,1.4400957804663599,0.01795937141227996
2410,196.37382900431032,25,1,0,0,1.4444845124443053,0.017941412040867674
2411,208.6314726868003,38,1,0,0,1.3257920550634978,0.017923470628826807
2412,179.0408224226043,25,1,0,0,1.3454372853286405,0.017905547158197983
2413,197.37655253181973,29,1,0,0,1.427943669210917,0.017887641611039784
2414,129.72964838691706,17,1,0,0,1.4786565782477465,0.017869753969428744
2415,127.73839778786264,17,1,0,0,1.4911155876150117,0.017851884215459315
2416,164.13288875501448,19,1,0,0,1.399551436576904,0.017834032331243855
2417,189.26276208173678,21,1,0,0,1.4866909073214902,0.017816198298912612
2418,158.36853277111848,23,1,0,0,1.4067743647350937,0.0177983821006137
2419,146.01832551732446,18,1,0,0,1.3365776269331073,0.017780583718513085
2420,175.42688572270546,18,1,0,0,1.1399418721023291,0.017762803134794572
2421,145.70359312785973,17,1,0,0,1.4909699671815886,0.01774504033165978
2422,151.03513366258335,15,1,0,0,1.4241524010288733,0.01772729529132812
2423,191.84490336619774,23,1,0,0,1.3084339652154957,0.01770956799603679
2424,177.57819440766806,22,1,0,0,1.3920823416333128,0.017691858428040753
2425,129.4872373866281,12,1,0,0,1.3702595587403748,0.017674166569612713
2426,249.34839844104485,50,1,0,0,1.2526087346029757,0.017656492403043098
2427,-50.0,1,0,1,0,4.717320243788351,0.017638835910640055
2428,169.69911817237798,16,1,0,0,1.4350959808374435,0.01762119707472942
2429,141.01707719122933,17,1,0,0,1.3379059368717499,0.01760357587765469
2430,191.4970326280268,25,1,0,0,1.1352028487208623,0.017585972301777032
2431,181.4085434148201,28,1,0,0,1.2285112175455997,0.017568386329475254
2432,124.85259157544846,11,1,0,0,1.3457954524566291,0.01755081794314578
2433,142.84062621208977,12,1,0,0,1.333663918972353,0.017533267125202635
2434,132.28278036709423,14,1,0,0,1.3047203678476471,0.01751573385807743
2435,187.46774938317685,28,1,0,0,1.4503460130550416,0.017498218124219353
2436,166.9134411080825,25,1,0,0,1.2993649917072143,0.01748071990609513
2437,222.16545383324427,50,1,0,0,1.4551681487043493,0.01746323918618904
2438,138.0080287189436,15,1,0,0,1.457071146588132,0.01744577594700285
2439,129.09512165611736,9,1,0,0,1.2151310906537867,0.01742833017105585
2440,233.3528091875356,43,1,0,0,1.2394478721254238,0.017410901840884792
2441,222.6661093828941,36,1,0,0,1.2627301667626682,0.017393490939043906
2442,158.86258124208217,27,1,0,0,1.354623491701935,0.017376097448104862
2443,184.454152814359,23,1,0,0,1.332771744481757,0.017358721350656758
2444,157.17220709922242,20,1,0,0,1.4440467666017947,0.017341362629306103
2445,271.87773945991313,56,1,0,0,1.368794706439511,0.017324021266676797
2446,200.01012687380688,28,1,0,0,1.4155492860058374,0.01730669724541012
2447,150.70476605899913,19,1,0,0,1.2780428945125721,0.017289390548164706
2448,178.64193721933873,21,1,0,0,1.2680065870360262,0.017272101157616543
2449,176.9285600711188,21,1,0,0,1.2591788791936072,0.017254829056458927
2450,147.71015299140174,20,1,0,0,1.1452614040980602,0.017237574227402467
2451,155.12728298075564,31,1,0,0,1.491411774963234,0.017220336653175065
2452,186.39125869029516,26,1,0,0,1.2897857495417069,0.017203116316521893
2453,194.77712068662834,25,1,0,0,1.3228456322478463,0.01718591320020537
2454,225.27259255707747,38,1,0,0,1.2726305116938328,0.01716872728700516
2455,140.4981504673202,13,1,0,0,1.4645545337463173,0.017151558559718158
2456,182.46225166088755,23,1,0,0,1.2713999308974202,0.01713440700115844
2457,187.86359784125392,29,1,0,0,1.276906572338663,0.017117272594157282
2458,185.13319235753858,22,1,0,0,1.3501553712909875,0.017100155321563126
2459,195.25862925578565,26,1,0,0,1.4673262323827088,0.01708305516624156
2460,163.87706657856086,24,1,0,0,1.4145510649812791,0.01706597211107532
2461,112.0848749493772,7,1,0,0,1.2683004480046478,0.017048906138964242
2462,199.11588277965672,27,1,0,0,1.4039211234244897,0.01703185723282528
2463,213.55330689365258,35,1,0,0,1.2378037408452744,0.017014825375592454
2464,147.40146681592597,25,1,0,0,1.1966483674123591,0.01699781055021686
2465,250.80987734877237,43,1,0,0,1.2393445412067365,0.016980812739666645
2466,166.81273285446971,30,1,0,0,1.4996825193523986,0.01696383192692698
2467,159.31265071884698,22,1,0,0,1.3913174622489626,0.01694686809500005
2468,164.34801628121065,17,1,0,0,1.208885592635369,0.01692992122690505
2469,218.59441592934607,30,1,0,0,1.254348044462831,0.016912991305678148
2470,142.1337553608566,15,1,0,0,1.4863631616869555,0.016896078314372467
2471,148.17676756705094,14,1,0,0,1.4854892841784464,0.016879182236058096
2472,116.27717024797987,22,1,0,0,1.4448012909371812,0.016862303053822036
2473,160.48110486880836,23,1,0,0,1.4759338500335024,0.016845440750768215
2474,193.98957872094633,25,1,0,0,1.4642741146044738,0.016828595310017447
2475,225.1556527831803,43,1,0,0,1.3048599278994228,0.01681176671470743
2476,153.5853345693616,35,1,0,0,1.4062493216673178,0.016794954947992723
2477,198.18174984614768,25,1,0,0,1.3213153760714462,0.016778159993044727
2478,138.94956346916712,13,1,0,0,1.4810951945483577,0.016761381833051685
2479,168.45284924206206,18,1,0,0,1.3283999606709394,0.016744620451218634
2480,94.9172950423259,35,1,0,0,1.4138819263437687,0.016727875830767413
2481,175.10604335939325,25,1,0,0,1.0743237016058178,0.01671114795493665
2482,211.22605592531784,35,1,0,0,1.3143752193521403,0.01669443680698171
2483,193.51096004410635,25,1,0,0,1.3946427153999612,0.01667774237017473
2484,138.79898057257174,25,1,0,0,1.4807228828127192,0.016661064627804555
2485,152.78309604616368,20,1,0,0,1.3699121972769315,0.01664440356317675
2486,212.98301048478567,38,1,0,0,1.3650564843562147,0.016627759159613575
2487,185.6445563154932,28,1,0,0,1.3581224426328533,0.01661113140045396
2488,159.86152503849502,21,1,0,0,1.4682976421804734,0.016594520269053503
2489,198.9367159214952,30,1,0,0,1.1166180910948413,0.01657792574878445
2490,162.06305154524537,17,1,0,0,1.3681921734717142,0.016561347823035668
2491,201.32417483477076,29,1,0,0,1.4816034327933105,0.016544786475212632
2492,108.6755035919788,3,1,0,0,1.460077591244525,0.01652824168873742
2493,170.8171440251449,18,1,0,0,1.2384117033028446,0.016511713447048684
2494,228.8322214683519,41,1,0,0,1.415872281753201,0.016495201733601635
2495,167.58272501272134,20,1,0,0,1.475486957620074,0.01647870653186803
2496,210.91488794126732,148,1,0,0,1.4849950511048826,0.016462227825336163
2497,254.09908012993634,51,1,0,0,1.2144131988816245,0.016445765597510827
2498,176.93491831282907,22,1,0,0,1.4096434030057114,0.016429319831913314
2499,189.50024256290288,26,1,0,0,1.254254399085057,0.0164128905120814
2500,171.7720722718912,18,1,0,0,1.1379112593820109,0.01639647762156932
2501,169.00934035350372,25,1,0,0,1.493771972233612,0.01638008114394775
2502,177.2173918348225,29,1,0,0,1.3869089037729856,0.016363701062803805
2503,173.12623519582297,21,1,0,0,1.2950517486651871,0.016347337361740998
2504,163.9562871415795,24,1,0,0,1.363286540499096,0.01633099002437926
2505,169.6713175192267,32,1,0,0,1.3531194590718105,0.01631465903435488
2506,170.89966854545406,53,1,0,0,1.1353033547953844,0.016298344375320527
2507,152.1760099816447,18,1,0,0,1.2834278821408527,0.016282046030945206
2508,176.14134055334472,28,1,0,0,1.3217871351893375,0.01626576398491426
2509,161.52140512360816,41,1,0,0,1.3383265809017673,0.016249498220929345
2510,217.30021057187543,48,1,0,0,1.496987354703159,0.016233248722708416
2511,186.3692272920352,25,1,0,0,1.4667707090131137,0.01621701547398571
2512,163.86914257691942,19,1,0,0,1.4449867378968937,0.01620079845851172
2513,155.92688540358287,18,1,0,0,1.2616125419237247,0.016184597660053212
2514,232.68132685492947,39,1,0,0,1.407439447461074,0.016168413062393156
2515,190.6098972785237,32,1,0,0,1.4996644807513064,0.016152244649330762
2516,172.42056064575291,23,1,0,0,1.4316715164426002,0.016136092404681432
2517,146.19290752453676,18,1,0,0,1.399235611533379,0.01611995631227675
2518,157.2919498217171,17,1,0,0,1.4591610461682538,0.016103836355964473
2519,173.74151607731423,19,1,0,0,1.225111962732182,0.01608773251960851
2520,192.2273360509331,51,1,0,0,1.498455209424344,0.0160716447870889
2521,190.06108820096108,26,1,0,0,1.4430091398839622,0.016055573142301813
2522,167.77820195015966,24,1,0,0,1.4548074480417852,0.01603951756915951
2523,208.31696407824745,32,1,0,0,1.2937534668769421,0.01602347805159035
2524,129.32745405266192,9,1,0,0,1.3115726218110575,0.01600745457353876
2525,175.82199552845947,26,1,0,0,1.3656793944128633,0.015991447118965222
2526,125.49832491836187,16,1,0,0,1.3982399523647133,0.015975455671846255
2527,165.72555478100355,19,1,0,0,1.3222679767626913,0.01595948021617441
2528,169.83007185018857,27,1,0,0,1.4615979953951899,0.015943520735958238
2529,222.35575758514798,39,1,0,0,1.4100018766739977,0.01592757721522228
2530,199.4908906832216,28,1,0,0,1.349294365802782,0.015911649638007057
2531,109.45690177138941,4,1,0,0,1.3955511176992883,0.015895737988369046
2532,176.54760396648456,25,1,0,0,1.3068586758291652,0.01587984225038068
2533,205.01938659576425,32,1,0,0,1.2239178795676524,0.0158639624081303
2534,98.77801147672169,200,0,0,1,2.322609472847608,0.01584809844572217
2535,164.68514209230477,24,1,0,0,1.309831582192145,0.015832250347276446
2536,151.4021846446097,19,1,0,0,1.2344882999135391,0.01581641809692917
2537,141.3904504858779,16,1,0,0,1.307875254040862,0.01580060167883224
2538,186.97473677010436,23,1,0,0,1.340530096295272,0.015784801077153406
2539,166.70945342837962,22,1,0,0,1.2361429948160798,0.015769016276076252
2540,173.95657967275315,38,1,0,0,1.4705952854760185,0.015753247259800176
2541,206.34545585969036,38,1,0,0,1.2908367402276897,0.01573749401254038
2542,140.37124228137245,30,1,0,0,1.4476750787364765,0.01572175651852784
2543,158.1965894729073,18,1,0,0,1.2689491621125846,0.01570603476200931
2544,186.95755695436722,55,1,0,0,1.4824174636596772,0.0156903287272473
2545,166.62444619129752,20,1,0,0,1.2622658399369737,0.01567463839852005
2546,170.37040455640948,33,1,0,0,1.365865149742111,0.015658963760121533
2547,148.9553176205294,16,1,0,0,1.490494837054604,0.015643304796361415
2548,146.02637132611304,22,1,0,0,1.4133162410854632,0.01562766149156505
2549,192.83424896348393,29,1,0,0,1.3795136706063031,0.015612033830073486
2550,204.90626513222435,29,1,0,0,1.3802270202421674,0.015596421796243412
2551,170.3290770548557,19,1,0,0,1.2326144028097579,0.015580825374447169
2552,168.01501899085494,21,1,0,0,1.0916241858236777,0.015565244549072722
2553,175.93597416687584,20,1,0,0,1.2949852044510988,0.015549679304523648
2554,163.4802177566066,22,1,0,0,1.4247784456174324,0.015534129625219124
2555,206.77853778514478,34,1,0,0,1.4583418170853801,0.015518595495593904
2556,148.67976996387563,14,1,0,0,1.17743016447148,0.015503076900098313
2557,154.1479609150149,18,1,0,0,1.2416692748043192,0.015487573823198215
2558,209.68144124966705,30,1,0,0,1.3906811436226005,0.015472086249375015
2559,260.4527834435164,53,1,0,0,1.3984435081692916,0.01545661416312564
2560,199.13362923215607,27,1,0,0,1.433363152787218,0.015441157548962515
2561,182.40219852822702,21,1,0,0,1.335363649834675,0.015425716391413553
2562,185.80562758345246,28,1,0,0,1.3270982228388954,0.015410290675022137
2563,195.04113137959843,36,1,0,0,1.4238374949509798,0.015394880384347116
2564,124.93665726416191,47,1,0,0,1.4417067887277801,0.01537948550396277
2565,122.25256920001341,9,1,0,0,1.4628652449537478,0.015364106018458806
2566,182.44933833362398,24,1,0,0,1.3115941876872625,0.015348741912440348
2567,78.71878615727545,200,0,0,1,2.0762780974109853,0.015333393170527907
2568,192.6248257059553,33,1,0,0,1.4342734231464713,0.01531805977735738
2569,111.4085029974782,6,1,0,0,1.367611744475854,0.015302741717580021
2570,169.76802761737434,21,1,0,0,1.2530301460675306,0.015287438975862442
2571,173.9127611719418,26,1,0,0,1.2896441134001566,0.015272151536886582
2572,120.39238468692538,9,1,0,0,1.3847275535585128,0.015256879385349692
2573,144.37789896556546,18,1,0,0,1.4012231978704228,0.015241622505964343
2574,141.65551251245336,15,1,0,0,1.4628970125339704,0.01522638088345838
2575,212.1872165106033,30,1,0,0,1.3393726259134373,0.01521115450257492
2576,150.61024789867128,28,1,0,0,1.3673787428362292,0.015195943348072345
2577,175.96203232228552,57,1,0,0,1.2096866751876674,0.015180747404724275
2578,127.41367977608789,9,1,0,0,1.3605406675877738,0.01516556665731955
2579,161.06480450642047,18,1,0,0,1.4602969438715383,0.015150401090662229
2580,203.75274449691364,61,1,0,0,1.4927823464514873,0.015135250689571568
2581,171.80674387785393,19,1,0,0,1.234651011380132,0.015120115438881997
2582,169.56326104190848,20,1,0,0,1.497282665202672,0.015104995323443114
2583,134.53194279135764,15,1,0,0,1.3125271932369664,0.015089890328119672
2584,228.23930646084818,49,1,0,0,1.387410577699609,0.01507480043779155
2585,-50.0,1,0,1,0,6.698091375247631,0.015059725637353758
2586,123.10700076645361,12,1,0,0,1.3880448806679169,0.015044665911716404
2587,163.18211885896352,21,1,0,0,1.208558702434202,0.015029621245804689
2588,181.77665246391456,23,1,0,0,1.2421127840370403,0.015014591624558885
2589,196.97296243557804,37,1,0,0,1.426604446492315,0.014999577032934325
2590,173.29334638625977,19,1,0,0,1.307067021203857,0.014984577455901392
2591,200.49216310159971,24,1,0,0,1.246278645779234,0.01496959287844549
2592,154.52088877866927,21,1,0,0,1.1314732662108629,0.014954623285567042
2593,174.04163904654774,23,1,0,0,1.4499881333123321,0.014939668662281478
2594,153.49940340999427,21,1,0,0,1.318435529980642,0.014924728993619194
2595,107.9206458782942,3,1,0,0,1.2426455544177197,0.014909804264625577
2596,124.69321803047741,66,1,0,0,1.4912871942482342,0.01489489446036095
2597,167.5049743508797,24,1,0,0,1.4657433195002092,0.01487999956590059
2598,159.27572997441382,21,1,0,0,1.153833600705227,0.01486511956633469
2599,240.49626747365164,43,1,0,0,1.327121948129344,0.014850254446768355
2600,143.877637872395,14,1,0,0,1.3915205626796068,0.014835404192321586
2601,152.77169029210552,28,1,0,0,1.4957352020874843,0.014820568788129262
2602,100.0,1,1,0,0,0.4042090218630287,0.014805748219341134
2603,161.47482625441836,19,1,0,0,1.3437661011554902,0.014790942471121794
2604,164.52662595751093,18,1,0,0,1.1130954968424376,0.014776151528650673
2605,135.9635897334722,17,1,0,0,1.3115249527656054,0.014761375377122021
2606,189.77476149651227,27,1,0,0,1.4705054397715358,0.0147466140017449
2607,195.45854901865346,26,1,0,0,1.3938373550280376,0.014731867387743153
2608,176.88468203616765,24,1,0,0,1.4951194394477014,0.01471713552035541
2609,182.4953691183677,29,1,0,0,1.25528318269659,0.014702418384835056
2610,173.73204453301645,25,1,0,0,1.4736847862899587,0.014687715966450222
2611,256.88831116068616,54,1,0,0,1.255666838657802,0.01467302825048377
2612,155.68423107299733,13,1,0,0,1.4800382123197617,0.014658355222233285
2613,157.96003351346693,29,1,0,0,1.4892095452283467,0.014643696867011053
2614,148.15288693660142,13,1,0,0,1.2741641552419172,0.01462905317014404
2615,88.50637060151948,200,0,0,1,2.119674558162409,0.014614424116973898
2616,202.74493244448416,36,1,0,0,1.3608098173459953,0.014599809692856925
2617,130.77323295356572,11,1,0,0,1.3899080931795014,0.014585209883164066
2618,267.8107634939237,82,1,0,0,1.499312928279942,0.014570624673280902
2619,199.55510679498877,27,1,0,0,1.2206473471615833,0.014556054048607624
2620,146.27786334301445,17,1,0,0,1.441181605760787,0.014541497994559014
2621,160.2826958533996,29,1,0,0,1.1569835424806427,0.014526956496564457
2622,161.26356166547723,22,1,0,0,1.4491057339445412,0.014512429540067893
2623,112.38028882145191,5,1,0,0,1.4342205725647206,0.014497917110527822
2624,188.502792355543,24,1,0,0,1.4920541449330258,0.014483419193417297
2625,183.84068480097943,22,1,0,0,1.4114882820906212,0.01446893577422388
2626,148.75593658302952,18,1,0,0,1.3163322504169404,0.014454466838449654
2627,127.33491865471542,8,1,0,0,1.4593470723987692,0.014440012371611206
2628,168.43994092357937,23,1,0,0,1.3345856452627722,0.014425572359239594
2629,159.56185442385333,21,1,0,0,1.4355993840331382,0.014411146786880352
2630,284.0014600842813,68,1,0,0,1.4916062403015304,0.014396735640093472
2631,178.5637767905293,17,1,0,0,1.1409689053287877,0.01438233890445338
2632,149.40845106605934,45,1,0,0,1.2323060108506976,0.014367956565548927
2633,190.3201493727329,23,1,0,0,1.306264433951868,0.014353588608983378
2634,189.86902060309785,32,1,0,0,1.4652013705587505,0.014339235020374395
2635,183.01920695202114,22,1,0,0,1.4569852188201604,0.01432489578535402
2636,191.13755181905987,28,1,0,0,1.4491206676772241,0.014310570889568667
2637,166.0410828483657,35,1,0,0,1.298806520360732,0.014296260318679097
2638,128.9458526541085,15,1,0,0,1.463966858666203,0.014281964058360417
2639,151.320120159137,20,1,0,0,1.4099758786055265,0.014267682094302056
2640,124.0020445094625,11,1,0,0,1.3837957589383494,0.014253414412207755
2641,133.21573027627295,14,1,0,0,1.4059045422637966,0.014239160997795548
2642,148.0595833253346,23,1,0,0,1.2659494237134121,0.014224921836797752
2643,131.5091224818726,33,1,0,0,1.482445744467121,0.014210696914960956
2644,164.0134699947613,23,1,0,0,1.38410139264132,0.014196486218045992
2645,214.8260357699814,43,1,0,0,1.4948992560249197,0.014182289731827946
2646,199.5607531767398,28,1,0,0,1.3440068721030647,0.014168107442096121
2647,174.5736864622719,26,1,0,0,1.3546604650776917,0.014153939334654024
2648,164.631829664631,23,1,0,0,1.47637165023016,0.01413978539531937
2649,184.2537289234161,20,1,0,0,1.476611834462884,0.014125645609924051
2650,178.7408665526886,43,1,0,0,1.4709737061551091,0.014111519964314126
2651,188.468517452083,57,1,0,0,1.4723228126931067,0.014097408444349813
2652,151.85042685711238,17,1,0,0,1.4384213259597691,0.01408331103590546
2653,119.05814468343802,17,1,0,0,1.4542335342203445,0.014069227724869557
2654,176.07569212682216,21,1,0,0,1.257664347066512,0.014055158497144688
2655,177.4607778645215,20,1,0,0,1.3901534594066383,0.014041103338647543
2656,106.47415825893607,3,1,0,0,1.2332521669268885,0.014027062235308894
2657,205.2330694580479,23,1,0,0,1.234766366660803,0.014013035173073585
2658,121.81222428524855,7,1,0,0,1.4993277361656703,0.01399902213790051
2659,183.02276020256926,22,1,0,0,1.2223165204804203,0.01398502311576261
2660,200.80943392899422,27,1,0,0,1.4272517709535164,0.013971038092646848
2661,128.46778890706594,7,1,0,0,1.3700559877578464,0.013957067054554202
2662,168.70115286492563,18,1,0,0,1.4084831044486406,0.013943109987499647
2663,167.26678962364235,22,1,0,0,1.3673713860245398,0.013929166877512148
2664,177.68198303688104,35,1,0,0,1.498654884050824,0.013915237710634638
2665,171.25882086183924,27,1,0,0,1.4415888619331894,0.013901322472924003
2666,188.57030711465143,24,1,0,0,1.4399800694217086,0.013887421150451077
2667,195.42304194883505,30,1,0,0,1.3304573427685853,0.013873533729300627
2668,197.02227079170206,23,1,0,0,1.3673884913356962,0.013859660195571326
2669,102.7280657828252,19,1,0,0,1.4067860074265992,0.013845800535375756
2670,184.46210011899427,22,1,0,0,1.4569098652548835,0.01383195473484038
2671,159.31517709305194,21,1,0,0,1.140716058177889,0.013818122780105538
2672,162.96692431851662,21,1,0,0,1.4527018994997964,0.013804304657325434
2673,197.99651455666174,24,1,0,0,1.4128592773187987,0.013790500352668107
2674,167.20186653847128,27,1,0,0,1.3914544254610097,0.013776709852315439
2675,182.62704290502438,28,1,0,0,1.400607998528559,0.013762933142463124
2676,136.12781322613037,13,1,0,0,1.486508105116124,0.013749170209320661
2677,159.014353447463,22,1,0,0,1.4031692310826709,0.01373542103911134
2678,163.30668678834772,78,1,0,0,1.493280042051907,0.013721685618072228
2679,261.73394852257655,56,1,0,0,1.3356762866243543,0.013707963932454157
2680,159.10993045203867,16,1,0,0,1.3424723874624138,0.013694255968521703
2681,202.8496308286899,31,1,0,0,1.4579948272002685,0.01368056171255318
2682,166.06861882435624,23,1,0,0,1.4551188134941935,0.013666881150840627
2683,165.89248383163326,29,1,0,0,1.3309452246689857,0.013653214269689788
2684,175.02453895342666,21,1,0,0,1.1158266315504308,0.013639561055420097
2685,135.53598213595484,13,1,0,0,1.4627342683963431,0.013625921494364677
2686,168.89677737131163,19,1,0,0,1.34685139670215,0.013612295572870312
2687,210.7094403162947,31,1,0,0,1.380902211251641,0.013598683277297442
2688,198.79588224294773,32,1,0,0,1.435795315624147,0.013585084594020145
2689,198.7784557003123,26,1,0,0,1.470678366430574,0.013571499509426125
2690,165.29386004617237,20,1,0,0,1.4726975501202149,0.013557928009916698
2691,129.14775844919865,16,1,0,0,1.3374278643541908,0.013544370081906782
2692,199.24905144054628,32,1,0,0,1.375754601169841,0.013530825711824873
2693,191.68990298296256,24,1,0,0,1.4086460268234904,0.01351729488611305
2694,201.3143422295393,31,1,0,0,1.4020818302641374,0.013503777591226937
2695,206.58334526182443,35,1,0,0,1.3416436450449725,0.01349027381363571
2696,164.47968152109502,19,1,0,0,1.3350185048305545,0.013476783539822075
2697,173.49953588746823,22,1,0,0,1.3599937117148484,0.013463306756282252
2698,181.16826212858143,26,1,0,0,1.399786093491576,0.01344984344952597
2699,199.8928681185277,26,1,0,0,1.3724162902266788,0.013436393606076444
2700,133.46618594303519,13,1,0,0,1.2433269611129312,0.013422957212470367
2701,160.53189603757124,21,1,0,0,1.3909059637358507,0.013409534255257897
2702,183.6721771598281,31,1,0,0,1.4667791620619006,0.01339612472100264
2703,174.29577134476858,30,1,0,0,1.2866781009053552,0.013382728596281635
2704,67.20163243027824,200,0,0,1,1.5258030276226033,0.013369345867685354
2705,201.8605502296869,33,1,0,0,1.2409013588796958,0.013355976521817671
2706,194.67070537228403,27,1,0,0,1.2715969374129008,0.01334262054529585
2707,175.10120690406757,26,1,0,0,1.4367676831666767,0.013329277924750554
2708,188.17201042615582,26,1,0,0,1.3510875883979507,0.013315948646825804
2709,179.232607460729,19,1,0,0,1.2796149419851393,0.01330263269817898
2710,159.87288667589758,29,1,0,0,1.3015781270986326,0.013289330065480802
2711,152.3329310698021,36,1,0,0,1.4244076474368546,0.013276040735415318
2712,137.331295870061,94,1,0,0,1.3579699844150293,0.013262764694679905
2713,137.83236811436575,15,1,0,0,1.456254906341468,0.013249501929985225
2714,94.17487934372636,193,1,0,0,1.4746263108785913,0.013236252428055241
2715,157.8969621113831,24,1,0,0,1.4094209185008921,0.013223016175627184
2716,160.0041636934759,21,1,0,0,1.4187683702594707,0.013209793159451555
2717,155.43377861578924,14,1,0,0,1.344497084690432,0.013196583366292106
2718,225.61393375952065,38,1,0,0,1.4190463118174679,0.013183386782925813
2719,239.21494380659834,47,1,0,0,1.4611607536949216,0.013170203396142888
2720,245.97384912935516,51,1,0,0,1.4776711413882309,0.013157033192746746
2721,177.1863267716615,21,1,0,0,1.4056234407472894,0.013143876159553997
2722,185.86117401069114,19,1,0,0,1.2155064926755406,0.013130732283394442
2723,136.2193267374478,12,1,0,0,1.2513093345990922,0.01311760155111105
2724,199.94479654721232,31,1,0,0,1.4996090040836976,0.013104483949559938
2725,155.72146803973217,35,1,0,0,1.1179556312310162,0.013091379465610379
2726,151.2732760505079,21,1,0,0,1.3502270699646282,0.013078288086144769
2727,144.67365919743227,18,1,0,0,1.453980980511778,0.013065209798058622
2728,178.1818161778213,47,1,0,0,1.4922344776112548,0.013052144588260565
2729,-50.0,1,0,1,0,7.586222955766896,0.013039092443672304
2730,160.38033175991066,19,1,0,0,1.3729912132958542,0.013026053351228632
2731,184.64721386451433,27,1,0,0,1.4208513554588582,0.013013027297877403
2732,153.8241554822289,20,1,0,0,1.457991932230233,0.013000014270579525
2733,160.14289591437145,18,1,0,0,1.2705378800745366,0.012987014256308946
2734,184.40018327755763,28,1,0,0,1.4546714628248834,0.012974027242052636
2735,141.80388035771267,16,1,0,0,1.3674679013255255,0.012961053214810584
2736,173.34815842000398,21,1,0,0,1.280530727461319,0.012948092161595773
2737,173.18653267727217,110,1,0,0,1.3298346620781918,0.012935144069434176
2738,157.08613174257923,23,1,0,0,1.4476067492771016,0.012922208925364742
2739,150.1235721189115,16,1,0,0,1.48163620510145,0.012909286716439379
2740,198.43369017505995,29,1,0,0,1.4717068401170676,0.012896377429722938
2741,177.58517935141836,22,1,0,0,1.4691414810340377,0.012883481052293217
2742,136.58560528246858,13,1,0,0,1.4066830228247253,0.012870597571240922
2743,185.54893838634572,29,1,0,0,1.4921789497151432,0.012857726973669681
2744,111.21005204015484,6,1,0,0,1.2778347693079068,0.012844869246696013
2745,176.42259392434488,27,1,0,0,1.491211786757736,0.012832024377449317
2746,186.21344075317802,30,1,0,0,1.3715738828698432,0.012819192353071869
2747,204.69424726146823,32,1,0,0,1.3662021000685114,0.012806373160718795
2748,258.7884774867107,56,1,0,0,1.4058057405522233,0.012793566787558075
2749,100.0,1,1,0,0,1.4934102532126539,0.012780773220770517
2750,204.67170391288508,31,1,0,0,1.267032014655793,0.012767992447549748
2751,47.33220362920794,200,0,0,1,3.7585794469468787,0.0127552244551022
2752,158.71426549353626,19,1,0,0,1.3528021551255895,0.012742469230647098
2753,195.4150887208159,37,1,0,0,1.4782436406616226,0.01272972676141645
2754,148.74865062971355,17,1,0,0,1.2290331505564642,0.012716997034655031
2755,173.8079677797375,17,1,0,0,1.2433132137003848,0.012704280037620377
2756,168.42793521522202,23,1,0,0,1.3085496468954823,0.012691575757582757
2757,129.22225372675356,14,1,0,0,1.4789221160227493,0.012678884181825174
2758,160.04312989282477,20,1,0,0,1.3251476361329586,0.012666205297643349
2759,215.20365686969356,38,1,0,0,1.3463285334962005,0.012653539092345706
2760,197.9235623068589,39,1,0,0,1.4709548614006824,0.012640885553253359
2761,176.2836593647782,20,1,0,0,1.4018407137737412,0.012628244667700107
2762,165.6819780362577,17,1,0,0,1.415406466295196,0.012615616423032406
2763,150.91272709171724,24,1,0,0,1.2576417939869713,0.012603000806609374
2764,175.77749475931316,23,1,0,0,1.3002822541953558,0.012590397805802764
2765,154.3426277017685,19,1,0,0,1.4985770068704316,0.01257780740799696
2766,150.53284336238866,22,1,0,0,1.4982117681486533,0.012565229600588965
2767,179.8209074485256,23,1,0,0,1.464229572093619,0.012552664370988377
2768,203.6053770561062,25,1,0,0,1.4693007960562847,0.01254011170661739
2769,188.6163705812649,27,1,0,0,1.3704043335191416,0.01252757159491077
2770,256.7807419199613,43,1,0,0,1.3302341400081412,0.01251504402331586
2771,130.49403746961232,11,1,0,0,1.4733171335923663,0.012502528979292543
2772,54.911579008457224,200,0,0,1,2.0568471324562574,0.012490026450313252
2773,243.7818365631886,54,1,0,0,1.4365349155485643,0.012477536423862937
2774,211.96115474175326,37,1,0,0,1.3512697437844357,0.012465058887439075
2775,185.99275750993044,29,1,0,0,1.4415608685559715,0.012452593828551635
2776,161.9051592206198,21,1,0,0,1.499001967742898,0.012440141234723083
2777,169.48922848099815,21,1,0,0,1.4617664928394722,0.012427701093488362
2778,131.08886121171287,12,1,0,0,1.4576847606321226,0.012415273392394873
2779,251.16713936918586,49,1,0,0,1.4576216138678297,0.012402858119002477
2780,191.77705557912134,26,1,0,0,1.4915528048977837,0.012390455260883476
2781,155.36205397307504,21,1,0,0,1.3698898765747416,0.01237806480562259
2782,190.2137758091648,30,1,0,0,1.3078190733001807,0.01236568674081697
2783,181.30381075253587,22,1,0,0,1.4839108869674418,0.012353321054076152
2784,193.01372228725174,21,1,0,0,1.4171190684131847,0.012340967733022075
2785,209.39588176530884,24,1,0,0,1.0636825784674067,0.012328626765289055
2786,163.7427237790584,23,1,0,0,1.3068343107567537,0.012316298138523765
2787,176.11503474836198,31,1,0,0,1.4753183589205632,0.01230398184038524
2788,189.36995145832566,34,1,0,0,1.496573218568535,0.012291677858544856
2789,174.66742874623492,21,1,0,0,1.3675319693346712,0.012279386180686311
2790,198.97642465022705,27,1,0,0,1.2780021498622924,0.012267106794505624
2791,190.05682387218587,146,1,0,0,1.4930716812903138,0.012254839687711119
2792,148.82886174197077,19,1,0,0,1.387368881261953,0.012242584848023408
2793,170.128177864002,25,1,0,0,1.4799498242941027,0.012230342263175384
2794,178.87889975931307,34,1,0,0,1.1852657176836063,0.01221811192091221
2795,149.25359285134397,16,1,0,0,1.2935598929872345,0.012205893808991296
2796,178.96780432529556,22,1,0,0,1.2734428579910102,0.012193687915182307
2797,171.20705672129952,18,1,0,0,1.3749035252839332,0.012181494227267123
2798,156.38345586277322,21,1,0,0,1.4435392735079209,0.012169312733039856
2799,123.1854640198663,16,1,0,0,1.4947682221579952,0.012157143420306816
2800,183.79249388575852,21,1,0,0,1.3155029305944967,0.01214498627688651
2801,116.18038890451793,5,1,0,0,1.2780059559049146,0.012132841290609623
2802,137.9696929010496,62,1,0,0,1.3262196914032929,0.012120708449319013
2803,-50.0,1,0,1,0,3.6218011990745356,0.012108587740869694
2804,181.42593786339103,24,1,0,0,1.3872635167683198,0.012096479153128824
2805,169.72368275611421,22,1,0,0,1.3929371980209035,0.012084382673975696
2806,157.12183036401723,16,1,0,0,1.4202332092751153,0.012072298291301721
2807,155.65543909633413,17,1,0,0,1.4010044675348952,0.012060225993010418
2808,162.9178068951091,21,1,0,0,1.2114482450672723,0.012048165767017407
2809,178.0582455985953,29,1,0,0,1.3128110056351667,0.01203611760125039
2810,201.70193106588565,25,1,0,0,1.4785037539533612,0.01202408148364914
2811,153.69929976280588,19,1,0,0,1.3687292351280853,0.01201205740216549
2812,148.11917043306897,15,1,0,0,1.449125945565906,0.012000045344763325
2813,246.98021035278845,49,1,0,0,1.4711256073286716,0.011988045299418562
2814,198.05818992464629,34,1,0,0,1.4158743809351833,0.011976057254119142
2815,191.32035697397475,45,1,0,0,1.4949181102684737,0.011964081196865024
2816,160.37377313988662,23,1,0,0,1.254090049729914,0.011952117115668159
2817,179.91969020835185,22,1,0,0,1.4235292512797457,0.01194016499855249
2818,170.61516381682378,26,1,0,0,1.3878551470952138,0.011928224833553939
2819,154.75092165396205,17,1,0,0,1.2944373389741728,0.011916296608720385
2820,158.12015665872536,16,1,0,0,1.1584288317955744,0.011904380312111664
2821,174.42752866983625,23,1,0,0,1.4656003721800277,0.011892475931799554
2822,202.54388111346606,29,1,0,0,1.4463959369094068,0.011880583455867753
2823,232.94501652164544,43,1,0,0,1.3688045401284978,0.011868702872411886
2824,220.8508435456681,34,1,0,0,1.4279440860622825,0.011856834169539473
2825,156.85202778843976,18,1,0,0,1.3488525526712423,0.011844977335369933
2826,167.0544565864837,22,1,0,0,1.463782866510768,0.011833132358034563
2827,69.99156462997317,200,0,0,1,1.6703937557968935,0.01182129922567653
2828,208.40499732951776,35,1,0,0,1.4082020721838218,0.011809477926450852
2829,241.47356037930484,45,1,0,0,1.3919642158780525,0.011797668448524402
2830,164.09247548197806,16,1,0,0,1.2254347695061079,0.011785870780075878
2831,190.5217400794192,28,1,0,0,1.344088292523623,0.011774084909295802
2832,256.6976731471353,51,1,0,0,1.4918248448398088,0.011762310824386507
2833,166.61901708138237,21,1,0,0,1.4825558085940878,0.01175054851356212
2834,132.1539296656225,9,1,0,0,1.4914891189537443,0.011738797965048557
2835,190.23645824235672,21,1,0,0,1.4029217439511479,0.011727059167083508
2836,187.09168360451346,26,1,0,0,1.2289005764133922,0.011715332107916426
2837,174.91504920406172,26,1,0,0,1.4332019073193172,0.011703616775808508
2838,133.99004056655684,49,1,0,0,1.3840853887587066,0.0116919131590327
2839,127.71780285697893,11,1,0,0,1.432886737689161,0.011680221245873666
2840,150.9547422079127,21,1,0,0,1.4359551297684598,0.011668541024627794
2841,138.40820712102027,12,1,0,0,1.1922441087876752,0.011656872483603165
2842,240.35172689812637,46,1,0,0,1.485385378827157,0.011645215611119563
2843,168.67051846728327,24,1,0,0,1.4944149896525967,0.011633570395508443
2844,169.9144434255536,20,1,0,0,1.4826051796771271,0.011621936825112936
2845,207.7171943674704,28,1,0,0,1.3077534252887264,0.011610314888287822
2846,122.22312817970523,8,1,0,0,1.4819607232638645,0.011598704573399534
2847,213.51708514211813,171,1,0,0,1.4825774628918091,0.011587105868826135
2848,154.78318138320392,22,1,0,0,1.3684215428325985,0.011575518762957308
2849,162.92178247514053,20,1,0,0,1.4645168632611758,0.01156394324419435
2850,145.70713548397796,13,1,0,0,1.3116772580390403,0.011552379300950155
2851,149.81030342857537,22,1,0,0,1.446726690063075,0.011540826921649205
2852,109.53604800391004,5,1,0,0,1.4350764304452746,0.011529286094727557
2853,180.22097845782093,25,1,0,0,1.4647480819632712,0.01151775680863283
2854,159.61157232412643,33,1,0,0,1.1499924351143322,0.011506239051824197
2855,130.3471162699521,8,1,0,0,1.4500132461538855,0.011494732812772373
2856,174.2940438763378,23,1,0,0,1.3337580490117336,0.011483238079959601
2857,198.39308755077707,37,1,0,0,1.2624558984132324,0.011471754841879641
2858,158.83050763413488,17,1,0,0,1.1939991607319649,0.01146028308703776
2859,168.3117358326824,19,1,0,0,1.3484410635860427,0.011448822803950723
2860,173.64144247363748,22,1,0,0,1.35087026593906,0.011437373981146772
2861,131.90283883005952,22,1,0,0,1.3233477311444943,0.011425936607165626
2862,207.6979176736562,25,1,0,0,1.2087044433305238,0.011414510670558459
2863,203.77180276026598,31,1,0,0,1.423028108232321,0.011403096159887901
2864,187.8366092175614,22,1,0,0,1.375367715916476,0.011391693063728014
2865,177.3291437735653,27,1,0,0,1.3898436900253166,0.011380301370664286
2866,150.79498802642547,24,1,0,0,1.2995427007273608,0.011368921069293622
2867,167.59345740371742,24,1,0,0,1.4831660607995205,0.011357552148224329
2868,223.2344967655535,39,1,0,0,1.4969594985299302,0.011346194596076102
2869,187.71413506914362,27,1,0,0,1.3156228685205582,0.011334848401480028
2870,152.78847816917343,27,1,0,0,1.3512469762002646,0.011323513553078547
2871,174.03491526197348,22,1,0,0,1.4236516182969863,0.011312190039525468
2872,129.38828560424392,15,1,0,0,1.4673360659235004,0.011300877849485942
2873,157.24338568847642,20,1,0,0,1.4695517428652616,0.011289576971636458
2874,174.79983488397187,22,1,0,0,1.3503214807794217,0.01127828739466482
2875,164.80736329025447,17,1,0,0,1.266578747241074,0.011267009107270156
2876,248.91982488015915,50,1,0,0,1.3800464940300203,0.011255742098162887
2877,178.8498956606208,26,1,0,0,1.3110062602278953,0.011244486356064723
2878,238.5560274920955,43,1,0,0,1.3515099133356248,0.011233241869708657
2879,250.22785123905268,49,1,0,0,1.271510998562185,0.01122200862783895
2880,164.59094525528423,192,1,0,0,1.230768351276639,0.01121078661921111
2881,174.46590778479987,23,1,0,0,1.2802961414444862,0.0111995758325919
2882,163.3815801346106,20,1,0,0,1.3692042689132982,0.011188376256759308
2883,186.37074553069442,19,1,0,0,1.368350202426961,0.011177187880502547
2884,155.57789846047157,13,1,0,0,1.3018469531045536,0.011166010692622045
2885,159.50715989826293,27,1,0,0,1.437936270097948,0.011154844681929423
2886,165.33149121326082,18,1,0,0,1.224462367706727,0.011143689837247494
2887,162.39345565018013,19,1,0,0,1.1942714490712814,0.011132546147410246
2888,233.23434243488978,43,1,0,0,1.4300707162431823,0.011121413601262837
2889,163.99060093237858,18,1,0,0,1.4948091697892767,0.011110292187661575
2890,152.7697149615451,17,1,0,0,1.3444510498652273,0.011099181895473912
2891,164.4366604246515,17,1,0,0,1.2934954715023448,0.011088082713578438
2892,170.37670851115232,24,1,0,0,1.3501771139562302,0.01107699463086486
2893,181.52939393827197,21,1,0,0,1.4952413551591586,0.011065917636233994
2894,196.1745834162533,39,1,0,0,1.404332335794411,0.01105485171859776
2895,245.73824921243144,46,1,0,0,1.3683458779305913,0.011043796866879162
2896,185.39424799092026,27,1,0,0,1.391201028332644,0.011032753070012283
2897,127.61717897745051,11,1,0,0,1.4130721036686367,0.011021720316942272
2898,142.99540260798088,10,1,0,0,1.2757265138446876,0.01101069859662533
2899,156.54427229660772,17,1,0,0,1.1576185592522266,0.010999687898028703
2900,148.51012571083766,19,1,0,0,1.3451973811718938,0.010988688210130675
2901,223.60233111993438,44,1,0,0,1.4856223383391964,0.010977699521920544
2902,225.64557862238746,37,1,0,0,1.4340469623396497,0.010966721822398624
2903,173.52390191023483,25,1,0,0,1.2970013498592947,0.010955755100576225
2904,185.68721537136605,21,1,0,0,1.4464072448853638,0.010944799345475648
2905,102.40351204156029,5,1,0,0,1.2935424227781207,0.010933854546130174
2906,136.23080779118564,11,1,0,0,1.489484836889311,0.010922920691584043
2907,198.85833497278364,22,1,0,0,1.4269357103832891,0.010911997770892459
2908,191.62321465055305,32,1,0,0,1.4391088310467257,0.010901085773121566
2909,172.24862540797739,22,1,0,0,1.4101644698866793,0.010890184687348446
2910,173.4101117763911,28,1,0,0,1.4187999494887205,0.010879294502661098
2911,114.6420050024797,22,1,0,0,1.4923790926759712,0.010868415208158434
2912,140.5561865908012,10,1,0,0,1.4634582657377184,0.010857546792950278
2913,142.08309579338754,13,1,0,0,1.4783662133281463,0.010846689246157327
2914,231.07564510320069,40,1,0,0,1.3599371152153665,0.010835842556911168
2915,130.89810482253029,15,1,0,0,1.2832950553437985,0.010825006714354258
2916,183.79728940009227,28,1,0,0,1.4583122684698517,0.010814181707639904
2917,158.27633653283348,17,1,0,0,1.3887082709481695,0.010803367525932264
2918,144.79325615651214,22,1,0,0,1.3617682704434686,0.010792564158406332
2919,166.10365827761194,30,1,0,0,1.4572054904716527,0.010781771594247924
2920,191.32484367107767,23,1,0,0,1.4771019518247859,0.010770989822653678
2921,198.22352029380738,49,1,0,0,1.4794722692551525,0.010760218832831023
2922,209.9971811468356,39,1,0,0,1.3947540506924856,0.010749458613998192
2923,184.58996324570535,22,1,0,0,1.462397189175847,0.010738709155384194
2924,126.31877613996284,9,1,0,0,1.2217706935172377,0.01072797044622881
2925,166.8220078271717,23,1,0,0,1.3254098974686135,0.010717242475782582
2926,152.19372485745646,17,1,0,0,1.424144991296727,0.010706525233306799
2927,152.47709276770772,20,1,0,0,1.4910839620334002,0.010695818708073491
2928,140.51577592742768,14,1,0,0,1.4684996570805529,0.01068512288936542
2929,141.4849701326544,36,1,0,0,1.4902064637081274,0.010674437766476053
2930,140.13856878306837,9,1,0,0,1.4180858565480532,0.010663763328709577
2931,161.96507415569974,21,1,0,0,1.3061840053973262,0.010653099565380866
2932,98.36477972349967,2,1,0,0,1.3448891561345577,0.010642446465815487
2933,171.17091308730284,28,1,0,0,1.3242937580989151,0.010631804019349671
2934,162.64751764650794,20,1,0,0,1.4404511523320216,0.010621172215330321
2935,135.72927292488265,10,1,0,0,1.4767813468145041,0.010610551043114992
2936,187.52875748758402,35,1,0,0,1.4904937354555425,0.010599940492071877
2937,167.96067467920835,42,1,0,0,1.3669977019088404,0.010589340551579805
2938,187.0739899295071,25,1,0,0,1.366754304102984,0.010578751211028225
2939,248.49872783798435,48,1,0,0,1.3982693049037098,0.010568172459817197
2940,170.53667709185635,21,1,0,0,1.3129720521701949,0.01055760428735738
2941,142.48720005597434,15,1,0,0,1.3502218433669222,0.010547046683070022
2942,164.39764454915579,25,1,0,0,1.261062472708627,0.010536499636386951
2943,172.98233622428256,22,1,0,0,1.4453945724625457,0.010525963136750565
2944,207.52402653739432,37,1,0,0,1.4803912569182829,0.010515437173613813
2945,158.3926821859742,19,1,0,0,1.4268124370676674,0.010504921736440201
2946,220.76437439865964,41,1,0,0,1.440204374980111,0.01049441681470376
2947,214.12419442595245,40,1,0,0,1.4000719753181825,0.010483922397889056
2948,172.0779522347148,200,0,0,1,1.758606452503562,0.010473438475491167
2949,161.94653942412728,22,1,0,0,1.4559684893237381,0.010462965037015676
2950,169.8204646588195,22,1,0,0,1.3212751468596868,0.010452502071978662
2951,171.35171773153547,25,1,0,0,1.345574077964491,0.010442049569906681
2952,166.65408131798847,22,1,0,0,1.3923500415532275,0.010431607520336776
2953,200.28049047894632,35,1,0,0,1.3397853729607079,0.010421175912816438
2954,182.4879862695227,26,1,0,0,1.376772115306032,0.010410754736903623
2955,164.0594710109934,21,1,0,0,1.4157342743020325,0.010400343982166717
2956,166.82440750965327,24,1,0,0,1.413901501827024,0.010389943638184553
2957,174.73459349980874,18,1,0,0,1.2792587750152105,0.010379553694546366
2958,174.209732078903,22,1,0,0,1.4215184502765332,0.01036917414085182
2959,177.3456415782377,22,1,0,0,1.315611948862321,0.010358804966710967
2960,234.85257384462972,48,1,0,0,1.4114467462513745,0.010348446161744258
2961,161.76008289631932,26,1,0,0,1.4136308578595933,0.010338097715582514
2962,168.69954773899423,18,1,0,0,1.4800032394890077,0.01032775961786693
2963,137.65854721500446,12,1,0,0,1.2155379972509268,0.010317431858249064
2964,121.71009782332632,37,1,0,0,1.4827187840587392,0.010307114426390816
2965,181.07600574057602,24,1,0,0,1.3210854011263122,0.010296807311964425
2966,210.89926969321834,23,1,0,0,1.1488028734814177,0.01028651050465246
2967,182.8697981110532,25,1,0,0,1.3647621521940012,0.010276223994147807
2968,166.69133950154088,26,1,0,0,1.252046358529924,0.01026594777015366
2969,198.62098311874217,25,1,0,0,1.3244654510742175,0.010255681822383506
2970,260.62954785361785,55,1,0,0,1.430421576475084,0.010245426140561122
2971,191.19038495761544,25,1,0,0,1.3238414115597608,0.010235180714420561
2972,46.1989596758838,200,0,0,1,2.8215385416485583,0.010224945533706141
2973,205.8354031628159,28,1,0,0,1.4267216867156947,0.010214720588172434
2974,167.42774401000128,24,1,0,0,1.4826786979192417,0.010204505867584262
2975,137.56155804409013,13,1,0,0,1.3873374520740673,0.010194301361716679
2976,172.17314009345364,20,1,0,0,1.499763224144726,0.010184107060354962
2977,187.4274624970741,22,1,0,0,1.2817616043496867,0.010173922953294605
2978,153.92737542208457,28,1,0,0,1.4450648484663144,0.010163749030341312
2979,111.4833649758999,4,1,0,0,1.4291821845841644,0.010153585281310969
2980,187.9733298235313,24,1,0,0,1.4965789783392236,0.010143431696029659
2981,235.29725385127284,47,1,0,0,1.3040106819182824,0.010133288264333629
2982,135.79963930028396,101,1,0,0,1.4711982764518905,0.010123154976069297
2983,152.0152104792849,19,1,0,0,1.3070387058242885,0.010113031821093226
2984,203.0644716619658,32,1,0,0,1.414718316908889,0.010102918789272133
2985,226.37419275935298,39,1,0,0,1.4353739907124214,0.010092815870482861
2986,135.01853820390747,11,1,0,0,1.2927500204377895,0.010082723054612379
2987,118.6484925136273,20,1,0,0,1.3892323237823703,0.010072640331557766
2988,194.467740840499,24,1,0,0,1.380424590863699,0.010062567691226208
2989,144.72646764539144,13,1,0,0,1.4917590755658088,0.010052505123534982
2990,215.18917362397428,24,1,0,0,1.2235311540700515,0.010042452618411447
2991,248.97054345919398,57,1,0,0,1.494029688942793,0.010032410165793036
2992,169.14120726731352,24,1,0,0,1.4827586218147044,0.010022377755627242
2993,242.00231686569214,44,1,0,0,1.493701976662043,0.010012355377871615
2994,143.2565244354841,82,1,0,0,1.3857346977205998,0.010002343022493743
2995,156.6030716839956,48,1,0,0,1.4729217069683527,0.01
2996,142.55200768341808,10,1,0,0,1.1908627677679382,0.01
2997,151.0320063033967,17,1,0,0,1.376853168693601,0.01
2998,207.75031656147286,36,1,0,0,1.2710976243987857,0.01
2999,194.89243098490527,22,1,0,0,1.2358662018101472,0.01
3000,174.63251181902658,28,1,0,0,1.3983988846331228,0.01
3001,171.56953996320237,18,1,0,0,1.477842361972152,0.01
3002,140.70923760827188,15,1,0,0,1.4446948080538295,0.01
3003,144.13236027492923,177,1,0,0,1.0791861165513041,0.01
3004,180.03888886586668,29,1,0,0,1.4035817156556247,0.01
3005,185.96648678793588,29,1,0,0,1.176215720698239,0.01
3006,172.2501119502679,25,1,0,0,1.4091894800658369,0.01
3007,243.75943626427983,49,1,0,0,1.3876005158447038,0.01
3008,143.28212047784183,16,1,0,0,1.287954055641815,0.01
3009,134.05792931049504,25,1,0,0,1.441162259583136,0.01
3010,169.02244112560638,19,1,0,0,1.3429187175968402,0.01
3011,167.58945758022327,18,1,0,0,1.2852977033889776,0.01
3012,160.89008045080175,39,1,0,0,1.2557056664320054,0.01
3013,168.75561564647904,23,1,0,0,1.3398354965109058,0.01
3014,125.34339737655418,12,1,0,0,1.460206330802493,0.01
3015,157.5774801443787,16,1,0,0,1.4074499048136593,0.01
3016,155.77482002227558,21,1,0,0,1.4885769681927348,0.01
3017,179.90738004589593,22,1,0,0,1.284117142713129,0.01
3018,225.87281949209162,40,1,0,0,1.4181449741589396,0.01
3019,164.95116268667408,200,0,0,1,1.616143936294741,0.01
3020,218.74379162129543,38,1,0,0,1.30867285523695,0.01
3021,181.15866281797852,67,1,0,0,1.4126034458580978,0.01
3022,176.77734554002842,21,1,0,0,1.4290505391097599,0.01
3023,181.74985853762257,20,1,0,0,1.297957983854141,0.01
3024,157.26290245639626,21,1,0,0,1.3566447218077884,0.01
3025,150.01521534127318,22,1,0,0,1.3790919412466007,0.01
3026,183.24907328700334,26,1,0,0,1.4298444991769046,0.01
3027,186.54097910476446,28,1,0,0,1.405560924171326,0.01
3028,159.06493909581636,74,1,0,0,1.3468067091946774,0.01
3029,123.001768850058,16,1,0,0,1.3760869774702416,0.01
3030,213.67935037309172,34,1,0,0,1.4994828831839189,0.01
3031,-50.0,1,0,1,0,6.407150133754109,0.01
3032,143.4316510633809,17,1,0,0,1.2381086625442739,0.01
3033,177.19437994394514,25,1,0,0,1.492269034209737,0.01
3034,216.25759163195747,31,1,0,0,1.374065978994944,0.01
3035,200.4536945531927,34,1,0,0,1.339421708623479,0.01
3036,-50.0,1,0,1,0,7.847401388522154,0.01
3037,29.18821204386427,200,0,0,1,3.23888298257773,0.01
3038,163.18890263067973,17,1,0,0,1.4932078415661387,0.01
3039,165.7437648626053,30,1,0,0,1.3069031136651217,0.01
3040,135.0752970938115,18,1,0,0,1.0649672264551717,0.01
3041,214.07490470259592,34,1,0,0,1.4609538731012928,0.01
3042,277.5339005797964,63,1,0,0,1.4911637767761725,0.01
3043,200.2984193818276,34,1,0,0,1.3769835508444415,0.01
3044,166.1202651405529,23,1,0,0,1.4843266649685174,0.01
3045,177.93193473839779,21,1,0,0,1.463888539684651,0.01
3046,169.920498571255,62,1,0,0,1.4630020684279494,0.01
3047,179.09208613172245,27,1,0,0,1.4051807175951534,0.01
3048,171.3813692449017,24,1,0,0,1.259785834405011,0.01
3049,164.7191482242602,17,1,0,0,1.304649882141828,0.01
3050,160.64982495415367,47,1,0,0,1.4897282904912001,0.01
3051,-50.0,1,0,1,0,3.4751124140845713,0.01
3052,197.8885247435631,48,1,0,0,1.4867035288917096,0.01
3053,186.99103624196644,34,1,0,0,1.3781422053030572,0.01
3054,165.0141401503893,55,1,0,0,1.3489891570738446,0.01
3055,181.1899946437414,30,1,0,0,1.2334400577409543,0.01
3056,144.9850896735602,36,1,0,0,1.3126917658467865,0.01
3057,192.27153595895106,28,1,0,0,1.3986346393601434,0.01
3058,199.76161231016223,48,1,0,0,1.3605428950592315,0.01
3059,161.82910605394673,69,1,0,0,1.4481836348021142,0.01
3060,151.12075677658896,44,1,0,0,1.3864286265877832,0.01
3061,194.62118049716608,24,1,0,0,1.467537048189629,0.01
3062,203.69741174561238,36,1,0,0,1.210879511664121,0.01
3063,230.31784387239347,43,1,0,0,1.483155825195803,0.01
3064,126.81755083705826,34,1,0,0,1.1899196113400172,0.01
3065,157.79873653375253,14,1,0,0,1.19388152523754,0.01
3066,153.70233284106678,18,1,0,0,1.4929064808879544,0.01
3067,222.21002134941926,37,1,0,0,1.3692764795516086,0.01
3068,168.05843812736484,26,1,0,0,1.3664693314579381,0.01
3069,168.18540400185609,20,1,0,0,1.2675180329231137,0.01
3070,-50.0,1,0,1,0,6.292168380727285,0.01
3071,161.70594018918445,46,1,0,0,1.460278944271474,0.01
3072,167.27559942931902,26,1,0,0,1.3656471757956081,0.01
3073,158.72617763968705,17,1,0,0,1.481267471854593,0.01
3074,164.10688867323375,24,1,0,0,1.2062709666041835,0.01
3075,153.5169118030557,37,1,0,0,1.4944338451671881,0.01
3076,168.54711661256522,25,1,0,0,1.3691377597396386,0.01
3077,168.227396985432,20,1,0,0,1.4362540074952395,0.01
3078,206.49722079296424,34,1,0,0,1.4807056984622704,0.01
3079,156.50927930758579,27,1,0,0,1.4845138891874987,0.01
3080,237.71874004413112,47,1,0,0,1.4554233172586095,0.01
3081,167.390129421601,17,1,0,0,1.490708566199549,0.01
3082,3.067806820641524,200,0,0,1,2.0040733655013874,0.01
3083,-50.0,1,0,1,0,1.3364519173880154,0.01
3084,216.79948941090896,46,1,0,0,1.4992323076083647,0.01
3085,190.89396765857003,23,1,0,0,1.4635054095875006,0.01
3086,176.3459392515855,25,1,0,0,1.4483894631282488,0.01
3087,202.8740852445057,103,1,0,0,1.4771392109058512,0.01
3088,214.10336516742558,36,1,0,0,1.4057760791432026,0.01
3089,171.1347070296655,25,1,0,0,1.370945301854977,0.01
3090,154.8854379660574,22,1,0,0,1.433112922304937,0.01
3091,70.85831920368825,200,0,0,1,2.7686233979201895,0.01
3092,148.48107334553862,23,1,0,0,1.232213346899632,0.01
3093,151.86949192127483,18,1,0,0,1.182611327341602,0.01
3094,209.3592670319172,39,1,0,0,1.374354922942068,0.01
3095,159.17285448852616,29,1,0,0,1.4938823300022739,0.01
3096,177.5989782131881,24,1,0,0,1.4780093561796135,0.01
3097,137.49448236922458,13,1,0,0,1.3646844393483382,0.01
3098,264.22769248279064,56,1,0,0,1.4825869543182613,0.01
3099,217.48227090774955,35,1,0,0,1.4912346690439078,0.01
3100,232.26974190781516,34,1,0,0,1.3257895187054796,0.01
3101,202.87012562984876,35,1,0,0,1.2953894705053683,0.01
3102,173.20058890387116,25,1,0,0,1.4535141076700397,0.01
3103,178.91804618386067,31,1,0,0,1.4825622351764143,0.01
3104,168.58951716687238,31,1,0,0,1.4597488252941822,0.01
3105,136.90960806607512,12,1,0,0,1.4882626424630099,0.01
3106,-50.0,1,0,1,0,1.1656116718934562,0.01
3107,185.91620126263962,28,1,0,0,1.2917740211494488,0.01
3108,214.9187511310686,45,1,0,0,1.4645570604364455,0.01
3109,164.1581880930035,24,1,0,0,1.2356258347657496,0.01
3110,160.2357809100966,20,1,0,0,1.3345433311379273,0.01
3111,120.57564934842071,14,1,0,0,1.4624337847985827,0.01
3112,192.8985673703898,37,1,0,0,1.3221771485729363,0.01
3113,188.17935135252054,29,1,0,0,1.486688063924792,0.01
3114,123.58094054274773,16,1,0,0,1.4578313284883688,0.01
3115,159.96150032440943,23,1,0,0,1.4079825918534767,0.01
3116,144.03919139652533,57,1,0,0,1.4890787226165592,0.01
3117,172.21326657763342,21,1,0,0,1.4947058359289336,0.01
3118,222.12626945164942,36,1,0,0,1.2829578737013694,0.01
3119,182.9503854266269,26,1,0,0,1.491447137785773,0.01
3120,245.68675651408205,43,1,0,0,1.3125883402686884,0.01
3121,247.24014646439522,46,1,0,0,1.4640714813187674,0.01
3122,156.066665183952,65,1,0,0,1.4685941097420054,0.01
3123,145.5913333192642,31,1,0,0,1.2870352558107472,0.01
3124,162.7314048210797,27,1,0,0,1.3002693571394437,0.01
3125,153.2270901523557,22,1,0,0,1.2754313880162553,0.01
3126,159.0781629913332,21,1,0,0,1.4772147979122963,0.01
3127,256.8330464375267,46,1,0,0,1.355895692216544,0.01
3128,132.94943410718867,11,1,0,0,1.4070401294792363,0.01
3129,156.50481643940452,24,1,0,0,1.4569301895989104,0.01
3130,248.9581971901377,50,1,0,0,1.4449176707426876,0.01
3131,145.35552323696965,14,1,0,0,1.4159976425778964,0.01
3132,197.4547618472028,31,1,0,0,1.379027654473838,0.01
3133,188.77871514739678,29,1,0,0,1.2237582667320719,0.01
3134,232.35318393515252,46,1,0,0,1.499784677757403,0.01
3135,142.70694248723765,17,1,0,0,1.4993902871519524,0.01
3136,179.18282631911683,24,1,0,0,1.2747211237124174,0.01
3137,180.4611630488282,26,1,0,0,1.376263333576374,0.01
3138,203.40171273832848,29,1,0,0,1.4766619237419756,0.01
3139,171.53960939536893,189,1,0,0,1.4985347356796082,0.01
3140,176.3732452155051,31,1,0,0,1.4875357122022292,0.01
3141,168.40769038215694,22,1,0,0,1.3520425495762312,0.01
3142,188.76128752661342,33,1,0,0,1.304715677978177,0.01
3143,146.69596305500656,15,1,0,0,1.409130509405806,0.01
3144,186.02451720733825,30,1,0,0,1.2610949055555605,0.01
3145,166.162636321119,27,1,0,0,1.4679826588372642,0.01
3146,183.55694772245965,26,1,0,0,1.3058744702236567,0.01
3147,172.76532307417355,22,1,0,0,1.3854575235271505,0.01
3148,226.5819022479361,88,1,0,0,1.490879919951287,0.01
3149,186.76621241695406,21,1,0,0,1.2241994977406836,0.01
3150,179.4518771287294,21,1,0,0,1.4180427073805537,0.01
3151,177.105768584009,20,1,0,0,1.1789201638226,0.01
3152,136.2963489533162,39,1,0,0,1.4579731596012075,0.01
3153,178.49643462059174,22,1,0,0,1.1685108203236394,0.01
3154,27.811580009489507,200,0,0,1,2.8273726744108916,0.01
3155,2.0407537239446323,200,0,0,1,2.291092958981686,0.01
3156,254.0048261662912,57,1,0,0,1.4462008686685774,0.01
3157,236.68417482247327,48,1,0,0,1.4614934894979434,0.01
3158,201.67657447633297,33,1,0,0,1.454438637254214,0.01
3159,253.51743654942663,165,1,0,0,1.476009471854644,0.01
3160,138.36526050282967,31,1,0,0,1.4971875273505932,0.01
3161,177.07914338058984,22,1,0,0,1.4240700656862462,0.01
3162,160.34214066353198,24,1,0,0,1.3817053694317298,0.01
3163,157.89348760181343,20,1,0,0,1.3526889000006634,0.01
3164,165.4929667819394,19,1,0,0,1.2783564523157847,0.01
3165,7.9270151653964245,200,0,0,1,2.9964144311470746,0.01
3166,138.27465119960755,33,1,0,0,1.3374864001577078,0.01
3167,177.87866916656583,26,1,0,0,1.2360387681345442,0.01
3168,199.99900826344467,27,1,0,0,1.2559145516419428,0.01
3169,166.85649914129687,27,1,0,0,1.490280483785137,0.01
3170,207.75998878987707,36,1,0,0,1.3455451355698442,0.01
3171,134.6341713293668,25,1,0,0,1.4239022832434471,0.01
3172,160.10783822134783,23,1,0,0,1.4338334800830916,0.01
3173,184.09633165652042,27,1,0,0,1.332455873867031,0.01
3174,142.6844099935119,21,1,0,0,1.487441224487325,0.01
3175,232.77541217190625,39,1,0,0,1.2667435588072293,0.01
3176,208.17360595736,38,1,0,0,1.3927520829678046,0.01
3177,141.0790348062734,21,1,0,0,1.4179523289953233,0.01
3178,177.2275269000961,39,1,0,0,1.3336931895814959,0.01
3179,172.78933502348332,39,1,0,0,1.4486087665738143,0.01
3180,184.8596382298465,37,1,0,0,1.4652517945417713,0.01
3181,214.79544229562356,37,1,0,0,1.256194141947988,0.01
3182,206.90346340477376,28,1,0,0,1.4385667712627312,0.01
3183,137.33238123776522,17,1,0,0,1.4310475270613812,0.01
3184,171.44406075187422,23,1,0,0,1.2864398049742938,0.01
3185,-54.41010604862499,115,0,0,0,8.631140265236795,0.01
3186,172.10850069376556,20,1,0,0,1.276170445766754,0.01
3187,131.36461649364335,12,1,0,0,1.3757769386367513,0.01
3188,164.2680769041793,25,1,0,0,1.4945944764232932,0.01
3189,167.25106715587626,27,1,0,0,1.4973062533035384,0.01
3190,174.1947912644951,44,1,0,0,1.4510517371049065,0.01
3191,186.28619804741726,29,1,0,0,1.4903001408255778,0.01
3192,160.2145907858134,22,1,0,0,1.3555165982534008,0.01
3193,188.38757855439076,32,1,0,0,1.4807170643065966,0.01
3194,152.76744629828084,21,1,0,0,1.3652981962629867,0.01
3195,174.73785797358653,22,1,0,0,1.1828359671663737,0.01
3196,77.50912219896605,200,0,0,1,2.4535545826192635,0.01
3197,181.51968483711818,27,1,0,0,1.471458734817118,0.01
3198,251.51693485548435,49,1,0,0,1.398662401839962,0.01
3199,169.96940883646667,24,1,0,0,1.2989111184285043,0.01
3200,135.0555932335367,25,1,0,0,1.270344116364494,0.01
3201,157.16818246086706,57,1,0,0,1.242135659653635,0.01
3202,139.98184015148377,18,1,0,0,1.4949443266392008,0.01
3203,177.44692988408872,20,1,0,0,1.415376682453323,0.01
3204,121.53279293197869,9,1,0,0,1.4862240574716163,0.01
3205,196.8486232715282,35,1,0,0,1.3875419686237906,0.01
3206,138.89691354126722,21,1,0,0,1.4667754686479342,0.01
3207,169.30156662888282,19,1,0,0,1.4734713156984565,0.01
3208,-50.0,1,0,1,0,3.325408565457067,0.01
3209,145.92990762328174,21,1,0,0,1.4976231941401226,0.01
3210,206.2473715351942,30,1,0,0,1.472553290159051,0.01
3211,176.12127020277617,29,1,0,0,1.3582203262330979,0.01
3212,245.35606675096233,41,1,0,0,1.2926410378959994,0.01
3213,162.0164766541847,24,1,0,0,1.3414055080417162,0.01
3214,186.45623207105817,23,1,0,0,1.4965646511834625,0.01
3215,172.2706788151957,22,1,0,0,1.2473362439884166,0.01
3216,162.52255872345648,21,1,0,0,1.4610578569539792,0.01
3217,136.3641675611794,18,1,0,0,1.323238925349887,0.01
3218,130.6578820069958,17,1,0,0,1.3380504668415925,0.01
3219,217.79112475540944,41,1,0,0,1.4411750715025455,0.01
3220,22.318135523347646,200,0,0,1,1.8886043741002354,0.01
3221,8.526945579727988,200,0,0,1,5.520723515750807,0.01
3222,157.73090839100405,13,1,0,0,1.2535891351966373,0.01
3223,152.58644911536123,16,1,0,0,1.338634356398432,0.01
3224,140.34660183438893,129,1,0,0,1.4018738723186064,0.01
3225,201.6761724392946,26,1,0,0,1.340233526833883,0.01
3226,30.843606370671004,200,0,0,1,2.0958630886818255,0.01
3227,165.6714028205293,19,1,0,0,1.3542033579248804,0.01
3228,168.61679987139286,21,1,0,0,1.4012923692198114,0.01
3229,163.93963670476685,23,1,0,0,1.4701429515141535,0.01
3230,176.80824839169992,20,1,0,0,1.315532901903399,0.01
3231,145.41871243076838,51,1,0,0,1.3297178408081856,0.01
3232,155.35605795432178,78,1,0,0,1.4959609407636119,0.01
3233,198.48284914839027,29,1,0,0,1.437353032970251,0.01
3234,161.07926376209664,23,1,0,0,1.4222446232076482,0.01
3235,166.245406130566,22,1,0,0,1.3378976419383521,0.01
3236,236.55987758132918,48,1,0,0,1.4053741095688785,0.01
3237,261.33983569332867,83,1,0,0,1.4817990784828774,0.01
3238,172.7000375907943,21,1,0,0,1.2731705353038445,0.01
3239,133.70995337745242,16,1,0,0,1.4939460842709888,0.01
3240,246.37487242161833,56,1,0,0,1.4365241074089976,0.01
3241,204.03253499960297,32,1,0,0,1.327569526203034,0.01
3242,178.35699203343216,25,1,0,0,1.2585021976720858,0.01
3243,221.05582322549395,40,1,0,0,1.3854477019785054,0.01
3244,145.485381849829,20,1,0,0,1.3694747784570251,0.01
3245,160.40994987735493,19,1,0,0,1.2537523349270583,0.01
3246,192.21225910043367,27,1,0,0,1.4627063975737788,0.01
3247,60.64813163389899,200,0,0,1,2.2258234670389783,0.01
3248,175.46206463523544,21,1,0,0,1.4789572637500805,0.01
3249,192.2907790560443,29,1,0,0,1.4427065958029055,0.01
3250,197.26415513913648,31,1,0,0,1.4054915199407099,0.01
3251,182.72149013037586,22,1,0,0,1.2930168411882659,0.01
3252,171.86646407935186,20,1,0,0,1.4733295745723893,0.01
3253,160.25319368337014,26,1,0,0,1.3750935106072917,0.01
3254,197.14545002967765,29,1,0,0,1.3550139944922373,0.01
3255,131.68064692698047,10,1,0,0,1.4012366471067386,0.01
3256,168.25130536756876,32,1,0,0,1.3176636012057146,0.01
3257,170.2698074780648,20,1,0,0,1.4807501272931558,0.01
3258,153.51545700106453,15,1,0,0,1.2486890328182636,0.01
3259,233.77183455145988,49,1,0,0,1.4974916914057037,0.01
3260,160.77888258850192,24,1,0,0,1.3337897950090263,0.01
3261,170.19313542694607,22,1,0,0,1.1186414352824023,0.01
3262,189.2885707408343,32,1,0,0,1.4983954236976174,0.01
3263,145.37639679815473,30,1,0,0,1.319905423576406,0.01
3264,219.5046956147827,42,1,0,0,1.3332257773332916,0.01
3265,239.70796561274858,45,1,0,0,1.481344662977996,0.01
3266,181.4637515309168,33,1,0,0,1.271370320162651,0.01
3267,96.82831044328175,200,0,0,1,1.5577100578722711,0.01
3268,175.88928923717367,33,1,0,0,1.2416662315626126,0.01
3269,171.0473041491134,27,1,0,0,1.4023005296479183,0.01
3270,175.57187094138985,30,1,0,0,1.4694182387064105,0.01
3271,6.0170376244037245,200,0,0,1,4.248398454841411,0.01
3272,179.47148714871278,24,1,0,0,1.379975343001106,0.01
3273,150.7241639522155,24,1,0,0,1.4183718535412064,0.01
3274,158.9024702869997,26,1,0,0,1.3531758172299575,0.01
3275,154.98959781979906,26,1,0,0,1.2100025306693796,0.01
3276,178.2050272457743,27,1,0,0,1.487588188089392,0.01
3277,-50.0,1,0,1,0,6.092922761926009,0.01
3278,186.89039434004124,25,1,0,0,1.3117350888283432,0.01
3279,140.58573891125423,13,1,0,0,1.278883214146588,0.01
3280,206.6704667699845,29,1,0,0,1.3901560829027815,0.01
3281,122.55695813533308,37,1,0,0,1.4986926398630496,0.01
3282,148.9900622520123,15,1,0,0,1.4104718316774958,0.01
3283,164.05405944523338,31,1,0,0,1.3647715674278045,0.01
3284,131.21136530397393,11,1,0,0,1.359526019803635,0.01
3285,144.1035829863983,23,1,0,0,1.3158594713803977,0.01
3286,180.72830823776326,37,1,0,0,1.411079355442472,0.01
3287,197.88449528379599,28,1,0,0,1.3581043768446965,0.01
3288,5.660154165584155,200,0,0,1,6.136800842464694,0.01
3289,143.31480120670324,127,1,0,0,1.4830944635237064,0.01
3290,145.21197108566082,28,1,0,0,1.0993956193898062,0.01
3291,158.39253677482327,20,1,0,0,1.293819677793143,0.01
3292,156.06274373264722,23,1,0,0,1.3052520740025972,0.01
3293,143.3699839405711,27,1,0,0,1.1885804959023598,0.01
3294,152.37021506152746,35,1,0,0,1.4929332483879774,0.01
3295,228.7207544955866,45,1,0,0,1.3738354400909263,0.01
3296,100.8740753464668,2,1,0,0,1.1918330089492375,0.01
3297,14.299354702407184,200,0,0,1,2.500176793771705,0.01
3298,145.14875715964467,200,0,0,1,1.5784741910676015,0.01
3299,125.80850880253294,15,1,0,0,1.2968274738571681,0.01
3300,152.27390985321654,24,1,0,0,1.305764392089503,0.01
3301,181.0879379392653,26,1,0,0,1.425018088396722,0.01
3302,-48.4432081225142,75,0,1,0,2.9161792503357655,0.01
3303,178.04997213038118,22,1,0,0,1.4412045323412845,0.01
3304,176.62680501100613,19,1,0,0,1.4168792464058528,0.01
3305,-40.404506528811126,140,0,0,0,7.099421279247681,0.01
3306,168.0944214278797,18,1,0,0,1.269320360345705,0.01
3307,198.87496546537406,25,1,0,0,1.4863816684208075,0.01
3308,157.1583498135264,34,1,0,0,1.3018701578174632,0.01
3309,156.3351214014629,20,1,0,0,1.3418176045010723,0.01
3310,200.51613292043726,23,1,0,0,1.4652474851336423,0.01
3311,153.35227780691028,21,1,0,0,1.4522639485469973,0.01
3312,169.18256161015734,24,1,0,0,1.3947510298405947,0.01
3313,155.41764076629119,17,1,0,0,1.320319463970005,0.01
3314,88.48771681953781,200,0,0,1,2.899748351627742,0.01
3315,146.75147558295407,40,1,0,0,1.493014386239245,0.01
3316,210.02541591047287,28,1,0,0,1.3678044497664863,0.01
3317,186.08238304912578,27,1,0,0,1.4325632405163606,0.01
3318,100.0,1,1,0,0,1.3096693831540622,0.01
3319,166.96234523338953,20,1,0,0,1.4442817719902428,0.01
3320,168.36878707680236,26,1,0,0,1.48498313468101,0.01
3321,46.871059002053286,200,0,0,1,2.695468918677716,0.01
3322,16.648179188182144,200,0,0,1,2.1418418294406165,0.01
3323,155.75820867164572,19,1,0,0,1.2705920392525738,0.01
3324,133.9294500536273,133,1,0,0,1.4221165695406786,0.01
3325,177.6202397022314,26,1,0,0,1.2834899579646346,0.01
3326,225.63583848948917,42,1,0,0,1.3505211261806502,0.01
3327,147.24423980529826,25,1,0,0,1.2971408420680508,0.01
3328,190.81540181438646,42,1,0,0,1.1489110469867578,0.01
3329,160.18337074236894,34,1,0,0,1.268808870438809,0.01
3330,165.44062962255447,20,1,0,0,1.4362358401594262,0.01
3331,144.05960870818456,18,1,0,0,1.4911574316078215,0.01
3332,146.3248580015559,17,1,0,0,1.49726961753608,0.01
3333,123.09937414439835,9,1,0,0,1.2648566548549451,0.01
3334,168.5380302910531,24,1,0,0,1.2883331668042344,0.01
3335,190.47607242753983,19,1,0,0,1.3333722129315495,0.01
3336,149.9445695895089,16,1,0,0,1.4357320374564058,0.01
3337,158.59656210241792,16,1,0,0,1.3650422749374294,0.01
3338,161.27069514779694,26,1,0,0,1.3758568104915665,0.01
3339,121.67449086390837,11,1,0,0,1.2967399319874886,0.01
3340,-21.645340517209174,8,0,1,0,4.132455362472543,0.01
3341,182.02326476124952,38,1,0,0,1.4892511197096674,0.01
3342,255.46897911882724,53,1,0,0,1.418537497286353,0.01
3343,168.4336839637,20,1,0,0,1.2643399765338958,0.01
3344,103.8459099774629,154,1,0,0,1.378718331344591,0.01
3345,240.24026902963345,48,1,0,0,1.445844556183979,0.01
3346,145.3799135572979,24,1,0,0,1.3325009817267859,0.01
3347,194.20139917617013,33,1,0,0,1.4757548608094606,0.01
3348,185.69018053028793,24,1,0,0,1.247835229084437,0.01
3349,53.058859213257236,200,0,0,1,2.154396108057783,0.01
3350,172.08396183839596,25,1,0,0,1.3648211953256693,0.01
3351,202.9295091857863,53,1,0,0,1.3722123213558335,0.01
3352,161.8001508494362,20,1,0,0,1.4188214753979504,0.01
3353,150.647182028303,25,1,0,0,1.2100173830332488,0.01
3354,173.55107759128924,36,1,0,0,1.4709735855428736,0.01
3355,54.2341889790825,200,0,0,1,2.3784503660853002,0.01
3356,167.80491979871658,30,1,0,0,1.4754079297881972,0.01
3357,138.30151536544884,11,1,0,0,1.3073818845218301,0.01
3358,47.70198230885529,200,0,0,1,2.6020024511444215,0.01
3359,154.8447343818167,159,1,0,0,1.369216506203952,0.01
3360,157.85413966470188,22,1,0,0,1.241758993350872,0.01
3361,257.3780099787396,53,1,0,0,1.4449850558970447,0.01
3362,173.1987979081037,26,1,0,0,1.3726780381081323,0.01
3363,149.62287380950897,22,1,0,0,1.289301371795511,0.01
3364,148.1948624702893,15,1,0,0,1.0868976270608866,0.01
3365,219.8896764357582,38,1,0,0,1.4094699785642366,0.01
3366,202.89971991885594,33,1,0,0,1.4158706669403454,0.01
3367,234.41701869947644,78,1,0,0,1.4190922198023546,0.01
3368,144.80140046985412,19,1,0,0,1.4907708888920546,0.01
3369,183.0353438403101,25,1,0,0,1.4162824633550422,0.01
3370,195.18320586917744,34,1,0,0,1.3841686552018424,0.01
3371,111.45724146314338,8,1,0,0,1.2630596176503985,0.01
3372,144.17503065858006,18,1,0,0,1.3429775103394794,0.01
3373,156.17819633510135,19,1,0,0,1.4811940273138744,0.01
3374,157.17901701983993,16,1,0,0,1.450283556157436,0.01
3375,179.29725342130365,23,1,0,0,1.4067723585438712,0.01
3376,121.13946164007214,8,1,0,0,1.299073812305506,0.01
3377,149.79715832855533,17,1,0,0,1.1840408903722364,0.01
3378,72.10541220377596,200,0,0,1,2.1508035374797148,0.01
3379,189.3937108366481,24,1,0,0,1.3678981337218092,0.01
3380,173.33854812623315,17,1,0,0,1.4466745687848535,0.01
3381,159.88534735963958,22,1,0,0,1.363586769169663,0.01
3382,171.07601634315955,20,1,0,0,1.4025917811855872,0.01
3383,100.0,1,1,0,0,1.3769651573602297,0.01
3384,166.3020827184855,21,1,0,0,1.4710135792445853,0.01
3385,-50.0,1,0,1,0,5.266417340957904,0.01
3386,213.70178695766504,28,1,0,0,1.4231165753145891,0.01
3387,213.26673229645684,131,1,0,0,1.4855016247283424,0.01
3388,219.65008247998935,43,1,0,0,1.378963925281011,0.01
3389,176.95149840936693,26,1,0,0,1.371416119662029,0.01
3390,174.23077879978183,32,1,0,0,1.46034235068856,0.01
3391,209.70455793521188,30,1,0,0,1.4374446888024721,0.01
3392,170.67459833518413,23,1,0,0,1.1869740366327373,0.01
3393,145.74542413047462,14,1,0,0,1.401843682351466,0.01
3394,202.05625728641817,34,1,0,0,1.2651748883305416,0.01
3395,197.0408578464068,28,1,0,0,1.3619488062502578,0.01
3396,166.07417567449477,27,1,0,0,1.422299146336366,0.01
3397,190.03401812973908,33,1,0,0,1.4187362233127778,0.01
3398,154.1339303422048,22,1,0,0,1.3786613429319832,0.01
3399,171.5485822252838,25,1,0,0,1.1775942750197403,0.01
3400,211.86562645882617,54,1,0,0,1.490247883592646,0.01
3401,180.13373526047684,23,1,0,0,1.416748554599802,0.01
3402,151.55430761227805,19,1,0,0,1.3627512749903832,0.01
3403,163.9722699651382,18,1,0,0,1.2156994276703577,0.01
3404,168.21556140372797,24,1,0,0,1.4103703255687698,0.01
3405,209.45751083990592,41,1,0,0,1.4093149410551917,0.01
3406,170.0353458540531,22,1,0,0,1.346949722502566,0.01
3407,173.42899360194644,19,1,0,0,1.3942172954892185,0.01
3408,145.35776482685355,18,1,0,0,1.4879128753258148,0.01
3409,132.64061313428437,16,1,0,0,1.154931633178115,0.01
3410,163.61225172092125,28,1,0,0,1.2542755862735602,0.01
3411,35.10657845730834,200,0,0,1,2.306499950934216,0.01
3412,175.02849542127873,39,1,0,0,1.4806575811671363,0.01
3413,144.14457683100235,16,1,0,0,1.3979924797191041,0.01
3414,133.71552003766413,14,1,0,0,1.2938887957427943,0.01
3415,180.27701723986632,20,1,0,0,1.1932879746377618,0.01
3416,104.94631562859075,4,1,0,0,1.4893574345123612,0.01
3417,182.9360277695364,29,1,0,0,1.493217409285984,0.01
3418,198.46427537749202,27,1,0,0,1.2831063797371784,0.01
3419,205.6046790307156,30,1,0,0,1.3506334769587953,0.01
3420,159.71398783692385,21,1,0,0,1.4684609875476289,0.01
3421,167.97413316278318,17,1,0,0,1.3854865367467424,0.01
3422,151.40490085283844,82,1,0,0,1.1994061627356967,0.01
3423,181.34206246392753,29,1,0,0,1.4563299269703327,0.01
3424,161.25295136461202,26,1,0,0,1.299153505834296,0.01
3425,176.5317264961818,38,1,0,0,1.4106178592158856,0.01
3426,177.37655614110992,24,1,0,0,1.2188779873218447,0.01
3427,177.68154718277913,22,1,0,0,1.453571636078101,0.01
3428,119.63641939176563,9,1,0,0,1.44539910010367,0.01
3429,179.33996201790438,29,1,0,0,1.4639456744098334,0.01
3430,179.6142833270086,28,1,0,0,1.4120003201785583,0.01
3431,183.39874571610866,24,1,0,0,1.47056586558681,0.01
3432,156.81323554448684,20,1,0,0,1.369202485327713,0.01
3433,151.8833581185423,19,1,0,0,1.4038269730319282,0.01
3434,169.14276436052103,22,1,0,0,1.4399582160969702,0.01
3435,177.86581422671003,26,1,0,0,1.4531837672672765,0.01
3436,158.6666877173156,23,1,0,0,1.4251009470205391,0.01
3437,127.5217130055519,18,1,0,0,1.4976091599086105,0.01
3438,43.479706366866196,200,0,0,1,2.010486403076885,0.01
3439,153.12814617569333,16,1,0,0,1.4559899539792593,0.01
3440,252.68996089714068,51,1,0,0,1.4363539165590264,0.01
3441,191.24247414338112,33,1,0,0,1.44729568589053,0.01
3442,161.9566137241772,22,1,0,0,1.277245167020808,0.01
3443,130.12183573770602,140,1,0,0,1.4439462056581205,0.01
3444,160.22767196081236,22,1,0,0,1.3179088077369694,0.01
3445,207.0410497420522,30,1,0,0,1.4693962935791725,0.01
3446,156.01062608022704,23,1,0,0,1.456253836370642,0.01
3447,144.7669445068447,18,1,0,0,1.2321056158459645,0.01
3448,157.39196686139715,20,1,0,0,1.4451631146429653,0.01
3449,155.58413082249103,20,1,0,0,1.3518272051065616,0.01
3450,164.6212390304165,23,1,0,0,1.4613881824611914,0.01
3451,196.60805294993395,35,1,0,0,1.4483968133824705,0.01
3452,145.10976851782164,15,1,0,0,1.3100888732268,0.01
3453,199.4441266592936,27,1,0,0,1.4871833988860998,0.01
3454,166.8143371834844,26,1,0,0,1.4787703255814975,0.01
3455,136.3502840534261,15,1,0,0,1.0187446951869863,0.01
3456,133.61255930287297,17,1,0,0,1.4212024831943018,0.01
3457,148.9624058807634,39,1,0,0,1.4927114639994508,0.01
3458,219.82090158055433,35,1,0,0,1.4577244710015431,0.01
3459,237.61275016715757,60,1,0,0,1.496994338404715,0.01
3460,144.929019894796,17,1,0,0,1.4307323480840126,0.01
3461,190.89668105076225,25,1,0,0,1.3327603125370848,0.01
3462,159.55384193161598,23,1,0,0,1.3351468598206002,0.01
3463,147.28688021692224,15,1,0,0,1.414276260990522,0.01
3464,157.9050285820569,20,1,0,0,1.1004571857492527,0.01
3465,-9.642678197732213,200,0,0,1,2.2764750038444355,0.01
3466,198.8312924168585,28,1,0,0,1.267805536186778,0.01
3467,9.758303363616777,200,0,0,1,2.478334383649498,0.01
3468,-44.92672011045872,6,0,1,0,7.939622010572167,0.01
3469,-50.0,1,0,1,0,7.302087903265509,0.01
3470,174.5932835826168,28,1,0,0,1.2773619724448275,0.01
3471,169.4865266194642,19,1,0,0,1.2036646880020434,0.01
3472,23.94519381935127,200,0,0,1,2.370931951369973,0.01
3473,158.78495412383353,21,1,0,0,1.3982856505042427,0.01
3474,126.79264615370917,20,1,0,0,1.4549650604091828,0.01
3475,160.92748054554082,23,1,0,0,1.3460484010206453,0.01
3476,-50.0,1,0,1,0,7.692763849153432,0.01
3477,143.9295334586148,15,1,0,0,1.3274347064734462,0.01
3478,168.6830041278085,24,1,0,0,1.3557441870819444,0.01
3479,261.19675026104767,52,1,0,0,1.2512907918063103,0.01
3480,168.95599317798596,25,1,0,0,1.3699128711701614,0.01
3481,189.28356564587156,31,1,0,0,1.3465377562396847,0.01
3482,205.54035627918915,28,1,0,0,1.4206403353487644,0.01
3483,131.70054880369725,12,1,0,0,1.4538477421030678,0.01
3484,165.00898150640342,25,1,0,0,1.4583974621385594,0.01
3485,188.06004037542502,20,1,0,0,1.397820567461098,0.01
3486,257.90782635841003,46,1,0,0,1.428374733874519,0.01
3487,196.71826478445877,27,1,0,0,1.4645508106888898,0.01
3488,150.01227151862528,28,1,0,0,1.466150283105573,0.01
3489,161.17414755468351,15,1,0,0,1.2727912256452154,0.01
3490,141.62024447319203,51,1,0,0,1.427938658209941,0.01
3491,161.70146396709998,21,1,0,0,1.3206085010237825,0.01
3492,159.29620114484544,36,1,0,0,1.3775458633129285,0.01
3493,174.66332728626122,23,1,0,0,1.3864881188261315,0.01
3494,125.55901109908206,15,1,0,0,1.376941911779078,0.01
3495,-16.529804424884965,200,0,0,1,2.6510901159302196,0.01
3496,169.72602927887152,19,1,0,0,1.4817622605101277,0.01
3497,135.93294115306546,19,1,0,0,1.2587901211081587,0.01
3498,172.39385342236037,20,1,0,0,1.2184929816820838,0.01
3499,169.19879767245095,25,1,0,0,1.4590120369346455,0.01
3500,140.5066849674627,11,1,0,0,1.4254135599652564,0.01
3501,194.83168875563638,29,1,0,0,1.4418295719573606,0.01
3502,172.42745050705906,23,1,0,0,1.4847278262736094,0.01
3503,142.80339433604166,17,1,0,0,1.2960838409437765,0.01
3504,162.9772288937054,23,1,0,0,1.4183774801156845,0.01
3505,188.8784185016614,31,1,0,0,1.488571961896908,0.01
3506,142.32410983241564,19,1,0,0,1.3875475876568744,0.01
3507,205.8687569772228,28,1,0,0,1.3933208438543565,0.01
3508,131.86457880431828,12,1,0,0,1.3410591770600964,0.01
3509,26.175635143785346,200,0,0,1,5.637493795882632,0.01
3510,132.9979713744665,20,1,0,0,1.2069302447859984,0.01
3511,205.42025827554968,32,1,0,0,1.3402256295902277,0.01
3512,222.09274337784876,39,1,0,0,1.4390100677357849,0.01
3513,182.24193543292694,27,1,0,0,1.3743447337661603,0.01
3514,177.15766466010047,27,1,0,0,1.3391964998749595,0.01
3515,226.37986642162517,35,1,0,0,1.1674987817286917,0.01
3516,145.19597608236853,14,1,0,0,1.3824440892151857,0.01
3517,167.52812703605838,23,1,0,0,1.4539329656779916,0.01
3518,141.59158836741358,20,1,0,0,1.2898337531815036,0.01
3519,56.953351494577,200,0,0,1,2.871149125048594,0.01
3520,198.70165317423448,24,1,0,0,1.3749529151529938,0.01
3521,162.11440816699204,26,1,0,0,1.3103555139971603,0.01
3522,168.0557213506666,26,1,0,0,1.4983204514182011,0.01
3523,161.16148188174915,26,1,0,0,1.4136998198452932,0.01
3524,168.2718849910072,16,1,0,0,1.269721377906764,0.01
3525,142.003486581812,15,1,0,0,1.2379150100825307,0.01
3526,207.83518729465533,37,1,0,0,1.2168702825578614,0.01
3527,194.45885719665444,27,1,0,0,1.3155651673412865,0.01
3528,217.10019159772543,39,1,0,0,1.4678965881030421,0.01
3529,127.9628235308073,19,1,0,0,1.4521050844131311,0.01
3530,136.7617035030193,13,1,0,0,1.1764255685262273,0.01
3531,152.97966143126592,20,1,0,0,1.3779584044846709,0.01
3532,130.99977817876024,29,1,0,0,1.2213031206714173,0.01
3533,198.50110035032816,38,1,0,0,1.4789354729760356,0.01
3534,190.65115476810547,28,1,0,0,1.409188271402481,0.01
3535,127.47969107425313,16,1,0,0,1.4416266118402654,0.01
3536,124.68166338055198,42,1,0,0,1.454053577690699,0.01
3537,194.1010606745574,25,1,0,0,1.4290093563849577,0.01
3538,171.75831788614732,24,1,0,0,1.4971696365539024,0.01
3539,116.32052861678946,8,1,0,0,1.3625121531367483,0.01
3540,143.40384907806572,23,1,0,0,1.1645096351070965,0.01
3541,152.89291724415955,19,1,0,0,1.3746337824732069,0.01
3542,219.3732079006493,38,1,0,0,1.38525425005718,0.01
3543,141.47568428457646,17,1,0,0,1.4874988608046196,0.01
3544,180.35141597566843,27,1,0,0,1.486805502073463,0.01
3545,149.38423229423333,20,1,0,0,1.3459682984124277,0.01
3546,169.5476854611929,19,1,0,0,1.2643397566627077,0.01
3547,154.01467830576047,25,1,0,0,1.4077951663095987,0.01
3548,176.18171376756624,22,1,0,0,1.4571631086893089,0.01
3549,197.7578900038776,32,1,0,0,1.2762635496866892,0.01
3550,100.08316437177521,56,1,0,0,1.2390602700956295,0.01
3551,165.5549095265332,22,1,0,0,1.3922600144423722,0.01
3552,27.53082315820825,200,0,0,1,2.1873677103352507,0.01
3553,162.174590151794,23,1,0,0,1.1758048279776379,0.01
3554,178.79829294679155,21,1,0,0,1.4273865466827933,0.01
3555,153.9876793247889,28,1,0,0,1.4829811796633734,0.01
3556,119.16774981374452,7,1,0,0,1.308561219013057,0.01
3557,146.86902461882536,32,1,0,0,1.3838893360586773,0.01
3558,196.14310121500634,32,1,0,0,1.2597943035124606,0.01
3559,36.167725291418776,200,0,0,1,1.9037087072372856,0.01
3560,177.98228094391476,24,1,0,0,1.3233636666733855,0.01
3561,170.98314976483968,29,1,0,0,1.444349210892566,0.01
3562,157.0144590217861,20,1,0,0,1.486634730916305,0.01
3563,195.47909193561836,25,1,0,0,1.4600636617679452,0.01
3564,162.1857497592152,16,1,0,0,1.244059237175402,0.01
3565,-50.0,1,0,1,0,3.863122705854442,0.01
3566,194.47455843370096,33,1,0,0,1.3829122767733055,0.01
3567,157.45473431113413,21,1,0,0,1.2501389384193287,0.01
3568,160.4263340050075,20,1,0,0,1.176666267784953,0.01
3569,55.99242419404174,200,0,0,1,2.070889971070835,0.01
3570,137.86536835586634,17,1,0,0,1.4113635042557677,0.01
3571,158.0850495022804,14,1,0,0,1.1820330082707706,0.01
3572,160.1331541554262,21,1,0,0,1.4103722682344901,0.01
3573,236.26444357724975,42,1,0,0,1.4136031245012834,0.01
3574,-16.64387741565968,200,0,0,1,9.646090347285515,0.01
3575,143.09364206281265,14,1,0,0,1.2257994854440915,0.01
3576,153.02363417501866,21,1,0,0,1.3977734429289663,0.01
3577,148.2879859193617,21,1,0,0,1.298848326554401,0.01
3578,169.5841049757518,30,1,0,0,1.3877962314883676,0.01
3579,172.2689117618108,22,1,0,0,1.1810018125286557,0.01
3580,151.63830353401295,23,1,0,0,1.0890405160836423,0.01
3581,241.77598894308716,49,1,0,0,1.4896330002087022,0.01
3582,141.00066724515725,35,1,0,0,1.401179794699468,0.01
3583,156.316952048686,34,1,0,0,1.4520059257557856,0.01
3584,150.79259732665832,24,1,0,0,1.425572608440664,0.01
3585,258.7463112026886,167,1,0,0,1.2877532946913015,0.01
3586,163.30803973614678,24,1,0,0,1.3801951268661399,0.01
3587,172.24835371226294,21,1,0,0,1.4726636045564865,0.01
3588,149.3373417802352,17,1,0,0,1.2398789196848996,0.01
3589,157.94326718157043,24,1,0,0,1.435997200712436,0.01
3590,194.51294211402373,31,1,0,0,1.3922287582979693,0.01
3591,65.22472066889732,200,0,0,1,1.9119502287258159,0.01
3592,141.59808481079696,19,1,0,0,1.382656087893427,0.01
3593,239.14385826451883,47,1,0,0,1.3922185397520075,0.01
3594,198.82290419616112,28,1,0,0,1.3082985946318917,0.01
3595,164.54132254203793,22,1,0,0,1.419285033101056,0.01
3596,180.6945899235286,25,1,0,0,1.3801222305631409,0.01
3597,28.372902967573264,200,0,0,1,3.2879470146501415,0.01
3598,167.32505489544008,26,1,0,0,1.2827761294757185,0.01
3599,27.015325231583617,200,0,0,1,3.3346142364021087,0.01
3600,175.90514580026252,25,1,0,0,1.2160821135870836,0.01
3601,163.94646799060223,27,1,0,0,1.2388821962914227,0.01
3602,193.20615994560345,21,1,0,0,1.1868270566427495,0.01
3603,169.0161722927775,68,1,0,0,1.4187653133075186,0.01
3604,176.41779287670755,28,1,0,0,1.4507036935853745,0.01
3605,159.71953432817264,34,1,0,0,1.421080241218332,0.01
3606,180.80154873678399,31,1,0,0,1.4574955856666858,0.01
3607,178.5410702869121,23,1,0,0,1.3268405982850584,0.01
3608,187.8437485296651,31,1,0,0,1.4339527287722107,0.01
3609,174.3991835732574,22,1,0,0,1.3395195464123348,0.01
3610,162.6355561918199,20,1,0,0,1.3679102255463618,0.01
3611,110.60923394142677,9,1,0,0,1.4918960082955115,0.01
3612,167.29766872042785,200,0,0,1,2.1523345769700395,0.01
3613,168.1884468779016,22,1,0,0,1.2516824020665929,0.01
3614,125.26233979309089,10,1,0,0,1.2920063145461378,0.01
3615,135.27492186342428,25,1,0,0,1.466103976800361,0.01
3616,148.9271251448426,15,1,0,0,1.4844844021889745,0.01
3617,163.1208051006299,19,1,0,0,1.2186901454592698,0.01
3618,170.61015042863934,59,1,0,0,1.3851120010030185,0.01
3619,171.78295817072902,18,1,0,0,1.39169626783022,0.01
3620,157.4111721968892,16,1,0,0,1.1591045369946034,0.01
3621,139.75796698522294,15,1,0,0,1.4162595185834856,0.01
3622,234.5537379869869,40,1,0,0,1.477943567451072,0.01
3623,149.57425990231548,19,1,0,0,1.3825868379953132,0.01
3624,122.64729238328115,13,1,0,0,1.4539548102470203,0.01
3625,156.4544391856369,19,1,0,0,1.4449686520297516,0.01
3626,13.536018353231304,200,0,0,1,2.684991902003975,0.01
3627,264.5058604386859,50,1,0,0,1.469831574851898,0.01
3628,171.44173982579628,24,1,0,0,1.3985888910402353,0.01
3629,195.19043227132073,40,1,0,0,1.49017765721424,0.01
3630,243.16338909490068,50,1,0,0,1.4377445869633643,0.01
3631,160.26831910495986,23,1,0,0,1.1772578517493013,0.01
3632,179.88812475148472,24,1,0,0,1.2530966296088861,0.01
3633,198.41784947023848,37,1,0,0,1.3084049762717143,0.01
3634,50.981514802642714,200,0,0,1,2.2707787788522578,0.01
3635,175.00549331353042,20,1,0,0,1.286393998473866,0.01
3636,242.16229506143796,42,1,0,0,1.3612563651395966,0.01
3637,159.12946389980698,23,1,0,0,1.4970894674988038,0.01
3638,167.5508628017642,41,1,0,0,1.4648437090034299,0.01
3639,141.87753103732015,137,1,0,0,1.384134792088409,0.01
3640,151.2243088746473,17,1,0,0,1.2956289648079469,0.01
3641,156.85894016387851,20,1,0,0,1.1701930640242295,0.01
3642,175.28377407205613,21,1,0,0,1.0371507986734143,0.01
3643,204.97859564398058,29,1,0,0,1.4029397962682326,0.01
3644,147.2536781506824,17,1,0,0,1.4984354875139778,0.01
3645,197.68803981168514,42,1,0,0,1.4939420434613648,0.01
3646,191.82194586627008,29,1,0,0,1.451137063408126,0.01
3647,216.7980327945898,31,1,0,0,1.494317790149538,0.01
3648,157.06446055642112,20,1,0,0,1.4837819846485305,0.01
3649,33.29633827808349,200,0,0,1,2.965421932241691,0.01
3650,168.15046427753845,23,1,0,0,1.1887806278369093,0.01
3651,176.37980150478938,28,1,0,0,1.1226569912411817,0.01
3652,167.87861143041877,19,1,0,0,1.297413875171785,0.01
3653,133.72241643651614,13,1,0,0,1.4206975776828648,0.01
3654,159.07739184374702,21,1,0,0,1.4896482831512634,0.01
3655,176.53069019673342,22,1,0,0,1.4363644730936942,0.01
3656,181.73355849698032,30,1,0,0,1.3301126577337823,0.01
3657,191.28866434467403,28,1,0,0,1.3847717927940193,0.01
3658,3.6533563358202503,200,0,0,1,2.6845064739818283,0.01
3659,-50.0,1,0,1,0,2.8856392806697833,0.01
3660,192.74175290177772,25,1,0,0,1.2350526149979488,0.01
3661,184.2392112133303,21,1,0,0,1.4040370654345138,0.01
3662,113.95442970767662,9,1,0,0,1.4817190080863,0.01
3663,165.09183293861105,23,1,0,0,1.478106689820305,0.01
3664,237.48234463195791,45,1,0,0,1.4688561768057111,0.01
3665,165.40519987108343,20,1,0,0,1.4874598907288201,0.01
3666,168.9221044641282,27,1,0,0,1.4829753455549861,0.01
3667,135.97458213910812,142,1,0,0,1.2659167851980873,0.01
3668,164.75700065539564,61,1,0,0,1.193860850781715,0.01
3669,183.36321710393585,26,1,0,0,1.4407580408993723,0.01
3670,237.4929152383844,44,1,0,0,1.4857162525285241,0.01
3671,196.87071779574,27,1,0,0,1.3832284404062674,0.01
3672,196.01008888567756,33,1,0,0,1.3837375913432952,0.01
3673,232.76849077874593,40,1,0,0,1.3329539162051327,0.01
3674,172.31911431695556,26,1,0,0,1.4472994400045953,0.01
3675,224.54284250108907,39,1,0,0,1.3172771229229763,0.01
3676,138.3417991609415,16,1,0,0,1.240311707061716,0.01
3677,115.91346678950293,9,1,0,0,1.445764909568572,0.01
3678,129.50708446538192,50,1,0,0,1.4895725102422805,0.01
3679,206.00268516296194,79,1,0,0,1.3535752300080353,0.01
3680,-50.0,1,0,1,0,2.577662966884397,0.01
3681,221.54028003321304,32,1,0,0,1.4266672317473148,0.01
3682,216.52625186177966,37,1,0,0,1.4417895069137387,0.01
3683,227.10430202181175,44,1,0,0,1.4512013791073264,0.01
3684,168.6021880122865,22,1,0,0,1.2375920882867295,0.01
3685,141.61941831923974,27,1,0,0,1.4069413832787547,0.01
3686,192.18976870601026,29,1,0,0,1.2971786906107137,0.01
3687,153.0606804752852,19,1,0,0,1.4735406980175487,0.01
3688,146.7254919695487,17,1,0,0,1.0223668734051357,0.01
3689,191.25120151685746,27,1,0,0,1.452075178407821,0.01
3690,133.21456282971758,16,1,0,0,1.3376066024259001,0.01
3691,165.41898494520188,18,1,0,0,1.4836991200806957,0.01
3692,121.73371591194682,10,1,0,0,1.348292746708436,0.01
3693,177.37897041872563,22,1,0,0,1.3833343268683294,0.01
3694,190.8277433108462,26,1,0,0,1.3626122604886295,0.01
3695,182.23295392901395,26,1,0,0,1.2442834675758894,0.01
3696,179.00400818895253,20,1,0,0,1.2263331767210526,0.01
3697,135.30747820241464,19,1,0,0,1.4352993399733232,0.01
3698,155.82830943128454,13,1,0,0,1.3792788148979382,0.01
3699,170.47328775949637,22,1,0,0,1.4392139254760665,0.01
3700,199.83111078070465,37,1,0,0,1.4048249908405868,0.01
3701,125.69106905704915,15,1,0,0,1.3413405477830211,0.01
3702,209.04666076534096,47,1,0,0,1.4894620413207529,0.01
3703,144.88443512132216,35,1,0,0,1.4724703697135386,0.01
3704,181.86730813123512,25,1,0,0,1.3884853021938852,0.01
3705,157.75085829844548,16,1,0,0,1.134781884761065,0.01
3706,165.44744315554976,22,1,0,0,1.4878246108346007,0.01
3707,172.28567633775458,30,1,0,0,1.3589657226836205,0.01
3708,206.74177536205082,38,1,0,0,1.3766816710963805,0.01
3709,158.0851751464839,22,1,0,0,1.465005461806238,0.01
3710,157.49249367600325,16,1,0,0,1.2402537614573192,0.01
3711,192.21920016910045,32,1,0,0,1.4649751199886036,0.01
3712,15.527067470677641,200,0,0,1,2.672325459976523,0.01
3713,148.55020275487834,17,1,0,0,1.2415310594392928,0.01
3714,187.73125022235547,21,1,0,0,1.48607873189715,0.01
3715,241.23315699274724,47,1,0,0,1.4412403574876964,0.01
3716,183.84608190494106,28,1,0,0,1.4319318053766703,0.01
3717,177.82113073351178,21,1,0,0,1.4826538839658623,0.01
3718,235.73029349632247,80,1,0,0,1.4786302319462268,0.01
3719,164.58648492305065,24,1,0,0,1.2063432265600984,0.01
3720,145.5646262071965,23,1,0,0,1.208350743456318,0.01
3721,133.8092295154411,18,1,0,0,1.4851081710234546,0.01
3722,172.80835610326545,20,1,0,0,1.4083178629822737,0.01
3723,176.33052407348814,23,1,0,0,1.495702647702503,0.01
3724,134.39206395558358,193,1,0,0,1.2923686871087565,0.01
3725,153.79528876912735,21,1,0,0,1.3863539480932612,0.01
3726,208.05029870665138,28,1,0,0,1.3185053359814773,0.01
3727,198.80595228110104,29,1,0,0,1.489517437612355,0.01
3728,188.83235084065234,24,1,0,0,1.2484070522737554,0.01
3729,165.18466362320987,29,1,0,0,1.4659510383362235,0.01
3730,170.50842446269297,28,1,0,0,1.152663333106205,0.01
3731,174.7855578041891,50,1,0,0,1.4797354437953243,0.01
3732,163.0483315974377,22,1,0,0,1.4373869136811834,0.01
3733,127.16776533316309,11,1,0,0,1.4976772571470893,0.01
3734,170.7219193519103,24,1,0,0,1.4022534531233244,0.01
3735,179.4165219090994,21,1,0,0,1.347013357623706,0.01
3736,154.3008642662964,24,1,0,0,1.3856149618078262,0.01
3737,196.1633443120253,23,1,0,0,1.4505052477186204,0.01
3738,149.25302057786513,17,1,0,0,1.427042767904874,0.01
3739,169.97483246450622,24,1,0,0,1.4942775177490586,0.01
3740,171.40183198798263,25,1,0,0,1.4764422876379057,0.01
3741,193.42650771928675,21,1,0,0,1.3374875769106993,0.01
3742,199.21494507012525,31,1,0,0,1.3815406293926082,0.01
3743,151.08896674222683,13,1,0,0,1.2833817228273143,0.01
3744,164.91651358155676,27,1,0,0,1.4509001713128964,0.01
3745,159.27629091684213,17,1,0,0,1.2266945940563625,0.01
3746,160.2001790334408,27,1,0,0,1.4127057892195647,0.01
3747,150.8356538072284,114,1,0,0,1.4885517326168765,0.01
3748,204.73373023747058,37,1,0,0,1.3517125063048203,0.01
3749,114.96928934144752,11,1,0,0,1.4308975034727625,0.01
3750,155.098859055519,15,1,0,0,1.144504773596128,0.01
3751,179.16955419356748,24,1,0,0,1.4108106398493567,0.01
3752,218.49502866120545,33,1,0,0,1.3333384136679618,0.01
3753,147.06091668238096,17,1,0,0,1.2506694319742133,0.01
3754,139.3200642842782,16,1,0,0,1.4225159842294124,0.01
3755,147.11318786856347,26,1,0,0,1.2074497829886315,0.01
3756,162.1773184733347,19,1,0,0,1.382575642441269,0.01
3757,170.61967271536167,20,1,0,0,1.4021291176044688,0.01
3758,150.25364152802217,27,1,0,0,1.320147409761924,0.01
3759,218.16323947527366,37,1,0,0,1.230151903059945,0.01
3760,208.2871738646108,33,1,0,0,1.4620040223929527,0.01
3761,124.08881179961853,12,1,0,0,1.4569435892242693,0.01
3762,205.54084415893175,33,1,0,0,1.252627109371248,0.01
3763,136.1254415841263,10,1,0,0,1.4618439314256526,0.01
3764,227.14151850196464,37,1,0,0,1.3898080077568642,0.01
3765,140.40671631039356,25,1,0,0,1.243482859039151,0.01
3766,136.7882559723062,13,1,0,0,1.1278734897658134,0.01
3767,-23.07169565987417,200,0,0,1,2.4019765665350135,0.01
3768,154.59599328606453,30,1,0,0,1.4625553556577404,0.01
3769,233.21692630346251,45,1,0,0,1.4668785123574062,0.01
3770,161.62986635737775,21,1,0,0,1.4044414811840136,0.01
3771,145.62879160763146,22,1,0,0,1.2645466582466316,0.01
3772,209.32783857437545,32,1,0,0,1.3509288941698043,0.01
3773,206.7571222987347,40,1,0,0,1.4795902719171323,0.01
3774,169.864608621161,33,1,0,0,1.4903136943293125,0.01
3775,47.667880499004205,200,0,0,1,2.898455139536213,0.01
3776,143.62003859149854,21,1,0,0,1.3521778882894628,0.01
3777,165.75695590624343,20,1,0,0,1.4498064860443778,0.01
3778,181.4098231193033,28,1,0,0,1.2495339530805678,0.01
3779,234.43067893459818,44,1,0,0,1.358059407778013,0.01
3780,152.13151536081497,18,1,0,0,1.3412798354592363,0.01
3781,169.89129363465713,23,1,0,0,1.2348484159701922,0.01
3782,149.82581229389316,17,1,0,0,1.4679224615899504,0.01
3783,192.31406378989175,25,1,0,0,1.3938847059139652,0.01
3784,138.1286829623916,200,0,0,1,2.2582742131642104,0.01
3785,165.5293986382684,24,1,0,0,1.210430095397403,0.01
3786,216.22331297522507,37,1,0,0,1.4224464339712328,0.01
3787,170.03570215136966,22,1,0,0,1.32131477661914,0.01
3788,221.6047873210895,36,1,0,0,1.1623630095073765,0.01
3789,165.31505530380235,22,1,0,0,1.1897867314379718,0.01
3790,164.8299345718341,45,1,0,0,1.4806983730793972,0.01
3791,164.44011822528492,20,1,0,0,1.3190363603756796,0.01
3792,176.9699240406468,20,1,0,0,1.3894456693485016,0.01
3793,200.3821328372047,24,1,0,0,1.3503063795911343,0.01
3794,157.0472878326995,19,1,0,0,1.3396457583965589,0.01
3795,164.41993873506468,29,1,0,0,1.43916894842468,0.01
3796,167.54144460619554,20,1,0,0,1.368467419013075,0.01
3797,163.12029624689023,27,1,0,0,1.29589465078852,0.01
3798,225.37771757635227,41,1,0,0,1.3951354000433218,0.01
3799,210.7452692331455,35,1,0,0,1.3049005612806752,0.01
3800,134.7048766446,14,1,0,0,1.4911447701565728,0.01
3801,157.94432377407873,16,1,0,0,1.4477340132859458,0.01
3802,152.80596558441783,17,1,0,0,1.4234821693425006,0.01
3803,184.45219922349554,44,1,0,0,1.341368256011644,0.01
3804,149.52505088802656,80,1,0,0,1.4805000257365324,0.01
3805,182.57543976350377,36,1,0,0,1.3949676122994317,0.01
3806,167.74815166267206,24,1,0,0,1.1731422124112758,0.01
3807,165.1936200663321,25,1,0,0,1.3075109280941573,0.01
3808,162.51895054699392,26,1,0,0,1.4613337839296066,0.01
3809,146.12124949215013,21,1,0,0,1.398911462936576,0.01
3810,201.19456975627693,39,1,0,0,1.2298624877698376,0.01
3811,183.80090985200943,23,1,0,0,1.3841037088395238,0.01
3812,212.44982104308076,29,1,0,0,1.4002305243539568,0.01
3813,172.53228856497557,25,1,0,0,1.4920705295571748,0.01
3814,-50.0,1,0,1,0,4.386558801375535,0.01
3815,169.34817159028404,23,1,0,0,1.4381230417390514,0.01
3816,150.90587669770545,20,1,0,0,1.2426082438116541,0.01
3817,177.77466220842643,30,1,0,0,1.459465686625894,0.01
3818,175.02369433465714,20,1,0,0,1.2863455585742576,0.01
3819,197.57366786903626,30,1,0,0,1.247670574021256,0.01
3820,132.99278463013934,10,1,0,0,1.4361426189991346,0.01
3821,253.58914271023082,93,1,0,0,1.4184840702370343,0.01
3822,163.69155139357596,22,1,0,0,1.2482482772387304,0.01
3823,142.24001355959035,18,1,0,0,1.3318821411391593,0.01
3824,141.54644790463672,15,1,0,0,1.4458870167623412,0.01
3825,167.43147830492694,52,1,0,0,1.2417177157546744,0.01
3826,240.1073392200312,47,1,0,0,1.3463866515939678,0.01
3827,158.62454320150664,13,1,0,0,1.4871827520248693,0.01
3828,155.9752809436363,38,1,0,0,1.4685180482453402,0.01
3829,160.77715792865988,20,1,0,0,1.2016995464733333,0.01
3830,196.3745988819049,31,1,0,0,1.327845943395865,0.01
3831,113.1369036463439,4,1,0,0,1.4337857797796687,0.01
3832,155.92950602329702,17,1,0,0,1.2822372559371122,0.01
3833,166.4582645311385,23,1,0,0,1.4325055342798247,0.01
3834,162.95912315896652,25,1,0,0,1.3198689759217115,0.01
3835,173.38302509749,24,1,0,0,1.0737305692897405,0.01
3836,206.15362622025265,31,1,0,0,1.4872894487787012,0.01
3837,168.96637028577078,37,1,0,0,1.4920206948364165,0.01
3838,166.74615841452018,24,1,0,0,1.4593384457166343,0.01
3839,174.2475136443739,24,1,0,0,1.1736473289639324,0.01
3840,194.16366100300766,33,1,0,0,1.3074827018106643,0.01
3841,215.08061533498653,40,1,0,0,1.4823280472359759,0.01
3842,220.09256236513227,42,1,0,0,1.2712137822568257,0.01
3843,173.34233150341055,23,1,0,0,1.2034712733982775,0.01
3844,185.72192908479022,20,1,0,0,1.445669925499707,0.01
3845,188.40854167276737,37,1,0,0,1.1914363849563452,0.01
3846,164.94422615883857,22,1,0,0,1.1581220887150885,0.01
3847,181.8595783231778,38,1,0,0,1.3077315605339341,0.01
3848,170.41110753509653,23,1,0,0,1.179962496003442,0.01
3849,120.90468276748963,16,1,0,0,1.3938633607725224,0.01
3850,139.145361350997,20,1,0,0,1.3946986944360704,0.01
3851,194.73742852763144,37,1,0,0,1.4361209940442945,0.01
3852,141.99676696090356,17,1,0,0,1.4703500579607034,0.01
3853,177.83423188770644,26,1,0,0,1.393425142937134,0.01
3854,223.6905348215723,36,1,0,0,1.3829958380232434,0.01
3855,167.1082080695815,29,1,0,0,1.4754727266125347,0.01
3856,203.52269821182063,24,1,0,0,1.4788379837091719,0.01
3857,186.44477586879378,31,1,0,0,1.4687026479498668,0.01
3858,168.38910878810884,20,1,0,0,1.2852594651479483,0.01
3859,165.44840409685054,29,1,0,0,1.4001427935043758,0.01
3860,179.93710560204295,32,1,0,0,1.4092293762819972,0.01
3861,105.51565391693781,15,1,0,0,1.2228761164027728,0.01
3862,169.56378428368635,21,1,0,0,1.325152520198116,0.01
3863,106.57452559617593,45,1,0,0,1.4329834360942095,0.01
3864,180.20476563318334,27,1,0,0,1.1576779598609803,0.01
3865,162.4403605225542,27,1,0,0,1.3671024148913649,0.01
3866,196.33469780843893,33,1,0,0,1.1952833970095293,0.01
3867,178.5756118688704,24,1,0,0,1.3560557296243587,0.01
3868,213.0369798622272,34,1,0,0,1.4271515454189299,0.01
3869,175.28331612395738,27,1,0,0,1.1272759849745182,0.01
3870,219.7753678669186,41,1,0,0,1.2330887334816432,0.01
3871,145.1619946433189,19,1,0,0,1.4907973256722078,0.01
3872,180.27569514611153,20,1,0,0,1.4300952046249293,0.01
3873,146.3228207348266,19,1,0,0,1.2640070736480005,0.01
3874,141.41256635508822,16,1,0,0,1.3469852973161809,0.01
3875,161.08072697278195,34,1,0,0,1.4909705825356223,0.01
3876,170.64227381324883,28,1,0,0,1.3193275858941305,0.01
3877,177.55132125198037,30,1,0,0,1.3205043353240737,0.01
3878,128.92057955187406,88,1,0,0,1.4994006666979973,0.01
3879,6.286187706996978,200,0,0,1,1.826861264983729,0.01
3880,164.1088927547391,20,1,0,0,1.4604320970082993,0.01
3881,65.44113612822864,200,0,0,1,2.3187431899124755,0.01
3882,173.3770005713809,21,1,0,0,1.4587173440258279,0.01
3883,177.5847858101556,22,1,0,0,1.3871298833395005,0.01
3884,138.97345927638014,12,1,0,0,1.350709909035607,0.01
3885,168.65682288483802,17,1,0,0,1.3835020698407705,0.01
3886,155.5344296138723,21,1,0,0,1.0663359168444737,0.01
3887,225.85726770683345,44,1,0,0,1.4615486747816233,0.01
3888,219.7782000756468,36,1,0,0,1.4924065280534748,0.01
3889,103.86861470828205,2,1,0,0,1.4637604801635546,0.01
3890,3.804456357585927,200,0,0,1,2.328578945545149,0.01
3891,181.77004974792567,21,1,0,0,1.1611919734973706,0.01
3892,155.77312414916685,27,1,0,0,1.2433289193560122,0.01
3893,135.51350247062518,21,1,0,0,1.3764747157304764,0.01
3894,175.52997058311655,23,1,0,0,1.4027534668947625,0.01
3895,170.57683100888448,22,1,0,0,1.274555641076396,0.01
3896,173.23152081328402,29,1,0,0,1.4307219598387477,0.01
3897,112.64022328792352,5,1,0,0,1.3968386581891636,0.01
3898,133.79915854989733,17,1,0,0,1.4062936568946731,0.01
3899,190.44094387543632,30,1,0,0,1.3520042618818031,0.01
3900,102.7542381577624,119,1,0,0,1.4459740305006814,0.01
3901,100.0,1,1,0,0,1.4137750198861552,0.01
3902,169.72807238563306,25,1,0,0,1.3912144992496376,0.01
3903,178.51125069342345,30,1,0,0,1.4832001442709692,0.01
3904,162.21582418784385,24,1,0,0,1.353609023011528,0.01
3905,174.8493462829929,22,1,0,0,1.3978851571109763,0.01
3906,129.34999793637536,11,1,0,0,1.3620220480135572,0.01
3907,263.97887084394574,54,1,0,0,1.354011658919108,0.01
3908,183.711640178705,33,1,0,0,1.3091116887943313,0.01
3909,177.9282477529175,25,1,0,0,1.4048762721058572,0.01
3910,151.10784808116875,25,1,0,0,1.1190404132603724,0.01
3911,157.62613415779654,27,1,0,0,1.352448636994496,0.01
3912,184.46919733121388,23,1,0,0,1.2333303059246459,0.01
3913,234.34546194497858,45,1,0,0,1.376153732202863,0.01
3914,232.8733481839757,45,1,0,0,1.2781937822094052,0.01
3915,195.30967453250167,104,1,0,0,1.4696260388929716,0.01
3916,190.0769220323047,25,1,0,0,1.4158948065350996,0.01
3917,215.65052089169896,61,1,0,0,1.4982760761349727,0.01
3918,175.2770205413114,25,1,0,0,1.2783167416612315,0.01
3919,174.93183667895048,22,1,0,0,1.4121567141552742,0.01
3920,176.47021922876363,23,1,0,0,1.3783956725259179,0.01
3921,187.8364286796815,34,1,0,0,1.351163035071853,0.01
3922,152.02235669446614,25,1,0,0,1.4794786805758806,0.01
3923,143.94271062766876,13,1,0,0,1.217613618937329,0.01
3924,227.61056428958906,38,1,0,0,1.3187183145722137,0.01
3925,139.0907695653839,13,1,0,0,1.3930882193566871,0.01
3926,143.56209128934776,45,1,0,0,1.3160551981304145,0.01
3927,160.30630996814628,19,1,0,0,1.4095145344754796,0.01
3928,184.75666751441307,28,1,0,0,1.3400933438442573,0.01
3929,189.41245521829967,24,1,0,0,1.128027202433448,0.01
3930,194.9683862647001,35,1,0,0,1.4660830626244201,0.01
3931,139.94431520876935,14,1,0,0,1.2695184350359698,0.01
3932,161.16009678855553,32,1,0,0,1.4196407342479864,0.01
3933,174.84219954059947,28,1,0,0,1.2953942642958172,0.01
3934,156.0637202395024,21,1,0,0,1.3754707318645145,0.01
3935,144.27632052215685,15,1,0,0,1.2432637940528577,0.01
3936,67.55550392901131,200,0,0,1,2.7152244253477917,0.01
3937,130.96988615319194,71,1,0,0,1.457123868325788,0.01
3938,166.47894959587825,28,1,0,0,1.3228488658569437,0.01
3939,185.57329996940925,26,1,0,0,1.3157903713902563,0.01
3940,190.2979623055484,24,1,0,0,1.1148076775405142,0.01
3941,216.2184239568254,139,1,0,0,1.490025190147491,0.01
3942,203.62463182737534,34,1,0,0,1.4616495167728807,0.01
3943,203.42433538721286,35,1,0,0,1.4400872776213982,0.01
3944,188.87442480850964,24,1,0,0,1.316459320337091,0.01
3945,190.4941436467159,28,1,0,0,1.3886491803629262,0.01
3946,182.13192160484712,33,1,0,0,1.3235903251203869,0.01
3947,173.99613440939333,21,1,0,0,1.4032651879390632,0.01
3948,176.1096149576815,22,1,0,0,1.0869031192364915,0.01
3949,164.20818203268118,25,1,0,0,1.4246496406234046,0.01
3950,151.60689782486497,23,1,0,0,1.1940177069002322,0.01
3951,165.6643388052642,21,1,0,0,1.2276101179859316,0.01
3952,119.47096386345507,12,1,0,0,1.2271704388513203,0.01
3953,35.069267726852345,200,0,0,1,1.6741692226916587,0.01
3954,184.95121533563076,22,1,0,0,1.2788612715134888,0.01
3955,217.22430506802985,39,1,0,0,1.2701546802091042,0.01
3956,179.74866351194498,26,1,0,0,1.3259384149676305,0.01
3957,213.8181839639322,41,1,0,0,1.4921391866000515,0.01
3958,173.0299221994233,26,1,0,0,1.162167820258126,0.01
3959,230.2734098102488,44,1,0,0,1.2463689944476564,0.01
3960,142.8687270032992,16,1,0,0,1.3407699130129334,0.01
3961,193.07200210259978,29,1,0,0,1.3691351966188825,0.01
3962,189.678668339057,30,1,0,0,1.4037083953013463,0.01
3963,132.88510961446264,14,1,0,0,1.4577064039726106,0.01
3964,188.61446338474275,35,1,0,0,1.4254541859944954,0.01
3965,142.25362918395257,17,1,0,0,1.467777645891525,0.01
3966,276.18212265619104,63,1,0,0,1.4653956631785772,0.01
3967,156.97521142329268,25,1,0,0,1.3863874474080358,0.01
3968,182.6241822358797,23,1,0,0,1.306544394027913,0.01
3969,186.26412999101498,23,1,0,0,1.4043211802986573,0.01
3970,182.82415359262515,26,1,0,0,1.3088832511427777,0.01
3971,147.5379834415745,23,1,0,0,1.486038098427486,0.01
3972,165.5708534802551,31,1,0,0,1.2482884455123122,0.01
3973,173.6881612978205,24,1,0,0,1.4565349861944066,0.01
3974,119.24934258224346,15,1,0,0,1.2253443169480103,0.01
3975,130.41970650534202,10,1,0,0,1.098192988967613,0.01
3976,174.1874229063417,22,1,0,0,1.375548857241518,0.01
3977,200.65074686177718,29,1,0,0,1.4709442973526623,0.01
3978,115.17957738063684,9,1,0,0,1.3442084440182909,0.01
3979,192.0870387421977,28,1,0,0,1.3764413092918273,0.01
3980,171.55535456003992,27,1,0,0,1.3188934232060188,0.01
3981,101.72878910785597,200,0,0,1,2.0680819665783847,0.01
3982,163.91805108034183,18,1,0,0,1.4192201883750974,0.01
3983,202.1959652386625,27,1,0,0,1.2463352778927095,0.01
3984,163.98905895144304,24,1,0,0,1.3780989346286456,0.01
3985,190.80138036386643,24,1,0,0,1.3373406772600778,0.01
3986,179.79373616283846,22,1,0,0,1.2814816092364725,0.01
3987,224.72886232495105,59,1,0,0,1.3338067279804673,0.01
3988,155.36620850162248,15,1,0,0,1.3047345914372213,0.01
3989,141.94878652776245,13,1,0,0,1.2272391530647413,0.01
3990,212.41176147927814,36,1,0,0,1.330533593852742,0.01
3991,133.74968669043767,18,1,0,0,1.2105939378109452,0.01
3992,160.2458508570891,22,1,0,0,1.1943960272486613,0.01
3993,156.09121853078628,17,1,0,0,1.130823732193634,0.01
3994,-50.0,1,0,1,0,3.4896900164982743,0.01
3995,162.94091397210747,30,1,0,0,1.3737291828647218,0.01
3996,186.50678453332256,31,1,0,0,1.4481997065114527,0.01
3997,182.14263951071808,21,1,0,0,1.4825240999928748,0.01
3998,175.3124361147761,24,1,0,0,1.406296025243909,0.01
3999,147.02928053367782,14,1,0,0,1.3179320010023603,0.01
4000,161.88021033117974,25,1,0,0,1.3227293630804549,0.01
4001,162.77051262611894,21,1,0,0,1.4926756922776527,0.01
4002,202.5259403362855,27,1,0,0,1.4504580071218527,0.01
4003,147.1229158484624,21,1,0,0,1.309552380179893,0.01
4004,212.62047511056858,31,1,0,0,1.2438879285001692,0.01
4005,173.10976874417582,59,1,0,0,1.4759739588596923,0.01
4006,164.32337034383823,22,1,0,0,1.2467340002022893,0.01
4007,162.59966547716468,28,1,0,0,1.406141576583843,0.01
4008,221.53421181193454,43,1,0,0,1.4437971541918841,0.01
4009,146.33130353848742,16,1,0,0,1.1472205630772079,0.01
4010,154.74873774436622,24,1,0,0,1.3953775874167569,0.01
4011,133.62879263095985,18,1,0,0,1.3813735476736775,0.01
4012,158.52588704560918,101,1,0,0,1.4377116147858648,0.01
4013,134.82122541819135,12,1,0,0,1.3783050987408263,0.01
4014,142.41434923603504,12,1,0,0,1.1275664594284946,0.01
4015,187.18612266802404,22,1,0,0,1.155511813204881,0.01
4016,163.45896652090187,26,1,0,0,1.4834115935924486,0.01
4017,182.66924275887203,22,1,0,0,1.4656235212184248,0.01
4018,177.39504309551768,19,1,0,0,1.258063296163374,0.01
4019,134.80619057797125,17,1,0,0,1.3170109108234656,0.01
4020,208.04072544371894,32,1,0,0,1.3935388475407018,0.01
4021,228.40093726642175,38,1,0,0,1.4412914367009144,0.01
4022,205.9359155805486,25,1,0,0,1.2141354761355503,0.01
4023,132.85407776781608,13,1,0,0,1.3809451763002267,0.01
4024,150.33149719117387,16,1,0,0,1.3169305235204172,0.01
4025,191.52893075676772,24,1,0,0,1.4986738398414614,0.01
4026,197.43483006404745,29,1,0,0,1.4637588682561389,0.01
4027,170.13196655212673,24,1,0,0,1.360218861236026,0.01
4028,133.1344704785512,10,1,0,0,1.443374959535512,0.01
4029,-50.0,1,0,1,0,5.9084767758302705,0.01
4030,151.76099275434035,16,1,0,0,1.3891944123921043,0.01
4031,145.9840647237751,24,1,0,0,1.383178973291499,0.01
4032,146.56008862124185,18,1,0,0,1.4929646922103477,0.01
4033,196.19918221620821,31,1,0,0,1.45322597387928,0.01
4034,155.8154052207295,16,1,0,0,1.4374168212717702,0.01
4035,213.94771117113,35,1,0,0,1.350806036130637,0.01
4036,136.04624848806165,17,1,0,0,1.2121478275313518,0.01
4037,160.59387584413508,18,1,0,0,1.3017699601397295,0.01
4038,197.69266395622077,22,1,0,0,1.4705588068608317,0.01
4039,171.1424486432942,24,1,0,0,1.3605363527628833,0.01
4040,169.06408513927664,32,1,0,0,1.466664162861612,0.01
4041,129.77284098362006,12,1,0,0,1.293882840356563,0.01
4042,179.32435073469657,40,1,0,0,1.3608517013926138,0.01
4043,-50.0,1,0,1,0,3.2235981768792183,0.01
4044,166.32800602479887,20,1,0,0,1.405619842419016,0.01
4045,169.13260423570756,17,1,0,0,1.4094813103913757,0.01
4046,125.70503583447763,7,1,0,0,1.2243420024657545,0.01
4047,134.1548790824008,9,1,0,0,1.4417310311464229,0.01
4048,175.41853739690913,24,1,0,0,1.4284843699649654,0.01
4049,122.474471962369,7,1,0,0,1.4398974795340078,0.01
4050,182.71442185150377,22,1,0,0,1.4742291899649596,0.01
4051,205.65398452041148,31,1,0,0,1.1463985682031634,0.01
4052,160.33826245399177,20,1,0,0,1.1820777649083587,0.01
4053,146.55856114317197,13,1,0,0,1.2954653013037896,0.01
4054,161.77872240726546,21,1,0,0,1.2652341620971483,0.01
4055,174.16248145902347,21,1,0,0,1.359309618917868,0.01
4056,200.1580145648766,30,1,0,0,1.433475951938396,0.01
4057,153.3309837826228,20,1,0,0,1.367628332902741,0.01
4058,141.60812964076212,13,1,0,0,1.4793422177645952,0.01
4059,255.81483189977874,50,1,0,0,1.4127253675496863,0.01
4060,142.68321274600765,20,1,0,0,1.4574630210651527,0.01
4061,232.65703948154322,42,1,0,0,1.236382235352395,0.01
4062,158.45576627856713,21,1,0,0,1.2151108066330683,0.01
4063,170.68702137480415,18,1,0,0,1.3009629110751195,0.01
4064,130.13309450925348,17,1,0,0,1.3545154353447824,0.01
4065,189.1339795783964,29,1,0,0,1.3773592679831075,0.01
4066,128.0174044529612,23,1,0,0,1.4791709031300533,0.01
4067,178.47724040685222,26,1,0,0,1.4140871915033453,0.01
4068,173.14984599888237,21,1,0,0,1.4010351110691528,0.01
4069,213.565868848757,36,1,0,0,1.4341839409195647,0.01
4070,159.08795186012705,17,1,0,0,1.1528870074812467,0.01
4071,135.83411583124894,21,1,0,0,1.4898054429637577,0.01
4072,192.3042283335352,27,1,0,0,1.402099168214131,0.01
4073,197.63213722348704,34,1,0,0,1.426471866628385,0.01
4074,128.99774152384424,13,1,0,0,1.2861102032885086,0.01
4075,141.63634535016763,18,1,0,0,1.3836523456992025,0.01
4076,168.3946560230551,22,1,0,0,1.40948866948016,0.01
4077,146.8266770471384,21,1,0,0,1.4528341749845914,0.01
4078,163.58820118382414,24,1,0,0,1.3572123995220353,0.01
4079,170.38044910678525,35,1,0,0,1.1945545902008845,0.01
4080,32.87967143857189,200,0,0,1,1.9108327759511734,0.01
4081,188.78300143327687,31,1,0,0,1.357245115869702,0.01
4082,145.05301000587696,22,1,0,0,1.2970443237121065,0.01
4083,170.50461497526305,26,1,0,0,1.4935485936002637,0.01
4084,159.92420768721556,25,1,0,0,1.4237437720878936,0.01
4085,220.90704904267557,42,1,0,0,1.285825739393016,0.01
4086,176.57267551856145,24,1,0,0,1.4535912339211934,0.01
4087,192.6927809553131,27,1,0,0,1.4568353838491872,0.01
4088,105.99255490049809,8,1,0,0,1.4530671244822178,0.01
4089,144.63396885638863,24,1,0,0,1.4532362282158668,0.01
4090,186.8893700401769,35,1,0,0,1.303240089400067,0.01
4091,223.68888686003854,36,1,0,0,1.4490073507356611,0.01
4092,137.00898631463483,12,1,0,0,1.3381709550691092,0.01
4093,178.91312792888345,33,1,0,0,1.361388597912895,0.01
4094,172.56699035751492,20,1,0,0,1.386048762165757,0.01
4095,122.80799585566682,12,1,0,0,1.261823171420136,0.01
4096,235.2663105967796,42,1,0,0,1.4887974100929084,0.01
4097,220.03620984550355,30,1,0,0,1.247325340175982,0.01
4098,164.91522537036036,24,1,0,0,1.4385580450772122,0.01
4099,167.00857797477315,21,1,0,0,1.179220779906202,0.01
4100,183.28966112652523,29,1,0,0,1.4508550636775244,0.01
4101,142.55750263107512,21,1,0,0,1.3599523375784375,0.01
4102,5.461652060462219,200,0,0,1,1.8862349497215136,0.01
4103,172.30492221474117,22,1,0,0,1.4672410936170934,0.01
4104,150.05321548924192,22,1,0,0,1.4069199799269088,0.01
4105,205.02415386078465,25,1,0,0,1.265613955683666,0.01
4106,146.7747018360849,31,1,0,0,1.4255557271399872,0.01
4107,141.83105606265823,15,1,0,0,1.4413229653850141,0.01
4108,195.76612131637728,26,1,0,0,1.4618124836183226,0.01
4109,178.21512563344152,29,1,0,0,1.4595442130265521,0.01
4110,197.7644480314764,31,1,0,0,1.4072084393038706,0.01
4111,206.98119079583194,30,1,0,0,1.256120586048536,0.01
4112,148.56430478869405,20,1,0,0,1.3794862285206064,0.01
4113,129.77688783836203,12,1,0,0,1.3250042044253647,0.01
4114,185.0635901082502,86,1,0,0,1.4927189496300277,0.01
4115,171.05930203606547,23,1,0,0,1.2361068010329228,0.01
4116,138.89726901648663,13,1,0,0,1.2215227357192013,0.01
4117,175.35238666653527,24,1,0,0,1.2414152621098962,0.01
4118,168.48079102433832,24,1,0,0,1.0786066509476162,0.01
4119,159.3255255462422,22,1,0,0,1.063007769823478,0.01
4120,169.235272512253,26,1,0,0,1.4981443902229343,0.01
4121,165.37148744926438,19,1,0,0,1.3564217145256212,0.01
4122,185.11747496561483,22,1,0,0,1.4762189930652707,0.01
4123,145.77760742377689,17,1,0,0,1.4853890886651522,0.01
4124,166.6014382201607,25,1,0,0,1.477199008514124,0.01
4125,149.40725855590424,16,1,0,0,1.4298826805900238,0.01
4126,176.01401181199628,25,1,0,0,1.1568765971979866,0.01
4127,169.57426820645733,31,1,0,0,1.3818739315807649,0.01
4128,176.52513325475985,24,1,0,0,1.361523335592265,0.01
4129,183.5757867053511,24,1,0,0,1.3764189791882433,0.01
4130,165.87460152209388,20,1,0,0,1.2619006785941558,0.01
4131,166.3443226215612,22,1,0,0,1.3563241359646807,0.01
4132,122.87155630145443,114,1,0,0,1.4611742715966958,0.01
4133,167.732472240976,18,1,0,0,1.3515139773608411,0.01
4134,154.9837353452358,14,1,0,0,1.2315110204793858,0.01
4135,229.3784197197715,70,1,0,0,1.484800374625237,0.01
4136,185.35325079698015,69,1,0,0,1.3977111528738932,0.01
4137,163.5378558262514,23,1,0,0,1.4748757568221365,0.01
4138,150.301030198114,21,1,0,0,1.313451870794641,0.01
4139,188.70407765040375,26,1,0,0,1.425676430580751,0.01
4140,186.04502528073823,25,1,0,0,1.3156920129581768,0.01
4141,270.10376258867063,73,1,0,0,1.4978871300865726,0.01
4142,164.6720287070972,20,1,0,0,1.4937676741407515,0.01
4143,201.82397409614362,33,1,0,0,1.2355749633242834,0.01
4144,95.01240245631224,76,1,0,0,1.39499106760122,0.01
4145,179.69725389944307,22,1,0,0,1.4827171538168582,0.01
4146,165.7487632456677,23,1,0,0,1.4757482980118675,0.01
4147,267.3330507733538,121,1,0,0,1.4967845124589774,0.01
4148,148.31132736024153,16,1,0,0,1.2289816082184355,0.01
4149,158.49820275637296,27,1,0,0,1.1759788386137993,0.01
4150,130.06036416449197,14,1,0,0,1.4059382240456126,0.01
4151,163.61608903196216,18,1,0,0,1.3655642989149144,0.01
4152,161.37142558725776,20,1,0,0,1.3012309055251001,0.01
4153,156.78391527507506,21,1,0,0,1.0813558579420601,0.01
4154,132.91920860660062,200,0,0,1,1.6692324010155555,0.01
4155,180.66208639382916,25,1,0,0,1.4470859067958837,0.01
4156,129.8183650457121,23,1,0,0,1.4730650362005226,0.01
4157,227.67521389957597,43,1,0,0,1.2342167014388017,0.01
4158,201.1558175600693,29,1,0,0,1.4127779576597126,0.01
4159,242.90003193714452,196,1,0,0,1.4828507538329232,0.01
4160,182.96893717970036,70,1,0,0,1.4800921676966015,0.01
4161,146.82740565039856,35,1,0,0,1.4254895378553656,0.01
4162,133.06939144390793,16,1,0,0,1.2516969474809732,0.01
4163,189.51682742164434,63,1,0,0,1.445091402618527,0.01
4164,104.41153412037337,3,1,0,0,1.1989163349017442,0.01
4165,156.2747370387694,21,1,0,0,1.4195612460820901,0.01
4166,158.180233715951,22,1,0,0,1.3071946735797524,0.01
4167,192.33113932831725,25,1,0,0,1.4093806077667232,0.01
4168,175.87658601794539,20,1,0,0,1.4849873105037812,0.01
4169,164.5241549161238,26,1,0,0,1.3231689634862862,0.01
4170,166.352823913336,24,1,0,0,1.332791356137724,0.01
4171,149.0826667343363,23,1,0,0,1.439012095180621,0.01
4172,170.32499388623592,21,1,0,0,1.3023919316489885,0.01
4173,172.0791266811213,29,1,0,0,1.2339369076359075,0.01
4174,107.04968254758154,27,1,0,0,1.484512203281669,0.01
4175,164.75903303830685,41,1,0,0,1.098110202124747,0.01
4176,167.05147041101677,82,1,0,0,1.482471829602877,0.01
4177,158.7808355864446,20,1,0,0,1.3583658876972073,0.01
4178,174.478474027954,24,1,0,0,1.3484127250007438,0.01
4179,164.09564458568994,22,1,0,0,1.2866719810868947,0.01
4180,159.19387902092248,22,1,0,0,1.321830238287462,0.01
4181,-37.122670750157724,5,0,1,0,2.670958786828259,0.01
4182,167.49354448392359,24,1,0,0,1.2328376446632479,0.01
4183,176.65918991906355,28,1,0,0,1.3586805556923143,0.01
4184,172.17216492477695,30,1,0,0,1.4935312288487537,0.01
4185,182.81504683548553,26,1,0,0,1.241392062453689,0.01
4186,203.31586082423593,29,1,0,0,1.3368347772363636,0.01
4187,156.23350353751292,20,1,0,0,1.307431819683182,0.01
4188,153.21975773512824,18,1,0,0,1.1275474786487567,0.01
4189,160.1932336469206,17,1,0,0,1.193140422352118,0.01
4190,183.2346332703218,27,1,0,0,1.3056456158047989,0.01
4191,194.51487455449012,38,1,0,0,1.4954953449142536,0.01
4192,147.70537557545242,16,1,0,0,1.4071232208537394,0.01
4193,138.87684432062107,18,1,0,0,1.4870727216364612,0.01
4194,190.4791283166287,28,1,0,0,1.441238511748803,0.01
4195,138.9086876939043,12,1,0,0,1.487352466916913,0.01
4196,163.69585825237283,26,1,0,0,1.249098257888346,0.01
4197,177.89789637663054,30,1,0,0,1.4259784972109035,0.01
4198,182.2318914495837,21,1,0,0,1.4394566958237238,0.01
4199,156.87745830893607,16,1,0,0,1.47210725198408,0.01
4200,166.61145763340602,24,1,0,0,1.4940841062030046,0.01
4201,154.23164482072897,15,1,0,0,1.1571261842911416,0.01
4202,190.4254002210152,29,1,0,0,1.427483578698597,0.01
4203,194.2034834142375,32,1,0,0,1.3728678892796882,0.01
4204,121.7769822514847,200,0,0,1,2.614012814922248,0.01
4205,238.90195582678882,47,1,0,0,1.3505202108885344,0.01
4206,176.2734681462825,25,1,0,0,1.4468274373531438,0.01
4207,110.35936738556408,200,0,0,1,3.4574631764498913,0.01
4208,188.16166514714587,35,1,0,0,1.3590163760672342,0.01
4209,186.6012250556522,27,1,0,0,1.4375171170987893,0.01
4210,139.48800215088647,24,1,0,0,1.3625038222894705,0.01
4211,130.61080347116203,13,1,0,0,1.321651612642649,0.01
4212,186.45518880272,32,1,0,0,1.396194098231002,0.01
4213,126.34974715328134,11,1,0,0,1.3993684794524601,0.01
4214,173.48079494364174,24,1,0,0,1.2483069180390547,0.01
4215,253.09155809336946,46,1,0,0,1.4125064318911174,0.01
4216,130.70581683317323,13,1,0,0,1.4288593147792013,0.01
4217,171.08078784082974,20,1,0,0,1.2214275217708086,0.01
4218,171.38879216919278,28,1,0,0,1.3331434445561257,0.01
4219,191.74873504673417,24,1,0,0,1.445684224269568,0.01
4220,170.79932938297105,23,1,0,0,1.3769063334011862,0.01
4221,173.75491648104463,27,1,0,0,1.346773868937552,0.01
4222,157.54710888446868,18,1,0,0,1.3730360724476198,0.01
4223,140.08912568796438,15,1,0,0,1.175139601356279,0.01
4224,129.75309472959393,12,1,0,0,1.4327099171577076,0.01
4225,149.91821135997827,21,1,0,0,1.3941979332341157,0.01
4226,188.6117916312891,22,1,0,0,1.248492011047655,0.01
4227,181.44166354580318,32,1,0,0,1.336042547916247,0.01
4228,239.71050488394206,47,1,0,0,1.3499032775196982,0.01
4229,190.22366318346508,25,1,0,0,1.4553367581789984,0.01
4230,114.40636239861306,14,1,0,0,1.2004167785742397,0.01
4231,167.76941694815864,27,1,0,0,1.4815787074699855,0.01
4232,179.27070798240183,21,1,0,0,1.4245675630481427,0.01
4233,131.47382326725622,21,1,0,0,1.3983662694795091,0.01
4234,161.6627968249803,20,1,0,0,1.4889822052195985,0.01
4235,162.3316256473355,16,1,0,0,1.2951716465352223,0.01
4236,177.86703462061445,25,1,0,0,1.3076578593450314,0.01
4237,163.3812384844694,19,1,0,0,1.3556087727899189,0.01
4238,236.93487093850698,39,1,0,0,1.3538336296481939,0.01
4239,166.5821141913179,19,1,0,0,1.4804976611477687,0.01
4240,175.06665930577918,24,1,0,0,1.4486114510479018,0.01
4241,203.34682538241168,38,1,0,0,1.1460763532575182,0.01
4242,144.72126925132756,17,1,0,0,1.3906135963534714,0.01
4243,176.40049967908865,24,1,0,0,1.3782193289429558,0.01
4244,160.24911216643164,21,1,0,0,1.4930700839223632,0.01
4245,156.20051948255053,24,1,0,0,1.4697797728158748,0.01
4246,141.78642840329275,29,1,0,0,1.3056819357549643,0.01
4247,175.94793574442707,31,1,0,0,1.4135796976379469,0.01
4248,220.9272010102556,42,1,0,0,1.4901338209923307,0.01
4249,159.166571150458,22,1,0,0,1.4075634482778931,0.01
4250,99.28131570558422,56,1,0,0,1.4426659109744375,0.01
4251,181.24067025817408,23,1,0,0,1.2132403261693532,0.01
4252,184.71961388202672,31,1,0,0,1.214220088735118,0.01
4253,146.24855694015434,22,1,0,0,1.2642609485453666,0.01
4254,156.9825370473127,61,1,0,0,1.4626303396089675,0.01
4255,217.02005439113947,33,1,0,0,1.2779039821486888,0.01
4256,171.04405454307715,28,1,0,0,1.24579418205672,0.01
4257,162.52559136395152,22,1,0,0,1.2094442936764063,0.01
4258,153.90154191801338,22,1,0,0,1.4868813156022895,0.01
4259,112.89757380542527,6,1,0,0,1.3370312694707722,0.01
4260,258.77452532354937,54,1,0,0,1.4478782022656715,0.01
4261,157.55933874837865,21,1,0,0,1.2283069454537672,0.01
4262,191.3994589255846,20,1,0,0,1.2246167273525053,0.01
4263,205.2443208597329,30,1,0,0,1.2954801936614606,0.01
4264,147.28562759642998,19,1,0,0,1.3765776699710042,0.01
4265,137.4859772865507,17,1,0,0,1.406406274882258,0.01
4266,199.26453352996583,30,1,0,0,1.2170263092346565,0.01
4267,161.1747804603221,23,1,0,0,1.2783297895544985,0.01
4268,157.71830732352504,28,1,0,0,1.4805801046625373,0.01
4269,155.2822565962921,19,1,0,0,1.214880964040833,0.01
4270,169.7336548463289,22,1,0,0,1.4155625343361347,0.01
4271,131.54071357931338,11,1,0,0,1.3230403782792586,0.01
4272,107.03802173571026,35,1,0,0,1.4891091665244027,0.01
4273,226.01724024614686,37,1,0,0,1.4676798539986031,0.01
4274,133.95313204224797,11,1,0,0,1.4927426830566752,0.01
4275,250.44769655935409,51,1,0,0,1.3511565718352327,0.01
4276,158.95852165663987,38,1,0,0,1.4959167302778265,0.01
4277,158.9374531889001,200,0,0,1,1.7633537346633243,0.01
4278,-50.0,1,0,1,0,6.2131540321494665,0.01
4279,181.6277507172723,24,1,0,0,1.1567181090554595,0.01
4280,151.6778220674152,15,1,0,0,1.2302532083317719,0.01
4281,184.93741388681414,25,1,0,0,1.2198017532293854,0.01
4282,162.05433724700714,19,1,0,0,1.3452361371878485,0.01
4283,157.3565399477104,14,1,0,0,1.2268714123639934,0.01
4284,194.87937656604637,37,1,0,0,1.4014758656074122,0.01
4285,157.56717235352602,41,1,0,0,1.4961509495233716,0.01
4286,140.2587503178662,17,1,0,0,1.336536459310384,0.01
4287,175.30560128062984,24,1,0,0,1.3523051722639263,0.01
4288,201.52586107821827,34,1,0,0,1.2290661044873954,0.01
4289,144.74075905255796,10,1,0,0,1.2353593733860764,0.01
4290,97.15042462696142,6,1,0,0,1.4217057919932015,0.01
4291,162.41584702727252,17,1,0,0,1.3125039805988477,0.01
4292,140.0863229419039,200,0,0,1,1.8464627154109827,0.01
4293,184.9310542450345,25,1,0,0,1.4973332993262418,0.01
4294,160.2186135463054,26,1,0,0,1.2623860459220861,0.01
4295,154.89018801929637,19,1,0,0,1.096227889234054,0.01
4296,191.80281871615472,29,1,0,0,1.4113128055760575,0.01
4297,114.27950649028831,23,1,0,0,1.4947856468102527,0.01
4298,122.91255306160065,9,1,0,0,1.4728778303581236,0.01
4299,3.4393661740329224,200,0,0,1,3.1779209429173596,0.01
4300,186.72468522319178,26,1,0,0,1.475077090199341,0.01
4301,192.2777414783036,93,1,0,0,1.4900942259580372,0.01
4302,178.35893191324152,23,1,0,0,1.4413672670222533,0.01
4303,193.34575763039692,31,1,0,0,1.4077778915614647,0.01
4304,176.29226680123762,45,1,0,0,1.4803298375029275,0.01
4305,164.71342022460604,18,1,0,0,1.431457123605339,0.01
4306,169.57043116385432,28,1,0,0,1.4141150932546915,0.01
4307,176.58921689740873,20,1,0,0,1.2291601858619587,0.01
4308,185.29510845648545,26,1,0,0,1.352250069462275,0.01
4309,176.39042267688438,25,1,0,0,1.45568903934146,0.01
4310,221.6874998194986,30,1,0,0,1.2944862018469723,0.01
4311,179.5388857422759,26,1,0,0,1.384374776916948,0.01
4312,147.25675530640046,17,1,0,0,1.3210701476135485,0.01
4313,177.31992163202187,26,1,0,0,1.2272962041364524,0.01
4314,223.00603125668516,31,1,0,0,1.3845457956674334,0.01
4315,161.25498968352747,34,1,0,0,1.1241919100159006,0.01
4316,156.18427358137683,28,1,0,0,1.4459329114779422,0.01
4317,226.89343030561946,35,1,0,0,1.4350677060243797,0.01
4318,177.64221608897134,28,1,0,0,1.467803513026304,0.01
4319,-4.170397505035301,200,0,0,1,3.588104566895649,0.01
4320,142.4109676803112,15,1,0,0,1.062789220459281,0.01
4321,171.77385498840158,23,1,0,0,1.3232795178026875,0.01
4322,165.3738861524327,19,1,0,0,1.4394422517964287,0.01
4323,198.01500252162936,24,1,0,0,1.4429917913432533,0.01
4324,151.95562085803985,19,1,0,0,1.3524067195846687,0.01
4325,239.5058601185042,49,1,0,0,1.3657527233385913,0.01
4326,219.69174749022102,33,1,0,0,1.481154102008393,0.01
4327,143.26992109984684,16,1,0,0,1.4531942070041122,0.01
4328,171.2193894393131,23,1,0,0,1.3326856915612322,0.01
4329,217.2651709026631,35,1,0,0,1.4684942707996262,0.01
4330,125.68141440721377,21,1,0,0,1.4616271480733887,0.01
4331,168.53494516014405,23,1,0,0,1.244017559917512,0.01
4332,228.87415971611662,45,1,0,0,1.3200348404201023,0.01
4333,184.65573530440537,21,1,0,0,1.3838385206202626,0.01
4334,187.65321411603264,22,1,0,0,1.3592633672462489,0.01
4335,190.8270105542087,22,1,0,0,1.1952372478720832,0.01
4336,233.45734575458644,47,1,0,0,1.4170686030878663,0.01
4337,164.51764608366176,19,1,0,0,1.4807806511109263,0.01
4338,160.18958605411592,40,1,0,0,1.3104198056387113,0.01
4339,183.49459485866115,22,1,0,0,1.2569123020738495,0.01
4340,225.29523079955524,34,1,0,0,1.351375456578861,0.01
4341,141.14160587889248,21,1,0,0,1.3356009590988034,0.01
4342,249.02141923771765,51,1,0,0,1.163424489465561,0.01
4343,159.9184676363057,18,1,0,0,1.4166128833016587,0.01
4344,168.76970795691335,23,1,0,0,1.4999449142179047,0.01
4345,264.81416695769,56,1,0,0,1.280155749617303,0.01
4346,161.4912524412133,23,1,0,0,1.3859696866117694,0.01
4347,134.75342174803922,12,1,0,0,1.4321520297063954,0.01
4348,168.9207603885006,20,1,0,0,1.133793240749032,0.01
4349,139.5167699921471,16,1,0,0,1.3675520557295513,0.01
4350,171.96812924579598,28,1,0,0,1.2775122340222544,0.01
4351,180.1341634849815,30,1,0,0,1.3340531045327257,0.01
4352,263.2139712406357,51,1,0,0,1.3878009669380222,0.01
4353,111.81376315313157,12,1,0,0,1.2144330170665985,0.01
4354,194.39866249862126,23,1,0,0,1.3517010294708236,0.01
4355,190.13457802090068,37,1,0,0,1.496987607088985,0.01
4356,125.88923908573291,17,1,0,0,1.4775629645679795,0.01
4357,165.60097359457762,19,1,0,0,1.3940633029069656,0.01
4358,175.42102530641995,27,1,0,0,1.3288028713791944,0.01
4359,146.59644332710707,15,1,0,0,1.4241897310236555,0.01
4360,204.73003798359662,29,1,0,0,1.2818383917997873,0.01
4361,9.19979404127505,200,0,0,1,2.7357674591632306,0.01
4362,182.72218051954988,22,1,0,0,1.3204025933873043,0.01
4363,142.49264841062117,22,1,0,0,1.4044040280960877,0.01
4364,164.310260851282,22,1,0,0,1.4528647389579736,0.01
4365,160.2994289916744,22,1,0,0,1.3582811691211627,0.01
4366,170.56111372863157,20,1,0,0,1.2124657490966888,0.01
4367,139.39534401010962,13,1,0,0,1.2398609127549347,0.01
4368,149.0894795639456,15,1,0,0,1.3584391413101757,0.01
4369,107.16896053358167,6,1,0,0,1.4277472045073785,0.01
4370,192.65336364984012,90,1,0,0,1.4991163823718243,0.01
4371,157.29839964924594,23,1,0,0,1.1474219786419129,0.01
4372,242.30582142524273,43,1,0,0,1.4822207992846137,0.01
4373,164.36143915108522,21,1,0,0,1.485599114254534,0.01
4374,250.92324696386535,48,1,0,0,1.4620625266941838,0.01
4375,138.85223680804313,200,0,0,1,2.009788769365524,0.01
4376,175.83651523878336,25,1,0,0,1.3695318947736006,0.01
4377,117.42231658628282,36,1,0,0,1.491257338825731,0.01
4378,175.3146208809381,21,1,0,0,1.4076145514558702,0.01
4379,149.74029404699428,16,1,0,0,1.3425524102360156,0.01
4380,145.4183518178344,21,1,0,0,1.3975531609090173,0.01
4381,155.1192813095263,23,1,0,0,1.3791716936593397,0.01
4382,167.18489667265038,18,1,0,0,1.2247293002033917,0.01
4383,177.18126089398805,26,1,0,0,1.4811257586174573,0.01
4384,187.03587626995466,30,1,0,0,1.2423256109284015,0.01
4385,175.99212761189682,25,1,0,0,1.0735463648708858,0.01
4386,136.04710476390915,11,1,0,0,1.443922765875597,0.01
4387,215.93236857541058,40,1,0,0,1.3368619504110093,0.01
4388,163.76691355249923,21,1,0,0,1.412261907282817,0.01
4389,180.16532142778289,23,1,0,0,1.3244214460050798,0.01
4390,201.74275471041818,34,1,0,0,1.2414035273200636,0.01
4391,237.65234945413263,50,1,0,0,1.1705127622812734,0.01
4392,193.4635870774753,30,1,0,0,1.4188476426711587,0.01
4393,208.44568025150386,28,1,0,0,1.4168697441797218,0.01
4394,195.312965336286,31,1,0,0,1.4197460463315483,0.01
4395,210.72551502065147,34,1,0,0,1.3579110618708774,0.01
4396,194.3474457538398,24,1,0,0,1.2608813477522784,0.01
4397,161.27692631956765,18,1,0,0,1.3554488219068186,0.01
4398,191.00500741254314,23,1,0,0,1.3253377499123364,0.01
4399,178.56713485335877,22,1,0,0,1.1603678615449982,0.01
4400,231.67023640392384,43,1,0,0,1.4821946973609406,0.01
4401,95.4062538200873,2,1,0,0,1.1256153961434283,0.01
4402,189.4634811133327,26,1,0,0,1.3816852536156932,0.01
4403,197.69080376219836,34,1,0,0,1.2350584150719568,0.01
4404,219.59811378657588,41,1,0,0,1.4340288528601757,0.01
4405,192.21993750808826,32,1,0,0,1.436220474116374,0.01
4406,123.37453540765682,8,1,0,0,1.4769284378054002,0.01
4407,154.33660614400452,15,1,0,0,1.1408471630209591,0.01
4408,169.12877156351647,27,1,0,0,1.4164759635725979,0.01
4409,108.81156700876308,126,1,0,0,1.2169805432617318,0.01
4410,208.5189623286289,37,1,0,0,1.3369314019828498,0.01
4411,190.87724657177597,28,1,0,0,1.4428370331504436,0.01
4412,156.87434851563452,24,1,0,0,1.4037410949958258,0.01
4413,137.13020728003607,54,1,0,0,1.353999062105552,0.01
4414,166.17174350995452,21,1,0,0,1.4079995036145414,0.01
4415,163.53948617034118,20,1,0,0,1.2772111452375432,0.01
4416,185.9020458638294,20,1,0,0,1.3032166072154372,0.01
4417,166.90358126568975,21,1,0,0,1.3856512628256104,0.01
4418,144.31791978608535,17,1,0,0,1.4747862106681064,0.01
4419,126.26846625777338,9,1,0,0,1.3153435718938982,0.01
4420,182.719804348354,19,1,0,0,1.1819721384797313,0.01
4421,159.2903727761374,19,1,0,0,1.3861736701237357,0.01
4422,186.8330701530644,23,1,0,0,1.437175985860375,0.01
4423,120.27331438352623,7,1,0,0,1.3388847877633407,0.01
4424,194.56514028534235,25,1,0,0,1.1791521625906802,0.01
4425,160.04139100595734,22,1,0,0,1.3177461322306918,0.01
4426,252.82146264925524,48,1,0,0,1.2478603298005206,0.01
4427,162.89914807710403,18,1,0,0,1.4658032161382233,0.01
4428,170.11017364188422,19,1,0,0,1.3788079322567066,0.01
4429,153.63071416278868,20,1,0,0,1.4410643042350675,0.01
4430,172.88264126247435,22,1,0,0,1.1648775119126278,0.01
4431,160.25629784942825,20,1,0,0,1.388340317613797,0.01
4432,159.4762589280893,21,1,0,0,1.3080546797605306,0.01
4433,157.0590674282727,116,1,0,0,1.4539989372823023,0.01
4434,154.92880656760468,16,1,0,0,1.145254398241005,0.01
4435,133.54743863896277,14,1,0,0,1.3644763077365967,0.01
4436,212.1817971660106,57,1,0,0,1.46846173537929,0.01
4437,144.14398366594912,20,1,0,0,1.4263154115787045,0.01
4438,194.56064261362062,25,1,0,0,1.380698599339014,0.01
4439,187.6812034537233,23,1,0,0,1.3582231297807934,0.01
4440,203.98500048394058,32,1,0,0,1.4617176776975827,0.01
4441,221.68829875591683,40,1,0,0,1.253971027826039,0.01
4442,200.60796848264812,23,1,0,0,1.2517837808431667,0.01
4443,166.52334713428758,23,1,0,0,1.4839794610307309,0.01
4444,125.85671113129823,13,1,0,0,1.3044193024632738,0.01
4445,159.23193257022055,19,1,0,0,1.176255034686244,0.01
4446,166.1647985395851,19,1,0,0,1.2156600296909685,0.01
4447,229.1814988922754,31,1,0,0,1.3702147681639194,0.01
4448,236.07393875193233,47,1,0,0,1.4726295650904309,0.01
4449,218.18936494791416,37,1,0,0,1.330343000829894,0.01
4450,175.64430142100517,20,1,0,0,1.4658718930092405,0.01
4451,146.37645001129368,18,1,0,0,1.3733904408726723,0.01
4452,170.2081672438042,21,1,0,0,1.3886910558265624,0.01
4453,163.18878804395112,19,1,0,0,1.3783467063139854,0.01
4454,176.20991177346923,21,1,0,0,1.3062591991799828,0.01
4455,210.161942513486,35,1,0,0,1.4725385607052546,0.01
4456,144.09095447041776,16,1,0,0,1.408544639398189,0.01
4457,157.91639567816185,15,1,0,0,1.4651890054096377,0.01
4458,153.75311588794258,16,1,0,0,1.2178582034123187,0.01
4459,188.30369547286162,27,1,0,0,1.2147369906997425,0.01
4460,177.23562479461305,20,1,0,0,1.174898503530442,0.01
4461,154.2739378542163,25,1,0,0,1.3467975646946122,0.01
4462,228.0629781997651,42,1,0,0,1.2007200334389607,0.01
4463,6.004671326525682,200,0,0,1,3.56828784509825,0.01
4464,188.57050677490224,24,1,0,0,1.3873410704100066,0.01
4465,137.71211496913833,14,1,0,0,1.0904255106584366,0.01
4466,244.24883138023358,43,1,0,0,1.4679917626671974,0.01
4467,101.11983918603734,2,1,0,0,1.335467981092558,0.01
4468,123.36810141046811,35,1,0,0,1.3890182054868412,0.01
4469,161.65728239462604,23,1,0,0,1.4028633961914838,0.01
4470,171.86767386334833,23,1,0,0,1.3173631590393062,0.01
4471,164.640880865397,21,1,0,0,1.4832464881691352,0.01
4472,145.27960080049306,17,1,0,0,1.353630921703842,0.01
4473,165.76199918133204,17,1,0,0,1.3884141052438486,0.01
4474,140.5965556355976,18,1,0,0,1.337834007459674,0.01
4475,166.67123272195198,17,1,0,0,1.1825937621978637,0.01
4476,171.39886762957798,23,1,0,0,1.257697787404064,0.01
4477,120.03148777051584,52,1,0,0,1.4688276882198545,0.01
4478,156.3982415100362,66,1,0,0,1.4940442953371929,0.01
4479,186.06633518674636,22,1,0,0,1.2230309877954106,0.01
4480,224.38492739053498,39,1,0,0,1.4468646750477923,0.01
4481,134.86632433149,12,1,0,0,1.3804967265947778,0.01
4482,227.97510716567092,39,1,0,0,1.4433275291445766,0.01
4483,163.65471048606125,23,1,0,0,1.30406516894572,0.01
4484,168.65020869826571,23,1,0,0,1.3759050830543602,0.01
4485,170.94708338799325,21,1,0,0,1.226103404469444,0.01
4486,145.21544544175876,13,1,0,0,1.3550245187526324,0.01
4487,136.65028329902248,16,1,0,0,1.4164420125861839,0.01
4488,157.70764120450409,16,1,0,0,1.1749237673717412,0.01
4489,129.95034638144068,18,1,0,0,1.4859221621013718,0.01
4490,218.14183396214742,35,1,0,0,1.3165467699338733,0.01
4491,198.7941768423642,30,1,0,0,1.3258098405311225,0.01
4492,174.6889657693504,28,1,0,0,1.1907106329114627,0.01
4493,183.88843598227504,24,1,0,0,1.4912478274129835,0.01
4494,130.23561066195737,13,1,0,0,1.454048573003612,0.01
4495,242.71992424854565,53,1,0,0,1.374631055094566,0.01
4496,177.0709341107849,31,1,0,0,1.4140750420157686,0.01
4497,214.51635847254278,34,1,0,0,1.294235399390695,0.01
4498,175.14019746181083,22,1,0,0,1.4787291176639794,0.01
4499,171.8223416882886,27,1,0,0,1.274823131045333,0.01
4500,8.761272285867555,200,0,0,1,2.339206993161974,0.01
4501,181.31473441820572,25,1,0,0,1.2247608338566167,0.01
4502,178.21688740283082,25,1,0,0,1.14186086209893,0.01
4503,30.752714264050343,200,0,0,1,4.496222977755279,0.01
4504,158.29597869102886,21,1,0,0,1.4013238443013993,0.01
4505,157.94878659536877,21,1,0,0,1.3720383971547618,0.01
4506,-45.828432787401084,200,0,0,1,1.997266308300774,0.01
4507,206.10185195910407,36,1,0,0,1.4706844935277652,0.01
4508,166.0348608036275,21,1,0,0,1.2966115835573078,0.01
4509,176.64315488424336,20,1,0,0,1.3222845781287846,0.01
4510,159.02498193451586,22,1,0,0,1.350168958060259,0.01
4511,145.37084615039694,14,1,0,0,1.4683651752187123,0.01
4512,148.19965041443675,19,1,0,0,1.4929116754055498,0.01
4513,138.95147248013023,16,1,0,0,1.3289476409488665,0.01
4514,159.6666192227122,22,1,0,0,1.1748378249581575,0.01
4515,197.58241354752147,37,1,0,0,1.3388561095525293,0.01
4516,185.3569093468707,23,1,0,0,1.2833135810141827,0.01
4517,156.4433827305328,21,1,0,0,1.4967727511937572,0.01
4518,160.98644449621798,17,1,0,0,1.386921454766518,0.01
4519,179.34701656412733,24,1,0,0,1.0897700880136363,0.01
4520,143.86959853346548,14,1,0,0,1.1548206147611917,0.01
4521,86.79992559391061,200,0,0,1,1.7866224793366248,0.01
4522,149.57166249486073,18,1,0,0,1.3202988033088938,0.01
4523,158.17533017790362,17,1,0,0,1.380578172915792,0.01
4524,148.6779786704771,28,1,0,0,1.230734889068832,0.01
4525,234.4252198272321,40,1,0,0,1.2224373504138966,0.01
4526,192.80245746053635,27,1,0,0,1.2952115274162925,0.01
4527,153.73328459074838,57,1,0,0,1.3215228324646409,0.01
4528,158.54692676701356,16,1,0,0,1.3627047670805603,0.01
4529,139.35140732051806,13,1,0,0,1.4876707721086184,0.01
4530,146.9774388576373,20,1,0,0,1.4264861314396746,0.01
4531,194.86706446414394,27,1,0,0,1.1985099670193888,0.01
4532,163.68713625117869,16,1,0,0,1.3919529483451412,0.01
4533,189.0380717247188,24,1,0,0,1.4254347790108914,0.01
4534,135.81240007711128,24,1,0,0,1.4773505604840145,0.01
4535,198.97783584085977,29,1,0,0,1.3888466870477052,0.01
4536,174.13083417722294,18,1,0,0,1.3313217967882593,0.01
4537,177.51627855566332,23,1,0,0,1.4339746291768538,0.01
4538,182.4688315605994,24,1,0,0,1.4910956989486508,0.01
4539,149.14812743291716,28,1,0,0,1.446438125702525,0.01
4540,176.98504852320985,22,1,0,0,1.362062697116554,0.01
4541,181.7111664103832,20,1,0,0,1.2043196181657765,0.01
4542,147.4511927661735,18,1,0,0,1.2739316480629082,0.01
4543,239.5585588526529,45,1,0,0,1.2958436139723302,0.01
4544,183.02979347084022,31,1,0,0,1.4461255485276352,0.01
4545,134.80454967174785,10,1,0,0,1.4105986402846091,0.01
4546,146.3289940102103,13,1,0,0,1.4652056796914983,0.01
4547,221.01593468802025,32,1,0,0,1.1665520103762548,0.01
4548,143.61515308098265,15,1,0,0,1.489056425285631,0.01
4549,161.9577261288658,22,1,0,0,1.3726867122184472,0.01
4550,160.01270854444655,22,1,0,0,1.466612582195702,0.01
4551,133.03907300153898,16,1,0,0,1.4204401751179174,0.01
4552,171.15494517351414,24,1,0,0,1.4462601205895882,0.01
4553,166.66115091902958,22,1,0,0,1.1608018248120784,0.01
4554,173.1408498160271,24,1,0,0,1.2938334263603959,0.01
4555,202.14320254353785,25,1,0,0,1.2468431688515762,0.01
4556,169.30315861748682,20,1,0,0,1.3637994380376726,0.01
4557,190.89631485137954,32,1,0,0,1.2865744193006075,0.01
4558,108.84610649530232,14,1,0,0,1.3991505586841653,0.01
4559,206.56034925828732,26,1,0,0,1.435747833813558,0.01
4560,153.73686261502388,22,1,0,0,1.4098331457601523,0.01
4561,152.04763458142588,15,1,0,0,1.191017587026522,0.01
4562,171.34846052634626,30,1,0,0,1.348087504565779,0.01
4563,144.8262048694641,16,1,0,0,1.220947746424669,0.01
4564,191.5094516683326,36,1,0,0,1.4120245477991105,0.01
4565,163.40673032936928,20,1,0,0,1.463195421888799,0.01
4566,98.18010845416491,12,1,0,0,1.4613622080256177,0.01
4567,148.9793458468261,20,1,0,0,1.1522767849754194,0.01
4568,243.2572505109281,43,1,0,0,1.3882986272626192,0.01
4569,159.4177707828952,25,1,0,0,1.1469661313183759,0.01
4570,-50.0,1,0,1,0,2.6871066649247233,0.01
4571,143.9164016696985,10,1,0,0,1.293987934989923,0.01
4572,146.29866756934263,18,1,0,0,1.433422455402204,0.01
4573,220.58729056141436,37,1,0,0,1.348511936463179,0.01
4574,152.20450725535997,16,1,0,0,1.3074598114309637,0.01
4575,126.82110297235172,11,1,0,0,1.224646061698024,0.01
4576,165.48059007444283,23,1,0,0,1.4956577553796235,0.01
4577,146.2753828106579,16,1,0,0,1.2350207748860134,0.01
4578,174.25520025650098,27,1,0,0,1.2363250858218537,0.01
4579,164.52830808749553,23,1,0,0,1.266830952582714,0.01
4580,170.65844557744728,28,1,0,0,1.406752103800607,0.01
4581,163.52304828514005,20,1,0,0,1.493478650432743,0.01
4582,126.19260355974792,15,1,0,0,1.4385673037628974,0.01
4583,172.7649241031246,22,1,0,0,1.2698119115402542,0.01
4584,199.4561830200819,27,1,0,0,1.3295333319750915,0.01
4585,154.70519387717366,18,1,0,0,1.285281715860656,0.01
4586,127.57094842545052,10,1,0,0,1.1594747006833477,0.01
4587,216.4538775283687,39,1,0,0,1.3342031252531648,0.01
4588,118.10393814828868,10,1,0,0,1.3590223722986474,0.01
4589,235.51129658703303,34,1,0,0,1.1917804697205503,0.01
4590,148.26945218481094,14,1,0,0,1.2426887793855912,0.01
4591,181.29912260116043,22,1,0,0,1.2571841900461207,0.01
4592,161.69375422066332,33,1,0,0,1.4698113897108662,0.01
4593,193.9399290780413,29,1,0,0,1.4374985896809185,0.01
4594,163.02811086231375,18,1,0,0,1.342627218794188,0.01
4595,147.14155645582258,18,1,0,0,1.2910053227233877,0.01
4596,179.30046377159186,19,1,0,0,1.1764675355780958,0.01
4597,198.43777147179472,25,1,0,0,1.3348557895789692,0.01
4598,153.56496554589813,19,1,0,0,1.4365447603267176,0.01
4599,186.49889461587625,27,1,0,0,1.4396425653682605,0.01
4600,128.94603838794433,10,1,0,0,1.4877563417942847,0.01
4601,163.84106597119137,21,1,0,0,1.3253059612424285,0.01
4602,182.0264093546847,24,1,0,0,1.4309890843460737,0.01
4603,136.76681569677248,16,1,0,0,1.192453087946827,0.01
4604,146.73103823359332,14,1,0,0,1.2323269768092802,0.01
4605,188.52633314393967,22,1,0,0,1.46258800928027,0.01
4606,183.99788312889012,21,1,0,0,1.4175090560254975,0.01
4607,180.32175441964586,27,1,0,0,1.3847943458437169,0.01
4608,164.55482789456607,21,1,0,0,1.3681270822045444,0.01
4609,149.25842413236452,18,1,0,0,1.3216739453816724,0.01
4610,163.0005186383312,19,1,0,0,1.3147610859635854,0.01
4611,175.4782414858227,21,1,0,0,1.4759074885323902,0.01
4612,146.70913553866484,16,1,0,0,1.2002087446503715,0.01
4613,117.15483819178816,7,1,0,0,1.2692493150364565,0.01
4614,227.63220430609226,36,1,0,0,1.200331394824189,0.01
4615,214.90812036599786,39,1,0,0,1.416226663086181,0.01
4616,130.66174012743926,11,1,0,0,1.3339818210378507,0.01
4617,204.90184008512756,34,1,0,0,1.255925227491234,0.01
4618,152.7361404366451,13,1,0,0,1.3531806940697932,0.01
4619,169.23271592121878,22,1,0,0,1.2317364109105875,0.01
4620,172.59505848798682,19,1,0,0,1.3456707793614393,0.01
4621,133.729555885461,11,1,0,0,1.1802516860154433,0.01
4622,157.0900707192473,20,1,0,0,1.158538827732221,0.01
4623,222.25554641064912,34,1,0,0,1.346076133379178,0.01
4624,188.6320572669532,23,1,0,0,1.4191414160059996,0.01
4625,146.37371623244874,18,1,0,0,1.2541897073460917,0.01
4626,230.2119014931234,35,1,0,0,1.4967872587805693,0.01
4627,140.0692910492986,62,1,0,0,1.4890473750359934,0.01
4628,131.40157862620495,30,1,0,0,1.489853340020204,0.01
4629,178.4644372811282,21,1,0,0,1.3611739437040855,0.01
4630,170.4101734486963,23,1,0,0,1.2812741951236257,0.01
4631,160.60955940624495,20,1,0,0,1.4791260176539642,0.01
4632,120.7914721173518,10,1,0,0,1.2116550636240642,0.01
4633,173.8168982540172,26,1,0,0,1.4276665303360991,0.01
4634,164.9973006399969,24,1,0,0,1.4266855958909361,0.01
4635,217.17635681689563,42,1,0,0,1.3474665100965182,0.01
4636,202.0664930642356,35,1,0,0,1.4965117765541027,0.01
4637,165.6921457069331,20,1,0,0,1.2803664642540127,0.01
4638,172.92869114548952,22,1,0,0,1.2984208886002404,0.01
4639,143.90824415349147,103,1,0,0,1.359782282927488,0.01
4640,178.62360390138713,19,1,0,0,1.1234779823423162,0.01
4641,155.48976765620995,21,1,0,0,1.4801791105426692,0.01
4642,147.57938796154139,25,1,0,0,1.4151413734476834,0.01
4643,136.6355065626183,11,1,0,0,1.076456084177743,0.01
4644,166.42043267627685,17,1,0,0,1.3879675033451067,0.01
4645,156.50716897347976,22,1,0,0,1.368393320609821,0.01
4646,158.2403977577732,18,1,0,0,1.3585776653344712,0.01
4647,112.25776100505155,4,1,0,0,1.2721907376714194,0.01
4648,206.79757328127513,37,1,0,0,1.2910205242786357,0.01
4649,170.5399724242954,25,1,0,0,1.2228997191362034,0.01
4650,145.7400391372729,14,1,0,0,1.4856611244435698,0.01
4651,178.23266914901444,28,1,0,0,1.303023941471203,0.01
4652,193.02618797801344,23,1,0,0,1.3844486522444892,0.01
4653,-50.0,1,0,1,0,5.120887700996415,0.01
4654,189.70715093745926,23,1,0,0,1.28653562089837,0.01
4655,217.87963772608433,38,1,0,0,1.2549251795438658,0.01
4656,163.92948136699832,19,1,0,0,1.4794445084971481,0.01
4657,212.87368135691696,34,1,0,0,1.4422458512140808,0.01
4658,188.5217092019255,23,1,0,0,1.2453280150736021,0.01
4659,140.6213388359041,45,1,0,0,1.3577486494382907,0.01
4660,175.69980351940563,27,1,0,0,1.195240287917069,0.01
4661,139.71023561011535,12,1,0,0,1.3175106090158402,0.01
4662,158.06625214901413,26,1,0,0,1.269818889411774,0.01
4663,138.2441967706113,14,1,0,0,1.3181073026095589,0.01
4664,129.9502694259168,21,1,0,0,1.4604770025816989,0.01
4665,161.42218952856473,20,1,0,0,1.400790604471172,0.01
4666,192.82818023522273,29,1,0,0,1.1998250833189714,0.01
4667,145.6300673774379,15,1,0,0,1.1934619594957885,0.01
4668,246.3550805410575,43,1,0,0,1.317171632537767,0.01
4669,167.827036936096,23,1,0,0,1.3345447933979775,0.01
4670,198.52633013806005,29,1,0,0,1.4988356156532636,0.01
4671,141.7946026366752,16,1,0,0,1.3789033795840182,0.01
4672,185.31960918477768,28,1,0,0,1.2928890407634963,0.01
4673,157.5113391006859,14,1,0,0,1.1213349844453984,0.01
4674,158.53311962595552,20,1,0,0,1.2980140814365477,0.01
4675,216.62026166079318,35,1,0,0,1.3075308425053676,0.01
4676,206.25656438742783,38,1,0,0,1.2450705159743558,0.01
4677,187.49810582486674,26,1,0,0,1.3933050599498606,0.01
4678,192.39314837361175,21,1,0,0,1.3711275988337175,0.01
4679,169.9739253322118,18,1,0,0,1.1470807421665896,0.01
4680,211.18765876463684,28,1,0,0,1.469428781482092,0.01
4681,142.49535094841545,20,1,0,0,1.3953891387545219,0.01
4682,148.55176417119438,14,1,0,0,1.401014108785989,0.01
4683,247.28508623402496,46,1,0,0,1.3106747858484098,0.01
4684,192.43038740332224,25,1,0,0,1.3999459560582668,0.01
4685,256.7929778449907,52,1,0,0,1.4440206723485007,0.01
4686,193.43367887684923,24,1,0,0,1.283605432550491,0.01
4687,159.98409085588204,20,1,0,0,1.4703784252144705,0.01
4688,183.2935177463538,29,1,0,0,1.4642359743391844,0.01
4689,176.8225247733163,22,1,0,0,1.2943308117140757,0.01
4690,140.70627621713624,11,1,0,0,1.2835193321631027,0.01
4691,195.4174051868117,29,1,0,0,1.324831334866233,0.01
4692,192.7127113863632,26,1,0,0,1.4973156756437633,0.01
4693,173.43048641739927,47,1,0,0,1.2253823071202172,0.01
4694,119.70782470495506,10,1,0,0,1.2851010234353504,0.01
4695,182.03999175200352,23,1,0,0,1.4583417375612535,0.01
4696,234.09784882195345,44,1,0,0,1.335492814274969,0.01
4697,143.9334040387485,14,1,0,0,1.220410288468084,0.01
4698,139.61835866042654,29,1,0,0,1.4252735006325927,0.01
4699,214.15301995786083,27,1,0,0,1.3359883740848835,0.01
4700,171.90427402017437,25,1,0,0,1.3204315933364967,0.01
4701,165.08394180110497,17,1,0,0,1.4752160916703707,0.01
4702,222.00812457868955,34,1,0,0,1.3175540670675834,0.01
4703,143.0511143297856,14,1,0,0,1.287128958870137,0.01
4704,182.4236266662544,28,1,0,0,1.4884945723845489,0.01
4705,153.61393354242185,32,1,0,0,1.4659475237048234,0.01
4706,224.13955397934853,45,1,0,0,1.486418551355663,0.01
4707,178.0883403435385,27,1,0,0,1.3828047181210206,0.01
4708,126.91341998137251,12,1,0,0,1.3632090403437318,0.01
4709,195.4385985449079,23,1,0,0,1.3130388836456126,0.01
4710,217.8668553505457,26,1,0,0,1.298411085383152,0.01
4711,176.16158298758086,24,1,0,0,1.2127773784455391,0.01
4712,204.66727829620982,31,1,0,0,1.493268733575392,0.01
4713,133.24122741901266,11,1,0,0,1.2862522307387179,0.01
4714,157.5038083614291,21,1,0,0,1.3775860348520954,0.01
4715,153.1377656948229,18,1,0,0,1.2861128602830538,0.01
4716,167.6497680445443,22,1,0,0,1.39636558174163,0.01
4717,209.96739374040877,31,1,0,0,1.4682285850304408,0.01
4718,193.4228731538504,23,1,0,0,1.4156996963460442,0.01
4719,217.88936356143097,37,1,0,0,1.3010778989710616,0.01
4720,109.7131642405648,12,1,0,0,1.3467799744965507,0.01
4721,104.0318762402032,7,1,0,0,1.206772884466674,0.01
4722,162.3404245497627,24,1,0,0,1.3783935150274635,0.01
4723,121.53005936985143,28,1,0,0,1.3768836039262133,0.01
4724,154.04077795707565,22,1,0,0,1.2144951755057811,0.01
4725,166.54523798378472,17,1,0,0,1.1772378976100697,0.01
4726,-49.938528268153824,168,0,1,0,1.5477514578692435,0.01
4727,145.52630000931828,17,1,0,0,1.4789704441013263,0.01
4728,160.6987672914459,17,1,0,0,1.296709900036319,0.01
4729,203.611391035407,34,1,0,0,1.2170187469743639,0.01
4730,150.21708670827638,18,1,0,0,1.3754680220696394,0.01
4731,148.06059457734506,18,1,0,0,1.405937666728548,0.01
4732,163.84059347437943,22,1,0,0,1.2491499980804044,0.01
4733,172.38493665643819,22,1,0,0,1.4708349886535745,0.01
4734,123.62425683691413,13,1,0,0,1.4193667894088757,0.01
4735,203.51837261961595,27,1,0,0,1.3730919493040636,0.01
4736,148.69209380797562,19,1,0,0,1.3891195167617116,0.01
4737,182.13028504915934,21,1,0,0,1.3410442711585737,0.01
4738,164.83240133332095,25,1,0,0,1.2299480225050572,0.01
4739,122.19722860514581,14,1,0,0,1.4234128312813181,0.01
4740,210.14290537325286,35,1,0,0,1.4425247038609583,0.01
4741,152.0111612097404,17,1,0,0,1.189270079250634,0.01
4742,199.03920700478977,25,1,0,0,1.2832567860535489,0.01
4743,192.01900573549565,25,1,0,0,1.319876215065323,0.01
4744,166.75784479692527,22,1,0,0,1.4416194148685155,0.01
4745,160.12251505821618,14,1,0,0,1.293965608742008,0.01
4746,-50.0,1,0,1,0,6.087701739584852,0.01
4747,168.71223743649472,23,1,0,0,1.260252639075247,0.01
4748,219.94864871346442,35,1,0,0,1.2264632143203251,0.01
4749,228.17271290671414,45,1,0,0,1.3079146765183847,0.01
4750,150.72602502861923,16,1,0,0,1.1797272722039542,0.01
4751,160.1263138272621,19,1,0,0,1.3307716570041783,0.01
4752,174.11702632937067,26,1,0,0,1.2535458228599754,0.01
4753,156.01600791585804,15,1,0,0,1.4340317727269458,0.01
4754,152.99629539161998,21,1,0,0,1.4335207403121488,0.01
4755,155.29837135557483,16,1,0,0,1.4089987464742382,0.01
4756,140.5632293109041,113,1,0,0,1.479216379943732,0.01
4757,163.37038655671802,22,1,0,0,1.3430996015723542,0.01
4758,228.80299509498204,39,1,0,0,1.434781145797041,0.01
4759,210.10425224769398,39,1,0,0,1.375687971775488,0.01
4760,183.65585585577935,21,1,0,0,1.3457086925739676,0.01
4761,138.81234813280787,16,1,0,0,1.3446284722664879,0.01
4762,158.64433004841405,14,1,0,0,1.3509270147740362,0.01
4763,152.3435671276489,19,1,0,0,1.3227714902133605,0.01
4764,157.71065612067008,21,1,0,0,1.2510784893028166,0.01
4765,186.58434684442074,23,1,0,0,1.369118177513451,0.01
4766,156.57201784984028,17,1,0,0,1.1882763139668666,0.01
4767,160.3630020594936,21,1,0,0,1.357150731271447,0.01
4768,157.97063623502316,21,1,0,0,1.320452725637833,0.01
4769,141.3772354014292,15,1,0,0,1.3439989566082988,0.01
4770,199.87920411787883,32,1,0,0,1.426508249024285,0.01
4771,147.1793826149429,17,1,0,0,1.3551732696585437,0.01
4772,145.73059728348366,15,1,0,0,1.4802575415858106,0.01
4773,192.07888879260724,34,1,0,0,1.4251606914345705,0.01
4774,126.9243655878326,12,1,0,0,1.2525953355223773,0.01
4775,177.31578681496237,21,1,0,0,1.4358623778820523,0.01
4776,139.5368664744124,30,1,0,0,1.4287114325455526,0.01
4777,192.1394359789654,28,1,0,0,1.2587795048158505,0.01
4778,191.8264644744917,24,1,0,0,1.2899583214648453,0.01
4779,154.47035353798213,15,1,0,0,1.4510812824379067,0.01
4780,153.72606195753858,18,1,0,0,1.2659510243827832,0.01
4781,143.30414412682308,17,1,0,0,1.4164618461546445,0.01
4782,169.84609878703907,24,1,0,0,1.4603968067673887,0.01
4783,222.64846481800217,35,1,0,0,1.2556191498517666,0.01
4784,129.3537573972867,124,1,0,0,1.4940705973068433,0.01
4785,253.00496944173432,53,1,0,0,1.2007045558223723,0.01
4786,229.70155082406657,45,1,0,0,1.3361673277002692,0.01
4787,175.40110764875539,28,1,0,0,1.3989443277593145,0.01
4788,166.0371042918963,26,1,0,0,1.4275464850646482,0.01
4789,-50.0,1,0,1,0,5.551209751796902,0.01
4790,165.7741305879146,20,1,0,0,1.3625236444824864,0.01
4791,145.7212173939481,24,1,0,0,1.2704380121769345,0.01
4792,187.0042537515473,23,1,0,0,1.4007625456057,0.01
4793,186.43709904764904,23,1,0,0,1.3905196444573396,0.01
4794,157.79252215255258,20,1,0,0,1.2121327559046355,0.01
4795,174.21192082510487,27,1,0,0,1.3197283513411446,0.01
4796,175.18455090602959,32,1,0,0,1.2431761075597252,0.01
4797,140.84752791105484,15,1,0,0,1.4955998375874493,0.01
4798,-50.0,1,0,1,0,7.843336935208568,0.01
4799,154.22165571780445,21,1,0,0,1.3667404494294129,0.01
4800,134.01843700801138,18,1,0,0,1.3447932658355197,0.01
4801,-50.0,1,0,1,0,8.093985182115855,0.01
4802,175.99041073182036,22,1,0,0,1.2786778233014846,0.01
4803,174.77393759921154,28,1,0,0,1.4546396117022022,0.01
4804,140.2170832194533,14,1,0,0,1.2348920404385524,0.01
4805,164.82108657967683,23,1,0,0,1.3957120902533522,0.01
4806,142.28868891712096,20,1,0,0,1.4824352000252592,0.01
4807,184.9054172882915,26,1,0,0,1.3098019403892005,0.01
4808,178.26999768914112,20,1,0,0,1.131858439333515,0.01
4809,170.37293350605015,22,1,0,0,1.4559112428890701,0.01
4810,193.36994292065168,31,1,0,0,1.2787147295355086,0.01
4811,141.6584585112663,13,1,0,0,1.4956464586774294,0.01
4812,189.1397773647285,21,1,0,0,1.2796240964621803,0.01
4813,-5.8421869660007095,200,0,0,1,2.0945314470103886,0.01
4814,179.50620566529273,21,1,0,0,1.0875667736710266,0.01
4815,195.74236503457092,25,1,0,0,1.2360530520981567,0.01
4816,175.34695688312843,20,1,0,0,1.0205994064492026,0.01
4817,155.27429287657557,14,1,0,0,1.316498903368788,0.01
4818,150.28291062317345,15,1,0,0,1.2602522459368195,0.01
4819,138.05256907270504,16,1,0,0,1.4861657935644061,0.01
4820,228.05610648736436,37,1,0,0,1.4608567544929203,0.01
4821,150.5430226292633,21,1,0,0,1.4029444099366448,0.01
4822,160.47562380114556,16,1,0,0,1.3623658196584745,0.01
4823,188.05267996163718,26,1,0,0,1.2116328138831904,0.01
4824,183.20665841079477,25,1,0,0,1.4334498838195577,0.01
4825,180.20559612539395,18,1,0,0,1.4603886416990184,0.01
4826,158.17182317999325,18,1,0,0,1.476050904999991,0.01
4827,188.29371008353436,24,1,0,0,1.3379593253116469,0.01
4828,177.22257954371872,19,1,0,0,1.185448145531823,0.01
4829,155.208650556224,21,1,0,0,1.3917704736385763,0.01
4830,102.13676950849606,6,1,0,0,1.3237509688998133,0.01
4831,169.09262335674504,22,1,0,0,1.142916537853768,0.01
4832,168.18352749990697,25,1,0,0,1.4202996510107841,0.01
4833,138.83528365304022,12,1,0,0,1.2942244547834534,0.01
4834,184.97876504305958,28,1,0,0,1.3340351848271497,0.01
4835,207.54534366307183,29,1,0,0,1.4333759980844438,0.01
4836,178.50921661565846,18,1,0,0,1.4900142746881417,0.01
4837,194.99320256034855,33,1,0,0,1.4897806940997609,0.01
4838,149.50347660340043,14,1,0,0,1.3218112874143293,0.01
4839,117.71065707180973,11,1,0,0,1.3036526690773513,0.01
4840,202.1071153347878,34,1,0,0,1.2838660510263278,0.01
4841,154.88448311027543,21,1,0,0,1.359272516745235,0.01
4842,177.6493779676589,31,1,0,0,1.3373928656578435,0.01
4843,-52.42403636910854,13,0,1,0,6.297158975297726,0.01
4844,247.24757248911195,50,1,0,0,1.3226565524930676,0.01
4845,180.24535331165026,21,1,0,0,1.2064017564453522,0.01
4846,135.58561255401693,17,1,0,0,1.4912280900233403,0.01
4847,169.75726964375573,22,1,0,0,1.3436041166228416,0.01
4848,127.49969987483503,9,1,0,0,1.3358714169974533,0.01
4849,166.3452184954913,21,1,0,0,1.452721079520096,0.01
4850,260.11013395225416,48,1,0,0,1.4903047566080687,0.01
4851,142.47987564919814,20,1,0,0,1.4735888504234025,0.01
4852,140.28151574573633,15,1,0,0,1.1751757899782893,0.01
4853,128.27438376755183,14,1,0,0,1.391303215798412,0.01
4854,199.56934779286848,26,1,0,0,1.2149118131831587,0.01
4855,194.36689478815597,22,1,0,0,1.2790094056371502,0.01
4856,134.04312168511993,22,1,0,0,1.4412061168838657,0.01
4857,145.3982489752391,16,1,0,0,1.4990051318364799,0.01
4858,156.46120987661078,24,1,0,0,1.363308353074901,0.01
4859,183.04455347958034,25,1,0,0,1.315298067267497,0.01
4860,201.90509942486767,35,1,0,0,1.3732460216249138,0.01
4861,168.750500006341,21,1,0,0,1.4019638503829668,0.01
4862,256.4012238101112,52,1,0,0,1.3017665514487349,0.01
4863,175.44225612803547,25,1,0,0,1.3475548549622238,0.01
4864,167.65292866148755,23,1,0,0,1.2773101950627237,0.01
4865,229.0482723437287,43,1,0,0,1.2212045561640001,0.01
4866,163.65121805042176,20,1,0,0,1.2421740187012398,0.01
4867,156.6469072864049,18,1,0,0,1.2259802195861622,0.01
4868,242.65241193296887,42,1,0,0,1.499951904298168,0.01
4869,135.87053386305467,13,1,0,0,1.304785880047702,0.01
4870,100.0,1,1,0,0,1.2516898720882033,0.01
4871,133.56693209914647,14,1,0,0,1.316490577850096,0.01
4872,142.1173981805162,11,1,0,0,1.4953972663939297,0.01
4873,200.99346008915916,34,1,0,0,1.4898581228127772,0.01
4874,210.8523928483884,31,1,0,0,1.3237718324026884,0.01
4875,-50.0,1,0,1,0,5.8161003882188265,0.01
4876,93.76196147787104,86,1,0,0,1.3849985140654777,0.01
4877,152.59228981800592,18,1,0,0,1.3242220126319888,0.01
4878,200.42425080386172,36,1,0,0,1.1092753389536976,0.01
4879,182.6865624479138,28,1,0,0,1.4759089096950317,0.01
4880,195.59710265123408,23,1,0,0,1.3357721352817387,0.01
4881,183.27402450896957,25,1,0,0,1.2989138531433635,0.01
4882,150.8010930580565,20,1,0,0,1.3365379822445664,0.01
4883,208.43112777573396,39,1,0,0,1.3853823808992332,0.01
4884,229.28889455479057,35,1,0,0,1.4322546022574616,0.01
4885,181.50081930823023,22,1,0,0,1.342683477302037,0.01
4886,-50.0,1,0,1,0,7.8396720181607575,0.01
4887,200.4364635811341,37,1,0,0,1.378747218538406,0.01
4888,231.56951819980597,42,1,0,0,1.367311126868841,0.01
4889,187.51097361903308,23,1,0,0,1.3649045841739278,0.01
4890,154.52035386159963,18,1,0,0,1.176470002605356,0.01
4891,181.0077776371728,23,1,0,0,1.4279902832222142,0.01
4892,192.039176603851,31,1,0,0,1.4525767456726206,0.01
4893,189.8356771175213,23,1,0,0,1.184651092033271,0.01
4894,135.30045551947407,16,1,0,0,1.475898889669598,0.01
4895,135.67051743979786,12,1,0,0,1.4804182334711375,0.01
4896,240.0134165797779,43,1,0,0,1.3777343175742716,0.01
4897,168.4055164302532,22,1,0,0,1.3349268452453913,0.01
4898,146.4894909117678,13,1,0,0,1.2226953316473979,0.01
4899,187.538902635507,22,1,0,0,1.1863323729200506,0.01
4900,187.32865636901005,27,1,0,0,1.3577564458685492,0.01
4901,190.12281728915005,32,1,0,0,1.3122300629716288,0.01
4902,209.16199415291516,29,1,0,0,1.3339044162059708,0.01
4903,140.84191701089168,19,1,0,0,1.1372291554114153,0.01
4904,191.52858935367448,23,1,0,0,1.2476916847964863,0.01
4905,122.8157186590696,9,1,0,0,1.376936188802065,0.01
4906,153.29318789585912,18,1,0,0,1.4465447191237721,0.01
4907,178.77598827769333,21,1,0,0,1.4240719758071045,0.01
4908,154.9236924121559,24,1,0,0,1.40414333288478,0.01
4909,236.0590117324737,46,1,0,0,1.4408475750170473,0.01
4910,151.39698660068592,17,1,0,0,1.4941056356754545,0.01
4911,161.2051117105646,20,1,0,0,1.197369607037204,0.01
4912,153.40411318218915,22,1,0,0,1.2718842631898484,0.01
4913,173.03388631636045,36,1,0,0,1.3713307163676445,0.01
4914,130.38256576755032,13,1,0,0,1.4947521252679883,0.01
4915,203.18330868088674,26,1,0,0,1.261463958651479,0.01
4916,18.567706245016236,200,0,0,1,1.9143089346307391,0.01
4917,159.0240579610902,19,1,0,0,1.2436877067480427,0.01
4918,198.0165059132076,30,1,0,0,1.4747575521235465,0.01
4919,176.98080901721744,25,1,0,0,1.2960605192663206,0.01
4920,136.05483276911633,10,1,0,0,1.4509976051246898,0.01
4921,157.65962196493675,17,1,0,0,1.3363196335694514,0.01
4922,200.09954335916154,25,1,0,0,1.2364751102777296,0.01
4923,186.22941310775002,67,1,0,0,1.4952703678946493,0.01
4924,193.79929494058945,26,1,0,0,1.2344293046831296,0.01
4925,160.06996243888008,22,1,0,0,1.4067533025892458,0.01
4926,187.94350459842968,30,1,0,0,1.4534835582924317,0.01
4927,172.03735391162962,19,1,0,0,1.3688803745299016,0.01
4928,181.95456650081329,24,1,0,0,1.4229895181100412,0.01
4929,138.50915828488118,16,1,0,0,1.258145982383808,0.01
4930,166.95710801780587,19,1,0,0,1.234185825794197,0.01
4931,-2.75711893993571,200,0,0,1,2.0613603082971306,0.01
4932,148.3937676958984,11,1,0,0,1.3075572088905791,0.01
4933,167.53116371921692,20,1,0,0,1.4686983876723743,0.01
4934,226.77324365331197,39,1,0,0,1.295180376426666,0.01
4935,170.48779992926836,20,1,0,0,1.2659144605000043,0.01
4936,151.21371023697915,14,1,0,0,1.1705427222173068,0.01
4937,238.19375346595712,44,1,0,0,1.4181325177915876,0.01
4938,166.20123735219786,18,1,0,0,1.2199030344765784,0.01
4939,139.88404652144368,11,1,0,0,1.2876232274155575,0.01
4940,186.83868552800968,22,1,0,0,1.1797449677697076,0.01
4941,192.98663222672837,23,1,0,0,1.192511662454475,0.01
4942,259.86171331411686,48,1,0,0,1.4143703920674553,0.01
4943,194.5309720895811,30,1,0,0,1.26759785894463,0.01
4944,159.80689128485028,22,1,0,0,1.3097183905770626,0.01
4945,141.83269469361372,18,1,0,0,1.3471917900991972,0.01
4946,200.2677584462191,32,1,0,0,1.4560093950518591,0.01
4947,193.75955541310805,29,1,0,0,1.4545697552769439,0.01
4948,207.83775777582295,32,1,0,0,1.2457317236062768,0.01
4949,134.61207411299182,10,1,0,0,1.4708937344783186,0.01
4950,177.63266020475373,19,1,0,0,1.2323326709824975,0.01
4951,146.4006018216573,23,1,0,0,1.4058897627283573,0.01
4952,176.41053285334263,23,1,0,0,1.325974087642326,0.01
4953,188.03076036580845,27,1,0,0,1.31950941087079,0.01
4954,182.14160508327,22,1,0,0,1.2258930233583574,0.01
4955,225.1874857796074,44,1,0,0,1.4099186875405312,0.01
4956,165.97956404518845,20,1,0,0,1.2992760954108664,0.01
4957,150.15197623693922,18,1,0,0,1.2270297895999533,0.01
4958,179.6442876807186,24,1,0,0,1.2871170241207026,0.01
4959,42.452538226379744,200,0,0,1,2.733401234938236,0.01
4960,226.9223489341373,42,1,0,0,1.4094020318251599,0.01
4961,234.75164751506327,44,1,0,0,1.2779263199469881,0.01
4962,155.00062864348916,21,1,0,0,1.2411235607637094,0.01
4963,172.5104310700989,17,1,0,0,1.0786554211719217,0.01
4964,158.25666152346767,19,1,0,0,1.3135026811966553,0.01
4965,174.60654856821833,27,1,0,0,1.3993207959199792,0.01
4966,167.41891017532052,27,1,0,0,1.3069814731141853,0.01
4967,156.4515412951206,20,1,0,0,1.4575388273374625,0.01
4968,209.72752024217232,38,1,0,0,1.4021916155286969,0.01
4969,267.5331828614112,51,1,0,0,1.425118197148654,0.01
4970,-50.0,1,0,1,0,5.631128493284142,0.01
4971,193.3253271465533,26,1,0,0,1.4069039193840749,0.01
4972,204.50313493667667,29,1,0,0,1.3964446378372328,0.01
4973,117.81018487572382,14,1,0,0,1.2518849343921297,0.01
4974,183.2368982383357,24,1,0,0,1.392557066986515,0.01
4975,121.42585752720302,8,1,0,0,1.259072672432162,0.01
4976,235.30308972817852,43,1,0,0,1.2083652066701964,0.01
4977,251.9014116797011,50,1,0,0,1.3697646320743202,0.01
4978,209.7116096791725,24,1,0,0,1.43883838110251,0.01
4979,158.2910860252955,20,1,0,0,1.2520894058888787,0.01
4980,126.01245551434846,12,1,0,0,1.3779815045929047,0.01
4981,179.02725879784225,19,1,0,0,1.3710316323530896,0.01
4982,144.16502367188187,16,1,0,0,1.4922984482014374,0.01
4983,245.23014589334332,42,1,0,0,1.326378962619531,0.01
4984,175.8352036399199,25,1,0,0,1.4298912988663943,0.01
4985,174.19736185226293,23,1,0,0,1.3104187096718325,0.01
4986,154.23066260475804,20,1,0,0,1.2666092356206218,0.01
4987,204.5386735977849,36,1,0,0,1.2869595564576441,0.01
4988,144.4497119887127,16,1,0,0,1.402356007386769,0.01
4989,169.91737813607614,29,1,0,0,1.4713917409342674,0.01
4990,182.24359225732616,29,1,0,0,1.3945559765677518,0.01
4991,149.1671607291597,18,1,0,0,1.3601510750065215,0.01
4992,221.03240086869187,37,1,0,0,1.2414432967241111,0.01
4993,193.9172378933539,24,1,0,0,1.4972135616226898,0.01
4994,164.5017900367804,18,1,0,0,1.4906197669429926,0.01
4995,165.03577376172865,24,1,0,0,1.3379890351721773,0.01
4996,153.78820428491676,22,1,0,0,1.386741860596412,0.01
4997,212.9995515538931,37,1,0,0,1.1721661644575239,0.01
4998,191.99879475848041,32,1,0,0,1.1634450577961595,0.01
4999,144.39525153978758,12,1,0,0,1.1190928850886053,0.01
