episode,reward,steps,run_id
0,-79.58171243940974,200,training_log_20260320_063309.csv
1,-63.93140869524476,200,training_log_20260320_063309.csv
2,31.317997755213096,200,training_log_20260320_063309.csv
3,-84.98255991485668,200,training_log_20260320_063309.csv
4,-95.40063540847532,180,training_log_20260320_063309.csv
5,-155.04950241835746,97,training_log_20260320_063309.csv
6,-124.8936148049835,44,training_log_20260320_063309.csv
7,-110.44686469888768,38,training_log_20260320_063309.csv
8,-252.0146125122132,57,training_log_20260320_063309.csv
9,-161.54934446939802,50,training_log_20260320_063309.csv
10,-46.33687278924843,200,training_log_20260320_063309.csv
11,39.33209660276584,200,training_log_20260320_063309.csv
12,166.643055296726,47,training_log_20260320_063309.csv
13,-200.0,1,training_log_20260320_063309.csv
14,-200.0,1,training_log_20260320_063309.csv
15,-190.60282127969973,11,training_log_20260320_063309.csv
16,-147.6006632524603,199,training_log_20260320_063309.csv
17,148.40845860517615,80,training_log_20260320_063309.csv
18,-2.976326534443142,200,training_log_20260320_063309.csv
19,-196.6705714407477,3,training_log_20260320_063309.csv
20,25.787524353142725,200,training_log_20260320_063309.csv
21,-60.81926413800271,200,training_log_20260320_063309.csv
22,-61.013743353951725,77,training_log_20260320_063309.csv
23,-72.90959053602954,187,training_log_20260320_063309.csv
24,-7.827362668956192,200,training_log_20260320_063309.csv
25,-198.1582809114529,9,training_log_20260320_063309.csv
26,148.45802868697675,42,training_log_20260320_063309.csv
27,39.764088744124464,200,training_log_20260320_063309.csv
28,-22.041818552717583,200,training_log_20260320_063309.csv
29,-200.0,1,training_log_20260320_063309.csv
30,58.00200702284325,200,training_log_20260320_063309.csv
31,163.425673915699,191,training_log_20260320_063309.csv
32,-0.6080863224018727,200,training_log_20260320_063309.csv
33,-100.24484062635813,82,training_log_20260320_063309.csv
34,-140.60135668274302,123,training_log_20260320_063309.csv
35,-200.0,1,training_log_20260320_063309.csv
36,-20.778573459856485,47,training_log_20260320_063309.csv
37,31.153904049678253,200,training_log_20260320_063309.csv
38,-10.66680434995764,200,training_log_20260320_063309.csv
39,-144.87918448335935,133,training_log_20260320_063309.csv
40,144.42003570686006,37,training_log_20260320_063309.csv
41,-68.6201181000845,50,training_log_20260320_063309.csv
42,57.07576506473433,200,training_log_20260320_063309.csv
43,10.700912742743787,200,training_log_20260320_063309.csv
44,16.450297574055462,200,training_log_20260320_063309.csv
45,-14.092181099295836,170,training_log_20260320_063309.csv
46,33.805266927369,200,training_log_20260320_063309.csv
47,78.20384183499657,200,training_log_20260320_063309.csv
48,39.56101046711616,200,training_log_20260320_063309.csv
49,-203.434880425526,2,training_log_20260320_063309.csv
50,71.66167641435781,200,training_log_20260320_063309.csv
51,54.06997917560852,200,training_log_20260320_063309.csv
52,60.69700196496467,200,training_log_20260320_063309.csv
53,48.15208548957629,200,training_log_20260320_063309.csv
54,4.159793965798817,200,training_log_20260320_063309.csv
55,51.3860815645296,200,training_log_20260320_063309.csv
56,15.929186714072827,200,training_log_20260320_063309.csv
57,181.3975542842546,29,training_log_20260320_063309.csv
58,1.2457541727554142,200,training_log_20260320_063309.csv
59,-40.042960163095714,76,training_log_20260320_063309.csv
60,-138.89942203620348,101,training_log_20260320_063309.csv
61,96.84686540230028,200,training_log_20260320_063309.csv
62,91.94069774749664,200,training_log_20260320_063309.csv
63,-31.47993886272328,200,training_log_20260320_063309.csv
64,49.14679490747445,200,training_log_20260320_063309.csv
65,75.61728600988847,200,training_log_20260320_063309.csv
66,-12.10845854162861,200,training_log_20260320_063309.csv
67,170.84479341056675,40,training_log_20260320_063309.csv
68,18.09611166484032,200,training_log_20260320_063309.csv
69,53.08686028493536,200,training_log_20260320_063309.csv
70,-198.576809661383,19,training_log_20260320_063309.csv
71,135.8273063622167,46,training_log_20260320_063309.csv
72,186.2548099119149,114,training_log_20260320_063309.csv
73,173.6219576573728,93,training_log_20260320_063309.csv
74,-184.50168763310865,11,training_log_20260320_063309.csv
75,50.99817569579619,200,training_log_20260320_063309.csv
76,153.8172191167932,21,training_log_20260320_063309.csv
77,47.3949573956245,200,training_log_20260320_063309.csv
78,152.34763761733555,178,training_log_20260320_063309.csv
79,-46.34870839193315,200,training_log_20260320_063309.csv
80,-76.14948383251189,119,training_log_20260320_063309.csv
81,38.21206957978882,200,training_log_20260320_063309.csv
82,-13.515205237795357,119,training_log_20260320_063309.csv
83,1.458797504767506,200,training_log_20260320_063309.csv
84,61.767914878143536,200,training_log_20260320_063309.csv
85,-142.44201407612366,110,training_log_20260320_063309.csv
86,12.958740760448688,200,training_log_20260320_063309.csv
87,76.17421106689892,200,training_log_20260320_063309.csv
88,-3.755090739046892,67,training_log_20260320_063309.csv
89,57.412276804968975,200,training_log_20260320_063309.csv
90,-5.039216811052851,200,training_log_20260320_063309.csv
91,-68.46035327635349,78,training_log_20260320_063309.csv
92,-114.7949926473582,200,training_log_20260320_063309.csv
93,-1.4159008472230323,200,training_log_20260320_063309.csv
94,-200.0,1,training_log_20260320_063309.csv
95,9.495276894570344,200,training_log_20260320_063309.csv
96,-102.49787618247356,61,training_log_20260320_063309.csv
97,6.201117528440532,200,training_log_20260320_063309.csv
98,31.80757541284796,200,training_log_20260320_063309.csv
99,16.633733217256516,200,training_log_20260320_063309.csv
100,50.52820013145285,200,training_log_20260320_063309.csv
101,189.92817758910928,39,training_log_20260320_063309.csv
102,131.47723278990733,171,training_log_20260320_063309.csv
103,55.732872276991934,200,training_log_20260320_063309.csv
104,-198.33806850654415,3,training_log_20260320_063309.csv
105,204.491215009967,96,training_log_20260320_063309.csv
106,9.174478119690871,200,training_log_20260320_063309.csv
107,34.377297283392,200,training_log_20260320_063309.csv
108,98.32314691586711,200,training_log_20260320_063309.csv
109,16.276242237332806,200,training_log_20260320_063309.csv
110,84.94630564142776,200,training_log_20260320_063309.csv
111,137.45340967527684,71,training_log_20260320_063309.csv
112,-9.571923852572056,200,training_log_20260320_063309.csv
113,60.37950634990097,200,training_log_20260320_063309.csv
114,41.5298105572926,200,training_log_20260320_063309.csv
115,-29.523204699606293,200,training_log_20260320_063309.csv
116,178.27440730721446,53,training_log_20260320_063309.csv
117,3.447902534320986,200,training_log_20260320_063309.csv
118,72.34904202876994,200,training_log_20260320_063309.csv
119,-107.34284757334068,93,training_log_20260320_063309.csv
120,47.41121673683767,200,training_log_20260320_063309.csv
121,233.26030767170755,92,training_log_20260320_063309.csv
122,199.63377034369253,38,training_log_20260320_063309.csv
123,44.45552050851357,200,training_log_20260320_063309.csv
124,37.06524053503202,200,training_log_20260320_063309.csv
125,-11.05627369400197,200,training_log_20260320_063309.csv
126,-8.18780432651699,200,training_log_20260320_063309.csv
127,169.4172626217226,123,training_log_20260320_063309.csv
128,-211.83433088453583,88,training_log_20260320_063309.csv
129,170.67780824679747,19,training_log_20260320_063309.csv
130,41.40025998742699,200,training_log_20260320_063309.csv
131,41.16245533799267,200,training_log_20260320_063309.csv
132,31.178301468413952,200,training_log_20260320_063309.csv
133,160.08793454039022,34,training_log_20260320_063309.csv
134,-21.206730607685543,200,training_log_20260320_063309.csv
135,30.64026739905419,200,training_log_20260320_063309.csv
136,-232.613174618419,97,training_log_20260320_063309.csv
137,14.078749768162847,200,training_log_20260320_063309.csv
138,31.607292341375384,200,training_log_20260320_063309.csv
139,41.3249474595525,200,training_log_20260320_063309.csv
140,-7.306195704067885,200,training_log_20260320_063309.csv
141,5.082200730989039,200,training_log_20260320_063309.csv
142,23.36620669540568,200,training_log_20260320_063309.csv
143,136.06268138923403,116,training_log_20260320_063309.csv
144,-226.9367786088901,67,training_log_20260320_063309.csv
145,15.38604592152176,200,training_log_20260320_063309.csv
146,-5.68687667476103,200,training_log_20260320_063309.csv
147,54.754746105093,200,training_log_20260320_063309.csv
148,-26.86421769211519,200,training_log_20260320_063309.csv
149,35.16303061941365,200,training_log_20260320_063309.csv
150,150.87018374797793,53,training_log_20260320_063309.csv
151,43.297008645984654,200,training_log_20260320_063309.csv
152,153.18115223765903,47,training_log_20260320_063309.csv
153,38.09891679063151,200,training_log_20260320_063309.csv
154,2.3470261183112058,200,training_log_20260320_063309.csv
155,208.4675156910972,56,training_log_20260320_063309.csv
156,130.7602631295257,89,training_log_20260320_063309.csv
157,156.19737083366098,91,training_log_20260320_063309.csv
158,12.120512089780185,200,training_log_20260320_063309.csv
159,-164.42578734501305,22,training_log_20260320_063309.csv
160,49.11040572332891,200,training_log_20260320_063309.csv
161,9.635451313687154,200,training_log_20260320_063309.csv
162,17.025981459354135,200,training_log_20260320_063309.csv
163,-176.15199601002075,10,training_log_20260320_063309.csv
164,36.66929683159166,200,training_log_20260320_063309.csv
165,203.4992815768888,93,training_log_20260320_063309.csv
166,-13.014714415869634,55,training_log_20260320_063309.csv
167,14.420011768402716,200,training_log_20260320_063309.csv
168,94.08765618877808,67,training_log_20260320_063309.csv
169,-2.2224456213163792,200,training_log_20260320_063309.csv
170,-28.420379947123028,200,training_log_20260320_063309.csv
171,83.99208791657487,200,training_log_20260320_063309.csv
172,46.86740766164051,200,training_log_20260320_063309.csv
173,-147.17990788070767,200,training_log_20260320_063309.csv
174,62.90598929357635,200,training_log_20260320_063309.csv
175,113.99945742668729,56,training_log_20260320_063309.csv
176,23.62371892482819,200,training_log_20260320_063309.csv
177,86.7858242975968,200,training_log_20260320_063309.csv
178,226.4954963707093,134,training_log_20260320_063309.csv
179,-42.33572075020412,200,training_log_20260320_063309.csv
180,56.04886910789816,200,training_log_20260320_063309.csv
181,9.67124205868678,200,training_log_20260320_063309.csv
182,38.01909171386709,200,training_log_20260320_063309.csv
183,77.68593209256952,200,training_log_20260320_063309.csv
184,170.81909721138993,149,training_log_20260320_063309.csv
185,6.096550123488439,200,training_log_20260320_063309.csv
186,68.72740009692579,200,training_log_20260320_063309.csv
187,-32.21231787333941,200,training_log_20260320_063309.csv
188,25.136468010213093,200,training_log_20260320_063309.csv
189,24.373823871656647,200,training_log_20260320_063309.csv
190,38.08496205088388,200,training_log_20260320_063309.csv
191,81.646179228566,200,training_log_20260320_063309.csv
192,86.80321103825585,200,training_log_20260320_063309.csv
193,83.87183574135989,200,training_log_20260320_063309.csv
194,38.25121425628484,200,training_log_20260320_063309.csv
195,-189.0798626455391,40,training_log_20260320_063309.csv
196,16.578004799989046,200,training_log_20260320_063309.csv
197,-200.0,1,training_log_20260320_063309.csv
198,65.60724509797495,200,training_log_20260320_063309.csv
199,-36.03232950389899,200,training_log_20260320_063309.csv
200,139.83204752779997,111,training_log_20260320_063309.csv
201,195.5672443075561,68,training_log_20260320_063309.csv
202,63.6940511892459,200,training_log_20260320_063309.csv
203,81.56925464388763,200,training_log_20260320_063309.csv
204,61.371150347974336,200,training_log_20260320_063309.csv
205,50.63354703997074,200,training_log_20260320_063309.csv
206,-200.0,1,training_log_20260320_063309.csv
207,-11.95239046583865,200,training_log_20260320_063309.csv
208,191.9088928731138,36,training_log_20260320_063309.csv
209,-163.42999519963342,59,training_log_20260320_063309.csv
210,-3.6340585268054513,200,training_log_20260320_063309.csv
211,115.84621604893108,200,training_log_20260320_063309.csv
212,-140.7609432822894,23,training_log_20260320_063309.csv
213,-200.0,1,training_log_20260320_063309.csv
214,127.66767773719478,113,training_log_20260320_063309.csv
215,-3.0947856008287125,200,training_log_20260320_063309.csv
216,110.2092785599134,200,training_log_20260320_063309.csv
217,66.86844203934255,200,training_log_20260320_063309.csv
218,89.59588508605093,200,training_log_20260320_063309.csv
219,0.0185209347015451,200,training_log_20260320_063309.csv
220,36.01861373617597,200,training_log_20260320_063309.csv
221,72.86981355788706,200,training_log_20260320_063309.csv
222,6.539519440927511,200,training_log_20260320_063309.csv
223,39.21676425787437,200,training_log_20260320_063309.csv
224,12.71682479739197,200,training_log_20260320_063309.csv
225,76.09752408225098,200,training_log_20260320_063309.csv
226,-200.0,1,training_log_20260320_063309.csv
227,39.289118513729385,200,training_log_20260320_063309.csv
228,118.98884694910952,200,training_log_20260320_063309.csv
229,47.0346688520881,200,training_log_20260320_063309.csv
230,70.17369723307684,200,training_log_20260320_063309.csv
231,-61.95665870150592,200,training_log_20260320_063309.csv
232,164.08169557520557,86,training_log_20260320_063309.csv
233,-209.55571660163147,38,training_log_20260320_063309.csv
234,-170.8448575786697,20,training_log_20260320_063309.csv
235,-34.84996197103907,200,training_log_20260320_063309.csv
236,76.56309811567459,200,training_log_20260320_063309.csv
237,59.27162693609807,200,training_log_20260320_063309.csv
238,47.71470900140375,200,training_log_20260320_063309.csv
239,50.09576545176167,200,training_log_20260320_063309.csv
240,134.58887599417528,151,training_log_20260320_063309.csv
241,158.44384080254687,48,training_log_20260320_063309.csv
242,-8.039599688906993,200,training_log_20260320_063309.csv
243,156.8867188341384,101,training_log_20260320_063309.csv
244,-200.0,1,training_log_20260320_063309.csv
245,131.37307499972286,49,training_log_20260320_063309.csv
246,184.20499481527563,48,training_log_20260320_063309.csv
247,209.05597746734188,77,training_log_20260320_063309.csv
248,16.350553813558676,200,training_log_20260320_063309.csv
249,-8.511320383916775,200,training_log_20260320_063309.csv
250,43.8398020482173,200,training_log_20260320_063309.csv
251,160.79831834016574,61,training_log_20260320_063309.csv
252,29.334113987340597,200,training_log_20260320_063309.csv
253,111.44165208075216,131,training_log_20260320_063309.csv
254,73.59592219452148,200,training_log_20260320_063309.csv
255,39.96743767867364,200,training_log_20260320_063309.csv
256,7.9457098553735745,200,training_log_20260320_063309.csv
257,-171.0952415091669,13,training_log_20260320_063309.csv
258,34.79907597887513,200,training_log_20260320_063309.csv
259,-200.0,1,training_log_20260320_063309.csv
260,135.51817090045333,200,training_log_20260320_063309.csv
261,98.8815125406999,200,training_log_20260320_063309.csv
262,-15.2464460754947,200,training_log_20260320_063309.csv
263,72.47178665242134,200,training_log_20260320_063309.csv
264,191.7707721291501,54,training_log_20260320_063309.csv
265,28.849980043273064,200,training_log_20260320_063309.csv
266,64.0643243854618,200,training_log_20260320_063309.csv
267,173.12594302231355,56,training_log_20260320_063309.csv
268,180.65877784702985,32,training_log_20260320_063309.csv
269,206.32513174156583,44,training_log_20260320_063309.csv
270,207.41112790824144,66,training_log_20260320_063309.csv
271,-6.512236419503277,200,training_log_20260320_063309.csv
272,41.81453033793143,200,training_log_20260320_063309.csv
273,-24.27760999296979,200,training_log_20260320_063309.csv
274,67.06960498633578,200,training_log_20260320_063309.csv
275,13.013732906299722,200,training_log_20260320_063309.csv
276,187.0484164327555,34,training_log_20260320_063309.csv
277,255.00004530550885,79,training_log_20260320_063309.csv
278,185.5503512003449,50,training_log_20260320_063309.csv
279,65.89829530209111,200,training_log_20260320_063309.csv
280,182.87974862136772,41,training_log_20260320_063309.csv
281,178.9502579317923,41,training_log_20260320_063309.csv
282,137.6104177280792,41,training_log_20260320_063309.csv
283,230.04036573294985,54,training_log_20260320_063309.csv
284,-189.9668543568576,39,training_log_20260320_063309.csv
285,179.3147178498099,43,training_log_20260320_063309.csv
286,139.01700080579397,35,training_log_20260320_063309.csv
287,138.8021085463507,37,training_log_20260320_063309.csv
288,15.202935105639462,200,training_log_20260320_063309.csv
289,126.47639650999317,29,training_log_20260320_063309.csv
290,-172.51197274966293,10,training_log_20260320_063309.csv
291,-174.30346589962411,20,training_log_20260320_063309.csv
292,11.325788815134398,200,training_log_20260320_063309.csv
293,-189.96410130231624,21,training_log_20260320_063309.csv
294,31.121521929231736,200,training_log_20260320_063309.csv
295,152.20312673540167,103,training_log_20260320_063309.csv
296,18.87571636160932,200,training_log_20260320_063309.csv
297,-202.0514847316313,14,training_log_20260320_063309.csv
298,47.00753546066445,200,training_log_20260320_063309.csv
299,217.8226284790568,48,training_log_20260320_063309.csv
300,193.65514104158328,107,training_log_20260320_063309.csv
301,183.77522971173929,49,training_log_20260320_063309.csv
302,140.73251849204595,51,training_log_20260320_063309.csv
303,-187.47209640175163,29,training_log_20260320_063309.csv
304,52.21789612979171,200,training_log_20260320_063309.csv
305,130.84169446028017,166,training_log_20260320_063309.csv
306,182.05589909115585,74,training_log_20260320_063309.csv
307,170.59897621587498,45,training_log_20260320_063309.csv
308,117.4133671833088,200,training_log_20260320_063309.csv
309,160.0148214047827,100,training_log_20260320_063309.csv
310,119.13882262470898,96,training_log_20260320_063309.csv
311,46.08399000224695,200,training_log_20260320_063309.csv
312,127.8224748520911,117,training_log_20260320_063309.csv
313,147.03545083032728,60,training_log_20260320_063309.csv
314,195.0153705308203,86,training_log_20260320_063309.csv
315,211.52472696422825,121,training_log_20260320_063309.csv
316,194.81018233656184,41,training_log_20260320_063309.csv
317,163.96183735071168,150,training_log_20260320_063309.csv
318,185.17745717708917,109,training_log_20260320_063309.csv
319,-200.0,1,training_log_20260320_063309.csv
320,74.16037609634154,200,training_log_20260320_063309.csv
321,177.86654015974344,37,training_log_20260320_063309.csv
322,136.34283024657557,38,training_log_20260320_063309.csv
323,73.93312889831427,200,training_log_20260320_063309.csv
324,9.771806764141491,200,training_log_20260320_063309.csv
325,-69.28843604667108,200,training_log_20260320_063309.csv
326,31.381229838122493,200,training_log_20260320_063309.csv
327,210.55857346752617,70,training_log_20260320_063309.csv
328,233.8950408956833,92,training_log_20260320_063309.csv
329,44.83552112425555,200,training_log_20260320_063309.csv
330,172.02425898129627,26,training_log_20260320_063309.csv
331,55.71718376223072,200,training_log_20260320_063309.csv
332,182.09813244280437,81,training_log_20260320_063309.csv
333,-72.1444331234743,57,training_log_20260320_063309.csv
334,181.5579989402147,67,training_log_20260320_063309.csv
335,21.537689213555105,200,training_log_20260320_063309.csv
336,-42.40984627890552,114,training_log_20260320_063309.csv
337,76.0113653432407,200,training_log_20260320_063309.csv
338,157.1013954555552,43,training_log_20260320_063309.csv
339,54.18912135577139,200,training_log_20260320_063309.csv
340,156.80629390454018,62,training_log_20260320_063309.csv
341,147.8388321698705,40,training_log_20260320_063309.csv
342,170.81608609780054,101,training_log_20260320_063309.csv
343,22.188159267629164,200,training_log_20260320_063309.csv
344,-200.0,1,training_log_20260320_063309.csv
345,169.77535884515618,51,training_log_20260320_063309.csv
346,167.8209896529908,118,training_log_20260320_063309.csv
347,61.13094202138095,200,training_log_20260320_063309.csv
348,30.58588230005893,200,training_log_20260320_063309.csv
349,48.01900829619533,200,training_log_20260320_063309.csv
350,40.88914662336859,200,training_log_20260320_063309.csv
351,173.8222292646692,41,training_log_20260320_063309.csv
352,31.56055393030401,200,training_log_20260320_063309.csv
353,171.43172964744576,197,training_log_20260320_063309.csv
354,170.78440440952204,101,training_log_20260320_063309.csv
355,6.111172097024831,200,training_log_20260320_063309.csv
356,34.31326518734186,200,training_log_20260320_063309.csv
357,-9.104873539249624,62,training_log_20260320_063309.csv
358,195.33124424902,36,training_log_20260320_063309.csv
359,31.23035175503413,200,training_log_20260320_063309.csv
360,184.09664714953675,186,training_log_20260320_063309.csv
361,130.61528688965797,16,training_log_20260320_063309.csv
362,119.61977689932787,200,training_log_20260320_063309.csv
363,144.6915973403881,19,training_log_20260320_063309.csv
364,215.03410883869725,54,training_log_20260320_063309.csv
365,-200.0,1,training_log_20260320_063309.csv
366,166.08582753419216,25,training_log_20260320_063309.csv
367,141.03320702723946,15,training_log_20260320_063309.csv
368,40.83361027914582,200,training_log_20260320_063309.csv
369,144.80079023215703,47,training_log_20260320_063309.csv
370,20.69136107926179,200,training_log_20260320_063309.csv
371,110.52816071169757,113,training_log_20260320_063309.csv
372,49.657208659075245,200,training_log_20260320_063309.csv
373,100.08157366717698,21,training_log_20260320_063309.csv
374,-200.0,1,training_log_20260320_063309.csv
375,27.54542240564269,200,training_log_20260320_063309.csv
376,33.154944299366264,200,training_log_20260320_063309.csv
377,212.54868306917749,79,training_log_20260320_063309.csv
378,24.90982762431883,200,training_log_20260320_063309.csv
379,218.25342746290508,152,training_log_20260320_063309.csv
380,2.497322261932545,200,training_log_20260320_063309.csv
381,195.98759714005888,48,training_log_20260320_063309.csv
382,-12.624215183977595,99,training_log_20260320_063309.csv
383,-7.841823782290831,70,training_log_20260320_063309.csv
384,-200.0,1,training_log_20260320_063309.csv
385,30.153938416706684,200,training_log_20260320_063309.csv
386,154.508150879504,55,training_log_20260320_063309.csv
387,-26.206181427166754,200,training_log_20260320_063309.csv
388,168.3504014171016,58,training_log_20260320_063309.csv
389,60.07193614370102,200,training_log_20260320_063309.csv
390,-175.06176703632025,10,training_log_20260320_063309.csv
391,237.17544105724903,64,training_log_20260320_063309.csv
392,14.041237331444377,200,training_log_20260320_063309.csv
393,174.71035197978415,53,training_log_20260320_063309.csv
394,183.2872691110339,77,training_log_20260320_063309.csv
395,181.93060184436985,42,training_log_20260320_063309.csv
396,195.68765886566055,39,training_log_20260320_063309.csv
397,222.8339921722831,50,training_log_20260320_063309.csv
398,38.09015511936768,200,training_log_20260320_063309.csv
399,-8.664749530639886,200,training_log_20260320_063309.csv
400,40.02555153496755,200,training_log_20260320_063309.csv
401,189.0725404605356,100,training_log_20260320_063309.csv
402,104.17551157753874,10,training_log_20260320_063309.csv
403,183.2902401355664,59,training_log_20260320_063309.csv
404,107.49349583683735,33,training_log_20260320_063309.csv
405,11.907973812552964,200,training_log_20260320_063309.csv
406,74.1145687672912,200,training_log_20260320_063309.csv
407,0.2356294028902852,200,training_log_20260320_063309.csv
408,242.59453978392864,50,training_log_20260320_063309.csv
409,179.01912455737477,34,training_log_20260320_063309.csv
410,150.80007841855218,93,training_log_20260320_063309.csv
411,189.6000912897612,34,training_log_20260320_063309.csv
412,104.41419226334877,200,training_log_20260320_063309.csv
413,156.02694101927787,94,training_log_20260320_063309.csv
414,168.57414528363603,31,training_log_20260320_063309.csv
415,188.4382244090052,47,training_log_20260320_063309.csv
416,23.640733153478084,200,training_log_20260320_063309.csv
417,-200.0,1,training_log_20260320_063309.csv
418,-65.95154729306223,200,training_log_20260320_063309.csv
419,185.04345195470103,77,training_log_20260320_063309.csv
420,110.22866326745708,43,training_log_20260320_063309.csv
421,168.66590151311306,31,training_log_20260320_063309.csv
422,128.3172950849198,117,training_log_20260320_063309.csv
423,-164.84969472199975,11,training_log_20260320_063309.csv
424,187.70151409985263,31,training_log_20260320_063309.csv
425,43.97735178388916,200,training_log_20260320_063309.csv
426,-31.68593032473801,181,training_log_20260320_063309.csv
427,16.074305748429992,44,training_log_20260320_063309.csv
428,49.56038739878085,200,training_log_20260320_063309.csv
429,135.66223852501756,138,training_log_20260320_063309.csv
430,180.73843188004903,56,training_log_20260320_063309.csv
431,69.09216820967332,87,training_log_20260320_063309.csv
432,88.02505578699211,200,training_log_20260320_063309.csv
433,-178.02198771125876,8,training_log_20260320_063309.csv
434,-5.369656430806664,200,training_log_20260320_063309.csv
435,24.00196128175009,200,training_log_20260320_063309.csv
436,51.49578449485028,200,training_log_20260320_063309.csv
437,131.4972118440296,73,training_log_20260320_063309.csv
438,18.662967018743444,200,training_log_20260320_063309.csv
439,31.00552379120712,200,training_log_20260320_063309.csv
440,32.93388013614135,200,training_log_20260320_063309.csv
441,-199.05448823840496,14,training_log_20260320_063309.csv
442,7.273907146752927,200,training_log_20260320_063309.csv
443,5.408565558613823,200,training_log_20260320_063309.csv
444,96.31988906561688,200,training_log_20260320_063309.csv
445,177.48930112575965,93,training_log_20260320_063309.csv
446,202.14233757402525,66,training_log_20260320_063309.csv
447,59.42595768674646,200,training_log_20260320_063309.csv
448,-28.73229152726538,200,training_log_20260320_063309.csv
449,163.74448308430752,43,training_log_20260320_063309.csv
450,-29.63333312390388,78,training_log_20260320_063309.csv
451,131.7406738694039,61,training_log_20260320_063309.csv
452,24.42735224400825,200,training_log_20260320_063309.csv
453,-2.040480770414668,200,training_log_20260320_063309.csv
454,108.84295109909836,200,training_log_20260320_063309.csv
455,6.281878256139146,200,training_log_20260320_063309.csv
456,35.92058204371466,200,training_log_20260320_063309.csv
457,121.3036782224692,200,training_log_20260320_063309.csv
458,185.7520051606562,36,training_log_20260320_063309.csv
459,-22.630387209617155,200,training_log_20260320_063309.csv
460,151.78951922575703,184,training_log_20260320_063309.csv
461,32.6614599249499,200,training_log_20260320_063309.csv
462,37.03337789419693,200,training_log_20260320_063309.csv
463,148.81637644889358,94,training_log_20260320_063309.csv
464,143.37058947466085,26,training_log_20260320_063309.csv
465,88.94145496657052,70,training_log_20260320_063309.csv
466,17.858334752455647,200,training_log_20260320_063309.csv
467,-4.889558958107308,200,training_log_20260320_063309.csv
468,38.590274399196495,200,training_log_20260320_063309.csv
469,243.93378731278744,61,training_log_20260320_063309.csv
470,114.37115172624524,96,training_log_20260320_063309.csv
471,-40.23871682919419,200,training_log_20260320_063309.csv
472,11.261283193008564,200,training_log_20260320_063309.csv
473,45.77450347521551,200,training_log_20260320_063309.csv
474,15.200963646105826,200,training_log_20260320_063309.csv
475,31.80636418617219,200,training_log_20260320_063309.csv
476,33.810696146666814,200,training_log_20260320_063309.csv
477,22.77218552807541,48,training_log_20260320_063309.csv
478,11.278033355864768,200,training_log_20260320_063309.csv
479,46.41351498765484,200,training_log_20260320_063309.csv
480,195.58641548438652,74,training_log_20260320_063309.csv
481,-1.7575334502851492,200,training_log_20260320_063309.csv
482,45.266922536585646,200,training_log_20260320_063309.csv
483,101.53524308729408,194,training_log_20260320_063309.csv
484,106.2266382634858,200,training_log_20260320_063309.csv
485,-15.730842005476845,200,training_log_20260320_063309.csv
486,1.1809434489317645,200,training_log_20260320_063309.csv
487,39.49486561093249,200,training_log_20260320_063309.csv
488,25.99009403715913,200,training_log_20260320_063309.csv
489,-171.40388531703817,11,training_log_20260320_063309.csv
490,174.1058187810857,125,training_log_20260320_063309.csv
491,11.279932680001227,200,training_log_20260320_063309.csv
492,157.97349763419382,34,training_log_20260320_063309.csv
493,180.76749478114996,32,training_log_20260320_063309.csv
494,58.71096845802232,200,training_log_20260320_063309.csv
495,149.15280187906754,51,training_log_20260320_063309.csv
496,-35.888265996948284,200,training_log_20260320_063309.csv
497,4.749975012963274,200,training_log_20260320_063309.csv
498,1.428776063896041,200,training_log_20260320_063309.csv
499,36.44677186087716,200,training_log_20260320_063309.csv
500,101.81844720374092,200,training_log_20260320_063309.csv
501,13.426387034425336,200,training_log_20260320_063309.csv
502,148.3572307917447,32,training_log_20260320_063309.csv
503,41.315100659590485,200,training_log_20260320_063309.csv
504,153.91156915529672,36,training_log_20260320_063309.csv
505,100.0,1,training_log_20260320_063309.csv
506,13.332864941527871,200,training_log_20260320_063309.csv
507,32.96797115074157,200,training_log_20260320_063309.csv
508,148.55101006775288,40,training_log_20260320_063309.csv
509,54.252591540680754,200,training_log_20260320_063309.csv
510,-6.180691299482341,110,training_log_20260320_063309.csv
511,205.41499828061507,39,training_log_20260320_063309.csv
512,-0.8730547945660264,200,training_log_20260320_063309.csv
513,-144.4335868149681,16,training_log_20260320_063309.csv
514,56.187230830969234,200,training_log_20260320_063309.csv
515,64.384153267867,200,training_log_20260320_063309.csv
516,-163.04295003345027,21,training_log_20260320_063309.csv
517,47.95028322590287,200,training_log_20260320_063309.csv
518,165.4615031189437,53,training_log_20260320_063309.csv
519,184.20264402203605,70,training_log_20260320_063309.csv
520,-181.6352128210626,9,training_log_20260320_063309.csv
521,-5.843725162999957,200,training_log_20260320_063309.csv
522,143.20852208138967,73,training_log_20260320_063309.csv
523,100.70904646802144,164,training_log_20260320_063309.csv
524,-200.0,1,training_log_20260320_063309.csv
525,40.770753218552464,200,training_log_20260320_063309.csv
526,3.4056376514780937,200,training_log_20260320_063309.csv
527,15.090526925999407,200,training_log_20260320_063309.csv
528,-146.28575522848814,113,training_log_20260320_063309.csv
529,111.38042254930984,200,training_log_20260320_063309.csv
530,162.7917297666003,52,training_log_20260320_063309.csv
531,-173.5533446928736,10,training_log_20260320_063309.csv
532,200.03083646923247,52,training_log_20260320_063309.csv
533,17.844204006292536,200,training_log_20260320_063309.csv
534,6.451614937095375,200,training_log_20260320_063309.csv
535,35.15570585707259,200,training_log_20260320_063309.csv
536,167.42998894406873,71,training_log_20260320_063309.csv
537,-192.71372306108407,34,training_log_20260320_063309.csv
538,209.0677783553421,52,training_log_20260320_063309.csv
539,69.06286463443884,200,training_log_20260320_063309.csv
540,29.69668810290164,200,training_log_20260320_063309.csv
541,129.897524979798,89,training_log_20260320_063309.csv
542,183.48456595859932,44,training_log_20260320_063309.csv
543,189.51094302201116,47,training_log_20260320_063309.csv
544,13.769026442435456,200,training_log_20260320_063309.csv
545,-14.599167128513557,200,training_log_20260320_063309.csv
546,74.27231271117944,200,training_log_20260320_063309.csv
547,143.41145300816578,39,training_log_20260320_063309.csv
548,22.980445314556597,200,training_log_20260320_063309.csv
549,177.7125701743294,59,training_log_20260320_063309.csv
550,147.9651420949234,166,training_log_20260320_063309.csv
551,165.08054493293184,54,training_log_20260320_063309.csv
552,173.70114097057336,76,training_log_20260320_063309.csv
553,32.36979244556082,200,training_log_20260320_063309.csv
554,229.31810132005603,67,training_log_20260320_063309.csv
555,34.24849769209754,200,training_log_20260320_063309.csv
556,170.99533763027026,135,training_log_20260320_063309.csv
557,74.9614775867538,200,training_log_20260320_063309.csv
558,-200.0,1,training_log_20260320_063309.csv
559,59.435859876512446,200,training_log_20260320_063309.csv
560,66.91224303991967,200,training_log_20260320_063309.csv
561,55.41737044784007,200,training_log_20260320_063309.csv
562,86.31456439239851,200,training_log_20260320_063309.csv
563,271.8697856436498,59,training_log_20260320_063309.csv
564,192.68195484831807,37,training_log_20260320_063309.csv
565,-45.31942828968808,76,training_log_20260320_063309.csv
566,10.03518270787168,200,training_log_20260320_063309.csv
567,66.71684405181881,200,training_log_20260320_063309.csv
568,29.99457912402899,200,training_log_20260320_063309.csv
569,142.35485803649345,119,training_log_20260320_063309.csv
570,11.818682638247264,200,training_log_20260320_063309.csv
571,62.7347709992441,200,training_log_20260320_063309.csv
572,205.53427244112837,41,training_log_20260320_063309.csv
573,132.3026313753988,169,training_log_20260320_063309.csv
574,38.37128561577702,200,training_log_20260320_063309.csv
575,13.695335974745412,200,training_log_20260320_063309.csv
576,18.22131218312265,200,training_log_20260320_063309.csv
577,81.62005492603306,200,training_log_20260320_063309.csv
578,165.38321224277095,44,training_log_20260320_063309.csv
579,154.00639075642735,111,training_log_20260320_063309.csv
580,40.21734394998709,200,training_log_20260320_063309.csv
581,-162.00336432330707,14,training_log_20260320_063309.csv
582,200.88877089297603,33,training_log_20260320_063309.csv
583,148.58673954170652,53,training_log_20260320_063309.csv
584,156.85199437987262,49,training_log_20260320_063309.csv
585,50.079771499882064,200,training_log_20260320_063309.csv
586,-2.232873808540836,200,training_log_20260320_063309.csv
587,82.07744893243817,200,training_log_20260320_063309.csv
588,-200.0,1,training_log_20260320_063309.csv
589,15.417591023867203,200,training_log_20260320_063309.csv
590,-1.390944113444905,200,training_log_20260320_063309.csv
591,185.2787003431116,34,training_log_20260320_063309.csv
592,-182.563462652826,19,training_log_20260320_063309.csv
593,-171.5893414208505,12,training_log_20260320_063309.csv
594,141.73349717383326,34,training_log_20260320_063309.csv
595,80.97072300444778,200,training_log_20260320_063309.csv
596,40.639432660768655,200,training_log_20260320_063309.csv
597,25.887640765125536,200,training_log_20260320_063309.csv
598,55.9419188069333,200,training_log_20260320_063309.csv
599,36.57156324715187,200,training_log_20260320_063309.csv
600,167.113353793719,56,training_log_20260320_063309.csv
601,11.427175489929589,200,training_log_20260320_063309.csv
602,-151.7663309508514,16,training_log_20260320_063309.csv
603,32.01414994783199,200,training_log_20260320_063309.csv
604,59.11752162959462,200,training_log_20260320_063309.csv
605,60.49590011841022,200,training_log_20260320_063309.csv
606,70.29197600216477,200,training_log_20260320_063309.csv
607,45.18021243997055,200,training_log_20260320_063309.csv
608,-26.261660078099155,200,training_log_20260320_063309.csv
609,-12.057850471880792,200,training_log_20260320_063309.csv
610,36.41451619775318,200,training_log_20260320_063309.csv
611,-200.0,1,training_log_20260320_063309.csv
612,-165.77644060627247,10,training_log_20260320_063309.csv
613,-22.17947579721604,200,training_log_20260320_063309.csv
614,39.002511233390194,200,training_log_20260320_063309.csv
615,190.7137398826255,160,training_log_20260320_063309.csv
616,29.547273415233388,200,training_log_20260320_063309.csv
617,159.89520817893174,102,training_log_20260320_063309.csv
618,-204.65095785439792,36,training_log_20260320_063309.csv
619,159.63351089090355,35,training_log_20260320_063309.csv
620,10.556109094393824,200,training_log_20260320_063309.csv
621,160.97352966000852,85,training_log_20260320_063309.csv
622,61.792084881958566,200,training_log_20260320_063309.csv
623,3.24516778379292,200,training_log_20260320_063309.csv
624,16.24922289150737,200,training_log_20260320_063309.csv
625,7.83719843516902,200,training_log_20260320_063309.csv
626,66.5475408774321,200,training_log_20260320_063309.csv
627,18.959102557906977,200,training_log_20260320_063309.csv
628,39.29738457889188,200,training_log_20260320_063309.csv
629,54.2411286345008,200,training_log_20260320_063309.csv
630,139.1107757447224,67,training_log_20260320_063309.csv
631,95.5429964098826,200,training_log_20260320_063309.csv
632,13.86120922755644,200,training_log_20260320_063309.csv
633,16.29313584239241,200,training_log_20260320_063309.csv
634,0.4176116544590802,200,training_log_20260320_063309.csv
635,55.39726923989601,200,training_log_20260320_063309.csv
636,27.0533400692106,200,training_log_20260320_063309.csv
637,34.61720103519546,200,training_log_20260320_063309.csv
638,-220.9283895967929,79,training_log_20260320_063309.csv
639,137.9741946082998,43,training_log_20260320_063309.csv
640,29.247364247275037,200,training_log_20260320_063309.csv
641,48.57518074485351,200,training_log_20260320_063309.csv
642,172.11263148538745,28,training_log_20260320_063309.csv
643,166.6116465771805,30,training_log_20260320_063309.csv
644,-16.6073121178961,200,training_log_20260320_063309.csv
645,-200.0,1,training_log_20260320_063309.csv
646,12.028964201914826,200,training_log_20260320_063309.csv
647,175.608818640751,23,training_log_20260320_063309.csv
648,41.66366618672525,200,training_log_20260320_063309.csv
649,150.4021780608178,25,training_log_20260320_063309.csv
650,210.57569658618203,51,training_log_20260320_063309.csv
651,167.58217965414272,32,training_log_20260320_063309.csv
652,171.44053864740908,31,training_log_20260320_063309.csv
653,180.49947445598224,44,training_log_20260320_063309.csv
654,63.00881951909937,200,training_log_20260320_063309.csv
655,153.711661603876,54,training_log_20260320_063309.csv
656,68.03198736847989,200,training_log_20260320_063309.csv
657,106.57395735921364,200,training_log_20260320_063309.csv
658,4.971860026809773,200,training_log_20260320_063309.csv
659,54.41803625950843,200,training_log_20260320_063309.csv
660,33.211991989440214,200,training_log_20260320_063309.csv
661,168.85485705565122,87,training_log_20260320_063309.csv
662,236.5418841228128,55,training_log_20260320_063309.csv
663,3.255960985564036,200,training_log_20260320_063309.csv
664,10.286315446993465,200,training_log_20260320_063309.csv
665,48.76361872532727,200,training_log_20260320_063309.csv
666,17.750076258743373,200,training_log_20260320_063309.csv
667,30.025442454029807,200,training_log_20260320_063309.csv
668,79.26560733485867,200,training_log_20260320_063309.csv
669,31.44364999024653,200,training_log_20260320_063309.csv
670,150.01545507064017,33,training_log_20260320_063309.csv
671,232.16948293772649,48,training_log_20260320_063309.csv
672,34.82018581783988,200,training_log_20260320_063309.csv
673,65.0479787626355,200,training_log_20260320_063309.csv
674,-15.049398633659342,200,training_log_20260320_063309.csv
675,27.23207345043159,200,training_log_20260320_063309.csv
676,119.62324233600354,174,training_log_20260320_063309.csv
677,19.793339168460054,200,training_log_20260320_063309.csv
678,85.1193651265772,200,training_log_20260320_063309.csv
679,-12.819089265389488,200,training_log_20260320_063309.csv
680,40.17533894177007,200,training_log_20260320_063309.csv
681,71.32766902484828,200,training_log_20260320_063309.csv
682,170.2146391926108,24,training_log_20260320_063309.csv
683,28.25826621486518,200,training_log_20260320_063309.csv
684,121.38968884923074,200,training_log_20260320_063309.csv
685,17.93470530534726,200,training_log_20260320_063309.csv
686,185.36445014058205,32,training_log_20260320_063309.csv
687,168.2725707908834,151,training_log_20260320_063309.csv
688,30.939941665750144,200,training_log_20260320_063309.csv
689,-171.57985340868882,13,training_log_20260320_063309.csv
690,194.7434413169273,42,training_log_20260320_063309.csv
691,52.137105568091535,200,training_log_20260320_063309.csv
692,74.53665820676886,200,training_log_20260320_063309.csv
693,-192.10813997812295,11,training_log_20260320_063309.csv
694,0.0402838006960175,200,training_log_20260320_063309.csv
695,45.92572620368769,200,training_log_20260320_063309.csv
696,8.085187933591024,200,training_log_20260320_063309.csv
697,125.65129404552306,17,training_log_20260320_063309.csv
698,33.08755899182368,200,training_log_20260320_063309.csv
699,27.30707791856404,200,training_log_20260320_063309.csv
700,83.21953989900243,200,training_log_20260320_063309.csv
701,64.48840534477813,200,training_log_20260320_063309.csv
702,64.479301095197,200,training_log_20260320_063309.csv
703,55.19062919679532,200,training_log_20260320_063309.csv
704,1.199447340016793,200,training_log_20260320_063309.csv
705,3.8605165101315846,200,training_log_20260320_063309.csv
706,44.177845960248085,200,training_log_20260320_063309.csv
707,178.3588714548776,34,training_log_20260320_063309.csv
708,33.97302149125814,200,training_log_20260320_063309.csv
709,42.78769921301347,200,training_log_20260320_063309.csv
710,21.15425343689634,200,training_log_20260320_063309.csv
711,54.15041238902038,200,training_log_20260320_063309.csv
712,103.45054262459396,200,training_log_20260320_063309.csv
713,28.91632482943546,200,training_log_20260320_063309.csv
714,114.76787239398688,200,training_log_20260320_063309.csv
715,12.407927808058703,200,training_log_20260320_063309.csv
716,24.92158071534067,200,training_log_20260320_063309.csv
717,2.862579724045851,200,training_log_20260320_063309.csv
718,16.96251551341433,86,training_log_20260320_063309.csv
719,22.749715889044683,200,training_log_20260320_063309.csv
720,22.21353505216622,200,training_log_20260320_063309.csv
721,-29.78171165708941,200,training_log_20260320_063309.csv
722,5.690512835731624,200,training_log_20260320_063309.csv
723,203.4495486275705,42,training_log_20260320_063309.csv
724,211.5569565118879,44,training_log_20260320_063309.csv
725,15.745418825721714,200,training_log_20260320_063309.csv
726,14.232039954570118,200,training_log_20260320_063309.csv
727,-35.966159497998746,200,training_log_20260320_063309.csv
728,-183.26465216131564,8,training_log_20260320_063309.csv
729,107.27689410215098,200,training_log_20260320_063309.csv
730,25.90580093968729,200,training_log_20260320_063309.csv
731,-179.62585310637118,13,training_log_20260320_063309.csv
732,30.50368546224253,200,training_log_20260320_063309.csv
733,-152.7977694271141,16,training_log_20260320_063309.csv
734,7.534796117789078,52,training_log_20260320_063309.csv
735,-257.1113921112651,151,training_log_20260320_063309.csv
736,49.90187717839678,200,training_log_20260320_063309.csv
737,-10.389444033581832,200,training_log_20260320_063309.csv
738,68.24115192010727,200,training_log_20260320_063309.csv
739,-20.187204309621457,200,training_log_20260320_063309.csv
740,-0.1587751234079323,200,training_log_20260320_063309.csv
741,153.05585000777103,31,training_log_20260320_063309.csv
742,65.72703740706353,200,training_log_20260320_063309.csv
743,-31.710099585779545,74,training_log_20260320_063309.csv
744,26.996189447331783,200,training_log_20260320_063309.csv
745,145.31172599967778,24,training_log_20260320_063309.csv
746,27.69324918839717,200,training_log_20260320_063309.csv
747,101.23879599116536,200,training_log_20260320_063309.csv
748,173.2172452297887,71,training_log_20260320_063309.csv
749,-2.692902252203805,200,training_log_20260320_063309.csv
750,79.71714875808468,200,training_log_20260320_063309.csv
751,156.78589900831562,150,training_log_20260320_063309.csv
752,-45.64696785389592,200,training_log_20260320_063309.csv
753,45.31124196464071,200,training_log_20260320_063309.csv
754,45.64586432693013,200,training_log_20260320_063309.csv
755,17.28601216094575,200,training_log_20260320_063309.csv
756,34.54973694120767,200,training_log_20260320_063309.csv
757,149.25642973570538,104,training_log_20260320_063309.csv
758,18.55905039883938,200,training_log_20260320_063309.csv
759,-18.467030585296243,200,training_log_20260320_063309.csv
760,154.54442647681594,32,training_log_20260320_063309.csv
761,-212.77251207878493,93,training_log_20260320_063309.csv
762,-46.86637291431553,200,training_log_20260320_063309.csv
763,19.37235407658446,200,training_log_20260320_063309.csv
764,-190.9873869654861,6,training_log_20260320_063309.csv
765,10.137203679985747,200,training_log_20260320_063309.csv
766,-59.92146342935283,200,training_log_20260320_063309.csv
767,47.86497582620643,200,training_log_20260320_063309.csv
768,113.84669731315802,200,training_log_20260320_063309.csv
769,50.454515625726,200,training_log_20260320_063309.csv
770,62.42636217079627,200,training_log_20260320_063309.csv
771,-29.75878170182056,200,training_log_20260320_063309.csv
772,156.0567437873532,44,training_log_20260320_063309.csv
773,184.9640908450391,50,training_log_20260320_063309.csv
774,-23.9208462201514,60,training_log_20260320_063309.csv
775,-178.2032935509577,10,training_log_20260320_063309.csv
776,205.2781046431168,38,training_log_20260320_063309.csv
777,31.31502578925272,200,training_log_20260320_063309.csv
778,34.44423288033041,200,training_log_20260320_063309.csv
779,13.792836979154464,200,training_log_20260320_063309.csv
780,202.1693990000398,55,training_log_20260320_063309.csv
781,-165.20057924064395,21,training_log_20260320_063309.csv
782,-7.4769926024591165,200,training_log_20260320_063309.csv
783,32.16297799219468,200,training_log_20260320_063309.csv
784,-168.68135062723172,10,training_log_20260320_063309.csv
785,62.46634015905424,200,training_log_20260320_063309.csv
786,10.756430248569105,87,training_log_20260320_063309.csv
787,13.99480746843415,200,training_log_20260320_063309.csv
788,16.083447479910657,200,training_log_20260320_063309.csv
789,190.6405505152429,58,training_log_20260320_063309.csv
790,16.507720906764764,200,training_log_20260320_063309.csv
791,26.242334330612863,200,training_log_20260320_063309.csv
792,45.70180888053229,200,training_log_20260320_063309.csv
793,40.28966060520729,200,training_log_20260320_063309.csv
794,155.34378353900988,161,training_log_20260320_063309.csv
795,49.53631723748331,200,training_log_20260320_063309.csv
796,172.1655520870713,68,training_log_20260320_063309.csv
797,58.65527093249951,200,training_log_20260320_063309.csv
798,-41.6541840098349,200,training_log_20260320_063309.csv
799,187.6654913163568,192,training_log_20260320_063309.csv
800,-30.919095079559824,200,training_log_20260320_063309.csv
801,253.84022044798323,98,training_log_20260320_063309.csv
802,78.79355888580308,200,training_log_20260320_063309.csv
803,170.79945790049183,41,training_log_20260320_063309.csv
804,218.07514070927783,137,training_log_20260320_063309.csv
805,-6.250805784164445,200,training_log_20260320_063309.csv
806,7.437612996617933,200,training_log_20260320_063309.csv
807,-43.63291523403826,200,training_log_20260320_063309.csv
808,104.40502011152364,200,training_log_20260320_063309.csv
809,94.37998489467635,200,training_log_20260320_063309.csv
810,188.2439149247445,40,training_log_20260320_063309.csv
811,83.81023805686118,200,training_log_20260320_063309.csv
812,7.676278319993047,200,training_log_20260320_063309.csv
813,34.380842453386826,200,training_log_20260320_063309.csv
814,168.76907126263802,64,training_log_20260320_063309.csv
815,52.0301617485249,200,training_log_20260320_063309.csv
816,-186.12248351653875,73,training_log_20260320_063309.csv
817,190.80743423891323,29,training_log_20260320_063309.csv
818,134.56709020999148,29,training_log_20260320_063309.csv
819,-8.723534129197214,200,training_log_20260320_063309.csv
820,148.20926820376712,49,training_log_20260320_063309.csv
821,146.50266145910246,89,training_log_20260320_063309.csv
822,195.51554529477264,193,training_log_20260320_063309.csv
823,188.98398931326045,82,training_log_20260320_063309.csv
824,186.1777715082574,34,training_log_20260320_063309.csv
825,157.01644340881694,23,training_log_20260320_063309.csv
826,174.42642555633012,64,training_log_20260320_063309.csv
827,84.8895660398466,200,training_log_20260320_063309.csv
828,83.371207330943,200,training_log_20260320_063309.csv
829,46.01877315006976,200,training_log_20260320_063309.csv
830,163.20478562080172,63,training_log_20260320_063309.csv
831,169.52524124973826,111,training_log_20260320_063309.csv
832,186.60233702865503,40,training_log_20260320_063309.csv
833,38.56693196543859,200,training_log_20260320_063309.csv
834,1.9945646280897995,200,training_log_20260320_063309.csv
835,202.8912165118685,55,training_log_20260320_063309.csv
836,166.07780461856294,39,training_log_20260320_063309.csv
837,20.901974428902488,200,training_log_20260320_063309.csv
838,176.76438199897677,43,training_log_20260320_063309.csv
839,-196.5182750321304,53,training_log_20260320_063309.csv
840,-170.7154723610765,9,training_log_20260320_063309.csv
841,195.6380197964026,57,training_log_20260320_063309.csv
842,52.92336636892387,200,training_log_20260320_063309.csv
843,153.87257625430271,45,training_log_20260320_063309.csv
844,150.6420947711049,31,training_log_20260320_063309.csv
845,160.6726178982315,100,training_log_20260320_063309.csv
846,39.65121972168495,200,training_log_20260320_063309.csv
847,230.49250549646067,129,training_log_20260320_063309.csv
848,-184.4046236885122,6,training_log_20260320_063309.csv
849,-200.0,1,training_log_20260320_063309.csv
850,136.149236788022,42,training_log_20260320_063309.csv
851,62.32918068828968,200,training_log_20260320_063309.csv
852,63.67878500305746,200,training_log_20260320_063309.csv
853,170.66581018896062,38,training_log_20260320_063309.csv
854,232.3884825592096,55,training_log_20260320_063309.csv
855,137.76337076633536,115,training_log_20260320_063309.csv
856,37.29948479222514,200,training_log_20260320_063309.csv
857,181.6818488622987,35,training_log_20260320_063309.csv
858,40.93954347062356,200,training_log_20260320_063309.csv
859,78.40788080333725,200,training_log_20260320_063309.csv
860,167.52458210471997,116,training_log_20260320_063309.csv
861,40.098868800820114,200,training_log_20260320_063309.csv
862,151.63241908224197,23,training_log_20260320_063309.csv
863,53.57448452364942,200,training_log_20260320_063309.csv
864,167.5180065819997,70,training_log_20260320_063309.csv
865,157.99733663566136,77,training_log_20260320_063309.csv
866,128.07196681711304,16,training_log_20260320_063309.csv
867,150.51171357223026,70,training_log_20260320_063309.csv
868,57.534365231534046,200,training_log_20260320_063309.csv
869,140.2344677039316,24,training_log_20260320_063309.csv
870,-200.0,1,training_log_20260320_063309.csv
871,54.856471820352574,200,training_log_20260320_063309.csv
872,-86.3479141113766,200,training_log_20260320_063309.csv
873,55.05654526386088,200,training_log_20260320_063309.csv
874,209.5108609866528,60,training_log_20260320_063309.csv
875,178.17150122669892,67,training_log_20260320_063309.csv
876,39.91527476908208,200,training_log_20260320_063309.csv
877,157.69004441522182,28,training_log_20260320_063309.csv
878,156.2566322679142,62,training_log_20260320_063309.csv
879,35.8608602043723,200,training_log_20260320_063309.csv
880,198.63303626218232,43,training_log_20260320_063309.csv
881,87.47076091229023,165,training_log_20260320_063309.csv
882,23.10902450368873,200,training_log_20260320_063309.csv
883,12.37440441345191,200,training_log_20260320_063309.csv
884,261.4400302026881,65,training_log_20260320_063309.csv
885,177.21387498709834,44,training_log_20260320_063309.csv
886,135.01934354953994,200,training_log_20260320_063309.csv
887,54.19221075078809,200,training_log_20260320_063309.csv
888,170.15627064557026,117,training_log_20260320_063309.csv
889,37.55409076629891,200,training_log_20260320_063309.csv
890,193.25137685764625,42,training_log_20260320_063309.csv
891,153.1818138464087,115,training_log_20260320_063309.csv
892,150.28972764534726,25,training_log_20260320_063309.csv
893,190.09102697734187,35,training_log_20260320_063309.csv
894,152.7362683434948,51,training_log_20260320_063309.csv
895,184.53488568971835,34,training_log_20260320_063309.csv
896,33.136668504319665,200,training_log_20260320_063309.csv
897,9.567531563874326,200,training_log_20260320_063309.csv
898,-176.83076725518177,9,training_log_20260320_063309.csv
899,215.33445606955232,45,training_log_20260320_063309.csv
900,46.10720945619769,200,training_log_20260320_063309.csv
901,12.296961372269037,200,training_log_20260320_063309.csv
902,61.50150165724232,200,training_log_20260320_063309.csv
903,126.0665262936742,200,training_log_20260320_063309.csv
904,-170.32088243217527,29,training_log_20260320_063309.csv
905,-5.488208291390308,200,training_log_20260320_063309.csv
906,24.969022776190947,200,training_log_20260320_063309.csv
907,157.19495218731407,41,training_log_20260320_063309.csv
908,12.645151652523303,200,training_log_20260320_063309.csv
909,-83.28839735098215,172,training_log_20260320_063309.csv
910,19.40765813100846,200,training_log_20260320_063309.csv
911,70.72158736716015,200,training_log_20260320_063309.csv
912,32.92893042449939,200,training_log_20260320_063309.csv
913,162.9322412408955,19,training_log_20260320_063309.csv
914,81.29468877216563,200,training_log_20260320_063309.csv
915,146.16860674560627,22,training_log_20260320_063309.csv
916,-23.26757979070509,200,training_log_20260320_063309.csv
917,164.30955739499169,26,training_log_20260320_063309.csv
918,-40.51185273419989,133,training_log_20260320_063309.csv
919,5.2855447750964055,200,training_log_20260320_063309.csv
920,38.50179816327596,200,training_log_20260320_063309.csv
921,159.48220048670464,24,training_log_20260320_063309.csv
922,55.9060102491162,200,training_log_20260320_063309.csv
923,185.1504967529002,74,training_log_20260320_063309.csv
924,66.24437070734987,200,training_log_20260320_063309.csv
925,-102.26138731613918,119,training_log_20260320_063309.csv
926,-37.68839177294295,200,training_log_20260320_063309.csv
927,263.28069033727047,82,training_log_20260320_063309.csv
928,139.84622309347452,57,training_log_20260320_063309.csv
929,27.7178372415368,200,training_log_20260320_063309.csv
930,36.06983538581312,200,training_log_20260320_063309.csv
931,168.6540477127707,28,training_log_20260320_063309.csv
932,100.0,1,training_log_20260320_063309.csv
933,42.738753002772704,200,training_log_20260320_063309.csv
934,146.6338778559966,25,training_log_20260320_063309.csv
935,-25.044610919590227,45,training_log_20260320_063309.csv
936,100.0,1,training_log_20260320_063309.csv
937,185.4699246943876,64,training_log_20260320_063309.csv
938,58.18675001825136,200,training_log_20260320_063309.csv
939,52.728158444153365,200,training_log_20260320_063309.csv
940,165.1341787665859,79,training_log_20260320_063309.csv
941,179.76076509609356,153,training_log_20260320_063309.csv
942,75.48239072470061,200,training_log_20260320_063309.csv
943,-171.77488929297067,14,training_log_20260320_063309.csv
944,146.1904148815485,23,training_log_20260320_063309.csv
945,27.22512797744161,200,training_log_20260320_063309.csv
946,158.59436286333647,24,training_log_20260320_063309.csv
947,163.07594574201087,31,training_log_20260320_063309.csv
948,76.0785471961423,200,training_log_20260320_063309.csv
949,165.01050640542454,33,training_log_20260320_063309.csv
950,107.23715336457003,31,training_log_20260320_063309.csv
951,157.2699582830303,98,training_log_20260320_063309.csv
952,171.60455405899,29,training_log_20260320_063309.csv
953,223.9683773543236,43,training_log_20260320_063309.csv
954,165.28992466571674,38,training_log_20260320_063309.csv
955,191.72421678551603,50,training_log_20260320_063309.csv
956,226.88507706834795,62,training_log_20260320_063309.csv
957,193.56249420752204,40,training_log_20260320_063309.csv
958,48.95628514499116,200,training_log_20260320_063309.csv
959,-7.237634547080193,200,training_log_20260320_063309.csv
960,12.19886581844245,200,training_log_20260320_063309.csv
961,-18.606786108230853,112,training_log_20260320_063309.csv
962,162.72792164094437,64,training_log_20260320_063309.csv
963,50.73176725208489,200,training_log_20260320_063309.csv
964,34.14987688861175,200,training_log_20260320_063309.csv
965,162.7941757298102,123,training_log_20260320_063309.csv
966,238.99608660924247,51,training_log_20260320_063309.csv
967,88.34595883974185,200,training_log_20260320_063309.csv
968,143.53989945390396,80,training_log_20260320_063309.csv
969,-7.8958812063578065,200,training_log_20260320_063309.csv
970,-3.959288167567143,200,training_log_20260320_063309.csv
971,2.0103618778071564,200,training_log_20260320_063309.csv
972,159.27130957012844,45,training_log_20260320_063309.csv
973,67.71295143209154,200,training_log_20260320_063309.csv
974,2.587721712305039,200,training_log_20260320_063309.csv
975,230.00856613244443,83,training_log_20260320_063309.csv
976,185.68504330748567,38,training_log_20260320_063309.csv
977,188.269790719164,52,training_log_20260320_063309.csv
978,163.1215023760714,52,training_log_20260320_063309.csv
979,49.80938119110395,200,training_log_20260320_063309.csv
980,149.65145828763252,45,training_log_20260320_063309.csv
981,141.5039317722332,19,training_log_20260320_063309.csv
982,162.9839246102449,41,training_log_20260320_063309.csv
983,46.70564233035698,200,training_log_20260320_063309.csv
984,142.09624508475846,59,training_log_20260320_063309.csv
985,100.75254527614696,200,training_log_20260320_063309.csv
986,-200.0,1,training_log_20260320_063309.csv
987,244.46345893709997,120,training_log_20260320_063309.csv
988,10.650919979952194,200,training_log_20260320_063309.csv
989,173.79690561265025,56,training_log_20260320_063309.csv
990,31.39354502259887,200,training_log_20260320_063309.csv
991,24.08632718921624,200,training_log_20260320_063309.csv
992,43.35403586251361,200,training_log_20260320_063309.csv
993,183.79064594354955,51,training_log_20260320_063309.csv
994,195.87732572869203,52,training_log_20260320_063309.csv
995,205.86796230367665,39,training_log_20260320_063309.csv
996,183.2571146443703,50,training_log_20260320_063309.csv
997,24.98145585923729,200,training_log_20260320_063309.csv
998,180.760141796832,23,training_log_20260320_063309.csv
999,212.44564491044912,40,training_log_20260320_063309.csv
1000,126.31663467736232,200,training_log_20260320_063309.csv
1001,166.39951103228992,199,training_log_20260320_063309.csv
1002,162.07264880805988,56,training_log_20260320_063309.csv
1003,168.04324113687784,140,training_log_20260320_063309.csv
1004,-200.0,1,training_log_20260320_063309.csv
1005,199.9726768145324,32,training_log_20260320_063309.csv
1006,-88.58203512969351,200,training_log_20260320_063309.csv
1007,75.43777777930784,200,training_log_20260320_063309.csv
1008,148.3834897228698,40,training_log_20260320_063309.csv
1009,37.086391042447936,200,training_log_20260320_063309.csv
1010,201.0319836624381,50,training_log_20260320_063309.csv
1011,161.05155953748977,36,training_log_20260320_063309.csv
1012,235.99340555604,70,training_log_20260320_063309.csv
1013,191.57977284403609,40,training_log_20260320_063309.csv
1014,-20.460752096770555,200,training_log_20260320_063309.csv
1015,160.35097885160494,200,training_log_20260320_063309.csv
1016,-171.4157801922567,13,training_log_20260320_063309.csv
1017,214.21575999949192,85,training_log_20260320_063309.csv
1018,46.58298882513136,200,training_log_20260320_063309.csv
1019,50.82862775026484,200,training_log_20260320_063309.csv
1020,169.47391750251762,38,training_log_20260320_063309.csv
1021,-145.30253929902983,46,training_log_20260320_063309.csv
1022,-170.4399162263831,10,training_log_20260320_063309.csv
1023,-200.0,1,training_log_20260320_063309.csv
1024,188.573004692774,32,training_log_20260320_063309.csv
1025,127.38324845309803,21,training_log_20260320_063309.csv
1026,33.23890953695218,200,training_log_20260320_063309.csv
1027,45.66193324422739,200,training_log_20260320_063309.csv
1028,31.62630025683898,200,training_log_20260320_063309.csv
1029,177.81037344498927,37,training_log_20260320_063309.csv
1030,141.6126812732221,26,training_log_20260320_063309.csv
1031,192.99830749757064,74,training_log_20260320_063309.csv
1032,109.78704079917284,200,training_log_20260320_063309.csv
1033,173.63732652185422,28,training_log_20260320_063309.csv
1034,37.352936644040255,200,training_log_20260320_063309.csv
1035,-23.36856561607043,200,training_log_20260320_063309.csv
1036,178.32046623883093,26,training_log_20260320_063309.csv
1037,-200.0,1,training_log_20260320_063309.csv
1038,-169.30827421168613,23,training_log_20260320_063309.csv
1039,170.286933460257,98,training_log_20260320_063309.csv
1040,72.42671176337747,200,training_log_20260320_063309.csv
1041,-168.13280944040602,19,training_log_20260320_063309.csv
1042,162.5644445322911,197,training_log_20260320_063309.csv
1043,131.3013962851154,15,training_log_20260320_063309.csv
1044,52.93395500258519,200,training_log_20260320_063309.csv
1045,108.80383840599902,200,training_log_20260320_063309.csv
1046,258.2799534032293,59,training_log_20260320_063309.csv
1047,142.89743386352765,42,training_log_20260320_063309.csv
1048,185.64777065427737,54,training_log_20260320_063309.csv
1049,178.9295002064079,36,training_log_20260320_063309.csv
1050,148.31453765504665,47,training_log_20260320_063309.csv
1051,154.82261367262632,27,training_log_20260320_063309.csv
1052,244.12510277965896,53,training_log_20260320_063309.csv
1053,146.68451111776167,17,training_log_20260320_063309.csv
1054,44.09096971654137,200,training_log_20260320_063309.csv
1055,32.09315149087294,200,training_log_20260320_063309.csv
1056,175.31675336976696,48,training_log_20260320_063309.csv
1057,195.1757968668525,47,training_log_20260320_063309.csv
1058,165.99263498306098,66,training_log_20260320_063309.csv
1059,178.85402159183752,44,training_log_20260320_063309.csv
1060,71.4643373537013,200,training_log_20260320_063309.csv
1061,-200.0,1,training_log_20260320_063309.csv
1062,96.6301510085766,200,training_log_20260320_063309.csv
1063,190.22990741596536,48,training_log_20260320_063309.csv
1064,160.196260772792,167,training_log_20260320_063309.csv
1065,-200.0,1,training_log_20260320_063309.csv
1066,165.24866316821974,131,training_log_20260320_063309.csv
1067,161.2211844148995,106,training_log_20260320_063309.csv
1068,159.3510186972034,20,training_log_20260320_063309.csv
1069,-200.0,1,training_log_20260320_063309.csv
1070,188.8005079380388,29,training_log_20260320_063309.csv
1071,164.84614416653977,47,training_log_20260320_063309.csv
1072,16.89836350339407,200,training_log_20260320_063309.csv
1073,57.891030092298834,200,training_log_20260320_063309.csv
1074,-179.07654370888267,12,training_log_20260320_063309.csv
1075,37.013662055620685,200,training_log_20260320_063309.csv
1076,176.69010967118794,63,training_log_20260320_063309.csv
1077,179.65392149408777,34,training_log_20260320_063309.csv
1078,185.85314971265552,57,training_log_20260320_063309.csv
1079,153.9645971851804,42,training_log_20260320_063309.csv
1080,252.87769380539544,94,training_log_20260320_063309.csv
1081,58.243538710769776,200,training_log_20260320_063309.csv
1082,46.86560643434451,200,training_log_20260320_063309.csv
1083,-214.1556138593656,10,training_log_20260320_063309.csv
1084,195.2744061678814,31,training_log_20260320_063309.csv
1085,173.42639573204286,75,training_log_20260320_063309.csv
1086,162.94416236626293,22,training_log_20260320_063309.csv
1087,30.648874138649976,200,training_log_20260320_063309.csv
1088,-200.0,1,training_log_20260320_063309.csv
1089,44.44187152603842,200,training_log_20260320_063309.csv
1090,157.73854779224266,41,training_log_20260320_063309.csv
1091,92.3057816285028,200,training_log_20260320_063309.csv
1092,113.75632077689116,114,training_log_20260320_063309.csv
1093,158.52184281112812,34,training_log_20260320_063309.csv
1094,-21.23843424726438,200,training_log_20260320_063309.csv
1095,152.91362397022272,25,training_log_20260320_063309.csv
1096,119.85177967825,77,training_log_20260320_063309.csv
1097,172.04505188160886,55,training_log_20260320_063309.csv
1098,11.143948215059558,200,training_log_20260320_063309.csv
1099,43.76422205110413,200,training_log_20260320_063309.csv
1100,208.5310713474449,39,training_log_20260320_063309.csv
1101,14.350401594056365,200,training_log_20260320_063309.csv
1102,124.21853891422543,28,training_log_20260320_063309.csv
1103,142.3674625722271,200,training_log_20260320_063309.csv
1104,-20.393143319454072,170,training_log_20260320_063309.csv
1105,233.0333883551173,47,training_log_20260320_063309.csv
1106,-203.9875440741108,117,training_log_20260320_063309.csv
1107,76.129316482431,102,training_log_20260320_063309.csv
1108,59.3533403405315,200,training_log_20260320_063309.csv
1109,14.272647402807854,200,training_log_20260320_063309.csv
1110,-152.40166530538568,17,training_log_20260320_063309.csv
1111,23.4602173087506,200,training_log_20260320_063309.csv
1112,75.61071283882173,200,training_log_20260320_063309.csv
1113,152.5035423277798,19,training_log_20260320_063309.csv
1114,176.10980072749402,89,training_log_20260320_063309.csv
1115,168.4406824339257,28,training_log_20260320_063309.csv
1116,46.65192910846811,200,training_log_20260320_063309.csv
1117,180.90574111162277,32,training_log_20260320_063309.csv
1118,105.98571939530916,200,training_log_20260320_063309.csv
1119,-173.11395902886986,10,training_log_20260320_063309.csv
1120,63.94006770021557,200,training_log_20260320_063309.csv
1121,199.30811611660576,38,training_log_20260320_063309.csv
1122,117.39971338585067,200,training_log_20260320_063309.csv
1123,117.3124025239077,12,training_log_20260320_063309.csv
1124,151.798230073112,40,training_log_20260320_063309.csv
1125,55.00992943753256,200,training_log_20260320_063309.csv
1126,145.1167430119749,75,training_log_20260320_063309.csv
1127,-16.684061577543506,200,training_log_20260320_063309.csv
1128,150.30463600540006,173,training_log_20260320_063309.csv
1129,16.25266631827727,200,training_log_20260320_063309.csv
1130,187.860068554204,172,training_log_20260320_063309.csv
1131,148.08572195185593,54,training_log_20260320_063309.csv
1132,223.72722654519805,86,training_log_20260320_063309.csv
1133,36.41809872291356,200,training_log_20260320_063309.csv
1134,164.87736709652722,27,training_log_20260320_063309.csv
1135,199.62430817084208,63,training_log_20260320_063309.csv
1136,6.595518126897548,200,training_log_20260320_063309.csv
1137,178.68515891968264,32,training_log_20260320_063309.csv
1138,159.43164443997455,36,training_log_20260320_063309.csv
1139,157.5660393984027,19,training_log_20260320_063309.csv
1140,51.82774086907509,200,training_log_20260320_063309.csv
1141,170.520267018799,42,training_log_20260320_063309.csv
1142,-184.12336391857303,12,training_log_20260320_063309.csv
1143,-99.22657471155703,51,training_log_20260320_063309.csv
1144,63.94916291066564,200,training_log_20260320_063309.csv
1145,177.53807285139794,72,training_log_20260320_063309.csv
1146,83.15135855569312,200,training_log_20260320_063309.csv
1147,173.76417961500266,28,training_log_20260320_063309.csv
1148,220.83742330337373,106,training_log_20260320_063309.csv
1149,47.44697504787505,200,training_log_20260320_063309.csv
1150,167.82454792129636,69,training_log_20260320_063309.csv
1151,186.8649547517256,56,training_log_20260320_063309.csv
1152,145.9789329678224,17,training_log_20260320_063309.csv
1153,104.54738692965832,200,training_log_20260320_063309.csv
1154,-177.9325616032676,14,training_log_20260320_063309.csv
1155,218.44559100763303,83,training_log_20260320_063309.csv
1156,202.32089698830924,45,training_log_20260320_063309.csv
1157,-92.00115376273428,200,training_log_20260320_063309.csv
1158,61.179703682906286,200,training_log_20260320_063309.csv
1159,-200.0,1,training_log_20260320_063309.csv
1160,256.5140269494118,69,training_log_20260320_063309.csv
1161,-103.2646175579192,200,training_log_20260320_063309.csv
1162,146.1332997787705,32,training_log_20260320_063309.csv
1163,13.92335901757686,200,training_log_20260320_063309.csv
1164,192.88708258763904,61,training_log_20260320_063309.csv
1165,146.69817114137066,25,training_log_20260320_063309.csv
1166,153.4370924901785,200,training_log_20260320_063309.csv
1167,164.10877987244191,35,training_log_20260320_063309.csv
1168,192.330394121618,119,training_log_20260320_063309.csv
1169,-190.8991766868083,8,training_log_20260320_063309.csv
1170,80.20615261453182,200,training_log_20260320_063309.csv
1171,158.78291309112296,43,training_log_20260320_063309.csv
1172,206.2432474549036,54,training_log_20260320_063309.csv
1173,158.87804630229726,29,training_log_20260320_063309.csv
1174,176.80475663284955,116,training_log_20260320_063309.csv
1175,-200.0,1,training_log_20260320_063309.csv
1176,174.37779639965115,34,training_log_20260320_063309.csv
1177,169.9697150133715,116,training_log_20260320_063309.csv
1178,129.0300519126906,200,training_log_20260320_063309.csv
1179,203.06354094509072,45,training_log_20260320_063309.csv
1180,64.26018668269153,200,training_log_20260320_063309.csv
1181,180.1548096508945,94,training_log_20260320_063309.csv
1182,164.94431349031197,30,training_log_20260320_063309.csv
1183,70.7813677692367,200,training_log_20260320_063309.csv
1184,129.19250654648874,33,training_log_20260320_063309.csv
1185,167.45734928376555,50,training_log_20260320_063309.csv
1186,157.1903444545755,40,training_log_20260320_063309.csv
1187,226.4686007097401,148,training_log_20260320_063309.csv
1188,168.7223469346797,146,training_log_20260320_063309.csv
1189,125.82993180444764,200,training_log_20260320_063309.csv
1190,-85.07464222578076,141,training_log_20260320_063309.csv
1191,180.77961248228843,163,training_log_20260320_063309.csv
1192,29.577692564131382,200,training_log_20260320_063309.csv
1193,13.237037515004944,200,training_log_20260320_063309.csv
1194,152.60318498465278,34,training_log_20260320_063309.csv
1195,214.6989273295894,58,training_log_20260320_063309.csv
1196,58.84790810772126,200,training_log_20260320_063309.csv
1197,-17.131606349833653,200,training_log_20260320_063309.csv
1198,129.30940323725213,30,training_log_20260320_063309.csv
1199,183.35351256720315,31,training_log_20260320_063309.csv
1200,-197.36960631205227,6,training_log_20260320_063309.csv
1201,7.788496789136114,200,training_log_20260320_063309.csv
1202,43.01316234471483,200,training_log_20260320_063309.csv
1203,173.90095527278274,74,training_log_20260320_063309.csv
1204,138.52068942832483,102,training_log_20260320_063309.csv
1205,46.63403381966916,200,training_log_20260320_063309.csv
1206,198.8155721922032,30,training_log_20260320_063309.csv
1207,-200.0,1,training_log_20260320_063309.csv
1208,61.78735158308238,200,training_log_20260320_063309.csv
1209,70.89223981522088,200,training_log_20260320_063309.csv
1210,-84.46259755074318,200,training_log_20260320_063309.csv
1211,29.325492232527345,200,training_log_20260320_063309.csv
1212,-9.665455475943295,200,training_log_20260320_063309.csv
1213,-200.0,1,training_log_20260320_063309.csv
1214,89.24734105561427,200,training_log_20260320_063309.csv
1215,7.183792372984786,200,training_log_20260320_063309.csv
1216,185.9974141506041,60,training_log_20260320_063309.csv
1217,-28.268136889066025,200,training_log_20260320_063309.csv
1218,124.54594665814751,19,training_log_20260320_063309.csv
1219,77.81102908116164,200,training_log_20260320_063309.csv
1220,179.62880389315575,27,training_log_20260320_063309.csv
1221,14.194285743005254,200,training_log_20260320_063309.csv
1222,132.61805191010615,30,training_log_20260320_063309.csv
1223,139.22374257876535,101,training_log_20260320_063309.csv
1224,168.99615551928264,35,training_log_20260320_063309.csv
1225,43.02192857596579,200,training_log_20260320_063309.csv
1226,184.2334136908463,141,training_log_20260320_063309.csv
1227,162.62384151175348,40,training_log_20260320_063309.csv
1228,163.9987186772375,23,training_log_20260320_063309.csv
1229,143.3231738121955,42,training_log_20260320_063309.csv
1230,27.763258624867383,200,training_log_20260320_063309.csv
1231,185.9463002060238,53,training_log_20260320_063309.csv
1232,42.258451968939646,200,training_log_20260320_063309.csv
1233,151.14003635173145,26,training_log_20260320_063309.csv
1234,165.6214307509481,47,training_log_20260320_063309.csv
1235,181.38102532201108,52,training_log_20260320_063309.csv
1236,55.64702277783839,200,training_log_20260320_063309.csv
1237,15.404728046818311,200,training_log_20260320_063309.csv
1238,194.9515827567607,35,training_log_20260320_063309.csv
1239,-7.496028438868207,200,training_log_20260320_063309.csv
1240,112.33445322303446,200,training_log_20260320_063309.csv
1241,184.0734527545577,39,training_log_20260320_063309.csv
1242,137.30559707285835,45,training_log_20260320_063309.csv
1243,4.816524038351121,200,training_log_20260320_063309.csv
1244,156.5805481402786,26,training_log_20260320_063309.csv
1245,148.51856579398628,23,training_log_20260320_063309.csv
1246,164.9905937140831,39,training_log_20260320_063309.csv
1247,185.5033087509015,155,training_log_20260320_063309.csv
1248,226.23906027672825,68,training_log_20260320_063309.csv
1249,163.77951811804004,71,training_log_20260320_063309.csv
1250,246.20421141690304,51,training_log_20260320_063309.csv
1251,44.21081038055448,200,training_log_20260320_063309.csv
1252,76.29514101058493,200,training_log_20260320_063309.csv
1253,41.165598341941255,200,training_log_20260320_063309.csv
1254,25.755531596267737,200,training_log_20260320_063309.csv
1255,199.44401405555655,33,training_log_20260320_063309.csv
1256,160.51566131915845,140,training_log_20260320_063309.csv
1257,203.33611160366905,31,training_log_20260320_063309.csv
1258,-164.62614359210858,12,training_log_20260320_063309.csv
1259,213.8761192764482,43,training_log_20260320_063309.csv
1260,167.90791116539944,31,training_log_20260320_063309.csv
1261,76.70187561563391,200,training_log_20260320_063309.csv
1262,189.95228957313677,39,training_log_20260320_063309.csv
1263,-58.19142094332192,200,training_log_20260320_063309.csv
1264,60.29246964320239,200,training_log_20260320_063309.csv
1265,107.0235579492058,200,training_log_20260320_063309.csv
1266,-212.0302494015944,31,training_log_20260320_063309.csv
1267,-192.86933560339077,52,training_log_20260320_063309.csv
1268,151.35005532524994,55,training_log_20260320_063309.csv
1269,163.76834002901143,50,training_log_20260320_063309.csv
1270,-8.698933786049984,200,training_log_20260320_063309.csv
1271,-7.655642921126941,200,training_log_20260320_063309.csv
1272,-200.0,1,training_log_20260320_063309.csv
1273,-171.62953382603666,20,training_log_20260320_063309.csv
1274,182.046484547763,46,training_log_20260320_063309.csv
1275,142.43090299356822,24,training_log_20260320_063309.csv
1276,204.3403446989159,147,training_log_20260320_063309.csv
1277,176.25012620012956,40,training_log_20260320_063309.csv
1278,162.0578687282911,43,training_log_20260320_063309.csv
1279,152.3810254457805,40,training_log_20260320_063309.csv
1280,125.7568443962822,142,training_log_20260320_063309.csv
1281,37.08473156449805,200,training_log_20260320_063309.csv
1282,66.52817384825663,200,training_log_20260320_063309.csv
1283,164.09569118108817,70,training_log_20260320_063309.csv
1284,15.224485185924747,200,training_log_20260320_063309.csv
1285,147.0838849585682,61,training_log_20260320_063309.csv
1286,141.24533463238862,68,training_log_20260320_063309.csv
1287,-7.007679564064565,200,training_log_20260320_063309.csv
1288,25.075920570260937,200,training_log_20260320_063309.csv
1289,183.9970400592095,30,training_log_20260320_063309.csv
1290,74.45513738964645,200,training_log_20260320_063309.csv
1291,242.030800578432,47,training_log_20260320_063309.csv
1292,162.7675737655502,35,training_log_20260320_063309.csv
1293,150.76650589914516,29,training_log_20260320_063309.csv
1294,179.85010770077434,87,training_log_20260320_063309.csv
1295,107.03218792201534,28,training_log_20260320_063309.csv
1296,166.3778138889033,47,training_log_20260320_063309.csv
1297,47.05200018464309,200,training_log_20260320_063309.csv
1298,-12.98927661856706,200,training_log_20260320_063309.csv
1299,186.18922057452244,37,training_log_20260320_063309.csv
1300,209.160761763462,42,training_log_20260320_063309.csv
1301,59.87189945006334,200,training_log_20260320_063309.csv
1302,164.23102838526378,139,training_log_20260320_063309.csv
1303,13.693907380020354,200,training_log_20260320_063309.csv
1304,67.1766375119442,200,training_log_20260320_063309.csv
1305,141.1026363087727,31,training_log_20260320_063309.csv
1306,161.64368679507385,33,training_log_20260320_063309.csv
1307,62.280315010590606,200,training_log_20260320_063309.csv
1308,141.96352077439514,30,training_log_20260320_063309.csv
1309,51.88186193997775,200,training_log_20260320_063309.csv
1310,162.39210084183134,104,training_log_20260320_063309.csv
1311,178.6608303142265,36,training_log_20260320_063309.csv
1312,-171.93528107926352,13,training_log_20260320_063309.csv
1313,180.9067410143116,40,training_log_20260320_063309.csv
1314,152.91580100974477,27,training_log_20260320_063309.csv
1315,177.24285321597807,37,training_log_20260320_063309.csv
1316,144.35110362858052,38,training_log_20260320_063309.csv
1317,19.745333809072047,200,training_log_20260320_063309.csv
1318,102.34394066606085,20,training_log_20260320_063309.csv
1319,111.05093439908556,200,training_log_20260320_063309.csv
1320,180.5928839410516,23,training_log_20260320_063309.csv
1321,100.0,1,training_log_20260320_063309.csv
1322,52.34683093559986,200,training_log_20260320_063309.csv
1323,239.4366394367105,83,training_log_20260320_063309.csv
1324,41.63496845687671,200,training_log_20260320_063309.csv
1325,62.51477895339794,200,training_log_20260320_063309.csv
1326,81.66992574552636,200,training_log_20260320_063309.csv
1327,83.48644565333173,200,training_log_20260320_063309.csv
1328,148.2319427662547,19,training_log_20260320_063309.csv
1329,143.43300731789046,138,training_log_20260320_063309.csv
1330,161.18069485143616,38,training_log_20260320_063309.csv
1331,59.82440182248859,200,training_log_20260320_063309.csv
1332,49.886992707172645,200,training_log_20260320_063309.csv
1333,194.2309074065012,47,training_log_20260320_063309.csv
1334,66.2733729175248,200,training_log_20260320_063309.csv
1335,-8.286604758875232,200,training_log_20260320_063309.csv
1336,133.2695847618735,21,training_log_20260320_063309.csv
1337,64.2826057720509,200,training_log_20260320_063309.csv
1338,176.67401948695925,155,training_log_20260320_063309.csv
1339,96.8305133152715,200,training_log_20260320_063309.csv
1340,193.83713130868315,35,training_log_20260320_063309.csv
1341,58.53425891602775,200,training_log_20260320_063309.csv
1342,-2.766982730528764,200,training_log_20260320_063309.csv
1343,169.72038889698905,25,training_log_20260320_063309.csv
1344,177.72877472273146,46,training_log_20260320_063309.csv
1345,34.761670394675285,200,training_log_20260320_063309.csv
1346,163.64585713591435,27,training_log_20260320_063309.csv
1347,140.5491442303658,61,training_log_20260320_063309.csv
1348,148.25446223339208,77,training_log_20260320_063309.csv
1349,162.15748327414474,162,training_log_20260320_063309.csv
1350,196.20989327882532,37,training_log_20260320_063309.csv
1351,188.7233034666404,50,training_log_20260320_063309.csv
1352,179.67450162496118,49,training_log_20260320_063309.csv
1353,59.428996565454966,200,training_log_20260320_063309.csv
1354,13.737580083784705,200,training_log_20260320_063309.csv
1355,14.338212976307942,200,training_log_20260320_063309.csv
1356,171.8930162566587,27,training_log_20260320_063309.csv
1357,148.66163757027704,26,training_log_20260320_063309.csv
1358,203.69735881373305,199,training_log_20260320_063309.csv
1359,-200.0,1,training_log_20260320_063309.csv
1360,-200.0,1,training_log_20260320_063309.csv
1361,30.63950135819309,200,training_log_20260320_063309.csv
1362,122.7750471317147,94,training_log_20260320_063309.csv
1363,74.98581239462459,200,training_log_20260320_063309.csv
1364,153.67880741803356,37,training_log_20260320_063309.csv
1365,67.7205186919734,200,training_log_20260320_063309.csv
1366,226.43472663888,48,training_log_20260320_063309.csv
1367,153.82338516857675,88,training_log_20260320_063309.csv
1368,165.59391336606362,149,training_log_20260320_063309.csv
1369,177.98394978498715,44,training_log_20260320_063309.csv
1370,148.89126921453513,38,training_log_20260320_063309.csv
1371,23.36851277351469,200,training_log_20260320_063309.csv
1372,103.84460812829263,200,training_log_20260320_063309.csv
1373,139.028555024606,38,training_log_20260320_063309.csv
1374,-200.0,1,training_log_20260320_063309.csv
1375,24.84691645840684,200,training_log_20260320_063309.csv
1376,27.066177057322385,200,training_log_20260320_063309.csv
1377,133.74435303144674,21,training_log_20260320_063309.csv
1378,-4.683309003184142,200,training_log_20260320_063309.csv
1379,176.44146133244033,75,training_log_20260320_063309.csv
1380,236.75303743238732,68,training_log_20260320_063309.csv
1381,189.59470093864752,32,training_log_20260320_063309.csv
1382,175.38195382758664,38,training_log_20260320_063309.csv
1383,183.98343590682757,44,training_log_20260320_063309.csv
1384,189.730403654611,27,training_log_20260320_063309.csv
1385,-200.0,1,training_log_20260320_063309.csv
1386,56.39067548088655,200,training_log_20260320_063309.csv
1387,118.0791804282599,34,training_log_20260320_063309.csv
1388,173.6304839632839,192,training_log_20260320_063309.csv
1389,112.4371365413054,138,training_log_20260320_063309.csv
1390,58.73657454100208,200,training_log_20260320_063309.csv
1391,176.62084727043373,45,training_log_20260320_063309.csv
1392,66.98935216467905,200,training_log_20260320_063309.csv
1393,178.84371518660143,29,training_log_20260320_063309.csv
1394,152.31432665518415,27,training_log_20260320_063309.csv
1395,58.90985393255723,200,training_log_20260320_063309.csv
1396,135.7763325728005,17,training_log_20260320_063309.csv
1397,153.92205581087595,96,training_log_20260320_063309.csv
1398,43.65159441797845,200,training_log_20260320_063309.csv
1399,84.96769257047633,200,training_log_20260320_063309.csv
1400,-80.3366870077311,78,training_log_20260320_063309.csv
1401,184.36411695057143,35,training_log_20260320_063309.csv
1402,176.31247801759594,31,training_log_20260320_063309.csv
1403,190.77575122565923,26,training_log_20260320_063309.csv
1404,32.25437808723728,200,training_log_20260320_063309.csv
1405,131.51771625191586,38,training_log_20260320_063309.csv
1406,175.1435347521192,57,training_log_20260320_063309.csv
1407,152.4940110888279,42,training_log_20260320_063309.csv
1408,224.7345214996359,54,training_log_20260320_063309.csv
1409,14.830578190471792,200,training_log_20260320_063309.csv
1410,170.79732679793025,38,training_log_20260320_063309.csv
1411,59.63515403680408,200,training_log_20260320_063309.csv
1412,149.49942836730506,47,training_log_20260320_063309.csv
1413,49.35890933425853,200,training_log_20260320_063309.csv
1414,167.6855539219414,148,training_log_20260320_063309.csv
1415,129.26987109200965,86,training_log_20260320_063309.csv
1416,4.181952136574318,200,training_log_20260320_063309.csv
1417,197.5926901320432,24,training_log_20260320_063309.csv
1418,43.35407322925597,200,training_log_20260320_063309.csv
1419,-13.440068575969814,200,training_log_20260320_063309.csv
1420,151.95741010446886,32,training_log_20260320_063309.csv
1421,187.89435940035415,45,training_log_20260320_063309.csv
1422,24.860640914154256,200,training_log_20260320_063309.csv
1423,177.8197619723896,26,training_log_20260320_063309.csv
1424,-159.02577052564286,192,training_log_20260320_063309.csv
1425,5.534422660929622,200,training_log_20260320_063309.csv
1426,67.31003185355057,200,training_log_20260320_063309.csv
1427,22.529339146716826,200,training_log_20260320_063309.csv
1428,81.40563036275792,200,training_log_20260320_063309.csv
1429,160.8466315261402,29,training_log_20260320_063309.csv
1430,49.65497694616448,200,training_log_20260320_063309.csv
1431,251.56368939589044,54,training_log_20260320_063309.csv
1432,151.3043619167967,16,training_log_20260320_063309.csv
1433,182.44337862635436,31,training_log_20260320_063309.csv
1434,184.8934133146744,24,training_log_20260320_063309.csv
1435,49.28511791587,200,training_log_20260320_063309.csv
1436,-195.4157078217845,3,training_log_20260320_063309.csv
1437,144.59429232780167,23,training_log_20260320_063309.csv
1438,208.72798204229764,43,training_log_20260320_063309.csv
1439,162.1349856342395,37,training_log_20260320_063309.csv
1440,73.8049156894817,200,training_log_20260320_063309.csv
1441,1.4812271932744494,200,training_log_20260320_063309.csv
1442,183.9083307892546,122,training_log_20260320_063309.csv
1443,133.78404161463342,75,training_log_20260320_063309.csv
1444,73.09751098739608,171,training_log_20260320_063309.csv
1445,-176.94857374171804,9,training_log_20260320_063309.csv
1446,148.6096066617613,28,training_log_20260320_063309.csv
1447,67.31631161681089,200,training_log_20260320_063309.csv
1448,139.4484142017217,200,training_log_20260320_063309.csv
1449,224.64820847054975,47,training_log_20260320_063309.csv
1450,171.19661607411342,36,training_log_20260320_063309.csv
1451,-37.262925003894935,200,training_log_20260320_063309.csv
1452,171.70236370622536,63,training_log_20260320_063309.csv
1453,-38.11923510142852,174,training_log_20260320_063309.csv
1454,164.34295488400102,23,training_log_20260320_063309.csv
1455,197.93490716059424,33,training_log_20260320_063309.csv
1456,162.6507593265477,28,training_log_20260320_063309.csv
1457,82.12536874032617,200,training_log_20260320_063309.csv
1458,-18.179156602829885,200,training_log_20260320_063309.csv
1459,108.35041592840189,5,training_log_20260320_063309.csv
1460,0.0195620196046373,200,training_log_20260320_063309.csv
1461,201.31611017799932,37,training_log_20260320_063309.csv
1462,-200.0,1,training_log_20260320_063309.csv
1463,-3.8184214836112345,200,training_log_20260320_063309.csv
1464,96.2419155761385,200,training_log_20260320_063309.csv
1465,-20.06678179135779,200,training_log_20260320_063309.csv
1466,204.5827501392308,64,training_log_20260320_063309.csv
1467,57.21527582770906,200,training_log_20260320_063309.csv
1468,162.4369401600496,69,training_log_20260320_063309.csv
1469,-200.0,1,training_log_20260320_063309.csv
1470,179.90597122490584,30,training_log_20260320_063309.csv
1471,164.66712328146627,43,training_log_20260320_063309.csv
1472,194.53516243544647,29,training_log_20260320_063309.csv
1473,29.06134135711023,200,training_log_20260320_063309.csv
1474,40.13712553646501,200,training_log_20260320_063309.csv
1475,173.44561905780537,25,training_log_20260320_063309.csv
1476,140.83371658044342,200,training_log_20260320_063309.csv
1477,6.330055979903431,200,training_log_20260320_063309.csv
1478,178.0653876249464,61,training_log_20260320_063309.csv
1479,84.39443746870867,200,training_log_20260320_063309.csv
1480,56.33999944574386,200,training_log_20260320_063309.csv
1481,93.95974468140612,200,training_log_20260320_063309.csv
1482,62.988173810939934,200,training_log_20260320_063309.csv
1483,163.7506794167897,21,training_log_20260320_063309.csv
1484,234.93531826837855,42,training_log_20260320_063309.csv
1485,191.7191880317208,36,training_log_20260320_063309.csv
1486,191.4557151222378,81,training_log_20260320_063309.csv
1487,35.99465443292837,200,training_log_20260320_063309.csv
1488,201.0752696323737,108,training_log_20260320_063309.csv
1489,184.035627871484,27,training_log_20260320_063309.csv
1490,0.3959843721680782,200,training_log_20260320_063309.csv
1491,228.46312085999784,40,training_log_20260320_063309.csv
1492,155.7111834819411,30,training_log_20260320_063309.csv
1493,16.511077838987383,200,training_log_20260320_063309.csv
1494,127.67754741032692,200,training_log_20260320_063309.csv
1495,168.5440776253053,28,training_log_20260320_063309.csv
1496,183.465032830352,34,training_log_20260320_063309.csv
1497,243.14397006325083,52,training_log_20260320_063309.csv
1498,176.67701155858515,38,training_log_20260320_063309.csv
1499,142.37834074221604,178,training_log_20260320_063309.csv
1500,178.39999216184796,99,training_log_20260320_063309.csv
1501,183.3020940264668,42,training_log_20260320_063309.csv
1502,54.96723994541648,200,training_log_20260320_063309.csv
1503,163.99459417870105,28,training_log_20260320_063309.csv
1504,137.12523174320688,19,training_log_20260320_063309.csv
1505,9.900169352613664,200,training_log_20260320_063309.csv
1506,132.15436371920487,66,training_log_20260320_063309.csv
1507,150.26834233123373,36,training_log_20260320_063309.csv
1508,187.28281019093043,26,training_log_20260320_063309.csv
1509,33.68436982152594,200,training_log_20260320_063309.csv
1510,161.409967960501,51,training_log_20260320_063309.csv
1511,-15.165235477512343,200,training_log_20260320_063309.csv
1512,181.6935881987822,29,training_log_20260320_063309.csv
1513,180.4356080333949,37,training_log_20260320_063309.csv
1514,158.63680166827226,20,training_log_20260320_063309.csv
1515,169.34602473158162,51,training_log_20260320_063309.csv
1516,37.14170975674823,200,training_log_20260320_063309.csv
1517,166.26127083013836,48,training_log_20260320_063309.csv
1518,143.41407428069155,88,training_log_20260320_063309.csv
1519,43.94134593270207,200,training_log_20260320_063309.csv
1520,-10.254859365461504,200,training_log_20260320_063309.csv
1521,62.63816643114285,200,training_log_20260320_063309.csv
1522,-58.52466430429993,200,training_log_20260320_063309.csv
1523,126.364853109884,38,training_log_20260320_063309.csv
1524,152.55593308557934,30,training_log_20260320_063309.csv
1525,150.32132883778124,26,training_log_20260320_063309.csv
1526,32.99276661454273,200,training_log_20260320_063309.csv
1527,83.14317711312688,200,training_log_20260320_063309.csv
1528,212.35419597684395,35,training_log_20260320_063309.csv
1529,66.96428148307407,200,training_log_20260320_063309.csv
1530,178.44512407888493,31,training_log_20260320_063309.csv
1531,181.4695780656425,23,training_log_20260320_063309.csv
1532,188.4873128802989,31,training_log_20260320_063309.csv
1533,54.46401265556753,200,training_log_20260320_063309.csv
1534,126.17798031620792,200,training_log_20260320_063309.csv
1535,54.52941632460443,200,training_log_20260320_063309.csv
1536,183.85151347461155,41,training_log_20260320_063309.csv
1537,126.19938943013751,36,training_log_20260320_063309.csv
1538,32.18081452912882,200,training_log_20260320_063309.csv
1539,-1.9589112631784933,200,training_log_20260320_063309.csv
1540,150.9363441264087,46,training_log_20260320_063309.csv
1541,179.24253781014806,26,training_log_20260320_063309.csv
1542,65.67346031049594,200,training_log_20260320_063309.csv
1543,160.15332337337225,28,training_log_20260320_063309.csv
1544,244.8220601774184,114,training_log_20260320_063309.csv
1545,124.47406136561536,21,training_log_20260320_063309.csv
1546,13.245351508368968,200,training_log_20260320_063309.csv
1547,139.78517235848648,56,training_log_20260320_063309.csv
1548,180.45191696974177,110,training_log_20260320_063309.csv
1549,163.61932641114544,20,training_log_20260320_063309.csv
1550,45.05874931989975,200,training_log_20260320_063309.csv
1551,201.33276655549636,38,training_log_20260320_063309.csv
1552,185.10023236127105,34,training_log_20260320_063309.csv
1553,1.7136320542207757,200,training_log_20260320_063309.csv
1554,156.42017019797433,41,training_log_20260320_063309.csv
1555,16.64021690989478,200,training_log_20260320_063309.csv
1556,160.3448590002617,111,training_log_20260320_063309.csv
1557,143.91694010437152,28,training_log_20260320_063309.csv
1558,4.795905434447167,200,training_log_20260320_063309.csv
1559,-0.3262432271522398,200,training_log_20260320_063309.csv
1560,165.85582053582706,35,training_log_20260320_063309.csv
1561,62.00274032463438,200,training_log_20260320_063309.csv
1562,16.67185691524258,200,training_log_20260320_063309.csv
1563,-79.89993445427692,200,training_log_20260320_063309.csv
1564,51.73133099138163,200,training_log_20260320_063309.csv
1565,147.99849937636407,42,training_log_20260320_063309.csv
1566,175.8039174442781,70,training_log_20260320_063309.csv
1567,126.66931108299104,28,training_log_20260320_063309.csv
1568,242.3306153910121,43,training_log_20260320_063309.csv
1569,15.12471182436322,200,training_log_20260320_063309.csv
1570,153.95547272161892,29,training_log_20260320_063309.csv
1571,73.33415970093121,200,training_log_20260320_063309.csv
1572,45.56813775382803,200,training_log_20260320_063309.csv
1573,174.54730976747953,28,training_log_20260320_063309.csv
1574,72.05834911774247,200,training_log_20260320_063309.csv
1575,-192.1500651673568,74,training_log_20260320_063309.csv
1576,120.96548502263984,200,training_log_20260320_063309.csv
1577,145.4798330182815,137,training_log_20260320_063309.csv
1578,61.248163243935856,200,training_log_20260320_063309.csv
1579,72.75991703854159,200,training_log_20260320_063309.csv
1580,127.52678952651296,48,training_log_20260320_063309.csv
1581,30.532818954570057,200,training_log_20260320_063309.csv
1582,123.01308638833932,20,training_log_20260320_063309.csv
1583,185.54949157627053,165,training_log_20260320_063309.csv
1584,54.30751201218352,200,training_log_20260320_063309.csv
1585,-200.0,1,training_log_20260320_063309.csv
1586,84.78058356893933,200,training_log_20260320_063309.csv
1587,141.5061026510613,53,training_log_20260320_063309.csv
1588,-175.00483108664417,32,training_log_20260320_063309.csv
1589,225.48283708743327,40,training_log_20260320_063309.csv
1590,164.74184793353896,62,training_log_20260320_063309.csv
1591,-199.5302782251275,11,training_log_20260320_063309.csv
1592,10.663937614919856,200,training_log_20260320_063309.csv
1593,49.04356940993584,200,training_log_20260320_063309.csv
1594,44.60399789846049,200,training_log_20260320_063309.csv
1595,-88.01501238774136,200,training_log_20260320_063309.csv
1596,-180.9725111064486,9,training_log_20260320_063309.csv
1597,-1.6877337831280974,200,training_log_20260320_063309.csv
1598,31.711153902195026,200,training_log_20260320_063309.csv
1599,-17.027125782095204,200,training_log_20260320_063309.csv
1600,-62.576556060064135,200,training_log_20260320_063309.csv
1601,37.41130902834352,200,training_log_20260320_063309.csv
1602,53.49850199012819,200,training_log_20260320_063309.csv
1603,-200.0,1,training_log_20260320_063309.csv
1604,164.2739480381477,38,training_log_20260320_063309.csv
1605,-139.1769311489238,22,training_log_20260320_063309.csv
1606,-19.75161344441087,200,training_log_20260320_063309.csv
1607,55.34354366508451,200,training_log_20260320_063309.csv
1608,-190.1115820707483,15,training_log_20260320_063309.csv
1609,151.55000876914855,55,training_log_20260320_063309.csv
1610,128.93912395829608,102,training_log_20260320_063309.csv
1611,157.59039144854108,73,training_log_20260320_063309.csv
1612,61.67220415469644,200,training_log_20260320_063309.csv
1613,11.572772953451938,81,training_log_20260320_063309.csv
1614,177.6661877596723,158,training_log_20260320_063309.csv
1615,-63.31222625120949,108,training_log_20260320_063309.csv
1616,160.87542918742565,44,training_log_20260320_063309.csv
1617,-188.67458854491625,64,training_log_20260320_063309.csv
1618,12.500615901211598,200,training_log_20260320_063309.csv
1619,162.30463188591708,28,training_log_20260320_063309.csv
1620,0.2719033304793814,200,training_log_20260320_063309.csv
1621,83.04324093410862,200,training_log_20260320_063309.csv
1622,-11.316220850561884,145,training_log_20260320_063309.csv
1623,137.55612118728118,23,training_log_20260320_063309.csv
1624,-2.2209288032274124,200,training_log_20260320_063309.csv
1625,-163.77115113707566,40,training_log_20260320_063309.csv
1626,-11.19661637028772,200,training_log_20260320_063309.csv
1627,179.67755495196613,57,training_log_20260320_063309.csv
1628,-30.000321789542,200,training_log_20260320_063309.csv
1629,38.97859338608397,200,training_log_20260320_063309.csv
1630,199.33958831364995,31,training_log_20260320_063309.csv
1631,256.35262203512474,68,training_log_20260320_063309.csv
1632,188.4462554837129,39,training_log_20260320_063309.csv
1633,155.61481590367865,49,training_log_20260320_063309.csv
1634,153.3670006766113,35,training_log_20260320_063309.csv
1635,176.4675702182826,55,training_log_20260320_063309.csv
1636,159.77522730043216,31,training_log_20260320_063309.csv
1637,33.44784504645848,200,training_log_20260320_063309.csv
1638,147.53563738253368,185,training_log_20260320_063309.csv
1639,138.9355106784328,42,training_log_20260320_063309.csv
1640,-174.81151323612696,19,training_log_20260320_063309.csv
1641,156.73250534369805,32,training_log_20260320_063309.csv
1642,43.8923644251728,200,training_log_20260320_063309.csv
1643,-103.4724151272551,200,training_log_20260320_063309.csv
1644,51.23342887899342,200,training_log_20260320_063309.csv
1645,198.143242951682,44,training_log_20260320_063309.csv
1646,161.42678879094785,28,training_log_20260320_063309.csv
1647,146.15667263482243,30,training_log_20260320_063309.csv
1648,163.24802763287283,30,training_log_20260320_063309.csv
1649,79.54418034851963,200,training_log_20260320_063309.csv
1650,135.2153284516895,28,training_log_20260320_063309.csv
1651,185.19195528519947,34,training_log_20260320_063309.csv
1652,76.79870550625205,200,training_log_20260320_063309.csv
1653,-183.29045107958137,26,training_log_20260320_063309.csv
1654,33.888487802546265,200,training_log_20260320_063309.csv
1655,127.98638723335362,21,training_log_20260320_063309.csv
1656,50.06978422237636,200,training_log_20260320_063309.csv
1657,94.80247501071308,200,training_log_20260320_063309.csv
1658,100.40344853067768,200,training_log_20260320_063309.csv
1659,58.76047626310415,200,training_log_20260320_063309.csv
1660,-43.55839492722629,99,training_log_20260320_063309.csv
1661,238.5725544896575,46,training_log_20260320_063309.csv
1662,131.09002897284367,29,training_log_20260320_063309.csv
1663,120.21537264121486,18,training_log_20260320_063309.csv
1664,-200.0,1,training_log_20260320_063309.csv
1665,-35.92041848675892,200,training_log_20260320_063309.csv
1666,161.90901182021926,67,training_log_20260320_063309.csv
1667,170.28499747673908,108,training_log_20260320_063309.csv
1668,165.21239023821295,90,training_log_20260320_063309.csv
1669,129.1941557537567,16,training_log_20260320_063309.csv
1670,12.401140462031352,200,training_log_20260320_063309.csv
1671,165.60218899703946,33,training_log_20260320_063309.csv
1672,34.34240677311965,200,training_log_20260320_063309.csv
1673,179.28163567896507,32,training_log_20260320_063309.csv
1674,173.85791836900307,24,training_log_20260320_063309.csv
1675,272.9448610440469,152,training_log_20260320_063309.csv
1676,31.746423040914905,200,training_log_20260320_063309.csv
1677,69.91377587825374,200,training_log_20260320_063309.csv
1678,6.92152898754939,200,training_log_20260320_063309.csv
1679,176.4705633908332,83,training_log_20260320_063309.csv
1680,31.81508385486777,200,training_log_20260320_063309.csv
1681,227.6091574544672,44,training_log_20260320_063309.csv
1682,158.993640786892,45,training_log_20260320_063309.csv
1683,212.1638519880325,42,training_log_20260320_063309.csv
1684,7.751853634685166,200,training_log_20260320_063309.csv
1685,120.08956021343498,31,training_log_20260320_063309.csv
1686,204.49509357980708,60,training_log_20260320_063309.csv
1687,44.127176002469234,200,training_log_20260320_063309.csv
1688,69.86620787313593,200,training_log_20260320_063309.csv
1689,43.59574120318384,200,training_log_20260320_063309.csv
1690,166.67644766939048,39,training_log_20260320_063309.csv
1691,151.87644398040155,28,training_log_20260320_063309.csv
1692,-58.2747717588833,200,training_log_20260320_063309.csv
1693,-40.93998933658992,200,training_log_20260320_063309.csv
1694,168.4795240816968,38,training_log_20260320_063309.csv
1695,163.51912537048827,75,training_log_20260320_063309.csv
1696,220.44678513962467,39,training_log_20260320_063309.csv
1697,117.02224007524616,33,training_log_20260320_063309.csv
1698,-174.64304349664224,8,training_log_20260320_063309.csv
1699,32.460576527078885,200,training_log_20260320_063309.csv
1700,-15.649400631241178,200,training_log_20260320_063309.csv
1701,-4.85707097725787,200,training_log_20260320_063309.csv
1702,13.323667352207098,200,training_log_20260320_063309.csv
1703,166.82978258239274,150,training_log_20260320_063309.csv
1704,177.95048568515665,27,training_log_20260320_063309.csv
1705,173.5190985771559,30,training_log_20260320_063309.csv
1706,124.09893947662871,27,training_log_20260320_063309.csv
1707,213.5727281065665,37,training_log_20260320_063309.csv
1708,8.697311594790238,200,training_log_20260320_063309.csv
1709,182.15594079148676,32,training_log_20260320_063309.csv
1710,-187.2743606674401,14,training_log_20260320_063309.csv
1711,14.36303902469746,200,training_log_20260320_063309.csv
1712,155.52926050175117,20,training_log_20260320_063309.csv
1713,196.582283375338,45,training_log_20260320_063309.csv
1714,155.9913680788162,50,training_log_20260320_063309.csv
1715,164.6009280279739,57,training_log_20260320_063309.csv
1716,-21.38474700796778,200,training_log_20260320_063309.csv
1717,19.60234680684707,200,training_log_20260320_063309.csv
1718,35.84693178665395,200,training_log_20260320_063309.csv
1719,-195.15848286894976,4,training_log_20260320_063309.csv
1720,160.58440109620886,94,training_log_20260320_063309.csv
1721,-6.233296930265319,200,training_log_20260320_063309.csv
1722,83.88041567377748,200,training_log_20260320_063309.csv
1723,202.44288027401907,64,training_log_20260320_063309.csv
1724,226.8394965130184,46,training_log_20260320_063309.csv
1725,-14.096919331167992,200,training_log_20260320_063309.csv
1726,45.60660336132436,200,training_log_20260320_063309.csv
1727,170.83364829276928,130,training_log_20260320_063309.csv
1728,52.97320065313623,200,training_log_20260320_063309.csv
1729,15.036937581335913,200,training_log_20260320_063309.csv
1730,201.56627326865583,40,training_log_20260320_063309.csv
1731,27.56641071529443,200,training_log_20260320_063309.csv
1732,-142.40074094038692,35,training_log_20260320_063309.csv
1733,12.57739565485199,200,training_log_20260320_063309.csv
1734,126.70621060742118,29,training_log_20260320_063309.csv
1735,26.38613051636402,200,training_log_20260320_063309.csv
1736,39.293301824881965,200,training_log_20260320_063309.csv
1737,186.12988532308623,114,training_log_20260320_063309.csv
1738,165.53789927553197,29,training_log_20260320_063309.csv
1739,222.95806633338407,45,training_log_20260320_063309.csv
1740,25.951044679572448,200,training_log_20260320_063309.csv
1741,-6.966246214496635,200,training_log_20260320_063309.csv
1742,174.1972588146417,50,training_log_20260320_063309.csv
1743,150.53780956362624,28,training_log_20260320_063309.csv
1744,240.90467863180805,52,training_log_20260320_063309.csv
1745,19.362231681981463,200,training_log_20260320_063309.csv
1746,-14.913852925085992,200,training_log_20260320_063309.csv
1747,5.059706354101892,200,training_log_20260320_063309.csv
1748,46.54881092064262,200,training_log_20260320_063309.csv
1749,1.2507954588549697,200,training_log_20260320_063309.csv
1750,61.37524061992497,200,training_log_20260320_063309.csv
1751,-52.39793408966643,200,training_log_20260320_063309.csv
1752,56.823301515932286,200,training_log_20260320_063309.csv
1753,196.5731519713382,28,training_log_20260320_063309.csv
1754,-16.541410225999535,200,training_log_20260320_063309.csv
1755,170.06026591939138,133,training_log_20260320_063309.csv
1756,104.81937454042011,200,training_log_20260320_063309.csv
1757,155.52111738291865,28,training_log_20260320_063309.csv
1758,161.06669731247865,50,training_log_20260320_063309.csv
1759,49.09668340800609,200,training_log_20260320_063309.csv
1760,209.7131071215063,41,training_log_20260320_063309.csv
1761,19.06273158066331,200,training_log_20260320_063309.csv
1762,-38.95753483938143,200,training_log_20260320_063309.csv
1763,21.269366859210024,200,training_log_20260320_063309.csv
1764,-2.111252694484308,200,training_log_20260320_063309.csv
1765,207.84689330368656,60,training_log_20260320_063309.csv
1766,167.33621286249416,33,training_log_20260320_063309.csv
1767,180.99586607256973,34,training_log_20260320_063309.csv
1768,74.19196471509117,200,training_log_20260320_063309.csv
1769,54.5855123186822,200,training_log_20260320_063309.csv
1770,197.37957615585907,125,training_log_20260320_063309.csv
1771,164.37592803758974,32,training_log_20260320_063309.csv
1772,193.7297535989439,49,training_log_20260320_063309.csv
1773,57.09477686991536,200,training_log_20260320_063309.csv
1774,177.38430341787532,41,training_log_20260320_063309.csv
1775,-12.386262750121546,200,training_log_20260320_063309.csv
1776,78.17489283277963,200,training_log_20260320_063309.csv
1777,262.90848248622643,72,training_log_20260320_063309.csv
1778,46.16280259762271,200,training_log_20260320_063309.csv
1779,164.47471294251778,42,training_log_20260320_063309.csv
1780,190.0437098588366,55,training_log_20260320_063309.csv
1781,140.4448277503824,97,training_log_20260320_063309.csv
1782,168.9812385275352,20,training_log_20260320_063309.csv
1783,76.3566248978751,200,training_log_20260320_063309.csv
1784,129.63963318238558,61,training_log_20260320_063309.csv
1785,138.35015225397458,200,training_log_20260320_063309.csv
1786,4.39606696284364,200,training_log_20260320_063309.csv
1787,101.7548107243437,200,training_log_20260320_063309.csv
1788,51.235745660493166,200,training_log_20260320_063309.csv
1789,67.28298687747363,200,training_log_20260320_063309.csv
1790,119.70953753955284,58,training_log_20260320_063309.csv
1791,19.30213820333719,200,training_log_20260320_063309.csv
1792,164.98779734765233,33,training_log_20260320_063309.csv
1793,33.72616933685828,200,training_log_20260320_063309.csv
1794,61.88056155638291,200,training_log_20260320_063309.csv
1795,241.59170512516036,84,training_log_20260320_063309.csv
1796,20.568426356142098,200,training_log_20260320_063309.csv
1797,152.0353898875086,200,training_log_20260320_063309.csv
1798,-157.54134462739182,96,training_log_20260320_063309.csv
1799,156.54605264178912,200,training_log_20260320_063309.csv
1800,69.08093740844762,200,training_log_20260320_063309.csv
1801,94.47102138756188,200,training_log_20260320_063309.csv
1802,169.9925979480064,47,training_log_20260320_063309.csv
1803,-195.4799144123133,3,training_log_20260320_063309.csv
1804,-14.520341149791044,200,training_log_20260320_063309.csv
1805,187.21950387290332,44,training_log_20260320_063309.csv
1806,-205.96524635936973,7,training_log_20260320_063309.csv
1807,192.3715722935392,122,training_log_20260320_063309.csv
1808,160.71019150628604,27,training_log_20260320_063309.csv
1809,156.25474051015004,98,training_log_20260320_063309.csv
1810,20.255834745879323,200,training_log_20260320_063309.csv
1811,83.21791194592305,200,training_log_20260320_063309.csv
1812,234.62902097184784,50,training_log_20260320_063309.csv
1813,82.72258242307842,200,training_log_20260320_063309.csv
1814,200.3273063653994,134,training_log_20260320_063309.csv
1815,161.3860781760821,27,training_log_20260320_063309.csv
1816,151.94058214969843,20,training_log_20260320_063309.csv
1817,45.1088777598746,200,training_log_20260320_063309.csv
1818,62.92066222697881,200,training_log_20260320_063309.csv
1819,231.778002347638,58,training_log_20260320_063309.csv
1820,184.3184921351202,31,training_log_20260320_063309.csv
1821,258.37156933396,57,training_log_20260320_063309.csv
1822,172.28839012686467,139,training_log_20260320_063309.csv
1823,55.860078186174334,200,training_log_20260320_063309.csv
1824,124.97441931433592,65,training_log_20260320_063309.csv
1825,-0.3305871235653283,200,training_log_20260320_063309.csv
1826,40.78560485711086,200,training_log_20260320_063309.csv
1827,203.931758187531,48,training_log_20260320_063309.csv
1828,147.36069732589266,34,training_log_20260320_063309.csv
1829,-7.704990016032596,200,training_log_20260320_063309.csv
1830,151.64140137693784,23,training_log_20260320_063309.csv
1831,182.62634163358305,30,training_log_20260320_063309.csv
1832,204.8813925598714,57,training_log_20260320_063309.csv
1833,182.42833694957775,34,training_log_20260320_063309.csv
1834,191.85493492045288,48,training_log_20260320_063309.csv
1835,74.87826665742932,200,training_log_20260320_063309.csv
1836,170.38685611688544,107,training_log_20260320_063309.csv
1837,3.430919988065739,99,training_log_20260320_063309.csv
1838,149.8727364003952,30,training_log_20260320_063309.csv
1839,151.08243692001764,41,training_log_20260320_063309.csv
1840,27.69827309013471,200,training_log_20260320_063309.csv
1841,27.14324472491549,200,training_log_20260320_063309.csv
1842,224.69602144915496,44,training_log_20260320_063309.csv
1843,41.73593038551314,200,training_log_20260320_063309.csv
1844,-69.5244360012174,200,training_log_20260320_063309.csv
1845,127.40487175244796,200,training_log_20260320_063309.csv
1846,177.08980200107095,37,training_log_20260320_063309.csv
1847,167.45010401038496,33,training_log_20260320_063309.csv
1848,171.77491442065866,22,training_log_20260320_063309.csv
1849,-44.95609156249801,200,training_log_20260320_063309.csv
1850,161.4541591522349,35,training_log_20260320_063309.csv
1851,230.02023133372853,66,training_log_20260320_063309.csv
1852,24.14739023898294,200,training_log_20260320_063309.csv
1853,101.1811873212052,200,training_log_20260320_063309.csv
1854,37.443897066590495,200,training_log_20260320_063309.csv
1855,149.51470641927045,22,training_log_20260320_063309.csv
1856,47.92067788242789,200,training_log_20260320_063309.csv
1857,31.892989362262885,200,training_log_20260320_063309.csv
1858,-4.92031487475304,200,training_log_20260320_063309.csv
1859,-175.32774220775596,12,training_log_20260320_063309.csv
1860,41.803284765269694,200,training_log_20260320_063309.csv
1861,134.60665922301922,23,training_log_20260320_063309.csv
1862,21.88237565858041,200,training_log_20260320_063309.csv
1863,126.34367783901688,24,training_log_20260320_063309.csv
1864,107.21755714330196,47,training_log_20260320_063309.csv
1865,56.87542509048785,200,training_log_20260320_063309.csv
1866,153.90829793054445,168,training_log_20260320_063309.csv
1867,15.10896383870288,200,training_log_20260320_063309.csv
1868,164.36230739650537,35,training_log_20260320_063309.csv
1869,204.95650242926237,35,training_log_20260320_063309.csv
1870,149.60723062750742,129,training_log_20260320_063309.csv
1871,96.546595841457,200,training_log_20260320_063309.csv
1872,16.08569392445644,200,training_log_20260320_063309.csv
1873,49.3541154489455,200,training_log_20260320_063309.csv
1874,63.58676836895535,200,training_log_20260320_063309.csv
1875,-200.0,1,training_log_20260320_063309.csv
1876,-185.93127305458708,27,training_log_20260320_063309.csv
1877,26.735056395315304,200,training_log_20260320_063309.csv
1878,39.80271695888434,200,training_log_20260320_063309.csv
1879,110.18965683918503,200,training_log_20260320_063309.csv
1880,212.66341345899275,53,training_log_20260320_063309.csv
1881,166.28771584353987,27,training_log_20260320_063309.csv
1882,133.43834832383587,116,training_log_20260320_063309.csv
1883,197.84752294684927,35,training_log_20260320_063309.csv
1884,139.75416270966116,82,training_log_20260320_063309.csv
1885,-167.51598895630642,22,training_log_20260320_063309.csv
1886,231.6167280679116,77,training_log_20260320_063309.csv
1887,166.12944394931498,27,training_log_20260320_063309.csv
1888,142.14412121800524,25,training_log_20260320_063309.csv
1889,191.48947348552872,95,training_log_20260320_063309.csv
1890,193.5186057987996,65,training_log_20260320_063309.csv
1891,171.2374810612367,93,training_log_20260320_063309.csv
1892,24.864318646463506,200,training_log_20260320_063309.csv
1893,60.0856329423,200,training_log_20260320_063309.csv
1894,53.4018331614712,200,training_log_20260320_063309.csv
1895,192.45523257211016,38,training_log_20260320_063309.csv
1896,28.39078568353603,200,training_log_20260320_063309.csv
1897,182.84006159502485,116,training_log_20260320_063309.csv
1898,-165.7131769680343,20,training_log_20260320_063309.csv
1899,100.30658386504784,200,training_log_20260320_063309.csv
1900,-156.92684555436546,19,training_log_20260320_063309.csv
1901,-157.89291324686053,18,training_log_20260320_063309.csv
1902,137.21563385241137,58,training_log_20260320_063309.csv
1903,52.42780396859296,200,training_log_20260320_063309.csv
1904,10.07772705862364,200,training_log_20260320_063309.csv
1905,177.26434706643914,44,training_log_20260320_063309.csv
1906,102.11596965750869,2,training_log_20260320_063309.csv
1907,154.56256761842707,23,training_log_20260320_063309.csv
1908,90.63823574512804,200,training_log_20260320_063309.csv
1909,62.81908376330635,200,training_log_20260320_063309.csv
1910,163.4636236491467,140,training_log_20260320_063309.csv
1911,146.13423114697167,38,training_log_20260320_063309.csv
1912,97.14870682762364,22,training_log_20260320_063309.csv
1913,-200.0,1,training_log_20260320_063309.csv
1914,36.0842837415377,200,training_log_20260320_063309.csv
1915,206.76199205175672,33,training_log_20260320_063309.csv
1916,99.34078153799696,200,training_log_20260320_063309.csv
1917,189.7007155184802,32,training_log_20260320_063309.csv
1918,147.18542517259277,36,training_log_20260320_063309.csv
1919,121.6303651493942,81,training_log_20260320_063309.csv
1920,136.4313133159604,45,training_log_20260320_063309.csv
1921,45.08619388516048,200,training_log_20260320_063309.csv
1922,138.5242197750258,16,training_log_20260320_063309.csv
1923,70.33643369008368,200,training_log_20260320_063309.csv
1924,0.6753409095074377,200,training_log_20260320_063309.csv
1925,152.43111571763856,134,training_log_20260320_063309.csv
1926,-199.7446179690168,14,training_log_20260320_063309.csv
1927,44.76481244101621,200,training_log_20260320_063309.csv
1928,197.49363156680232,29,training_log_20260320_063309.csv
1929,21.589591318545477,200,training_log_20260320_063309.csv
1930,47.4580463882103,200,training_log_20260320_063309.csv
1931,49.14448962207764,200,training_log_20260320_063309.csv
1932,8.712275435455386,200,training_log_20260320_063309.csv
1933,161.603543463999,47,training_log_20260320_063309.csv
1934,157.0573339468843,49,training_log_20260320_063309.csv
1935,179.5242639621781,76,training_log_20260320_063309.csv
1936,204.13017041915649,36,training_log_20260320_063309.csv
1937,5.335664179837167,200,training_log_20260320_063309.csv
1938,53.56584688165614,200,training_log_20260320_063309.csv
1939,138.92322927161638,62,training_log_20260320_063309.csv
1940,35.400064982154966,200,training_log_20260320_063309.csv
1941,163.85059589821805,50,training_log_20260320_063309.csv
1942,-146.4406265515775,19,training_log_20260320_063309.csv
1943,146.4175400944814,31,training_log_20260320_063309.csv
1944,145.68702525265743,18,training_log_20260320_063309.csv
1945,-7.193272838162653,200,training_log_20260320_063309.csv
1946,160.90797399996293,75,training_log_20260320_063309.csv
1947,172.79602595642967,57,training_log_20260320_063309.csv
1948,164.62943393698615,36,training_log_20260320_063309.csv
1949,48.09391505646253,200,training_log_20260320_063309.csv
1950,56.48754783783045,200,training_log_20260320_063309.csv
1951,226.8528498502729,47,training_log_20260320_063309.csv
1952,159.59025212549756,38,training_log_20260320_063309.csv
1953,-62.77961113067112,200,training_log_20260320_063309.csv
1954,-6.776370769373119,200,training_log_20260320_063309.csv
1955,248.94727298782985,160,training_log_20260320_063309.csv
1956,153.55594329019985,44,training_log_20260320_063309.csv
1957,136.63348131199115,29,training_log_20260320_063309.csv
1958,83.75697353940532,200,training_log_20260320_063309.csv
1959,198.95616900826911,32,training_log_20260320_063309.csv
1960,-6.803143359170076,200,training_log_20260320_063309.csv
1961,80.76917221307914,200,training_log_20260320_063309.csv
1962,49.25320194291994,200,training_log_20260320_063309.csv
1963,-161.25872206380632,16,training_log_20260320_063309.csv
1964,8.385743147103607,200,training_log_20260320_063309.csv
1965,176.90431803129593,26,training_log_20260320_063309.csv
1966,46.09283419720737,200,training_log_20260320_063309.csv
1967,63.30729084844904,200,training_log_20260320_063309.csv
1968,169.91703467196896,42,training_log_20260320_063309.csv
1969,257.9332358360981,52,training_log_20260320_063309.csv
1970,50.93535239055691,200,training_log_20260320_063309.csv
1971,10.689757125418396,200,training_log_20260320_063309.csv
1972,162.91400800613656,47,training_log_20260320_063309.csv
1973,188.9118346418101,47,training_log_20260320_063309.csv
1974,117.05665986070773,200,training_log_20260320_063309.csv
1975,54.6216143781712,200,training_log_20260320_063309.csv
1976,-173.70778505040266,14,training_log_20260320_063309.csv
1977,86.10705613384137,200,training_log_20260320_063309.csv
1978,188.92786163516632,49,training_log_20260320_063309.csv
1979,64.98030980666138,200,training_log_20260320_063309.csv
1980,183.32804792881277,46,training_log_20260320_063309.csv
1981,161.80348433823326,33,training_log_20260320_063309.csv
1982,145.55859619766542,56,training_log_20260320_063309.csv
1983,166.22028205596493,92,training_log_20260320_063309.csv
1984,63.00714538979988,200,training_log_20260320_063309.csv
1985,177.7952438990151,38,training_log_20260320_063309.csv
1986,92.27821687770442,200,training_log_20260320_063309.csv
1987,193.57577445719485,34,training_log_20260320_063309.csv
1988,163.81329206758562,27,training_log_20260320_063309.csv
1989,164.15059408969623,24,training_log_20260320_063309.csv
1990,19.027894326184207,200,training_log_20260320_063309.csv
1991,211.62163437607828,34,training_log_20260320_063309.csv
1992,168.7257854668832,58,training_log_20260320_063309.csv
1993,101.1094254224632,3,training_log_20260320_063309.csv
1994,157.28670069694118,32,training_log_20260320_063309.csv
1995,150.25236798098757,45,training_log_20260320_063309.csv
1996,151.48733677993863,30,training_log_20260320_063309.csv
1997,152.0798786036756,81,training_log_20260320_063309.csv
1998,191.5903133753752,63,training_log_20260320_063309.csv
1999,33.030935399819306,200,training_log_20260320_063309.csv
2000,-19.60493042270005,57,training_log_20260320_063309.csv
2001,-172.99426024104935,12,training_log_20260320_063309.csv
2002,37.30528513110741,200,training_log_20260320_063309.csv
2003,-185.01364114150223,27,training_log_20260320_063309.csv
2004,-21.78350669402617,200,training_log_20260320_063309.csv
2005,42.93474340385941,200,training_log_20260320_063309.csv
2006,184.10037754800464,36,training_log_20260320_063309.csv
2007,233.1878714097414,97,training_log_20260320_063309.csv
2008,-185.7870160296088,5,training_log_20260320_063309.csv
2009,60.20048062412135,200,training_log_20260320_063309.csv
2010,191.0762545272372,68,training_log_20260320_063309.csv
2011,6.491295392741421,200,training_log_20260320_063309.csv
2012,53.31845264031606,200,training_log_20260320_063309.csv
2013,77.6088545969719,200,training_log_20260320_063309.csv
2014,-144.6551375804863,14,training_log_20260320_063309.csv
2015,48.27339392980814,200,training_log_20260320_063309.csv
2016,50.78759653742249,200,training_log_20260320_063309.csv
2017,183.94238267932604,171,training_log_20260320_063309.csv
2018,29.31419027837124,200,training_log_20260320_063309.csv
2019,162.4003385645879,97,training_log_20260320_063309.csv
2020,231.9550144192341,50,training_log_20260320_063309.csv
2021,192.8450493196356,37,training_log_20260320_063309.csv
2022,217.645661446274,36,training_log_20260320_063309.csv
2023,34.82134427138232,200,training_log_20260320_063309.csv
2024,41.92856598498375,200,training_log_20260320_063309.csv
2025,31.61515076320533,200,training_log_20260320_063309.csv
2026,-175.9066136173526,8,training_log_20260320_063309.csv
2027,186.44546323068127,58,training_log_20260320_063309.csv
2028,63.980719193874734,200,training_log_20260320_063309.csv
2029,15.196263527891997,200,training_log_20260320_063309.csv
2030,208.54593107067348,37,training_log_20260320_063309.csv
2031,157.44731390724849,24,training_log_20260320_063309.csv
2032,38.80091955299861,200,training_log_20260320_063309.csv
2033,34.66466495390705,200,training_log_20260320_063309.csv
2034,155.2494242962914,18,training_log_20260320_063309.csv
2035,-200.0,1,training_log_20260320_063309.csv
2036,190.42580401343295,28,training_log_20260320_063309.csv
2037,180.74723042649532,45,training_log_20260320_063309.csv
2038,87.75593569577887,200,training_log_20260320_063309.csv
2039,43.38702465582773,200,training_log_20260320_063309.csv
2040,-199.80978425162013,122,training_log_20260320_063309.csv
2041,177.77652457400978,64,training_log_20260320_063309.csv
2042,191.52329486613385,33,training_log_20260320_063309.csv
2043,36.77812394774927,200,training_log_20260320_063309.csv
2044,38.19681509675789,200,training_log_20260320_063309.csv
2045,206.3604436393989,37,training_log_20260320_063309.csv
2046,173.12593841954956,25,training_log_20260320_063309.csv
2047,-0.0385936182526581,200,training_log_20260320_063309.csv
2048,68.12923910153089,200,training_log_20260320_063309.csv
2049,-10.95417036271187,200,training_log_20260320_063309.csv
2050,190.7483431723164,25,training_log_20260320_063309.csv
2051,184.57056156750417,37,training_log_20260320_063309.csv
2052,20.841216033923192,200,training_log_20260320_063309.csv
2053,20.230174095573343,200,training_log_20260320_063309.csv
2054,172.5230542538577,32,training_log_20260320_063309.csv
2055,44.8887809794192,200,training_log_20260320_063309.csv
2056,147.15902078006462,47,training_log_20260320_063309.csv
2057,199.7168814648792,200,training_log_20260320_063309.csv
2058,113.57636921011148,13,training_log_20260320_063309.csv
2059,184.03021119836427,34,training_log_20260320_063309.csv
2060,145.09782467756114,95,training_log_20260320_063309.csv
2061,34.11625034220294,200,training_log_20260320_063309.csv
2062,-200.0,1,training_log_20260320_063309.csv
2063,16.56867743304786,200,training_log_20260320_063309.csv
2064,-184.6010191861066,7,training_log_20260320_063309.csv
2065,200.32237408832395,51,training_log_20260320_063309.csv
2066,215.94998393761244,46,training_log_20260320_063309.csv
2067,200.34565777121023,38,training_log_20260320_063309.csv
2068,161.7907568469072,141,training_log_20260320_063309.csv
2069,-5.057674961057678,200,training_log_20260320_063309.csv
2070,195.13836923947596,39,training_log_20260320_063309.csv
2071,-16.195115471145474,200,training_log_20260320_063309.csv
2072,111.75642464961186,200,training_log_20260320_063309.csv
2073,130.4279713390631,84,training_log_20260320_063309.csv
2074,69.77834324811042,200,training_log_20260320_063309.csv
2075,-3.1062808100069863,200,training_log_20260320_063309.csv
2076,120.03652390185133,8,training_log_20260320_063309.csv
2077,-170.34534949527486,13,training_log_20260320_063309.csv
2078,173.18460553491832,26,training_log_20260320_063309.csv
2079,140.73183898576804,42,training_log_20260320_063309.csv
2080,-202.37305750175224,3,training_log_20260320_063309.csv
2081,237.252340671093,37,training_log_20260320_063309.csv
2082,168.72252022185205,23,training_log_20260320_063309.csv
2083,148.83756943808584,20,training_log_20260320_063309.csv
2084,209.0321725282428,39,training_log_20260320_063309.csv
2085,208.60082794232736,38,training_log_20260320_063309.csv
2086,146.14713414759123,14,training_log_20260320_063309.csv
2087,183.46500347996965,44,training_log_20260320_063309.csv
2088,-200.0,1,training_log_20260320_063309.csv
2089,31.209625590730397,200,training_log_20260320_063309.csv
2090,11.10461134974819,200,training_log_20260320_063309.csv
2091,187.065609440571,37,training_log_20260320_063309.csv
2092,23.02720261212656,200,training_log_20260320_063309.csv
2093,160.07248118632344,34,training_log_20260320_063309.csv
2094,154.95244380433644,22,training_log_20260320_063309.csv
2095,54.837995608250296,200,training_log_20260320_063309.csv
2096,-0.7958193041008488,200,training_log_20260320_063309.csv
2097,160.01601885886492,28,training_log_20260320_063309.csv
2098,185.11513294513583,30,training_log_20260320_063309.csv
2099,147.2367419976821,31,training_log_20260320_063309.csv
2100,159.79243202381613,22,training_log_20260320_063309.csv
2101,220.5226683031226,39,training_log_20260320_063309.csv
2102,172.04165983404386,38,training_log_20260320_063309.csv
2103,160.274093598615,50,training_log_20260320_063309.csv
2104,145.7156682072274,22,training_log_20260320_063309.csv
2105,96.78833949228655,200,training_log_20260320_063309.csv
2106,170.7318481803219,45,training_log_20260320_063309.csv
2107,38.11783685385525,200,training_log_20260320_063309.csv
2108,171.7454966457817,33,training_log_20260320_063309.csv
2109,-129.35161214525905,66,training_log_20260320_063309.csv
2110,5.003362375407581,200,training_log_20260320_063309.csv
2111,183.9088223350355,191,training_log_20260320_063309.csv
2112,-178.49874872401944,11,training_log_20260320_063309.csv
2113,-209.01964387550973,59,training_log_20260320_063309.csv
2114,31.88475134275283,200,training_log_20260320_063309.csv
2115,160.00434280043154,31,training_log_20260320_063309.csv
2116,107.28971578917758,26,training_log_20260320_063309.csv
2117,158.81319647286105,29,training_log_20260320_063309.csv
2118,209.95847620720596,42,training_log_20260320_063309.csv
2119,168.48950387798095,33,training_log_20260320_063309.csv
2120,172.70286658431615,28,training_log_20260320_063309.csv
2121,144.32859885631706,17,training_log_20260320_063309.csv
2122,110.68486788378564,6,training_log_20260320_063309.csv
2123,144.6853730498064,22,training_log_20260320_063309.csv
2124,166.8484773991097,25,training_log_20260320_063309.csv
2125,175.4093597220578,36,training_log_20260320_063309.csv
2126,-46.83388450158649,167,training_log_20260320_063309.csv
2127,167.87638617412864,55,training_log_20260320_063309.csv
2128,-167.08845371124207,20,training_log_20260320_063309.csv
2129,144.5305806376062,116,training_log_20260320_063309.csv
2130,110.73353281752556,26,training_log_20260320_063309.csv
2131,-209.08354654250851,14,training_log_20260320_063309.csv
2132,-200.0,1,training_log_20260320_063309.csv
2133,224.44382936608224,42,training_log_20260320_063309.csv
2134,19.87373607754972,200,training_log_20260320_063309.csv
2135,201.45978605990337,40,training_log_20260320_063309.csv
2136,-36.388047163579664,200,training_log_20260320_063309.csv
2137,-185.04922438852088,8,training_log_20260320_063309.csv
2138,114.40834822248254,200,training_log_20260320_063309.csv
2139,219.87075499153548,65,training_log_20260320_063309.csv
2140,-0.1120796989148763,200,training_log_20260320_063309.csv
2141,143.37825986833784,27,training_log_20260320_063309.csv
2142,-23.674046371550123,200,training_log_20260320_063309.csv
2143,175.79524040898852,50,training_log_20260320_063309.csv
2144,243.41124922296527,47,training_log_20260320_063309.csv
2145,84.1764802335044,111,training_log_20260320_063309.csv
2146,20.078666072747573,200,training_log_20260320_063309.csv
2147,146.67927297466588,28,training_log_20260320_063309.csv
2148,204.28575117170487,35,training_log_20260320_063309.csv
2149,49.95981224818263,200,training_log_20260320_063309.csv
2150,23.136280851768596,200,training_log_20260320_063309.csv
2151,-44.35381823574431,200,training_log_20260320_063309.csv
2152,188.8585506357736,42,training_log_20260320_063309.csv
2153,184.39760133520923,37,training_log_20260320_063309.csv
2154,5.690488726252092,200,training_log_20260320_063309.csv
2155,70.50966061208426,200,training_log_20260320_063309.csv
2156,202.48585187749129,35,training_log_20260320_063309.csv
2157,219.47260090805284,35,training_log_20260320_063309.csv
2158,162.73055537912765,23,training_log_20260320_063309.csv
2159,-183.16131829641688,120,training_log_20260320_063309.csv
2160,222.5357513191895,43,training_log_20260320_063309.csv
2161,19.411818852029423,200,training_log_20260320_063309.csv
2162,26.04574295843053,200,training_log_20260320_063309.csv
2163,164.98266089464826,71,training_log_20260320_063309.csv
2164,35.84155183576923,200,training_log_20260320_063309.csv
2165,-165.25890235001745,49,training_log_20260320_063309.csv
2166,157.8597830188578,20,training_log_20260320_063309.csv
2167,170.1640500597273,68,training_log_20260320_063309.csv
2168,50.469897156920105,200,training_log_20260320_063309.csv
2169,195.97545562128343,42,training_log_20260320_063309.csv
2170,29.086484476364152,200,training_log_20260320_063309.csv
2171,165.1258646433022,26,training_log_20260320_063309.csv
2172,152.7228420476153,21,training_log_20260320_063309.csv
2173,170.4131941871649,23,training_log_20260320_063309.csv
2174,37.65661028808941,200,training_log_20260320_063309.csv
2175,273.8797302074943,87,training_log_20260320_063309.csv
2176,173.79958507299517,46,training_log_20260320_063309.csv
2177,-31.10698275104385,200,training_log_20260320_063309.csv
2178,163.8607071364034,32,training_log_20260320_063309.csv
2179,271.6712117554867,95,training_log_20260320_063309.csv
2180,184.0103494475469,26,training_log_20260320_063309.csv
2181,32.43048514088921,200,training_log_20260320_063309.csv
2182,79.92510502158275,200,training_log_20260320_063309.csv
2183,169.54107540701517,30,training_log_20260320_063309.csv
2184,49.78214023051677,200,training_log_20260320_063309.csv
2185,160.83626461630163,87,training_log_20260320_063309.csv
2186,141.87803145195275,44,training_log_20260320_063309.csv
2187,125.53023224066608,29,training_log_20260320_063309.csv
2188,-95.8522583464049,200,training_log_20260320_063309.csv
2189,-15.152771306015518,200,training_log_20260320_063309.csv
2190,183.67821227857388,47,training_log_20260320_063309.csv
2191,169.50041720660846,24,training_log_20260320_063309.csv
2192,-113.63930294687596,28,training_log_20260320_063309.csv
2193,182.33115465858577,48,training_log_20260320_063309.csv
2194,41.859170366601816,200,training_log_20260320_063309.csv
2195,136.20501283423496,99,training_log_20260320_063309.csv
2196,172.7743009816495,33,training_log_20260320_063309.csv
2197,149.78527005742245,23,training_log_20260320_063309.csv
2198,51.92335935944602,200,training_log_20260320_063309.csv
2199,86.4663678006071,200,training_log_20260320_063309.csv
2200,184.71648377202115,24,training_log_20260320_063309.csv
2201,162.62445092079923,33,training_log_20260320_063309.csv
2202,100.29563670684148,200,training_log_20260320_063309.csv
2203,-200.0,1,training_log_20260320_063309.csv
2204,1.3450548407916585,200,training_log_20260320_063309.csv
2205,64.31360710817434,200,training_log_20260320_063309.csv
2206,147.2156237727238,55,training_log_20260320_063309.csv
2207,93.97879314306584,200,training_log_20260320_063309.csv
2208,45.15610295187739,200,training_log_20260320_063309.csv
2209,210.25314981926684,49,training_log_20260320_063309.csv
2210,42.72427098337583,200,training_log_20260320_063309.csv
2211,52.44685944170048,200,training_log_20260320_063309.csv
2212,-169.05061037652283,8,training_log_20260320_063309.csv
2213,110.08150897714808,6,training_log_20260320_063309.csv
2214,186.71868919036632,39,training_log_20260320_063309.csv
2215,142.2442416619432,22,training_log_20260320_063309.csv
2216,67.06475922349772,200,training_log_20260320_063309.csv
2217,50.38494225610387,200,training_log_20260320_063309.csv
2218,162.5588175396029,88,training_log_20260320_063309.csv
2219,23.02610311879185,200,training_log_20260320_063309.csv
2220,201.45414354133453,47,training_log_20260320_063309.csv
2221,30.75732558163393,200,training_log_20260320_063309.csv
2222,9.974766301863305,200,training_log_20260320_063309.csv
2223,32.09037008622996,200,training_log_20260320_063309.csv
2224,190.60760108883068,48,training_log_20260320_063309.csv
2225,200.09530500035964,35,training_log_20260320_063309.csv
2226,62.78618689002819,200,training_log_20260320_063309.csv
2227,166.11887752310915,26,training_log_20260320_063309.csv
2228,130.64026104148297,28,training_log_20260320_063309.csv
2229,148.0836065226648,22,training_log_20260320_063309.csv
2230,161.35600178067853,150,training_log_20260320_063309.csv
2231,-173.15429134829498,29,training_log_20260320_063309.csv
2232,38.22470944680112,200,training_log_20260320_063309.csv
2233,181.3518083772119,36,training_log_20260320_063309.csv
2234,-36.02997917880678,200,training_log_20260320_063309.csv
2235,58.97325798704431,200,training_log_20260320_063309.csv
2236,166.40101624051624,45,training_log_20260320_063309.csv
2237,-22.01305218075464,200,training_log_20260320_063309.csv
2238,90.90179512944268,200,training_log_20260320_063309.csv
2239,36.47084850790392,200,training_log_20260320_063309.csv
2240,147.46105559922475,23,training_log_20260320_063309.csv
2241,146.2018567568681,40,training_log_20260320_063309.csv
2242,93.51607659797146,200,training_log_20260320_063309.csv
2243,8.574765376520599,200,training_log_20260320_063309.csv
2244,-7.933706281931791,200,training_log_20260320_063309.csv
2245,52.39363177199975,200,training_log_20260320_063309.csv
2246,180.57428084036704,24,training_log_20260320_063309.csv
2247,53.81707854576503,200,training_log_20260320_063309.csv
2248,183.86303235299243,28,training_log_20260320_063309.csv
2249,-3.5243687507674477,200,training_log_20260320_063309.csv
2250,-151.45488271515006,15,training_log_20260320_063309.csv
2251,-5.940634490629915,200,training_log_20260320_063309.csv
2252,36.17579519362183,200,training_log_20260320_063309.csv
2253,147.43544922829025,45,training_log_20260320_063309.csv
2254,132.29420007231073,26,training_log_20260320_063309.csv
2255,21.4052794176275,200,training_log_20260320_063309.csv
2256,149.5898850593703,34,training_log_20260320_063309.csv
2257,227.8050347392256,42,training_log_20260320_063309.csv
2258,35.24843684157318,200,training_log_20260320_063309.csv
2259,177.05789792220992,57,training_log_20260320_063309.csv
2260,144.52739812744343,48,training_log_20260320_063309.csv
2261,-190.3258552281527,5,training_log_20260320_063309.csv
2262,177.15759524278818,174,training_log_20260320_063309.csv
2263,119.01468806293109,11,training_log_20260320_063309.csv
2264,150.01365362698274,27,training_log_20260320_063309.csv
2265,195.38067379808564,112,training_log_20260320_063309.csv
2266,-3.627737474664024,200,training_log_20260320_063309.csv
2267,50.93396033842266,200,training_log_20260320_063309.csv
2268,25.34058751176043,200,training_log_20260320_063309.csv
2269,-14.521747969410026,200,training_log_20260320_063309.csv
2270,26.91445797153134,200,training_log_20260320_063309.csv
2271,-40.33906753365357,200,training_log_20260320_063309.csv
2272,188.61492431983615,153,training_log_20260320_063309.csv
2273,7.411736752973837,200,training_log_20260320_063309.csv
2274,16.557941096440825,200,training_log_20260320_063309.csv
2275,-159.84269100762745,12,training_log_20260320_063309.csv
2276,-63.64203554328425,62,training_log_20260320_063309.csv
2277,5.079196947573052,200,training_log_20260320_063309.csv
2278,171.0843201645991,26,training_log_20260320_063309.csv
2279,0.5780670110103374,200,training_log_20260320_063309.csv
2280,-17.14233001827341,200,training_log_20260320_063309.csv
2281,-7.6857789229088915,200,training_log_20260320_063309.csv
2282,192.49009929696533,48,training_log_20260320_063309.csv
2283,184.0818353728832,42,training_log_20260320_063309.csv
2284,180.05228990221275,40,training_log_20260320_063309.csv
2285,112.87541942608514,83,training_log_20260320_063309.csv
2286,169.76090585841388,53,training_log_20260320_063309.csv
2287,216.42246363690708,43,training_log_20260320_063309.csv
2288,111.68345796875028,5,training_log_20260320_063309.csv
2289,-194.1376438013568,3,training_log_20260320_063309.csv
2290,159.65325476130224,200,training_log_20260320_063309.csv
2291,144.52640709771524,20,training_log_20260320_063309.csv
2292,157.8377301702589,25,training_log_20260320_063309.csv
2293,158.871887086696,31,training_log_20260320_063309.csv
2294,173.42045004240407,32,training_log_20260320_063309.csv
2295,-181.7884539103266,143,training_log_20260320_063309.csv
2296,-150.91302189772145,52,training_log_20260320_063309.csv
2297,159.78894530530522,33,training_log_20260320_063309.csv
2298,213.5972149234513,70,training_log_20260320_063309.csv
2299,56.0989659593085,200,training_log_20260320_063309.csv
2300,159.9660840499465,29,training_log_20260320_063309.csv
2301,-28.43309623163862,200,training_log_20260320_063309.csv
2302,-101.54027440858565,169,training_log_20260320_063309.csv
2303,159.2196092779542,22,training_log_20260320_063309.csv
2304,136.90465681493976,51,training_log_20260320_063309.csv
2305,109.93931973140644,92,training_log_20260320_063309.csv
2306,230.30161015276244,46,training_log_20260320_063309.csv
2307,26.128310776735496,200,training_log_20260320_063309.csv
2308,101.85486345955984,28,training_log_20260320_063309.csv
2309,149.39796046420204,150,training_log_20260320_063309.csv
2310,52.72446791243451,200,training_log_20260320_063309.csv
2311,277.12962688303526,154,training_log_20260320_063309.csv
2312,33.60895220345389,200,training_log_20260320_063309.csv
2313,151.9979758392601,21,training_log_20260320_063309.csv
2314,118.79152500684218,90,training_log_20260320_063309.csv
2315,128.51859742381924,20,training_log_20260320_063309.csv
2316,82.02248886661563,200,training_log_20260320_063309.csv
2317,164.64573738761683,20,training_log_20260320_063309.csv
2318,-46.36533363703317,200,training_log_20260320_063309.csv
2319,154.5917743670589,53,training_log_20260320_063309.csv
2320,-8.12644084421117,200,training_log_20260320_063309.csv
2321,169.74910766340264,29,training_log_20260320_063309.csv
2322,50.11743602281731,200,training_log_20260320_063309.csv
2323,44.79113423948496,200,training_log_20260320_063309.csv
2324,2.964039337689357,200,training_log_20260320_063309.csv
2325,228.37598660622484,53,training_log_20260320_063309.csv
2326,-59.06777298446657,80,training_log_20260320_063309.csv
2327,122.64904395336376,31,training_log_20260320_063309.csv
2328,67.48001996012107,200,training_log_20260320_063309.csv
2329,-176.70406686120265,8,training_log_20260320_063309.csv
2330,-200.0,1,training_log_20260320_063309.csv
2331,22.53407190263232,200,training_log_20260320_063309.csv
2332,36.66952277972478,200,training_log_20260320_063309.csv
2333,157.29072681751245,26,training_log_20260320_063309.csv
2334,95.74238228442482,39,training_log_20260320_063309.csv
2335,190.9903807422272,89,training_log_20260320_063309.csv
2336,133.17604560071084,200,training_log_20260320_063309.csv
2337,-202.84619494355803,11,training_log_20260320_063309.csv
2338,43.80455694450975,200,training_log_20260320_063309.csv
2339,-117.29724583453066,40,training_log_20260320_063309.csv
2340,-153.58308578869182,200,training_log_20260320_063309.csv
2341,176.5923469539773,100,training_log_20260320_063309.csv
2342,159.79190225741547,28,training_log_20260320_063309.csv
2343,162.98166249556036,23,training_log_20260320_063309.csv
2344,166.35904978032056,29,training_log_20260320_063309.csv
2345,-11.87468383618092,200,training_log_20260320_063309.csv
2346,178.64607805922043,104,training_log_20260320_063309.csv
2347,174.80681666400335,88,training_log_20260320_063309.csv
2348,6.610962496481237,200,training_log_20260320_063309.csv
2349,-45.2091810816706,200,training_log_20260320_063309.csv
2350,213.7734997179085,34,training_log_20260320_063309.csv
2351,56.97753151460119,200,training_log_20260320_063309.csv
2352,167.17197172513875,42,training_log_20260320_063309.csv
2353,10.85559984641483,200,training_log_20260320_063309.csv
2354,222.93943716832237,54,training_log_20260320_063309.csv
2355,-7.653018745375187,200,training_log_20260320_063309.csv
2356,2.978068305733313,200,training_log_20260320_063309.csv
2357,196.03465512099407,32,training_log_20260320_063309.csv
2358,191.8046228556155,60,training_log_20260320_063309.csv
2359,8.895179438099378,200,training_log_20260320_063309.csv
2360,56.553668640655815,200,training_log_20260320_063309.csv
2361,0.3991181834293936,200,training_log_20260320_063309.csv
2362,214.21868652406735,48,training_log_20260320_063309.csv
2363,-192.57721345792487,54,training_log_20260320_063309.csv
2364,184.61407588717435,100,training_log_20260320_063309.csv
2365,36.9097675693738,200,training_log_20260320_063309.csv
2366,154.36335322174534,25,training_log_20260320_063309.csv
2367,-166.53324308580844,72,training_log_20260320_063309.csv
2368,59.136977505765294,200,training_log_20260320_063309.csv
2369,86.17483895630048,200,training_log_20260320_063309.csv
2370,254.306955244052,57,training_log_20260320_063309.csv
2371,214.39459929747267,44,training_log_20260320_063309.csv
2372,219.2122070119482,35,training_log_20260320_063309.csv
2373,180.9020458000877,74,training_log_20260320_063309.csv
2374,-40.79528935284937,200,training_log_20260320_063309.csv
2375,222.2924987444535,45,training_log_20260320_063309.csv
2376,208.4787920761246,39,training_log_20260320_063309.csv
2377,224.6066244885972,42,training_log_20260320_063309.csv
2378,55.97969240630704,200,training_log_20260320_063309.csv
2379,-112.82789575359668,200,training_log_20260320_063309.csv
2380,182.70547661982337,29,training_log_20260320_063309.csv
2381,29.74623081863445,200,training_log_20260320_063309.csv
2382,11.631957311716716,200,training_log_20260320_063309.csv
2383,84.6968522611319,200,training_log_20260320_063309.csv
2384,167.49796166957464,76,training_log_20260320_063309.csv
2385,39.62328957709387,200,training_log_20260320_063309.csv
2386,-40.36511670026099,200,training_log_20260320_063309.csv
2387,-183.99949072718152,6,training_log_20260320_063309.csv
2388,-24.59978136492883,200,training_log_20260320_063309.csv
2389,139.17351133962862,33,training_log_20260320_063309.csv
2390,217.32150949150395,37,training_log_20260320_063309.csv
2391,147.52073370390232,22,training_log_20260320_063309.csv
2392,171.67458555242845,32,training_log_20260320_063309.csv
2393,160.65872355736363,26,training_log_20260320_063309.csv
2394,185.07390069544525,34,training_log_20260320_063309.csv
2395,156.48435252582317,16,training_log_20260320_063309.csv
2396,177.54285362233435,29,training_log_20260320_063309.csv
2397,142.53734141750215,45,training_log_20260320_063309.csv
2398,159.31052763864943,37,training_log_20260320_063309.csv
2399,181.9684251596248,29,training_log_20260320_063309.csv
2400,151.55467238142154,45,training_log_20260320_063309.csv
2401,201.42241226485044,54,training_log_20260320_063309.csv
2402,100.1698523027598,200,training_log_20260320_063309.csv
2403,7.438372541681284,200,training_log_20260320_063309.csv
2404,-51.457395955858765,200,training_log_20260320_063309.csv
2405,153.0323914853551,200,training_log_20260320_063309.csv
2406,235.0104392886628,48,training_log_20260320_063309.csv
2407,4.169220980794857,200,training_log_20260320_063309.csv
2408,179.96043152799365,36,training_log_20260320_063309.csv
2409,81.43136889721895,200,training_log_20260320_063309.csv
2410,126.01950556016224,22,training_log_20260320_063309.csv
2411,164.77756087895818,71,training_log_20260320_063309.csv
2412,173.86128288720596,30,training_log_20260320_063309.csv
2413,3.0616268275850738,200,training_log_20260320_063309.csv
2414,147.89854866233298,20,training_log_20260320_063309.csv
2415,30.151818329033173,200,training_log_20260320_063309.csv
2416,185.1371899720757,44,training_log_20260320_063309.csv
2417,167.72041873114398,22,training_log_20260320_063309.csv
2418,65.79806571618342,200,training_log_20260320_063309.csv
2419,29.21543593428199,200,training_log_20260320_063309.csv
2420,-237.4155454297293,130,training_log_20260320_063309.csv
2421,155.06623090572856,99,training_log_20260320_063309.csv
2422,177.67348019852074,42,training_log_20260320_063309.csv
2423,197.6922139532741,65,training_log_20260320_063309.csv
2424,183.0292816791322,78,training_log_20260320_063309.csv
2425,152.8501113134033,25,training_log_20260320_063309.csv
2426,173.81096789806526,23,training_log_20260320_063309.csv
2427,201.18271924505237,44,training_log_20260320_063309.csv
2428,54.45947338183997,200,training_log_20260320_063309.csv
2429,57.03614794982547,200,training_log_20260320_063309.csv
2430,-4.300165204597342,200,training_log_20260320_063309.csv
2431,78.786650261149,200,training_log_20260320_063309.csv
2432,201.3982935120076,53,training_log_20260320_063309.csv
2433,213.9330263329668,46,training_log_20260320_063309.csv
2434,200.8367335381191,38,training_log_20260320_063309.csv
2435,36.28218512738051,200,training_log_20260320_063309.csv
2436,168.25711235324712,46,training_log_20260320_063309.csv
2437,-12.96036226462016,200,training_log_20260320_063309.csv
2438,167.18162536014887,38,training_log_20260320_063309.csv
2439,-200.0,1,training_log_20260320_063309.csv
2440,137.6671222393322,92,training_log_20260320_063309.csv
2441,127.86947570732394,22,training_log_20260320_063309.csv
2442,154.29764589573745,69,training_log_20260320_063309.csv
2443,32.016046366290794,200,training_log_20260320_063309.csv
2444,72.96050576400974,200,training_log_20260320_063309.csv
2445,223.37139689559183,47,training_log_20260320_063309.csv
2446,-11.025857310858624,200,training_log_20260320_063309.csv
2447,199.93569703114844,34,training_log_20260320_063309.csv
2448,152.9772662513078,41,training_log_20260320_063309.csv
2449,-208.6189414474405,11,training_log_20260320_063309.csv
2450,45.52821987425617,200,training_log_20260320_063309.csv
2451,140.07010426437762,19,training_log_20260320_063309.csv
2452,171.55949043854736,41,training_log_20260320_063309.csv
2453,32.625933340062666,200,training_log_20260320_063309.csv
2454,148.37244570344464,23,training_log_20260320_063309.csv
2455,169.67427225579064,30,training_log_20260320_063309.csv
2456,168.5300727515285,69,training_log_20260320_063309.csv
2457,128.74670952020793,14,training_log_20260320_063309.csv
2458,158.0257444259816,32,training_log_20260320_063309.csv
2459,231.7653939511966,48,training_log_20260320_063309.csv
2460,192.7347609171399,40,training_log_20260320_063309.csv
2461,186.6548931245112,37,training_log_20260320_063309.csv
2462,52.01538836865742,200,training_log_20260320_063309.csv
2463,14.53921436923716,200,training_log_20260320_063309.csv
2464,186.23217176856764,51,training_log_20260320_063309.csv
2465,13.241752658955477,200,training_log_20260320_063309.csv
2466,187.18030742090605,53,training_log_20260320_063309.csv
2467,92.22749779501788,200,training_log_20260320_063309.csv
2468,150.14839926330677,28,training_log_20260320_063309.csv
2469,7.548783404934308,200,training_log_20260320_063309.csv
2470,-200.0,1,training_log_20260320_063309.csv
2471,159.60025341821662,48,training_log_20260320_063309.csv
2472,151.95128584364923,186,training_log_20260320_063309.csv
2473,186.43185959983956,50,training_log_20260320_063309.csv
2474,159.8029828501773,48,training_log_20260320_063309.csv
2475,118.06336152676316,8,training_log_20260320_063309.csv
2476,171.29521118899908,54,training_log_20260320_063309.csv
2477,152.4978875062208,31,training_log_20260320_063309.csv
2478,8.745913258739222,200,training_log_20260320_063309.csv
2479,79.96491142859355,200,training_log_20260320_063309.csv
2480,101.25451438267534,7,training_log_20260320_063309.csv
2481,-26.47113901403257,200,training_log_20260320_063309.csv
2482,23.04728184626868,200,training_log_20260320_063309.csv
2483,-18.41515202524411,200,training_log_20260320_063309.csv
2484,176.37017843429828,46,training_log_20260320_063309.csv
2485,154.13282500950692,53,training_log_20260320_063309.csv
2486,152.46282101127875,25,training_log_20260320_063309.csv
2487,184.784291615692,33,training_log_20260320_063309.csv
2488,172.69443578163248,32,training_log_20260320_063309.csv
2489,66.45779078325532,200,training_log_20260320_063309.csv
2490,-185.03774392245063,7,training_log_20260320_063309.csv
2491,69.5024833803891,200,training_log_20260320_063309.csv
2492,1.99337133072857,200,training_log_20260320_063309.csv
2493,100.60437525951292,200,training_log_20260320_063309.csv
2494,27.205604868511305,200,training_log_20260320_063309.csv
2495,156.62101657059495,32,training_log_20260320_063309.csv
2496,151.14247510941402,22,training_log_20260320_063309.csv
2497,-161.53923941218574,16,training_log_20260320_063309.csv
2498,-65.73179861373269,200,training_log_20260320_063309.csv
2499,136.61252000218406,44,training_log_20260320_063309.csv
2500,84.47522693607405,200,training_log_20260320_063309.csv
2501,115.65429617230826,28,training_log_20260320_063309.csv
2502,165.290424846797,63,training_log_20260320_063309.csv
2503,132.91067506283036,18,training_log_20260320_063309.csv
2504,165.29336122529978,39,training_log_20260320_063309.csv
2505,154.7730914359221,25,training_log_20260320_063309.csv
2506,190.8425081557994,72,training_log_20260320_063309.csv
2507,72.83239311697437,200,training_log_20260320_063309.csv
2508,125.83326482417716,200,training_log_20260320_063309.csv
2509,166.51324324209213,117,training_log_20260320_063309.csv
2510,-176.64922074510648,109,training_log_20260320_063309.csv
2511,204.85740987708817,49,training_log_20260320_063309.csv
2512,87.12875302863547,200,training_log_20260320_063309.csv
2513,210.35364173541592,48,training_log_20260320_063309.csv
2514,183.4039064225853,36,training_log_20260320_063309.csv
2515,241.47800879567765,52,training_log_20260320_063309.csv
2516,-2.9224340465959897,200,training_log_20260320_063309.csv
2517,150.3930656532227,39,training_log_20260320_063309.csv
2518,180.1639029881232,64,training_log_20260320_063309.csv
2519,-18.115104253431177,200,training_log_20260320_063309.csv
2520,55.42915668489373,200,training_log_20260320_063309.csv
2521,-22.85008087188106,200,training_log_20260320_063309.csv
2522,203.32377504126256,47,training_log_20260320_063309.csv
2523,70.0041764222029,200,training_log_20260320_063309.csv
2524,-138.46066789045216,24,training_log_20260320_063309.csv
2525,159.26013206019536,32,training_log_20260320_063309.csv
2526,23.689226634138628,200,training_log_20260320_063309.csv
2527,5.022876545306756,200,training_log_20260320_063309.csv
2528,-180.2370504263868,21,training_log_20260320_063309.csv
2529,-176.33113353196367,13,training_log_20260320_063309.csv
2530,43.17746592986325,200,training_log_20260320_063309.csv
2531,200.42109692959397,45,training_log_20260320_063309.csv
2532,170.28652259112857,32,training_log_20260320_063309.csv
2533,192.0193176365497,48,training_log_20260320_063309.csv
2534,-5.522273067898366,200,training_log_20260320_063309.csv
2535,216.46459261248452,43,training_log_20260320_063309.csv
2536,160.24694489443957,37,training_log_20260320_063309.csv
2537,-21.680001632019746,200,training_log_20260320_063309.csv
2538,-25.99144859538617,200,training_log_20260320_063309.csv
2539,138.5678257645089,25,training_log_20260320_063309.csv
2540,-21.993053719260697,200,training_log_20260320_063309.csv
2541,-155.16095640101173,32,training_log_20260320_063309.csv
2542,10.758651316713587,200,training_log_20260320_063309.csv
2543,108.31287675650232,200,training_log_20260320_063309.csv
2544,180.12641561718715,35,training_log_20260320_063309.csv
2545,115.75308408222776,200,training_log_20260320_063309.csv
2546,86.86684771259291,200,training_log_20260320_063309.csv
2547,-188.99811261561405,4,training_log_20260320_063309.csv
2548,163.10976739790524,53,training_log_20260320_063309.csv
2549,66.44336390628227,200,training_log_20260320_063309.csv
2550,167.16497701527123,40,training_log_20260320_063309.csv
2551,-192.3266946722627,85,training_log_20260320_063309.csv
2552,-199.32287265271583,2,training_log_20260320_063309.csv
2553,134.98335279702093,200,training_log_20260320_063309.csv
2554,218.97127437913755,135,training_log_20260320_063309.csv
2555,-0.1756158695146564,200,training_log_20260320_063309.csv
2556,-200.0,1,training_log_20260320_063309.csv
2557,74.59590596305496,200,training_log_20260320_063309.csv
2558,144.62857462738873,28,training_log_20260320_063309.csv
2559,142.21247826762433,78,training_log_20260320_063309.csv
2560,134.12540613413503,200,training_log_20260320_063309.csv
2561,36.00559830830651,200,training_log_20260320_063309.csv
2562,-198.72563792080783,143,training_log_20260320_063309.csv
2563,115.94003399650909,200,training_log_20260320_063309.csv
2564,-234.6579117227388,40,training_log_20260320_063309.csv
2565,-28.419292799000303,200,training_log_20260320_063309.csv
2566,165.9620451739673,33,training_log_20260320_063309.csv
2567,61.0531041790466,200,training_log_20260320_063309.csv
2568,39.829710685702366,200,training_log_20260320_063309.csv
2569,166.40748804698558,23,training_log_20260320_063309.csv
2570,136.15117753833425,21,training_log_20260320_063309.csv
2571,97.98035265886996,200,training_log_20260320_063309.csv
2572,36.77412980697398,200,training_log_20260320_063309.csv
2573,119.17168799284104,200,training_log_20260320_063309.csv
2574,140.28772861640238,30,training_log_20260320_063309.csv
2575,81.44323255602175,200,training_log_20260320_063309.csv
2576,190.19229890570347,34,training_log_20260320_063309.csv
2577,57.68060277351732,200,training_log_20260320_063309.csv
2578,60.28462756921982,200,training_log_20260320_063309.csv
2579,82.31851484147808,200,training_log_20260320_063309.csv
2580,231.72353737999745,52,training_log_20260320_063309.csv
2581,184.10494525712937,37,training_log_20260320_063309.csv
2582,242.84961099949848,167,training_log_20260320_063309.csv
2583,115.09948660557596,29,training_log_20260320_063309.csv
2584,141.77333600481282,31,training_log_20260320_063309.csv
2585,183.8926144636013,39,training_log_20260320_063309.csv
2586,14.35022560970514,200,training_log_20260320_063309.csv
2587,220.5735692850165,42,training_log_20260320_063309.csv
2588,32.59476705104314,200,training_log_20260320_063309.csv
2589,194.0689816612685,27,training_log_20260320_063309.csv
2590,207.6203223637574,35,training_log_20260320_063309.csv
2591,168.7198188660533,33,training_log_20260320_063309.csv
2592,-7.018491249867678,200,training_log_20260320_063309.csv
2593,84.5428533240292,200,training_log_20260320_063309.csv
2594,-168.27977252066617,17,training_log_20260320_063309.csv
2595,196.69310435756177,57,training_log_20260320_063309.csv
2596,-200.0,1,training_log_20260320_063309.csv
2597,174.45047552112425,28,training_log_20260320_063309.csv
2598,228.72649520730815,77,training_log_20260320_063309.csv
2599,172.57724284813253,23,training_log_20260320_063309.csv
2600,-184.71279291194497,6,training_log_20260320_063309.csv
2601,138.337419845628,53,training_log_20260320_063309.csv
2602,168.2389757353988,35,training_log_20260320_063309.csv
2603,154.90230686397706,35,training_log_20260320_063309.csv
2604,97.49117785532484,200,training_log_20260320_063309.csv
2605,193.52854436458904,41,training_log_20260320_063309.csv
2606,-3.229939393800462,200,training_log_20260320_063309.csv
2607,189.13934905619087,30,training_log_20260320_063309.csv
2608,8.27570907761272,200,training_log_20260320_063309.csv
2609,27.14141783178421,200,training_log_20260320_063309.csv
2610,195.64054012973287,48,training_log_20260320_063309.csv
2611,164.22773671670024,44,training_log_20260320_063309.csv
2612,49.12959134526579,200,training_log_20260320_063309.csv
2613,-200.0,1,training_log_20260320_063309.csv
2614,145.76978292411005,35,training_log_20260320_063309.csv
2615,191.50412184400187,34,training_log_20260320_063309.csv
2616,181.7508508196069,30,training_log_20260320_063309.csv
2617,136.27341063372455,200,training_log_20260320_063309.csv
2618,163.9955549517228,26,training_log_20260320_063309.csv
2619,255.4152856294787,57,training_log_20260320_063309.csv
2620,189.12134027053503,39,training_log_20260320_063309.csv
2621,164.00299926467034,32,training_log_20260320_063309.csv
2622,116.79276961885608,200,training_log_20260320_063309.csv
2623,74.23602045813321,200,training_log_20260320_063309.csv
2624,191.28114633727552,34,training_log_20260320_063309.csv
2625,177.32339322932648,30,training_log_20260320_063309.csv
2626,236.8111469469184,67,training_log_20260320_063309.csv
2627,163.64019109719396,25,training_log_20260320_063309.csv
2628,156.3399079934839,43,training_log_20260320_063309.csv
2629,128.9104774334015,82,training_log_20260320_063309.csv
2630,155.31260775425176,26,training_log_20260320_063309.csv
2631,169.87997471635407,23,training_log_20260320_063309.csv
2632,-200.0,1,training_log_20260320_063309.csv
2633,157.2020571283869,49,training_log_20260320_063309.csv
2634,46.00976874140525,200,training_log_20260320_063309.csv
2635,40.17220104514921,200,training_log_20260320_063309.csv
2636,182.0278135897709,29,training_log_20260320_063309.csv
2637,56.32681711357581,200,training_log_20260320_063309.csv
2638,61.852274656917714,200,training_log_20260320_063309.csv
2639,172.53876063479402,42,training_log_20260320_063309.csv
2640,188.37911589649173,31,training_log_20260320_063309.csv
2641,129.82336557102414,200,training_log_20260320_063309.csv
2642,92.3957337727576,200,training_log_20260320_063309.csv
2643,9.45829362916538,200,training_log_20260320_063309.csv
2644,193.99198199530068,65,training_log_20260320_063309.csv
2645,171.3872064190514,27,training_log_20260320_063309.csv
2646,166.90118280743758,24,training_log_20260320_063309.csv
2647,-16.89255490985998,200,training_log_20260320_063309.csv
2648,-22.37627958461156,200,training_log_20260320_063309.csv
2649,-34.84099783997273,200,training_log_20260320_063309.csv
2650,192.84558767988096,27,training_log_20260320_063309.csv
2651,34.8100544857785,200,training_log_20260320_063309.csv
2652,-180.1619663068792,22,training_log_20260320_063309.csv
2653,9.438783385761916,200,training_log_20260320_063309.csv
2654,29.44665327834187,200,training_log_20260320_063309.csv
2655,73.06683979054364,200,training_log_20260320_063309.csv
2656,14.40581587321268,200,training_log_20260320_063309.csv
2657,-67.00965266478309,200,training_log_20260320_063309.csv
2658,224.0382008090876,46,training_log_20260320_063309.csv
2659,37.47349551154034,200,training_log_20260320_063309.csv
2660,170.52285645055258,84,training_log_20260320_063309.csv
2661,167.65448107190275,42,training_log_20260320_063309.csv
2662,179.8905870195369,33,training_log_20260320_063309.csv
2663,100.98806922915183,200,training_log_20260320_063309.csv
2664,155.21627860632913,23,training_log_20260320_063309.csv
2665,-89.21772661242937,200,training_log_20260320_063309.csv
2666,78.6191764730003,200,training_log_20260320_063309.csv
2667,-182.1315627882226,6,training_log_20260320_063309.csv
2668,48.85537229662681,200,training_log_20260320_063309.csv
2669,193.01899224901592,31,training_log_20260320_063309.csv
2670,205.9907658764944,63,training_log_20260320_063309.csv
2671,164.0282864759302,25,training_log_20260320_063309.csv
2672,174.34725614482613,37,training_log_20260320_063309.csv
2673,217.47228992892911,42,training_log_20260320_063309.csv
2674,89.74756032934671,200,training_log_20260320_063309.csv
2675,225.50258421078743,45,training_log_20260320_063309.csv
2676,181.636822164608,27,training_log_20260320_063309.csv
2677,143.62484275529397,35,training_log_20260320_063309.csv
2678,198.1391256099676,36,training_log_20260320_063309.csv
2679,148.3578175239453,28,training_log_20260320_063309.csv
2680,34.14508945033729,200,training_log_20260320_063309.csv
2681,211.052036288438,58,training_log_20260320_063309.csv
2682,50.27317160932053,200,training_log_20260320_063309.csv
2683,186.5373140107812,32,training_log_20260320_063309.csv
2684,21.19856802910296,200,training_log_20260320_063309.csv
2685,144.38168247255243,26,training_log_20260320_063309.csv
2686,-59.25513571133681,105,training_log_20260320_063309.csv
2687,158.7240935929634,44,training_log_20260320_063309.csv
2688,216.14880074040957,41,training_log_20260320_063309.csv
2689,-200.0,1,training_log_20260320_063309.csv
2690,126.0989688987395,20,training_log_20260320_063309.csv
2691,-197.36448759596215,11,training_log_20260320_063309.csv
2692,186.1592050040377,56,training_log_20260320_063309.csv
2693,173.55569976920594,60,training_log_20260320_063309.csv
2694,20.201648457097004,200,training_log_20260320_063309.csv
2695,184.23705921016085,82,training_log_20260320_063309.csv
2696,177.02238491909765,33,training_log_20260320_063309.csv
2697,78.48497466222224,200,training_log_20260320_063309.csv
2698,180.263868744156,30,training_log_20260320_063309.csv
2699,23.52632426260751,200,training_log_20260320_063309.csv
2700,-147.40376834201618,21,training_log_20260320_063309.csv
2701,186.17142575557156,36,training_log_20260320_063309.csv
2702,179.68768856454483,39,training_log_20260320_063309.csv
2703,71.3956575033829,200,training_log_20260320_063309.csv
2704,-185.64757552730467,117,training_log_20260320_063309.csv
2705,134.26356556062535,44,training_log_20260320_063309.csv
2706,-200.0,1,training_log_20260320_063309.csv
2707,-1.8910352538471067,200,training_log_20260320_063309.csv
2708,-23.48543083276644,200,training_log_20260320_063309.csv
2709,62.43961373284807,200,training_log_20260320_063309.csv
2710,126.84400764288674,16,training_log_20260320_063309.csv
2711,-16.82924266027873,200,training_log_20260320_063309.csv
2712,225.989706125984,38,training_log_20260320_063309.csv
2713,28.225144543306843,200,training_log_20260320_063309.csv
2714,222.7170332184045,50,training_log_20260320_063309.csv
2715,191.792811643152,38,training_log_20260320_063309.csv
2716,207.9026348378835,38,training_log_20260320_063309.csv
2717,-170.47438548837584,9,training_log_20260320_063309.csv
2718,148.19416008258963,44,training_log_20260320_063309.csv
2719,157.09395513862123,31,training_log_20260320_063309.csv
2720,238.9936548979637,44,training_log_20260320_063309.csv
2721,-43.1751690112384,200,training_log_20260320_063309.csv
2722,138.4410781000655,75,training_log_20260320_063309.csv
2723,24.7025656712285,200,training_log_20260320_063309.csv
2724,-9.856250283351937,200,training_log_20260320_063309.csv
2725,77.99766382693417,200,training_log_20260320_063309.csv
2726,166.5733580603876,35,training_log_20260320_063309.csv
2727,32.85507788424282,200,training_log_20260320_063309.csv
2728,110.43958091657107,200,training_log_20260320_063309.csv
2729,167.78042914466812,101,training_log_20260320_063309.csv
2730,193.50104649287456,47,training_log_20260320_063309.csv
2731,21.230952452430166,200,training_log_20260320_063309.csv
2732,149.61426902929736,45,training_log_20260320_063309.csv
2733,52.6487338615132,200,training_log_20260320_063309.csv
2734,164.60797953365622,41,training_log_20260320_063309.csv
2735,106.0446843564968,13,training_log_20260320_063309.csv
2736,169.20605368359543,32,training_log_20260320_063309.csv
2737,96.45589051609556,38,training_log_20260320_063309.csv
2738,68.12756116230308,200,training_log_20260320_063309.csv
2739,165.36675949783051,27,training_log_20260320_063309.csv
2740,211.35374116807083,35,training_log_20260320_063309.csv
2741,-15.91473676054354,71,training_log_20260320_063309.csv
2742,-54.90526930023027,200,training_log_20260320_063309.csv
2743,175.8635924596698,46,training_log_20260320_063309.csv
2744,181.44801718257696,27,training_log_20260320_063309.csv
2745,-71.38684813225497,120,training_log_20260320_063309.csv
2746,199.913690136215,55,training_log_20260320_063309.csv
2747,25.01817940010861,200,training_log_20260320_063309.csv
2748,-200.0,1,training_log_20260320_063309.csv
2749,206.51634449503072,43,training_log_20260320_063309.csv
2750,195.922426416326,38,training_log_20260320_063309.csv
2751,-11.93647180409665,200,training_log_20260320_063309.csv
2752,4.3260443316486725,200,training_log_20260320_063309.csv
2753,160.78822872927643,29,training_log_20260320_063309.csv
2754,72.40608308822297,200,training_log_20260320_063309.csv
2755,-180.20272426952536,33,training_log_20260320_063309.csv
2756,169.08000767690203,41,training_log_20260320_063309.csv
2757,107.67192873657604,84,training_log_20260320_063309.csv
2758,58.74930116905609,200,training_log_20260320_063309.csv
2759,165.14034498624255,35,training_log_20260320_063309.csv
2760,-6.51361669317314,200,training_log_20260320_063309.csv
2761,34.28733378511232,200,training_log_20260320_063309.csv
2762,160.8559252143308,200,training_log_20260320_063309.csv
2763,48.669922952535664,200,training_log_20260320_063309.csv
2764,209.0844657417749,40,training_log_20260320_063309.csv
2765,114.0219669731394,200,training_log_20260320_063309.csv
2766,94.24579567829008,200,training_log_20260320_063309.csv
2767,178.68714702687544,35,training_log_20260320_063309.csv
2768,40.29262772973639,200,training_log_20260320_063309.csv
2769,-1.7761701791253497,200,training_log_20260320_063309.csv
2770,24.549948993050243,200,training_log_20260320_063309.csv
2771,71.90285982845607,200,training_log_20260320_063309.csv
2772,143.6466479337929,22,training_log_20260320_063309.csv
2773,1.3986562349662033,200,training_log_20260320_063309.csv
2774,187.91957008547573,41,training_log_20260320_063309.csv
2775,178.24486645472717,35,training_log_20260320_063309.csv
2776,64.6669990687253,200,training_log_20260320_063309.csv
2777,149.94581610768748,30,training_log_20260320_063309.csv
2778,199.09175654764505,36,training_log_20260320_063309.csv
2779,151.01154627404594,46,training_log_20260320_063309.csv
2780,36.643928599981,200,training_log_20260320_063309.csv
2781,144.80287980662445,19,training_log_20260320_063309.csv
2782,165.7678361725859,30,training_log_20260320_063309.csv
2783,-20.280994961661168,200,training_log_20260320_063309.csv
2784,43.15685224938373,200,training_log_20260320_063309.csv
2785,152.32970770776777,42,training_log_20260320_063309.csv
2786,39.157081647582906,200,training_log_20260320_063309.csv
2787,147.98086735169613,26,training_log_20260320_063309.csv
2788,-186.2244678459085,7,training_log_20260320_063309.csv
2789,-26.49829911901824,200,training_log_20260320_063309.csv
2790,132.33904177565284,26,training_log_20260320_063309.csv
2791,189.02467824469463,31,training_log_20260320_063309.csv
2792,96.7695868689894,200,training_log_20260320_063309.csv
2793,-183.42949121836156,14,training_log_20260320_063309.csv
2794,199.46722959732,37,training_log_20260320_063309.csv
2795,186.8244789610307,29,training_log_20260320_063309.csv
2796,256.39597126585005,57,training_log_20260320_063309.csv
2797,169.98552687911211,38,training_log_20260320_063309.csv
2798,182.6840903382213,36,training_log_20260320_063309.csv
2799,187.4559295339976,115,training_log_20260320_063309.csv
2800,129.4267339238294,58,training_log_20260320_063309.csv
2801,-3.565333208469106,160,training_log_20260320_063309.csv
2802,-200.0,1,training_log_20260320_063309.csv
2803,144.1088355008127,39,training_log_20260320_063309.csv
2804,165.21495589396426,31,training_log_20260320_063309.csv
2805,155.01526567981256,31,training_log_20260320_063309.csv
2806,-182.528275961312,13,training_log_20260320_063309.csv
2807,141.21432695555393,25,training_log_20260320_063309.csv
2808,210.52079689226727,39,training_log_20260320_063309.csv
2809,128.20510109057454,200,training_log_20260320_063309.csv
2810,173.1821868070473,30,training_log_20260320_063309.csv
2811,-76.49434736808823,200,training_log_20260320_063309.csv
2812,78.55372049799752,200,training_log_20260320_063309.csv
2813,165.1488914754419,38,training_log_20260320_063309.csv
2814,162.06718803612668,37,training_log_20260320_063309.csv
2815,-58.680702581392765,200,training_log_20260320_063309.csv
2816,-21.81248858118209,200,training_log_20260320_063309.csv
2817,152.6418600614748,26,training_log_20260320_063309.csv
2818,183.07139853656884,35,training_log_20260320_063309.csv
2819,89.61136392477755,137,training_log_20260320_063309.csv
2820,69.96286116805256,200,training_log_20260320_063309.csv
2821,26.302785414269103,200,training_log_20260320_063309.csv
2822,-165.13456283723673,56,training_log_20260320_063309.csv
2823,-178.15434426409328,138,training_log_20260320_063309.csv
2824,26.73256579291695,200,training_log_20260320_063309.csv
2825,45.32526167750074,200,training_log_20260320_063309.csv
2826,-56.69294872036099,200,training_log_20260320_063309.csv
2827,140.85315837089982,54,training_log_20260320_063309.csv
2828,44.43430685458095,200,training_log_20260320_063309.csv
2829,16.092704500929685,200,training_log_20260320_063309.csv
2830,-65.61865761672658,200,training_log_20260320_063309.csv
2831,116.58563516125068,50,training_log_20260320_063309.csv
2832,160.96542520590393,25,training_log_20260320_063309.csv
2833,199.4474964137578,72,training_log_20260320_063309.csv
2834,22.6985331859664,200,training_log_20260320_063309.csv
2835,163.0352063605935,29,training_log_20260320_063309.csv
2836,12.307872650074108,200,training_log_20260320_063309.csv
2837,-198.32008431047305,2,training_log_20260320_063309.csv
2838,34.73693154398462,200,training_log_20260320_063309.csv
2839,123.03328112907649,45,training_log_20260320_063309.csv
2840,-85.13951050413263,125,training_log_20260320_063309.csv
2841,54.918543179587374,200,training_log_20260320_063309.csv
2842,182.2163836403676,32,training_log_20260320_063309.csv
2843,150.34720743265217,68,training_log_20260320_063309.csv
2844,112.46521701510508,43,training_log_20260320_063309.csv
2845,-182.69631390805108,48,training_log_20260320_063309.csv
2846,37.18374148119605,200,training_log_20260320_063309.csv
2847,-182.32178377356385,13,training_log_20260320_063309.csv
2848,70.91050922905052,200,training_log_20260320_063309.csv
2849,11.75450980001855,200,training_log_20260320_063309.csv
2850,67.66007313343779,200,training_log_20260320_063309.csv
2851,183.00085849680192,30,training_log_20260320_063309.csv
2852,162.8303230166023,21,training_log_20260320_063309.csv
2853,173.4004698977023,35,training_log_20260320_063309.csv
2854,96.40411694008463,200,training_log_20260320_063309.csv
2855,150.57066955235854,66,training_log_20260320_063309.csv
2856,165.78127697025425,126,training_log_20260320_063309.csv
2857,208.8296383588857,47,training_log_20260320_063309.csv
2858,183.9394652322075,40,training_log_20260320_063309.csv
2859,157.37197135555397,77,training_log_20260320_063309.csv
2860,75.4175126491577,200,training_log_20260320_063309.csv
2861,169.66769998297588,34,training_log_20260320_063309.csv
2862,-42.20339949933854,200,training_log_20260320_063309.csv
2863,49.08542537326845,200,training_log_20260320_063309.csv
2864,-149.7189903513607,155,training_log_20260320_063309.csv
2865,53.955410222348895,200,training_log_20260320_063309.csv
2866,163.56860498505674,26,training_log_20260320_063309.csv
2867,90.24035531637236,98,training_log_20260320_063309.csv
2868,165.50514143492734,90,training_log_20260320_063309.csv
2869,53.33296553324404,200,training_log_20260320_063309.csv
2870,79.59651723156888,200,training_log_20260320_063309.csv
2871,44.59072786206974,200,training_log_20260320_063309.csv
2872,119.95988228407364,42,training_log_20260320_063309.csv
2873,172.75797209539508,38,training_log_20260320_063309.csv
2874,17.558823073806554,200,training_log_20260320_063309.csv
2875,19.890372712696184,200,training_log_20260320_063309.csv
2876,166.7416600109229,39,training_log_20260320_063309.csv
2877,128.72475410917465,200,training_log_20260320_063309.csv
2878,228.7648432758217,48,training_log_20260320_063309.csv
2879,-59.255127089213104,58,training_log_20260320_063309.csv
2880,208.7858788453804,46,training_log_20260320_063309.csv
2881,14.554115841415843,200,training_log_20260320_063309.csv
2882,160.1031885578745,46,training_log_20260320_063309.csv
2883,-200.0,1,training_log_20260320_063309.csv
2884,120.32806102576345,16,training_log_20260320_063309.csv
2885,176.8753883972335,38,training_log_20260320_063309.csv
2886,53.47789185101166,200,training_log_20260320_063309.csv
2887,68.78477843792285,200,training_log_20260320_063309.csv
2888,41.22993907531033,200,training_log_20260320_063309.csv
2889,194.1916450744152,36,training_log_20260320_063309.csv
2890,191.1208325503314,38,training_log_20260320_063309.csv
2891,185.2230639407166,63,training_log_20260320_063309.csv
2892,-2.6479479342623766,200,training_log_20260320_063309.csv
2893,62.14684037698316,200,training_log_20260320_063309.csv
2894,170.53170413647865,43,training_log_20260320_063309.csv
2895,102.05774304045514,200,training_log_20260320_063309.csv
2896,71.87005609473292,200,training_log_20260320_063309.csv
2897,160.961308915633,35,training_log_20260320_063309.csv
2898,173.9320832523182,25,training_log_20260320_063309.csv
2899,148.01174988838716,13,training_log_20260320_063309.csv
2900,216.9644514871466,44,training_log_20260320_063309.csv
2901,6.91079663714373,200,training_log_20260320_063309.csv
2902,111.5927089989326,200,training_log_20260320_063309.csv
2903,176.76618898410064,31,training_log_20260320_063309.csv
2904,-168.8466825262369,13,training_log_20260320_063309.csv
2905,172.10040750560265,37,training_log_20260320_063309.csv
2906,-177.5309139338492,10,training_log_20260320_063309.csv
2907,252.78892192900048,58,training_log_20260320_063309.csv
2908,30.052251390380476,200,training_log_20260320_063309.csv
2909,46.50518160658645,200,training_log_20260320_063309.csv
2910,163.03203549718862,46,training_log_20260320_063309.csv
2911,143.41256949939063,41,training_log_20260320_063309.csv
2912,167.07791098591034,48,training_log_20260320_063309.csv
2913,70.6304754364355,200,training_log_20260320_063309.csv
2914,136.22420275631106,30,training_log_20260320_063309.csv
2915,1.9994072358817656,200,training_log_20260320_063309.csv
2916,172.84289078690185,42,training_log_20260320_063309.csv
2917,227.2265795570154,41,training_log_20260320_063309.csv
2918,205.36606334808727,36,training_log_20260320_063309.csv
2919,-168.3692227388976,9,training_log_20260320_063309.csv
2920,-163.7294037289916,15,training_log_20260320_063309.csv
2921,13.67252473789883,200,training_log_20260320_063309.csv
2922,-200.0,1,training_log_20260320_063309.csv
2923,189.56134155699849,48,training_log_20260320_063309.csv
2924,170.68891788922176,47,training_log_20260320_063309.csv
2925,21.831423262890024,200,training_log_20260320_063309.csv
2926,202.9155534992196,60,training_log_20260320_063309.csv
2927,146.2522608080004,33,training_log_20260320_063309.csv
2928,-200.0,1,training_log_20260320_063309.csv
2929,192.1455914273781,48,training_log_20260320_063309.csv
2930,-200.0,1,training_log_20260320_063309.csv
2931,44.14218294129056,200,training_log_20260320_063309.csv
2932,-37.48087814537237,55,training_log_20260320_063309.csv
2933,161.21160160663274,41,training_log_20260320_063309.csv
2934,191.33548279108047,36,training_log_20260320_063309.csv
2935,132.61423369910426,32,training_log_20260320_063309.csv
2936,192.60444413761292,39,training_log_20260320_063309.csv
2937,161.8761440825666,54,training_log_20260320_063309.csv
2938,179.39576410005287,29,training_log_20260320_063309.csv
2939,67.25044418038479,200,training_log_20260320_063309.csv
2940,12.183262154935452,200,training_log_20260320_063309.csv
2941,239.5213751431295,50,training_log_20260320_063309.csv
2942,158.08241817021676,28,training_log_20260320_063309.csv
2943,181.7936324343029,42,training_log_20260320_063309.csv
2944,199.48356195560305,40,training_log_20260320_063309.csv
2945,279.3734720710892,60,training_log_20260320_063309.csv
2946,-2.9913590737651847,200,training_log_20260320_063309.csv
2947,154.6771185180528,142,training_log_20260320_063309.csv
2948,240.16287674871916,48,training_log_20260320_063309.csv
2949,118.6536240524809,39,training_log_20260320_063309.csv
2950,49.55608096657432,200,training_log_20260320_063309.csv
2951,-29.21858752091201,200,training_log_20260320_063309.csv
2952,176.54943328393168,45,training_log_20260320_063309.csv
2953,133.57831437477378,27,training_log_20260320_063309.csv
2954,18.00111826103266,200,training_log_20260320_063309.csv
2955,191.53288370008028,33,training_log_20260320_063309.csv
2956,149.60633265201255,24,training_log_20260320_063309.csv
2957,152.28944413669868,26,training_log_20260320_063309.csv
2958,162.03496913303212,28,training_log_20260320_063309.csv
2959,188.9072917590104,33,training_log_20260320_063309.csv
2960,-7.455284214862551,119,training_log_20260320_063309.csv
2961,193.809337285643,48,training_log_20260320_063309.csv
2962,-5.81363966304646,200,training_log_20260320_063309.csv
2963,167.47995511340707,39,training_log_20260320_063309.csv
2964,164.23718212492315,34,training_log_20260320_063309.csv
2965,248.03685994844707,48,training_log_20260320_063309.csv
2966,63.13297514723518,200,training_log_20260320_063309.csv
2967,163.86638636119693,22,training_log_20260320_063309.csv
2968,242.6342968365538,76,training_log_20260320_063309.csv
2969,39.85696134782238,200,training_log_20260320_063309.csv
2970,30.97480981509159,200,training_log_20260320_063309.csv
2971,177.93840990746182,49,training_log_20260320_063309.csv
2972,187.5293404398996,54,training_log_20260320_063309.csv
2973,102.41379444054613,15,training_log_20260320_063309.csv
2974,39.10721372263481,200,training_log_20260320_063309.csv
2975,183.5616767451905,27,training_log_20260320_063309.csv
2976,91.3806758283267,200,training_log_20260320_063309.csv
2977,-28.12232284172112,43,training_log_20260320_063309.csv
2978,11.119884400167315,200,training_log_20260320_063309.csv
2979,183.3733496042805,28,training_log_20260320_063309.csv
2980,160.03683213335054,29,training_log_20260320_063309.csv
2981,-95.03785772570824,156,training_log_20260320_063309.csv
2982,255.8891524826996,56,training_log_20260320_063309.csv
2983,7.410564733084131,200,training_log_20260320_063309.csv
2984,202.2442989883932,31,training_log_20260320_063309.csv
2985,165.71413166678278,80,training_log_20260320_063309.csv
2986,204.1756331572721,67,training_log_20260320_063309.csv
2987,182.20037624725137,32,training_log_20260320_063309.csv
2988,35.64005631407941,200,training_log_20260320_063309.csv
2989,82.29531474828144,200,training_log_20260320_063309.csv
2990,164.11578474020234,166,training_log_20260320_063309.csv
2991,18.63068693181021,200,training_log_20260320_063309.csv
2992,-183.33505333523095,200,training_log_20260320_063309.csv
2993,23.541927857586792,200,training_log_20260320_063309.csv
2994,165.04589592040116,21,training_log_20260320_063309.csv
2995,144.98939323110568,29,training_log_20260320_063309.csv
2996,60.14553164493669,200,training_log_20260320_063309.csv
2997,199.549579208931,40,training_log_20260320_063309.csv
2998,36.6267685238727,200,training_log_20260320_063309.csv
2999,119.46986378196615,29,training_log_20260320_063309.csv
3000,175.79539415145132,40,training_log_20260320_063309.csv
3001,37.52083469798964,200,training_log_20260320_063309.csv
3002,-31.309575433130718,50,training_log_20260320_063309.csv
3003,-110.57749998470824,62,training_log_20260320_063309.csv
3004,69.87880976888911,200,training_log_20260320_063309.csv
3005,45.87249659278752,200,training_log_20260320_063309.csv
3006,-30.525368056159277,200,training_log_20260320_063309.csv
3007,96.43120136496596,200,training_log_20260320_063309.csv
3008,119.3749554332192,200,training_log_20260320_063309.csv
3009,76.77235006867313,200,training_log_20260320_063309.csv
3010,162.32186676772218,89,training_log_20260320_063309.csv
3011,58.944245246313024,200,training_log_20260320_063309.csv
3012,152.52113769078542,46,training_log_20260320_063309.csv
3013,61.58953663038103,200,training_log_20260320_063309.csv
3014,16.717757818162436,200,training_log_20260320_063309.csv
3015,162.9322095280132,34,training_log_20260320_063309.csv
3016,164.52652452802724,39,training_log_20260320_063309.csv
3017,33.26844526276809,200,training_log_20260320_063309.csv
3018,163.0686272841869,27,training_log_20260320_063309.csv
3019,188.86998418060904,26,training_log_20260320_063309.csv
3020,162.36217343454837,32,training_log_20260320_063309.csv
3021,159.8438179816245,51,training_log_20260320_063309.csv
3022,-65.9281175751759,200,training_log_20260320_063309.csv
3023,53.41744420188179,200,training_log_20260320_063309.csv
3024,183.28657986583943,30,training_log_20260320_063309.csv
3025,22.04176395038681,200,training_log_20260320_063309.csv
3026,33.68408413522209,200,training_log_20260320_063309.csv
3027,142.42888831389732,15,training_log_20260320_063309.csv
3028,142.23024829176126,11,training_log_20260320_063309.csv
3029,239.6601733081484,79,training_log_20260320_063309.csv
3030,49.01517565359167,200,training_log_20260320_063309.csv
3031,177.61113654121397,95,training_log_20260320_063309.csv
3032,20.157422167066816,200,training_log_20260320_063309.csv
3033,178.8964552989062,40,training_log_20260320_063309.csv
3034,31.2644710057536,200,training_log_20260320_063309.csv
3035,20.921796547395896,200,training_log_20260320_063309.csv
3036,56.99945953556414,200,training_log_20260320_063309.csv
3037,39.793839118234246,200,training_log_20260320_063309.csv
3038,167.48884519013046,28,training_log_20260320_063309.csv
3039,144.7770704161779,52,training_log_20260320_063309.csv
3040,-185.0872593367161,14,training_log_20260320_063309.csv
3041,-28.96699055179444,200,training_log_20260320_063309.csv
3042,43.88190055201151,200,training_log_20260320_063309.csv
3043,70.03840498062613,200,training_log_20260320_063309.csv
3044,23.585976104282427,200,training_log_20260320_063309.csv
3045,95.2971502511797,200,training_log_20260320_063309.csv
3046,119.13571741333122,33,training_log_20260320_063309.csv
3047,61.94173680228722,200,training_log_20260320_063309.csv
3048,-66.31233172951742,37,training_log_20260320_063309.csv
3049,-124.81614722993643,66,training_log_20260320_063309.csv
3050,43.080692296850295,200,training_log_20260320_063309.csv
3051,-4.05824248860224,45,training_log_20260320_063309.csv
3052,67.99438065010509,200,training_log_20260320_063309.csv
3053,127.78312241405987,17,training_log_20260320_063309.csv
3054,-3.188148047217356,200,training_log_20260320_063309.csv
3055,-178.55605068551503,8,training_log_20260320_063309.csv
3056,56.81571766272603,200,training_log_20260320_063309.csv
3057,79.18826887613758,200,training_log_20260320_063309.csv
3058,84.88260099418828,200,training_log_20260320_063309.csv
3059,128.31842036147998,49,training_log_20260320_063309.csv
3060,17.014678246952574,200,training_log_20260320_063309.csv
3061,45.75768770778245,200,training_log_20260320_063309.csv
3062,50.59551708691063,200,training_log_20260320_063309.csv
3063,135.82453706734466,52,training_log_20260320_063309.csv
3064,134.3541930586272,19,training_log_20260320_063309.csv
3065,203.44204864996897,30,training_log_20260320_063309.csv
3066,162.57671988049336,46,training_log_20260320_063309.csv
3067,199.4552724188073,34,training_log_20260320_063309.csv
3068,-136.75807410744008,67,training_log_20260320_063309.csv
3069,238.4521361636096,55,training_log_20260320_063309.csv
3070,47.24435787608349,200,training_log_20260320_063309.csv
3071,46.88588970032195,200,training_log_20260320_063309.csv
3072,53.98685616259152,200,training_log_20260320_063309.csv
3073,33.09877931963071,200,training_log_20260320_063309.csv
3074,152.04135408869593,32,training_log_20260320_063309.csv
3075,-112.73306683362176,53,training_log_20260320_063309.csv
3076,170.7026320460522,119,training_log_20260320_063309.csv
3077,29.74424939814172,200,training_log_20260320_063309.csv
3078,5.722829854945525,200,training_log_20260320_063309.csv
3079,218.74254398264756,56,training_log_20260320_063309.csv
3080,203.8953273977164,46,training_log_20260320_063309.csv
3081,155.64793503537888,91,training_log_20260320_063309.csv
3082,34.198684827329096,200,training_log_20260320_063309.csv
3083,-74.09626770779445,90,training_log_20260320_063309.csv
3084,180.13866568937084,37,training_log_20260320_063309.csv
3085,67.85062477181219,200,training_log_20260320_063309.csv
3086,142.8997002668206,29,training_log_20260320_063309.csv
3087,147.39323568155913,33,training_log_20260320_063309.csv
3088,182.6650268277516,30,training_log_20260320_063309.csv
3089,202.7587655087972,34,training_log_20260320_063309.csv
3090,125.57290900522442,17,training_log_20260320_063309.csv
3091,177.67318303630032,37,training_log_20260320_063309.csv
3092,210.5758500430157,41,training_log_20260320_063309.csv
3093,30.315678432252444,200,training_log_20260320_063309.csv
3094,198.8897509937201,26,training_log_20260320_063309.csv
3095,90.58702484885454,200,training_log_20260320_063309.csv
3096,143.66690563510335,31,training_log_20260320_063309.csv
3097,153.4352769242281,38,training_log_20260320_063309.csv
3098,124.84517452169392,19,training_log_20260320_063309.csv
3099,-136.02148349389108,112,training_log_20260320_063309.csv
3100,-105.7708724393006,65,training_log_20260320_063309.csv
3101,30.13151111187422,200,training_log_20260320_063309.csv
3102,186.16549526918612,68,training_log_20260320_063309.csv
3103,198.51220024341524,48,training_log_20260320_063309.csv
3104,142.56381307181968,19,training_log_20260320_063309.csv
3105,177.1087962482452,38,training_log_20260320_063309.csv
3106,160.25986911990054,31,training_log_20260320_063309.csv
3107,-4.80336304019149,200,training_log_20260320_063309.csv
3108,20.294019769047075,200,training_log_20260320_063309.csv
3109,30.794826717712763,200,training_log_20260320_063309.csv
3110,40.24381295637719,200,training_log_20260320_063309.csv
3111,45.97866658905559,200,training_log_20260320_063309.csv
3112,184.9589790380072,35,training_log_20260320_063309.csv
3113,60.25913733898221,200,training_log_20260320_063309.csv
3114,-177.76063800895452,41,training_log_20260320_063309.csv
3115,174.49615946724083,36,training_log_20260320_063309.csv
3116,-17.908560848737856,200,training_log_20260320_063309.csv
3117,-49.47082037939867,200,training_log_20260320_063309.csv
3118,8.774725727987244,200,training_log_20260320_063309.csv
3119,213.10244506941623,107,training_log_20260320_063309.csv
3120,180.96231304167893,37,training_log_20260320_063309.csv
3121,211.605282368816,41,training_log_20260320_063309.csv
3122,150.00089073260665,26,training_log_20260320_063309.csv
3123,-156.898347113666,25,training_log_20260320_063309.csv
3124,39.4752391921677,200,training_log_20260320_063309.csv
3125,33.8083494203193,200,training_log_20260320_063309.csv
3126,83.25057447726242,200,training_log_20260320_063309.csv
3127,178.6942583676169,38,training_log_20260320_063309.csv
3128,130.8576761942223,200,training_log_20260320_063309.csv
3129,191.6544997274009,51,training_log_20260320_063309.csv
3130,-24.76044070902175,200,training_log_20260320_063309.csv
3131,45.1385755560348,200,training_log_20260320_063309.csv
3132,25.76896797514197,200,training_log_20260320_063309.csv
3133,-203.25881606218505,2,training_log_20260320_063309.csv
3134,41.16625051050015,200,training_log_20260320_063309.csv
3135,199.79727208196877,54,training_log_20260320_063309.csv
3136,158.33408027099102,48,training_log_20260320_063309.csv
3137,173.40018217622435,28,training_log_20260320_063309.csv
3138,19.92376533853036,200,training_log_20260320_063309.csv
3139,40.8859545323423,200,training_log_20260320_063309.csv
3140,117.89600495427143,200,training_log_20260320_063309.csv
3141,165.30806030526344,22,training_log_20260320_063309.csv
3142,128.43774085447828,71,training_log_20260320_063309.csv
3143,212.45293663628388,42,training_log_20260320_063309.csv
3144,117.51843419360718,200,training_log_20260320_063309.csv
3145,-0.6157283121193008,200,training_log_20260320_063309.csv
3146,76.62030613745898,200,training_log_20260320_063309.csv
3147,-143.95518661504627,30,training_log_20260320_063309.csv
3148,40.56745198517592,200,training_log_20260320_063309.csv
3149,-164.16853169468754,15,training_log_20260320_063309.csv
3150,38.37920993561417,200,training_log_20260320_063309.csv
3151,25.7328570549232,200,training_log_20260320_063309.csv
3152,-52.97517044587111,200,training_log_20260320_063309.csv
3153,251.047319140993,58,training_log_20260320_063309.csv
3154,37.6081277431319,200,training_log_20260320_063309.csv
3155,236.26635152517508,65,training_log_20260320_063309.csv
3156,21.610370478539487,200,training_log_20260320_063309.csv
3157,64.48203694389827,200,training_log_20260320_063309.csv
3158,35.468186930511955,200,training_log_20260320_063309.csv
3159,195.35866003802565,55,training_log_20260320_063309.csv
3160,146.75960601543574,139,training_log_20260320_063309.csv
3161,51.52188308051833,200,training_log_20260320_063309.csv
3162,-31.57340357066258,72,training_log_20260320_063309.csv
3163,29.339953029928623,200,training_log_20260320_063309.csv
3164,-19.17659950705169,59,training_log_20260320_063309.csv
3165,-207.49736175081097,40,training_log_20260320_063309.csv
3166,-197.4108007256621,3,training_log_20260320_063309.csv
3167,134.9801396508426,40,training_log_20260320_063309.csv
3168,180.4703225921889,32,training_log_20260320_063309.csv
3169,189.3844777515251,48,training_log_20260320_063309.csv
3170,142.291050144459,51,training_log_20260320_063309.csv
3171,-14.331920223707748,200,training_log_20260320_063309.csv
3172,178.31087295647987,29,training_log_20260320_063309.csv
3173,143.4760363052266,19,training_log_20260320_063309.csv
3174,81.27087639859472,200,training_log_20260320_063309.csv
3175,182.41691688124143,25,training_log_20260320_063309.csv
3176,25.22973117472493,200,training_log_20260320_063309.csv
3177,55.50667139099412,200,training_log_20260320_063309.csv
3178,36.70181735709853,200,training_log_20260320_063309.csv
3179,191.17647525142752,126,training_log_20260320_063309.csv
3180,144.11319117473158,55,training_log_20260320_063309.csv
3181,176.75926132173203,147,training_log_20260320_063309.csv
3182,-200.0,1,training_log_20260320_063309.csv
3183,37.15036824633884,200,training_log_20260320_063309.csv
3184,173.35203323064587,31,training_log_20260320_063309.csv
3185,153.0913807129079,94,training_log_20260320_063309.csv
3186,201.71539834985,23,training_log_20260320_063309.csv
3187,30.72057686042412,200,training_log_20260320_063309.csv
3188,147.2416906537389,102,training_log_20260320_063309.csv
3189,125.9725505946483,14,training_log_20260320_063309.csv
3190,132.33723888305826,53,training_log_20260320_063309.csv
3191,145.3164919535868,29,training_log_20260320_063309.csv
3192,-15.072730672145616,200,training_log_20260320_063309.csv
3193,269.99552586849234,80,training_log_20260320_063309.csv
3194,143.30530637809437,20,training_log_20260320_063309.csv
3195,214.70564290530208,53,training_log_20260320_063309.csv
3196,-171.57249641353536,38,training_log_20260320_063309.csv
3197,-179.812931541306,6,training_log_20260320_063309.csv
3198,125.36036681862782,106,training_log_20260320_063309.csv
3199,43.41905861078409,200,training_log_20260320_063309.csv
3200,-3.545348010109393,123,training_log_20260320_063309.csv
3201,91.6355370095932,200,training_log_20260320_063309.csv
3202,57.63963311434595,200,training_log_20260320_063309.csv
3203,182.61046464768205,35,training_log_20260320_063309.csv
3204,28.20171079083049,200,training_log_20260320_063309.csv
3205,184.9597110970584,193,training_log_20260320_063309.csv
3206,-200.0,1,training_log_20260320_063309.csv
3207,56.00569751415056,200,training_log_20260320_063309.csv
3208,186.98065854071004,71,training_log_20260320_063309.csv
3209,159.4775608920125,47,training_log_20260320_063309.csv
3210,168.71909461553264,31,training_log_20260320_063309.csv
3211,132.43616523159596,40,training_log_20260320_063309.csv
3212,-188.89152738913896,4,training_log_20260320_063309.csv
3213,166.77252645742905,35,training_log_20260320_063309.csv
3214,57.07770357389677,61,training_log_20260320_063309.csv
3215,45.43883739228609,200,training_log_20260320_063309.csv
3216,12.968677208379011,200,training_log_20260320_063309.csv
3217,170.8017439112682,28,training_log_20260320_063309.csv
3218,165.93024684028745,22,training_log_20260320_063309.csv
3219,57.127469760856656,200,training_log_20260320_063309.csv
3220,85.70519334338938,200,training_log_20260320_063309.csv
3221,150.10099182390212,23,training_log_20260320_063309.csv
3222,6.176805748780104,200,training_log_20260320_063309.csv
3223,173.34083847267527,67,training_log_20260320_063309.csv
3224,152.1819162678839,72,training_log_20260320_063309.csv
3225,62.282062971933634,200,training_log_20260320_063309.csv
3226,115.80651353784536,78,training_log_20260320_063309.csv
3227,-119.46186386856344,27,training_log_20260320_063309.csv
3228,166.10476189747976,25,training_log_20260320_063309.csv
3229,185.5843169999034,45,training_log_20260320_063309.csv
3230,24.75712291633989,200,training_log_20260320_063309.csv
3231,100.0,1,training_log_20260320_063309.csv
3232,97.7837504708007,200,training_log_20260320_063309.csv
3233,62.65996673240416,200,training_log_20260320_063309.csv
3234,51.468290180510586,200,training_log_20260320_063309.csv
3235,210.4228136836902,90,training_log_20260320_063309.csv
3236,8.409410581730771,200,training_log_20260320_063309.csv
3237,162.3105135220532,55,training_log_20260320_063309.csv
3238,61.68039169078725,200,training_log_20260320_063309.csv
3239,194.894966009488,104,training_log_20260320_063309.csv
3240,-1.8812253774164545,200,training_log_20260320_063309.csv
3241,-9.968145211986355,200,training_log_20260320_063309.csv
3242,-21.998821827260148,200,training_log_20260320_063309.csv
3243,181.02432028486984,45,training_log_20260320_063309.csv
3244,-25.84899226226443,200,training_log_20260320_063309.csv
3245,-176.99201791757648,12,training_log_20260320_063309.csv
3246,194.5313932965168,47,training_log_20260320_063309.csv
3247,37.4661789991212,200,training_log_20260320_063309.csv
3248,189.30941316392915,35,training_log_20260320_063309.csv
3249,46.40692472163029,200,training_log_20260320_063309.csv
3250,3.4304906422795263,200,training_log_20260320_063309.csv
3251,58.15856448340055,200,training_log_20260320_063309.csv
3252,51.55659284182501,200,training_log_20260320_063309.csv
3253,73.96203755664416,200,training_log_20260320_063309.csv
3254,66.60468047491163,200,training_log_20260320_063309.csv
3255,29.180367645926975,200,training_log_20260320_063309.csv
3256,153.83962520029186,24,training_log_20260320_063309.csv
3257,52.19709596956683,200,training_log_20260320_063309.csv
3258,21.96828272944682,200,training_log_20260320_063309.csv
3259,-25.895509318988346,200,training_log_20260320_063309.csv
3260,128.20940909991086,16,training_log_20260320_063309.csv
3261,166.82048606088094,58,training_log_20260320_063309.csv
3262,68.42334594547042,200,training_log_20260320_063309.csv
3263,-54.96551130413965,200,training_log_20260320_063309.csv
3264,142.2623054909665,200,training_log_20260320_063309.csv
3265,38.74118170581433,200,training_log_20260320_063309.csv
3266,10.716947396313431,200,training_log_20260320_063309.csv
3267,0.1395651003588994,200,training_log_20260320_063309.csv
3268,-200.0,1,training_log_20260320_063309.csv
3269,71.05104316259717,200,training_log_20260320_063309.csv
3270,4.016586716324491,200,training_log_20260320_063309.csv
3271,3.372738299689369,200,training_log_20260320_063309.csv
3272,40.83389468558427,200,training_log_20260320_063309.csv
3273,95.5490222703943,200,training_log_20260320_063309.csv
3274,78.6178985063692,200,training_log_20260320_063309.csv
3275,169.51310625637288,39,training_log_20260320_063309.csv
3276,243.13377015975516,64,training_log_20260320_063309.csv
3277,76.3425594269964,200,training_log_20260320_063309.csv
3278,193.0176629827621,40,training_log_20260320_063309.csv
3279,166.94220720262666,77,training_log_20260320_063309.csv
3280,24.435011598707504,200,training_log_20260320_063309.csv
3281,46.63856753696037,200,training_log_20260320_063309.csv
3282,64.40190472349511,200,training_log_20260320_063309.csv
3283,42.75402664310095,200,training_log_20260320_063309.csv
3284,-14.612814529500696,200,training_log_20260320_063309.csv
3285,-10.407470495533069,200,training_log_20260320_063309.csv
3286,40.61020662890743,200,training_log_20260320_063309.csv
3287,22.146272195204464,200,training_log_20260320_063309.csv
3288,167.89806564938343,25,training_log_20260320_063309.csv
3289,178.1157203410229,51,training_log_20260320_063309.csv
3290,10.962718953102335,200,training_log_20260320_063309.csv
3291,64.66084103421021,200,training_log_20260320_063309.csv
3292,38.89873464189746,200,training_log_20260320_063309.csv
3293,164.0401857108807,63,training_log_20260320_063309.csv
3294,17.87342850865436,200,training_log_20260320_063309.csv
3295,43.58619587549873,200,training_log_20260320_063309.csv
3296,137.89683189104656,50,training_log_20260320_063309.csv
3297,20.817623298686392,200,training_log_20260320_063309.csv
3298,165.55936433791487,44,training_log_20260320_063309.csv
3299,57.36826126334087,200,training_log_20260320_063309.csv
3300,-200.0,1,training_log_20260320_063309.csv
3301,8.65018040592819,200,training_log_20260320_063309.csv
3302,202.8887059510654,52,training_log_20260320_063309.csv
3303,-39.3695090736613,200,training_log_20260320_063309.csv
3304,157.32857275888273,38,training_log_20260320_063309.csv
3305,94.33526748937972,200,training_log_20260320_063309.csv
3306,-200.0,1,training_log_20260320_063309.csv
3307,64.47056030756059,200,training_log_20260320_063309.csv
3308,128.63884995570265,15,training_log_20260320_063309.csv
3309,192.57976546000668,38,training_log_20260320_063309.csv
3310,151.28083103397114,85,training_log_20260320_063309.csv
3311,60.85077328819352,200,training_log_20260320_063309.csv
3312,158.3233087440978,95,training_log_20260320_063309.csv
3313,-33.45992767830708,200,training_log_20260320_063309.csv
3314,17.359870206333678,200,training_log_20260320_063309.csv
3315,91.62331543222972,200,training_log_20260320_063309.csv
3316,172.10791713922424,36,training_log_20260320_063309.csv
3317,46.26420243764096,200,training_log_20260320_063309.csv
3318,154.7918791620035,59,training_log_20260320_063309.csv
3319,55.507449217642495,200,training_log_20260320_063309.csv
3320,170.24452339528108,20,training_log_20260320_063309.csv
3321,7.858781529152676,200,training_log_20260320_063309.csv
3322,201.7551322598464,41,training_log_20260320_063309.csv
3323,25.730510791639592,200,training_log_20260320_063309.csv
3324,-200.0,1,training_log_20260320_063309.csv
3325,66.32790709309286,200,training_log_20260320_063309.csv
3326,160.03007057410255,49,training_log_20260320_063309.csv
3327,35.305465723957795,200,training_log_20260320_063309.csv
3328,174.92087533743012,47,training_log_20260320_063309.csv
3329,-45.56903399484159,200,training_log_20260320_063309.csv
3330,107.7095624801562,200,training_log_20260320_063309.csv
3331,108.99220927667884,200,training_log_20260320_063309.csv
3332,49.58601827651497,200,training_log_20260320_063309.csv
3333,54.0163874841118,200,training_log_20260320_063309.csv
3334,199.5086385891888,93,training_log_20260320_063309.csv
3335,238.0870294583697,63,training_log_20260320_063309.csv
3336,9.398032200195429,200,training_log_20260320_063309.csv
3337,58.41141838103334,200,training_log_20260320_063309.csv
3338,194.9126682215289,44,training_log_20260320_063309.csv
3339,109.2509856964091,103,training_log_20260320_063309.csv
3340,237.86633018153336,67,training_log_20260320_063309.csv
3341,25.18745191371797,200,training_log_20260320_063309.csv
3342,16.890911435920458,200,training_log_20260320_063309.csv
3343,159.0046728873702,162,training_log_20260320_063309.csv
3344,188.14302841503724,34,training_log_20260320_063309.csv
3345,-29.35313798733643,200,training_log_20260320_063309.csv
3346,-200.0,1,training_log_20260320_063309.csv
3347,51.492346671340194,200,training_log_20260320_063309.csv
3348,18.17407233972472,200,training_log_20260320_063309.csv
3349,13.147797221099468,200,training_log_20260320_063309.csv
3350,-8.005700997676078,200,training_log_20260320_063309.csv
3351,40.5395355487648,200,training_log_20260320_063309.csv
3352,192.85595001951037,38,training_log_20260320_063309.csv
3353,49.73398962695823,200,training_log_20260320_063309.csv
3354,-38.19054310206992,200,training_log_20260320_063309.csv
3355,136.31380678720254,83,training_log_20260320_063309.csv
3356,158.66577394748072,106,training_log_20260320_063309.csv
3357,181.15468911470464,31,training_log_20260320_063309.csv
3358,161.96810969178688,52,training_log_20260320_063309.csv
3359,11.842826878366855,200,training_log_20260320_063309.csv
3360,179.8928412422298,141,training_log_20260320_063309.csv
3361,117.87200133084436,200,training_log_20260320_063309.csv
3362,43.03922956593252,200,training_log_20260320_063309.csv
3363,95.54992421635052,200,training_log_20260320_063309.csv
3364,-200.0,1,training_log_20260320_063309.csv
3365,4.244588128539046,200,training_log_20260320_063309.csv
3366,12.00277519249588,200,training_log_20260320_063309.csv
3367,-175.79091216424624,19,training_log_20260320_063309.csv
3368,22.454269229173825,200,training_log_20260320_063309.csv
3369,29.50736936081745,200,training_log_20260320_063309.csv
3370,58.29462681657791,200,training_log_20260320_063309.csv
3371,44.21895902464533,200,training_log_20260320_063309.csv
3372,40.2538171475738,200,training_log_20260320_063309.csv
3373,51.05165618902567,200,training_log_20260320_063309.csv
3374,-80.8801957026506,200,training_log_20260320_063309.csv
3375,64.99798053941905,200,training_log_20260320_063309.csv
3376,-23.211019250902016,200,training_log_20260320_063309.csv
3377,1.9862886806667623,200,training_log_20260320_063309.csv
3378,120.29579498959106,200,training_log_20260320_063309.csv
3379,179.94476640611015,32,training_log_20260320_063309.csv
3380,-2.3835989632093115,200,training_log_20260320_063309.csv
3381,28.59405025275534,200,training_log_20260320_063309.csv
3382,5.649063290751259,200,training_log_20260320_063309.csv
3383,-6.588865419838772,200,training_log_20260320_063309.csv
3384,208.9681346345878,73,training_log_20260320_063309.csv
3385,43.93084621505221,200,training_log_20260320_063309.csv
3386,36.17745277215565,200,training_log_20260320_063309.csv
3387,21.196394333467698,200,training_log_20260320_063309.csv
3388,6.335807345053139,200,training_log_20260320_063309.csv
3389,10.604082671009204,200,training_log_20260320_063309.csv
3390,10.47147819441203,200,training_log_20260320_063309.csv
3391,34.21756132880844,200,training_log_20260320_063309.csv
3392,66.8047056414419,200,training_log_20260320_063309.csv
3393,47.008804288861135,200,training_log_20260320_063309.csv
3394,226.972092397696,74,training_log_20260320_063309.csv
3395,27.164407550469168,200,training_log_20260320_063309.csv
3396,51.89970463885638,200,training_log_20260320_063309.csv
3397,11.895886515976388,200,training_log_20260320_063309.csv
3398,50.02633798445661,200,training_log_20260320_063309.csv
3399,-67.41008816004357,200,training_log_20260320_063309.csv
3400,72.7714766129883,200,training_log_20260320_063309.csv
3401,121.64657032156953,80,training_log_20260320_063309.csv
3402,213.75064527085647,120,training_log_20260320_063309.csv
3403,156.40652801221955,49,training_log_20260320_063309.csv
3404,-218.41089698058013,69,training_log_20260320_063309.csv
3405,52.90739021420137,200,training_log_20260320_063309.csv
3406,134.4150839089694,31,training_log_20260320_063309.csv
3407,5.331533260507982,63,training_log_20260320_063309.csv
3408,-27.620257506317763,200,training_log_20260320_063309.csv
3409,187.24551697652527,41,training_log_20260320_063309.csv
3410,-6.370505385858613,200,training_log_20260320_063309.csv
3411,170.0046199359964,32,training_log_20260320_063309.csv
3412,135.50673371492672,181,training_log_20260320_063309.csv
3413,-200.0,1,training_log_20260320_063309.csv
3414,201.58573763284824,128,training_log_20260320_063309.csv
3415,5.530395540889839,200,training_log_20260320_063309.csv
3416,148.62376142272487,35,training_log_20260320_063309.csv
3417,106.13802932903371,200,training_log_20260320_063309.csv
3418,172.23698305443253,98,training_log_20260320_063309.csv
3419,63.68301126391263,200,training_log_20260320_063309.csv
3420,62.93553836786872,91,training_log_20260320_063309.csv
3421,27.885487449469107,200,training_log_20260320_063309.csv
3422,56.81712152119044,200,training_log_20260320_063309.csv
3423,188.25548692401875,33,training_log_20260320_063309.csv
3424,141.0388921322409,63,training_log_20260320_063309.csv
3425,146.77686645810968,33,training_log_20260320_063309.csv
3426,59.89175795172217,200,training_log_20260320_063309.csv
3427,167.82125463932346,28,training_log_20260320_063309.csv
3428,183.2004150683704,43,training_log_20260320_063309.csv
3429,43.11818198153365,200,training_log_20260320_063309.csv
3430,65.25890865479793,200,training_log_20260320_063309.csv
3431,40.48513484075304,200,training_log_20260320_063309.csv
3432,25.00994550972745,200,training_log_20260320_063309.csv
3433,45.863305103899705,66,training_log_20260320_063309.csv
3434,59.737196462496826,200,training_log_20260320_063309.csv
3435,-28.25216465282396,200,training_log_20260320_063309.csv
3436,144.85941153375748,200,training_log_20260320_063309.csv
3437,21.143561527294118,200,training_log_20260320_063309.csv
3438,192.16415489771956,33,training_log_20260320_063309.csv
3439,143.66776502596574,28,training_log_20260320_063309.csv
3440,178.05895693474378,43,training_log_20260320_063309.csv
3441,188.4845813876455,43,training_log_20260320_063309.csv
3442,187.98953485993204,72,training_log_20260320_063309.csv
3443,145.8801708138495,30,training_log_20260320_063309.csv
3444,14.752950852463693,200,training_log_20260320_063309.csv
3445,-6.174290841131837,200,training_log_20260320_063309.csv
3446,5.97897363271654,200,training_log_20260320_063309.csv
3447,21.291342827919667,200,training_log_20260320_063309.csv
3448,70.78335193897718,200,training_log_20260320_063309.csv
3449,-27.12810956051451,200,training_log_20260320_063309.csv
3450,167.02929029533243,104,training_log_20260320_063309.csv
3451,57.20193605202204,200,training_log_20260320_063309.csv
3452,129.8190973292456,200,training_log_20260320_063309.csv
3453,95.90644514388944,200,training_log_20260320_063309.csv
3454,190.50989930192404,32,training_log_20260320_063309.csv
3455,10.687764645143613,200,training_log_20260320_063309.csv
3456,138.2618625115563,200,training_log_20260320_063309.csv
3457,56.036770022643566,200,training_log_20260320_063309.csv
3458,31.160729999866845,200,training_log_20260320_063309.csv
3459,5.320662660243791,200,training_log_20260320_063309.csv
3460,200.4575168475558,33,training_log_20260320_063309.csv
3461,-2.1130646447367045,200,training_log_20260320_063309.csv
3462,156.08692374749774,26,training_log_20260320_063309.csv
3463,-6.763548069050453,200,training_log_20260320_063309.csv
3464,37.90200866424704,200,training_log_20260320_063309.csv
3465,158.01616816408847,92,training_log_20260320_063309.csv
3466,50.16931534662037,200,training_log_20260320_063309.csv
3467,28.574481870423643,200,training_log_20260320_063309.csv
3468,201.0825855722329,38,training_log_20260320_063309.csv
3469,-174.19860502452116,14,training_log_20260320_063309.csv
3470,98.785725645581,38,training_log_20260320_063309.csv
3471,176.2364810899291,23,training_log_20260320_063309.csv
3472,19.97306846131494,200,training_log_20260320_063309.csv
3473,185.4504967143973,50,training_log_20260320_063309.csv
3474,157.92572718143367,23,training_log_20260320_063309.csv
3475,1.772207469396765,200,training_log_20260320_063309.csv
3476,3.624868474653348,200,training_log_20260320_063309.csv
3477,162.62679947941163,27,training_log_20260320_063309.csv
3478,49.81648986895959,200,training_log_20260320_063309.csv
3479,140.51899258913397,15,training_log_20260320_063309.csv
3480,44.99512526207975,200,training_log_20260320_063309.csv
3481,-248.57046230283785,150,training_log_20260320_063309.csv
3482,-72.638287155433,200,training_log_20260320_063309.csv
3483,200.68532359900823,35,training_log_20260320_063309.csv
3484,48.129106333242525,200,training_log_20260320_063309.csv
3485,-189.22478387981016,63,training_log_20260320_063309.csv
3486,-39.29812787919054,200,training_log_20260320_063309.csv
3487,217.5163573535209,52,training_log_20260320_063309.csv
3488,175.2112232742398,44,training_log_20260320_063309.csv
3489,157.61754538366142,34,training_log_20260320_063309.csv
3490,174.37952347456945,53,training_log_20260320_063309.csv
3491,181.18894938407908,29,training_log_20260320_063309.csv
3492,53.02282486298763,200,training_log_20260320_063309.csv
3493,50.3351102720069,200,training_log_20260320_063309.csv
3494,140.73265171430853,37,training_log_20260320_063309.csv
3495,16.70011656092092,200,training_log_20260320_063309.csv
3496,125.01395214316474,28,training_log_20260320_063309.csv
3497,53.39452622495508,200,training_log_20260320_063309.csv
3498,49.26660935047876,200,training_log_20260320_063309.csv
3499,127.26293485494482,38,training_log_20260320_063309.csv
3500,182.35340175425347,95,training_log_20260320_063309.csv
3501,184.7128753192347,94,training_log_20260320_063309.csv
3502,210.9673290949366,70,training_log_20260320_063309.csv
3503,-31.551496667307205,200,training_log_20260320_063309.csv
3504,-10.872842442154766,200,training_log_20260320_063309.csv
3505,192.41068726701445,42,training_log_20260320_063309.csv
3506,-151.9270195747274,26,training_log_20260320_063309.csv
3507,35.66733345591447,200,training_log_20260320_063309.csv
3508,180.1559869388264,41,training_log_20260320_063309.csv
3509,165.22835094754186,91,training_log_20260320_063309.csv
3510,48.83107843027639,200,training_log_20260320_063309.csv
3511,42.32908923058516,200,training_log_20260320_063309.csv
3512,155.2698597695488,41,training_log_20260320_063309.csv
3513,191.22432421585296,26,training_log_20260320_063309.csv
3514,29.071787444310853,200,training_log_20260320_063309.csv
3515,-11.401105770937654,200,training_log_20260320_063309.csv
3516,-1.79309033929451,200,training_log_20260320_063309.csv
3517,83.54254884937916,200,training_log_20260320_063309.csv
3518,62.93635029995498,200,training_log_20260320_063309.csv
3519,168.29470911475258,69,training_log_20260320_063309.csv
3520,-200.0,1,training_log_20260320_063309.csv
3521,6.486644224795955,200,training_log_20260320_063309.csv
3522,167.8787209007574,30,training_log_20260320_063309.csv
3523,164.99731061763276,37,training_log_20260320_063309.csv
3524,141.53442825515833,200,training_log_20260320_063309.csv
3525,23.00531308020778,200,training_log_20260320_063309.csv
3526,-18.6128174027845,200,training_log_20260320_063309.csv
3527,-0.221895728378805,200,training_log_20260320_063309.csv
3528,85.79876826566309,200,training_log_20260320_063309.csv
3529,221.10013299706063,45,training_log_20260320_063309.csv
3530,143.3186837800705,32,training_log_20260320_063309.csv
3531,179.81964461220213,44,training_log_20260320_063309.csv
3532,-9.071600975392192,200,training_log_20260320_063309.csv
3533,171.69221362206275,24,training_log_20260320_063309.csv
3534,0.7363824218877356,200,training_log_20260320_063309.csv
3535,183.0004874540403,37,training_log_20260320_063309.csv
3536,155.1961353458793,24,training_log_20260320_063309.csv
3537,158.0934403113922,22,training_log_20260320_063309.csv
3538,61.11247355348245,200,training_log_20260320_063309.csv
3539,-200.0,1,training_log_20260320_063309.csv
3540,154.8686910324854,26,training_log_20260320_063309.csv
3541,29.33407510982269,200,training_log_20260320_063309.csv
3542,68.4934849279938,200,training_log_20260320_063309.csv
3543,-124.89858340426947,131,training_log_20260320_063309.csv
3544,177.02176642562813,28,training_log_20260320_063309.csv
3545,53.526951869348935,200,training_log_20260320_063309.csv
3546,-200.0,1,training_log_20260320_063309.csv
3547,-200.0,1,training_log_20260320_063309.csv
3548,45.53724043001196,200,training_log_20260320_063309.csv
3549,147.80409657578312,200,training_log_20260320_063309.csv
3550,-3.053268710032798,200,training_log_20260320_063309.csv
3551,210.10923008204128,37,training_log_20260320_063309.csv
3552,182.6940941057379,30,training_log_20260320_063309.csv
3553,-26.436137042470225,200,training_log_20260320_063309.csv
3554,210.8795383122444,60,training_log_20260320_063309.csv
3555,206.59904305127463,39,training_log_20260320_063309.csv
3556,-200.0,1,training_log_20260320_063309.csv
3557,30.565384564363303,200,training_log_20260320_063309.csv
3558,118.5203850291762,200,training_log_20260320_063309.csv
3559,-162.51927016645593,11,training_log_20260320_063309.csv
3560,166.5471924335847,33,training_log_20260320_063309.csv
3561,159.64202962737676,31,training_log_20260320_063309.csv
3562,153.38181232682862,22,training_log_20260320_063309.csv
3563,157.8593880982304,23,training_log_20260320_063309.csv
3564,148.78127117261857,200,training_log_20260320_063309.csv
3565,162.36623363013467,70,training_log_20260320_063309.csv
3566,-196.75803253735128,6,training_log_20260320_063309.csv
3567,190.4855736654192,31,training_log_20260320_063309.csv
3568,155.28299153137272,28,training_log_20260320_063309.csv
3569,174.2264568938299,27,training_log_20260320_063309.csv
3570,25.59749505204901,200,training_log_20260320_063309.csv
3571,17.86646382268441,200,training_log_20260320_063309.csv
3572,179.17511414505066,132,training_log_20260320_063309.csv
3573,178.92306232741373,29,training_log_20260320_063309.csv
3574,172.742135647412,29,training_log_20260320_063309.csv
3575,41.43574669563181,200,training_log_20260320_063309.csv
3576,14.251922869712445,200,training_log_20260320_063309.csv
3577,180.7119749792477,30,training_log_20260320_063309.csv
3578,161.48666258573704,34,training_log_20260320_063309.csv
3579,160.70411238627997,31,training_log_20260320_063309.csv
3580,14.108870572673313,200,training_log_20260320_063309.csv
3581,66.26686902897465,200,training_log_20260320_063309.csv
3582,149.02657544435607,26,training_log_20260320_063309.csv
3583,24.10961478141752,200,training_log_20260320_063309.csv
3584,237.27842810921803,59,training_log_20260320_063309.csv
3585,162.08750828805557,47,training_log_20260320_063309.csv
3586,170.83080334895428,30,training_log_20260320_063309.csv
3587,38.82783803301502,200,training_log_20260320_063309.csv
3588,-13.969794066301668,200,training_log_20260320_063309.csv
3589,215.430354127947,74,training_log_20260320_063309.csv
3590,86.76193897082265,200,training_log_20260320_063309.csv
3591,160.04970106998957,37,training_log_20260320_063309.csv
3592,198.08455942155533,39,training_log_20260320_063309.csv
3593,88.67887110620671,200,training_log_20260320_063309.csv
3594,57.59846316962948,200,training_log_20260320_063309.csv
3595,50.906623504953295,200,training_log_20260320_063309.csv
3596,54.39093475338093,200,training_log_20260320_063309.csv
3597,182.03026034494357,30,training_log_20260320_063309.csv
3598,12.77979047515298,200,training_log_20260320_063309.csv
3599,76.56272691304443,200,training_log_20260320_063309.csv
3600,220.07699314107623,43,training_log_20260320_063309.csv
3601,-200.0,1,training_log_20260320_063309.csv
3602,117.40170898891508,200,training_log_20260320_063309.csv
3603,173.4048041842143,35,training_log_20260320_063309.csv
3604,40.02358438427498,200,training_log_20260320_063309.csv
3605,61.379775813446855,200,training_log_20260320_063309.csv
3606,76.29067326943745,200,training_log_20260320_063309.csv
3607,34.316071639462606,200,training_log_20260320_063309.csv
3608,110.1169402372595,200,training_log_20260320_063309.csv
3609,41.715360799996446,200,training_log_20260320_063309.csv
3610,152.07744839830207,70,training_log_20260320_063309.csv
3611,34.01499944606048,200,training_log_20260320_063309.csv
3612,123.36585270191776,36,training_log_20260320_063309.csv
3613,189.36462483135443,29,training_log_20260320_063309.csv
3614,80.31833036967996,200,training_log_20260320_063309.csv
3615,179.84148220237404,27,training_log_20260320_063309.csv
3616,-184.24639312547436,8,training_log_20260320_063309.csv
3617,217.33247717914983,170,training_log_20260320_063309.csv
3618,173.36275229994203,27,training_log_20260320_063309.csv
3619,15.247045521989373,200,training_log_20260320_063309.csv
3620,277.3129672440175,58,training_log_20260320_063309.csv
3621,28.670248420280643,200,training_log_20260320_063309.csv
3622,33.167027165876284,200,training_log_20260320_063309.csv
3623,26.191369786888536,200,training_log_20260320_063309.csv
3624,181.8410255162869,36,training_log_20260320_063309.csv
3625,9.298398299788095,200,training_log_20260320_063309.csv
3626,20.22952959634701,200,training_log_20260320_063309.csv
3627,75.199846329531,200,training_log_20260320_063309.csv
3628,188.3872880775361,31,training_log_20260320_063309.csv
3629,23.64529387665719,200,training_log_20260320_063309.csv
3630,-26.416250421795965,200,training_log_20260320_063309.csv
3631,38.12343234789804,200,training_log_20260320_063309.csv
3632,110.77940961008626,33,training_log_20260320_063309.csv
3633,124.87989958876184,200,training_log_20260320_063309.csv
3634,195.27522633818407,29,training_log_20260320_063309.csv
3635,-192.9397908350446,55,training_log_20260320_063309.csv
3636,148.2610698762909,82,training_log_20260320_063309.csv
3637,190.1215340520743,39,training_log_20260320_063309.csv
3638,100.0,1,training_log_20260320_063309.csv
3639,50.700318561886,200,training_log_20260320_063309.csv
3640,125.97434330642376,200,training_log_20260320_063309.csv
3641,178.3397424732516,43,training_log_20260320_063309.csv
3642,9.81145023728443,200,training_log_20260320_063309.csv
3643,184.01903227233063,44,training_log_20260320_063309.csv
3644,3.068542147914036,200,training_log_20260320_063309.csv
3645,16.21028070401025,200,training_log_20260320_063309.csv
3646,-38.513669348370925,200,training_log_20260320_063309.csv
3647,-202.0071809746964,9,training_log_20260320_063309.csv
3648,58.23951573991866,200,training_log_20260320_063309.csv
3649,2.841743082832595,200,training_log_20260320_063309.csv
3650,48.62254364069642,200,training_log_20260320_063309.csv
3651,158.87345333465905,158,training_log_20260320_063309.csv
3652,-51.94647041164325,200,training_log_20260320_063309.csv
3653,146.38050206039213,42,training_log_20260320_063309.csv
3654,-52.36953280344214,200,training_log_20260320_063309.csv
3655,-200.0,1,training_log_20260320_063309.csv
3656,165.51336099383462,173,training_log_20260320_063309.csv
3657,154.78146129112125,28,training_log_20260320_063309.csv
3658,128.47778129886984,88,training_log_20260320_063309.csv
3659,51.818897509881005,200,training_log_20260320_063309.csv
3660,58.37531485362294,200,training_log_20260320_063309.csv
3661,81.83717559285544,200,training_log_20260320_063309.csv
3662,55.31393984064771,200,training_log_20260320_063309.csv
3663,161.35186929094635,25,training_log_20260320_063309.csv
3664,65.8526343368715,200,training_log_20260320_063309.csv
3665,164.00745331679255,23,training_log_20260320_063309.csv
3666,28.1828554882571,200,training_log_20260320_063309.csv
3667,-50.15953626034557,200,training_log_20260320_063309.csv
3668,113.33260423000092,200,training_log_20260320_063309.csv
3669,159.72668896326743,26,training_log_20260320_063309.csv
3670,156.5776539987856,42,training_log_20260320_063309.csv
3671,180.59759439977395,30,training_log_20260320_063309.csv
3672,54.41326412959359,200,training_log_20260320_063309.csv
3673,38.3043051434836,200,training_log_20260320_063309.csv
3674,75.40396710873212,200,training_log_20260320_063309.csv
3675,237.22525415649253,46,training_log_20260320_063309.csv
3676,199.57595677380652,68,training_log_20260320_063309.csv
3677,199.6407418677186,30,training_log_20260320_063309.csv
3678,66.9320425190686,200,training_log_20260320_063309.csv
3679,169.67960898206374,37,training_log_20260320_063309.csv
3680,-5.692994009323935,200,training_log_20260320_063309.csv
3681,184.8252872060717,30,training_log_20260320_063309.csv
3682,165.68167185263852,52,training_log_20260320_063309.csv
3683,60.55151691918319,200,training_log_20260320_063309.csv
3684,177.19518015927292,25,training_log_20260320_063309.csv
3685,-54.30373531964696,64,training_log_20260320_063309.csv
3686,207.14320118307532,36,training_log_20260320_063309.csv
3687,105.17507048186016,200,training_log_20260320_063309.csv
3688,222.01766228508467,39,training_log_20260320_063309.csv
3689,142.02009341366082,21,training_log_20260320_063309.csv
3690,174.84941384700434,26,training_log_20260320_063309.csv
3691,146.1864449800443,24,training_log_20260320_063309.csv
3692,169.04479613361207,25,training_log_20260320_063309.csv
3693,128.37195751388228,10,training_log_20260320_063309.csv
3694,146.05382947887625,200,training_log_20260320_063309.csv
3695,175.01495889452883,47,training_log_20260320_063309.csv
3696,172.2011268727572,28,training_log_20260320_063309.csv
3697,145.41423594305456,200,training_log_20260320_063309.csv
3698,145.33234353949112,51,training_log_20260320_063309.csv
3699,183.74489192246517,30,training_log_20260320_063309.csv
3700,154.54209092054825,30,training_log_20260320_063309.csv
3701,-36.14797903527904,200,training_log_20260320_063309.csv
3702,-82.96495129332621,87,training_log_20260320_063309.csv
3703,9.251496149815482,200,training_log_20260320_063309.csv
3704,156.04516763715935,20,training_log_20260320_063309.csv
3705,147.99867850713574,16,training_log_20260320_063309.csv
3706,166.5013059669045,64,training_log_20260320_063309.csv
3707,39.39714723078147,200,training_log_20260320_063309.csv
3708,42.9135711458888,200,training_log_20260320_063309.csv
3709,21.37410246575139,200,training_log_20260320_063309.csv
3710,175.93047724301084,47,training_log_20260320_063309.csv
3711,140.76739429297524,40,training_log_20260320_063309.csv
3712,-31.296064945346615,200,training_log_20260320_063309.csv
3713,195.464800767702,36,training_log_20260320_063309.csv
3714,18.11395050668088,69,training_log_20260320_063309.csv
3715,178.0079374970493,31,training_log_20260320_063309.csv
3716,157.52644499821272,34,training_log_20260320_063309.csv
3717,38.76309749446877,200,training_log_20260320_063309.csv
3718,173.9814225136611,30,training_log_20260320_063309.csv
3719,55.59244945219929,200,training_log_20260320_063309.csv
3720,262.8826425569953,53,training_log_20260320_063309.csv
3721,45.48198415028338,200,training_log_20260320_063309.csv
3722,137.50227285285692,25,training_log_20260320_063309.csv
3723,200.60252401147116,41,training_log_20260320_063309.csv
3724,24.61098622865548,200,training_log_20260320_063309.csv
3725,176.79905415960457,24,training_log_20260320_063309.csv
3726,148.29986618568296,19,training_log_20260320_063309.csv
3727,22.110022137985947,200,training_log_20260320_063309.csv
3728,75.77985435108708,200,training_log_20260320_063309.csv
3729,-17.782993126806815,200,training_log_20260320_063309.csv
3730,134.51385073166364,21,training_log_20260320_063309.csv
3731,29.936396282830973,200,training_log_20260320_063309.csv
3732,163.09771358148743,32,training_log_20260320_063309.csv
3733,210.2043671857931,73,training_log_20260320_063309.csv
3734,53.13427602518844,200,training_log_20260320_063309.csv
3735,169.30585059766443,25,training_log_20260320_063309.csv
3736,8.345673821762942,200,training_log_20260320_063309.csv
3737,72.69096560263466,200,training_log_20260320_063309.csv
3738,63.812513160955504,200,training_log_20260320_063309.csv
3739,75.99659861195653,200,training_log_20260320_063309.csv
3740,144.67542840622156,30,training_log_20260320_063309.csv
3741,163.3872072894839,25,training_log_20260320_063309.csv
3742,187.1736120007052,31,training_log_20260320_063309.csv
3743,40.666057639065286,200,training_log_20260320_063309.csv
3744,31.475824476523847,200,training_log_20260320_063309.csv
3745,8.72873949640254,200,training_log_20260320_063309.csv
3746,8.863741786433863,200,training_log_20260320_063309.csv
3747,153.57493923080767,32,training_log_20260320_063309.csv
3748,2.140937039140931,200,training_log_20260320_063309.csv
3749,159.51569858997445,18,training_log_20260320_063309.csv
3750,34.28237452442626,200,training_log_20260320_063309.csv
3751,43.47756173012911,200,training_log_20260320_063309.csv
3752,15.35244543548681,200,training_log_20260320_063309.csv
3753,55.571802636357866,200,training_log_20260320_063309.csv
3754,-68.52061501861931,124,training_log_20260320_063309.csv
3755,128.48554578203158,200,training_log_20260320_063309.csv
3756,-2.6347700979459163,200,training_log_20260320_063309.csv
3757,-0.1780091307234498,200,training_log_20260320_063309.csv
3758,174.2734511588634,32,training_log_20260320_063309.csv
3759,4.334449756662131,200,training_log_20260320_063309.csv
3760,69.07371157234337,200,training_log_20260320_063309.csv
3761,-16.61383409539995,63,training_log_20260320_063309.csv
3762,-34.7950440082455,200,training_log_20260320_063309.csv
3763,190.33362446203108,31,training_log_20260320_063309.csv
3764,171.71049746913795,28,training_log_20260320_063309.csv
3765,-16.00568680136187,200,training_log_20260320_063309.csv
3766,150.1567504691621,21,training_log_20260320_063309.csv
3767,143.5425895182061,112,training_log_20260320_063309.csv
3768,216.0761071170006,43,training_log_20260320_063309.csv
3769,21.569837660750967,200,training_log_20260320_063309.csv
3770,42.49946981292005,200,training_log_20260320_063309.csv
3771,170.21376612319992,27,training_log_20260320_063309.csv
3772,-50.37691143452731,200,training_log_20260320_063309.csv
3773,61.21887090318194,200,training_log_20260320_063309.csv
3774,128.39711037099005,20,training_log_20260320_063309.csv
3775,138.90097119888367,45,training_log_20260320_063309.csv
3776,25.21392832479889,200,training_log_20260320_063309.csv
3777,148.7416559133029,23,training_log_20260320_063309.csv
3778,194.204332060625,39,training_log_20260320_063309.csv
3779,50.85844013409892,200,training_log_20260320_063309.csv
3780,212.26015634202847,57,training_log_20260320_063309.csv
3781,2.483425980051949,200,training_log_20260320_063309.csv
3782,173.12930941772214,34,training_log_20260320_063309.csv
3783,168.503751595633,24,training_log_20260320_063309.csv
3784,140.46735116519537,42,training_log_20260320_063309.csv
3785,-2.062000529075157,200,training_log_20260320_063309.csv
3786,239.0362991380264,65,training_log_20260320_063309.csv
3787,44.23648463596789,200,training_log_20260320_063309.csv
3788,-171.4121637105349,40,training_log_20260320_063309.csv
3789,-38.92968190599433,200,training_log_20260320_063309.csv
3790,62.50892908421693,200,training_log_20260320_063309.csv
3791,162.85364359222615,35,training_log_20260320_063309.csv
3792,114.33952131122903,5,training_log_20260320_063309.csv
3793,176.38799714338853,30,training_log_20260320_063309.csv
3794,220.36152805636823,37,training_log_20260320_063309.csv
3795,172.46625240705433,77,training_log_20260320_063309.csv
3796,85.0598188458072,200,training_log_20260320_063309.csv
3797,128.24712988095496,76,training_log_20260320_063309.csv
3798,198.3706272899112,72,training_log_20260320_063309.csv
3799,177.87574919223158,29,training_log_20260320_063309.csv
3800,-200.8170215116021,25,training_log_20260320_063309.csv
3801,181.3963701187022,42,training_log_20260320_063309.csv
3802,-196.14076151891464,3,training_log_20260320_063309.csv
3803,190.82443620307225,28,training_log_20260320_063309.csv
3804,173.89449452905615,27,training_log_20260320_063309.csv
3805,164.94426645053136,36,training_log_20260320_063309.csv
3806,138.05063294983387,18,training_log_20260320_063309.csv
3807,40.958859668473366,200,training_log_20260320_063309.csv
3808,60.56614269161816,200,training_log_20260320_063309.csv
3809,190.70480171735727,35,training_log_20260320_063309.csv
3810,-196.74457100024625,14,training_log_20260320_063309.csv
3811,145.73722061478892,40,training_log_20260320_063309.csv
3812,76.74453569388639,200,training_log_20260320_063309.csv
3813,137.26929445690132,34,training_log_20260320_063309.csv
3814,249.84284143328568,48,training_log_20260320_063309.csv
3815,166.7919963141225,43,training_log_20260320_063309.csv
3816,200.45085147523525,32,training_log_20260320_063309.csv
3817,160.81877058831898,65,training_log_20260320_063309.csv
3818,18.327274064275745,200,training_log_20260320_063309.csv
3819,171.69774681353056,37,training_log_20260320_063309.csv
3820,154.9959309728743,21,training_log_20260320_063309.csv
3821,145.5041860455677,29,training_log_20260320_063309.csv
3822,135.96381501344644,27,training_log_20260320_063309.csv
3823,-66.68388470917877,200,training_log_20260320_063309.csv
3824,-34.38505191797724,200,training_log_20260320_063309.csv
3825,98.5245341924473,200,training_log_20260320_063309.csv
3826,178.446607373176,24,training_log_20260320_063309.csv
3827,35.2453540948872,200,training_log_20260320_063309.csv
3828,27.735209887596064,200,training_log_20260320_063309.csv
3829,10.13572519592968,200,training_log_20260320_063309.csv
3830,189.18306170002512,40,training_log_20260320_063309.csv
3831,44.14386392050761,200,training_log_20260320_063309.csv
3832,-200.0,1,training_log_20260320_063309.csv
3833,172.19667426832615,94,training_log_20260320_063309.csv
3834,16.916449902981398,200,training_log_20260320_063309.csv
3835,183.29554391506983,43,training_log_20260320_063309.csv
3836,150.05609522297863,28,training_log_20260320_063309.csv
3837,146.90920280183244,200,training_log_20260320_063309.csv
3838,196.9482487573121,29,training_log_20260320_063309.csv
3839,-223.3625283439267,27,training_log_20260320_063309.csv
3840,154.9445136409827,60,training_log_20260320_063309.csv
3841,184.6178189891988,26,training_log_20260320_063309.csv
3842,65.74360564518275,200,training_log_20260320_063309.csv
3843,134.15710739410417,192,training_log_20260320_063309.csv
3844,122.03676516736948,115,training_log_20260320_063309.csv
3845,192.12879175071131,53,training_log_20260320_063309.csv
3846,-194.9998439729348,3,training_log_20260320_063309.csv
3847,4.430206270391843,200,training_log_20260320_063309.csv
3848,198.5377688466621,43,training_log_20260320_063309.csv
3849,161.35606908629873,24,training_log_20260320_063309.csv
3850,179.41562012445902,57,training_log_20260320_063309.csv
3851,167.52017165133435,27,training_log_20260320_063309.csv
3852,193.51871181972277,33,training_log_20260320_063309.csv
3853,195.57082877166283,33,training_log_20260320_063309.csv
3854,155.7737014965327,25,training_log_20260320_063309.csv
3855,-200.548478863965,2,training_log_20260320_063309.csv
3856,135.4611588276928,22,training_log_20260320_063309.csv
3857,228.4015794383177,44,training_log_20260320_063309.csv
3858,152.28252000480668,24,training_log_20260320_063309.csv
3859,34.541609080811824,200,training_log_20260320_063309.csv
3860,219.5634734566975,61,training_log_20260320_063309.csv
3861,155.39025259306362,49,training_log_20260320_063309.csv
3862,27.8958313902472,200,training_log_20260320_063309.csv
3863,173.12050496113488,66,training_log_20260320_063309.csv
3864,141.1589162198459,21,training_log_20260320_063309.csv
3865,214.8650229875483,37,training_log_20260320_063309.csv
3866,150.62243278601034,168,training_log_20260320_063309.csv
3867,200.44016857412447,48,training_log_20260320_063309.csv
3868,174.79107351576386,41,training_log_20260320_063309.csv
3869,42.5200146682044,200,training_log_20260320_063309.csv
3870,180.90213413968883,41,training_log_20260320_063309.csv
3871,20.720724827605725,200,training_log_20260320_063309.csv
3872,-0.6978333004769242,200,training_log_20260320_063309.csv
3873,174.11136449509172,33,training_log_20260320_063309.csv
3874,-56.99865318843416,200,training_log_20260320_063309.csv
3875,169.7712294022644,34,training_log_20260320_063309.csv
3876,172.62306919718057,27,training_log_20260320_063309.csv
3877,77.28016734563067,200,training_log_20260320_063309.csv
3878,5.327433015983903,200,training_log_20260320_063309.csv
3879,185.89408635200863,42,training_log_20260320_063309.csv
3880,170.1213038117182,112,training_log_20260320_063309.csv
3881,217.9865980050242,38,training_log_20260320_063309.csv
3882,53.641681706141846,200,training_log_20260320_063309.csv
3883,150.35704402490416,21,training_log_20260320_063309.csv
3884,189.3801721416908,33,training_log_20260320_063309.csv
3885,165.12772041253248,32,training_log_20260320_063309.csv
3886,72.23231961257656,200,training_log_20260320_063309.csv
3887,139.1987404108665,35,training_log_20260320_063309.csv
3888,-194.6369447587311,3,training_log_20260320_063309.csv
3889,160.76078171508416,76,training_log_20260320_063309.csv
3890,214.3603897879293,40,training_log_20260320_063309.csv
3891,195.1167713963386,64,training_log_20260320_063309.csv
3892,220.0760686024801,87,training_log_20260320_063309.csv
3893,169.62869595824932,48,training_log_20260320_063309.csv
3894,0.6202097299935341,200,training_log_20260320_063309.csv
3895,185.2114910633053,42,training_log_20260320_063309.csv
3896,183.1804861352664,31,training_log_20260320_063309.csv
3897,198.06278364379327,44,training_log_20260320_063309.csv
3898,161.57499629510798,32,training_log_20260320_063309.csv
3899,221.2928429096567,60,training_log_20260320_063309.csv
3900,169.9181131540033,30,training_log_20260320_063309.csv
3901,169.03626359048295,24,training_log_20260320_063309.csv
3902,-56.05861981822115,200,training_log_20260320_063309.csv
3903,143.10527292487427,33,training_log_20260320_063309.csv
3904,58.68172251271792,200,training_log_20260320_063309.csv
3905,168.75252274606805,27,training_log_20260320_063309.csv
3906,137.27811883994502,69,training_log_20260320_063309.csv
3907,134.07489169538331,31,training_log_20260320_063309.csv
3908,191.0219108796552,43,training_log_20260320_063309.csv
3909,168.83483099648953,41,training_log_20260320_063309.csv
3910,211.29852433618575,41,training_log_20260320_063309.csv
3911,130.077136785508,18,training_log_20260320_063309.csv
3912,166.8238019925428,34,training_log_20260320_063309.csv
3913,101.35650813079717,7,training_log_20260320_063309.csv
3914,86.68007321703409,193,training_log_20260320_063309.csv
3915,87.40048314861936,200,training_log_20260320_063309.csv
3916,188.86656236216925,22,training_log_20260320_063309.csv
3917,232.05278062322049,66,training_log_20260320_063309.csv
3918,209.85812280821412,35,training_log_20260320_063309.csv
3919,47.7508029272651,200,training_log_20260320_063309.csv
3920,-22.410963153379377,200,training_log_20260320_063309.csv
3921,135.65038668309683,14,training_log_20260320_063309.csv
3922,227.1400269897448,39,training_log_20260320_063309.csv
3923,91.15498220861431,200,training_log_20260320_063309.csv
3924,172.29381502034948,23,training_log_20260320_063309.csv
3925,182.12693839352272,33,training_log_20260320_063309.csv
3926,152.25460289305124,41,training_log_20260320_063309.csv
3927,-38.809155123056776,200,training_log_20260320_063309.csv
3928,161.1563699343372,63,training_log_20260320_063309.csv
3929,218.16314997450917,41,training_log_20260320_063309.csv
3930,-15.45199340293196,200,training_log_20260320_063309.csv
3931,-184.46944664059333,9,training_log_20260320_063309.csv
3932,178.70205536460367,65,training_log_20260320_063309.csv
3933,167.51750862482805,31,training_log_20260320_063309.csv
3934,172.8269069651019,26,training_log_20260320_063309.csv
3935,44.42391459168606,125,training_log_20260320_063309.csv
3936,256.3435391235256,57,training_log_20260320_063309.csv
3937,178.18228981492865,25,training_log_20260320_063309.csv
3938,147.5056869587073,30,training_log_20260320_063309.csv
3939,179.4782800447763,46,training_log_20260320_063309.csv
3940,151.72527222103926,20,training_log_20260320_063309.csv
3941,186.18322784575224,34,training_log_20260320_063309.csv
3942,43.33916493541885,200,training_log_20260320_063309.csv
3943,162.15581841536215,25,training_log_20260320_063309.csv
3944,211.9620070861315,37,training_log_20260320_063309.csv
3945,202.34921233299804,134,training_log_20260320_063309.csv
3946,201.2013622608836,51,training_log_20260320_063309.csv
3947,178.33358660892026,33,training_log_20260320_063309.csv
3948,138.55136737824725,26,training_log_20260320_063309.csv
3949,178.79403905761347,49,training_log_20260320_063309.csv
3950,156.69040312901186,39,training_log_20260320_063309.csv
3951,-188.5075891346552,4,training_log_20260320_063309.csv
3952,69.6256473963654,200,training_log_20260320_063309.csv
3953,24.52419442699065,200,training_log_20260320_063309.csv
3954,49.12528712965759,200,training_log_20260320_063309.csv
3955,69.9439935678298,200,training_log_20260320_063309.csv
3956,-192.3746520073596,29,training_log_20260320_063309.csv
3957,195.9351160940924,37,training_log_20260320_063309.csv
3958,225.4393481990714,51,training_log_20260320_063309.csv
3959,-183.3663729513364,13,training_log_20260320_063309.csv
3960,141.41863367632862,21,training_log_20260320_063309.csv
3961,3.71916154858608,200,training_log_20260320_063309.csv
3962,176.02639979786224,30,training_log_20260320_063309.csv
3963,245.3049964489054,45,training_log_20260320_063309.csv
3964,198.11013887514787,47,training_log_20260320_063309.csv
3965,144.834617506423,26,training_log_20260320_063309.csv
3966,127.65321996506876,170,training_log_20260320_063309.csv
3967,154.37992183124663,18,training_log_20260320_063309.csv
3968,163.5329262529354,22,training_log_20260320_063309.csv
3969,217.26911146557785,39,training_log_20260320_063309.csv
3970,-200.0,1,training_log_20260320_063309.csv
3971,-15.36179544283186,200,training_log_20260320_063309.csv
3972,80.27437727347412,200,training_log_20260320_063309.csv
3973,173.27342363671752,134,training_log_20260320_063309.csv
3974,-193.924523049784,3,training_log_20260320_063309.csv
3975,176.2668312274934,23,training_log_20260320_063309.csv
3976,171.6752239533021,48,training_log_20260320_063309.csv
3977,227.84513336813583,71,training_log_20260320_063309.csv
3978,159.7800210085457,30,training_log_20260320_063309.csv
3979,139.52478832592584,19,training_log_20260320_063309.csv
3980,32.94716175063616,200,training_log_20260320_063309.csv
3981,69.69815635515538,200,training_log_20260320_063309.csv
3982,176.36293572612388,41,training_log_20260320_063309.csv
3983,8.433273045869262,200,training_log_20260320_063309.csv
3984,163.09309248375803,61,training_log_20260320_063309.csv
3985,168.67330684931918,45,training_log_20260320_063309.csv
3986,168.39801074788534,30,training_log_20260320_063309.csv
3987,-32.93386919299478,200,training_log_20260320_063309.csv
3988,56.10608302903806,200,training_log_20260320_063309.csv
3989,152.45852552820017,27,training_log_20260320_063309.csv
3990,-200.0,1,training_log_20260320_063309.csv
3991,26.24180243676247,200,training_log_20260320_063309.csv
3992,-46.65115327572446,200,training_log_20260320_063309.csv
3993,-19.739735428657465,200,training_log_20260320_063309.csv
3994,125.23844921874247,199,training_log_20260320_063309.csv
3995,-184.5683086973234,18,training_log_20260320_063309.csv
3996,162.72934206541058,42,training_log_20260320_063309.csv
3997,197.4562816171478,33,training_log_20260320_063309.csv
3998,163.90597224490548,27,training_log_20260320_063309.csv
3999,225.46530003486748,31,training_log_20260320_063309.csv
4000,8.825136109382681,200,training_log_20260320_063309.csv
4001,179.77707211809258,35,training_log_20260320_063309.csv
4002,193.22432036235483,55,training_log_20260320_063309.csv
4003,232.1822954248676,43,training_log_20260320_063309.csv
4004,157.94045944195756,17,training_log_20260320_063309.csv
4005,-202.39194998213432,2,training_log_20260320_063309.csv
4006,154.26998358537304,32,training_log_20260320_063309.csv
4007,151.60799682370836,39,training_log_20260320_063309.csv
4008,152.2278292866492,26,training_log_20260320_063309.csv
4009,80.31192893062669,200,training_log_20260320_063309.csv
4010,44.26924430263918,200,training_log_20260320_063309.csv
4011,146.85991412282448,60,training_log_20260320_063309.csv
4012,165.5814361341472,20,training_log_20260320_063309.csv
4013,164.01965805258453,25,training_log_20260320_063309.csv
4014,170.9462106185354,22,training_log_20260320_063309.csv
4015,178.19895856172107,30,training_log_20260320_063309.csv
4016,157.45618822325287,39,training_log_20260320_063309.csv
4017,-200.0,1,training_log_20260320_063309.csv
4018,223.5467878450224,45,training_log_20260320_063309.csv
4019,-6.292005979419501,200,training_log_20260320_063309.csv
4020,35.1431632802994,200,training_log_20260320_063309.csv
4021,69.71358221025163,200,training_log_20260320_063309.csv
4022,42.27223849942452,200,training_log_20260320_063309.csv
4023,205.34047653435084,36,training_log_20260320_063309.csv
4024,152.94460654068772,46,training_log_20260320_063309.csv
4025,83.95064356542495,200,training_log_20260320_063309.csv
4026,28.698968264419943,200,training_log_20260320_063309.csv
4027,147.90979116209067,200,training_log_20260320_063309.csv
4028,169.63218257976763,35,training_log_20260320_063309.csv
4029,208.58314526666388,49,training_log_20260320_063309.csv
4030,19.255716889732614,200,training_log_20260320_063309.csv
4031,145.32920672119977,23,training_log_20260320_063309.csv
4032,-188.43161028752883,7,training_log_20260320_063309.csv
4033,146.61081001203377,35,training_log_20260320_063309.csv
4034,-200.0,1,training_log_20260320_063309.csv
4035,-39.18875756271623,200,training_log_20260320_063309.csv
4036,142.17234053651558,24,training_log_20260320_063309.csv
4037,231.422786908778,82,training_log_20260320_063309.csv
4038,153.84157037973176,28,training_log_20260320_063309.csv
4039,215.19092526862303,84,training_log_20260320_063309.csv
4040,169.48002711680235,32,training_log_20260320_063309.csv
4041,203.81236119862584,43,training_log_20260320_063309.csv
4042,155.78363467637817,54,training_log_20260320_063309.csv
4043,129.2303916330653,17,training_log_20260320_063309.csv
4044,111.7415793529519,200,training_log_20260320_063309.csv
4045,172.8027007085699,28,training_log_20260320_063309.csv
4046,17.275443543959955,200,training_log_20260320_063309.csv
4047,67.3878576970455,200,training_log_20260320_063309.csv
4048,142.3696452494605,200,training_log_20260320_063309.csv
4049,232.60260070383703,52,training_log_20260320_063309.csv
4050,170.21484655875162,34,training_log_20260320_063309.csv
4051,76.31893356970934,200,training_log_20260320_063309.csv
4052,155.69237601714127,25,training_log_20260320_063309.csv
4053,-71.70500400510967,200,training_log_20260320_063309.csv
4054,171.58523703583785,29,training_log_20260320_063309.csv
4055,189.6758259546728,36,training_log_20260320_063309.csv
4056,64.21998890266806,200,training_log_20260320_063309.csv
4057,-200.0,1,training_log_20260320_063309.csv
4058,171.69616054309444,29,training_log_20260320_063309.csv
4059,114.33860145983502,200,training_log_20260320_063309.csv
4060,194.82269568317912,43,training_log_20260320_063309.csv
4061,176.80058947926804,31,training_log_20260320_063309.csv
4062,168.12794283807025,32,training_log_20260320_063309.csv
4063,-32.87120862163747,200,training_log_20260320_063309.csv
4064,171.08177982372706,34,training_log_20260320_063309.csv
4065,57.31683784592434,200,training_log_20260320_063309.csv
4066,188.3758261262298,32,training_log_20260320_063309.csv
4067,172.8108048205563,26,training_log_20260320_063309.csv
4068,38.91968070828232,200,training_log_20260320_063309.csv
4069,59.86310757364396,200,training_log_20260320_063309.csv
4070,18.59665641496275,200,training_log_20260320_063309.csv
4071,201.3226426427414,38,training_log_20260320_063309.csv
4072,113.996310329198,18,training_log_20260320_063309.csv
4073,-200.0,1,training_log_20260320_063309.csv
4074,192.1534931290384,31,training_log_20260320_063309.csv
4075,37.0243581600207,200,training_log_20260320_063309.csv
4076,-8.657298371093777,200,training_log_20260320_063309.csv
4077,238.10642604490468,41,training_log_20260320_063309.csv
4078,148.8623096539186,29,training_log_20260320_063309.csv
4079,163.97640952337258,37,training_log_20260320_063309.csv
4080,67.82610964669904,200,training_log_20260320_063309.csv
4081,183.10834038623483,33,training_log_20260320_063309.csv
4082,31.204082798398023,200,training_log_20260320_063309.csv
4083,182.8124317032228,40,training_log_20260320_063309.csv
4084,-200.0,1,training_log_20260320_063309.csv
4085,-12.777213707439152,200,training_log_20260320_063309.csv
4086,157.65426313366874,25,training_log_20260320_063309.csv
4087,-208.2570725404593,3,training_log_20260320_063309.csv
4088,43.138801989580685,77,training_log_20260320_063309.csv
4089,51.41807205708197,200,training_log_20260320_063309.csv
4090,173.36295720374454,26,training_log_20260320_063309.csv
4091,-30.51278760921661,49,training_log_20260320_063309.csv
4092,53.48257015642427,200,training_log_20260320_063309.csv
4093,222.8428552510608,72,training_log_20260320_063309.csv
4094,-10.273008227831989,200,training_log_20260320_063309.csv
4095,201.09891582982056,34,training_log_20260320_063309.csv
4096,220.56159924425103,59,training_log_20260320_063309.csv
4097,142.19721064430382,21,training_log_20260320_063309.csv
4098,118.01434831376363,200,training_log_20260320_063309.csv
4099,157.3318663654589,30,training_log_20260320_063309.csv
4100,187.42680773796832,32,training_log_20260320_063309.csv
4101,26.54565209299851,200,training_log_20260320_063309.csv
4102,44.86465857626659,200,training_log_20260320_063309.csv
4103,180.6011083150418,37,training_log_20260320_063309.csv
4104,156.69034164890317,18,training_log_20260320_063309.csv
4105,79.27817781043156,200,training_log_20260320_063309.csv
4106,256.05416172027753,56,training_log_20260320_063309.csv
4107,130.76106798438715,22,training_log_20260320_063309.csv
4108,141.7143099489908,62,training_log_20260320_063309.csv
4109,73.09239628917996,200,training_log_20260320_063309.csv
4110,175.52278619425527,34,training_log_20260320_063309.csv
4111,175.71293945667816,27,training_log_20260320_063309.csv
4112,200.76905294272416,71,training_log_20260320_063309.csv
4113,62.99798959551441,200,training_log_20260320_063309.csv
4114,158.90394482058724,27,training_log_20260320_063309.csv
4115,17.305939950723257,200,training_log_20260320_063309.csv
4116,146.3798809462685,33,training_log_20260320_063309.csv
4117,161.33655183155173,39,training_log_20260320_063309.csv
4118,189.59908671647312,34,training_log_20260320_063309.csv
4119,71.40635452672615,200,training_log_20260320_063309.csv
4120,33.75246307529653,200,training_log_20260320_063309.csv
4121,207.61052432423776,59,training_log_20260320_063309.csv
4122,169.79644729808714,46,training_log_20260320_063309.csv
4123,137.17281565836902,31,training_log_20260320_063309.csv
4124,9.06101554872764,200,training_log_20260320_063309.csv
4125,132.40057334103312,200,training_log_20260320_063309.csv
4126,76.3574286892958,200,training_log_20260320_063309.csv
4127,133.01586442334033,14,training_log_20260320_063309.csv
4128,145.6067458523861,200,training_log_20260320_063309.csv
4129,26.846208953889786,200,training_log_20260320_063309.csv
4130,74.7978503719974,200,training_log_20260320_063309.csv
4131,166.5617420149472,43,training_log_20260320_063309.csv
4132,52.34477937068944,200,training_log_20260320_063309.csv
4133,203.2566731258765,54,training_log_20260320_063309.csv
4134,50.2179460371822,200,training_log_20260320_063309.csv
4135,181.3001028936125,35,training_log_20260320_063309.csv
4136,149.17243659627405,19,training_log_20260320_063309.csv
4137,167.1900366142145,23,training_log_20260320_063309.csv
4138,28.992915185650368,200,training_log_20260320_063309.csv
4139,177.95423495152906,45,training_log_20260320_063309.csv
4140,22.997680035155383,200,training_log_20260320_063309.csv
4141,146.59756098842166,200,training_log_20260320_063309.csv
4142,38.07054062383358,200,training_log_20260320_063309.csv
4143,161.6366410739042,54,training_log_20260320_063309.csv
4144,-171.67711222814103,12,training_log_20260320_063309.csv
4145,138.9849434904797,27,training_log_20260320_063309.csv
4146,191.1759386199577,38,training_log_20260320_063309.csv
4147,32.72650047682533,200,training_log_20260320_063309.csv
4148,147.02202519406356,85,training_log_20260320_063309.csv
4149,133.33560354658758,200,training_log_20260320_063309.csv
4150,29.22640274369594,200,training_log_20260320_063309.csv
4151,-158.75215862361247,20,training_log_20260320_063309.csv
4152,48.9018635648609,200,training_log_20260320_063309.csv
4153,159.04974141244122,35,training_log_20260320_063309.csv
4154,52.31263446283897,200,training_log_20260320_063309.csv
4155,51.80276508684597,200,training_log_20260320_063309.csv
4156,-199.1762059358441,3,training_log_20260320_063309.csv
4157,47.834490256856775,200,training_log_20260320_063309.csv
4158,29.415270367082584,200,training_log_20260320_063309.csv
4159,77.77581536279583,200,training_log_20260320_063309.csv
4160,152.0702855656832,45,training_log_20260320_063309.csv
4161,222.5069013984272,49,training_log_20260320_063309.csv
4162,238.04846724464085,63,training_log_20260320_063309.csv
4163,-200.0,1,training_log_20260320_063309.csv
4164,79.7527496853594,200,training_log_20260320_063309.csv
4165,176.99106498969655,42,training_log_20260320_063309.csv
4166,-179.98275089259442,11,training_log_20260320_063309.csv
4167,127.30296848391625,19,training_log_20260320_063309.csv
4168,71.43399794494066,200,training_log_20260320_063309.csv
4169,120.94250864231468,9,training_log_20260320_063309.csv
4170,196.1091200532938,33,training_log_20260320_063309.csv
4171,41.89131332749015,200,training_log_20260320_063309.csv
4172,44.78744801872903,200,training_log_20260320_063309.csv
4173,50.92590582107234,200,training_log_20260320_063309.csv
4174,41.27443707169419,200,training_log_20260320_063309.csv
4175,44.19953890254962,200,training_log_20260320_063309.csv
4176,217.00411719316435,42,training_log_20260320_063309.csv
4177,60.12401082414779,200,training_log_20260320_063309.csv
4178,169.7491870879652,26,training_log_20260320_063309.csv
4179,156.00540513987198,16,training_log_20260320_063309.csv
4180,-158.72602265840482,15,training_log_20260320_063309.csv
4181,169.83891352309374,38,training_log_20260320_063309.csv
4182,42.34962049175418,200,training_log_20260320_063309.csv
4183,184.56523088742972,34,training_log_20260320_063309.csv
4184,173.6790522626091,37,training_log_20260320_063309.csv
4185,177.559281553662,31,training_log_20260320_063309.csv
4186,221.96876672480064,78,training_log_20260320_063309.csv
4187,62.44877811800754,200,training_log_20260320_063309.csv
4188,-19.568754322488317,200,training_log_20260320_063309.csv
4189,172.90203388926074,75,training_log_20260320_063309.csv
4190,165.98972352991763,116,training_log_20260320_063309.csv
4191,52.04080960772149,200,training_log_20260320_063309.csv
4192,57.13250978641367,200,training_log_20260320_063309.csv
4193,-200.0,1,training_log_20260320_063309.csv
4194,171.1686192100937,26,training_log_20260320_063309.csv
4195,78.58348681421545,200,training_log_20260320_063309.csv
4196,192.2696997329144,70,training_log_20260320_063309.csv
4197,199.72730507704105,53,training_log_20260320_063309.csv
4198,111.81558835876584,19,training_log_20260320_063309.csv
4199,16.02383059022979,200,training_log_20260320_063309.csv
4200,68.56973256443057,200,training_log_20260320_063309.csv
4201,60.51362735472714,200,training_log_20260320_063309.csv
4202,63.97655349131532,200,training_log_20260320_063309.csv
4203,138.41343054523847,29,training_log_20260320_063309.csv
4204,36.731685001948335,200,training_log_20260320_063309.csv
4205,190.9993710146239,55,training_log_20260320_063309.csv
4206,189.93152760687195,34,training_log_20260320_063309.csv
4207,164.2945420951476,24,training_log_20260320_063309.csv
4208,-27.67868661752116,67,training_log_20260320_063309.csv
4209,180.0586514643313,33,training_log_20260320_063309.csv
4210,-187.4309965783412,6,training_log_20260320_063309.csv
4211,177.90277561544525,32,training_log_20260320_063309.csv
4212,237.0668187155832,50,training_log_20260320_063309.csv
4213,94.1446889842794,12,training_log_20260320_063309.csv
4214,40.81210043804616,200,training_log_20260320_063309.csv
4215,187.12591887064585,43,training_log_20260320_063309.csv
4216,192.77617753847125,54,training_log_20260320_063309.csv
4217,76.64763544053015,200,training_log_20260320_063309.csv
4218,27.35313681128896,200,training_log_20260320_063309.csv
4219,194.55809408993247,62,training_log_20260320_063309.csv
4220,133.62179091319808,23,training_log_20260320_063309.csv
4221,66.02932723126939,200,training_log_20260320_063309.csv
4222,6.124869967925919,200,training_log_20260320_063309.csv
4223,170.80670894317092,28,training_log_20260320_063309.csv
4224,-63.11831088365062,200,training_log_20260320_063309.csv
4225,21.51999446797616,200,training_log_20260320_063309.csv
4226,42.4198698206932,200,training_log_20260320_063309.csv
4227,144.7242337380659,26,training_log_20260320_063309.csv
4228,-34.856434183551606,200,training_log_20260320_063309.csv
4229,-58.78305415279175,200,training_log_20260320_063309.csv
4230,-25.25358296454784,200,training_log_20260320_063309.csv
4231,159.7405905934408,16,training_log_20260320_063309.csv
4232,102.2664023588812,200,training_log_20260320_063309.csv
4233,52.833322400882686,200,training_log_20260320_063309.csv
4234,-195.56203561615655,26,training_log_20260320_063309.csv
4235,200.87181793364107,154,training_log_20260320_063309.csv
4236,161.9737768593145,28,training_log_20260320_063309.csv
4237,84.569750810978,200,training_log_20260320_063309.csv
4238,42.37659226962375,200,training_log_20260320_063309.csv
4239,10.670935210591708,36,training_log_20260320_063309.csv
4240,-200.0,1,training_log_20260320_063309.csv
4241,143.12866857240323,31,training_log_20260320_063309.csv
4242,147.46152738132955,29,training_log_20260320_063309.csv
4243,39.4851336200792,200,training_log_20260320_063309.csv
4244,190.1612834254346,41,training_log_20260320_063309.csv
4245,141.85244163886358,29,training_log_20260320_063309.csv
4246,152.01946400772002,53,training_log_20260320_063309.csv
4247,238.10303242461347,70,training_log_20260320_063309.csv
4248,154.86433538735636,142,training_log_20260320_063309.csv
4249,171.3562769140481,53,training_log_20260320_063309.csv
4250,26.359995874076624,200,training_log_20260320_063309.csv
4251,174.70417987024246,28,training_log_20260320_063309.csv
4252,-3.905531764937644,200,training_log_20260320_063309.csv
4253,168.12197876332243,50,training_log_20260320_063309.csv
4254,206.9774143910005,130,training_log_20260320_063309.csv
4255,163.41655477444905,29,training_log_20260320_063309.csv
4256,51.81657624319634,200,training_log_20260320_063309.csv
4257,16.468000496145613,200,training_log_20260320_063309.csv
4258,178.85169627311862,27,training_log_20260320_063309.csv
4259,-51.49087185787359,159,training_log_20260320_063309.csv
4260,180.83098721705684,33,training_log_20260320_063309.csv
4261,43.22152333730403,200,training_log_20260320_063309.csv
4262,19.906822480536075,200,training_log_20260320_063309.csv
4263,181.44003483824488,42,training_log_20260320_063309.csv
4264,15.173099781894996,200,training_log_20260320_063309.csv
4265,142.33252685387646,23,training_log_20260320_063309.csv
4266,-200.0,1,training_log_20260320_063309.csv
4267,188.21725165460424,26,training_log_20260320_063309.csv
4268,154.38229306853762,36,training_log_20260320_063309.csv
4269,176.60576021007148,31,training_log_20260320_063309.csv
4270,186.0783625829349,114,training_log_20260320_063309.csv
4271,102.5171228410795,200,training_log_20260320_063309.csv
4272,137.5869925901625,25,training_log_20260320_063309.csv
4273,193.45159961523197,43,training_log_20260320_063309.csv
4274,39.581044018855565,200,training_log_20260320_063309.csv
4275,128.80466512047113,200,training_log_20260320_063309.csv
4276,47.41638305769161,200,training_log_20260320_063309.csv
4277,170.58812529419953,41,training_log_20260320_063309.csv
4278,-200.0,1,training_log_20260320_063309.csv
4279,19.120356818933807,200,training_log_20260320_063309.csv
4280,58.04180271158052,200,training_log_20260320_063309.csv
4281,-59.40644564954655,200,training_log_20260320_063309.csv
4282,145.05692786894608,200,training_log_20260320_063309.csv
4283,58.17014249469099,200,training_log_20260320_063309.csv
4284,146.5937932824135,21,training_log_20260320_063309.csv
4285,96.44804436433246,200,training_log_20260320_063309.csv
4286,22.71044001754984,200,training_log_20260320_063309.csv
4287,146.46438739570377,23,training_log_20260320_063309.csv
4288,27.33420528087156,200,training_log_20260320_063309.csv
4289,36.68923292387412,200,training_log_20260320_063309.csv
4290,28.848550288615364,200,training_log_20260320_063309.csv
4291,17.030075841069458,200,training_log_20260320_063309.csv
4292,51.386564276884,200,training_log_20260320_063309.csv
4293,-177.15594668016593,10,training_log_20260320_063309.csv
4294,46.330822484398745,200,training_log_20260320_063309.csv
4295,195.90903284452068,26,training_log_20260320_063309.csv
4296,198.2074153887621,36,training_log_20260320_063309.csv
4297,142.6950377910817,19,training_log_20260320_063309.csv
4298,208.48700029344812,35,training_log_20260320_063309.csv
4299,77.37486314280328,200,training_log_20260320_063309.csv
4300,86.33985201185506,200,training_log_20260320_063309.csv
4301,140.72330459637314,200,training_log_20260320_063309.csv
4302,8.87127564713915,200,training_log_20260320_063309.csv
4303,219.59970198712784,69,training_log_20260320_063309.csv
4304,48.36711612367719,200,training_log_20260320_063309.csv
4305,96.07814769182596,200,training_log_20260320_063309.csv
4306,94.26564211743025,200,training_log_20260320_063309.csv
4307,153.87424668807523,148,training_log_20260320_063309.csv
4308,15.175178086964106,200,training_log_20260320_063309.csv
4309,196.74275199951848,44,training_log_20260320_063309.csv
4310,99.17224965033346,200,training_log_20260320_063309.csv
4311,69.71302169720383,200,training_log_20260320_063309.csv
4312,194.1904685722787,28,training_log_20260320_063309.csv
4313,85.75831611013903,200,training_log_20260320_063309.csv
4314,122.26948740133412,200,training_log_20260320_063309.csv
4315,58.983031337317605,200,training_log_20260320_063309.csv
4316,52.88493911989686,200,training_log_20260320_063309.csv
4317,173.814398333481,185,training_log_20260320_063309.csv
4318,169.29372409451042,182,training_log_20260320_063309.csv
4319,56.7235193989691,200,training_log_20260320_063309.csv
4320,48.20217952900517,200,training_log_20260320_063309.csv
4321,109.76642714726512,8,training_log_20260320_063309.csv
4322,176.39162818140773,38,training_log_20260320_063309.csv
4323,8.912181921120645,200,training_log_20260320_063309.csv
4324,148.84695315637904,50,training_log_20260320_063309.csv
4325,107.98761768675062,21,training_log_20260320_063309.csv
4326,204.96194026614785,39,training_log_20260320_063309.csv
4327,60.57412483110202,200,training_log_20260320_063309.csv
4328,-60.43103395123136,200,training_log_20260320_063309.csv
4329,156.23317710550444,28,training_log_20260320_063309.csv
4330,215.9842086786855,45,training_log_20260320_063309.csv
4331,84.5125725517783,200,training_log_20260320_063309.csv
4332,24.749637188741584,200,training_log_20260320_063309.csv
4333,52.44812627626453,200,training_log_20260320_063309.csv
4334,25.306624822595225,200,training_log_20260320_063309.csv
4335,186.4551556898604,72,training_log_20260320_063309.csv
4336,169.4979393818116,53,training_log_20260320_063309.csv
4337,128.58978099045197,34,training_log_20260320_063309.csv
4338,-73.62035103429888,200,training_log_20260320_063309.csv
4339,86.76248737661476,200,training_log_20260320_063309.csv
4340,217.19083337862983,61,training_log_20260320_063309.csv
4341,-167.6629849079676,12,training_log_20260320_063309.csv
4342,174.2263367183709,38,training_log_20260320_063309.csv
4343,-161.816242353431,80,training_log_20260320_063309.csv
4344,163.52012282549614,32,training_log_20260320_063309.csv
4345,183.4191440588812,27,training_log_20260320_063309.csv
4346,188.61363539383095,188,training_log_20260320_063309.csv
4347,175.35057261587,33,training_log_20260320_063309.csv
4348,192.48129933597332,23,training_log_20260320_063309.csv
4349,249.3726592684694,62,training_log_20260320_063309.csv
4350,168.12877238387233,45,training_log_20260320_063309.csv
4351,167.1013979197307,46,training_log_20260320_063309.csv
4352,196.6481421943418,35,training_log_20260320_063309.csv
4353,167.85532224174258,47,training_log_20260320_063309.csv
4354,-200.0,1,training_log_20260320_063309.csv
4355,58.85068401798522,200,training_log_20260320_063309.csv
4356,194.49488142074827,32,training_log_20260320_063309.csv
4357,81.54600121485767,200,training_log_20260320_063309.csv
4358,73.47261405724652,200,training_log_20260320_063309.csv
4359,153.29867292937217,35,training_log_20260320_063309.csv
4360,149.70185177162807,28,training_log_20260320_063309.csv
4361,82.05748050025706,200,training_log_20260320_063309.csv
4362,100.0,1,training_log_20260320_063309.csv
4363,160.95628394834824,25,training_log_20260320_063309.csv
4364,70.48665145249288,200,training_log_20260320_063309.csv
4365,133.2569579584479,40,training_log_20260320_063309.csv
4366,173.9607443677104,25,training_log_20260320_063309.csv
4367,-146.332651759106,17,training_log_20260320_063309.csv
4368,7.616964754451977,200,training_log_20260320_063309.csv
4369,79.66289769250761,200,training_log_20260320_063309.csv
4370,178.7548322378346,29,training_log_20260320_063309.csv
4371,157.69954423423732,56,training_log_20260320_063309.csv
4372,193.31807761919117,40,training_log_20260320_063309.csv
4373,192.72077915473244,24,training_log_20260320_063309.csv
4374,55.042594391456646,200,training_log_20260320_063309.csv
4375,142.95550418307576,38,training_log_20260320_063309.csv
4376,195.83088055361517,30,training_log_20260320_063309.csv
4377,184.55271058386975,27,training_log_20260320_063309.csv
4378,47.01416696871652,200,training_log_20260320_063309.csv
4379,179.31647827497122,45,training_log_20260320_063309.csv
4380,79.34516283975464,200,training_log_20260320_063309.csv
4381,185.56230412899836,34,training_log_20260320_063309.csv
4382,65.9746975442731,200,training_log_20260320_063309.csv
4383,47.40668742284375,200,training_log_20260320_063309.csv
4384,153.65087298190883,31,training_log_20260320_063309.csv
4385,170.08522457209938,25,training_log_20260320_063309.csv
4386,-195.51059472656087,8,training_log_20260320_063309.csv
4387,204.31647125065,40,training_log_20260320_063309.csv
4388,28.725235334058524,200,training_log_20260320_063309.csv
4389,31.827104380973108,200,training_log_20260320_063309.csv
4390,182.66213733770147,30,training_log_20260320_063309.csv
4391,74.63271837499263,200,training_log_20260320_063309.csv
4392,67.18738888404812,200,training_log_20260320_063309.csv
4393,206.16033700407397,37,training_log_20260320_063309.csv
4394,28.73795721156151,200,training_log_20260320_063309.csv
4395,130.76690027216245,200,training_log_20260320_063309.csv
4396,157.46130411696237,24,training_log_20260320_063309.csv
4397,59.14676021558549,200,training_log_20260320_063309.csv
4398,74.22883841336666,200,training_log_20260320_063309.csv
4399,122.96218151684091,31,training_log_20260320_063309.csv
4400,157.39858724040565,26,training_log_20260320_063309.csv
4401,222.93168554589187,62,training_log_20260320_063309.csv
4402,31.39853279247524,200,training_log_20260320_063309.csv
4403,192.6661966319886,34,training_log_20260320_063309.csv
4404,121.70679507865152,38,training_log_20260320_063309.csv
4405,41.69930010047417,200,training_log_20260320_063309.csv
4406,146.57492352404927,34,training_log_20260320_063309.csv
4407,221.2263753650833,43,training_log_20260320_063309.csv
4408,57.92638564825949,200,training_log_20260320_063309.csv
4409,-18.6313867109896,200,training_log_20260320_063309.csv
4410,119.00888352015156,14,training_log_20260320_063309.csv
4411,167.88585347444194,37,training_log_20260320_063309.csv
4412,139.16167053503534,33,training_log_20260320_063309.csv
4413,70.86696856771903,200,training_log_20260320_063309.csv
4414,214.433492838246,44,training_log_20260320_063309.csv
4415,180.41441912767752,47,training_log_20260320_063309.csv
4416,175.80568384365,25,training_log_20260320_063309.csv
4417,181.32944348799288,29,training_log_20260320_063309.csv
4418,54.1682180658156,200,training_log_20260320_063309.csv
4419,209.2041382827922,45,training_log_20260320_063309.csv
4420,-16.930383876022713,200,training_log_20260320_063309.csv
4421,114.12790020418824,30,training_log_20260320_063309.csv
4422,32.21804989904268,200,training_log_20260320_063309.csv
4423,150.6342807044794,43,training_log_20260320_063309.csv
4424,-2.7650047949561523,200,training_log_20260320_063309.csv
4425,156.19249297522373,28,training_log_20260320_063309.csv
4426,38.40907144243002,200,training_log_20260320_063309.csv
4427,62.5547048033225,200,training_log_20260320_063309.csv
4428,187.61838408078216,36,training_log_20260320_063309.csv
4429,69.83284641290837,200,training_log_20260320_063309.csv
4430,141.68012107976068,21,training_log_20260320_063309.csv
4431,36.72533016248466,200,training_log_20260320_063309.csv
4432,140.95520460060942,26,training_log_20260320_063309.csv
4433,169.70729975790755,24,training_log_20260320_063309.csv
4434,161.72413452612847,27,training_log_20260320_063309.csv
4435,161.41421064975972,58,training_log_20260320_063309.csv
4436,13.362051009123975,200,training_log_20260320_063309.csv
4437,227.30346478276147,64,training_log_20260320_063309.csv
4438,24.3712148551875,200,training_log_20260320_063309.csv
4439,-200.0,1,training_log_20260320_063309.csv
4440,223.98965173537715,47,training_log_20260320_063309.csv
4441,56.12265884351624,200,training_log_20260320_063309.csv
4442,-204.7412166876818,2,training_log_20260320_063309.csv
4443,75.49019578427263,200,training_log_20260320_063309.csv
4444,50.774571192947455,200,training_log_20260320_063309.csv
4445,79.67908999587792,200,training_log_20260320_063309.csv
4446,52.82181421977647,200,training_log_20260320_063309.csv
4447,224.6988031927964,35,training_log_20260320_063309.csv
4448,23.325062031468292,200,training_log_20260320_063309.csv
4449,188.81207112107452,70,training_log_20260320_063309.csv
4450,59.08949952374474,200,training_log_20260320_063309.csv
4451,148.57630952030752,28,training_log_20260320_063309.csv
4452,-200.0,1,training_log_20260320_063309.csv
4453,159.52849202345567,99,training_log_20260320_063309.csv
4454,83.47253056146647,200,training_log_20260320_063309.csv
4455,177.95938346793204,38,training_log_20260320_063309.csv
4456,66.9464931708178,200,training_log_20260320_063309.csv
4457,-187.72288844899848,4,training_log_20260320_063309.csv
4458,88.65269465107355,200,training_log_20260320_063309.csv
4459,185.38419565727477,36,training_log_20260320_063309.csv
4460,3.756606418110802,200,training_log_20260320_063309.csv
4461,55.64227636918051,200,training_log_20260320_063309.csv
4462,189.00833130880187,31,training_log_20260320_063309.csv
4463,169.531189738771,25,training_log_20260320_063309.csv
4464,-168.31335070577956,9,training_log_20260320_063309.csv
4465,221.4783682459404,42,training_log_20260320_063309.csv
4466,178.2588872813904,33,training_log_20260320_063309.csv
4467,221.9808284913065,55,training_log_20260320_063309.csv
4468,152.90192527510982,23,training_log_20260320_063309.csv
4469,120.0477402049204,200,training_log_20260320_063309.csv
4470,63.23954015614215,200,training_log_20260320_063309.csv
4471,-181.9544833848337,57,training_log_20260320_063309.csv
4472,45.29407196430536,200,training_log_20260320_063309.csv
4473,141.74972131200144,20,training_log_20260320_063309.csv
4474,-26.489922191033333,200,training_log_20260320_063309.csv
4475,237.20585237809453,40,training_log_20260320_063309.csv
4476,-183.0313162604974,10,training_log_20260320_063309.csv
4477,80.07630127575045,200,training_log_20260320_063309.csv
4478,225.1324642372824,169,training_log_20260320_063309.csv
4479,161.23762541529436,28,training_log_20260320_063309.csv
4480,148.57035290980616,19,training_log_20260320_063309.csv
4481,139.1045916765678,18,training_log_20260320_063309.csv
4482,158.85882689494127,24,training_log_20260320_063309.csv
4483,218.2278154155573,44,training_log_20260320_063309.csv
4484,28.424121395157183,200,training_log_20260320_063309.csv
4485,15.693838933272334,200,training_log_20260320_063309.csv
4486,169.27586702615616,34,training_log_20260320_063309.csv
4487,162.75414040054122,32,training_log_20260320_063309.csv
4488,160.70139139551557,39,training_log_20260320_063309.csv
4489,232.58620675929984,44,training_log_20260320_063309.csv
4490,189.05734709712303,40,training_log_20260320_063309.csv
4491,126.1790304393096,22,training_log_20260320_063309.csv
4492,82.5657209604501,200,training_log_20260320_063309.csv
4493,142.22462985253563,200,training_log_20260320_063309.csv
4494,181.48571144737843,70,training_log_20260320_063309.csv
4495,166.62443512044774,25,training_log_20260320_063309.csv
4496,6.23173878769427,200,training_log_20260320_063309.csv
4497,68.65401976277869,200,training_log_20260320_063309.csv
4498,150.82259546649115,27,training_log_20260320_063309.csv
4499,67.61182961324212,200,training_log_20260320_063309.csv
4500,160.70239982912756,24,training_log_20260320_063309.csv
4501,62.33204118352215,200,training_log_20260320_063309.csv
4502,-200.0,1,training_log_20260320_063309.csv
4503,227.9574040690877,51,training_log_20260320_063309.csv
4504,-163.02080058616045,93,training_log_20260320_063309.csv
4505,218.2436412922271,44,training_log_20260320_063309.csv
4506,181.87746851608935,24,training_log_20260320_063309.csv
4507,-3.534726461878076,200,training_log_20260320_063309.csv
4508,163.6405049763294,23,training_log_20260320_063309.csv
4509,-186.05612330797155,7,training_log_20260320_063309.csv
4510,141.1883126958196,31,training_log_20260320_063309.csv
4511,166.48843331656266,28,training_log_20260320_063309.csv
4512,-200.0,1,training_log_20260320_063309.csv
4513,17.377883369655944,200,training_log_20260320_063309.csv
4514,169.77364856292715,23,training_log_20260320_063309.csv
4515,180.33842031560363,40,training_log_20260320_063309.csv
4516,133.00540536871733,15,training_log_20260320_063309.csv
4517,42.168383501102326,200,training_log_20260320_063309.csv
4518,215.9100481349117,101,training_log_20260320_063309.csv
4519,164.49227045727278,21,training_log_20260320_063309.csv
4520,180.9143414611472,78,training_log_20260320_063309.csv
4521,141.75869188153632,45,training_log_20260320_063309.csv
4522,175.18877004622937,45,training_log_20260320_063309.csv
4523,-50.516873541379184,200,training_log_20260320_063309.csv
4524,197.33119187605547,28,training_log_20260320_063309.csv
4525,153.6983474419002,189,training_log_20260320_063309.csv
4526,-3.0997293727892927,200,training_log_20260320_063309.csv
4527,-160.12825944386688,200,training_log_20260320_063309.csv
4528,-205.6402209793084,12,training_log_20260320_063309.csv
4529,161.11248912105063,23,training_log_20260320_063309.csv
4530,132.66183974651645,15,training_log_20260320_063309.csv
4531,137.6137007103916,25,training_log_20260320_063309.csv
4532,240.5668529475993,50,training_log_20260320_063309.csv
4533,5.88539635353321,155,training_log_20260320_063309.csv
4534,204.7104754299675,31,training_log_20260320_063309.csv
4535,139.93637293989408,30,training_log_20260320_063309.csv
4536,202.73924431484053,48,training_log_20260320_063309.csv
4537,78.98543654896963,200,training_log_20260320_063309.csv
4538,-2.171648210596373,200,training_log_20260320_063309.csv
4539,-1.5536775020533948,200,training_log_20260320_063309.csv
4540,155.71104833899122,26,training_log_20260320_063309.csv
4541,165.11472326011113,26,training_log_20260320_063309.csv
4542,163.97179128786925,40,training_log_20260320_063309.csv
4543,-200.0,1,training_log_20260320_063309.csv
4544,-41.68065090214483,200,training_log_20260320_063309.csv
4545,96.6963812455148,200,training_log_20260320_063309.csv
4546,-200.0,1,training_log_20260320_063309.csv
4547,198.14911930073407,25,training_log_20260320_063309.csv
4548,143.50686581552563,27,training_log_20260320_063309.csv
4549,-146.6856342778919,200,training_log_20260320_063309.csv
4550,-192.93623356947165,72,training_log_20260320_063309.csv
4551,77.81451234625663,200,training_log_20260320_063309.csv
4552,2.036652269604473,200,training_log_20260320_063309.csv
4553,164.93630791810932,28,training_log_20260320_063309.csv
4554,35.24549277995544,200,training_log_20260320_063309.csv
4555,-200.0,1,training_log_20260320_063309.csv
4556,18.865032237552622,200,training_log_20260320_063309.csv
4557,170.63208857723177,29,training_log_20260320_063309.csv
4558,151.5651676925664,26,training_log_20260320_063309.csv
4559,158.49030838838337,24,training_log_20260320_063309.csv
4560,156.77069810239743,29,training_log_20260320_063309.csv
4561,78.26786746761749,200,training_log_20260320_063309.csv
4562,212.6712892477207,38,training_log_20260320_063309.csv
4563,30.523723108886056,200,training_log_20260320_063309.csv
4564,148.33163764430623,26,training_log_20260320_063309.csv
4565,16.242654515793507,200,training_log_20260320_063309.csv
4566,159.39013186586106,16,training_log_20260320_063309.csv
4567,38.61754847383169,200,training_log_20260320_063309.csv
4568,132.16567523341865,29,training_log_20260320_063309.csv
4569,-194.11486409806184,4,training_log_20260320_063309.csv
4570,100.0,1,training_log_20260320_063309.csv
4571,126.23765223516978,72,training_log_20260320_063309.csv
4572,170.77788261902705,22,training_log_20260320_063309.csv
4573,210.6990714508296,43,training_log_20260320_063309.csv
4574,239.6303146948381,57,training_log_20260320_063309.csv
4575,-186.98712438134783,26,training_log_20260320_063309.csv
4576,62.16230652332963,200,training_log_20260320_063309.csv
4577,164.6844860879968,26,training_log_20260320_063309.csv
4578,-200.0,1,training_log_20260320_063309.csv
4579,163.96256429977902,147,training_log_20260320_063309.csv
4580,175.76301426950778,31,training_log_20260320_063309.csv
4581,158.45894725711895,27,training_log_20260320_063309.csv
4582,69.35938197674126,200,training_log_20260320_063309.csv
4583,166.46844778745486,22,training_log_20260320_063309.csv
4584,57.65009224743936,200,training_log_20260320_063309.csv
4585,37.92242304434366,200,training_log_20260320_063309.csv
4586,50.46477353679016,200,training_log_20260320_063309.csv
4587,18.154127804617545,200,training_log_20260320_063309.csv
4588,-3.960129322382356,200,training_log_20260320_063309.csv
4589,199.67544115442485,32,training_log_20260320_063309.csv
4590,107.44297075361833,5,training_log_20260320_063309.csv
4591,98.7310938613138,3,training_log_20260320_063309.csv
4592,106.92684558642264,29,training_log_20260320_063309.csv
4593,199.2239962802165,40,training_log_20260320_063309.csv
4594,139.9743657703491,26,training_log_20260320_063309.csv
4595,42.135041449283655,200,training_log_20260320_063309.csv
4596,138.48065127967044,39,training_log_20260320_063309.csv
4597,155.2299537708787,37,training_log_20260320_063309.csv
4598,182.16889884626383,30,training_log_20260320_063309.csv
4599,5.354663916579431,200,training_log_20260320_063309.csv
4600,24.506218069400145,200,training_log_20260320_063309.csv
4601,49.688361989429154,200,training_log_20260320_063309.csv
4602,178.6972919439379,180,training_log_20260320_063309.csv
4603,164.87645201406923,28,training_log_20260320_063309.csv
4604,20.16789507700095,200,training_log_20260320_063309.csv
4605,43.5187365016448,200,training_log_20260320_063309.csv
4606,150.96266378376097,24,training_log_20260320_063309.csv
4607,-200.0,1,training_log_20260320_063309.csv
4608,173.58427179669087,43,training_log_20260320_063309.csv
4609,24.74043987452741,200,training_log_20260320_063309.csv
4610,-149.982100237731,194,training_log_20260320_063309.csv
4611,41.25360288638236,200,training_log_20260320_063309.csv
4612,32.54084895111964,66,training_log_20260320_063309.csv
4613,177.58733478841594,25,training_log_20260320_063309.csv
4614,188.20329656164603,34,training_log_20260320_063309.csv
4615,191.61718410497917,44,training_log_20260320_063309.csv
4616,175.83839271843362,33,training_log_20260320_063309.csv
4617,169.5349394579818,24,training_log_20260320_063309.csv
4618,16.80786399189915,200,training_log_20260320_063309.csv
4619,182.20549510645097,52,training_log_20260320_063309.csv
4620,-201.72405543439004,2,training_log_20260320_063309.csv
4621,139.83525530409366,22,training_log_20260320_063309.csv
4622,50.529908734121456,200,training_log_20260320_063309.csv
4623,177.35938551548907,35,training_log_20260320_063309.csv
4624,12.539132164352466,200,training_log_20260320_063309.csv
4625,220.02180033502003,49,training_log_20260320_063309.csv
4626,56.81758039278088,200,training_log_20260320_063309.csv
4627,204.04364958885316,57,training_log_20260320_063309.csv
4628,-176.3566833973251,19,training_log_20260320_063309.csv
4629,195.51175958620436,31,training_log_20260320_063309.csv
4630,42.35311144402966,200,training_log_20260320_063309.csv
4631,184.97502324949784,30,training_log_20260320_063309.csv
4632,135.61480308693345,23,training_log_20260320_063309.csv
4633,162.37853073346906,40,training_log_20260320_063309.csv
4634,-62.70945707389059,167,training_log_20260320_063309.csv
4635,105.7990592347281,200,training_log_20260320_063309.csv
4636,206.4910014045891,47,training_log_20260320_063309.csv
4637,81.40253641935682,200,training_log_20260320_063309.csv
4638,62.156007752481166,200,training_log_20260320_063309.csv
4639,170.87894801644026,46,training_log_20260320_063309.csv
4640,132.5214429562128,39,training_log_20260320_063309.csv
4641,-1.0443662622365335,200,training_log_20260320_063309.csv
4642,184.34178163737425,25,training_log_20260320_063309.csv
4643,-33.62361925392565,200,training_log_20260320_063309.csv
4644,177.93182513200156,37,training_log_20260320_063309.csv
4645,29.157732049490452,200,training_log_20260320_063309.csv
4646,176.34112459438956,39,training_log_20260320_063309.csv
4647,159.1419160032193,43,training_log_20260320_063309.csv
4648,180.50732595483828,26,training_log_20260320_063309.csv
4649,176.9171605165833,29,training_log_20260320_063309.csv
4650,22.475341138659758,200,training_log_20260320_063309.csv
4651,182.10947691300373,69,training_log_20260320_063309.csv
4652,215.3789324460612,34,training_log_20260320_063309.csv
4653,138.5177056866546,18,training_log_20260320_063309.csv
4654,33.76563195897699,200,training_log_20260320_063309.csv
4655,36.26978779443176,200,training_log_20260320_063309.csv
4656,153.1615182100995,22,training_log_20260320_063309.csv
4657,143.32881223655818,31,training_log_20260320_063309.csv
4658,204.54276494072627,39,training_log_20260320_063309.csv
4659,45.07292009569184,200,training_log_20260320_063309.csv
4660,157.742294131202,29,training_log_20260320_063309.csv
4661,208.52087515917663,45,training_log_20260320_063309.csv
4662,184.59065723683503,45,training_log_20260320_063309.csv
4663,244.03248900247556,46,training_log_20260320_063309.csv
4664,54.246411943060544,200,training_log_20260320_063309.csv
4665,126.35283956718922,17,training_log_20260320_063309.csv
4666,149.98727673529802,27,training_log_20260320_063309.csv
4667,246.099371692513,51,training_log_20260320_063309.csv
4668,-191.4925517352222,13,training_log_20260320_063309.csv
4669,85.89160546496815,200,training_log_20260320_063309.csv
4670,180.5114759632181,28,training_log_20260320_063309.csv
4671,39.48915103701872,200,training_log_20260320_063309.csv
4672,181.2038354200389,48,training_log_20260320_063309.csv
4673,-200.0,1,training_log_20260320_063309.csv
4674,-199.55180849459785,14,training_log_20260320_063309.csv
4675,-51.33816483661025,200,training_log_20260320_063309.csv
4676,84.25154849008638,200,training_log_20260320_063309.csv
4677,47.993827483374695,200,training_log_20260320_063309.csv
4678,144.78845583127014,33,training_log_20260320_063309.csv
4679,220.93299374452903,50,training_log_20260320_063309.csv
4680,91.37634679743944,200,training_log_20260320_063309.csv
4681,186.01686526834203,26,training_log_20260320_063309.csv
4682,35.03189068410621,200,training_log_20260320_063309.csv
4683,34.15522620896771,200,training_log_20260320_063309.csv
4684,186.76448714397685,33,training_log_20260320_063309.csv
4685,162.52195944072798,27,training_log_20260320_063309.csv
4686,105.42483346012872,13,training_log_20260320_063309.csv
4687,-58.12022707831829,200,training_log_20260320_063309.csv
4688,19.92008113520043,200,training_log_20260320_063309.csv
4689,120.4288314334545,200,training_log_20260320_063309.csv
4690,186.1751574211449,59,training_log_20260320_063309.csv
4691,34.92590909631275,174,training_log_20260320_063309.csv
4692,181.8689179210899,38,training_log_20260320_063309.csv
4693,43.30124100599972,200,training_log_20260320_063309.csv
4694,78.56786265057386,200,training_log_20260320_063309.csv
4695,37.44458545038206,200,training_log_20260320_063309.csv
4696,-18.557616832335853,200,training_log_20260320_063309.csv
4697,-87.50296338942829,200,training_log_20260320_063309.csv
4698,219.82919970283567,53,training_log_20260320_063309.csv
4699,164.17844612904958,48,training_log_20260320_063309.csv
4700,179.41451234930275,29,training_log_20260320_063309.csv
4701,-74.69292824049323,200,training_log_20260320_063309.csv
4702,-38.59952922151508,200,training_log_20260320_063309.csv
4703,23.770461163813565,200,training_log_20260320_063309.csv
4704,122.08863823371593,200,training_log_20260320_063309.csv
4705,90.2581981148546,200,training_log_20260320_063309.csv
4706,155.61876213836564,19,training_log_20260320_063309.csv
4707,218.63593801060136,44,training_log_20260320_063309.csv
4708,189.83122909634488,32,training_log_20260320_063309.csv
4709,178.59683187378,43,training_log_20260320_063309.csv
4710,205.41892238631917,28,training_log_20260320_063309.csv
4711,38.90314778417491,200,training_log_20260320_063309.csv
4712,-178.73425901076035,8,training_log_20260320_063309.csv
4713,-10.520275605403397,200,training_log_20260320_063309.csv
4714,83.5299912394713,200,training_log_20260320_063309.csv
4715,201.0983569407,34,training_log_20260320_063309.csv
4716,-20.25076177208237,200,training_log_20260320_063309.csv
4717,147.76405058838895,33,training_log_20260320_063309.csv
4718,140.0466378602637,186,training_log_20260320_063309.csv
4719,62.63142693709489,200,training_log_20260320_063309.csv
4720,88.51152251948274,200,training_log_20260320_063309.csv
4721,187.0684357269252,29,training_log_20260320_063309.csv
4722,170.13346380630645,28,training_log_20260320_063309.csv
4723,155.12269285953826,31,training_log_20260320_063309.csv
4724,53.22948606601447,200,training_log_20260320_063309.csv
4725,172.59820029260595,33,training_log_20260320_063309.csv
4726,130.48084480110944,200,training_log_20260320_063309.csv
4727,192.823300269401,27,training_log_20260320_063309.csv
4728,54.06005226570353,200,training_log_20260320_063309.csv
4729,112.19823582997712,14,training_log_20260320_063309.csv
4730,177.581109355999,25,training_log_20260320_063309.csv
4731,153.02792921749906,47,training_log_20260320_063309.csv
4732,-5.910559222152106,200,training_log_20260320_063309.csv
4733,23.019068138963803,200,training_log_20260320_063309.csv
4734,27.046282812629475,200,training_log_20260320_063309.csv
4735,175.59724940196972,62,training_log_20260320_063309.csv
4736,136.33177936552542,200,training_log_20260320_063309.csv
4737,177.61802071138698,26,training_log_20260320_063309.csv
4738,135.48558213321874,67,training_log_20260320_063309.csv
4739,147.98118474271843,23,training_log_20260320_063309.csv
4740,254.28456765383336,55,training_log_20260320_063309.csv
4741,11.910002387401812,200,training_log_20260320_063309.csv
4742,187.00382174582467,30,training_log_20260320_063309.csv
4743,151.72742440809554,24,training_log_20260320_063309.csv
4744,-8.70897017535711,36,training_log_20260320_063309.csv
4745,185.4497990690278,48,training_log_20260320_063309.csv
4746,159.12143621317688,26,training_log_20260320_063309.csv
4747,-5.562521738129496,200,training_log_20260320_063309.csv
4748,45.41727535703391,200,training_log_20260320_063309.csv
4749,42.10562186190022,200,training_log_20260320_063309.csv
4750,47.66388907333351,200,training_log_20260320_063309.csv
4751,-64.77056148413811,200,training_log_20260320_063309.csv
4752,7.761633746734704,200,training_log_20260320_063309.csv
4753,227.87499929687883,43,training_log_20260320_063309.csv
4754,-227.92570567039857,24,training_log_20260320_063309.csv
4755,-24.321925525441586,200,training_log_20260320_063309.csv
4756,148.6267770633874,25,training_log_20260320_063309.csv
4757,173.45061251294695,34,training_log_20260320_063309.csv
4758,18.782679188100964,200,training_log_20260320_063309.csv
4759,173.89067295700278,26,training_log_20260320_063309.csv
4760,50.61606321994181,200,training_log_20260320_063309.csv
4761,154.1584370390786,66,training_log_20260320_063309.csv
4762,124.5221422644521,79,training_log_20260320_063309.csv
4763,140.21800151177936,43,training_log_20260320_063309.csv
4764,127.81860891934768,26,training_log_20260320_063309.csv
4765,135.8941757975737,200,training_log_20260320_063309.csv
4766,32.55668263980373,200,training_log_20260320_063309.csv
4767,146.19989850555004,55,training_log_20260320_063309.csv
4768,165.27257830261075,27,training_log_20260320_063309.csv
4769,187.5634219250072,36,training_log_20260320_063309.csv
4770,-200.0,1,training_log_20260320_063309.csv
4771,154.29260456451456,34,training_log_20260320_063309.csv
4772,51.39008520824908,200,training_log_20260320_063309.csv
4773,173.46416104146942,32,training_log_20260320_063309.csv
4774,152.66603215437442,25,training_log_20260320_063309.csv
4775,228.06053727623623,42,training_log_20260320_063309.csv
4776,56.524042562262,200,training_log_20260320_063309.csv
4777,72.52713597494015,200,training_log_20260320_063309.csv
4778,23.225282244080297,200,training_log_20260320_063309.csv
4779,70.30620241292165,200,training_log_20260320_063309.csv
4780,235.09254023657203,49,training_log_20260320_063309.csv
4781,-21.068795130243963,200,training_log_20260320_063309.csv
4782,99.96852525275446,200,training_log_20260320_063309.csv
4783,170.3232935360259,28,training_log_20260320_063309.csv
4784,46.37718399231915,200,training_log_20260320_063309.csv
4785,58.42953998918234,200,training_log_20260320_063309.csv
4786,137.53493442371405,14,training_log_20260320_063309.csv
4787,154.30561060229914,32,training_log_20260320_063309.csv
4788,46.04248485485752,200,training_log_20260320_063309.csv
4789,23.68780853695341,200,training_log_20260320_063309.csv
4790,203.1122753459049,30,training_log_20260320_063309.csv
4791,165.1390540298597,68,training_log_20260320_063309.csv
4792,201.4147753550459,130,training_log_20260320_063309.csv
4793,37.723919831352745,161,training_log_20260320_063309.csv
4794,193.60083463169175,30,training_log_20260320_063309.csv
4795,164.0923427704325,46,training_log_20260320_063309.csv
4796,205.8380944213769,38,training_log_20260320_063309.csv
4797,-13.41976087809294,200,training_log_20260320_063309.csv
4798,172.0995554223507,62,training_log_20260320_063309.csv
4799,189.3894559923584,53,training_log_20260320_063309.csv
4800,62.177566504495736,200,training_log_20260320_063309.csv
4801,17.65841693966859,200,training_log_20260320_063309.csv
4802,178.47487844030934,38,training_log_20260320_063309.csv
4803,224.6631010350233,42,training_log_20260320_063309.csv
4804,46.46799227202861,200,training_log_20260320_063309.csv
4805,32.50082073333325,200,training_log_20260320_063309.csv
4806,-38.12529458113448,200,training_log_20260320_063309.csv
4807,150.25248231169056,22,training_log_20260320_063309.csv
4808,3.08423309701203,200,training_log_20260320_063309.csv
4809,-160.78553087466176,200,training_log_20260320_063309.csv
4810,22.25109369114946,200,training_log_20260320_063309.csv
4811,-24.55523548908161,200,training_log_20260320_063309.csv
4812,66.69277879517318,200,training_log_20260320_063309.csv
4813,49.49560301061799,200,training_log_20260320_063309.csv
4814,-56.47010045917091,200,training_log_20260320_063309.csv
4815,114.2938373662006,23,training_log_20260320_063309.csv
4816,199.1480636870906,44,training_log_20260320_063309.csv
4817,104.95365924719592,29,training_log_20260320_063309.csv
4818,135.48467646300406,18,training_log_20260320_063309.csv
4819,156.12590369996872,42,training_log_20260320_063309.csv
4820,-8.845212499542736,200,training_log_20260320_063309.csv
4821,56.7454987765266,200,training_log_20260320_063309.csv
4822,-9.066854892620468,200,training_log_20260320_063309.csv
4823,41.409807783406265,200,training_log_20260320_063309.csv
4824,28.930652792834916,200,training_log_20260320_063309.csv
4825,135.41317766352643,35,training_log_20260320_063309.csv
4826,116.8736030341628,175,training_log_20260320_063309.csv
4827,113.99722475555583,61,training_log_20260320_063309.csv
4828,-55.65231888258053,200,training_log_20260320_063309.csv
4829,120.05191917166457,27,training_log_20260320_063309.csv
4830,1.873337253127745,200,training_log_20260320_063309.csv
4831,-7.15207261696558,200,training_log_20260320_063309.csv
4832,-28.20748242101981,200,training_log_20260320_063309.csv
4833,145.3218812954988,19,training_log_20260320_063309.csv
4834,7.094666305486681,200,training_log_20260320_063309.csv
4835,129.81854813629965,14,training_log_20260320_063309.csv
4836,163.01200536497134,56,training_log_20260320_063309.csv
4837,77.75679694141404,200,training_log_20260320_063309.csv
4838,176.77787831282618,37,training_log_20260320_063309.csv
4839,144.30901651554677,27,training_log_20260320_063309.csv
4840,66.13244605025714,200,training_log_20260320_063309.csv
4841,-3.1192068437746183,200,training_log_20260320_063309.csv
4842,230.854369293956,56,training_log_20260320_063309.csv
4843,-205.8602229486625,14,training_log_20260320_063309.csv
4844,144.9526040782451,30,training_log_20260320_063309.csv
4845,-177.47404594760297,161,training_log_20260320_063309.csv
4846,-26.629469322091477,65,training_log_20260320_063309.csv
4847,71.23093923039391,200,training_log_20260320_063309.csv
4848,187.2029256029616,42,training_log_20260320_063309.csv
4849,1.914445655784102,200,training_log_20260320_063309.csv
4850,184.55810134375224,54,training_log_20260320_063309.csv
4851,162.59654225546203,22,training_log_20260320_063309.csv
4852,-27.118235955406934,200,training_log_20260320_063309.csv
4853,182.91608436852735,28,training_log_20260320_063309.csv
4854,102.28117990433778,9,training_log_20260320_063309.csv
4855,173.77301885021905,23,training_log_20260320_063309.csv
4856,165.97168764442262,22,training_log_20260320_063309.csv
4857,248.076918276012,50,training_log_20260320_063309.csv
4858,152.73864010989865,24,training_log_20260320_063309.csv
4859,38.108026418379005,200,training_log_20260320_063309.csv
4860,167.3362298436444,38,training_log_20260320_063309.csv
4861,173.64433616029558,93,training_log_20260320_063309.csv
4862,140.05238265633852,23,training_log_20260320_063309.csv
4863,12.62743036941312,200,training_log_20260320_063309.csv
4864,-7.721540629156892,200,training_log_20260320_063309.csv
4865,197.5981937668964,30,training_log_20260320_063309.csv
4866,50.09458579481287,200,training_log_20260320_063309.csv
4867,2.08589041903894,60,training_log_20260320_063309.csv
4868,133.6490948807575,79,training_log_20260320_063309.csv
4869,-200.0,1,training_log_20260320_063309.csv
4870,135.15145888765835,32,training_log_20260320_063309.csv
4871,200.94653789933125,35,training_log_20260320_063309.csv
4872,3.3887874903256137,200,training_log_20260320_063309.csv
4873,-11.273073779029913,200,training_log_20260320_063309.csv
4874,-6.126040595524557,200,training_log_20260320_063309.csv
4875,171.85094339222167,35,training_log_20260320_063309.csv
4876,-17.626314989681312,200,training_log_20260320_063309.csv
4877,30.213331088726783,200,training_log_20260320_063309.csv
4878,231.2517679977953,45,training_log_20260320_063309.csv
4879,-1.1026909994337135,200,training_log_20260320_063309.csv
4880,-200.0,1,training_log_20260320_063309.csv
4881,179.45721784138527,30,training_log_20260320_063309.csv
4882,44.87385951331506,200,training_log_20260320_063309.csv
4883,27.77533051797196,200,training_log_20260320_063309.csv
4884,-200.0,1,training_log_20260320_063309.csv
4885,22.34773697831169,200,training_log_20260320_063309.csv
4886,41.03013283285371,200,training_log_20260320_063309.csv
4887,202.98180876023983,34,training_log_20260320_063309.csv
4888,5.39632711703427,200,training_log_20260320_063309.csv
4889,-168.82511169562608,22,training_log_20260320_063309.csv
4890,179.0385467733517,45,training_log_20260320_063309.csv
4891,-15.269568049451289,200,training_log_20260320_063309.csv
4892,-163.08380635729958,9,training_log_20260320_063309.csv
4893,194.4064029069592,39,training_log_20260320_063309.csv
4894,23.740505254558705,200,training_log_20260320_063309.csv
4895,225.02377352842376,39,training_log_20260320_063309.csv
4896,36.12320961895443,200,training_log_20260320_063309.csv
4897,169.3661341613468,27,training_log_20260320_063309.csv
4898,204.29666103031064,28,training_log_20260320_063309.csv
4899,159.52604863906038,25,training_log_20260320_063309.csv
4900,-169.18809364725206,10,training_log_20260320_063309.csv
4901,-51.47133548063218,200,training_log_20260320_063309.csv
4902,197.1904698891231,41,training_log_20260320_063309.csv
4903,173.20829587972366,34,training_log_20260320_063309.csv
4904,74.82320954215515,200,training_log_20260320_063309.csv
4905,58.50954766848365,200,training_log_20260320_063309.csv
4906,-38.91314855761021,200,training_log_20260320_063309.csv
4907,208.27400637915568,35,training_log_20260320_063309.csv
4908,164.03620510615218,25,training_log_20260320_063309.csv
4909,161.8673093171488,41,training_log_20260320_063309.csv
4910,88.57301131451887,200,training_log_20260320_063309.csv
4911,-65.21115875099952,200,training_log_20260320_063309.csv
4912,131.12092483278684,115,training_log_20260320_063309.csv
4913,36.52880934857094,200,training_log_20260320_063309.csv
4914,42.603269942574045,200,training_log_20260320_063309.csv
4915,-212.06788380037463,117,training_log_20260320_063309.csv
4916,4.4649139118689165,200,training_log_20260320_063309.csv
4917,28.338365080509888,200,training_log_20260320_063309.csv
4918,222.0538151103607,47,training_log_20260320_063309.csv
4919,40.41035871954111,200,training_log_20260320_063309.csv
4920,-8.872969112009535,70,training_log_20260320_063309.csv
4921,53.98837239946245,200,training_log_20260320_063309.csv
4922,12.672269775193325,200,training_log_20260320_063309.csv
4923,260.2012339824585,54,training_log_20260320_063309.csv
4924,183.89124689819988,35,training_log_20260320_063309.csv
4925,56.496287050577685,200,training_log_20260320_063309.csv
4926,145.46361038334513,146,training_log_20260320_063309.csv
4927,23.23815916989629,200,training_log_20260320_063309.csv
4928,186.0115848312102,31,training_log_20260320_063309.csv
4929,100.0,1,training_log_20260320_063309.csv
4930,162.2208636925073,75,training_log_20260320_063309.csv
4931,164.2627524561697,22,training_log_20260320_063309.csv
4932,29.64149740343463,200,training_log_20260320_063309.csv
4933,182.2256655477688,30,training_log_20260320_063309.csv
4934,138.3048427481139,20,training_log_20260320_063309.csv
4935,165.01847434698828,23,training_log_20260320_063309.csv
4936,168.14308428529563,27,training_log_20260320_063309.csv
4937,169.79310260482657,37,training_log_20260320_063309.csv
4938,52.42857528968895,200,training_log_20260320_063309.csv
4939,173.2246051739624,28,training_log_20260320_063309.csv
4940,177.60245250491727,40,training_log_20260320_063309.csv
4941,181.16646801809327,40,training_log_20260320_063309.csv
4942,119.3195790244258,200,training_log_20260320_063309.csv
4943,150.6215977727483,32,training_log_20260320_063309.csv
4944,130.453630059203,30,training_log_20260320_063309.csv
4945,113.85582395434696,200,training_log_20260320_063309.csv
4946,112.04176420336265,4,training_log_20260320_063309.csv
4947,84.54234139340895,200,training_log_20260320_063309.csv
4948,52.41522615327282,200,training_log_20260320_063309.csv
4949,176.18055528612058,25,training_log_20260320_063309.csv
4950,191.83415158641105,40,training_log_20260320_063309.csv
4951,185.54035957298763,42,training_log_20260320_063309.csv
4952,156.62814220829034,22,training_log_20260320_063309.csv
4953,13.740168600563075,200,training_log_20260320_063309.csv
4954,69.82585276242298,200,training_log_20260320_063309.csv
4955,154.97475047981106,31,training_log_20260320_063309.csv
4956,168.4981150001184,39,training_log_20260320_063309.csv
4957,171.3688669873084,27,training_log_20260320_063309.csv
4958,203.54564380487088,56,training_log_20260320_063309.csv
4959,212.3913196009762,41,training_log_20260320_063309.csv
4960,51.31368411056137,200,training_log_20260320_063309.csv
4961,133.3705899249741,200,training_log_20260320_063309.csv
4962,51.27281022119157,200,training_log_20260320_063309.csv
4963,81.58957834752132,200,training_log_20260320_063309.csv
4964,180.16886952484708,26,training_log_20260320_063309.csv
4965,170.13640196872274,22,training_log_20260320_063309.csv
4966,-202.2451774359252,4,training_log_20260320_063309.csv
4967,100.0,1,training_log_20260320_063309.csv
4968,201.3321312679588,39,training_log_20260320_063309.csv
4969,158.24117919759968,24,training_log_20260320_063309.csv
4970,197.2458187598353,33,training_log_20260320_063309.csv
4971,39.29315870915547,200,training_log_20260320_063309.csv
4972,129.63649099654052,141,training_log_20260320_063309.csv
4973,168.66749986426302,38,training_log_20260320_063309.csv
4974,91.57303563481328,200,training_log_20260320_063309.csv
4975,-210.58281975232512,17,training_log_20260320_063309.csv
4976,161.9666277686965,26,training_log_20260320_063309.csv
4977,52.263273365356696,200,training_log_20260320_063309.csv
4978,197.7350628037852,127,training_log_20260320_063309.csv
4979,15.544930359813833,200,training_log_20260320_063309.csv
4980,198.66925419971977,36,training_log_20260320_063309.csv
4981,68.65390817165611,200,training_log_20260320_063309.csv
4982,149.27480424351745,33,training_log_20260320_063309.csv
4983,50.86781615391496,200,training_log_20260320_063309.csv
4984,40.81013363526567,200,training_log_20260320_063309.csv
4985,102.50381102159916,200,training_log_20260320_063309.csv
4986,69.47669448630305,200,training_log_20260320_063309.csv
4987,195.59818655158685,65,training_log_20260320_063309.csv
4988,83.68260948713939,200,training_log_20260320_063309.csv
4989,240.69690152853343,42,training_log_20260320_063309.csv
4990,78.09072805160137,200,training_log_20260320_063309.csv
4991,141.73019807555946,34,training_log_20260320_063309.csv
4992,-143.18430673169502,45,training_log_20260320_063309.csv
4993,217.47730299411768,42,training_log_20260320_063309.csv
4994,68.3798723815963,200,training_log_20260320_063309.csv
4995,171.9758639771891,38,training_log_20260320_063309.csv
4996,191.47979536117677,30,training_log_20260320_063309.csv
4997,144.26058052052767,19,training_log_20260320_063309.csv
4998,61.79118166766311,200,training_log_20260320_063309.csv
4999,140.31812909851854,79,training_log_20260320_063309.csv
