episode,reward,steps,train_success,train_collision,train_timeout,final_distance,exploration_noise
0,-180.01049852508928,200,0,0,1,21.295979214217628,0.05
1,-160.15045672455457,136,0,0,0,23.332108292366698,0.05
2,-188.2702679053745,161,0,0,0,18.900209067218757,0.05
3,-222.1842573179639,180,0,0,0,24.97872413650653,0.05
4,-90.63807533103406,200,0,0,1,15.282400680171188,0.05
5,-220.0119954161665,169,0,0,0,24.161577802053202,0.05
6,-174.57223754576415,58,0,0,0,22.58347312604277,0.05
7,-168.5570961199433,114,0,0,0,19.466500054221974,0.05
8,-257.5944358171427,52,0,0,0,31.993267029742487,0.05
9,-183.24645573790505,43,0,0,0,22.570379352972,0.05
10,-227.081232240922,48,0,0,0,25.416970926772656,0.05
11,-242.27568413847905,98,0,0,0,24.316749566441086,0.05
12,-147.22540469397154,112,0,0,0,17.446492429420193,0.05
13,-171.38628071493468,109,0,0,0,22.42861966826118,0.05
14,-169.69010649985205,135,0,0,0,17.063189922863987,0.05
15,2.326994220921165,100,0,0,0,5.131520660244145,0.05
16,-125.60428852914809,135,0,0,0,15.273908572077202,0.05
17,-205.5318156598451,200,0,0,1,26.58797315646506,0.05
18,-120.93983399135898,200,0,0,1,20.7195753694798,0.05
19,-119.3856729151392,160,0,0,0,18.26884833078857,0.05
20,-42.591998192979574,200,0,0,1,10.817121192939457,0.05
21,221.4476558064486,57,1,0,0,1.4790717928191837,0.05
22,165.87582840960908,43,1,0,0,1.4609271114457505,0.05
23,79.16828523307589,165,0,0,0,4.773960955118322,0.05
24,34.718796440075856,200,0,0,1,12.932914289822802,0.05
25,154.2852581873882,157,1,0,0,1.495513706797202,0.05
26,29.390041456403278,200,0,0,1,6.7291703768443245,0.05
27,59.776965020291705,200,0,0,1,2.949852871910733,0.05
28,73.90691769452916,200,0,0,1,2.406992184014093,0.05
29,31.034092502660528,200,0,0,1,6.620883235290365,0.05
30,149.9018280396784,23,1,0,0,1.479631025029006,0.05
31,6.872453554675536,200,0,0,1,4.508019283933452,0.05
32,20.440195023851704,200,0,0,1,7.634405954066861,0.05
33,-8.487970212090245,200,0,0,1,7.683691552338675,0.05
34,24.372992847718493,180,0,0,0,5.069497230475362,0.05
35,-34.427206058299724,200,0,0,1,8.713837757224924,0.05
36,9.447891884622413,200,0,0,1,8.507951460400662,0.05
37,59.88533145528608,200,0,0,1,3.2755532801173395,0.05
38,168.70683092278665,43,1,0,0,1.4773126235961764,0.05
39,168.5495470556388,23,1,0,0,1.3690676118879892,0.05
40,32.316150893760565,200,0,0,1,3.507556890425708,0.05
41,54.60644384605004,200,0,0,1,4.675483596372883,0.05
42,-2.806161135986398,200,0,0,1,8.729517934783635,0.05
43,117.96397242073172,200,0,0,1,3.7293000380867385,0.05
44,192.25831928099743,40,1,0,0,1.4218222696870164,0.05
45,14.653386177212058,200,0,0,1,8.624545269971266,0.05
46,153.2526353149056,90,1,0,0,1.4805903318668703,0.05
47,19.429282710103806,200,0,0,1,7.433789427249127,0.05
48,48.737976871555986,200,0,0,1,3.3089223911534473,0.05
49,138.97813151656666,200,0,0,1,3.1952749788354833,0.05
50,25.9598961602526,200,0,0,1,3.397497563901906,0.05
51,-1.7582037643557225,200,0,0,1,4.9918340244148975,0.05
52,45.83202948901468,200,0,0,1,5.166028022958379,0.05
53,249.24840199984533,136,1,0,0,1.4738115284748612,0.05
54,46.24429385297188,200,0,0,1,5.8492969622234865,0.05
55,188.5429012826396,46,1,0,0,1.4869475983048355,0.05
56,57.38405246998576,200,0,0,1,4.341948436192825,0.05
57,29.214996895909174,200,0,0,1,5.129861457938325,0.05
58,27.98635135425056,200,0,0,1,6.2862619482498285,0.05
59,44.76652713330163,200,0,0,1,5.055884955673736,0.05
60,184.60089432302647,36,1,0,0,1.4397151525081893,0.05
61,-83.78977620366545,200,0,0,1,11.208574885168575,0.05
62,188.23184985935993,46,1,0,0,1.4752556071180933,0.05
63,-13.473087451623181,200,0,0,1,9.780643935011737,0.05
64,123.62131509864146,14,1,0,0,1.431762928964155,0.05
65,-70.24443093064824,176,0,0,0,12.269274781461503,0.05
66,129.92041925204032,10,1,0,0,1.449272344104944,0.05
67,-86.3812862911187,162,0,0,0,14.590677805543107,0.05
68,-63.24833546470204,200,0,0,1,12.286309562198474,0.05
69,144.34738289946245,17,1,0,0,1.4887027203127041,0.05
70,180.45226340102232,46,1,0,0,1.408898504893765,0.05
71,-42.901444917394755,200,0,0,1,12.867442209366,0.05
72,7.954063833815121,200,0,0,1,10.08658103578771,0.05
73,27.599492248766204,200,0,0,1,8.056535471700562,0.05
74,-73.53938403282038,200,0,0,1,9.696424516446275,0.05
75,119.19512241403605,200,0,0,1,3.981958413081677,0.05
76,40.88702886749244,200,0,0,1,3.4724228161531188,0.05
77,54.59721117529932,200,0,0,1,3.07903213329442,0.05
78,159.56894230441733,58,1,0,0,1.4593740329786513,0.05
79,91.80788338425921,200,0,0,1,3.2549956043519863,0.05
80,43.18410050969251,200,0,0,1,4.174388035686042,0.05
81,-5.4926212316447485,200,0,0,1,9.131202035094768,0.05
82,47.11891573775894,200,0,0,1,3.415120161909299,0.05
83,39.900831701922634,200,0,0,1,4.18704983156567,0.05
84,37.052793987011654,200,0,0,1,3.1799430580227823,0.05
85,64.54869614158203,200,0,0,1,3.545094090070955,0.05
86,65.49199099544313,200,0,0,1,1.85643625504636,0.05
87,36.488249671752584,200,0,0,1,2.0333027914304656,0.05
88,167.51151197250056,72,1,0,0,1.4994095330579045,0.05
89,42.121813459297314,200,0,0,1,4.223738387278543,0.05
90,26.482796172082043,200,0,0,1,2.2457137271694694,0.05
91,189.36510391180255,179,1,0,0,1.4786987874972684,0.05
92,154.9677663566804,40,1,0,0,1.4641140107093262,0.05
93,192.18811613445033,31,1,0,0,1.4274804218228827,0.05
94,147.80230394069315,25,1,0,0,1.4966812946224413,0.05
95,151.37072317091906,88,1,0,0,1.4617806174145453,0.05
96,152.9069441451508,40,1,0,0,1.3320481545055816,0.05
97,50.14685042098248,200,0,0,1,3.326949594649132,0.05
98,109.1217444908061,200,0,0,1,5.4168620585835,0.05
99,175.42136800504272,66,1,0,0,1.464795509348726,0.05
100,34.65578405570002,200,0,0,1,4.266102117381681,0.05
101,104.23755613304166,200,0,0,1,3.417029348896535,0.05
102,166.98696286883523,105,1,0,0,1.4853578415274418,0.05
103,-61.832372217342495,111,0,0,0,9.21093710602352,0.05
104,-157.28910549180438,152,0,0,0,20.068603525886466,0.05
105,37.844070008947874,200,0,0,1,1.927096780770503,0.05
106,101.48115466076925,200,0,0,1,4.525229648156925,0.05
107,173.55476756008903,30,1,0,0,1.4212011236127708,0.05
108,-156.17192822447038,150,0,0,0,24.196620872940578,0.05
109,166.69718669514836,30,1,0,0,1.4304272882333053,0.05
110,97.45713231847743,200,0,0,1,3.4481633328484116,0.05
111,191.91892724079125,41,1,0,0,1.4411648224223603,0.05
112,48.251761131922684,200,0,0,1,4.632476955796125,0.05
113,51.465511771319285,200,0,0,1,2.6566984956333295,0.05
114,151.8324037896062,15,1,0,0,1.4062921400746458,0.05
115,145.432734299272,14,1,0,0,1.314547895292732,0.05
116,35.11158600105651,200,0,0,1,3.273634494988641,0.05
117,124.12250411637848,126,1,0,0,1.3939331650278728,0.05
118,204.11756152235017,32,1,0,0,1.410183679897057,0.05
119,143.10085549637733,105,1,0,0,1.4962773648486163,0.05
120,9.657695761403376,200,0,0,1,4.903579865361987,0.05
121,70.4929697029637,200,0,0,1,2.7568577412348523,0.05
122,187.1179161362125,54,1,0,0,1.4590900351986564,0.05
123,-11.308933041791871,200,0,0,1,3.4965354401710176,0.05
124,178.98829918139216,104,1,0,0,1.4244417517795864,0.05
125,177.07042567479937,151,1,0,0,1.4524042926067908,0.05
126,134.39891894518115,14,1,0,0,1.467288919465095,0.05
127,16.881299517512172,200,0,0,1,3.562183669410823,0.05
128,49.03369531604353,200,0,0,1,2.618763944921551,0.05
129,163.76593381872306,31,1,0,0,1.4794577783355416,0.05
130,150.86161985034374,20,1,0,0,1.4044514717778829,0.05
131,26.418062528257998,200,0,0,1,4.153845822593763,0.05
132,160.73388915459063,25,1,0,0,1.4949182144444244,0.05
133,69.87298518347026,200,0,0,1,2.3627141321696605,0.05
134,160.27038601922857,21,1,0,0,1.29629904445374,0.05
135,153.15561141913517,200,0,0,1,3.529998990177425,0.05
136,-2.1401779323820103,200,0,0,1,5.686049188600576,0.05
137,139.83111733330458,19,1,0,0,1.301702593644162,0.05
138,20.48658851025953,200,0,0,1,2.31488735302274,0.05
139,107.60201519614091,200,0,0,1,4.637333220700023,0.05
140,163.20696776652136,51,1,0,0,1.486098149230648,0.05
141,157.38403563105112,15,1,0,0,1.4214086441144798,0.05
142,52.61030013271642,200,0,0,1,4.490987585141578,0.05
143,74.34480948596205,200,0,0,1,4.969727576352114,0.05
144,158.6273644116901,25,1,0,0,1.3879440798841989,0.05
145,192.76849350663593,141,1,0,0,1.4852096655095472,0.05
146,234.10813416955222,159,1,0,0,1.4715747142425566,0.05
147,188.43698491125912,27,1,0,0,1.3374897381410418,0.05
148,42.25669496400136,200,0,0,1,4.41394749209146,0.05
149,57.962461433305805,200,0,0,1,3.1953669870442134,0.05
150,166.40052973051155,124,1,0,0,1.4134509546936582,0.05
151,50.377022430486846,200,0,0,1,2.190573885262476,0.05
152,89.71738892859935,200,0,0,1,3.345288885059108,0.05
153,59.91595598016705,200,0,0,1,2.9258661646954844,0.05
154,171.32078235888582,19,1,0,0,1.4060753376767834,0.05
155,41.15076392207052,200,0,0,1,4.563429783160407,0.05
156,72.47174037885421,200,0,0,1,2.908071962218361,0.05
157,142.54086375938812,19,1,0,0,1.4709535810952121,0.05
158,66.22753539529008,200,0,0,1,3.6000565806331086,0.05
159,46.228816371665935,200,0,0,1,5.603257600981912,0.05
160,16.907008767608016,200,0,0,1,4.839796724968044,0.05
161,16.051828288697052,200,0,0,1,3.147838328883146,0.05
162,58.682031020465054,200,0,0,1,2.1392532843313052,0.05
163,160.33600513329745,20,1,0,0,1.4066536927639073,0.05
164,158.3287682199013,20,1,0,0,1.440406731301591,0.05
165,179.8172022341367,66,1,0,0,1.4812978434778774,0.05
166,100.0,1,1,0,0,1.4651474493021643,0.05
167,157.27409453345985,16,1,0,0,1.3361447416124792,0.05
168,126.52549448814719,200,0,0,1,3.617988650658113,0.05
169,115.65392047378829,5,1,0,0,1.3944757005115707,0.05
170,80.41263763240754,200,0,0,1,4.393854782938932,0.05
171,51.93655890095503,200,0,0,1,2.8766802771768103,0.05
172,133.78848786161987,200,0,0,1,3.696231292893845,0.05
173,153.26617331054854,20,1,0,0,1.4049199380007564,0.05
174,164.66659517112674,20,1,0,0,1.4302012627436873,0.05
175,189.94876228694415,62,1,0,0,1.4811621868626696,0.05
176,199.50825040887435,126,1,0,0,1.4522122942060733,0.05
177,48.14398155583688,200,0,0,1,2.088733160396514,0.05
178,177.1665762724106,39,1,0,0,1.4444854670885146,0.05
179,82.0210689874738,200,0,0,1,3.017055923674511,0.05
180,203.80122063356959,95,1,0,0,1.4822688088353864,0.05
181,119.10013754746205,5,1,0,0,1.3049476219923215,0.05
182,51.36707005337502,200,0,0,1,2.6113860850015196,0.05
183,159.55732861071868,20,1,0,0,1.4820996507201494,0.05
184,214.2106219236823,34,1,0,0,1.3681264771289716,0.05
185,16.31564138315231,200,0,0,1,4.96505675214925,0.05
186,87.03645900662826,200,0,0,1,3.814198853066052,0.05
187,21.59565342536786,200,0,0,1,2.5883512909636597,0.05
188,43.44879648509829,200,0,0,1,4.204217300315097,0.05
189,43.17054973477788,200,0,0,1,3.818769868898182,0.05
190,184.57779209352415,43,1,0,0,1.4978573331759601,0.05
191,55.70293594394958,200,0,0,1,1.8202685362243765,0.05
192,136.95615948178568,14,1,0,0,1.4285721248491323,0.05
193,155.1593866267879,32,1,0,0,1.4907391171157371,0.05
194,162.6622969321306,38,1,0,0,1.469383759739333,0.05
195,199.93940424175844,23,1,0,0,1.2448118656635316,0.05
196,182.61722348535582,39,1,0,0,1.4863834857587972,0.05
197,67.59438835784631,200,0,0,1,1.928077450231861,0.05
198,159.10227233814803,150,1,0,0,1.4683757036497678,0.05
199,59.54053274433862,200,0,0,1,5.43276006786408,0.05
200,172.39910638016005,36,1,0,0,1.4801877566702082,0.05
201,73.52838753324562,200,0,0,1,2.6589400662249196,0.05
202,148.55039332231559,16,1,0,0,1.4651314034226117,0.05
203,38.43802484268431,200,0,0,1,2.940944981635689,0.05
204,76.75206147649972,200,0,0,1,3.3019480312519853,0.05
205,114.75824921732911,200,0,0,1,1.8261631389283899,0.05
206,61.76247413971833,200,0,0,1,2.0539282974296276,0.05
207,52.218514054472514,200,0,0,1,2.925948541421322,0.05
208,112.09854973783115,5,1,0,0,1.4999572033474495,0.05
209,194.3566673304456,35,1,0,0,1.4732941389917253,0.05
210,57.45220550627522,200,0,0,1,2.537492784652766,0.05
211,46.899731522050125,200,0,0,1,2.347910016480375,0.05
212,50.19619845151312,200,0,0,1,4.858776789896474,0.05
213,31.645994688768727,200,0,0,1,2.1142848091786823,0.05
214,157.0266330601026,17,1,0,0,1.4765713085104921,0.05
215,17.14829296969976,200,0,0,1,2.923462093735819,0.05
216,79.59873268563065,200,0,0,1,1.7274094123796628,0.05
217,198.12906779413544,37,1,0,0,1.2877448503604205,0.05
218,57.93408506213137,200,0,0,1,2.6890121080705605,0.05
219,61.81184324104473,200,0,0,1,2.1668258115238577,0.05
220,149.57917953793006,26,1,0,0,1.480818901818253,0.05
221,169.0218398378383,89,1,0,0,1.4935191276221964,0.05
222,157.24783511027334,200,0,0,1,1.9467821157792289,0.05
223,235.97580148396025,53,1,0,0,1.4417083564242879,0.05
224,171.30794603858686,154,1,0,0,1.4868704326190956,0.05
225,204.56582517617744,86,1,0,0,1.4980848360417225,0.05
226,193.756426680773,39,1,0,0,1.392123291198678,0.05
227,45.58732103556145,200,0,0,1,2.552121924407075,0.05
228,171.47659284388493,34,1,0,0,1.4846123653760515,0.05
229,50.37027683560705,200,0,0,1,3.5179014200334993,0.05
230,165.45742421732132,51,1,0,0,1.4664605967356776,0.05
231,205.6756122915703,110,1,0,0,1.4008600774479467,0.05
232,107.87100315937312,200,0,0,1,4.238656668729346,0.05
233,229.47617572115706,85,1,0,0,1.47834600235246,0.05
234,152.84603875759132,14,1,0,0,1.2235729700763165,0.05
235,140.46428189748605,200,0,0,1,2.5839658026400936,0.05
236,22.60929632211215,200,0,0,1,4.4028424881101325,0.05
237,181.84688136472363,20,1,0,0,1.3813886720069595,0.05
238,169.53033777941468,21,1,0,0,1.282767942134181,0.05
239,228.11610469174317,106,1,0,0,1.47121359738648,0.05
240,69.27978126211471,200,0,0,1,2.2757724202218297,0.05
241,81.29154950601101,200,0,0,1,3.2405579889406884,0.05
242,114.27965536571138,6,1,0,0,1.3843709198031888,0.05
243,174.5953753982235,28,1,0,0,1.3704600177957293,0.05
244,151.41211060457294,14,1,0,0,1.4454967816073432,0.05
245,218.19129712854078,73,1,0,0,1.4744106088408133,0.05
246,43.52474018669268,200,0,0,1,2.3800487450912953,0.05
247,141.74247267481547,24,1,0,0,1.4958749562788582,0.05
248,59.168484139869236,200,0,0,1,2.2854579132854687,0.05
249,8.993876322337403,200,0,0,1,4.573188530033277,0.05
250,191.38363458426264,65,1,0,0,1.4683170074415406,0.05
251,-19.293677118411395,200,0,0,1,3.2609268938869165,0.05
252,81.60695678335198,200,0,0,1,2.6623772412977247,0.05
253,173.8155259084723,154,1,0,0,1.4722492799818208,0.05
254,147.07712145689038,17,1,0,0,1.41838489689431,0.05
255,112.62461004846892,200,0,0,1,3.9715268843700833,0.05
256,199.84573287039257,30,1,0,0,1.4598184084459325,0.05
257,186.0254845158851,148,1,0,0,1.480713805142036,0.05
258,168.09750845606962,22,1,0,0,1.4315614139390545,0.05
259,189.9840972324528,31,1,0,0,1.468461720436521,0.05
260,29.422990491316433,200,0,0,1,2.4133862680717595,0.05
261,196.27243079627308,54,1,0,0,1.4759469651874173,0.05
262,21.930911248603344,200,0,0,1,2.3336050276117257,0.05
263,60.55073746458084,200,0,0,1,2.9833880207729258,0.05
264,174.2382862653356,37,1,0,0,1.4556332703313446,0.05
265,40.100867175338195,200,0,0,1,2.169198499905906,0.05
266,107.0297993772501,200,0,0,1,1.9304665959060299,0.05
267,120.17549504994119,6,1,0,0,1.3064976164856514,0.05
268,69.91020206417114,200,0,0,1,2.6806110536428434,0.05
269,120.26743662988713,6,1,0,0,1.3135436970218708,0.05
270,81.82385484299164,200,0,0,1,3.070405938157304,0.05
271,138.82801815913845,200,0,0,1,2.5747286814759387,0.05
272,185.63820343644568,73,1,0,0,1.4863244727003606,0.05
273,96.45016796377213,200,0,0,1,3.7294494827211233,0.05
274,28.380838440741364,200,0,0,1,3.4658874934970636,0.05
275,177.4830817496665,24,1,0,0,1.39354784684483,0.05
276,163.69430507379647,22,1,0,0,1.4576239314356063,0.05
277,114.29036065916793,200,0,0,1,3.069095724629616,0.05
278,38.99256493428254,200,0,0,1,3.027935690551435,0.05
279,162.57980266935647,27,1,0,0,1.458348964875983,0.05
280,133.60060456569119,200,0,0,1,3.2183463274136104,0.05
281,131.57312298431356,10,1,0,0,1.4531271545211137,0.05
282,167.8173352352038,171,1,0,0,1.4980550181586212,0.05
283,178.7017610871541,50,1,0,0,1.475676116425629,0.05
284,180.09424237869268,24,1,0,0,1.428507405108522,0.05
285,63.906501688914766,200,0,0,1,2.9847439641389517,0.05
286,157.9801107793384,19,1,0,0,1.4551654242059757,0.05
287,171.4154041232994,25,1,0,0,1.4801536869719636,0.05
288,58.48767528260188,200,0,0,1,2.5651370551184964,0.05
289,133.359675958404,13,1,0,0,1.3533878559156964,0.05
290,181.65352988876492,26,1,0,0,1.460526540641128,0.05
291,118.7971701307681,200,0,0,1,4.405670989663621,0.05
292,177.93062214324874,47,1,0,0,1.4679053221280731,0.05
293,185.31766805020212,23,1,0,0,1.4009875851628302,0.05
294,119.39022053254638,200,0,0,1,1.7324314996995303,0.05
295,240.08950670184433,195,1,0,0,1.4500995099546288,0.05
296,146.50351565477922,14,1,0,0,1.39938163545457,0.05
297,70.60277863765249,200,0,0,1,3.6169094384854374,0.05
298,158.71117506924975,141,1,0,0,1.461316154851543,0.05
299,157.95555365977415,15,1,0,0,1.4303355143032543,0.05
300,235.36487993639076,72,1,0,0,1.4415782220142823,0.05
301,169.53511977961975,28,1,0,0,1.4349137088857296,0.05
302,214.18059634357087,41,1,0,0,1.3400592418290156,0.05
303,189.40454862568572,25,1,0,0,1.455888766139717,0.05
304,70.6307238158477,200,0,0,1,1.5695367677600687,0.05
305,102.86237083466197,200,0,0,1,2.9372449552672943,0.05
306,163.85713728651157,52,1,0,0,1.4775498767221114,0.05
307,194.82551730717591,36,1,0,0,1.4888443339051038,0.05
308,86.69924333998095,200,0,0,1,3.170862009819221,0.05
309,142.45911889929764,175,1,0,0,1.4704550282419937,0.05
310,138.6788706085929,200,0,0,1,2.5388648832153966,0.05
311,122.82844053282585,200,0,0,1,1.9843991937713894,0.05
312,28.40604678497866,200,0,0,1,3.0774123787850916,0.05
313,196.65576591806723,59,1,0,0,1.4688364058340537,0.05
314,59.77384929837825,200,0,0,1,3.190206280426086,0.05
315,125.88760738013063,24,1,0,0,1.488442240659648,0.05
316,39.66153322921897,200,0,0,1,1.6882643107881041,0.05
317,170.8728415157554,27,1,0,0,1.4537653679717426,0.05
318,135.4101077966944,200,0,0,1,3.1825670809706446,0.05
319,190.92308533560143,31,1,0,0,1.489481692795344,0.05
320,197.26054084442478,22,1,0,0,1.43227826759754,0.05
321,147.1392354743045,200,0,0,1,2.419297162621605,0.05
322,185.10115269657064,21,1,0,0,1.3143069178189466,0.05
323,135.37724741606013,13,1,0,0,1.2889704106678983,0.05
324,157.17751989172706,146,1,0,0,1.472244028979689,0.05
325,52.75401876595082,200,0,0,1,2.980320758729443,0.05
326,202.68943255704949,25,1,0,0,1.3999776568587532,0.05
327,237.5096322821886,91,1,0,0,1.4764235097631804,0.05
328,184.4909175354787,162,1,0,0,1.4991397756299278,0.05
329,154.58017292382382,22,1,0,0,1.4594091251933161,0.05
330,169.95062651589888,24,1,0,0,1.258964714201173,0.05
331,76.57255992200317,200,0,0,1,2.3984489721251694,0.05
332,47.81837744569383,200,0,0,1,2.8043164915938243,0.05
333,80.8786637173876,200,0,0,1,1.8970236485664762,0.05
334,153.46673533690978,200,0,0,1,2.6580622097862134,0.05
335,154.39882239942898,14,1,0,0,1.1430487880365214,0.05
336,127.07083013236631,200,0,0,1,3.101180447449019,0.05
337,178.1440448182566,169,1,0,0,1.4852374014503433,0.05
338,158.04974645077166,34,1,0,0,1.4975828145606005,0.05
339,142.03549070205978,14,1,0,0,1.4811042773550667,0.05
340,160.92587028778254,23,1,0,0,1.4667667274392866,0.05
341,122.2782879246086,7,1,0,0,1.4806439133070532,0.05
342,227.94926459877962,45,1,0,0,1.4384497096996938,0.05
343,117.44727995291647,8,1,0,0,1.4112409291549144,0.05
344,131.92762548616975,200,0,0,1,2.0093584397146573,0.05
345,185.1041245345117,189,1,0,0,1.4817503559523664,0.05
346,183.0107199142418,20,1,0,0,1.4461278479670843,0.05
347,136.86313342790584,10,1,0,0,1.1618973014628935,0.05
348,141.43083312102146,11,1,0,0,1.383234203733197,0.05
349,116.0612331637181,200,0,0,1,2.7330365165755763,0.05
350,176.56322315525153,23,1,0,0,1.4156761642913176,0.05
351,138.5676261421189,98,1,0,0,1.492472630244007,0.05
352,150.33796028129956,17,1,0,0,1.3578642561376792,0.05
353,125.0341762056851,8,1,0,0,1.3418998509058846,0.05
354,157.19521355728176,153,1,0,0,1.488727475628496,0.05
355,137.98049867428648,156,1,0,0,1.4271800844709988,0.05
356,190.74303414653068,24,1,0,0,1.2035239423366815,0.05
357,152.71435869780947,68,1,0,0,1.4726926079946807,0.05
358,59.0610857337498,200,0,0,1,2.571282457882438,0.05
359,156.4925603600998,26,1,0,0,1.4517122559589077,0.05
360,154.16805481581733,200,0,0,1,2.5274720811554494,0.05
361,143.6771360484038,15,1,0,0,1.398862061821306,0.05
362,185.49384934275338,57,1,0,0,1.4670307293790132,0.05
363,195.1310022221965,33,1,0,0,1.3448343910810905,0.05
364,189.78144056304836,79,1,0,0,1.4749273825880893,0.05
365,70.41182965782563,200,0,0,1,2.1560694318239095,0.05
366,129.7141888326821,11,1,0,0,1.4652882225770745,0.05
367,198.2504228553704,86,1,0,0,1.4923003356632487,0.05
368,224.4921100566106,74,1,0,0,1.4021975337963068,0.05
369,74.27154912108013,200,0,0,1,2.775948994348849,0.05
370,178.60087402651487,23,1,0,0,1.4145627900828595,0.05
371,158.7485251126749,20,1,0,0,1.3809603268203834,0.05
372,202.14795689468133,58,1,0,0,1.4775410106986246,0.05
373,170.3399771783994,22,1,0,0,1.4910260523669014,0.05
374,127.75411571546358,200,0,0,1,2.728681592499385,0.05
375,167.67883716390352,20,1,0,0,1.4252336592959205,0.05
376,148.51965083201694,17,1,0,0,1.3349388379726812,0.05
377,148.13895251942085,16,1,0,0,1.4341059398129263,0.05
378,134.48485635568554,12,1,0,0,1.3145638029031348,0.05
379,93.61472117654041,200,0,0,1,1.688075987157309,0.05
380,170.7747571587966,18,1,0,0,1.3136562904409936,0.05
381,196.16586396613508,25,1,0,0,1.4005520488222436,0.05
382,171.40675728372372,26,1,0,0,1.2404809374644823,0.05
383,78.40600031525452,200,0,0,1,2.1241406841431876,0.05
384,159.14768812409238,23,1,0,0,1.4962646073669281,0.05
385,172.44335138803234,24,1,0,0,1.4817573085546734,0.05
386,127.08343293645365,11,1,0,0,1.333331772828802,0.05
387,203.20763122071884,141,1,0,0,1.4771527321466151,0.05
388,74.5133759659418,200,0,0,1,1.7196785368539993,0.05
389,129.29641459695497,11,1,0,0,1.2739465436325208,0.05
390,179.4012518686655,23,1,0,0,1.4691057424647918,0.05
391,117.51363868354032,8,1,0,0,1.4559079922624207,0.05
392,203.03642448336916,32,1,0,0,1.213591952498421,0.05
393,194.15207336317923,29,1,0,0,1.4510586146828461,0.05
394,152.02142841078467,200,0,0,1,2.98448828159794,0.05
395,131.96227764509018,14,1,0,0,1.2668013578275326,0.05
396,138.6778366552494,11,1,0,0,1.4196751790841406,0.05
397,158.61579134777392,32,1,0,0,1.4626143922720687,0.05
398,179.61171325291616,26,1,0,0,1.471776654547538,0.05
399,222.45180114747228,87,1,0,0,1.4678493211843964,0.05
400,71.02146943089963,200,0,0,1,2.730683750141623,0.05
401,190.22752462867106,20,1,0,0,1.3571164362754033,0.05
402,190.91131917009747,56,1,0,0,1.497263814385342,0.05
403,65.80528606540922,200,0,0,1,2.6782467085078907,0.05
404,61.67258755802565,200,0,0,1,1.662680754989266,0.05
405,149.44967970027255,53,1,0,0,1.4949163048176881,0.05
406,147.8933691318432,20,1,0,0,1.4565916767016134,0.05
407,167.94360894773905,18,1,0,0,1.463797050456843,0.05
408,144.69324879621718,14,1,0,0,1.277771676603433,0.05
409,127.20124925660507,38,1,0,0,1.458289703303465,0.05
410,153.02956456104738,19,1,0,0,1.2714661844675281,0.05
411,152.16726968417126,54,1,0,0,1.4939188020453513,0.05
412,178.1505389700267,17,1,0,0,1.2646880512467398,0.05
413,106.82219949352212,4,1,0,0,1.3496954766680707,0.05
414,167.7703098731956,32,1,0,0,1.47482977579521,0.05
415,161.70937253959937,22,1,0,0,1.2797703500939446,0.05
416,179.26952871634168,54,1,0,0,1.4993467103995457,0.05
417,164.13537306000782,23,1,0,0,1.2386289516029478,0.05
418,89.8936831051328,200,0,0,1,2.3758426925891647,0.05
419,123.47217869797478,8,1,0,0,1.3605424856807946,0.05
420,144.01252166846982,16,1,0,0,1.2546775427481092,0.05
421,169.65110935264755,22,1,0,0,1.4568611266939817,0.05
422,178.7444060662213,19,1,0,0,1.2420483886939182,0.05
423,196.93300105655038,30,1,0,0,1.3445914056490509,0.05
424,238.18447997995088,178,1,0,0,1.4329878144696009,0.05
425,189.93377759226712,31,1,0,0,1.3072564018794435,0.05
426,175.94681825077362,19,1,0,0,1.4357089921836614,0.05
427,151.15907110026745,16,1,0,0,1.4063114825230416,0.05
428,160.7360158675809,17,1,0,0,1.2705352213416508,0.05
429,201.7121792224558,53,1,0,0,1.4972048743351454,0.05
430,171.5912242975967,20,1,0,0,1.4744625357112253,0.05
431,143.36847310560321,12,1,0,0,1.4980615826453347,0.05
432,165.64747046872367,30,1,0,0,1.4931275103159722,0.05
433,202.73452415367274,33,1,0,0,1.4070228145195636,0.05
434,149.6525434108726,18,1,0,0,1.280665256599797,0.05
435,168.15349574380213,59,1,0,0,1.4867128019714935,0.05
436,175.2887894647398,25,1,0,0,1.3797221420392747,0.05
437,153.28922647119708,16,1,0,0,1.3805589688021416,0.05
438,114.11085574223333,6,1,0,0,1.3787871160322889,0.05
439,201.08516188904048,67,1,0,0,1.4942871407576308,0.05
440,133.54802108372036,8,1,0,0,1.1219339615722914,0.05
441,194.23221166157657,29,1,0,0,1.4557007864807452,0.05
442,159.37696135523683,21,1,0,0,1.3546362059373749,0.05
443,187.8685583908828,48,1,0,0,1.495166306998216,0.05
444,199.04657471758534,25,1,0,0,1.2517035658738067,0.05
445,218.1976168250346,76,1,0,0,1.475496267498228,0.05
446,195.34717149073862,27,1,0,0,1.397539805749704,0.05
447,65.74906812574409,200,0,0,1,2.2323666361081362,0.05
448,99.81494376715801,200,0,0,1,2.5227166862621124,0.05
449,147.40394298450647,15,1,0,0,1.416153904518521,0.05
450,133.46784082919166,11,1,0,0,1.285331377849297,0.05
451,114.53579825784087,6,1,0,0,1.4562405785392842,0.05
452,65.44642562888987,200,0,0,1,2.6822831860156566,0.05
453,216.10428132768288,36,1,0,0,1.4179455787372257,0.05
454,184.60712406214284,27,1,0,0,1.440168575277098,0.05
455,153.07282369135834,21,1,0,0,1.3679127482616094,0.05
456,126.88111576542359,9,1,0,0,1.3736307439240014,0.05
457,44.59619524609809,200,0,0,1,2.361340118297854,0.05
458,131.25349631574443,12,1,0,0,1.3273119381695482,0.05
459,156.8516701935864,21,1,0,0,1.4949894540527058,0.05
460,83.83424834721956,200,0,0,1,1.9966914140126062,0.05
461,187.04443739080438,26,1,0,0,1.4432773857814758,0.05
462,114.1769658407465,7,1,0,0,1.490653145795448,0.05
463,70.00174538080145,200,0,0,1,2.362121021540527,0.05
464,160.98127964570477,21,1,0,0,1.36277652555269,0.05
465,214.60959794322963,35,1,0,0,1.2380717437683146,0.05
466,159.41408004581223,22,1,0,0,1.402782398258373,0.05
467,61.56888667580953,200,0,0,1,1.9285497966375833,0.05
468,203.39943807148666,32,1,0,0,1.4675559138542986,0.05
469,145.13049906523844,12,1,0,0,1.4014043596690557,0.05
470,205.36438706841489,31,1,0,0,1.4236407577546661,0.05
471,177.2134617165205,54,1,0,0,1.4837638313618438,0.05
472,146.91925046148552,17,1,0,0,1.217157094048799,0.05
473,179.24397153762158,25,1,0,0,1.2939238566749658,0.05
474,166.6270800290177,25,1,0,0,1.448036991278202,0.05
475,173.5746300571217,19,1,0,0,1.4254612091163754,0.05
476,125.53364629875647,9,1,0,0,1.474497235578685,0.05
477,225.66604059471416,40,1,0,0,1.4812729463376975,0.05
478,169.45572842997348,19,1,0,0,1.2703041278873277,0.05
479,179.3372932963011,23,1,0,0,1.4108904775068352,0.05
480,184.79907321380333,26,1,0,0,1.335493871157062,0.05
481,151.96640865174032,26,1,0,0,1.4644642627416902,0.05
482,174.73204053259798,20,1,0,0,1.4191328314500515,0.05
483,144.4733207146515,17,1,0,0,1.3262259148406566,0.05
484,176.73423664896706,22,1,0,0,1.4425491634036292,0.05
485,238.53095810293468,73,1,0,0,1.4609773673285518,0.05
486,157.35537334296646,19,1,0,0,1.4608694517252607,0.05
487,145.15053069234787,15,1,0,0,1.4611542100229784,0.05
488,125.4307840863292,8,1,0,0,1.4844098050619388,0.05
489,114.08212411022977,200,0,0,1,1.915581969111448,0.05
490,212.42814305638228,24,1,0,0,1.4639032689145743,0.05
491,141.21151280030222,10,1,0,0,1.3784180329301596,0.05
492,180.62982497294433,23,1,0,0,1.2687435249607302,0.05
493,191.77189448811708,98,1,0,0,1.492198839812341,0.05
494,178.4142624681198,25,1,0,0,1.4829694015939459,0.05
495,74.38286424876202,200,0,0,1,1.6157930968256378,0.05
496,161.47716141153825,26,1,0,0,1.439526440783133,0.05
497,197.51527492112976,28,1,0,0,1.447739607692089,0.05
498,107.89799293846046,3,1,0,0,1.1643694999822418,0.05
499,148.32660894094937,17,1,0,0,1.4291813706258716,0.05
500,168.38998604483953,19,1,0,0,1.4800623043090457,0.05
501,175.16250454297162,22,1,0,0,1.3978838892484664,0.05
502,115.52843908651542,200,0,0,1,2.001140627717946,0.05
503,160.74347488540803,21,1,0,0,1.311846417911854,0.05
504,109.09873301463509,5,1,0,0,1.4435614895265263,0.05
505,189.889481651355,26,1,0,0,1.4903215721446927,0.05
506,180.3753799696588,22,1,0,0,1.4787974884218409,0.05
507,147.4466621948113,15,1,0,0,1.2347480792668712,0.05
508,62.93774814903154,200,0,0,1,2.4177182114010107,0.05
509,172.5761086352158,23,1,0,0,1.4270109627758985,0.05
510,160.6859871651754,17,1,0,0,1.363213221642504,0.05
511,154.25187848998857,18,1,0,0,1.1837112076761436,0.05
512,131.80573635981185,200,0,0,1,2.440595457188315,0.05
513,63.77138152757524,200,0,0,1,2.830631309944615,0.05
514,110.92167206408836,4,1,0,0,1.4167870015166912,0.05
515,136.66954968329958,200,0,0,1,2.11889807759242,0.05
516,161.49039757293767,21,1,0,0,1.3963791828450678,0.05
517,196.85348910592762,90,1,0,0,1.4461915208122114,0.05
518,164.28817836671936,21,1,0,0,1.489492979241291,0.05
519,137.10000477087473,14,1,0,0,1.4659367775765835,0.05
520,163.89202142713788,21,1,0,0,1.4483807512601021,0.05
521,139.59915538798455,14,1,0,0,1.3066415726687544,0.05
522,181.64198163106374,23,1,0,0,1.2212734069444526,0.05
523,167.23945737300835,22,1,0,0,1.4939679162891568,0.05
524,185.8220600643088,23,1,0,0,1.405242216409428,0.05
525,220.56518846666924,36,1,0,0,1.3907543682026418,0.05
526,227.08474131663718,41,1,0,0,1.4227117993623122,0.05
527,154.6573208459054,17,1,0,0,1.3509745969144733,0.05
528,127.21978573875157,8,1,0,0,1.4463419976780703,0.05
529,126.65621428603833,12,1,0,0,1.323761396942445,0.05
530,150.14652232186725,14,1,0,0,1.391901831269336,0.05
531,120.83267158360336,9,1,0,0,1.4884800443473123,0.05
532,192.7576893196221,52,1,0,0,1.490944656795932,0.05
533,124.41949900902256,6,1,0,0,1.3393503623199092,0.05
534,185.62164191189675,32,1,0,0,1.4780628580037605,0.05
535,140.71737573743042,12,1,0,0,1.3856345990847574,0.05
536,148.82855127112248,20,1,0,0,1.4395897314149975,0.05
537,136.33841423976875,200,0,0,1,2.570769941275925,0.05
538,176.36377678151462,20,1,0,0,1.399861759048794,0.05
539,175.29771714317928,27,1,0,0,1.249451213000353,0.05
540,188.54930934920475,37,1,0,0,1.4931129728130004,0.05
541,143.07272979746296,15,1,0,0,1.4624221523524643,0.05
542,165.19954037092646,76,1,0,0,1.4525768519511786,0.05
543,190.49601398728416,25,1,0,0,1.431894560974052,0.05
544,147.80184178764387,15,1,0,0,1.4744215143661286,0.05
545,170.34620823604888,26,1,0,0,1.3822711856926704,0.05
546,165.60602250760067,25,1,0,0,1.4892880459454823,0.05
547,137.72691333677014,200,0,0,1,2.333640419325898,0.05
548,187.05287527757753,29,1,0,0,1.4925966621811075,0.05
549,143.66278270244428,16,1,0,0,1.4511942502297734,0.05
550,163.7636075890406,30,1,0,0,1.4879867472554684,0.05
551,193.61885523267475,30,1,0,0,1.4457095814448417,0.05
552,152.81092416594382,23,1,0,0,1.4813158973098455,0.05
553,152.28309167799605,17,1,0,0,1.428122260307703,0.05
554,82.67297238768111,200,0,0,1,2.7083654855711616,0.05
555,190.60202450192213,51,1,0,0,1.4997820544239064,0.05
556,186.6943721660022,25,1,0,0,1.2336329160990132,0.05
557,166.05347795526092,21,1,0,0,1.4040093387259456,0.05
558,169.19050302976171,178,1,0,0,1.4795625893322513,0.05
559,176.76026761568687,24,1,0,0,1.4725772615372046,0.05
560,161.87420455197343,200,0,0,1,2.24080555070116,0.05
561,178.85230893838798,17,1,0,0,1.495425911387751,0.05
562,182.38804869004045,29,1,0,0,1.3213763352479593,0.05
563,151.6040038805014,15,1,0,0,1.4748720911473108,0.05
564,55.31286085945016,200,0,0,1,2.451367114804967,0.05
565,175.2256540383658,18,1,0,0,1.4958273445173487,0.05
566,89.10397880985309,200,0,0,1,2.0662558355517313,0.05
567,149.29715682118825,19,1,0,0,1.4232643130838178,0.05
568,176.8556352346984,45,1,0,0,1.4856809387737187,0.05
569,160.26404937772674,20,1,0,0,1.3649389233370934,0.05
570,176.51446273279404,171,1,0,0,1.4912138836644258,0.05
571,161.51541515959454,21,1,0,0,1.4602982941905185,0.05
572,73.03338659920882,200,0,0,1,2.608866279692449,0.05
573,173.34677727740188,24,1,0,0,1.426694734613319,0.05
574,53.03966504119529,200,0,0,1,1.823533493177037,0.05
575,205.21258177675497,36,1,0,0,1.4208289692695384,0.05
576,229.52974303451728,80,1,0,0,1.4720177664653429,0.05
577,142.90896819993836,15,1,0,0,1.2835758968269109,0.05
578,224.94398258993914,43,1,0,0,1.3566710095010726,0.05
579,173.8220960668043,26,1,0,0,1.2380607005789,0.05
580,128.07884304227383,84,1,0,0,1.4904053806927364,0.05
581,166.84207346331493,28,1,0,0,1.470235326857109,0.05
582,170.3066397312732,32,1,0,0,1.4315332250272623,0.05
583,141.4264811812576,200,0,0,1,2.853381878356719,0.05
584,200.6706839078005,26,1,0,0,1.3610023671537181,0.05
585,170.33511696846202,26,1,0,0,1.440739481152045,0.05
586,211.3059201363779,51,1,0,0,1.4897324716420792,0.05
587,143.11588392931594,13,1,0,0,1.302788097046986,0.05
588,186.3191758996464,25,1,0,0,1.2488864103720394,0.05
589,43.931874052508405,200,0,0,1,3.1927870581233027,0.05
590,158.04213642757583,13,1,0,0,1.2974419977135214,0.05
591,115.77660101208664,7,1,0,0,1.4999090566185938,0.05
592,146.12391408070005,14,1,0,0,1.471954605062212,0.05
593,164.7082188922617,19,1,0,0,1.4571604032437053,0.05
594,64.00355110401364,200,0,0,1,3.786964722932334,0.05
595,111.83343473942918,5,1,0,0,1.3309989537267137,0.05
596,147.86484410608188,22,1,0,0,1.4515172442413786,0.05
597,158.1476643162807,162,1,0,0,1.474380052566141,0.05
598,86.70776681471321,200,0,0,1,2.2140068344849095,0.05
599,137.1501183579461,200,0,0,1,2.019376598729727,0.05
600,154.1907548161886,29,1,0,0,1.4954525056963377,0.05
601,58.22759074160373,200,0,0,1,3.6197258382695705,0.05
602,163.5573668562055,19,1,0,0,1.499717391217284,0.05
603,47.12534163952685,200,0,0,1,2.6445787766113686,0.05
604,100.0,1,1,0,0,1.1480530056125886,0.05
605,104.02971818102438,200,0,0,1,2.283992700166487,0.05
606,64.03774229184876,200,0,0,1,2.981170873261599,0.05
607,258.9209811180484,156,1,0,0,1.48179641789354,0.05
608,120.76103740335141,9,1,0,0,1.2775604312056108,0.05
609,157.1218429201866,21,1,0,0,1.415302766361517,0.05
610,169.48573760548618,21,1,0,0,1.470554787860157,0.05
611,157.78441887405052,41,1,0,0,1.472109484185664,0.05
612,193.08885817880542,29,1,0,0,1.472665416025024,0.05
613,68.5995727899128,200,0,0,1,1.948479206746907,0.05
614,141.7789030831325,17,1,0,0,1.4946848195291942,0.05
615,171.47249984749106,25,1,0,0,1.490677768016488,0.05
616,201.5690198426105,34,1,0,0,1.3860695557944598,0.05
617,147.76495488674362,15,1,0,0,1.327344143835385,0.05
618,182.47080586258483,104,1,0,0,1.4513043460299297,0.05
619,142.96084028643097,92,1,0,0,1.4935519772521189,0.05
620,189.78630363836268,33,1,0,0,1.4168151166171858,0.05
621,163.84002639273615,27,1,0,0,1.441343924938923,0.05
622,169.17494902988153,82,1,0,0,1.4938288072154216,0.05
623,187.2106278112386,32,1,0,0,1.3678244327214275,0.05
624,168.04403860134965,27,1,0,0,1.4436297190688379,0.05
625,164.81156083150375,28,1,0,0,1.474455941620064,0.05
626,60.723622371441316,200,0,0,1,1.641550484797409,0.05
627,121.66246310833333,8,1,0,0,1.4937642343451671,0.05
628,133.43408603722122,11,1,0,0,1.40589266115634,0.05
629,176.35184774431798,37,1,0,0,1.4150102926329509,0.05
630,173.6627873230958,24,1,0,0,1.4028147910076347,0.05
631,158.11562386558316,22,1,0,0,1.4342037748612635,0.05
632,173.53465177239326,26,1,0,0,1.4864996574798643,0.05
633,162.9424626178505,73,1,0,0,1.4782089244061638,0.05
634,112.45704128735306,4,1,0,0,1.3517824045972058,0.05
635,144.11833501615092,19,1,0,0,1.405227618014865,0.05
636,164.80510973320224,21,1,0,0,1.164368961359331,0.05
637,171.22705876210517,30,1,0,0,1.3980240285117218,0.05
638,117.67394455259057,7,1,0,0,1.2779656219622437,0.05
639,130.5182956789501,18,1,0,0,1.479193964189903,0.05
640,172.66780084949653,18,1,0,0,1.4107232584510663,0.05
641,155.35316595718464,21,1,0,0,1.3910413846838048,0.05
642,163.72981384489566,38,1,0,0,1.493628431194464,0.05
643,54.64728044716405,200,0,0,1,1.735972587372173,0.05
644,161.94835889846567,23,1,0,0,1.4722493719174403,0.05
645,143.65182602647366,17,1,0,0,1.4094223499708998,0.05
646,121.42716683782635,7,1,0,0,1.321646441930653,0.05
647,224.74785877293033,115,1,0,0,1.4874355989023547,0.05
648,173.83269182027647,27,1,0,0,1.4705999152801303,0.05
649,187.98803993248146,32,1,0,0,1.4956433465051862,0.05
650,190.05717523922488,27,1,0,0,1.4590187093421,0.05
651,151.75822131486643,25,1,0,0,1.4972763346532907,0.05
652,135.8821244320516,14,1,0,0,1.485902827679387,0.05
653,173.32734252565533,23,1,0,0,1.4561236483902482,0.05
654,246.64376983907297,182,1,0,0,1.463742615004029,0.05
655,131.87272773529781,13,1,0,0,1.3162221634427118,0.05
656,210.07676048208384,193,1,0,0,1.4729195864424447,0.05
657,171.24967409516717,90,1,0,0,1.4079291868259245,0.05
658,191.3083359536186,29,1,0,0,1.3330163007226965,0.05
659,244.6941458500295,132,1,0,0,1.4860727081311986,0.05
660,153.66806678584837,200,0,0,1,2.4623761280946552,0.05
661,234.69916554007764,49,1,0,0,1.4040370159911149,0.05
662,165.97507314579155,24,1,0,0,1.460152506050657,0.05
663,174.92887293207656,31,1,0,0,1.4936625802814139,0.05
664,58.809825514680114,200,0,0,1,2.0655879999972506,0.05
665,173.10769367433892,25,1,0,0,1.4167119804173065,0.05
666,177.3455541674728,31,1,0,0,1.3886263234776024,0.05
667,105.76041954780729,5,1,0,0,1.4839252447836568,0.05
668,230.4296056918441,68,1,0,0,1.4783583310928712,0.05
669,180.50099440411398,27,1,0,0,1.4179967654631824,0.05
670,202.7326726294986,25,1,0,0,1.4637359026055994,0.05
671,125.51005022476258,10,1,0,0,1.4723558621627462,0.05
672,160.94866936812403,26,1,0,0,1.382680279865185,0.05
673,238.43686753201393,52,1,0,0,1.42383042122806,0.05
674,142.10167664482017,16,1,0,0,1.3908550251490739,0.05
675,214.4287402640598,39,1,0,0,1.326215473538791,0.05
676,170.6974063764182,24,1,0,0,1.4833536844893984,0.05
677,188.75782143895705,28,1,0,0,1.4373384154068325,0.05
678,200.86464075697228,26,1,0,0,1.3006815261635678,0.05
679,178.44421301171298,24,1,0,0,1.4673765600517266,0.05
680,143.9659536711426,22,1,0,0,1.4901539611144679,0.05
681,147.97533338219495,16,1,0,0,1.3491680075021746,0.05
682,179.05612918921383,30,1,0,0,1.4257791307702208,0.05
683,182.75947472891977,28,1,0,0,1.3413124011972724,0.05
684,168.55764976166918,23,1,0,0,1.2940181168928344,0.05
685,157.66283220876244,15,1,0,0,1.4728675472376511,0.05
686,189.72274620858536,28,1,0,0,1.431084164460396,0.05
687,192.54462857041534,27,1,0,0,1.4219851438368099,0.05
688,182.92490919149225,40,1,0,0,1.418814509478699,0.05
689,240.7079896577285,46,1,0,0,1.4481236700149975,0.05
690,236.37119439766144,61,1,0,0,1.4652755196841936,0.05
691,181.26945009466695,23,1,0,0,1.4115931128300407,0.05
692,177.74429370317642,30,1,0,0,1.4172301486939112,0.05
693,160.5211381335412,26,1,0,0,1.4969946232817757,0.05
694,136.25200445223942,14,1,0,0,1.3738201985305867,0.05
695,178.3833670220827,38,1,0,0,1.4464983036200667,0.05
696,133.16890750193804,9,1,0,0,1.267800253038529,0.05
697,225.8274039598519,53,1,0,0,1.4398780296745193,0.05
698,156.83122562244768,19,1,0,0,1.4247907183254493,0.05
699,164.0680473942454,16,1,0,0,1.4926490021984458,0.05
700,124.11829130887809,13,1,0,0,1.4491425713832977,0.05
701,165.45660131597555,23,1,0,0,1.4753530251976665,0.05
702,182.45762447299023,22,1,0,0,1.4554454504650847,0.05
703,168.02569773659093,23,1,0,0,1.3925775863218421,0.05
704,189.63668187712037,34,1,0,0,1.4931056111879617,0.05
705,169.95467873280245,24,1,0,0,1.4729124646393679,0.05
706,186.46135942831717,28,1,0,0,1.3737909213783548,0.05
707,165.78397577783525,21,1,0,0,1.4435913829517544,0.05
708,122.56679265681419,8,1,0,0,1.3330575368189503,0.05
709,124.17787031155153,10,1,0,0,1.4215075850781176,0.05
710,155.08406645579257,28,1,0,0,1.4998366865034114,0.05
711,121.56953522451228,7,1,0,0,1.3168093409339947,0.05
712,220.47849714447221,45,1,0,0,1.3757046934024695,0.05
713,199.26250186320038,34,1,0,0,1.3358077155295018,0.05
714,110.93369290215944,9,1,0,0,1.4895629798892902,0.05
715,100.35263229035958,200,0,0,1,1.6564050456103387,0.05
716,181.68402368241362,28,1,0,0,1.460268130422913,0.05
717,222.04716011152323,43,1,0,0,1.4823948893851309,0.05
718,245.69427524110924,48,1,0,0,1.38811496217658,0.05
719,144.41156376931144,15,1,0,0,1.351256196729602,0.05
720,184.82046929384938,31,1,0,0,1.4313380160730982,0.05
721,140.3770822587573,200,0,0,1,2.304775306375063,0.05
722,124.59109435224946,8,1,0,0,1.3316938324434195,0.05
723,183.01241496216994,29,1,0,0,1.4713087796672706,0.05
724,156.19875875650044,21,1,0,0,1.4074595892866517,0.05
725,122.50461299478705,10,1,0,0,1.3306745850660686,0.05
726,166.35846569128654,52,1,0,0,1.4785473302267496,0.05
727,196.4064154333067,24,1,0,0,1.2512388572379771,0.05
728,160.7163733160648,17,1,0,0,1.1535097928004758,0.05
729,224.62510321772584,38,1,0,0,1.4782415194651068,0.05
730,183.08490577323806,22,1,0,0,1.381028478750516,0.05
731,203.3052055358134,89,1,0,0,1.3800488544153242,0.05
732,139.19179760028067,15,1,0,0,1.390674264303348,0.05
733,235.60610203069822,43,1,0,0,1.4799504170394848,0.05
734,145.02158827423904,13,1,0,0,1.4289629506356054,0.05
735,120.93982396267869,9,1,0,0,1.4068395001539105,0.05
736,74.36048303469713,200,0,0,1,3.2473742235656555,0.05
737,170.5819323077087,25,1,0,0,1.4120389926388095,0.05
738,133.55064460169777,29,1,0,0,1.490722974725982,0.05
739,156.87218250196105,21,1,0,0,1.438245253113053,0.05
740,206.3544581038492,52,1,0,0,1.4947304438971893,0.05
741,150.18658299709253,14,1,0,0,1.4833000657892135,0.05
742,169.52661109268314,40,1,0,0,1.4887884097507744,0.05
743,174.07987120203836,18,1,0,0,1.4953595115394058,0.05
744,179.4705225815788,66,1,0,0,1.4478721730305013,0.05
745,104.05327095424559,200,0,0,1,2.794163954261557,0.05
746,121.96503455986561,200,0,0,1,2.085937634703957,0.05
747,135.2289372400111,11,1,0,0,1.4941621792479978,0.05
748,179.79114053590206,135,1,0,0,1.4555272081647497,0.05
749,175.46410189430253,104,1,0,0,1.4997374775542949,0.05
750,235.0374875252871,41,1,0,0,1.4352802006469516,0.05
751,176.39746947309374,28,1,0,0,1.3990010891895943,0.05
752,178.24283737966866,22,1,0,0,1.4192887507253806,0.05
753,177.7672155751548,30,1,0,0,1.4907229598691834,0.05
754,170.72220403385677,26,1,0,0,1.4874794688171271,0.05
755,132.54842839200387,9,1,0,0,1.4345289059328616,0.05
756,157.9149127607111,56,1,0,0,1.376301398671229,0.05
757,175.6440184021212,22,1,0,0,1.3631961712690017,0.05
758,147.8031119613162,18,1,0,0,1.4824677442834422,0.05
759,187.11503229960874,118,1,0,0,1.4833794256113628,0.05
760,171.53061298639813,22,1,0,0,1.3608724968158525,0.05
761,158.97507449486395,17,1,0,0,1.4849440571128765,0.05
762,154.64304888317028,22,1,0,0,1.388299911307304,0.05
763,94.49171454946124,200,0,0,1,2.0101064705886773,0.05
764,201.40029306440096,31,1,0,0,1.29123416863916,0.05
765,172.89616869457606,21,1,0,0,1.1836052424645847,0.05
766,136.42664670053892,13,1,0,0,1.4966258655074451,0.05
767,109.09866119547063,6,1,0,0,1.4460350878619235,0.05
768,206.75754092889977,57,1,0,0,1.4922566480290198,0.05
769,135.11975313340395,16,1,0,0,1.423745799396306,0.05
770,116.82021212870302,200,0,0,1,2.4194818717383533,0.05
771,155.18576890557583,19,1,0,0,1.2432925828089907,0.05
772,163.41488798359225,23,1,0,0,1.402510865198077,0.05
773,157.02974737831,21,1,0,0,1.3081706843624203,0.05
774,176.32879730188137,25,1,0,0,1.467523385545113,0.05
775,204.98765980200469,39,1,0,0,1.369344307481135,0.05
776,171.9008079316499,35,1,0,0,1.45336491841403,0.05
777,171.30630548600644,63,1,0,0,1.4920856878354993,0.05
778,201.1266803061203,25,1,0,0,1.4674306799589056,0.05
779,195.6710326211209,37,1,0,0,1.3917604034204754,0.05
780,127.49903865796708,8,1,0,0,1.2398038375013096,0.05
781,161.8831267509712,29,1,0,0,1.4539391085257194,0.05
782,145.04318144493777,20,1,0,0,1.4981155227464333,0.05
783,186.59183914427118,35,1,0,0,1.4788500591362357,0.05
784,162.41902434368285,27,1,0,0,1.4256023111198997,0.05
785,171.77694864611283,19,1,0,0,1.257321700397206,0.05
786,149.83670414975074,15,1,0,0,1.4283969653938327,0.05
787,51.22327584598669,200,0,0,1,1.9811210187166506,0.05
788,163.82244172109708,17,1,0,0,1.4843920126840238,0.05
789,175.48155278773214,25,1,0,0,1.3621063606986317,0.05
790,183.27249474561907,32,1,0,0,1.4896449968491232,0.05
791,163.1046078868222,18,1,0,0,1.361031242817885,0.05
792,197.46288417363013,108,1,0,0,1.4683031097078185,0.05
793,212.99007717763624,193,1,0,0,1.493619126174272,0.05
794,180.7418730371911,35,1,0,0,1.4860077500570223,0.05
795,147.52806927687362,19,1,0,0,1.3997205618175657,0.05
796,157.7640449067302,19,1,0,0,1.3933141536924567,0.05
797,159.26135541494864,18,1,0,0,1.4426390256558494,0.05
798,174.68765008253877,30,1,0,0,1.4811618388213623,0.05
799,139.02786843959194,13,1,0,0,1.3332407417205718,0.05
800,129.70381202003713,9,1,0,0,1.3049996668002115,0.05
801,133.80497426259126,11,1,0,0,1.4736769052672205,0.05
802,148.58236875159633,16,1,0,0,1.4258327251780003,0.05
803,235.57072561256325,49,1,0,0,1.4682118873670926,0.05
804,220.7168728275655,125,1,0,0,1.4780364179091268,0.05
805,144.3099042959294,200,0,0,1,2.392834801630336,0.05
806,157.9544468329214,29,1,0,0,1.4615688255602501,0.05
807,153.26639153324027,28,1,0,0,1.4461905391100902,0.05
808,90.59627936379181,200,0,0,1,2.4610617544138584,0.05
809,143.70779990761238,15,1,0,0,1.4705448117430737,0.05
810,51.36981005808684,200,0,0,1,1.9917169748163854,0.05
811,214.01234841526622,37,1,0,0,1.4428239415109705,0.05
812,150.7542238984189,20,1,0,0,1.3797804533257025,0.05
813,207.17829076594046,23,1,0,0,1.2817446278754976,0.05
814,180.88202911940817,32,1,0,0,1.4805763013460393,0.05
815,219.0362948604066,45,1,0,0,1.4954613495189288,0.05
816,158.10475458277534,22,1,0,0,1.434377123645296,0.05
817,185.52314917854068,30,1,0,0,1.4465724650251366,0.05
818,134.58575204342537,200,0,0,1,2.6026314276805307,0.05
819,163.77588754995037,25,1,0,0,1.3126040914223889,0.05
820,173.48654036553432,23,1,0,0,1.4493515932209649,0.05
821,151.57727685559078,16,1,0,0,1.287616528632762,0.05
822,146.9774897459462,16,1,0,0,1.2152861191626845,0.05
823,160.16506830660165,25,1,0,0,1.4830987312458286,0.05
824,185.74547278648498,22,1,0,0,1.4232213255356452,0.05
825,148.12935127676752,16,1,0,0,1.4243039694914363,0.05
826,168.98585051063236,22,1,0,0,1.4169731290235386,0.05
827,91.35774930622395,200,0,0,1,1.7303952680654626,0.05
828,238.52011456002035,43,1,0,0,1.2908166326015547,0.05
829,229.87145837260704,45,1,0,0,1.3119255315179956,0.05
830,145.13263691606892,16,1,0,0,1.4848215299422427,0.05
831,164.5606903329646,18,1,0,0,1.3784639761293143,0.05
832,202.22835445281964,26,1,0,0,1.3764651131439534,0.05
833,181.02141098806976,25,1,0,0,1.3450045425370731,0.05
834,185.18257286228487,20,1,0,0,1.2943441579544217,0.05
835,171.91971759725516,42,1,0,0,1.496130495652909,0.05
836,187.1943156393973,19,1,0,0,1.4415564563291674,0.05
837,157.95265538711698,19,1,0,0,1.2963840460346208,0.05
838,178.28964216575582,23,1,0,0,1.4324497376077199,0.05
839,147.61772984172305,16,1,0,0,1.264376548513782,0.05
840,168.39346805650558,19,1,0,0,1.3906253049270358,0.05
841,142.90719929777018,17,1,0,0,1.3188569754036734,0.05
842,151.3152590422956,17,1,0,0,1.4722898010915648,0.05
843,156.67885960209486,17,1,0,0,1.3661342486098202,0.05
844,148.15438372051665,21,1,0,0,1.4110858403311617,0.05
845,147.888113794145,16,1,0,0,1.4182806392376912,0.05
846,207.14508994411995,42,1,0,0,1.4660512743550416,0.05
847,186.5356459131571,21,1,0,0,1.4283236150654604,0.05
848,192.90276340329018,26,1,0,0,1.4961971767214783,0.05
849,230.4570547435589,41,1,0,0,1.4806570912945658,0.05
850,168.206323749999,16,1,0,0,1.226895185773426,0.05
851,173.98782797680843,26,1,0,0,1.4873980976661512,0.05
852,156.83279453609327,16,1,0,0,1.3222515631064389,0.05
853,200.1821247332038,30,1,0,0,1.2609541705230074,0.05
854,162.3390612612948,20,1,0,0,1.3428750240064744,0.05
855,141.21632237132334,13,1,0,0,1.2095090460201001,0.05
856,145.81020320013982,17,1,0,0,1.4373538052417947,0.05
857,214.37270131165468,34,1,0,0,1.4100776952015959,0.05
858,233.28508535337136,52,1,0,0,1.4392863605613633,0.05
859,174.69655618488719,18,1,0,0,1.366923833515011,0.05
860,121.94302084108242,7,1,0,0,1.4250529995148788,0.05
861,190.87301712316923,26,1,0,0,1.4990781031552705,0.05
862,191.124801411646,23,1,0,0,1.4385045951373094,0.05
863,210.13036907441676,24,1,0,0,1.2955657374404705,0.05
864,188.30529998701715,21,1,0,0,1.394237838910328,0.05
865,158.62939545204875,16,1,0,0,1.3574156455906559,0.05
866,163.05709975476168,18,1,0,0,1.4182842046836017,0.05
867,165.83421067330073,24,1,0,0,1.3058633343952097,0.05
868,147.3024539478263,16,1,0,0,1.3208824699865596,0.05
869,214.66941676048975,56,1,0,0,1.466023833515429,0.05
870,140.3265482779967,12,1,0,0,1.4755449663318851,0.05
871,169.478320946979,23,1,0,0,1.4796623941706823,0.05
872,167.76010631551839,20,1,0,0,1.2224626717392024,0.05
873,169.75891810107834,23,1,0,0,1.3517204263514873,0.05
874,83.62081654807673,200,0,0,1,1.9612402035758179,0.05
875,146.66520902090633,17,1,0,0,1.2921478185903081,0.05
876,148.70869173449145,11,1,0,0,1.4894872341488,0.05
877,181.4006588023538,24,1,0,0,1.2369167163666719,0.05
878,165.30585627188566,19,1,0,0,1.3684709138173445,0.05
879,162.32980802911018,18,1,0,0,1.1561329822758415,0.05
880,233.7393967708536,44,1,0,0,1.3809184820642304,0.05
881,56.82428754394251,200,0,0,1,3.84828612919155,0.05
882,185.52547084775713,26,1,0,0,1.3269275653876507,0.05
883,62.09592197498564,200,0,0,1,2.9929843533606957,0.05
884,140.6069265487654,15,1,0,0,1.388859916861254,0.05
885,139.9072507457118,9,1,0,0,1.1644846260684512,0.05
886,191.57919815270748,22,1,0,0,1.404592744275296,0.05
887,170.69688425769237,19,1,0,0,1.4900231076823902,0.05
888,134.49488179558904,13,1,0,0,1.4523344499552056,0.05
889,178.47200383254318,23,1,0,0,1.4396199820641717,0.05
890,126.19917972574356,12,1,0,0,1.3178661464764438,0.05
891,160.91125154464112,24,1,0,0,1.4003178734140997,0.05
892,186.18323101705772,25,1,0,0,1.4129671246435667,0.05
893,164.0878650874908,25,1,0,0,1.408603976558259,0.05
894,128.3302148605698,12,1,0,0,1.4211685808684984,0.05
895,151.3356085469581,22,1,0,0,1.3355181036525257,0.05
896,162.7037775302056,21,1,0,0,1.3902829403834984,0.05
897,143.47353221726928,14,1,0,0,1.453452594544834,0.05
898,176.84633145896942,21,1,0,0,1.3555137343230903,0.05
899,217.321291588009,35,1,0,0,1.3027639060870262,0.05
900,136.56919153195355,10,1,0,0,1.4481874354431596,0.05
901,225.15377429117314,41,1,0,0,1.4598014591680701,0.05
902,180.4627051446294,28,1,0,0,1.4673423417323728,0.05
903,86.94877543827235,200,0,0,1,1.7175446224566342,0.05
904,155.56021706047702,23,1,0,0,1.3137005560885615,0.05
905,63.272492029747085,200,0,0,1,1.7923785108871693,0.05
906,170.0577250143995,24,1,0,0,1.2909641167640074,0.05
907,183.41370391714372,25,1,0,0,1.4812740537518456,0.05
908,135.18950952028473,20,1,0,0,1.4818381845036457,0.05
909,203.29015531554535,27,1,0,0,1.437379808750599,0.05
910,163.4666065490231,78,1,0,0,1.4729396640733372,0.05
911,131.62367707552607,14,1,0,0,1.43439148042585,0.05
912,154.9043646873062,15,1,0,0,1.2487042400003638,0.05
913,158.2430928136641,19,1,0,0,1.2895301406529693,0.05
914,177.45483569349497,23,1,0,0,1.2566075646327861,0.05
915,149.87965514111676,15,1,0,0,1.3327270161611462,0.05
916,148.61318900588674,19,1,0,0,1.3211338759304978,0.05
917,146.35421612910955,15,1,0,0,1.4745389290267372,0.05
918,162.81931550163694,19,1,0,0,1.4409645339026695,0.05
919,180.2732976110682,27,1,0,0,1.3498784563916688,0.05
920,168.36296096133793,25,1,0,0,1.3348634226788314,0.05
921,122.95479263498112,8,1,0,0,1.4759403205735793,0.05
922,178.23616199304365,20,1,0,0,1.4143736175367783,0.05
923,151.04055215597472,18,1,0,0,1.2912749797424332,0.05
924,155.79215053177913,18,1,0,0,1.3714605546317162,0.05
925,123.48823382958172,9,1,0,0,1.3308387991628587,0.05
926,117.91750167152419,7,1,0,0,1.3584222367102894,0.05
927,160.1512860811219,24,1,0,0,1.3517515402934805,0.05
928,161.50524878616798,23,1,0,0,1.4521130057176292,0.05
929,171.61993525593016,21,1,0,0,1.3150427154185318,0.05
930,131.57445121013103,10,1,0,0,1.3117495286950784,0.05
931,130.0757561264202,13,1,0,0,1.4705094904698695,0.05
932,20.27718882682005,36,0,0,0,4.521502003230013,0.05
933,161.73820748122887,21,1,0,0,1.3244323675687169,0.05
934,156.77868844346125,17,1,0,0,1.4747860535818362,0.05
935,173.2975690805775,22,1,0,0,1.3222388031227743,0.05
936,163.37505496714786,21,1,0,0,1.3299719426074004,0.05
937,181.5930732045534,23,1,0,0,1.442640846678959,0.05
938,108.5203677067392,4,1,0,0,1.293659894258187,0.05
939,160.4709150442595,23,1,0,0,1.393935542455485,0.05
940,68.82275500603538,200,0,0,1,2.1858051857299183,0.05
941,163.21952936120096,26,1,0,0,1.4648351837233164,0.05
942,156.57856126525004,17,1,0,0,1.418199292794927,0.05
943,246.9593538694261,51,1,0,0,1.3954033240988981,0.05
944,164.85166021149485,17,1,0,0,1.4757641627810842,0.05
945,123.27221331989455,7,1,0,0,1.4372889765243273,0.05
946,176.02569718948638,19,1,0,0,1.3207105037315179,0.05
947,147.6280685861978,16,1,0,0,1.3582945587041677,0.05
948,102.10476424213132,3,1,0,0,1.2237302495898201,0.05
949,223.78425951687427,41,1,0,0,1.3483208873986208,0.05
950,180.73867972326775,23,1,0,0,1.2860131362176654,0.05
951,171.44118612890634,20,1,0,0,1.497577832429364,0.05
952,203.74572744786474,38,1,0,0,1.3692862810906792,0.05
953,126.5358651773834,7,1,0,0,1.2800489477074846,0.05
954,131.47046666022564,12,1,0,0,1.4767393642338411,0.05
955,203.83156904490642,27,1,0,0,1.3759939794103841,0.05
956,213.61622118502044,38,1,0,0,1.4999802432138631,0.05
957,148.42653128513538,18,1,0,0,1.4195856906555075,0.05
958,177.51055997238223,31,1,0,0,1.4374961410938112,0.05
959,122.73079725723862,8,1,0,0,1.3109219435180757,0.05
960,137.38537309318178,15,1,0,0,1.4802595851247151,0.05
961,207.74908723970552,34,1,0,0,1.4384515435035536,0.05
962,175.15207275417282,23,1,0,0,1.4448157232921444,0.05
963,146.46134568419353,17,1,0,0,1.3145516812135118,0.05
964,195.2265872727374,125,1,0,0,1.4965236309128798,0.05
965,228.40399966673826,47,1,0,0,1.4918199908534533,0.05
966,218.04829111549478,39,1,0,0,1.255298198801589,0.05
967,204.63712735547415,29,1,0,0,1.475885786085679,0.05
968,138.4251937706486,19,1,0,0,1.4543565702899695,0.05
969,155.6957652362059,15,1,0,0,1.3995212510136172,0.05
970,130.52483416070515,8,1,0,0,1.3741563226783882,0.05
971,176.36966729579353,26,1,0,0,1.270567968138424,0.05
972,148.25143494309322,16,1,0,0,1.2643644693506586,0.05
973,167.2887724355063,24,1,0,0,1.2576091061488477,0.05
974,193.94883881632606,28,1,0,0,1.325681913230747,0.05
975,240.5735641799416,50,1,0,0,1.3816827271336534,0.05
976,176.38884404803602,22,1,0,0,1.4387112624956384,0.05
977,176.82339067463738,25,1,0,0,1.387342426047391,0.05
978,139.77647256357832,10,1,0,0,1.2923991127777275,0.05
979,161.55266059528338,20,1,0,0,1.4217912979944958,0.05
980,139.74350278851642,15,1,0,0,1.3233237395657789,0.05
981,184.33190967800124,30,1,0,0,1.3365408495874855,0.05
982,181.28181750227566,31,1,0,0,1.4082531222543169,0.05
983,208.33301664928155,30,1,0,0,1.3800493520448551,0.05
984,176.205088180394,130,1,0,0,1.4823686589072134,0.05
985,147.5765001635422,18,1,0,0,1.4472417013234165,0.05
986,164.89422907961412,20,1,0,0,1.278643292928889,0.05
987,185.57194153366345,25,1,0,0,1.369016362329423,0.05
988,174.4422386677305,23,1,0,0,1.4026937297223374,0.05
989,191.528966281824,24,1,0,0,1.4941039122157531,0.05
990,173.10576043044196,31,1,0,0,1.4532635003136503,0.05
991,223.69384676723396,42,1,0,0,1.3583180505545758,0.05
992,56.728743053263116,200,0,0,1,2.189337877417452,0.05
993,178.17550912596846,46,1,0,0,1.4589878319446423,0.05
994,201.10880593011936,33,1,0,0,1.2964759993939432,0.05
995,175.68418714248787,28,1,0,0,1.3950427237919685,0.05
996,136.1392603512275,14,1,0,0,1.3861125613958338,0.05
997,194.67951895243704,28,1,0,0,1.4229055267778052,0.05
998,202.50572975888753,22,1,0,0,1.340634481398947,0.05
999,153.7016213608089,36,1,0,0,1.4926692984640415,0.05
1000,102.58915839633589,2,1,0,0,1.3452272278335995,0.05
1001,-31.93397798304606,7,0,1,0,3.317662721943027,0.05
1002,-50.0,1,0,1,0,1.7727132673481498,0.05
1003,203.650239088303,30,1,0,0,1.3391034474566774,0.05
1004,-27.565634782552856,8,0,1,0,5.039107196501516,0.05
1005,148.0368515708069,20,1,0,0,1.457756223664544,0.05
1006,187.15073533444408,26,1,0,0,1.3854983800897946,0.05
1007,150.27569169418817,17,1,0,0,1.340629080355338,0.05
1008,115.16718703638085,7,1,0,0,1.4697722916127431,0.05
1009,142.94421602165485,10,1,0,0,1.3845688843663808,0.05
1010,159.82020893008374,30,1,0,0,1.4071337794745356,0.05
1011,174.41671437709033,26,1,0,0,1.4572412191012534,0.05
1012,215.93833759773906,46,1,0,0,1.4663391424779229,0.05
1013,164.04466240703798,20,1,0,0,1.3875744950784623,0.05
1014,122.44694901386403,10,1,0,0,1.3829480717797953,0.05
1015,56.3987742801869,200,0,0,1,3.279783793455232,0.05
1016,177.52561013935986,27,1,0,0,1.3379589986743627,0.05
1017,165.64192506997153,51,1,0,0,1.482188998078515,0.05
1018,-21.70154316116956,11,0,1,0,4.780567479371588,0.05
1019,-50.0,1,0,1,0,4.4389807812594455,0.05
1020,127.79302124183778,11,1,0,0,1.4924839128847187,0.05
1021,157.26841447954797,17,1,0,0,1.3657821792182427,0.05
1022,228.1767046990295,65,1,0,0,1.4549302435601938,0.05
1023,196.17683409639335,28,1,0,0,1.486640472689094,0.05
1024,215.75648256037329,39,1,0,0,1.4155549135803616,0.05
1025,146.6439610119459,17,1,0,0,1.405768041787264,0.05
1026,215.79624152949415,45,1,0,0,1.3052555957174532,0.05
1027,161.85710948556644,23,1,0,0,1.3316064605709599,0.05
1028,170.82495961490721,22,1,0,0,1.3556027036041978,0.05
1029,161.33219407467482,18,1,0,0,1.303148273074565,0.05
1030,175.03951069041887,32,1,0,0,1.3448515692123835,0.05
1031,160.20683197523965,15,1,0,0,1.4996551240965175,0.05
1032,57.576928732148666,200,0,0,1,3.25985965316921,0.05
1033,257.6615430729506,52,1,0,0,1.362955432061858,0.05
1034,188.03384271499925,39,1,0,0,1.4604404442287466,0.05
1035,165.03667334982404,25,1,0,0,1.3788955586581697,0.05
1036,7.12826955794938,21,0,1,0,2.763012089254474,0.05
1037,-8.77891865914053,10,0,1,0,6.984585318955737,0.05
1038,164.6755635901332,29,1,0,0,1.414580802862342,0.05
1039,167.07788748526679,21,1,0,0,1.4048060728999074,0.05
1040,119.55075595492886,9,1,0,0,1.4185403783852404,0.05
1041,201.22654798672983,144,1,0,0,1.4753531566183404,0.05
1042,131.7628311780282,13,1,0,0,1.4671269905837392,0.05
1043,31.927227345056494,24,0,1,0,7.075345502357566,0.05
1044,188.63173073656628,39,1,0,0,1.435184719800541,0.05
1045,151.32401249064088,28,1,0,0,1.4432927248828007,0.05
1046,-3.4512017115907057,13,0,1,0,4.521379235150301,0.05
1047,143.89529462816253,30,1,0,0,1.4594155309507475,0.05
1048,184.76833951588986,31,1,0,0,1.4357971824532578,0.05
1049,147.98232090026883,20,1,0,0,1.2976689142323896,0.05
1050,230.169024054137,49,1,0,0,1.294154986914207,0.05
1051,205.43667346003758,40,1,0,0,1.433824875401676,0.05
1052,127.66687029864643,8,1,0,0,1.490574876365271,0.05
1053,174.9636348683075,27,1,0,0,1.388995314881181,0.05
1054,-14.16657751203477,12,0,1,0,3.692825585110239,0.05
1055,221.29031312150767,49,1,0,0,1.3224295206386916,0.05
1056,27.377640354100777,30,0,1,0,9.404040639328642,0.05
1057,124.85477690139278,11,1,0,0,1.4592427668351078,0.05
1058,65.62279590492543,200,0,0,1,2.3185433982725905,0.05
1059,164.34740612543817,31,1,0,0,1.4255851864596485,0.05
1060,130.01339317436856,12,1,0,0,1.391598750904861,0.05
1061,129.4884051291256,20,1,0,0,1.466175421336195,0.05
1062,-21.575465480384047,12,0,1,0,2.8880471659533944,0.05
1063,10.400870896263505,24,0,1,0,1.5710007308492617,0.05
1064,181.8086409273542,127,1,0,0,1.4627331511771573,0.05
1065,194.17969896030502,38,1,0,0,1.4570799857877184,0.05
1066,-17.01586202719892,16,0,1,0,2.854818297423753,0.05
1067,192.7996271302588,33,1,0,0,1.497695096504231,0.05
1068,153.7319548196295,16,1,0,0,1.3927914141214426,0.05
1069,-46.50127466552745,2,0,1,0,7.484873514477455,0.05
1070,81.54214207132128,200,0,0,1,3.1623505059290116,0.05
1071,190.91486108321422,57,1,0,0,1.4452309837522856,0.05
1072,221.65984356318387,43,1,0,0,1.4992594348575135,0.05
1073,226.82093951682896,41,1,0,0,1.3395720747729076,0.05
1074,181.04068695649318,24,1,0,0,1.4920715654193895,0.05
1075,227.14056458961977,73,1,0,0,1.4946602338391342,0.05
1076,146.49522552379142,21,1,0,0,1.4438034323761413,0.05
1077,145.32377719563647,19,1,0,0,1.4861599781453882,0.05
1078,-0.3892648055613961,12,0,1,0,7.971065600346621,0.05
1079,170.86938498863765,29,1,0,0,1.4599967291954852,0.05
1080,176.1291901376713,52,1,0,0,1.4879262294985234,0.05
1081,-33.09847301318843,5,0,1,0,5.055438249950516,0.05
1082,-4.236346581034553,18,0,1,0,5.267136887849284,0.05
1083,159.58547923592454,18,1,0,0,1.4377841651067098,0.05
1084,141.9278382512873,16,1,0,0,1.458474992218086,0.05
1085,-47.1471877594066,3,0,1,0,1.8964975779401119,0.05
1086,220.44250749993722,59,1,0,0,1.47270086712589,0.05
1087,199.7886549251179,36,1,0,0,1.346099655648257,0.05
1088,134.11089899110974,200,0,0,1,2.0149373158453057,0.05
1089,240.482576367769,48,1,0,0,1.3552862168647206,0.05
1090,22.935822753580894,29,0,1,0,1.6988122590175236,0.05
1091,155.131991583414,19,1,0,0,1.3695025798627274,0.05
1092,175.88699985206227,23,1,0,0,1.4703801173457247,0.05
1093,-33.004876212203136,5,0,1,0,10.225911891994278,0.05
1094,220.0251609876737,62,1,0,0,1.3893500188278554,0.05
1095,169.90486183048995,27,1,0,0,1.3964036166621894,0.05
1096,174.09158704869833,40,1,0,0,1.4347772317453984,0.05
1097,63.51421784364393,200,0,0,1,2.330853319697421,0.05
1098,-14.803683472215795,11,0,1,0,7.822181972666279,0.05
1099,182.06565096819142,24,1,0,0,1.3340158526568946,0.05
1100,208.54978637624882,44,1,0,0,1.4390146098409116,0.05
1101,155.49891367768552,57,1,0,0,1.4513697476852612,0.05
1102,75.92549766191276,200,0,0,1,2.740054521094189,0.05
1103,190.1903527040958,33,1,0,0,1.4696464072926525,0.05
1104,170.5043837342665,33,1,0,0,1.4084549879963124,0.05
1105,-50.0,1,0,1,0,7.634877820045909,0.05
1106,141.55486505190487,22,1,0,0,1.4312448880993955,0.05
1107,150.46952604089682,26,1,0,0,1.3562598891000186,0.05
1108,-6.264990895498769,22,0,1,0,3.793895259932613,0.05
1109,128.31917121686564,14,1,0,0,1.2908384324889626,0.05
1110,245.24349698146446,66,1,0,0,1.4987240426679078,0.05
1111,180.29402921517035,29,1,0,0,1.414182575398895,0.05
1112,-50.0,1,0,1,0,4.042760961683898,0.05
1113,159.84754586599476,22,1,0,0,1.4132945555145282,0.05
1114,-7.631766647980669,21,0,1,0,6.06203234253663,0.05
1115,140.0230424667846,16,1,0,0,1.36429575600821,0.05
1116,-12.799148735515743,12,0,1,0,5.677247386596409,0.05
1117,156.06789618832036,28,1,0,0,1.1961044014569433,0.05
1118,185.1973555201148,44,1,0,0,1.427642774244268,0.05
1119,154.19108951754146,28,1,0,0,1.3377785370387032,0.05
1120,-24.32966017318995,14,0,1,0,6.88885033277492,0.05
1121,140.68180920899312,18,1,0,0,1.2556512691084036,0.05
1122,88.03555559980282,200,0,0,1,1.6069597183852824,0.05
1123,168.80532428995522,34,1,0,0,1.4144308619742296,0.05
1124,233.39329172408242,55,1,0,0,1.2705525289186352,0.05
1125,252.4608580676303,79,1,0,0,1.445542939952122,0.05
1126,-50.0,1,0,1,0,2.075410524600169,0.05
1127,154.49404215369242,19,1,0,0,1.2642197819486483,0.05
1128,56.227645113851054,200,0,0,1,4.464128302289339,0.05
1129,-34.80615417259807,6,0,1,0,7.995854643260294,0.05
1130,186.31831667387013,32,1,0,0,1.394045872026038,0.05
1131,166.86737342618449,33,1,0,0,1.476779197378142,0.05
1132,-7.621550538957422,15,0,1,0,2.6413144324079765,0.05
1133,176.52614131871889,27,1,0,0,1.402945225596726,0.05
1134,167.07264160436026,25,1,0,0,1.4563505394241356,0.05
1135,186.49381837651907,23,1,0,0,1.3413338835141377,0.05
1136,-2.993855783500536,200,0,0,1,2.449839867393204,0.05
1137,-45.29394978454548,4,0,1,0,4.455697491144801,0.05
1138,222.19065783233947,49,1,0,0,1.456857159095899,0.05
1139,154.48609281473446,31,1,0,0,1.4909602975482708,0.05
1140,226.8313627672551,48,1,0,0,1.4966086965766676,0.05
1141,-16.70408031903598,17,0,1,0,3.484522904817649,0.05
1142,167.31232520091947,51,1,0,0,1.4088549740958334,0.05
1143,155.33653715543784,20,1,0,0,1.417818053168278,0.05
1144,-22.792916130425617,10,0,1,0,4.923701343585173,0.05
1145,177.27083875345176,27,1,0,0,1.2846883251451373,0.05
1146,143.56504309077937,18,1,0,0,1.4191174414879701,0.05
1147,-26.828157289314444,21,0,1,0,2.608411223592252,0.05
1148,12.220741075006345,200,0,0,1,4.1138131472577655,0.05
1149,167.4753914957272,34,1,0,0,1.394704026022744,0.05
1150,22.002207781833683,200,0,0,1,3.314973705868049,0.05
1151,22.286346540503683,200,0,0,1,2.551505641752172,0.05
1152,33.22137423596472,200,0,0,1,1.829366854798006,0.05
1153,179.9296487966016,47,1,0,0,1.4980631673692377,0.05
1154,186.37429216802377,24,1,0,0,1.4457619724806074,0.05
1155,143.92711388046874,29,1,0,0,1.4744555533955677,0.05
1156,2.3425746028238805,25,0,1,0,5.832979083144956,0.05
1157,175.56165777122044,26,1,0,0,1.3660609831369828,0.05
1158,134.2876282264237,22,1,0,0,1.426358110756874,0.05
1159,26.714626603157356,45,0,1,0,1.481267413377448,0.05
1160,138.09411993837,14,1,0,0,1.25863136033914,0.05
1161,-53.42790009005556,196,0,1,0,2.2636861720038444,0.05
1162,-39.24001085648063,8,0,1,0,7.166421002827232,0.05
1163,128.76972412524844,15,1,0,0,1.4945220815766707,0.05
1164,156.71948918163508,17,1,0,0,1.3713035966439986,0.05
1165,-46.160774905296584,28,0,1,0,4.155250988029754,0.05
1166,192.86995305896227,39,1,0,0,1.443736218629778,0.05
1167,129.62247365116633,9,1,0,0,1.4865231080163968,0.05
1168,-48.678173969148,26,0,1,0,3.088212276390033,0.05
1169,47.324562264841035,200,0,0,1,3.4384507296422715,0.05
1170,42.33389943388202,200,0,0,1,2.908836979165999,0.05
1171,175.445207093877,37,1,0,0,1.3344920709603536,0.05
1172,68.79169267037787,200,0,0,1,1.857854067532536,0.05
1173,185.59213023354698,34,1,0,0,1.317726706547598,0.05
1174,-32.68625101597032,200,0,0,1,6.201327794556832,0.05
1175,157.04294638250272,30,1,0,0,1.402672942045175,0.05
1176,-13.052982575488677,10,0,1,0,3.744986685520669,0.05
1177,167.97885921412325,26,1,0,0,1.452583478694051,0.05
1178,153.42397629318154,82,1,0,0,1.493290183914259,0.05
1179,174.91103400721016,31,1,0,0,1.4994836326345287,0.05
1180,137.4757318998621,200,0,0,1,1.5905652442272145,0.05
1181,44.209870936215545,200,0,0,1,2.6505096069195813,0.05
1182,178.25344931699135,39,1,0,0,1.430126753563293,0.05
1183,71.95957227506322,200,0,0,1,1.913294238914211,0.05
1184,121.68383691143467,9,1,0,0,1.4840932885467275,0.05
1185,54.75211193920182,200,0,0,1,1.6894501292040296,0.05
1186,131.58736358539588,200,0,0,1,1.5877267298902549,0.05
1187,214.27480491445957,49,1,0,0,1.2609675192794123,0.05
1188,218.83526751106538,63,1,0,0,1.4098524331741742,0.05
1189,186.82206115264256,21,1,0,0,1.4871141135028305,0.05
1190,230.64571214293449,53,1,0,0,1.2794323100494984,0.05
1191,131.72656346570363,14,1,0,0,1.364768821905702,0.05
1192,245.42159033855927,72,1,0,0,1.329826372491221,0.05
1193,206.14786333984227,87,1,0,0,1.4611730808595322,0.05
1194,170.17405018003495,30,1,0,0,1.3441471359359853,0.05
1195,102.32130283172305,20,1,0,0,1.4960138343739613,0.05
1196,-8.72251911418314,200,0,0,1,2.602480651799121,0.05
1197,-2.4237996218474387,200,0,0,1,1.7888003533861632,0.05
1198,170.74478328789644,24,1,0,0,1.4794937486089668,0.05
1199,146.68446319832492,17,1,0,0,1.4198375316816612,0.05
1200,138.27856313457502,37,1,0,0,1.4388261444926798,0.05
1201,152.59459409605125,27,1,0,0,1.3549396706818204,0.05
1202,41.84185549918725,200,0,0,1,3.5822634619273157,0.05
1203,50.37799266609214,200,0,0,1,2.5788416229080298,0.05
1204,137.26168607389798,19,1,0,0,1.199939226615965,0.05
1205,34.66052355295764,200,0,0,1,3.0164954934657526,0.05
1206,150.76775517987298,22,1,0,0,1.383574731659539,0.05
1207,49.05397021365177,200,0,0,1,1.8356192375465057,0.05
1208,178.4035471377594,51,1,0,0,1.3624051438675813,0.05
1209,166.21539541267174,25,1,0,0,1.422619996197136,0.05
1210,208.57693870954174,51,1,0,0,1.4798835869815814,0.05
1211,-13.845915684408384,200,0,0,1,3.4523886422695167,0.05
1212,42.121203351029145,200,0,0,1,2.6844877949017536,0.05
1213,75.24237710377234,200,0,0,1,2.5121945772638687,0.05
1214,40.86129040376498,200,0,0,1,4.304346027190729,0.05
1215,174.19929111424554,74,1,0,0,1.4090866883609503,0.05
1216,188.80008301598363,74,1,0,0,1.4252326358341207,0.05
1217,125.39355978099988,74,1,0,0,1.4573019499015563,0.05
1218,177.53106981429778,84,1,0,0,1.4806012679685017,0.05
1219,160.6929729146374,27,1,0,0,1.4204039932054358,0.05
1220,165.4834388717375,25,1,0,0,1.4681328643529405,0.05
1221,167.854625180215,32,1,0,0,1.3147661293536916,0.05
1222,171.6351568169992,35,1,0,0,1.4875650979146318,0.05
1223,156.41301540881216,23,1,0,0,1.3512528148855603,0.05
1224,179.085097708732,48,1,0,0,1.4559544492229737,0.05
1225,207.9434628827869,61,1,0,0,1.4941929593142622,0.05
1226,140.39199797828877,27,1,0,0,1.4182953489027652,0.05
1227,116.60047770309849,6,1,0,0,1.3283947917117664,0.05
1228,151.9109889682723,22,1,0,0,1.442894519298373,0.05
1229,109.89727608963918,34,1,0,0,1.4965378034428858,0.05
1230,197.65734613281705,200,1,0,0,1.4438554279579823,0.05
1231,100.0,1,1,0,0,1.0956871038838232,0.05
1232,26.469424642699312,200,0,0,1,3.3162597877044075,0.05
1233,60.6434401531572,200,0,0,1,2.269116739667456,0.05
1234,159.55875469310516,20,1,0,0,1.3249296722536463,0.05
1235,136.58725039974655,20,1,0,0,1.4803775101517658,0.05
1236,179.98776960201315,38,1,0,0,1.4285598943371154,0.05
1237,107.05183804314875,200,0,0,1,1.9854522468799565,0.05
1238,162.94738027151183,37,1,0,0,1.4794752031325096,0.05
1239,146.5274823047345,52,1,0,0,1.4766228593407573,0.05
1240,269.7789658651625,82,1,0,0,1.457878744498803,0.05
1241,51.939895383546556,200,0,0,1,3.984740886038329,0.05
1242,174.79503967133292,71,1,0,0,1.4801860165039307,0.05
1243,183.14282347761105,25,1,0,0,1.4030231660588426,0.05
1244,149.9510298580082,26,1,0,0,1.3115668911089264,0.05
1245,135.12277887040494,13,1,0,0,1.3737361609124086,0.05
1246,166.79259540975443,94,1,0,0,1.4860152424897495,0.05
1247,122.50158041409297,71,1,0,0,1.496414337791195,0.05
1248,154.7024776311812,77,1,0,0,1.4545711978122262,0.05
1249,74.04124352780725,200,0,0,1,3.0824500930255647,0.05
1250,207.50247888838504,34,1,0,0,1.1932564373899226,0.05
1251,137.92763150205363,12,1,0,0,1.3617896811659296,0.05
1252,158.81533142296422,16,1,0,0,1.437641618099286,0.05
1253,184.50082665533392,27,1,0,0,1.4218731536140385,0.05
1254,18.491014701973672,200,0,0,1,6.5543274610059745,0.05
1255,18.186236835083584,200,0,0,1,2.5763899424527708,0.05
1256,195.88694539331223,30,1,0,0,1.4486400472302632,0.05
1257,69.38299945179935,200,0,0,1,4.5034301641015,0.05
1258,190.36132998898594,44,1,0,0,1.4631494332836308,0.05
1259,174.0768868127475,40,1,0,0,1.2369487469103504,0.05
1260,49.103785976588114,200,0,0,1,3.5780185014510466,0.05
1261,159.9683437057062,20,1,0,0,1.4959098355753815,0.05
1262,25.558325820310525,200,0,0,1,3.7630783480660948,0.05
1263,141.29031633465917,14,1,0,0,1.2217617145610076,0.05
1264,157.69387611067134,91,1,0,0,1.485226775920705,0.05
1265,23.602978119879754,200,0,0,1,3.8108072048880133,0.05
1266,176.9836370131383,32,1,0,0,1.2939036957293224,0.05
1267,149.0905271225475,29,1,0,0,1.3238128216590521,0.05
1268,175.52602188195857,59,1,0,0,1.378398597458539,0.05
1269,134.02069724693507,30,1,0,0,1.4752591521489513,0.05
1270,185.40495470272606,33,1,0,0,1.4986708180828743,0.05
1271,137.4141456772249,18,1,0,0,1.4410775283532156,0.05
1272,204.36231164981928,34,1,0,0,1.247178771657303,0.05
1273,185.9575746104457,193,1,0,0,1.3727988884212845,0.05
1274,162.97363112907308,23,1,0,0,1.4860676726689215,0.05
1275,169.64051484778065,37,1,0,0,1.4630101861118396,0.05
1276,154.72422759095792,28,1,0,0,1.4253518459596346,0.05
1277,48.23990831042182,200,0,0,1,5.9060899891153715,0.05
1278,166.90159757270305,59,1,0,0,1.4930370528834094,0.05
1279,164.7301043375912,22,1,0,0,1.3758047653902252,0.05
1280,178.79738670820694,49,1,0,0,1.4876857664626306,0.05
1281,162.03958777081104,22,1,0,0,1.499215436571048,0.05
1282,180.3159335375886,30,1,0,0,1.4781060950590643,0.05
1283,57.49074207177873,200,0,0,1,3.325705684536848,0.05
1284,46.88805500529687,200,0,0,1,4.126138351284202,0.05
1285,56.70063708014693,200,0,0,1,2.2547479250058586,0.05
1286,125.06454666770104,9,1,0,0,1.4524615579984,0.05
1287,144.52427859407356,17,1,0,0,1.375837090177774,0.05
1288,154.66503881711165,20,1,0,0,1.4610976671004317,0.05
1289,171.02829301835914,20,1,0,0,1.3613236323935505,0.05
1290,135.30584689503013,139,1,0,0,1.4563038877151506,0.05
1291,38.31656467088108,200,0,0,1,2.5495019588337464,0.05
1292,134.21771348231667,14,1,0,0,1.4501662339334978,0.05
1293,223.15538592602186,85,1,0,0,1.3880620688644154,0.05
1294,171.26075712031817,23,1,0,0,1.3324127493485578,0.05
1295,109.76208816013727,5,1,0,0,1.3857638931388652,0.05
1296,189.91359333405052,25,1,0,0,1.2756628288316945,0.05
1297,139.222783203061,13,1,0,0,1.4224686467551015,0.05
1298,164.4755788222217,20,1,0,0,1.4137422194203324,0.05
1299,161.78572541817334,24,1,0,0,1.3369733557597474,0.05
1300,153.62574360754226,30,1,0,0,1.4587700560324472,0.05
1301,180.86658748965039,24,1,0,0,1.370431962668666,0.05
1302,156.84303062473913,200,0,0,1,2.1655833045478494,0.05
1303,188.42112335065846,37,1,0,0,1.476211247370171,0.05
1304,-50.0,1,0,1,0,8.504392272186466,0.05
1305,130.3343021226994,10,1,0,0,1.4109806823678053,0.05
1306,65.77102270055218,200,0,0,1,3.506648220800413,0.05
1307,159.57282138192238,23,1,0,0,1.2735524655794148,0.05
1308,156.72305057266325,23,1,0,0,1.3916773041861317,0.05
1309,150.8395281305915,115,1,0,0,1.4571924966604222,0.05
1310,139.2819134400108,32,1,0,0,1.4250742267367278,0.05
1311,174.63328687684384,132,1,0,0,1.4602665393264083,0.05
1312,158.25152924103512,72,1,0,0,1.4879027742563065,0.05
1313,0.9154926659946901,200,0,0,1,6.719312817354606,0.05
1314,6.155975048417151,200,0,0,1,4.353828805333578,0.05
1315,95.21537585915597,200,0,0,1,2.3098977955548503,0.05
1316,165.68947206525073,26,1,0,0,1.3794107578611987,0.05
1317,225.3563821587425,65,1,0,0,1.4408251311770721,0.05
1318,163.35786467241883,28,1,0,0,1.4872091410138466,0.05
1319,138.1520571440051,200,0,0,1,2.7481457748864004,0.05
1320,118.55790894848712,6,1,0,0,1.3188664852791057,0.05
1321,6.582403177338277,200,0,0,1,1.8738111342171295,0.05
1322,37.499364533614404,200,0,0,1,2.6406188619341333,0.05
1323,6.478417010873567,200,0,0,1,2.6927616745120897,0.05
1324,42.5855653049585,200,0,0,1,2.3329486881244894,0.05
1325,190.56871919407095,43,1,0,0,1.3179044690323658,0.05
1326,190.08057517898231,33,1,0,0,1.3481733077794116,0.05
1327,140.15842010397137,24,1,0,0,1.4677472547560655,0.05
1328,65.81007617819807,200,0,0,1,2.568880559539755,0.05
1329,81.29426114733052,200,0,0,1,1.9377077849540991,0.05
1330,148.67463689231707,33,1,0,0,1.4745805458315164,0.05
1331,68.85450109152889,200,0,0,1,3.0273985512643926,0.05
1332,105.3675264197324,200,0,0,1,1.950706839843245,0.05
1333,204.19750448131413,31,1,0,0,1.4391838897243951,0.05
1334,162.832394979556,186,1,0,0,1.4679564934409928,0.05
1335,175.3062423331396,113,1,0,0,1.4207230463315548,0.05
1336,50.15317521478666,200,0,0,1,3.8171513708242473,0.05
1337,162.61381679153214,124,1,0,0,1.4756744377726099,0.05
1338,167.0692055797105,26,1,0,0,1.2789597726775155,0.05
1339,168.39095015718317,179,1,0,0,1.4788691797400413,0.05
1340,-1.362259831289619,200,0,0,1,3.030669812094294,0.05
1341,126.90713819827995,200,0,0,1,2.238102949525692,0.05
1342,195.97639271036374,26,1,0,0,1.4515757891123162,0.05
1343,146.89332943909037,19,1,0,0,1.2844132839287015,0.05
1344,52.27723511045439,200,0,0,1,2.3138082223536784,0.05
1345,100.0,1,1,0,0,1.1377043424137034,0.05
1346,175.05274635692857,43,1,0,0,1.3916111603582946,0.05
1347,148.1010127326899,13,1,0,0,1.4065830091144367,0.05
1348,59.710601477391045,200,0,0,1,3.199761633970881,0.05
1349,113.05844485546491,200,0,0,1,3.2699769387361948,0.05
1350,195.2362478957576,51,1,0,0,1.4686264172741623,0.05
1351,107.31341685787582,7,1,0,0,1.3930547900082006,0.05
1352,52.948731798248225,200,0,0,1,2.5184305021253555,0.05
1353,139.36059204712743,144,1,0,0,1.4686459075252367,0.05
1354,71.59001076467338,200,0,0,1,2.638648168278538,0.05
1355,155.6813760054714,42,1,0,0,1.3901399327371713,0.05
1356,22.199523793480335,200,0,0,1,3.204091872286533,0.05
1357,78.41983242911812,200,0,0,1,2.979780260397507,0.05
1358,111.33557051137494,200,0,0,1,3.1336462179496682,0.05
1359,70.62095205851573,200,0,0,1,2.0048752818078803,0.05
1360,125.04528687756047,155,1,0,0,1.4601678232198043,0.05
1361,151.26502840229082,200,0,0,1,1.8698015347110046,0.05
1362,62.37573056274037,200,0,0,1,2.987293485056959,0.05
1363,14.716493928389502,200,0,0,1,6.046131494420502,0.05
1364,165.30668991184893,22,1,0,0,1.234329860400142,0.05
1365,1.5551167804154329,200,0,0,1,3.5531333400208367,0.05
1366,106.80033915413284,200,0,0,1,2.954651031685263,0.05
1367,49.21270758116071,200,0,0,1,3.2123642698423867,0.05
1368,203.75342937053347,130,1,0,0,1.4824537615820483,0.05
1369,39.15589654864354,200,0,0,1,2.535994507751398,0.05
1370,142.3037251599033,22,1,0,0,1.3724799579878542,0.05
1371,51.550637266560514,200,0,0,1,1.7966035829466718,0.05
1372,196.71926991720625,190,1,0,0,1.4774918709937108,0.05
1373,69.60440823049122,200,0,0,1,1.780494248535527,0.05
1374,-47.94335448392198,2,0,1,0,8.495966732997221,0.05
1375,141.02593088473685,12,1,0,0,1.498392539877886,0.05
1376,149.39305413403434,39,1,0,0,1.3515717418807698,0.05
1377,61.36043285154462,200,0,0,1,3.1722571208936747,0.05
1378,53.213685308452675,200,0,0,1,2.365769740656159,0.05
1379,15.582168714149642,200,0,0,1,3.413755424994276,0.05
1380,13.752075164808883,200,0,0,1,2.9602062944123273,0.05
1381,164.27833893397568,166,1,0,0,1.4689821117098418,0.05
1382,178.05837111900422,36,1,0,0,1.478597648652052,0.05
1383,17.02494067804354,200,0,0,1,4.318409576893423,0.05
1384,162.43408129434215,155,1,0,0,1.4337996964430666,0.05
1385,14.224641498520572,200,0,0,1,3.619880403716944,0.05
1386,182.29163444419828,23,1,0,0,1.3339780491438347,0.05
1387,92.06627494722534,200,0,0,1,3.6020180290567905,0.05
1388,167.05174790608464,42,1,0,0,1.4324363595034988,0.05
1389,35.24093113484142,200,0,0,1,3.9628118216454276,0.05
1390,223.21584044800215,31,1,0,0,1.4835652851192143,0.05
1391,189.40192710272115,32,1,0,0,1.420204585005653,0.05
1392,178.77978418970002,34,1,0,0,1.4866185818679831,0.05
1393,185.48533826828645,29,1,0,0,1.3181856670232315,0.05
1394,166.59420077500414,54,1,0,0,1.452788090437135,0.05
1395,-50.0,1,0,1,0,7.483480646093365,0.05
1396,-50.0,1,0,1,0,7.399417008777745,0.05
1397,-35.038193951979785,200,0,0,1,9.89983213891585,0.05
1398,-70.1799043232595,53,0,0,0,9.547404166313406,0.05
1399,44.407472076977726,200,0,0,1,2.5284331004709446,0.05
1400,137.48220944583989,39,1,0,0,1.4708204060733119,0.05
1401,105.23792094452398,200,0,0,1,3.8729474897035194,0.05
1402,141.98959787524092,52,1,0,0,1.4913492006123354,0.05
1403,-19.670921452320368,15,0,1,0,4.163964606332422,0.05
1404,180.10783151318512,36,1,0,0,1.439089800923239,0.05
1405,32.74341232210882,200,0,0,1,7.741499027131674,0.05
1406,43.70462565788504,200,0,0,1,6.310555229346132,0.05
1407,-44.37252175435698,41,0,0,0,6.100240991243301,0.05
1408,71.54691310872282,200,0,0,1,1.8926696540319634,0.05
1409,13.962779650615973,200,0,0,1,5.100649910060375,0.05
1410,9.403715442492306,37,0,0,0,4.8390299772063035,0.05
1411,158.3277239221955,24,1,0,0,1.4962009615848395,0.05
1412,78.4387724516659,200,0,0,1,4.7404375684330855,0.05
1413,82.8637538954444,200,0,0,1,6.262871360306045,0.05
1414,184.5389343300459,108,1,0,0,1.4815625858803976,0.05
1415,54.78475793974746,200,0,0,1,3.3230749491374065,0.05
1416,44.08108701095311,200,0,0,1,8.43108998321561,0.05
1417,194.43001063595392,36,1,0,0,1.4800681876209425,0.05
1418,-17.14802166240219,200,0,0,1,5.880293016614867,0.05
1419,120.840999681127,23,1,0,0,1.1780172615812543,0.05
1420,84.83215649235812,200,0,0,1,2.185042592485055,0.05
1421,33.02488218947572,200,0,0,1,2.836409715573572,0.05
1422,172.2042396972895,29,1,0,0,1.3932806217979334,0.05
1423,150.37446460897624,20,1,0,0,1.4970886885897616,0.05
1424,95.43842903112738,200,0,0,1,2.4014691162000044,0.05
1425,182.21626086324127,171,1,0,0,1.3903894697771821,0.05
1426,187.71557147049577,36,1,0,0,1.4444725275530765,0.05
1427,57.183086612591005,200,0,0,1,5.733314064867365,0.05
1428,26.009287809136612,200,0,0,1,3.7870729021994958,0.05
1429,154.10350958828923,25,1,0,0,1.3150796052398923,0.05
1430,214.2579761595933,31,1,0,0,1.317623662423398,0.05
1431,192.52994915322037,62,1,0,0,1.4947827068372803,0.05
1432,170.19850703826978,27,1,0,0,1.4214518503352114,0.05
1433,170.18015702709454,21,1,0,0,1.162767574999572,0.05
1434,115.20078920109421,200,0,0,1,2.904713612342497,0.05
1435,167.04748659419676,49,1,0,0,1.4862153057982124,0.05
1436,145.9320684613965,114,1,0,0,1.4952505011024397,0.05
1437,152.46667411751423,193,1,0,0,1.4995979322709923,0.05
1438,76.79932752710818,200,0,0,1,4.650431299422673,0.05
1439,135.34462978823785,12,1,0,0,1.4867367544572716,0.05
1440,68.29705671158469,200,0,0,1,2.672832003815326,0.05
1441,162.6782172355186,32,1,0,0,1.4439487869950842,0.05
1442,175.56577303383156,30,1,0,0,1.4512946483184461,0.05
1443,150.1482644531435,122,1,0,0,1.4722333715392402,0.05
1444,125.48194063423908,80,1,0,0,1.4469103909562824,0.05
1445,182.97026014307085,128,1,0,0,1.472386361994119,0.05
1446,48.90909974271391,200,0,0,1,2.1249875435879795,0.05
1447,97.06146135981011,200,0,0,1,2.650911905508162,0.05
1448,165.75400873003085,24,1,0,0,1.1098797055835772,0.05
1449,170.93277293041587,21,1,0,0,1.470341825028673,0.05
1450,165.21194989915125,27,1,0,0,1.458202372682748,0.05
1451,67.33614045156105,200,0,0,1,3.537691334790308,0.05
1452,185.59233843126205,37,1,0,0,1.4966302260184274,0.05
1453,171.47388955156651,26,1,0,0,1.4060579765438004,0.05
1454,117.93811046967008,11,1,0,0,1.4641220184176609,0.05
1455,174.54639420616107,20,1,0,0,1.4938658602274062,0.05
1456,143.2442898542982,17,1,0,0,1.3964528389111017,0.05
1457,120.84066633173347,12,1,0,0,1.2938777106147246,0.05
1458,201.09973346899443,36,1,0,0,1.4614735114523383,0.05
1459,187.8122600272623,33,1,0,0,1.3476416604155388,0.05
1460,143.58618816694948,23,1,0,0,1.4209459419386832,0.05
1461,182.10102562627327,41,1,0,0,1.400424309451438,0.05
1462,203.30168191904767,38,1,0,0,1.4791715687706055,0.05
1463,110.41001783635284,5,1,0,0,1.457564301694571,0.05
1464,73.01963359337132,200,0,0,1,4.142039950928352,0.05
1465,71.13266604041922,200,0,0,1,2.1311641518936986,0.05
1466,157.38061837889987,18,1,0,0,1.3483995829595987,0.05
1467,-10.006116206548349,45,0,0,0,6.229610737802581,0.05
1468,165.95976494757593,20,1,0,0,1.2898874559749556,0.05
1469,55.61342222312884,200,0,0,1,1.6306204592614089,0.05
1470,178.3696130512067,27,1,0,0,1.3422405914862514,0.05
1471,46.30999174514644,200,0,0,1,1.9969950829821213,0.05
1472,45.40664308981289,200,0,0,1,3.388709562075547,0.05
1473,168.0659400959048,22,1,0,0,1.2829983073653008,0.05
1474,59.85580681560489,200,0,0,1,2.3891137677266077,0.05
1475,159.54831713912108,83,1,0,0,1.487330300594716,0.05
1476,147.14864132801665,36,1,0,0,1.472717037424095,0.05
1477,-40.61522216389991,200,0,0,1,7.740624665894609,0.05
1478,223.82359701648875,45,1,0,0,1.3381170407682048,0.05
1479,167.25679208538583,21,1,0,0,1.4106387125169515,0.05
1480,229.42432009608433,37,1,0,0,1.4829663986048485,0.05
1481,136.05175502753664,200,0,0,1,1.6519417251011839,0.05
1482,123.59788296187776,7,1,0,0,1.1501276569562036,0.05
1483,172.05470398999626,26,1,0,0,1.4887108045644506,0.05
1484,50.32724409136858,200,0,0,1,2.7489241804372555,0.05
1485,169.81714906992886,123,1,0,0,1.450931255941295,0.05
1486,42.04281589286462,200,0,0,1,1.9084885630312254,0.05
1487,55.411707293929034,200,0,0,1,3.0803421118805003,0.05
1488,17.11627962358782,200,0,0,1,3.358965552182954,0.05
1489,-13.94446272729289,200,0,0,1,3.2647865362630664,0.05
1490,192.42169079300578,35,1,0,0,1.3033491819430942,0.05
1491,119.51871972710433,200,0,0,1,2.3532428920039155,0.05
1492,72.51117883652483,200,0,0,1,2.149816993997643,0.05
1493,15.527241334514635,200,0,0,1,2.6802680877561103,0.05
1494,15.072460146432421,200,0,0,1,2.023073416836876,0.05
1495,170.8450354294538,85,1,0,0,1.4814635841818393,0.05
1496,184.2642405283216,25,1,0,0,1.3537854323290688,0.05
1497,205.31617144647925,69,1,0,0,1.4685455352344654,0.05
1498,100.92651992203204,200,0,0,1,5.222869701185315,0.05
1499,145.00028848889716,196,1,0,0,1.4800244994968117,0.05
1500,133.33105158376364,20,1,0,0,1.2651523599663397,0.05
1501,49.80097772309844,200,0,0,1,1.9795209960176063,0.05
1502,99.97431426671514,200,0,0,1,2.9391468341093328,0.05
1503,158.1990602940984,70,1,0,0,1.4817151219386375,0.05
1504,58.17337255912692,200,0,0,1,4.051886577616514,0.05
1505,143.8020017228916,11,1,0,0,1.1644002657132027,0.05
1506,122.4528343539765,200,0,0,1,4.121451978598452,0.05
1507,149.1155335551169,14,1,0,0,1.3775134362493944,0.05
1508,21.02142939907053,200,0,0,1,3.2096619929079533,0.05
1509,71.11618056232066,200,0,0,1,2.4985985480639417,0.05
1510,47.23178901927794,200,0,0,1,2.848007825034437,0.05
1511,33.37594617394683,200,0,0,1,3.94876880370908,0.05
1512,165.3397706713027,75,1,0,0,1.4428793050880826,0.05
1513,15.292602989071474,200,0,0,1,10.742349468510128,0.05
1514,26.62464170443378,200,0,0,1,3.5291533652601004,0.05
1515,181.0102960722187,22,1,0,0,1.2602842817427173,0.05
1516,7.904329397547953,200,0,0,1,3.6155566802887864,0.05
1517,87.62700292213603,200,0,0,1,2.6619392415849736,0.05
1518,186.12376398661502,25,1,0,0,1.3072055905792204,0.05
1519,58.07982485625942,200,0,0,1,3.2433841514348183,0.05
1520,61.66035441645246,200,0,0,1,2.7408856157720787,0.05
1521,45.91482070952733,200,0,0,1,4.278495179262407,0.05
1522,73.19853621801953,200,0,0,1,3.525985186052719,0.05
1523,176.8333584233726,152,1,0,0,1.4971454548572527,0.05
1524,224.91942701574732,126,1,0,0,1.49617426783523,0.05
1525,210.14889290606646,34,1,0,0,1.256400435851282,0.05
1526,178.56908175776886,31,1,0,0,1.4265289495215507,0.05
1527,-50.0,1,0,1,0,7.436176954801247,0.05
1528,178.77192662343,31,1,0,0,1.3847872526091891,0.05
1529,136.8861931123191,17,1,0,0,1.3918709427284677,0.05
1530,-50.0,1,0,1,0,4.286136697106498,0.05
1531,187.8899921324137,70,1,0,0,1.4666089369526467,0.05
1532,144.662344424319,17,1,0,0,1.466015905852523,0.05
1533,16.034868793851352,200,0,0,1,7.25403903566445,0.05
1534,2.2344314810753128,200,0,0,1,3.120214266530972,0.05
1535,27.181764097336014,141,0,0,0,5.681875182495606,0.05
1536,-14.600077893734843,200,0,0,1,14.858307896312011,0.05
1537,168.5861287610195,91,1,0,0,1.4404462841799544,0.05
1538,87.65338377658556,200,0,0,1,3.472873184846864,0.05
1539,44.624034758060105,200,0,0,1,2.862599901111496,0.05
1540,146.06728510832994,200,0,0,1,3.5259794365261516,0.05
1541,13.936722472865245,200,0,0,1,3.3638962217806507,0.05
1542,73.33111456968588,200,0,0,1,3.4669500819790153,0.05
1543,152.57085023670103,24,1,0,0,1.4724557890683063,0.05
1544,178.6516992622523,26,1,0,0,1.4408885111510483,0.05
1545,113.18870365851382,200,0,0,1,1.6388778007703964,0.05
1546,184.41215163700178,35,1,0,0,1.3233651928216787,0.05
1547,171.41542879826545,18,1,0,0,1.3922801505479643,0.05
1548,130.93020116621219,104,1,0,0,1.4702137815767784,0.05
1549,55.186704814612476,200,0,0,1,3.3832930738294995,0.05
1550,73.98134579230025,200,0,0,1,2.3065979943134494,0.05
1551,96.1578000945037,200,0,0,1,2.1102194362430198,0.05
1552,160.94969632109087,88,1,0,0,1.4708456053187817,0.05
1553,39.25473136906376,200,0,0,1,3.436843765523958,0.05
1554,162.83208782083773,29,1,0,0,1.466063062277492,0.05
1555,141.0668188474371,80,1,0,0,1.315363501972448,0.05
1556,110.81485904791819,53,1,0,0,1.4944513716045122,0.05
1557,203.31523900905557,72,1,0,0,1.4801020623292835,0.05
1558,120.52046645758894,200,0,0,1,3.315060501821901,0.05
1559,101.17524373164088,200,0,0,1,2.2119903487559824,0.05
1560,189.4543281165391,26,1,0,0,1.2882703040260692,0.05
1561,123.21461227698433,200,0,0,1,2.0489631639700394,0.05
1562,136.21516254687936,12,1,0,0,1.3851468568964442,0.05
1563,163.58011943888067,22,1,0,0,1.3812089910673382,0.05
1564,240.72380772800386,51,1,0,0,1.4500616354200628,0.05
1565,125.20532810261997,14,1,0,0,1.450073224721514,0.05
1566,25.240293632103466,200,0,0,1,2.7052159495101944,0.05
1567,135.8906141515471,30,1,0,0,1.3726591105993242,0.05
1568,172.80481025365327,158,1,0,0,1.4688803269339277,0.05
1569,142.1173995191632,17,1,0,0,1.174011164415515,0.05
1570,45.4586114629524,200,0,0,1,2.7346699222486617,0.05
1571,148.24253941918673,191,1,0,0,1.4410178880449664,0.05
1572,154.7931633877664,79,1,0,0,1.426842037442426,0.05
1573,190.59207580822246,25,1,0,0,1.354409725921776,0.05
1574,168.45034856631108,26,1,0,0,1.470638632687629,0.05
1575,47.608203863639254,200,0,0,1,2.657306374434143,0.05
1576,189.05600816432565,29,1,0,0,1.4846537259632118,0.05
1577,164.60072716761982,26,1,0,0,1.4783374115812382,0.05
1578,198.03641075561887,118,1,0,0,1.4855967815211044,0.05
1579,123.65362197988453,9,1,0,0,1.2174663667267223,0.05
1580,32.925447463707904,200,0,0,1,2.6421812741961777,0.05
1581,136.7113740013261,34,1,0,0,1.4392610230221672,0.05
1582,-50.0,1,0,1,0,2.5685737402324427,0.05
1583,145.8125162763734,20,1,0,0,1.435277024892615,0.05
1584,114.60500019286278,5,1,0,0,1.105001742688863,0.05
1585,145.32818430545166,12,1,0,0,1.286578868496915,0.05
1586,175.3597901526564,69,1,0,0,1.3082131056716073,0.05
1587,167.48651492887058,24,1,0,0,1.0720156560781549,0.05
1588,200.7500331918347,29,1,0,0,1.1622494370447307,0.05
1589,-6.65141641528804,200,0,0,1,3.257148022416778,0.05
1590,192.1621135554966,51,1,0,0,1.4970866906627363,0.05
1591,123.27197461137165,200,0,0,1,2.7756001266992336,0.05
1592,199.90085225411468,31,1,0,0,1.3539492300699576,0.05
1593,154.92844209102077,25,1,0,0,1.435596889938203,0.05
1594,160.76228674680374,24,1,0,0,1.3286410231603545,0.05
1595,181.8227340165417,27,1,0,0,1.4772249886585722,0.05
1596,202.098844401966,97,1,0,0,1.4955806264876979,0.05
1597,105.93952122955734,200,0,0,1,1.9673155797700526,0.05
1598,182.03857521323488,110,1,0,0,1.4919886575140302,0.05
1599,105.90306444556224,7,1,0,0,1.449683274296234,0.05
1600,185.8201967097606,28,1,0,0,1.4574795057047347,0.05
1601,78.47493342402873,200,0,0,1,2.7069051694494757,0.05
1602,174.56285684532767,28,1,0,0,1.4134685075720803,0.05
1603,168.92074457242057,75,1,0,0,1.4878551228671342,0.05
1604,150.94915387716074,17,1,0,0,1.3321529436865533,0.05
1605,166.37447973201313,145,1,0,0,1.482569144722658,0.05
1606,167.93117561073038,23,1,0,0,1.4300031966460527,0.05
1607,73.85212536119867,200,0,0,1,2.295838350171244,0.05
1608,53.19715344260798,200,0,0,1,1.8377897215256154,0.05
1609,200.90500582425628,38,1,0,0,1.4735615060053955,0.05
1610,7.523239262329737,200,0,0,1,6.175609183446368,0.05
1611,46.081710628826954,200,0,0,1,4.70584483782177,0.05
1612,179.53391440025138,23,1,0,0,1.349243653949035,0.05
1613,120.12994507440013,11,1,0,0,1.4266906419712526,0.05
1614,139.3445995637065,13,1,0,0,1.2752651419706127,0.05
1615,66.4572125098981,200,0,0,1,2.606015449200822,0.05
1616,72.11120994771193,200,0,0,1,2.1144330400559905,0.05
1617,219.59625307949992,31,1,0,0,1.3712637770574991,0.05
1618,141.43358815992744,21,1,0,0,1.4398131114145263,0.05
1619,-50.0,1,0,1,0,5.824637312178573,0.05
1620,126.00785901354064,39,1,0,0,1.4351590007192083,0.05
1621,190.51149878781837,181,1,0,0,1.4273365045685957,0.05
1622,163.484064872266,27,1,0,0,1.471530905943165,0.05
1623,136.79316141131406,178,1,0,0,1.4913638021905173,0.05
1624,156.83184572270252,24,1,0,0,1.4783907974549275,0.05
1625,161.94566777627728,58,1,0,0,1.499769521043473,0.05
1626,17.06872894990797,200,0,0,1,7.559210402010414,0.05
1627,63.88412895797514,200,0,0,1,2.190315562715567,0.05
1628,196.40659055823562,26,1,0,0,1.1509051196875033,0.05
1629,234.39761413486872,80,1,0,0,1.4593711723389335,0.05
1630,114.06576890828754,26,1,0,0,1.47706525938278,0.05
1631,143.67124774314408,164,1,0,0,1.4659193724499098,0.05
1632,206.38431308236477,37,1,0,0,1.457055716511494,0.05
1633,165.2760625193068,19,1,0,0,1.4845290621179839,0.05
1634,207.0118971050543,84,1,0,0,1.459202376554717,0.05
1635,11.639013617649987,181,0,0,0,11.43575633613389,0.05
1636,136.87321227640598,20,1,0,0,1.4426389914038422,0.05
1637,178.8925459983509,42,1,0,0,1.420742000638132,0.05
1638,172.44165936559364,83,1,0,0,1.4506954635374922,0.05
1639,180.69361506605406,29,1,0,0,1.4216507029680259,0.05
1640,12.693148340975108,200,0,0,1,2.7266093102673805,0.05
1641,163.235275331685,28,1,0,0,1.3056863175811695,0.05
1642,31.359390290411866,200,0,0,1,2.272618255950438,0.05
1643,205.17250491678453,155,1,0,0,1.4924073290576176,0.05
1644,186.57202009721277,38,1,0,0,1.4432292367940398,0.05
1645,129.81317813254236,20,1,0,0,1.49595278410016,0.05
1646,148.81524342489647,18,1,0,0,1.3176529815053684,0.05
1647,166.77079512284547,31,1,0,0,1.4825074397103446,0.05
1648,65.8281352663403,200,0,0,1,2.527564978918078,0.05
1649,177.9765263981903,153,1,0,0,1.3489941908455085,0.05
1650,138.15671369241034,23,1,0,0,1.4028726574887027,0.05
1651,185.46127185952474,22,1,0,0,1.3039084373400656,0.05
1652,167.63449016008911,38,1,0,0,1.4499003849794527,0.05
1653,138.98185260269693,19,1,0,0,1.4999977063479784,0.05
1654,173.93439850652123,22,1,0,0,1.383546270642434,0.05
1655,151.59341209101996,19,1,0,0,1.3556703625383548,0.05
1656,193.55666903736056,31,1,0,0,1.3969480438767976,0.05
1657,195.7060910108592,34,1,0,0,1.4551035669534,0.05
1658,159.7635796559021,21,1,0,0,1.469356612209933,0.05
1659,-25.501647674110753,31,0,1,0,7.841449406642733,0.05
1660,150.68627466756442,16,1,0,0,1.47152544235548,0.05
1661,184.00535941669716,26,1,0,0,1.4251555800248825,0.05
1662,194.34241523423043,41,1,0,0,1.2643605444467607,0.05
1663,248.50091621091406,50,1,0,0,1.4618754121489728,0.05
1664,132.76046186055174,57,1,0,0,1.4986624733200693,0.05
1665,163.2380892259323,92,1,0,0,1.4182133825230736,0.05
1666,134.9159050675938,10,1,0,0,1.3435475451430134,0.05
1667,138.88958032848836,20,1,0,0,1.1271221860520158,0.05
1668,164.18148837919927,25,1,0,0,1.3496296612765755,0.05
1669,188.44992026719336,24,1,0,0,1.229174614989463,0.05
1670,168.3818272625021,34,1,0,0,1.313441942036557,0.05
1671,164.97654813819952,43,1,0,0,1.4699856704434062,0.05
1672,17.591729646463946,200,0,0,1,3.3068563671897926,0.05
1673,147.29090440841352,33,1,0,0,1.4739771985607402,0.05
1674,-33.96508753284399,5,0,1,0,8.632079760517636,0.05
1675,150.84284430767224,37,1,0,0,1.482717006779808,0.05
1676,169.3083028423058,17,1,0,0,1.386374968612761,0.05
1677,152.0969891258492,22,1,0,0,1.3288886184739195,0.05
1678,187.40425331161003,28,1,0,0,1.3297000940319015,0.05
1679,185.8335062175158,24,1,0,0,1.4659267720288576,0.05
1680,163.27529878019706,30,1,0,0,1.377922608503439,0.05
1681,168.10594684971898,20,1,0,0,1.4816123538425405,0.05
1682,163.3352852503327,27,1,0,0,1.4507245094267758,0.05
1683,266.34773664332795,57,1,0,0,1.329752435706414,0.05
1684,179.33685012801732,21,1,0,0,1.2258823756167376,0.05
1685,133.7418179115288,62,1,0,0,1.4722313100173117,0.05
1686,215.87606269914778,33,1,0,0,1.269470720131904,0.05
1687,153.2661198234523,98,1,0,0,1.1426133111352426,0.05
1688,180.1387430410465,27,1,0,0,1.491677473898009,0.05
1689,194.02656218732758,41,1,0,0,1.1818309838236858,0.05
1690,196.53340957181246,28,1,0,0,1.251874333704937,0.05
1691,154.94034388413826,34,1,0,0,1.4851580131761506,0.05
1692,21.048365735307804,200,0,0,1,2.101107225480441,0.05
1693,169.77051594858992,50,1,0,0,1.4696275321906758,0.05
1694,-50.0,1,0,1,0,7.130131401442492,0.05
1695,177.42592994070367,23,1,0,0,1.3859124233306952,0.05
1696,81.29408842522044,200,0,0,1,2.118708763036917,0.05
1697,157.07894574238986,171,1,0,0,1.4386642633720093,0.05
1698,167.1858559291329,23,1,0,0,1.3693038958967727,0.05
1699,166.4312518651065,56,1,0,0,1.4429590844616003,0.05
1700,200.94337840706172,41,1,0,0,1.4809719337356524,0.05
1701,139.01990614525596,19,1,0,0,1.3258763476932243,0.05
1702,183.42505301249741,22,1,0,0,1.360097089517976,0.05
1703,97.3009263292373,200,0,0,1,1.8327484406528642,0.05
1704,185.435384199554,58,1,0,0,1.4574717753210158,0.05
1705,214.5773860262509,31,1,0,0,1.1870067799675081,0.05
1706,167.77482086922487,48,1,0,0,1.4407068956593694,0.05
1707,164.56311483332442,28,1,0,0,1.4431044820986596,0.05
1708,165.9657357802594,33,1,0,0,1.4149311730368885,0.05
1709,34.55324326804884,200,0,0,1,4.246842064669702,0.05
1710,105.58692334264579,3,1,0,0,1.1053090380613413,0.05
1711,129.9692801646468,200,0,0,1,2.0849790485886226,0.05
1712,197.77473870191432,59,1,0,0,1.3753811263182008,0.05
1713,187.55653195512548,32,1,0,0,1.2657201890226701,0.05
1714,158.60819282435747,24,1,0,0,1.3683230758465743,0.05
1715,166.85624105510374,24,1,0,0,1.4357088090700352,0.05
1716,118.37676951680992,9,1,0,0,1.330668910910989,0.05
1717,135.30638998260773,22,1,0,0,1.446903266097638,0.05
1718,159.71223457632942,18,1,0,0,1.4704625761410748,0.05
1719,148.07609417305144,16,1,0,0,1.3976025310706286,0.05
1720,40.19346728039905,200,0,0,1,3.4946373869434137,0.05
1721,190.63045284192043,24,1,0,0,1.199813072847922,0.05
1722,181.65104059365103,40,1,0,0,1.4168899828128025,0.05
1723,137.64179513107666,32,1,0,0,1.3678270471279035,0.05
1724,125.66857311613255,117,1,0,0,1.3868151066638708,0.05
1725,201.8036794535089,35,1,0,0,1.4225850919293743,0.05
1726,171.8469622817429,26,1,0,0,1.3968331295353917,0.05
1727,177.21805869014875,20,1,0,0,1.3290171307951413,0.05
1728,161.16106142165802,17,1,0,0,1.2730141520003553,0.05
1729,170.0873455561458,26,1,0,0,1.4646877163124767,0.05
1730,191.84851635436337,27,1,0,0,1.3409217126950401,0.05
1731,161.26020450218175,22,1,0,0,1.3738921234056267,0.05
1732,175.03028616145542,23,1,0,0,1.3444683035056277,0.05
1733,177.8586694374129,27,1,0,0,1.4598453033969605,0.05
1734,195.50594785697973,77,1,0,0,1.31052086951535,0.05
1735,170.005515850159,19,1,0,0,1.289939089777895,0.05
1736,164.29629420987203,19,1,0,0,1.3121420241883979,0.05
1737,55.01650120413115,200,0,0,1,2.394400616917442,0.05
1738,175.71808322643946,30,1,0,0,1.3995291012300768,0.05
1739,187.79549249511297,26,1,0,0,1.2853911816404915,0.05
1740,182.54891229957698,22,1,0,0,1.3255582966884552,0.05
1741,131.0137392697569,13,1,0,0,1.337797034354335,0.05
1742,165.52990928513145,27,1,0,0,1.3212475165617388,0.05
1743,41.16037461569871,200,0,0,1,6.085284848732632,0.05
1744,168.44859666786732,38,1,0,0,1.361587095193627,0.05
1745,174.25580126775174,20,1,0,0,1.4284606876579427,0.05
1746,250.50961896109175,43,1,0,0,1.4984528823278487,0.05
1747,202.89903789800763,37,1,0,0,1.4349869321099757,0.05
1748,176.70339692192476,48,1,0,0,1.471646538240436,0.05
1749,155.30239769333284,98,1,0,0,1.4437526169642398,0.05
1750,176.6129431933095,24,1,0,0,1.328837030449353,0.05
1751,230.05589732518493,43,1,0,0,1.4702678215107592,0.05
1752,238.19856182318614,150,1,0,0,1.4807491277102582,0.05
1753,153.8375218200652,16,1,0,0,1.3228477229928888,0.05
1754,188.45635640902077,26,1,0,0,1.4847127077726308,0.05
1755,96.59083301981427,200,0,0,1,2.0849130544858205,0.05
1756,172.283434662552,22,1,0,0,1.3804260295680566,0.05
1757,182.2714506494954,22,1,0,0,1.3724734083169885,0.05
1758,186.37685261070914,109,1,0,0,1.4029543885222766,0.05
1759,190.10329638670555,29,1,0,0,1.4212515876549008,0.05
1760,162.9129336466543,20,1,0,0,1.4992935095058262,0.05
1761,199.47457536398815,28,1,0,0,1.0786156951660233,0.05
1762,166.94096289684978,19,1,0,0,1.389272272473287,0.05
1763,191.9734848928564,30,1,0,0,1.429549667514806,0.05
1764,156.43627490676312,16,1,0,0,1.3975196859881907,0.05
1765,145.21955717130885,23,1,0,0,1.4216264402782832,0.05
1766,164.9642134407415,19,1,0,0,1.1873303145520415,0.05
1767,166.00385556408852,62,1,0,0,1.4656484343318097,0.05
1768,76.5054249111978,200,0,0,1,2.4112524512365634,0.05
1769,-9.072429352169067,10,0,1,0,6.072571353341445,0.05
1770,211.26639623271285,34,1,0,0,1.343796280954874,0.05
1771,167.6777605563608,35,1,0,0,1.4605479090284295,0.05
1772,158.05720921728965,18,1,0,0,1.3335421295500267,0.05
1773,172.47170299485384,29,1,0,0,1.4768356732803305,0.05
1774,225.64708575752192,38,1,0,0,1.30771967724598,0.05
1775,228.8427522557135,92,1,0,0,1.4949576231941129,0.05
1776,163.13105059317263,25,1,0,0,1.3326748796132064,0.05
1777,223.57680458137833,44,1,0,0,1.3802018998845642,0.05
1778,153.2292954698542,17,1,0,0,1.4461107339221075,0.05
1779,165.3265344106638,21,1,0,0,1.4322019967516837,0.05
1780,143.13838490078822,13,1,0,0,1.0789542166033244,0.05
1781,159.33385965432393,21,1,0,0,1.4014590543826726,0.05
1782,194.3156330189244,167,1,0,0,1.483500585661213,0.05
1783,230.83020304773817,66,1,0,0,1.457216055266036,0.05
1784,77.24491203415475,200,0,0,1,2.017121855435867,0.05
1785,181.04713667580893,26,1,0,0,1.46140787997965,0.05
1786,186.8534637429853,27,1,0,0,1.2706578052654052,0.05
1787,247.4336646223203,49,1,0,0,1.3999241821398516,0.05
1788,178.64865550721385,26,1,0,0,1.404377340023215,0.05
1789,147.6107274663015,39,1,0,0,1.299154054628778,0.05
1790,209.05429702867266,34,1,0,0,1.3531194485574707,0.05
1791,52.46263103379843,200,0,0,1,4.626818546329774,0.05
1792,170.1272704987615,172,1,0,0,1.33418118740136,0.05
1793,152.49881214482718,27,1,0,0,1.405419043421584,0.05
1794,38.23380323927707,200,0,0,1,2.407052115089358,0.05
1795,167.42667486548078,27,1,0,0,1.4099734181351935,0.05
1796,174.9302427202208,22,1,0,0,1.3659087175526679,0.05
1797,56.42526756307215,200,0,0,1,2.668115311266793,0.05
1798,191.31270457204954,32,1,0,0,1.36460052678471,0.05
1799,183.11192905742394,28,1,0,0,1.309965755890491,0.05
1800,152.38601336968426,20,1,0,0,1.3899160156899655,0.05
1801,211.11058530971883,35,1,0,0,1.328092035627208,0.05
1802,70.08023834830223,200,0,0,1,1.8747189010338534,0.05
1803,249.05199430501696,52,1,0,0,1.2927241193263628,0.05
1804,148.35768317406445,21,1,0,0,1.3161620944418515,0.05
1805,171.68256789940915,27,1,0,0,1.204317357254715,0.05
1806,191.77340786340807,28,1,0,0,1.4982188423938463,0.05
1807,181.4750767128308,23,1,0,0,1.48426247859326,0.05
1808,170.67486814915412,26,1,0,0,1.399637970735739,0.05
1809,182.42350205827142,22,1,0,0,1.3710672759000782,0.05
1810,153.153652056615,20,1,0,0,1.3026906160938232,0.05
1811,148.58667726629415,15,1,0,0,1.388863775760816,0.05
1812,38.681356837792215,200,0,0,1,2.9797652856487638,0.05
1813,126.75502472608107,13,1,0,0,1.443512914293625,0.05
1814,138.40726090392377,18,1,0,0,1.487213180740771,0.05
1815,150.80377481395902,14,1,0,0,1.2448811117602996,0.05
1816,90.03027363163253,36,1,0,0,1.4706600228725237,0.05
1817,212.61170207128959,38,1,0,0,1.2538886070788988,0.05
1818,132.38371159954295,9,1,0,0,1.1424953234669677,0.05
1819,47.45805525383992,200,0,0,1,2.664828540591583,0.05
1820,164.37489191860632,22,1,0,0,1.2314870098109358,0.05
1821,16.289800928306004,200,0,0,1,2.6858179429210574,0.05
1822,240.28700546139743,62,1,0,0,1.436645938022354,0.05
1823,186.43251942689616,63,1,0,0,1.4012419178518876,0.05
1824,158.4724880370789,19,1,0,0,1.4629791694612162,0.05
1825,157.1410487150119,20,1,0,0,1.374191404588119,0.05
1826,173.521545168483,29,1,0,0,1.3390738610041388,0.05
1827,142.87099523735492,146,1,0,0,1.4813214348162407,0.05
1828,207.77823196236426,31,1,0,0,1.3579847789001585,0.05
1829,216.4927497632799,34,1,0,0,1.497784566528847,0.05
1830,247.41242576803484,51,1,0,0,1.4479320880953073,0.05
1831,15.927164670643183,200,0,0,1,3.7046001251952028,0.05
1832,121.84896344789266,23,1,0,0,1.4198602790285806,0.05
1833,177.90700114276936,26,1,0,0,1.2559268207485006,0.05
1834,14.562414608889338,200,0,0,1,3.61851275649271,0.05
1835,162.44400418562438,30,1,0,0,1.437799295336665,0.05
1836,103.57863289040696,2,1,0,0,1.3971087591024745,0.05
1837,242.68023839426766,57,1,0,0,1.4905724692958606,0.05
1838,134.69647776737995,133,1,0,0,1.4354138349774663,0.05
1839,156.14780390770684,76,1,0,0,1.356753129376108,0.05
1840,212.04163139596378,40,1,0,0,1.4892997790525373,0.05
1841,167.22326366945282,72,1,0,0,1.4456642560203405,0.05
1842,178.19219982184217,24,1,0,0,1.4809401792880124,0.05
1843,192.7071910138443,24,1,0,0,1.4917398215616573,0.05
1844,173.63727521596437,46,1,0,0,1.446619917745424,0.05
1845,179.27946159353345,21,1,0,0,1.4368866524553583,0.05
1846,159.50730698311716,24,1,0,0,1.4632518737854892,0.05
1847,183.7513059454824,27,1,0,0,1.458208342171492,0.05
1848,195.88045159405786,73,1,0,0,1.4279248778657725,0.05
1849,170.6876790819841,31,1,0,0,1.1803164424095045,0.05
1850,47.54499697465575,200,0,0,1,2.138685385843223,0.05
1851,153.55287995782123,23,1,0,0,1.4974437291239255,0.05
1852,252.78277950227186,56,1,0,0,1.2628564471429469,0.05
1853,169.58308292461152,24,1,0,0,1.4368768576344775,0.05
1854,144.15343743221078,17,1,0,0,1.4451209224655763,0.05
1855,135.76889407420828,17,1,0,0,1.4046976796568484,0.05
1856,190.68615277935515,43,1,0,0,1.4490769000176076,0.05
1857,-9.500580693613646,200,0,0,1,3.4074035517005874,0.05
1858,185.1752205121113,21,1,0,0,1.25669045217689,0.05
1859,140.83199789493153,16,1,0,0,1.3140439331135656,0.05
1860,98.6222373865886,10,1,0,0,1.4126733305041026,0.05
1861,240.2667844997715,48,1,0,0,1.4516758031958688,0.05
1862,142.08309770725788,13,1,0,0,1.4227050825379592,0.05
1863,156.7388707195011,20,1,0,0,1.4174225066391624,0.05
1864,181.0503852560232,26,1,0,0,1.1509423323191896,0.05
1865,168.1818992356071,22,1,0,0,1.481913055181054,0.05
1866,142.27294932800828,15,1,0,0,1.4652127048732477,0.05
1867,45.47279293801307,200,0,0,1,2.6516788266947757,0.05
1868,183.52354816901854,31,1,0,0,1.4897052853780672,0.05
1869,198.30816028645015,32,1,0,0,1.4997317609186043,0.05
1870,137.67749711585003,189,1,0,0,1.3944623933170661,0.05
1871,185.7461901363365,28,1,0,0,1.199394017700866,0.05
1872,204.29763602660367,25,1,0,0,1.2230360459136713,0.05
1873,188.87650103195614,71,1,0,0,1.443641493273267,0.05
1874,144.12425768270543,97,1,0,0,1.446628114085059,0.05
1875,142.25449953229585,50,1,0,0,1.4002515647946345,0.05
1876,118.67504830403608,47,1,0,0,1.4647253392957584,0.05
1877,-50.0,1,0,1,0,2.543984828989063,0.05
1878,180.13181543222834,25,1,0,0,1.3931777198926039,0.05
1879,26.077421269247434,200,0,0,1,3.1633105230842613,0.05
1880,96.39143676582661,200,0,0,1,2.9284971067374284,0.05
1881,257.0548957981557,55,1,0,0,1.326685332487326,0.05
1882,197.56385233048545,32,1,0,0,1.3523927436016585,0.05
1883,175.69889036777556,26,1,0,0,1.1779946526838514,0.05
1884,9.274531096117665,200,0,0,1,3.8268548024495352,0.05
1885,166.9704132510832,59,1,0,0,1.4908437196856088,0.05
1886,135.76922263242878,24,1,0,0,1.3272332491175476,0.05
1887,185.20554492658417,29,1,0,0,1.4059223797374047,0.05
1888,199.97256153776095,26,1,0,0,1.403962501804206,0.05
1889,151.6057639434049,175,1,0,0,1.472690780909257,0.05
1890,142.54119164190678,24,1,0,0,1.4964491252845975,0.05
1891,166.2673982956565,20,1,0,0,1.4263491678710283,0.05
1892,169.61116156706134,23,1,0,0,1.252426728680904,0.05
1893,149.47140454970832,15,1,0,0,1.4540368126116365,0.05
1894,162.63303653736546,24,1,0,0,1.290117114035009,0.05
1895,137.62808725113536,14,1,0,0,1.3883832243190812,0.05
1896,158.5325641513455,23,1,0,0,1.4078280466054518,0.05
1897,129.14141400750475,143,1,0,0,1.4940990618984593,0.05
1898,106.36548896853328,3,1,0,0,1.329360867807368,0.05
1899,191.09491181841338,64,1,0,0,1.4655116018545493,0.05
1900,122.43544125906882,9,1,0,0,1.4264790847363442,0.05
1901,166.0909020893822,31,1,0,0,1.4179354320298132,0.05
1902,156.29241635180836,172,1,0,0,1.2451810208016445,0.05
1903,135.7231900942679,80,1,0,0,1.2193135060687026,0.05
1904,174.4561635741589,25,1,0,0,1.387699095561171,0.05
1905,175.12262466575646,31,1,0,0,1.488201120730423,0.05
1906,72.90636620157494,200,0,0,1,2.02675831330203,0.05
1907,34.54493290338755,200,0,0,1,3.598523906105963,0.05
1908,190.42723530972796,36,1,0,0,1.4465014112973906,0.05
1909,215.67338062877326,39,1,0,0,1.3211278336180012,0.05
1910,169.73257255512044,22,1,0,0,1.4785321150111064,0.05
1911,50.83917040051559,200,0,0,1,2.821290418062104,0.05
1912,31.164412006576065,200,0,0,1,2.277371987388783,0.05
1913,37.80652535592941,200,0,0,1,3.1918138194458545,0.05
1914,139.12928791773749,14,1,0,0,1.4731561513734504,0.05
1915,228.39788914440584,38,1,0,0,1.2813763365855557,0.05
1916,60.637544489885606,200,0,0,1,2.285710893215714,0.05
1917,147.7830115145908,93,1,0,0,1.4504692681274522,0.05
1918,185.935683469707,28,1,0,0,1.2359000880008137,0.05
1919,106.51317449712849,10,1,0,0,1.4955855126510804,0.05
1920,158.58885471548945,19,1,0,0,1.3464614092003937,0.05
1921,150.2119759970121,18,1,0,0,1.3982198703484154,0.05
1922,64.55247150288558,200,0,0,1,2.4038067605882416,0.05
1923,137.92163535399052,18,1,0,0,1.2151971662792413,0.05
1924,119.47477722175182,200,0,0,1,2.053553879826703,0.05
1925,230.17514518962503,46,1,0,0,1.4909565733858128,0.05
1926,200.836618849175,33,1,0,0,1.2471885538844596,0.05
1927,140.48883930475262,18,1,0,0,1.444869173148411,0.05
1928,209.0348273767575,23,1,0,0,1.4775778611528219,0.05
1929,139.19348759001716,53,1,0,0,1.1993201861283258,0.05
1930,166.90657597600733,38,1,0,0,1.4486139639016518,0.05
1931,128.15937975434457,23,1,0,0,1.4847018486015984,0.05
1932,175.3982507820784,31,1,0,0,1.327880779867531,0.05
1933,162.50781619620926,172,1,0,0,1.4755436779627462,0.05
1934,217.24265374055943,42,1,0,0,1.4657854944533484,0.05
1935,184.79250007235066,113,1,0,0,1.3073704820699072,0.05
1936,174.1186490720265,24,1,0,0,1.4252308678849666,0.05
1937,164.10919429562927,24,1,0,0,1.2778685137072192,0.05
1938,30.280432521608212,200,0,0,1,3.2451863806040913,0.05
1939,207.20673750125982,34,1,0,0,1.4695942768440027,0.05
1940,147.45901932383686,22,1,0,0,1.4598698881218337,0.05
1941,175.3586684458434,26,1,0,0,1.423643119596748,0.05
1942,163.46302220573,46,1,0,0,1.3502945219999882,0.05
1943,149.07467722408614,17,1,0,0,1.2862315526628838,0.05
1944,186.96849994016105,27,1,0,0,1.4574225616194838,0.05
1945,155.31701126546503,23,1,0,0,1.4099110142146967,0.05
1946,187.9355279177406,26,1,0,0,1.4381181928124034,0.05
1947,154.25992183753738,30,1,0,0,1.349277086123704,0.05
1948,175.08759923235434,30,1,0,0,1.3949809928303232,0.05
1949,185.88840621719177,29,1,0,0,1.3012387892223432,0.05
1950,197.57674364109198,26,1,0,0,1.2162965504325838,0.05
1951,152.1879053277736,18,1,0,0,1.4737628715896447,0.05
1952,38.14281135790898,200,0,0,1,1.7849630122171962,0.05
1953,191.74847123689426,22,1,0,0,1.4201313157975084,0.05
1954,59.21899570411124,200,0,0,1,2.4135188754824624,0.05
1955,270.7812907717714,145,1,0,0,1.4926453116656095,0.05
1956,206.67926384913744,27,1,0,0,1.3695111750429925,0.05
1957,162.8553203688578,19,1,0,0,1.2045324595585383,0.05
1958,168.5328521925834,24,1,0,0,1.4727198216598971,0.05
1959,153.1977066261767,31,1,0,0,1.2329880726251876,0.05
1960,192.81281644422228,25,1,0,0,1.276259699894315,0.05
1961,25.307884429319454,200,0,0,1,5.39424435585481,0.05
1962,181.2704501220137,42,1,0,0,1.4561282545121361,0.05
1963,143.9581892700125,14,1,0,0,1.3472520615324748,0.05
1964,182.86527458802192,32,1,0,0,1.4764135509743472,0.05
1965,125.54447651673061,167,1,0,0,1.4630139949050736,0.05
1966,149.3791835273062,20,1,0,0,1.3838130504430266,0.05
1967,201.71314784703577,23,1,0,0,1.2836195638334844,0.05
1968,211.17415096580856,38,1,0,0,1.4659366954004684,0.05
1969,163.11485953352278,20,1,0,0,1.3641470592680551,0.05
1970,182.64939722410043,25,1,0,0,1.2683436489845787,0.05
1971,176.34445538883693,29,1,0,0,1.4189585245050844,0.05
1972,134.43840398409907,19,1,0,0,1.361572207851486,0.05
1973,158.640435141404,22,1,0,0,1.3182596016461343,0.05
1974,19.102962959716685,200,0,0,1,3.779353159291558,0.05
1975,168.9358185780063,25,1,0,0,1.3692621999885703,0.05
1976,142.16413864605153,154,1,0,0,1.4756666375167322,0.05
1977,148.1928665547139,19,1,0,0,1.3303456887682337,0.05
1978,141.00852979100213,13,1,0,0,1.4870677607058012,0.05
1979,129.45193536276633,12,1,0,0,1.4275128807685824,0.05
1980,39.520596606135435,200,0,0,1,2.1157641401318235,0.05
1981,210.36645065514836,29,1,0,0,1.2378464709579453,0.05
1982,75.11784951693326,200,0,0,1,2.0703799962401277,0.05
1983,148.54417360709004,44,1,0,0,1.3706451503327082,0.05
1984,159.14331439932653,17,1,0,0,1.4549914904123908,0.05
1985,213.58011975185508,35,1,0,0,1.410079262226701,0.05
1986,266.48326466163087,74,1,0,0,1.4905256874583575,0.05
1987,194.2589107302141,24,1,0,0,1.4500388832663973,0.05
1988,165.09112239095964,28,1,0,0,1.498302549623995,0.05
1989,175.234327834189,43,1,0,0,1.4741682962819118,0.05
1990,116.30243866162758,7,1,0,0,1.2951327156626096,0.05
1991,183.9588068670568,23,1,0,0,1.244444959586612,0.05
1992,157.29460103947122,15,1,0,0,1.4117173827794316,0.05
1993,144.0859592726336,17,1,0,0,1.2021516877803755,0.05
1994,146.5664997094325,13,1,0,0,1.3715355904064706,0.05
1995,171.66617769969895,23,1,0,0,1.3766022044262152,0.05
1996,129.26571045649797,119,1,0,0,1.4793472042503855,0.05
1997,169.99197100191634,21,1,0,0,1.363005218323097,0.05
1998,150.6562786744954,19,1,0,0,1.4724621960032425,0.05
1999,2.8414537620496314,200,0,0,1,2.7818410252393884,0.05
2000,148.15148593231584,20,1,0,0,1.481035222613168,0.05
2001,171.1782256171661,28,1,0,0,1.4497995696859942,0.05
2002,206.06612952691805,36,1,0,0,1.484098768135762,0.05
2003,193.7874969096524,86,1,0,0,1.4487747864015768,0.05
2004,153.71844094789773,14,1,0,0,1.2689155985227798,0.05
2005,221.36975215311156,41,1,0,0,1.3306735517099708,0.05
2006,175.2833418115452,22,1,0,0,1.4251125925693258,0.05
2007,-20.388975246766115,200,0,0,1,3.80649911141763,0.05
2008,179.07497024244788,21,1,0,0,1.4242287335814212,0.05
2009,160.6564794990606,19,1,0,0,1.4800640526761524,0.05
2010,214.592213714482,27,1,0,0,1.3387458492039948,0.05
2011,144.03206059334664,165,1,0,0,1.4274585916965319,0.05
2012,173.58409011800535,34,1,0,0,1.469744293316228,0.05
2013,186.55626178705648,33,1,0,0,1.3771090252421454,0.05
2014,118.43565158036827,12,1,0,0,1.2520203777645804,0.05
2015,194.88210208200599,26,1,0,0,1.2827580774321583,0.05
2016,121.92259080821583,61,1,0,0,1.444091851547075,0.05
2017,165.81078109174783,25,1,0,0,1.4859786566983508,0.05
2018,114.911372122884,150,1,0,0,1.256955173441161,0.05
2019,168.43195575154425,25,1,0,0,1.3643208944032779,0.05
2020,142.280322066809,13,1,0,0,1.4997468287228182,0.05
2021,181.06318794572343,23,1,0,0,1.445549167952314,0.05
2022,191.93819530168565,22,1,0,0,1.2344738672118079,0.05
2023,-50.0,1,0,1,0,3.10263971515694,0.05
2024,141.90628715764393,17,1,0,0,1.4953336726114748,0.05
2025,198.1249673845426,24,1,0,0,1.4750747183106896,0.05
2026,178.23211342258617,60,1,0,0,1.411304621824689,0.05
2027,168.25238619605972,23,1,0,0,1.4046686213341661,0.05
2028,145.6282630416331,22,1,0,0,1.413227927840617,0.05
2029,158.49127864037894,27,1,0,0,1.466324894437836,0.05
2030,169.27754566369558,22,1,0,0,1.4153906793694697,0.05
2031,155.6817713003809,21,1,0,0,1.4396570763454348,0.05
2032,200.84875710269029,28,1,0,0,1.25644928895346,0.05
2033,174.85780497454596,42,1,0,0,1.4967443477410356,0.05
2034,167.54587596911364,20,1,0,0,1.4305944568620224,0.05
2035,167.70042101954095,21,1,0,0,1.4722979432758267,0.05
2036,-4.144858688679385,67,0,0,0,6.334302420038721,0.05
2037,186.67288162442546,22,1,0,0,1.2653151354877585,0.05
2038,161.2777776429442,20,1,0,0,1.3183671332229845,0.05
2039,274.4627719646277,80,1,0,0,1.4807540503765717,0.05
2040,149.96160397481106,25,1,0,0,1.474748669780545,0.05
2041,189.18355656733132,33,1,0,0,1.46015188882865,0.05
2042,172.92366088635913,20,1,0,0,1.3082517068250514,0.05
2043,71.18089837385251,200,0,0,1,1.945251581288073,0.05
2044,149.98500028603578,31,1,0,0,1.2832094854863485,0.05
2045,155.7368025894491,26,1,0,0,1.4902869068065034,0.05
2046,147.30376146998924,17,1,0,0,1.424933251065113,0.05
2047,242.93481641293928,69,1,0,0,1.4913988508360783,0.05
2048,85.36825656480588,72,0,0,0,3.113420269316944,0.05
2049,212.9674410252711,31,1,0,0,1.3886311493784593,0.05
2050,170.45450705915337,27,1,0,0,1.4580507312098612,0.05
2051,176.65609109832843,20,1,0,0,1.3802931597531316,0.05
2052,166.48219823570557,55,1,0,0,1.4767184404274336,0.05
2053,134.99793928081624,11,1,0,0,1.459778253360303,0.05
2054,182.1198829326877,24,1,0,0,1.4961209366533925,0.05
2055,235.01803604498974,47,1,0,0,1.286039896913377,0.05
2056,153.4652360633433,79,1,0,0,1.4719582933329474,0.05
2057,167.66164351990952,26,1,0,0,1.4313237880847816,0.05
2058,206.45651542872386,28,1,0,0,1.2623053022785944,0.05
2059,171.0628187615901,82,1,0,0,1.4009882172335582,0.05
2060,204.86325125473883,34,1,0,0,1.2996843143880794,0.05
2061,217.03888585790182,98,1,0,0,1.460513935677599,0.05
2062,204.72850053044408,34,1,0,0,1.4012374594853232,0.05
2063,178.25447414094123,109,1,0,0,1.4895300958586135,0.05
2064,118.85047866871483,184,1,0,0,1.4297922034142507,0.05
2065,210.83821159625336,32,1,0,0,1.334528030646712,0.05
2066,251.66804524807702,60,1,0,0,1.483645025510945,0.05
2067,143.3502309711388,150,1,0,0,1.4783049370145134,0.05
2068,195.75119085974936,39,1,0,0,1.4741098954721445,0.05
2069,202.09367409090407,75,1,0,0,1.491126164845484,0.05
2070,159.51070595404803,23,1,0,0,1.4621415521197503,0.05
2071,60.203061761818205,200,0,0,1,1.9085867794794678,0.05
2072,170.67954159438054,24,1,0,0,1.4724535197958228,0.05
2073,137.99926788656506,135,1,0,0,1.41052883464959,0.05
2074,55.08664928560686,200,0,0,1,1.8206921263058697,0.05
2075,191.18922648818778,25,1,0,0,1.419384522687256,0.05
2076,219.8182892816123,33,1,0,0,1.3577425212109293,0.05
2077,176.27926180201263,24,1,0,0,1.405083088899686,0.05
2078,166.5869220633153,19,1,0,0,1.2394726380975607,0.05
2079,221.45525398735793,37,1,0,0,1.4089897202347499,0.05
2080,164.57311597619005,22,1,0,0,1.4717213111374943,0.05
2081,177.2273550745966,25,1,0,0,1.4140259677763884,0.05
2082,185.44819830413599,25,1,0,0,1.2355332609172491,0.05
2083,162.0627791749784,23,1,0,0,1.4963486624339335,0.05
2084,193.76881876033164,24,1,0,0,1.4553640403537147,0.05
2085,160.02442838358127,22,1,0,0,1.331325153751691,0.05
2086,180.44379549808485,25,1,0,0,1.415752208557425,0.05
2087,140.64089414451047,21,1,0,0,1.3861965934353335,0.05
2088,189.6942332718914,23,1,0,0,1.2800135081549098,0.05
2089,170.32477985209243,16,1,0,0,1.3450246691972478,0.05
2090,199.09707978411615,27,1,0,0,1.380947235167994,0.05
2091,158.33773056027357,58,1,0,0,1.4398565325338641,0.05
2092,42.17003286375937,200,0,0,1,3.2654150700270153,0.05
2093,186.41586991332204,27,1,0,0,1.4322593327801092,0.05
2094,162.08049729443144,20,1,0,0,1.4056133483124023,0.05
2095,218.77025818959123,41,1,0,0,1.4217096705232823,0.05
2096,148.63565354975742,17,1,0,0,1.4434665788440744,0.05
2097,189.7198050447053,88,1,0,0,1.47474898542853,0.05
2098,172.83630105316112,35,1,0,0,1.4724747224547803,0.05
2099,180.32900152004294,22,1,0,0,1.4540486970629398,0.05
2100,10.658200005790391,200,0,0,1,7.054747847124741,0.05
2101,183.89843964427487,24,1,0,0,1.4192729506312889,0.05
2102,153.40056487620862,16,1,0,0,1.3966731561061685,0.05
2103,175.85446586852703,21,1,0,0,1.356009318263829,0.05
2104,163.18182810682796,21,1,0,0,1.4151599942101079,0.05
2105,194.8051823836746,30,1,0,0,1.2827555148235796,0.05
2106,152.19835630268489,13,1,0,0,1.1380947014648404,0.05
2107,139.0201605739607,187,1,0,0,1.424678316860113,0.05
2108,177.07432053973935,27,1,0,0,1.428523377743017,0.05
2109,164.059990923646,22,1,0,0,1.2389680712570201,0.05
2110,178.98124563327775,29,1,0,0,1.4254039478734817,0.05
2111,74.97303387664184,200,0,0,1,2.217865401718074,0.05
2112,36.364611951771394,200,0,0,1,2.016968353331094,0.05
2113,166.55292090352071,20,1,0,0,1.242611197325493,0.05
2114,125.03680996659602,12,1,0,0,1.469493352955999,0.05
2115,218.0680153873247,87,1,0,0,1.486917680894007,0.05
2116,164.6339467657565,27,1,0,0,1.4963342443520253,0.05
2117,175.33693426508253,21,1,0,0,1.4188911057032851,0.05
2118,199.7671131805083,34,1,0,0,1.4900935850010542,0.05
2119,164.3825288449975,21,1,0,0,1.3854697866668806,0.05
2120,187.16979743067688,54,1,0,0,1.4743235898697011,0.05
2121,170.0677114208471,39,1,0,0,1.4901236807978444,0.05
2122,197.77590393308324,76,1,0,0,1.4867788676824771,0.05
2123,152.84580821221817,20,1,0,0,1.1689512357961356,0.05
2124,112.17390690058274,163,1,0,0,1.4416725400647739,0.05
2125,135.64176921012339,20,1,0,0,1.2694265297891436,0.05
2126,164.12531150076745,21,1,0,0,1.4900217457483858,0.05
2127,129.0364610581803,24,1,0,0,1.4689030803898988,0.05
2128,236.35535411395503,36,1,0,0,1.4005332613366523,0.05
2129,62.37271018003654,200,0,0,1,1.8246565325678026,0.05
2130,195.43738986849172,33,1,0,0,1.3457649316710332,0.05
2131,38.909337374576275,200,0,0,1,2.3701400239030135,0.05
2132,144.59023334251768,16,1,0,0,1.3688799116420702,0.05
2133,159.61531113145952,20,1,0,0,1.1023418360170425,0.05
2134,166.85323737044587,23,1,0,0,1.4830822019507515,0.05
2135,214.24376427491103,39,1,0,0,1.290706628205084,0.05
2136,153.22423595589504,21,1,0,0,1.4393104311608844,0.05
2137,183.07500978484836,23,1,0,0,1.3638841547249965,0.05
2138,53.18720332776568,200,0,0,1,1.612959470826288,0.05
2139,169.09441344672697,22,1,0,0,1.2621792950584954,0.05
2140,256.5827239380586,77,1,0,0,1.4861649181841559,0.05
2141,152.2977186859116,16,1,0,0,1.2085175384246611,0.05
2142,192.74620143442343,27,1,0,0,1.2778779754600178,0.05
2143,144.29399200470021,62,1,0,0,1.4615352675418798,0.05
2144,174.51434478091423,23,1,0,0,1.4015036619498669,0.05
2145,189.86319710242725,35,1,0,0,1.3549097460075346,0.05
2146,196.63025291619456,27,1,0,0,1.3373005903830337,0.05
2147,165.4029766922096,23,1,0,0,1.3547357211788835,0.05
2148,136.41873841730947,11,1,0,0,1.4769493458713083,0.05
2149,-50.0,1,0,1,0,3.667817864382351,0.05
2150,178.6446926244692,154,1,0,0,1.459171537981973,0.05
2151,165.09438968989193,22,1,0,0,1.4931877648543688,0.05
2152,218.27805032070748,25,1,0,0,1.414608797416926,0.05
2153,173.22934982302718,22,1,0,0,1.4609303463235583,0.05
2154,161.03868773453274,21,1,0,0,1.426383124025495,0.05
2155,142.8848544220827,18,1,0,0,1.4353692816606025,0.05
2156,181.37590899065685,34,1,0,0,1.4944165191348524,0.05
2157,135.23594893590334,115,1,0,0,1.470430700178323,0.05
2158,171.15745258920558,26,1,0,0,1.4531028210376913,0.05
2159,165.02227398196135,16,1,0,0,1.4471732466156213,0.05
2160,194.29682035545048,35,1,0,0,1.3317034152733456,0.05
2161,254.64328718228745,55,1,0,0,1.4713480663380296,0.05
2162,130.14261855207175,91,1,0,0,1.4288663245648743,0.05
2163,192.85723878414103,32,1,0,0,1.4244156346006565,0.05
2164,157.99767808417866,47,1,0,0,1.1968740470785837,0.05
2165,141.33421069452714,29,1,0,0,1.2339287573401414,0.05
2166,151.48413392235486,18,1,0,0,1.463711877871186,0.05
2167,247.93279297732855,133,1,0,0,1.4666396045522638,0.05
2168,66.92160453079437,200,0,0,1,3.609951031037346,0.05
2169,181.4155110085501,22,1,0,0,1.4404148188716017,0.05
2170,134.15331554520355,12,1,0,0,1.4694239533468256,0.05
2171,188.78249260164648,25,1,0,0,1.2315007734037067,0.05
2172,197.23718704541275,46,1,0,0,1.2873884667458773,0.05
2173,167.18935797271178,98,1,0,0,1.4032086046744925,0.05
2174,155.10943589339064,50,1,0,0,1.4904516669951304,0.05
2175,168.86872732330193,26,1,0,0,1.4749308782535147,0.05
2176,166.36530817931174,23,1,0,0,1.3130359995513394,0.05
2177,168.93699840707657,20,1,0,0,1.30191954067277,0.05
2178,167.15410073059246,23,1,0,0,1.3567762744745793,0.05
2179,102.56801631345164,16,1,0,0,1.4875203001581991,0.05
2180,152.61816545440809,14,1,0,0,1.387937920060273,0.05
2181,146.14260714189516,18,1,0,0,1.377739857947157,0.05
2182,208.82803571318513,33,1,0,0,1.2588555440663192,0.05
2183,130.26234702324976,10,1,0,0,1.2678020143626767,0.05
2184,139.4255064426509,143,1,0,0,1.4860139752897448,0.05
2185,200.68725374715498,31,1,0,0,1.480365969144297,0.05
2186,171.17933160474104,28,1,0,0,1.4113009341785252,0.05
2187,212.17104591758505,40,1,0,0,1.466572969963358,0.05
2188,220.58869959862596,41,1,0,0,1.4377204388480072,0.05
2189,178.03332326596112,154,1,0,0,1.475394911118028,0.05
2190,145.6672321839837,13,1,0,0,1.483571192762114,0.05
2191,194.82216650131068,24,1,0,0,1.4297568517528663,0.05
2192,179.12560099783278,22,1,0,0,1.360154042308474,0.05
2193,188.26079802102396,31,1,0,0,1.469417113756671,0.05
2194,142.17152146934703,21,1,0,0,1.4309784862381856,0.05
2195,245.79509940660455,48,1,0,0,1.4402424659501798,0.05
2196,146.5256914467705,18,1,0,0,1.4393003129447544,0.05
2197,139.51785247396052,25,1,0,0,1.4681318621615516,0.05
2198,148.4493200133247,19,1,0,0,1.4588483169076807,0.05
2199,235.2413138197465,49,1,0,0,1.436953649935967,0.05
2200,219.5716273940281,155,1,0,0,1.4634244031980903,0.05
2201,143.36742226749772,14,1,0,0,1.3558387240279692,0.05
2202,177.71576050691817,20,1,0,0,1.4033344886914558,0.05
2203,139.4351035462358,10,1,0,0,1.3594747245486207,0.05
2204,64.90240657679198,200,0,0,1,2.7491179976265476,0.05
2205,178.3892498700414,24,1,0,0,1.3704655918978947,0.05
2206,161.7015857638293,22,1,0,0,1.4893973592693717,0.05
2207,130.46117862408929,13,1,0,0,1.3970988820311383,0.05
2208,179.36016984749577,27,1,0,0,1.4161273585175456,0.05
2209,160.66001785179844,21,1,0,0,1.3562659304256388,0.05
2210,185.94384580677706,26,1,0,0,1.2257581392614745,0.05
2211,199.3333960080201,35,1,0,0,1.2345665997616073,0.05
2212,131.12681878845083,10,1,0,0,1.3274613031818765,0.05
2213,166.86522912754924,19,1,0,0,1.3716458832769127,0.05
2214,168.81019804388313,86,1,0,0,1.4745763589299368,0.05
2215,109.21690636935497,3,1,0,0,1.2455087803999316,0.05
2216,235.0064263032288,48,1,0,0,1.4833112005702402,0.05
2217,225.65487758433193,54,1,0,0,1.457536998771844,0.05
2218,63.205611204820286,200,0,0,1,1.8939089533659141,0.05
2219,165.96315341484177,25,1,0,0,1.2431645546699595,0.05
2220,186.62952222734106,32,1,0,0,1.3602709754841844,0.05
2221,147.15313161768776,27,1,0,0,1.4774160949411532,0.05
2222,211.05692330296904,38,1,0,0,1.2740449085606924,0.05
2223,195.52741607231218,26,1,0,0,1.4137134060219156,0.05
2224,153.98266557492596,70,1,0,0,1.2567555852023287,0.05
2225,157.1900435540561,22,1,0,0,1.2290354576452507,0.05
2226,151.5043024866804,20,1,0,0,1.4506693235541335,0.05
2227,139.73923116772312,110,1,0,0,1.4995541422551284,0.05
2228,210.85428080342732,38,1,0,0,1.4214513258179386,0.05
2229,156.98871730693025,16,1,0,0,1.211157399323217,0.05
2230,163.07249286434518,20,1,0,0,1.2556821008538592,0.05
2231,121.97764659841746,7,1,0,0,1.2105569014571838,0.05
2232,15.30025274669522,200,0,0,1,2.158799995501253,0.05
2233,137.2514751426798,12,1,0,0,1.3260519608622483,0.05
2234,188.1361217132221,27,1,0,0,1.2335942210660802,0.05
2235,152.44344972076885,31,1,0,0,1.295842678529792,0.05
2236,127.94575778148717,21,1,0,0,1.417044604184183,0.05
2237,81.10819318159433,200,0,0,1,3.3230889405155084,0.05
2238,62.49171032616067,59,0,0,0,4.475720591107338,0.05
2239,141.07405031110764,10,1,0,0,1.485215682606502,0.05
2240,187.5908657171937,23,1,0,0,1.4721525004973728,0.05
2241,204.1460140446918,34,1,0,0,1.4766220588061587,0.05
2242,193.70665591272382,67,1,0,0,1.369910929550422,0.05
2243,176.6983713311082,20,1,0,0,1.3165286026062326,0.05
2244,181.36812714313697,25,1,0,0,1.499025509214139,0.05
2245,211.80031659810774,42,1,0,0,1.494777598565059,0.05
2246,201.35042735201424,85,1,0,0,1.4539690444371027,0.05
2247,166.56173852407966,22,1,0,0,1.259641536163514,0.05
2248,207.970354466451,31,1,0,0,1.4001522825131516,0.05
2249,183.3770972648416,27,1,0,0,1.4930650533021659,0.05
2250,148.75721344785842,34,1,0,0,1.4895707869490276,0.05
2251,169.00058691398283,60,1,0,0,1.4900693764532928,0.05
2252,175.1272492842215,26,1,0,0,1.4724786339933669,0.05
2253,189.82023161348363,19,1,0,0,1.1608697066812124,0.05
2254,232.85882643918308,39,1,0,0,1.4428363222812908,0.05
2255,267.0889206875684,112,1,0,0,1.4368342353043222,0.05
2256,142.39418490442813,25,1,0,0,1.2755896350507165,0.05
2257,184.10385824480232,27,1,0,0,1.3295804433438572,0.05
2258,269.1500020910239,62,1,0,0,1.2097652893038757,0.05
2259,158.66282721859358,21,1,0,0,1.1695398931674716,0.05
2260,-50.0,1,0,1,0,6.336722905227849,0.05
2261,164.4477005642106,21,1,0,0,1.4768578702226272,0.05
2262,141.1804039832077,20,1,0,0,1.4823547439681337,0.05
2263,273.2249610484619,57,1,0,0,1.4817347390852826,0.05
2264,152.8629190768838,15,1,0,0,1.1937549784394947,0.05
2265,172.98955203188888,19,1,0,0,1.3131902631127534,0.05
2266,200.26698277643533,35,1,0,0,1.4975256368829715,0.05
2267,190.50274369830055,29,1,0,0,1.43133222451161,0.05
2268,160.8828645410835,23,1,0,0,1.3768573789643803,0.05
2269,188.8522497587329,21,1,0,0,1.282339956592345,0.05
2270,151.96107804369024,18,1,0,0,1.4463559753272173,0.05
2271,191.04555446656653,44,1,0,0,1.468064478353725,0.05
2272,215.84261744972832,41,1,0,0,1.3594858212330276,0.05
2273,151.84946360200811,21,1,0,0,1.359193137495787,0.05
2274,138.6849593167413,13,1,0,0,1.2190187179493626,0.05
2275,245.06782947006582,63,1,0,0,1.4832258316331357,0.05
2276,172.4790624146321,32,1,0,0,1.3651270254332841,0.05
2277,205.94035087952128,41,1,0,0,1.473728361730567,0.05
2278,158.05106353704906,27,1,0,0,1.4334557545251467,0.05
2279,194.71905593423446,27,1,0,0,1.4483191273116045,0.05
2280,158.9494003530897,14,1,0,0,1.396833758627094,0.05
2281,157.3666099338336,35,1,0,0,1.4162577857780052,0.05
2282,220.97775375040683,84,1,0,0,1.3750175797412116,0.05
2283,188.83179180855387,28,1,0,0,1.258165805024608,0.05
2284,171.49545356893913,19,1,0,0,1.3700382798921367,0.05
2285,168.91620019217618,24,1,0,0,1.399111261919947,0.05
2286,182.30347151911093,22,1,0,0,1.4907237563521418,0.05
2287,212.7097239164639,32,1,0,0,1.488089946645704,0.05
2288,144.89371621628766,20,1,0,0,1.3281337033927072,0.05
2289,117.06998464651721,7,1,0,0,1.2399361508132687,0.05
2290,176.67077660611383,57,1,0,0,1.4997813372435524,0.05
2291,173.40809430258278,23,1,0,0,1.3110283483686453,0.05
2292,202.04700146390525,25,1,0,0,1.354103970976533,0.05
2293,161.91577500851412,31,1,0,0,1.461533184257029,0.05
2294,215.86838655009348,40,1,0,0,1.3617747162681235,0.05
2295,177.16990667319243,29,1,0,0,1.4302042529349164,0.05
2296,172.9282448970514,20,1,0,0,1.3821641525897959,0.05
2297,126.36985129464995,169,1,0,0,1.498982279349685,0.05
2298,194.6635662094205,34,1,0,0,1.3331681960600856,0.05
2299,137.98170356505165,17,1,0,0,1.3160334860085816,0.05
2300,190.89114903487825,23,1,0,0,1.4744684671245867,0.05
2301,139.89137037493316,17,1,0,0,1.419454540434701,0.05
2302,144.99261160195817,15,1,0,0,1.418745815365903,0.05
2303,154.6290048191452,16,1,0,0,1.4966057814222975,0.05
2304,125.42725375064214,11,1,0,0,1.0690687844794675,0.05
2305,154.93423651201448,22,1,0,0,1.2651716949889236,0.05
2306,214.69427983978912,40,1,0,0,1.4961505009000307,0.05
2307,133.5954207743186,14,1,0,0,1.3582650323110972,0.05
2308,105.04998644187845,2,1,0,0,1.312601661694088,0.05
2309,224.85213448427862,39,1,0,0,1.4220386803412468,0.05
2310,181.68724279391816,25,1,0,0,1.3373350070047738,0.05
2311,-1.758307672512516,200,0,0,1,2.7311960707021563,0.05
2312,168.52341386130757,20,1,0,0,1.4583167061609976,0.05
2313,186.49761614330458,22,1,0,0,1.233098545522143,0.05
2314,156.05826670291424,22,1,0,0,1.334445288667852,0.05
2315,142.74997029410423,18,1,0,0,1.2799136634154111,0.05
2316,130.54409430739946,13,1,0,0,1.3766579294888779,0.05
2317,202.14188654971818,34,1,0,0,1.241081052351599,0.05
2318,166.16920218593128,18,1,0,0,1.4040161120694874,0.05
2319,140.6452983103901,111,1,0,0,1.4771039839632112,0.05
2320,181.96663254498287,24,1,0,0,1.2937847607866897,0.05
2321,191.59593405813342,33,1,0,0,1.4132970274208922,0.05
2322,197.37344630892852,27,1,0,0,1.1447699795945154,0.05
2323,135.49369157664074,12,1,0,0,1.2251317068879493,0.05
2324,158.40508370538922,26,1,0,0,1.4746566433212978,0.05
2325,151.03891328344162,18,1,0,0,1.3370720908756186,0.05
2326,157.58803817360723,19,1,0,0,1.439717747538388,0.05
2327,146.40068663300946,14,1,0,0,1.3225227682976333,0.05
2328,161.52776959104733,22,1,0,0,1.391906121952185,0.05
2329,160.06065092091148,21,1,0,0,1.4110880267466936,0.05
2330,164.5856962432791,25,1,0,0,1.4525298753233398,0.05
2331,133.343795471941,17,1,0,0,1.4047300160535425,0.05
2332,107.2672331080769,78,1,0,0,1.4926444970626922,0.05
2333,162.83202402562128,26,1,0,0,1.3959246664219747,0.05
2334,153.907464537688,15,1,0,0,1.3940157820040402,0.05
2335,171.12710022612416,45,1,0,0,1.4990440118593014,0.05
2336,158.01102685555992,20,1,0,0,1.3083847565341078,0.05
2337,228.58176821724513,61,1,0,0,1.4621369337346748,0.05
2338,172.23491724038152,19,1,0,0,1.460319330677167,0.05
2339,171.049641864541,30,1,0,0,1.3933337359168825,0.05
2340,179.01183706859894,20,1,0,0,1.4510447451396522,0.05
2341,178.2791071920136,23,1,0,0,1.4697863830954792,0.05
2342,10.602818845638524,200,0,0,1,2.536692533566555,0.05
2343,165.3291538472838,136,1,0,0,1.4690213864216586,0.05
2344,76.46346554444986,46,0,0,0,3.034696660289757,0.05
2345,200.85214147392503,35,1,0,0,1.4429132790953787,0.05
2346,179.06564639274035,27,1,0,0,1.4542936867456828,0.05
2347,175.30230407622153,24,1,0,0,1.4163117955704454,0.05
2348,195.09452117643042,29,1,0,0,1.434540577251273,0.05
2349,155.71061426019168,29,1,0,0,1.4974424322739897,0.05
2350,125.90700075501053,19,1,0,0,1.485780895648042,0.05
2351,178.67103216534264,19,1,0,0,1.3822961807799552,0.05
2352,146.15995110397435,15,1,0,0,1.4137463674818198,0.05
2353,180.3504893932934,21,1,0,0,1.4331202264876088,0.05
2354,175.15900457423766,26,1,0,0,1.4984975528851485,0.05
2355,148.75052114339945,25,1,0,0,1.3816801121202986,0.05
2356,189.69088213845748,38,1,0,0,1.4634764226719699,0.05
2357,155.81472510986103,40,1,0,0,1.4619523901301354,0.05
2358,139.01077176499118,21,1,0,0,1.3166765944106777,0.05
2359,170.91013128619443,19,1,0,0,1.4743946628420788,0.05
2360,182.82574675610397,19,1,0,0,1.445729961802221,0.05
2361,145.79260987266045,18,1,0,0,1.3364117650685978,0.05
2362,165.34973384230105,20,1,0,0,1.3390725654912887,0.05
2363,-50.0,1,0,1,0,7.5460481780969575,0.05
2364,199.69067216624939,150,1,0,0,1.4422498383372644,0.05
2365,188.80260093441845,56,1,0,0,1.3529959267292626,0.05
2366,111.01147295758376,4,1,0,0,1.4738447781694648,0.05
2367,170.14554266299297,89,1,0,0,1.4850045059210475,0.05
2368,155.48690364107034,18,1,0,0,1.4498052482198833,0.05
2369,151.85529639111945,75,1,0,0,1.4926659078668811,0.05
2370,-50.0,1,0,1,0,5.899609097661079,0.05
2371,175.10046560501104,19,1,0,0,1.137810936453402,0.05
2372,169.62746708599926,24,1,0,0,1.4744902687832102,0.05
2373,179.72504096286315,25,1,0,0,1.4798985167463832,0.05
2374,68.51414138597191,200,0,0,1,2.246086095901209,0.05
2375,163.602915631167,23,1,0,0,1.3437877224073278,0.05
2376,52.66186728058122,200,0,0,1,4.535651926807959,0.05
2377,185.04603063763022,22,1,0,0,1.3613136651509434,0.05
2378,159.1371724387393,70,1,0,0,1.3213292472152902,0.05
2379,160.37210394372875,23,1,0,0,1.335386922688503,0.05
2380,181.9958696735996,31,1,0,0,1.344065856495839,0.05
2381,154.31377562608174,21,1,0,0,1.2875381976531473,0.05
2382,156.3548147822604,88,1,0,0,1.498945288974012,0.05
2383,157.67089102552455,27,1,0,0,1.3621712797889907,0.05
2384,139.5908683349429,16,1,0,0,1.139573836430463,0.05
2385,155.6305771890364,21,1,0,0,1.3183419785405195,0.05
2386,193.96190961955904,35,1,0,0,1.474832194851908,0.05
2387,144.56745922395078,14,1,0,0,1.295982036864711,0.05
2388,167.6863494252268,22,1,0,0,1.3462826359327904,0.05
2389,187.51048497048012,40,1,0,0,1.4722407860636442,0.05
2390,168.27610560984428,23,1,0,0,1.4016412139334737,0.05
2391,183.77086219521357,31,1,0,0,1.3264711029802638,0.05
2392,172.93940322209937,133,1,0,0,1.4597130556102969,0.05
2393,154.21469866514968,20,1,0,0,1.4701422115940144,0.05
2394,163.72237980545094,17,1,0,0,1.4494992621117473,0.05
2395,180.5779164245953,29,1,0,0,1.448019626424272,0.05
2396,254.79493931682708,52,1,0,0,1.2998335308411266,0.05
2397,103.74630203504827,96,1,0,0,1.263151640905327,0.05
2398,170.9358158903367,23,1,0,0,1.4456362704620649,0.05
2399,153.4421549014857,56,1,0,0,1.4948308334152944,0.05
2400,181.3592915034888,21,1,0,0,1.3737012297591136,0.05
2401,66.12103936258744,200,0,0,1,1.7506874286550267,0.05
2402,185.83330969667824,53,1,0,0,1.3796082225705748,0.05
2403,165.57496770005298,29,1,0,0,1.3085081570822839,0.05
2404,149.85166486288068,23,1,0,0,1.3987691046933883,0.05
2405,179.37349064121932,25,1,0,0,1.4857461900847002,0.05
2406,154.9364405649386,18,1,0,0,1.4122816399343288,0.05
2407,189.76124328002447,24,1,0,0,1.2999248098955787,0.05
2408,161.30997111419111,19,1,0,0,1.337625568379184,0.05
2409,172.17658553738977,18,1,0,0,1.307071759471004,0.05
2410,175.8355856498315,45,1,0,0,1.4831165224562912,0.05
2411,129.0604844839779,12,1,0,0,1.3494112130112783,0.05
2412,161.11992204573272,28,1,0,0,1.2611905423327645,0.05
2413,137.67009863975886,17,1,0,0,1.3030958448362864,0.05
2414,165.50020137364064,107,1,0,0,1.450585099027626,0.05
2415,149.3539068598011,18,1,0,0,1.4240505296391883,0.05
2416,185.7787377097922,20,1,0,0,1.2628662229239493,0.05
2417,206.4530944125525,34,1,0,0,1.2946024274017944,0.05
2418,257.54395451965695,56,1,0,0,1.379517682878719,0.05
2419,142.94022859449282,20,1,0,0,1.4044645148949855,0.05
2420,232.97959202076925,42,1,0,0,1.41705616428798,0.05
2421,185.51678029243845,24,1,0,0,1.3614232505307748,0.05
2422,256.62233505202676,55,1,0,0,1.407856283660236,0.05
2423,174.56250340457754,26,1,0,0,1.359929961322754,0.05
2424,56.11762378068371,200,0,0,1,2.6608496518740314,0.05
2425,176.49468927472589,52,1,0,0,1.492680068021815,0.05
2426,155.31823826361702,15,1,0,0,1.2689286271739035,0.05
2427,198.729432565491,25,1,0,0,1.2947999259473895,0.05
2428,100.0,1,1,0,0,1.498975544203161,0.05
2429,167.08342545419742,92,1,0,0,1.4880785855045664,0.05
2430,129.87920842751768,11,1,0,0,1.4535505732993739,0.05
2431,157.42969599964448,46,1,0,0,1.4651081337086198,0.05
2432,149.18761180428163,21,1,0,0,1.2830332024677757,0.05
2433,188.57187468346552,31,1,0,0,1.4031296073955937,0.05
2434,157.80384998262156,23,1,0,0,1.2766566368055778,0.05
2435,149.39419990426003,17,1,0,0,1.4597983667278525,0.05
2436,143.2570650238965,13,1,0,0,1.3364253363367127,0.05
2437,148.2776634797215,16,1,0,0,1.447956665858736,0.05
2438,178.83154620800252,28,1,0,0,1.4802195340148685,0.05
2439,188.0539655448821,53,1,0,0,1.4779176894652082,0.05
2440,172.18528911753793,17,1,0,0,1.2670345503817848,0.05
2441,16.894160597501585,200,0,0,1,1.659252044205149,0.05
2442,148.00048958677633,14,1,0,0,1.4064504124368349,0.05
2443,123.69132735433192,7,1,0,0,1.453353016178246,0.05
2444,155.55639492735412,55,1,0,0,1.499361218999798,0.05
2445,164.59046331824453,22,1,0,0,1.2864110272662,0.05
2446,181.84521307973398,31,1,0,0,1.3793800103897846,0.05
2447,106.3158519328041,4,1,0,0,1.2851067037387056,0.05
2448,179.97903272168134,66,1,0,0,1.39903452036401,0.05
2449,162.50365283785277,65,1,0,0,1.4913978789432947,0.05
2450,156.45048645165247,18,1,0,0,1.3411817775515487,0.05
2451,167.9399998895156,24,1,0,0,1.392464404317738,0.05
2452,50.37732403001703,200,0,0,1,1.9637043951796465,0.05
2453,188.09874251879086,24,1,0,0,1.2752736509563087,0.05
2454,226.44865307258578,40,1,0,0,1.3719029118120243,0.05
2455,138.84127362969366,13,1,0,0,1.480204314278733,0.05
2456,26.751737185577348,200,0,0,1,2.7499591427243826,0.05
2457,187.51400128841908,26,1,0,0,1.440031415350595,0.05
2458,203.96642330785602,33,1,0,0,1.484617127362689,0.05
2459,144.00540031902432,18,1,0,0,1.4308279915011872,0.05
2460,177.1430761188716,44,1,0,0,1.3816091176377534,0.05
2461,161.3404074919378,22,1,0,0,1.2584345370485608,0.05
2462,178.88330825277666,31,1,0,0,1.4846688133049692,0.05
2463,176.07037034997725,23,1,0,0,1.2410269739255548,0.05
2464,158.00328779977156,46,1,0,0,1.4832206399075967,0.05
2465,165.78567636629498,23,1,0,0,1.3973714759288451,0.05
2466,199.1714904601713,30,1,0,0,1.4995462825614456,0.05
2467,216.61558397879202,39,1,0,0,1.4275840838004585,0.05
2468,149.08089104864956,17,1,0,0,1.2699109398275548,0.05
2469,107.09160536304312,7,1,0,0,1.283406455993447,0.05
2470,220.46837042929835,40,1,0,0,1.3686854882245743,0.05
2471,159.98664912121092,28,1,0,0,1.4221433343001662,0.05
2472,130.43837670281675,25,1,0,0,1.4630759998531053,0.05
2473,134.71944021699852,29,1,0,0,1.4534990063589435,0.05
2474,167.86169538199596,23,1,0,0,1.4505024373082003,0.05
2475,172.72120023877721,25,1,0,0,1.4802088483172005,0.05
2476,175.31867241138445,23,1,0,0,1.3679717259327973,0.05
2477,83.63203994396329,47,0,0,0,2.9566234867015795,0.05
2478,-50.0,1,0,1,0,9.153667211875813,0.05
2479,166.91910672005787,22,1,0,0,1.457721157079018,0.05
2480,152.13736656202542,18,1,0,0,1.4872419050338845,0.05
2481,128.91989024914946,13,1,0,0,1.2813802731395303,0.05
2482,153.34961557422932,15,1,0,0,1.474868863785262,0.05
2483,160.65030272058567,20,1,0,0,1.1936296968165983,0.05
2484,139.98543329331375,19,1,0,0,1.4159013151079036,0.05
2485,249.438510306129,51,1,0,0,1.3058806744764642,0.05
2486,180.66939807976348,24,1,0,0,1.4368866302863699,0.05
2487,178.75550440504864,80,1,0,0,1.4765314854697091,0.05
2488,179.1430654549091,35,1,0,0,1.4234051696658707,0.05
2489,162.14670371862462,19,1,0,0,1.3473275645148255,0.05
2490,133.174219925557,13,1,0,0,1.419482592633079,0.05
2491,126.05542195778408,11,1,0,0,1.2414012921678066,0.05
2492,113.68802261146706,63,1,0,0,1.4712641604484014,0.05
2493,141.8525068853123,15,1,0,0,1.3569133535190017,0.05
2494,154.78123322434016,18,1,0,0,1.4904474310745537,0.05
2495,147.14422207990788,14,1,0,0,1.2989343460593543,0.05
2496,100.0,1,1,0,0,1.1140797287837487,0.05
2497,161.51309030763133,24,1,0,0,1.3442497554847594,0.05
2498,138.6006751867152,10,1,0,0,1.309632170094728,0.05
2499,178.61557957799855,30,1,0,0,1.4095957676259352,0.05
2500,182.97417649181614,26,1,0,0,1.4770746165827262,0.05
2501,171.9108024167437,44,1,0,0,1.498713671934577,0.05
2502,198.8507661336509,25,1,0,0,1.4402634921349247,0.05
2503,159.87289855962376,17,1,0,0,1.3210699072373993,0.05
2504,208.8793214581034,126,1,0,0,1.4684708643521327,0.05
2505,172.44977685185097,22,1,0,0,1.3835971444185906,0.05
2506,164.14870958813043,25,1,0,0,1.2852337994130645,0.05
2507,175.01761425416532,30,1,0,0,1.4652680911139848,0.05
2508,131.72893867050237,21,1,0,0,1.3161383318333717,0.05
2509,168.21292871125453,22,1,0,0,1.4758928913126932,0.05
2510,185.6606061294955,108,1,0,0,1.4587923531862361,0.05
2511,120.687354744181,10,1,0,0,1.4814110123146842,0.05
2512,157.75168480809566,17,1,0,0,1.2052237481117416,0.05
2513,160.905392148525,19,1,0,0,1.3968806693204041,0.05
2514,32.67931390201017,200,0,0,1,2.5654048709800032,0.05
2515,165.31405055985584,21,1,0,0,1.2356956979976232,0.05
2516,196.30438161504253,98,1,0,0,1.3595102813615239,0.05
2517,169.40246368343054,24,1,0,0,1.4226685616420076,0.05
2518,146.3738040232596,17,1,0,0,1.453913895247985,0.05
2519,192.35061499002285,31,1,0,0,1.2616578506443945,0.05
2520,192.6645049396139,22,1,0,0,1.434541087153097,0.05
2521,158.58260080489288,24,1,0,0,1.483948197486701,0.05
2522,213.71407185226502,30,1,0,0,1.4715849897905353,0.05
2523,187.92746547543163,21,1,0,0,1.4127778733557081,0.05
2524,131.38592167179556,19,1,0,0,1.3335431361435008,0.05
2525,141.37422890932868,19,1,0,0,1.320168949349439,0.05
2526,158.39165496622607,24,1,0,0,1.3403702338815022,0.05
2527,251.94711665606783,48,1,0,0,1.4839914922336848,0.05
2528,195.33031318564036,27,1,0,0,1.3501494653755797,0.05
2529,223.6641409103956,43,1,0,0,1.4393891999654251,0.05
2530,158.5342321428437,20,1,0,0,1.3849498826595903,0.05
2531,179.77919133752317,27,1,0,0,1.4049781475638574,0.05
2532,140.4642219919887,200,0,0,1,2.5552599065346198,0.05
2533,100.0,1,1,0,0,0.6182260722072658,0.05
2534,161.29280778957434,20,1,0,0,1.363046131388144,0.05
2535,191.1002312375906,30,1,0,0,1.3790399608000383,0.05
2536,153.58253413961305,15,1,0,0,1.4996063082851703,0.05
2537,170.93565284274575,20,1,0,0,1.470592377255231,0.05
2538,-50.0,1,0,1,0,9.853738023906086,0.05
2539,198.72701650029086,30,1,0,0,1.4934019709589554,0.05
2540,172.54000466086188,38,1,0,0,1.443680779370443,0.05
2541,161.32423919883675,18,1,0,0,1.2848929541844896,0.05
2542,157.44241830691033,27,1,0,0,1.252315174182589,0.05
2543,178.82176178596444,25,1,0,0,1.3107957041218428,0.05
2544,-50.0,1,0,1,0,5.486538770265296,0.05
2545,173.36994545833457,34,1,0,0,1.4750589504210077,0.05
2546,163.40193048440955,23,1,0,0,1.1818440706687758,0.05
2547,206.09646034397525,33,1,0,0,1.4167970079651475,0.05
2548,18.01827457421889,200,0,0,1,1.7319971783555788,0.05
2549,177.5586463212403,21,1,0,0,1.2762629219233064,0.05
2550,178.30288477336003,22,1,0,0,1.3099944185584662,0.05
2551,168.83609224178983,19,1,0,0,1.298588359228469,0.05
2552,145.15441140548575,15,1,0,0,1.1614517715388737,0.05
2553,157.79557864762714,28,1,0,0,1.437542164129455,0.05
2554,181.1424247603169,22,1,0,0,1.3206959149362445,0.05
2555,175.68959827672697,30,1,0,0,1.28538883792824,0.05
2556,183.44117107464646,23,1,0,0,1.408917212443698,0.05
2557,174.85252236938743,24,1,0,0,1.480501328255321,0.05
2558,140.433264521652,38,1,0,0,1.486108669682032,0.05
2559,179.0467000489158,26,1,0,0,1.4942321296073287,0.05
2560,158.41784255908487,17,1,0,0,1.1138366449030568,0.05
2561,154.21340902380652,22,1,0,0,1.4406126338996106,0.05
2562,168.09087257162173,24,1,0,0,1.4696964435528312,0.05
2563,148.86470659579234,17,1,0,0,1.4076671745159677,0.05
2564,130.40834863004187,34,1,0,0,1.451704053266025,0.05
2565,133.2952716908169,8,1,0,0,1.321538025949162,0.05
2566,-42.67308806976217,6,0,1,0,4.126109324629539,0.05
2567,129.8849374960158,10,1,0,0,1.224064266026463,0.05
2568,125.18952735973784,12,1,0,0,1.4138462461789276,0.05
2569,190.42044229096012,35,1,0,0,1.3854690788643476,0.05
2570,256.85580641534693,49,1,0,0,1.4812267689543033,0.05
2571,170.6890542125678,23,1,0,0,1.496246698207914,0.05
2572,214.8750070319894,44,1,0,0,1.4845888984708695,0.05
2573,208.8971996468838,27,1,0,0,1.4245845434005295,0.05
2574,143.68619497087536,49,1,0,0,1.3508014320039918,0.05
2575,171.17038025711636,29,1,0,0,1.4289178394926043,0.05
2576,202.642167408268,75,1,0,0,1.466741475474269,0.05
2577,38.17432763037538,200,0,0,1,2.849043889142629,0.05
2578,131.81861417449932,9,1,0,0,1.4602801033306398,0.05
2579,172.89089960030014,21,1,0,0,1.4078955977282854,0.05
2580,271.49753282020475,52,1,0,0,1.3285649027108002,0.05
2581,170.85874462710294,21,1,0,0,1.3904630842687349,0.05
2582,194.00096334459394,22,1,0,0,1.2775657403083873,0.05
2583,115.83537893408254,9,1,0,0,1.3716720866355991,0.05
2584,200.78538858348773,23,1,0,0,1.3242885383818448,0.05
2585,211.2007106895343,199,1,0,0,1.4246575009941091,0.05
2586,125.90351743689001,11,1,0,0,1.4769327332599613,0.05
2587,164.6255243621991,24,1,0,0,1.4746789879723126,0.05
2588,150.68810943390878,19,1,0,0,1.235996382983948,0.05
2589,155.40504628957504,20,1,0,0,1.3569423817819923,0.05
2590,165.55873681198005,34,1,0,0,1.4794287833995121,0.05
2591,156.6758236315916,24,1,0,0,1.4665591661770498,0.05
2592,143.1292951470601,74,1,0,0,1.4608123189775113,0.05
2593,171.03020790763327,23,1,0,0,1.3494843122521958,0.05
2594,157.29645345768378,29,1,0,0,1.4930031840024105,0.05
2595,131.42303564149788,8,1,0,0,1.2905086530499887,0.05
2596,160.5665844024082,18,1,0,0,1.3463145755958,0.05
2597,151.2432856390839,15,1,0,0,1.3789860224384654,0.05
2598,167.2219093158738,43,1,0,0,1.284640700086297,0.05
2599,100.0,1,1,0,0,0.7987173273686926,0.05
2600,154.5463146676134,16,1,0,0,1.327961860923717,0.05
2601,167.13569891561497,24,1,0,0,1.3940416270025913,0.05
2602,194.53684417692745,23,1,0,0,1.4864096844012797,0.05
2603,209.40864811594358,38,1,0,0,1.3876395086945446,0.05
2604,176.97766829707413,27,1,0,0,1.2907736927754714,0.05
2605,179.7681351400035,29,1,0,0,1.4611592194329024,0.05
2606,205.42237668480436,24,1,0,0,1.449158334740213,0.05
2607,149.7395121099909,16,1,0,0,1.4231520864124307,0.05
2608,162.54779001579513,19,1,0,0,1.385279320610443,0.05
2609,174.48493933558606,27,1,0,0,1.4318896138493407,0.05
2610,174.32648552125,22,1,0,0,1.1792486228580936,0.05
2611,147.12151037188687,14,1,0,0,1.1900733675497577,0.05
2612,139.48307220608805,11,1,0,0,1.45237381079735,0.05
2613,130.1771968937058,20,1,0,0,1.3112981638714793,0.05
2614,138.30046869728298,13,1,0,0,1.3162739258895177,0.05
2615,-50.0,1,0,1,0,4.80548712499792,0.05
2616,149.34822828741318,19,1,0,0,1.3511901306268932,0.05
2617,171.75290691104823,21,1,0,0,1.199494825404578,0.05
2618,73.75110176223451,200,0,0,1,2.9236145637840676,0.05
2619,-50.0,1,0,1,0,6.392100740672957,0.05
2620,157.96233137952453,58,1,0,0,1.3910523115197055,0.05
2621,181.71053383830315,22,1,0,0,1.4531419068251639,0.05
2622,159.70952274297406,18,1,0,0,1.4034254202355338,0.05
2623,151.0366988724919,18,1,0,0,1.3425841736557742,0.05
2624,265.84687498908636,57,1,0,0,1.3561101087750347,0.05
2625,170.04365042151227,22,1,0,0,1.2531328097158057,0.05
2626,170.89071694151556,20,1,0,0,1.4955558432670433,0.05
2627,201.65869943917212,24,1,0,0,1.334135639410775,0.05
2628,157.10768260562287,16,1,0,0,1.2221292744277872,0.05
2629,212.41937251498797,30,1,0,0,1.4554438270353143,0.05
2630,173.71022980400966,26,1,0,0,1.4264243739107634,0.05
2631,167.53525427297475,23,1,0,0,1.407358187438973,0.05
2632,174.19476947855634,28,1,0,0,1.4327805992593194,0.05
2633,129.1434979169801,9,1,0,0,1.411683962465459,0.05
2634,205.84636842409049,151,1,0,0,1.4883388399621271,0.05
2635,178.04717386042427,22,1,0,0,1.406908530377953,0.05
2636,188.58297796794466,22,1,0,0,1.405443559664696,0.05
2637,166.08157966540892,26,1,0,0,1.4287841843719435,0.05
2638,177.58485447533647,28,1,0,0,1.4087088021008751,0.05
2639,194.3041063087981,33,1,0,0,1.3785551106365195,0.05
2640,158.35747864827016,23,1,0,0,1.3323838608083525,0.05
2641,201.04680598697988,26,1,0,0,1.299172253538145,0.05
2642,158.4835236596108,21,1,0,0,1.3021775729743612,0.05
2643,186.33737692777538,29,1,0,0,1.3649038886479155,0.05
2644,169.96015710140412,21,1,0,0,1.3423053904642928,0.05
2645,186.9708239027831,43,1,0,0,1.4777866334973724,0.05
2646,137.5199864632764,10,1,0,0,1.4975280685721022,0.05
2647,233.6209641652952,43,1,0,0,1.4886703949480888,0.05
2648,163.36497549524785,19,1,0,0,1.21472604752403,0.05
2649,187.94581962836475,27,1,0,0,1.4096352349204266,0.05
2650,134.3598243808918,16,1,0,0,1.167445748546588,0.05
2651,139.0017086989402,57,1,0,0,1.4599502686319785,0.05
2652,118.15288076805234,7,1,0,0,1.1953178057434182,0.05
2653,77.57119201201284,200,0,0,1,2.4778564875980815,0.05
2654,191.54959325924932,31,1,0,0,1.3389217673847296,0.05
2655,135.67105290422714,60,1,0,0,1.4454160510966572,0.05
2656,202.39019795522373,25,1,0,0,1.2637262419023005,0.05
2657,46.8097800549174,200,0,0,1,2.042184759475328,0.05
2658,100.0,1,1,0,0,1.1566094858983225,0.05
2659,125.89909467290937,200,0,0,1,1.6882014545804447,0.05
2660,183.46731313676796,20,1,0,0,1.198868926277596,0.05
2661,186.26948841408705,28,1,0,0,1.4275148379623153,0.05
2662,3.24271935356744,200,0,0,1,3.277027020490074,0.05
2663,207.03440508153545,23,1,0,0,1.2015108959558158,0.05
2664,-50.0,1,0,1,0,2.322047967248515,0.05
2665,133.9654846115923,13,1,0,0,1.2983219853408314,0.05
2666,160.11738953284717,21,1,0,0,1.383674953623289,0.05
2667,192.47641383609897,22,1,0,0,1.456093977439874,0.05
2668,229.06909582046464,38,1,0,0,1.2625640295063552,0.05
2669,186.639958181338,27,1,0,0,1.3920006506486902,0.05
2670,157.0141005355149,21,1,0,0,1.2390127877100625,0.05
2671,246.2828060189884,50,1,0,0,1.4985302354001413,0.05
2672,204.34172152821526,45,1,0,0,1.4984959786147405,0.05
2673,159.99811610455336,17,1,0,0,1.4087345911265012,0.05
2674,172.6037227714947,25,1,0,0,1.2861842038110238,0.05
2675,232.31343250332085,38,1,0,0,1.4580344870391249,0.05
2676,179.78561053030015,55,1,0,0,1.4980858325681805,0.05
2677,139.38176443529548,13,1,0,0,1.4772983133869655,0.05
2678,235.75512111948868,42,1,0,0,1.3524532026001208,0.05
2679,247.68267663039632,38,1,0,0,1.36844599165102,0.05
2680,194.74628188265964,27,1,0,0,1.4697236106585136,0.05
2681,120.16771060184084,7,1,0,0,1.2682710768593028,0.05
2682,152.1795285424364,20,1,0,0,1.42697507654026,0.05
2683,13.49862971250586,200,0,0,1,1.9753665057301124,0.05
2684,139.63324670003422,10,1,0,0,1.4430084705087427,0.05
2685,152.15957960341115,29,1,0,0,1.4536562593518512,0.05
2686,150.1689754354192,42,1,0,0,1.4463866611478324,0.05
2687,182.6973338034573,22,1,0,0,1.3946697004350097,0.05
2688,144.54571565408793,14,1,0,0,1.2992699024544385,0.05
2689,104.82289727100502,200,0,0,1,1.9395445911897617,0.05
2690,206.38942860603146,37,1,0,0,1.470772513672927,0.05
2691,180.30376162806823,23,1,0,0,1.4113312622819991,0.05
2692,182.78529833266055,27,1,0,0,1.4537551458270879,0.05
2693,148.32392964218468,17,1,0,0,1.4786086791529587,0.05
2694,192.86079258931272,28,1,0,0,1.4835626055653712,0.05
2695,182.51400947060432,26,1,0,0,1.3559568639699637,0.05
2696,184.30358662655652,22,1,0,0,1.4299005144796892,0.05
2697,171.13719739139663,29,1,0,0,1.48547655356253,0.05
2698,194.45421204465302,31,1,0,0,1.4353530251708866,0.05
2699,187.91613240120114,28,1,0,0,1.4678677884895308,0.05
2700,152.0285730718488,15,1,0,0,1.270247820326652,0.05
2701,166.9617445670592,44,1,0,0,1.4985723413215042,0.05
2702,149.1913103285512,22,1,0,0,1.470330551547916,0.05
2703,252.3847924976485,47,1,0,0,1.403668406794569,0.05
2704,188.07840617857536,30,1,0,0,1.4789949668214963,0.05
2705,166.87462477956376,23,1,0,0,1.399108267374687,0.05
2706,158.04976832824002,21,1,0,0,1.1918531209361731,0.05
2707,199.759251556589,24,1,0,0,1.3701697694504869,0.05
2708,140.79969411491544,14,1,0,0,1.1578883084550948,0.05
2709,165.5613044635278,19,1,0,0,1.412057115677538,0.05
2710,200.2474938805618,36,1,0,0,1.3714123942503804,0.05
2711,111.22540630762924,5,1,0,0,1.4592632748036274,0.05
2712,137.71928157994415,13,1,0,0,1.3254544987382417,0.05
2713,193.12731983905968,24,1,0,0,1.379361238567787,0.05
2714,152.20956254919847,13,1,0,0,1.408122262298394,0.05
2715,226.52336978481748,42,1,0,0,1.3189912598142315,0.05
2716,152.38836976132794,21,1,0,0,1.4388695987564386,0.05
2717,100.0,1,1,0,0,1.2904977228986947,0.05
2718,158.83714018807123,16,1,0,0,1.28738496285528,0.05
2719,181.6171966849691,21,1,0,0,1.4748307020976774,0.05
2720,171.58564333801738,18,1,0,0,1.3572186567937317,0.05
2721,129.85260282832817,105,1,0,0,1.4516099294228528,0.05
2722,171.7095746669924,24,1,0,0,1.2623109148291425,0.05
2723,162.63539316606165,21,1,0,0,1.4707649622322607,0.05
2724,147.91557215752647,19,1,0,0,1.2898707507874683,0.05
2725,208.60935601226527,39,1,0,0,1.2670235617493644,0.05
2726,118.93803825943888,9,1,0,0,1.490411990964183,0.05
2727,148.18840187730584,13,1,0,0,1.4911345690141145,0.05
2728,157.22323295400483,44,1,0,0,1.491225244715744,0.05
2729,159.4692509952401,22,1,0,0,1.4532703142677046,0.05
2730,164.34784346944548,23,1,0,0,1.4907513995971127,0.05
2731,162.25888643065525,19,1,0,0,1.3811158562646348,0.05
2732,217.66032621461187,34,1,0,0,1.248859116612336,0.05
2733,196.4756225247167,60,1,0,0,1.4757894191693433,0.05
2734,150.42318107507606,16,1,0,0,1.2241425066387586,0.05
2735,257.4395049697097,51,1,0,0,1.281969949119536,0.05
2736,162.7849643244939,16,1,0,0,1.335753036084519,0.05
2737,179.41924742765465,24,1,0,0,1.4455583703301047,0.05
2738,157.7564337412242,15,1,0,0,1.3433104697074854,0.05
2739,150.56920470346714,16,1,0,0,1.4745236044882195,0.05
2740,203.9905968972259,30,1,0,0,1.2692279168220424,0.05
2741,124.93487898189301,14,1,0,0,1.4863286590405744,0.05
2742,192.14375879090196,26,1,0,0,1.2308769286409726,0.05
2743,188.78718763684992,26,1,0,0,1.3357097764451955,0.05
2744,170.831650636931,19,1,0,0,1.3570250392574947,0.05
2745,173.54436048522967,18,1,0,0,1.2426774596932268,0.05
2746,152.57668477453112,18,1,0,0,1.3453660612305847,0.05
2747,169.4167813602353,18,1,0,0,1.1695428172700353,0.05
2748,197.1701211827979,29,1,0,0,1.3426013775382388,0.05
2749,166.52906930112815,43,1,0,0,1.3478292319895397,0.05
2750,150.55892008847292,20,1,0,0,1.442093454220647,0.05
2751,158.0870259046335,21,1,0,0,1.4416321491638489,0.05
2752,130.22801403394033,18,1,0,0,1.305878373473156,0.05
2753,156.61228442620393,34,1,0,0,1.4161034616920154,0.05
2754,160.81400824087265,18,1,0,0,1.316088530446291,0.05
2755,136.17635151813477,17,1,0,0,1.3416701684196988,0.05
2756,193.1592338373888,24,1,0,0,1.381162788455261,0.05
2757,174.02005002247296,24,1,0,0,1.366157049129404,0.05
2758,152.7894546618616,17,1,0,0,1.3945465749999988,0.05
2759,156.87967316172507,18,1,0,0,1.4922037814431488,0.05
2760,171.19366225382544,24,1,0,0,1.432437836443334,0.05
2761,123.56295493054333,9,1,0,0,1.4603993435680878,0.05
2762,175.9353965404536,23,1,0,0,1.2562833481133013,0.05
2763,169.63537067825035,33,1,0,0,1.4428831633888244,0.05
2764,227.6451202690627,40,1,0,0,1.3385791746137237,0.05
2765,162.71760937270676,23,1,0,0,1.366211808854512,0.05
2766,199.24011671497215,32,1,0,0,1.283072090643946,0.05
2767,191.55619379720747,23,1,0,0,1.3820061963251074,0.05
2768,156.59132163119756,13,1,0,0,1.490929625941458,0.05
2769,166.95372812238298,20,1,0,0,1.3106577573172649,0.05
2770,181.88693180877965,67,1,0,0,1.4708007084558088,0.05
2771,124.55008500938558,11,1,0,0,1.3143845451017984,0.05
2772,174.388543426598,25,1,0,0,1.4767809270998047,0.05
2773,182.34744693087583,24,1,0,0,1.4092474634556922,0.05
2774,238.2896184736679,38,1,0,0,1.2721595694266465,0.05
2775,210.98619177195343,36,1,0,0,1.4244601699792256,0.05
2776,193.85909864304452,29,1,0,0,1.2169470130093996,0.05
2777,175.2468141266175,25,1,0,0,1.4653893052847486,0.05
2778,274.81801268506183,58,1,0,0,1.4911594056275275,0.05
2779,179.99639933015206,25,1,0,0,1.3071446306110586,0.05
2780,125.52863055405558,12,1,0,0,1.4770004084636574,0.05
2781,198.8263601198434,21,1,0,0,1.265576507305259,0.05
2782,100.0,1,1,0,0,1.2705741946244855,0.05
2783,202.6164955322351,34,1,0,0,1.4606578252606013,0.05
2784,182.2331407904215,25,1,0,0,1.301395788390098,0.05
2785,179.1728343908987,22,1,0,0,1.4895398741585415,0.05
2786,162.6991246154921,21,1,0,0,1.3483916999244425,0.05
2787,248.12386994437477,50,1,0,0,1.4899593481191704,0.05
2788,196.249410096906,28,1,0,0,1.2904617509601408,0.05
2789,176.61213783619715,23,1,0,0,1.2607269046649157,0.05
2790,186.8864137104303,27,1,0,0,1.4826816782642256,0.05
2791,-50.0,1,0,1,0,7.983084293809097,0.05
2792,172.62459859024756,22,1,0,0,1.4498815907549931,0.05
2793,162.16785183659772,18,1,0,0,1.3262891061167728,0.05
2794,183.34337542357866,27,1,0,0,1.250558374420433,0.05
2795,202.69449892470334,33,1,0,0,1.4389998191191014,0.05
2796,176.6180170618677,23,1,0,0,1.418243182297796,0.05
2797,159.41135730939837,14,1,0,0,1.121590827898037,0.05
2798,154.6538642458404,21,1,0,0,1.3777327481172008,0.05
2799,176.7168181222394,24,1,0,0,1.4264694738447192,0.05
2800,140.5502827083192,77,1,0,0,1.4415073186270702,0.05
2801,185.5805251824462,24,1,0,0,1.3667165706164068,0.05
2802,152.1097541541322,18,1,0,0,1.4394204947153586,0.05
2803,165.38096057840647,18,1,0,0,1.488273998175377,0.05
2804,102.30559427206637,59,1,0,0,1.4496469919797554,0.05
2805,164.92041560048463,21,1,0,0,1.2597708842621402,0.05
2806,175.58211516859728,20,1,0,0,1.3897558649222852,0.05
2807,149.3933960424116,18,1,0,0,1.4169608968000522,0.05
2808,195.51866805778045,26,1,0,0,1.466632421253293,0.05
2809,141.33930179394366,17,1,0,0,1.2621685631095483,0.05
2810,157.90606353992243,15,1,0,0,1.2801448349528581,0.05
2811,174.32220246468728,23,1,0,0,1.4719969521098653,0.05
2812,174.33904043274825,20,1,0,0,1.4924070094920925,0.05
2813,169.32605952201945,20,1,0,0,1.3931283685480782,0.05
2814,248.04940734410638,49,1,0,0,1.470566183856399,0.05
2815,168.3069202417623,23,1,0,0,1.1364528800701157,0.05
2816,183.07653623248325,21,1,0,0,1.4614586336360664,0.05
2817,151.30756629876228,19,1,0,0,1.4839327093265255,0.05
2818,195.1831369542047,25,1,0,0,1.4228068664487212,0.05
2819,193.71344454928658,31,1,0,0,1.2479488575037825,0.05
2820,142.66097739797576,17,1,0,0,1.4464866933287468,0.05
2821,133.06999660935128,12,1,0,0,1.2926888673634938,0.05
2822,204.04401126539148,27,1,0,0,1.3701129154313005,0.05
2823,70.1674580767705,200,0,0,1,3.2625924038070453,0.05
2824,152.94444467979665,18,1,0,0,1.2943475984599104,0.05
2825,166.69385719894154,19,1,0,0,1.3272471215868042,0.05
2826,156.85789944282914,21,1,0,0,1.376706416816986,0.05
2827,162.20111199288846,22,1,0,0,1.4285131201457155,0.05
2828,190.83007041697402,53,1,0,0,1.4814801570211873,0.05
2829,156.89922589059535,23,1,0,0,1.4894570731424484,0.05
2830,158.45984728305672,20,1,0,0,1.4612764112197465,0.05
2831,130.87502183577197,60,1,0,0,1.4093586674239105,0.05
2832,133.97435917624,16,1,0,0,1.4707808396041915,0.05
2833,191.93542987657952,26,1,0,0,1.4732974073050074,0.05
2834,123.98304236216183,13,1,0,0,1.4246871788926734,0.05
2835,175.14467886619371,26,1,0,0,1.3152633999770678,0.05
2836,142.0413413691601,18,1,0,0,1.3239861637952728,0.05
2837,189.99204991805573,21,1,0,0,1.458328691687951,0.05
2838,174.34069923660294,21,1,0,0,1.15985912512116,0.05
2839,163.59174979592402,16,1,0,0,1.29871136155044,0.05
2840,187.04449615119313,25,1,0,0,1.4921723075185325,0.05
2841,204.77268181233558,58,1,0,0,1.4943775457530697,0.05
2842,184.95425486425802,25,1,0,0,1.2071250506973341,0.05
2843,133.26128115202732,16,1,0,0,1.3136351898426333,0.05
2844,184.0136370913207,27,1,0,0,1.4260040005622332,0.05
2845,148.6904710623821,24,1,0,0,1.3717758917466643,0.05
2846,178.2375864718268,21,1,0,0,1.2313486811508376,0.05
2847,-50.0,1,0,1,0,7.359815372125813,0.05
2848,261.20942591965945,92,1,0,0,1.4935315002879965,0.05
2849,138.86255792216758,15,1,0,0,1.3893596753316446,0.05
2850,174.51149013859006,24,1,0,0,1.4851092693234258,0.05
2851,175.323159736675,24,1,0,0,1.4714729598144205,0.05
2852,196.22779388576853,25,1,0,0,1.2137279869305102,0.05
2853,231.93080756934498,41,1,0,0,1.3200293487119432,0.05
2854,187.13658425320745,25,1,0,0,1.3620616474878249,0.05
2855,187.25155787864153,22,1,0,0,1.4927935407443533,0.05
2856,180.49037265659234,25,1,0,0,1.3581616787611532,0.05
2857,155.0493541652791,48,1,0,0,1.4781863461354734,0.05
2858,147.32525091419967,14,1,0,0,1.3245782904709533,0.05
2859,199.9171527270899,27,1,0,0,1.3174480102260058,0.05
2860,191.32432383158414,29,1,0,0,1.4951081898064087,0.05
2861,183.19185696905703,24,1,0,0,1.243966209166556,0.05
2862,173.03032192149684,25,1,0,0,1.345020522105147,0.05
2863,180.2584656964035,23,1,0,0,1.31070033199756,0.05
2864,186.61399443330936,31,1,0,0,1.164184216803944,0.05
2865,173.43004334675368,23,1,0,0,1.3438491381857967,0.05
2866,252.82457680525286,55,1,0,0,1.4453149550069304,0.05
2867,207.1470066911187,30,1,0,0,1.3465550458747093,0.05
2868,146.92653561225703,14,1,0,0,1.1328473728013182,0.05
2869,182.8114108534595,24,1,0,0,1.3756066287203945,0.05
2870,152.7798026207663,20,1,0,0,1.1071003644545379,0.05
2871,201.8651649053454,26,1,0,0,1.1959507216630831,0.05
2872,160.9572309304056,25,1,0,0,1.4800685052202687,0.05
2873,160.91043607615632,24,1,0,0,1.3307542959478582,0.05
2874,170.69027385308152,24,1,0,0,1.4597772301537753,0.05
2875,274.1254850131582,58,1,0,0,1.2929796410073964,0.05
2876,146.25543206471195,15,1,0,0,1.3329319603608805,0.05
2877,173.28029535696032,24,1,0,0,1.4405657692380722,0.05
2878,148.82277748024333,16,1,0,0,1.3505123972791715,0.05
2879,164.60804423592896,18,1,0,0,1.4383109269046193,0.05
2880,201.7306929123564,31,1,0,0,1.492048988170492,0.05
2881,170.91153010102855,25,1,0,0,1.3134096026975388,0.05
2882,172.6394424805093,20,1,0,0,1.3372349692583634,0.05
2883,184.40195059555862,26,1,0,0,1.3023186624122187,0.05
2884,158.10272990243573,16,1,0,0,1.448454818407741,0.05
2885,178.760572414029,23,1,0,0,1.3199290392383203,0.05
2886,251.060214578256,42,1,0,0,1.4431870337183212,0.05
2887,170.88080828507623,25,1,0,0,1.4791030219132737,0.05
2888,167.11232582959775,18,1,0,0,1.2864641385058349,0.05
2889,166.7853583545966,23,1,0,0,1.4925546969207577,0.05
2890,113.12444341630973,94,1,0,0,1.4781245880651126,0.05
2891,240.29850907714638,50,1,0,0,1.4974715446504412,0.05
2892,135.34020772869212,12,1,0,0,1.1477248082433558,0.05
2893,167.15677794603283,25,1,0,0,1.3792553169738464,0.05
2894,213.6911009332821,32,1,0,0,1.4619699912674753,0.05
2895,180.97321613242562,21,1,0,0,1.3164677506195075,0.05
2896,177.7538628968054,27,1,0,0,1.306562937587678,0.05
2897,177.35130632111668,24,1,0,0,1.4909490912427807,0.05
2898,158.2025183717019,17,1,0,0,1.3271428253514512,0.05
2899,176.86232057191367,24,1,0,0,1.4804664029695878,0.05
2900,171.68832410578526,22,1,0,0,1.3229075366084224,0.05
2901,182.95213791026976,29,1,0,0,1.409634391059949,0.05
2902,179.69692006798857,23,1,0,0,1.477864931676523,0.05
2903,182.45138892284018,26,1,0,0,1.491129565463495,0.05
2904,109.38110432842396,9,1,0,0,1.3381866152344846,0.05
2905,-50.0,1,0,1,0,5.013564914772036,0.05
2906,124.2545845053155,9,1,0,0,1.1346835150031755,0.05
2907,181.7336712768636,20,1,0,0,1.4812340643456006,0.05
2908,41.811506590621455,200,0,0,1,1.9663553732274721,0.05
2909,103.06273812350663,2,1,0,0,1.2948009952985549,0.05
2910,169.1323169885411,21,1,0,0,1.2431898664650751,0.05
2911,150.19102227736397,22,1,0,0,1.4555412634752136,0.05
2912,182.98098643790712,26,1,0,0,1.3677839901467495,0.05
2913,220.5319894418796,37,1,0,0,1.4791084427815606,0.05
2914,171.13330999942633,20,1,0,0,1.3288525532544107,0.05
2915,176.79696217853183,23,1,0,0,1.4507748366095785,0.05
2916,135.75682670794842,13,1,0,0,1.4190450664187588,0.05
2917,204.7657813813559,26,1,0,0,1.2130661680914077,0.05
2918,232.29822952266633,44,1,0,0,1.4474337217738047,0.05
2919,157.96278557287127,19,1,0,0,1.3721018848588464,0.05
2920,162.95690379250175,21,1,0,0,1.2594950258580153,0.05
2921,152.97062079240214,21,1,0,0,1.4204024207436756,0.05
2922,157.38423541329615,16,1,0,0,1.2896501850587436,0.05
2923,114.26485300096961,5,1,0,0,1.3259447375477889,0.05
2924,128.94602301825722,9,1,0,0,1.2064406184382173,0.05
2925,131.17533334764934,14,1,0,0,1.3564765094493267,0.05
2926,202.72228219225616,31,1,0,0,1.3399092060591198,0.05
2927,168.27676780019755,23,1,0,0,1.3854185395522283,0.05
2928,162.41972913265843,25,1,0,0,1.3425444523849734,0.05
2929,184.8670463600468,20,1,0,0,1.450312074739796,0.05
2930,248.74651322008634,47,1,0,0,1.4972255893579829,0.05
2931,166.3234874608755,20,1,0,0,1.4965608629114597,0.05
2932,195.0921620521358,33,1,0,0,1.2594492515460602,0.05
2933,178.60177220740275,21,1,0,0,1.4398419995394636,0.05
2934,149.84028014900755,17,1,0,0,1.4500738105953628,0.05
2935,152.47531683581684,16,1,0,0,1.4080936480725397,0.05
2936,162.02636475037514,25,1,0,0,1.260123335728261,0.05
2937,220.75451055368075,35,1,0,0,1.403325521014092,0.05
2938,187.97749853676333,23,1,0,0,1.4725903983808173,0.05
2939,-50.0,1,0,1,0,3.5400738660535924,0.05
2940,137.47934540020663,12,1,0,0,1.4080289737431597,0.05
2941,158.15337548936074,21,1,0,0,1.4428909180074103,0.05
2942,197.93623186727245,25,1,0,0,1.485913659889547,0.05
2943,129.86499251508945,21,1,0,0,1.4548543087648826,0.05
2944,0.14591919299106815,200,0,0,1,3.3195223596443353,0.05
2945,170.7352723256992,22,1,0,0,1.3466933267608026,0.05
2946,162.88836639350146,25,1,0,0,1.2720356124466587,0.05
2947,185.7876253961075,38,1,0,0,1.2714108006438836,0.05
2948,125.84701665114197,10,1,0,0,1.4298718001057216,0.05
2949,185.6206100800539,25,1,0,0,1.3836687739227604,0.05
2950,162.42954815195182,22,1,0,0,1.4551358246169008,0.05
2951,199.26974997002014,25,1,0,0,1.434703950051808,0.05
2952,171.6208176034308,24,1,0,0,1.4085347065637823,0.05
2953,149.40483258399183,15,1,0,0,1.367051255399466,0.05
2954,132.25980377236596,9,1,0,0,1.3141861255872664,0.05
2955,182.1623894731406,36,1,0,0,1.4231379263199835,0.05
2956,167.09084236827675,19,1,0,0,1.4683766134488787,0.05
2957,217.38192233438767,35,1,0,0,1.3687411532577807,0.05
2958,205.65715905141073,36,1,0,0,1.3992303865223372,0.05
2959,164.80365499280512,20,1,0,0,1.3301201853889697,0.05
2960,162.73775092096355,19,1,0,0,1.138617566788288,0.05
2961,219.80083877243982,43,1,0,0,1.2890021118920945,0.05
2962,180.13155765052363,20,1,0,0,1.4812526712360243,0.05
2963,161.09270876578813,22,1,0,0,1.439806046622566,0.05
2964,130.79181428097164,11,1,0,0,1.3159884131193162,0.05
2965,191.2051052283574,31,1,0,0,1.399255549285562,0.05
2966,166.4006027608669,24,1,0,0,1.13339571819943,0.05
2967,200.70209309767955,32,1,0,0,1.246928383883106,0.05
2968,160.42420549392585,23,1,0,0,1.4209401499441419,0.05
2969,143.23216607916737,19,1,0,0,1.4024275607513044,0.05
2970,220.42581081203733,36,1,0,0,1.343705007599158,0.05
2971,219.6422432761395,35,1,0,0,1.2782322154155503,0.05
2972,180.52540916192982,29,1,0,0,1.2422348927465732,0.05
2973,257.0408464596752,54,1,0,0,1.430685062153915,0.05
2974,193.24110152067215,39,1,0,0,1.4711945770485038,0.05
2975,165.6112942973586,16,1,0,0,1.3388774895875013,0.05
2976,119.66149921181741,7,1,0,0,1.37755932673655,0.05
2977,160.67565963639902,23,1,0,0,1.329215313605168,0.05
2978,161.98972824112968,24,1,0,0,1.4835422630978574,0.05
2979,194.15051953036186,23,1,0,0,1.1768726881694371,0.05
2980,188.33547397753767,26,1,0,0,1.3821788698703483,0.05
2981,180.76121550110457,25,1,0,0,1.4381950197968891,0.05
2982,143.2365181448244,23,1,0,0,1.4247289268333991,0.05
2983,157.9542802057206,17,1,0,0,1.4660862053308732,0.05
2984,122.87855190608664,10,1,0,0,1.4649557705923588,0.05
2985,156.59421821741205,59,1,0,0,1.4872165577510272,0.05
2986,-50.0,1,0,1,0,5.127391998092256,0.05
2987,185.90748876373485,25,1,0,0,1.4141797434402696,0.05
2988,231.92128555571085,44,1,0,0,1.4614269523264973,0.05
2989,197.73089540410632,26,1,0,0,1.2910369540434636,0.05
2990,130.13881331401194,8,1,0,0,1.1278133885399813,0.05
2991,187.85102279470766,30,1,0,0,1.495275024520912,0.05
2992,186.09130265218664,27,1,0,0,1.4811353374538963,0.05
2993,237.37660913899538,43,1,0,0,1.2420161771067504,0.05
2994,195.23336153504764,24,1,0,0,1.2097633836192208,0.05
2995,201.23462747105765,28,1,0,0,1.429790867333419,0.05
2996,149.7438189770209,18,1,0,0,1.359136774740307,0.05
2997,208.78649307032285,37,1,0,0,1.499724242368203,0.05
2998,139.66572050590008,31,1,0,0,1.485010188221762,0.05
2999,-50.0,1,0,1,0,5.318341963896258,0.05
3000,180.29385599495396,39,1,0,0,1.495925368568345,0.05
3001,184.70320756954334,75,1,0,0,1.4957893584726547,0.05
3002,182.12983024323307,32,1,0,0,1.1966274511497892,0.05
3003,177.99270798266252,34,1,0,0,1.3675517353187614,0.05
3004,125.54203605367763,16,1,0,0,1.3136069949392994,0.05
3005,-50.0,1,0,1,0,7.450917346526999,0.05
3006,154.77610685614934,20,1,0,0,1.1531957368865868,0.05
3007,-50.0,1,0,1,0,7.471636666389057,0.05
3008,154.7198629261157,22,1,0,0,1.3462475257163937,0.05
3009,193.9116634625472,24,1,0,0,1.4970323688659357,0.05
3010,161.64656521272872,18,1,0,0,1.2635840616734455,0.05
3011,192.19158579579698,47,1,0,0,1.1065889260443935,0.05
3012,159.1614687360505,59,1,0,0,1.45669586490449,0.05
3013,216.0011280808187,34,1,0,0,1.455432856781053,0.05
3014,147.4764207450201,28,1,0,0,1.366505939869212,0.05
3015,180.2280506138823,31,1,0,0,1.2636716927030611,0.05
3016,180.1499828439778,26,1,0,0,1.4675029333061622,0.05
3017,145.83922588066997,18,1,0,0,1.1897645737615437,0.05
3018,183.6509845137573,33,1,0,0,1.3392375857810026,0.05
3019,174.91614675094593,26,1,0,0,1.31395890508827,0.05
3020,144.63735826535344,15,1,0,0,1.201304281647994,0.05
3021,155.7775451064922,13,1,0,0,1.438293401075525,0.05
3022,168.21056116423244,23,1,0,0,1.3537585851545992,0.05
3023,193.5609870303079,27,1,0,0,1.3653137130388544,0.05
3024,188.62567552994307,23,1,0,0,1.0469245330368573,0.05
3025,161.95533393714754,23,1,0,0,1.413062083004411,0.05
3026,204.55979508404232,77,1,0,0,1.449237044182478,0.05
3027,187.21008302535188,26,1,0,0,1.3776175201817482,0.05
3028,191.26861197171465,26,1,0,0,1.2941810608736637,0.05
3029,165.1578404336104,24,1,0,0,1.4326446247564768,0.05
3030,32.626075278862864,200,0,0,1,1.9200971657102655,0.05
3031,147.91197508400202,22,1,0,0,1.4262409446383109,0.05
3032,126.3163474948413,12,1,0,0,1.4990141292464811,0.05
3033,188.25793257550055,24,1,0,0,1.241949713244283,0.05
3034,138.5641630702383,14,1,0,0,1.4021272099732758,0.05
3035,112.74056785204299,13,1,0,0,1.4697025185225259,0.05
3036,123.36051769567837,51,1,0,0,1.4497060859774635,0.05
3037,168.90323478889107,21,1,0,0,1.2279503145365978,0.05
3038,162.63753290682934,20,1,0,0,1.3897638054835606,0.05
3039,179.95752884721583,26,1,0,0,1.2101186130913408,0.05
3040,256.98641495371606,50,1,0,0,1.3700479169429274,0.05
3041,193.09435769792378,28,1,0,0,1.3459094777610374,0.05
3042,152.4452691708542,27,1,0,0,1.3706146543349194,0.05
3043,133.17003091488232,15,1,0,0,1.3518656287480668,0.05
3044,154.47037135690442,35,1,0,0,1.2896631506067309,0.05
3045,135.22001242444767,101,1,0,0,1.3114455017694517,0.05
3046,202.2418359807736,31,1,0,0,1.4524773432340192,0.05
3047,188.4585569521609,26,1,0,0,1.258196634477178,0.05
3048,181.279949343755,23,1,0,0,1.4117368637233731,0.05
3049,156.60425518066182,17,1,0,0,1.3061060446765451,0.05
3050,152.7548639881977,18,1,0,0,1.3743049320761203,0.05
3051,168.6173494207668,31,1,0,0,1.4642293707212382,0.05
3052,155.9694283218881,24,1,0,0,1.2875114043783902,0.05
3053,193.42034177486147,27,1,0,0,1.3814807307970933,0.05
3054,188.773205635884,32,1,0,0,1.4009473004545252,0.05
3055,167.33434696866374,28,1,0,0,1.2668996834971913,0.05
3056,164.1545976994805,34,1,0,0,1.4248351033651647,0.05
3057,244.74364720046165,43,1,0,0,1.3585771847869756,0.05
3058,160.89204292243392,23,1,0,0,1.2910045666630932,0.05
3059,118.49085891644026,11,1,0,0,1.4220877278794584,0.05
3060,170.2153688549488,20,1,0,0,1.2720666312121216,0.05
3061,168.4475520552834,26,1,0,0,1.4050713167411808,0.05
3062,212.10693565533865,29,1,0,0,1.2820957989121138,0.05
3063,-50.0,1,0,1,0,8.44883141270083,0.05
3064,182.37971212797248,25,1,0,0,1.3301002149957484,0.05
3065,163.30302590631698,26,1,0,0,1.4106209236977798,0.05
3066,165.66391250236046,21,1,0,0,1.1334050705957965,0.05
3067,147.00719332698935,21,1,0,0,1.466446574772058,0.05
3068,146.52020091317846,19,1,0,0,1.2923376833707776,0.05
3069,194.1142376688454,27,1,0,0,1.4677270481200806,0.05
3070,178.1025752734983,26,1,0,0,1.417519361049482,0.05
3071,180.12880366857968,28,1,0,0,1.2545777393112145,0.05
3072,151.36892982997637,36,1,0,0,1.4825661911761487,0.05
3073,158.0395750161267,19,1,0,0,1.1354812497775868,0.05
3074,167.02485356130242,21,1,0,0,1.412190240837445,0.05
3075,133.31339174284858,12,1,0,0,1.1653047073009848,0.05
3076,142.903416381081,16,1,0,0,1.47443270107756,0.05
3077,132.4927399435817,30,1,0,0,1.2294727556532918,0.05
3078,-50.0,1,0,1,0,8.914139891166956,0.05
3079,252.4838393346658,42,1,0,0,1.261575757369342,0.05
3080,202.75568740423543,31,1,0,0,1.2541043084445096,0.05
3081,175.39761384787153,23,1,0,0,1.3020931043729977,0.05
3082,167.94119505236554,24,1,0,0,1.4919063011056533,0.05
3083,174.4875039268045,20,1,0,0,1.4151569965062378,0.05
3084,120.28835244539665,6,1,0,0,1.3394803386668,0.05
3085,185.49679928997935,25,1,0,0,1.4793749198489985,0.05
3086,148.02632252889455,15,1,0,0,1.3451731754579168,0.05
3087,261.14603596250254,52,1,0,0,1.3109817111342432,0.05
3088,183.96720669415154,26,1,0,0,1.3489812099648613,0.05
3089,114.20621100535652,11,1,0,0,1.4798126652336228,0.05
3090,188.26531120919043,30,1,0,0,1.379257147794194,0.05
3091,157.1129713174438,20,1,0,0,1.2533267540943114,0.05
3092,217.75228495312194,36,1,0,0,1.493308775267848,0.05
3093,167.07633009975922,24,1,0,0,1.463912584783467,0.05
3094,186.88142808171528,46,1,0,0,1.2699352198058502,0.05
3095,178.96129061559782,23,1,0,0,1.3896467178829752,0.05
3096,123.95476503169009,14,1,0,0,1.3029892173892426,0.05
3097,163.13863819485533,18,1,0,0,1.314939477265964,0.05
3098,177.11224829668276,21,1,0,0,1.275448851152434,0.05
3099,190.01015705267324,33,1,0,0,1.461381473008438,0.05
3100,159.302543014162,29,1,0,0,1.3662728686185295,0.05
3101,144.424623612436,52,1,0,0,1.4992455105513212,0.05
3102,174.0980900178139,23,1,0,0,1.2757068593985879,0.05
3103,155.6893781447299,93,1,0,0,1.4931280668589153,0.05
3104,166.35963601628927,27,1,0,0,1.469349645818366,0.05
3105,199.8613843633186,32,1,0,0,1.2625439363558495,0.05
3106,235.76859050023577,48,1,0,0,1.4959823451140142,0.05
3107,128.73417140619097,20,1,0,0,1.4955721216889486,0.05
3108,188.03705666259512,24,1,0,0,1.4035357135470512,0.05
3109,158.06268786082822,20,1,0,0,1.2586949672395091,0.05
3110,135.32456161956614,17,1,0,0,1.4001913103860002,0.05
3111,198.60631237348076,28,1,0,0,1.311664316557919,0.05
3112,200.40861098715476,29,1,0,0,1.224986603977152,0.05
3113,170.95087457211432,25,1,0,0,1.4592576886673745,0.05
3114,191.87300120733053,29,1,0,0,1.416807513828251,0.05
3115,249.3448566554915,45,1,0,0,1.428990471079022,0.05
3116,230.11630659355362,46,1,0,0,1.334083837253061,0.05
3117,182.57326250134187,21,1,0,0,1.3078082089381236,0.05
3118,167.24788385533333,22,1,0,0,1.3562304429451761,0.05
3119,269.3001578069603,57,1,0,0,1.4133608991247961,0.05
3120,202.08066485381602,34,1,0,0,1.4897351688161855,0.05
3121,113.0504383122392,17,1,0,0,1.1794100357572708,0.05
3122,212.79874400070338,39,1,0,0,1.3123176293171595,0.05
3123,179.36631653081872,28,1,0,0,1.3315680394030789,0.05
3124,148.55350263288136,24,1,0,0,1.271732019084454,0.05
3125,183.28591412298601,23,1,0,0,1.465984890241439,0.05
3126,174.59903475449124,19,1,0,0,1.2991514886943971,0.05
3127,196.343485768018,28,1,0,0,1.4008952629444629,0.05
3128,167.32561289447165,33,1,0,0,1.4348810739336113,0.05
3129,172.23695409021803,19,1,0,0,1.4545055101027289,0.05
3130,135.07045276310436,19,1,0,0,1.3323526843568334,0.05
3131,246.05967615273562,46,1,0,0,1.4303833291225223,0.05
3132,173.6995196360765,21,1,0,0,1.2906253442630082,0.05
3133,185.5386387172784,27,1,0,0,1.2835438680239144,0.05
3134,124.57669651423699,16,1,0,0,1.4077835080396908,0.05
3135,174.77942965071398,27,1,0,0,1.3257739920687075,0.05
3136,154.17955405377316,21,1,0,0,1.2816769751010548,0.05
3137,158.24704926506595,19,1,0,0,1.3075645746530649,0.05
3138,145.14467589846302,20,1,0,0,1.3251126089190333,0.05
3139,163.26282916869621,38,1,0,0,1.4828195910764383,0.05
3140,150.42271126401315,19,1,0,0,1.168017521045471,0.05
3141,161.66027045477745,44,1,0,0,1.495888692035021,0.05
3142,182.77975194975895,22,1,0,0,1.4816317816476885,0.05
3143,141.30554504640023,19,1,0,0,1.2105283489910272,0.05
3144,164.76911670630298,23,1,0,0,1.3409830848787152,0.05
3145,180.2422052502971,24,1,0,0,1.428427324456863,0.05
3146,133.53880181697318,15,1,0,0,1.235857291648497,0.05
3147,229.57789809090897,48,1,0,0,1.2518098758986465,0.05
3148,164.8075659998753,19,1,0,0,1.3272175670523434,0.05
3149,155.8507763218832,24,1,0,0,1.45996028304383,0.05
3150,159.10717716578188,25,1,0,0,1.3456566409456232,0.05
3151,199.61916638192656,28,1,0,0,1.4548422952480486,0.05
3152,146.3599242637336,18,1,0,0,1.4188046900002993,0.05
3153,195.5622638933013,161,1,0,0,1.4834019473681623,0.05
3154,121.89234322451306,10,1,0,0,1.478313515585028,0.05
3155,182.3158264189113,29,1,0,0,1.4924530226724129,0.05
3156,199.17800368992653,30,1,0,0,1.3900091875401628,0.05
3157,173.20092988103414,20,1,0,0,1.2798659037421949,0.05
3158,257.4797599612068,51,1,0,0,1.360516348972512,0.05
3159,219.7434363118002,39,1,0,0,1.2795313707264628,0.05
3160,205.49322790234413,31,1,0,0,1.2503527056428998,0.05
3161,154.3849912910494,23,1,0,0,1.3565997215341197,0.05
3162,175.60585253729818,21,1,0,0,1.2701212430195692,0.05
3163,193.7312565945332,27,1,0,0,1.426027883667393,0.05
3164,137.92390886944074,22,1,0,0,1.4622635944657172,0.05
3165,178.73901410278185,40,1,0,0,1.4856277879316948,0.05
3166,153.07915835201186,20,1,0,0,1.3710552016421473,0.05
3167,133.6557749245341,13,1,0,0,1.4848472914271322,0.05
3168,170.1303450488897,26,1,0,0,1.3882372063158728,0.05
3169,205.00754031373262,28,1,0,0,1.4897326810136025,0.05
3170,200.75678615628556,29,1,0,0,1.4868699708764905,0.05
3171,151.5590822474459,41,1,0,0,1.416332756127398,0.05
3172,193.29338030891216,30,1,0,0,1.3386727652937744,0.05
3173,263.09347214854466,47,1,0,0,1.3313041859656407,0.05
3174,159.87138224357108,46,1,0,0,1.3616677189819082,0.05
3175,196.61750776752797,30,1,0,0,1.346727996212145,0.05
3176,179.41025590947072,25,1,0,0,1.2012755739433667,0.05
3177,109.63410657611074,9,1,0,0,1.4892613726952832,0.05
3178,213.24051676649862,38,1,0,0,1.2992851423679717,0.05
3179,191.7614952686024,23,1,0,0,1.2583937737223847,0.05
3180,184.1288069938534,26,1,0,0,1.4978592593351083,0.05
3181,155.93384579639067,23,1,0,0,1.3926657373144993,0.05
3182,145.3557897014372,23,1,0,0,1.2807955253957932,0.05
3183,166.8844034816334,23,1,0,0,1.4817468436369987,0.05
3184,-9.864756345685038,12,0,1,0,4.557078318539739,0.05
3185,172.4856316081368,23,1,0,0,1.3901190687153442,0.05
3186,142.92114125028033,39,1,0,0,1.2187609487142659,0.05
3187,132.46573934964758,17,1,0,0,1.3808144621548906,0.05
3188,-39.46633732566295,4,0,1,0,8.305144601668902,0.05
3189,131.8263740877065,75,1,0,0,1.4583555616344919,0.05
3190,165.67032588887952,21,1,0,0,1.271882126648331,0.05
3191,259.45580465919016,55,1,0,0,1.4433764492550427,0.05
3192,185.9716396777772,28,1,0,0,1.394658412239325,0.05
3193,170.254719474949,23,1,0,0,1.4919683258355152,0.05
3194,147.66295070571198,19,1,0,0,1.4984527661153588,0.05
3195,172.84621396135333,27,1,0,0,1.340045881717191,0.05
3196,-13.489953414809461,200,0,0,1,2.2540373307795782,0.05
3197,165.8914187626691,23,1,0,0,1.3927488689234964,0.05
3198,182.66299344443956,32,1,0,0,1.2878482834859062,0.05
3199,191.60032244384544,31,1,0,0,1.374715106757339,0.05
3200,113.95783079931275,78,1,0,0,1.4120065634475416,0.05
3201,159.60232287180565,24,1,0,0,1.4672528713105386,0.05
3202,158.58240589544891,52,1,0,0,1.4823861311890028,0.05
3203,216.4657133897698,38,1,0,0,1.4580416308236999,0.05
3204,192.1419562244264,37,1,0,0,1.2197173288046983,0.05
3205,247.09084304115217,43,1,0,0,1.3789375946356253,0.05
3206,160.36763501808167,21,1,0,0,1.3496597689958725,0.05
3207,182.05420253500014,24,1,0,0,1.3721550107567237,0.05
3208,202.46244281917885,37,1,0,0,1.442434816800873,0.05
3209,168.74127856443042,20,1,0,0,1.24806777256003,0.05
3210,185.09795951624403,30,1,0,0,1.2555529171491984,0.05
3211,204.64563516489224,30,1,0,0,1.3214429926711102,0.05
3212,149.99238342330497,129,1,0,0,1.3920336727020244,0.05
3213,176.37602622423103,23,1,0,0,1.3427663619131476,0.05
3214,166.82541833313587,22,1,0,0,1.2811125370826484,0.05
3215,163.13457650119437,22,1,0,0,1.289140150708178,0.05
3216,-29.349507440854598,6,0,1,0,3.7566931479442434,0.05
3217,120.37791566373404,8,1,0,0,1.2567311775509948,0.05
3218,160.62637484181445,20,1,0,0,1.2512136344581781,0.05
3219,125.99939777848131,11,1,0,0,1.2881077689035443,0.05
3220,203.83809794387133,39,1,0,0,1.455453545728561,0.05
3221,168.7076760591512,22,1,0,0,1.3272652887968643,0.05
3222,187.5002885465537,24,1,0,0,1.3202902231650078,0.05
3223,177.08361716012158,24,1,0,0,1.4184346222880182,0.05
3224,177.2013829235924,26,1,0,0,1.4570050748384105,0.05
3225,184.7884963225362,40,1,0,0,1.397340700600655,0.05
3226,126.73812559363358,17,1,0,0,1.3451593519253773,0.05
3227,184.74494060001163,26,1,0,0,1.3446688155514483,0.05
3228,150.90031598453035,17,1,0,0,1.2013139512419193,0.05
3229,234.67157566833453,47,1,0,0,1.449151300482803,0.05
3230,-13.721514028546938,200,0,0,1,3.759032734811231,0.05
3231,140.53037895240954,16,1,0,0,1.4673924493936013,0.05
3232,136.1325553267849,17,1,0,0,1.4993278239022212,0.05
3233,178.85501442474504,29,1,0,0,1.2909158170075026,0.05
3234,181.15450899937238,35,1,0,0,1.4007086807611335,0.05
3235,149.85712875870726,25,1,0,0,1.154933157325784,0.05
3236,163.49470877128374,17,1,0,0,1.4055060224419054,0.05
3237,207.94082442379602,39,1,0,0,1.3551336497641175,0.05
3238,172.87443786614824,23,1,0,0,1.1989414833936538,0.05
3239,159.0250506434623,28,1,0,0,1.4863674701556335,0.05
3240,125.32985818982047,12,1,0,0,1.4993412145002993,0.05
3241,221.46073523425906,32,1,0,0,1.2345565232997742,0.05
3242,199.28788918784866,34,1,0,0,1.4704560978968548,0.05
3243,168.16663350108809,29,1,0,0,1.3889841714458893,0.05
3244,167.12172298117582,27,1,0,0,1.487514642749859,0.05
3245,173.5772492915171,23,1,0,0,1.470401567460775,0.05
3246,121.76908833088507,81,1,0,0,1.4493499923820359,0.05
3247,108.84486832532548,7,1,0,0,1.4130110011807775,0.05
3248,166.91244941824675,25,1,0,0,1.237615472412021,0.05
3249,215.39723761810808,36,1,0,0,1.297086927298457,0.05
3250,175.13667404172733,26,1,0,0,1.4964447621851096,0.05
3251,122.41232121458384,23,1,0,0,1.3492493224757856,0.05
3252,209.72191906861923,36,1,0,0,1.251001947923946,0.05
3253,169.0339560260065,20,1,0,0,1.4587118026717953,0.05
3254,183.5389866830023,24,1,0,0,1.4580056325504336,0.05
3255,143.3179194633871,16,1,0,0,1.149375836026654,0.05
3256,170.40125299205476,31,1,0,0,1.3579033603801043,0.05
3257,165.81972651467805,15,1,0,0,1.4814835665646637,0.05
3258,176.8747964193742,25,1,0,0,1.2161011137976447,0.05
3259,183.72921577843246,26,1,0,0,1.2194626999634743,0.05
3260,192.31547887003165,32,1,0,0,1.3030892447047826,0.05
3261,183.2445304361508,30,1,0,0,1.3140219901728742,0.05
3262,142.91470623874727,23,1,0,0,1.396497875534396,0.05
3263,256.2249265335988,48,1,0,0,1.308358296763267,0.05
3264,235.5918098844008,44,1,0,0,1.2205490244106874,0.05
3265,202.83577178670348,34,1,0,0,1.4972316614730203,0.05
3266,153.65082045585876,24,1,0,0,1.4686709221872072,0.05
3267,153.03776823993186,20,1,0,0,1.4508996598204886,0.05
3268,160.23165153817502,26,1,0,0,1.4188189889778564,0.05
3269,188.98276134505167,27,1,0,0,1.4529449878463112,0.05
3270,168.2482329598228,33,1,0,0,1.446868562572035,0.05
3271,206.3741600855522,39,1,0,0,1.4292197360781358,0.05
3272,177.6474060387664,28,1,0,0,1.3876271384085257,0.05
3273,142.8323326545089,13,1,0,0,1.362366769745167,0.05
3274,256.6084512655785,49,1,0,0,1.4509932829981609,0.05
3275,167.64440838178348,22,1,0,0,1.3684977934799054,0.05
3276,-50.0,1,0,1,0,5.235488364072091,0.05
3277,182.7351232926696,30,1,0,0,1.3879222172557568,0.05
3278,182.23076564528313,48,1,0,0,1.452307513114914,0.05
3279,197.92269659705914,39,1,0,0,1.234714540542458,0.05
3280,166.07646204989916,22,1,0,0,1.4754933595324282,0.05
3281,142.571145772859,30,1,0,0,1.4776626607982417,0.05
3282,185.64507510603627,26,1,0,0,1.3847152904578823,0.05
3283,158.64770252836888,19,1,0,0,1.3590262511353826,0.05
3284,172.72001036104973,20,1,0,0,1.4597516916905173,0.05
3285,138.9922344472967,13,1,0,0,1.398824301703562,0.05
3286,175.43377563932842,23,1,0,0,1.444615487811078,0.05
3287,177.7185080631388,25,1,0,0,1.2604712371972568,0.05
3288,163.7673939628835,23,1,0,0,1.3343005657638325,0.05
3289,125.4244371938031,14,1,0,0,1.3631903691448766,0.05
3290,120.43131457089244,13,1,0,0,1.2615998029013127,0.05
3291,225.69711970800438,38,1,0,0,1.3646454319686239,0.05
3292,183.24454572397053,28,1,0,0,1.1569615665747586,0.05
3293,163.89186387649798,23,1,0,0,1.392836999862394,0.05
3294,238.445698806387,41,1,0,0,1.4137237904553797,0.05
3295,197.61486922116978,29,1,0,0,1.2325195498570412,0.05
3296,153.04336922298702,23,1,0,0,1.1329528156111366,0.05
3297,192.7739782025969,32,1,0,0,1.4124901921190913,0.05
3298,-50.0,1,0,1,0,7.888527754616861,0.05
3299,178.07755042801068,32,1,0,0,1.481801227858044,0.05
3300,132.79883460196697,14,1,0,0,1.415493070158824,0.05
3301,180.47935990667526,23,1,0,0,1.4008977344688256,0.05
3302,124.98160003976237,8,1,0,0,1.4833490286743662,0.05
3303,215.33811008268464,31,1,0,0,1.3739531426374871,0.05
3304,153.8065363282196,15,1,0,0,1.3701604286548017,0.05
3305,175.61831026029085,24,1,0,0,1.2383338572393947,0.05
3306,159.11865302585358,23,1,0,0,1.2145576907652504,0.05
3307,164.39431810011533,25,1,0,0,1.4069479263318074,0.05
3308,184.9227351995936,26,1,0,0,1.2219369079088407,0.05
3309,177.8464538509464,24,1,0,0,1.2426046367505665,0.05
3310,202.68701003242705,27,1,0,0,1.2209795960162608,0.05
3311,158.96372830733782,21,1,0,0,1.2549215377746965,0.05
3312,164.4028163288118,24,1,0,0,1.276428073666823,0.05
3313,140.74456581172592,23,1,0,0,1.2596898066463436,0.05
3314,146.85301672070912,132,1,0,0,1.479032695967275,0.05
3315,166.23410235626113,22,1,0,0,1.2279792017398417,0.05
3316,135.97148506012252,28,1,0,0,1.4996136578686088,0.05
3317,159.09024452002788,22,1,0,0,1.3900999497065756,0.05
3318,195.43823804638237,25,1,0,0,1.2741961376179132,0.05
3319,172.62373596140688,25,1,0,0,1.4017081787965422,0.05
3320,119.16598117985428,95,1,0,0,1.4273841089547556,0.05
3321,237.25522104096063,56,1,0,0,1.4648832196748762,0.05
3322,131.7677499044177,12,1,0,0,1.23688973375856,0.05
3323,180.06824800978183,26,1,0,0,1.3794973379412814,0.05
3324,57.96423563800159,200,0,0,1,1.9959583906779055,0.05
3325,149.70878339818023,26,1,0,0,1.465684522858068,0.05
3326,192.28431300274673,28,1,0,0,1.4964823381755394,0.05
3327,174.23313202188737,23,1,0,0,1.4503687908100396,0.05
3328,185.25251439980514,26,1,0,0,1.3856939236620347,0.05
3329,146.73875567301906,14,1,0,0,1.4778404662232216,0.05
3330,163.64458574401658,36,1,0,0,1.4101405544247188,0.05
3331,124.08559203249476,66,1,0,0,1.3552547188437645,0.05
3332,186.44814346500172,29,1,0,0,1.4648566536987186,0.05
3333,184.677034934789,31,1,0,0,1.1920805643010397,0.05
3334,105.05781912369383,200,0,0,1,1.8926194800019491,0.05
3335,262.8642131324817,54,1,0,0,1.4137300359179823,0.05
3336,190.17172534492965,26,1,0,0,1.282748273449026,0.05
3337,148.0101063289419,22,1,0,0,1.3531213222152734,0.05
3338,145.62558942751096,19,1,0,0,1.4633005246739974,0.05
3339,151.9175453296288,13,1,0,0,1.18568383955461,0.05
3340,153.3781088668578,19,1,0,0,1.3535162448761613,0.05
3341,176.72301999789443,23,1,0,0,1.1508738511583476,0.05
3342,180.0291087511381,28,1,0,0,1.2361817040698078,0.05
3343,161.13105526785492,27,1,0,0,1.3510098300822417,0.05
3344,170.89640969350245,20,1,0,0,1.4315513290822297,0.05
3345,169.05747082301323,18,1,0,0,1.1981382826897067,0.05
3346,-50.0,1,0,1,0,2.415727716613695,0.05
3347,154.05798854675407,17,1,0,0,1.492130501398155,0.05
3348,125.73875868514655,16,1,0,0,1.3355162860778131,0.05
3349,244.98584133415613,51,1,0,0,1.4236029083724973,0.05
3350,182.01639540543795,24,1,0,0,1.268791170203381,0.05
3351,156.23031547904617,21,1,0,0,1.2918489205267676,0.05
3352,199.51628290018724,27,1,0,0,1.2874908787380632,0.05
3353,152.26369923979092,17,1,0,0,1.3680658690453829,0.05
3354,162.35924248724402,22,1,0,0,1.3166030922851215,0.05
3355,174.44258288516556,60,1,0,0,1.338926368596132,0.05
3356,251.6257046199861,53,1,0,0,1.2781453021829987,0.05
3357,176.1996201725092,22,1,0,0,1.4899815056236336,0.05
3358,176.83527473301413,26,1,0,0,1.2089268002144533,0.05
3359,160.16180791717525,19,1,0,0,1.4230051875178638,0.05
3360,155.5340376474113,24,1,0,0,1.4594519445874323,0.05
3361,237.95654914064522,47,1,0,0,1.3323867661073039,0.05
3362,197.76337965895286,29,1,0,0,1.2980111604187414,0.05
3363,176.6420640401604,24,1,0,0,1.447799139678398,0.05
3364,135.7100114361246,17,1,0,0,1.4531210567485708,0.05
3365,220.67743804212313,84,1,0,0,1.4749707909357812,0.05
3366,168.68391276207637,22,1,0,0,1.2282988967526398,0.05
3367,163.59255138498187,32,1,0,0,1.276928768311528,0.05
3368,200.04127545356724,29,1,0,0,1.23015068793777,0.05
3369,169.02898172209893,23,1,0,0,1.1718065497246577,0.05
3370,197.89565005670897,25,1,0,0,1.3550255306669852,0.05
3371,232.32482577138111,45,1,0,0,1.4215030230790486,0.05
3372,135.65676382318145,15,1,0,0,1.114961166966273,0.05
3373,215.87474989356218,40,1,0,0,1.3473203174168806,0.05
3374,181.91025292377373,24,1,0,0,1.423018098909292,0.05
3375,141.81435515022127,25,1,0,0,1.4148926541378875,0.05
3376,120.84548561834133,7,1,0,0,1.3549402264205832,0.05
3377,193.4206017336438,28,1,0,0,1.4871721165184677,0.05
3378,145.54159790910705,16,1,0,0,1.2709040593927226,0.05
3379,167.28160142590406,26,1,0,0,1.325119619854663,0.05
3380,165.9321497158358,42,1,0,0,1.3636706841783164,0.05
3381,158.87014814128284,19,1,0,0,1.4998274410969958,0.05
3382,174.02790558456445,19,1,0,0,1.3447767471327716,0.05
3383,163.2629969674138,23,1,0,0,1.204956754628965,0.05
3384,150.27208176176143,26,1,0,0,1.2602535980124945,0.05
3385,142.71750322026838,14,1,0,0,1.4274286743522935,0.05
3386,139.21292646468297,16,1,0,0,1.46547107712764,0.05
3387,174.90006913752106,24,1,0,0,1.3519646894666386,0.05
3388,256.31023432069526,57,1,0,0,1.277371491748933,0.05
3389,137.4344267243908,32,1,0,0,1.4771763634219968,0.05
3390,178.00690205775106,30,1,0,0,1.4630766049746993,0.05
3391,177.31580769543123,33,1,0,0,1.3162533348755594,0.05
3392,211.66057614369845,33,1,0,0,1.248276986083671,0.05
3393,154.94474086779445,14,1,0,0,1.4140302379554894,0.05
3394,167.07834551435235,21,1,0,0,1.4195775632091308,0.05
3395,153.7733586698216,25,1,0,0,1.4358625471604616,0.05
3396,162.08297925361157,19,1,0,0,1.2976822992913666,0.05
3397,146.88634415595504,15,1,0,0,1.2453087162069871,0.05
3398,157.33228072081812,15,1,0,0,1.3930804882810788,0.05
3399,240.91933215899687,41,1,0,0,1.3451585581005536,0.05
3400,175.33421526421384,23,1,0,0,1.4023234779381624,0.05
3401,145.60643728033236,18,1,0,0,1.3692570637750312,0.05
3402,175.98073018045145,27,1,0,0,1.4278490511898865,0.05
3403,232.74535710500564,45,1,0,0,1.3195377723558643,0.05
3404,158.85660816245252,90,1,0,0,1.382521191085006,0.05
3405,188.43308110469553,59,1,0,0,1.4866029435209136,0.05
3406,170.83411334186394,22,1,0,0,1.3881609268746022,0.05
3407,145.97972407233704,13,1,0,0,1.1128788563794119,0.05
3408,-50.0,1,0,1,0,3.386666578850995,0.05
3409,197.77225971208446,30,1,0,0,1.3878592494644788,0.05
3410,240.97872246929006,47,1,0,0,1.3622666830970729,0.05
3411,261.41132667113004,62,1,0,0,1.4430613867398119,0.05
3412,178.9669982402341,28,1,0,0,1.3350201966529893,0.05
3413,-7.625384017884018,200,0,0,1,3.1551060936954527,0.05
3414,-50.0,1,0,1,0,2.9775079862967497,0.05
3415,175.1722793644198,30,1,0,0,1.3739564176097327,0.05
3416,174.73067077802892,28,1,0,0,1.472977434207686,0.05
3417,134.04683807684688,14,1,0,0,1.4450844777343137,0.05
3418,167.60354466963383,26,1,0,0,1.337062057771492,0.05
3419,173.2077266615529,28,1,0,0,1.487830039771937,0.05
3420,158.3075835397736,23,1,0,0,1.3639597783588087,0.05
3421,158.88083603664046,29,1,0,0,1.4927323439483626,0.05
3422,151.57443042793938,22,1,0,0,1.2945657158571195,0.05
3423,167.08134965619118,28,1,0,0,1.3974201212572601,0.05
3424,138.47039735852812,19,1,0,0,1.435163233295569,0.05
3425,154.8306468865864,30,1,0,0,1.464683877289519,0.05
3426,167.66757268304724,38,1,0,0,1.1891435133015438,0.05
3427,169.17121797806206,24,1,0,0,1.3524460573158275,0.05
3428,251.25937446101136,48,1,0,0,1.481796016199556,0.05
3429,168.76321295505014,21,1,0,0,1.444802520125415,0.05
3430,155.36214041780636,21,1,0,0,1.387907637675153,0.05
3431,174.5302172297418,24,1,0,0,1.3319298179604857,0.05
3432,230.1840539645003,44,1,0,0,1.3297448391836992,0.05
3433,157.00504154939853,21,1,0,0,1.3532830959752506,0.05
3434,192.06119906551476,27,1,0,0,1.3365815494155004,0.05
3435,153.70108761337485,20,1,0,0,1.2249380584080694,0.05
3436,29.673034321719843,200,0,0,1,1.6909013420718069,0.05
3437,154.53928401024945,25,1,0,0,1.4225191242299517,0.05
3438,155.66082676660605,29,1,0,0,1.336271134561903,0.05
3439,163.3469869119768,18,1,0,0,1.1896738089448842,0.05
3440,157.685715491805,18,1,0,0,1.4646930284386315,0.05
3441,189.6469026853819,21,1,0,0,1.4209462622697016,0.05
3442,158.07655892331672,23,1,0,0,1.3469152060286393,0.05
3443,198.15382725848616,33,1,0,0,1.4095874435304316,0.05
3444,154.65328936598138,16,1,0,0,1.4567108977929915,0.05
3445,200.72621321252456,27,1,0,0,1.49124318564653,0.05
3446,123.24598096635196,11,1,0,0,1.455968697738977,0.05
3447,177.81707321167056,22,1,0,0,1.407447633626149,0.05
3448,155.52854864440584,18,1,0,0,1.1986780071051453,0.05
3449,148.58845713195495,21,1,0,0,1.4401320237152802,0.05
3450,190.09641084172472,25,1,0,0,1.380421094951359,0.05
3451,179.5904888573622,22,1,0,0,1.1150970281570922,0.05
3452,202.38611567606273,33,1,0,0,1.3602412838697904,0.05
3453,167.37015812240014,19,1,0,0,1.4185409922626173,0.05
3454,144.01174821393434,13,1,0,0,1.4659824467188303,0.05
3455,185.38999900847506,34,1,0,0,1.2256562776947886,0.05
3456,187.93354199470727,23,1,0,0,1.4629022387419324,0.05
3457,185.71784330954492,26,1,0,0,1.3405770532173023,0.05
3458,152.90096938596872,22,1,0,0,1.2926492511569838,0.05
3459,217.62596005478485,39,1,0,0,1.4075894130490134,0.05
3460,157.43268530210526,20,1,0,0,1.3818410267705277,0.05
3461,168.5065408776923,23,1,0,0,1.4083077627023344,0.05
3462,150.048804074944,16,1,0,0,1.1639613756713914,0.05
3463,168.98046992227017,23,1,0,0,1.4101651246386444,0.05
3464,120.61423465599492,9,1,0,0,1.4309429377535525,0.05
3465,242.32825119712575,51,1,0,0,1.3385584315063097,0.05
3466,174.70078810172234,20,1,0,0,1.477823846288317,0.05
3467,147.63354237507528,18,1,0,0,1.2015420211106993,0.05
3468,174.51476951662556,21,1,0,0,1.4914985494685162,0.05
3469,116.546484440313,8,1,0,0,1.4279504207141391,0.05
3470,152.78413665555414,26,1,0,0,1.3555613010130174,0.05
3471,182.02695684041447,22,1,0,0,1.1504269372813904,0.05
3472,19.880561234579872,200,0,0,1,2.1082118371381724,0.05
3473,20.724003168437626,200,0,0,1,1.9226351013167047,0.05
3474,131.8291345960506,14,1,0,0,1.4559578948628176,0.05
3475,262.5904612845077,56,1,0,0,1.4892153784953266,0.05
3476,135.60485118171795,77,1,0,0,1.4615065032985495,0.05
3477,161.32381439852733,172,1,0,0,1.4931502150486726,0.05
3478,163.6867118935283,26,1,0,0,1.402479005441755,0.05
3479,148.1458743466415,16,1,0,0,1.1590002833936677,0.05
3480,166.22662909727654,29,1,0,0,1.402571176808927,0.05
3481,186.83691057592355,31,1,0,0,1.4424145106537656,0.05
3482,156.97389181573178,21,1,0,0,1.3556460110571416,0.05
3483,247.69170654320908,40,1,0,0,1.4920400408108538,0.05
3484,171.5360345010686,21,1,0,0,1.3083250350110183,0.05
3485,150.22423025013703,31,1,0,0,1.396085949926593,0.05
3486,214.18214027366105,35,1,0,0,1.4742841111146543,0.05
3487,152.7324869949968,17,1,0,0,1.3504303814147915,0.05
3488,148.2169460041322,49,1,0,0,1.3965164664372818,0.05
3489,142.35825275151097,11,1,0,0,1.2006007011723356,0.05
3490,184.79082652327423,23,1,0,0,1.3545328020529301,0.05
3491,155.11755826681335,20,1,0,0,1.216023846954728,0.05
3492,193.3149448744716,34,1,0,0,1.3352222510522052,0.05
3493,3.496939458765298,200,0,0,1,2.3822574534320116,0.05
3494,256.6481526106222,52,1,0,0,1.494885383510933,0.05
3495,40.4808677388779,200,0,0,1,1.5574082447523856,0.05
3496,190.4209589389581,105,1,0,0,1.46782893640867,0.05
3497,7.681255853192456,200,0,0,1,2.2423764179463923,0.05
3498,146.39020714064304,19,1,0,0,1.3005607736502471,0.05
3499,138.70214133195375,22,1,0,0,1.3494540217157178,0.05
3500,164.99020245847674,23,1,0,0,1.2516338039028079,0.05
3501,170.18119649392622,19,1,0,0,1.39516254309624,0.05
3502,192.8383260233042,33,1,0,0,1.2573869298251734,0.05
3503,179.3359224375646,25,1,0,0,1.4959558764643697,0.05
3504,155.69524905776973,17,1,0,0,1.478188564384795,0.05
3505,150.94703626144974,17,1,0,0,1.3878547563838446,0.05
3506,152.5281760740694,64,1,0,0,1.4366425917150785,0.05
3507,207.7251904946966,76,1,0,0,1.4965160652775773,0.05
3508,-50.0,1,0,1,0,3.3613647119652557,0.05
3509,195.15630274075573,37,1,0,0,1.344809781558139,0.05
3510,139.19563385176906,13,1,0,0,1.4646178137881456,0.05
3511,201.6547997372685,34,1,0,0,1.2382688383063647,0.05
3512,175.72468217940462,60,1,0,0,1.4926222020093307,0.05
3513,-50.0,1,0,1,0,1.0364675889607102,0.05
3514,168.61333796534404,23,1,0,0,1.1626564392947403,0.05
3515,166.64212407177462,22,1,0,0,1.4427465760186067,0.05
3516,177.15036746283118,26,1,0,0,1.386704031605054,0.05
3517,123.03625526960313,12,1,0,0,1.2489400399419621,0.05
3518,150.34493904923062,18,1,0,0,1.4522140236973584,0.05
3519,255.34120140682202,55,1,0,0,1.461015364112711,0.05
3520,167.38289418516564,20,1,0,0,1.4937545576595435,0.05
3521,180.01423084172825,32,1,0,0,1.2982992314081674,0.05
3522,107.04193313465156,113,1,0,0,1.4967623661557823,0.05
3523,136.01603207574718,16,1,0,0,1.3455205695540804,0.05
3524,173.57423713651815,20,1,0,0,1.2365408192890235,0.05
3525,232.8487324565056,46,1,0,0,1.4956972319263038,0.05
3526,173.5679502306462,20,1,0,0,1.4961497396202001,0.05
3527,180.10524251895043,19,1,0,0,1.477023332861582,0.05
3528,136.5508430337398,46,1,0,0,1.4061696270820567,0.05
3529,190.30832842646387,23,1,0,0,1.4868862638138194,0.05
3530,151.21950872902414,16,1,0,0,1.40157386944589,0.05
3531,187.1575096339151,24,1,0,0,1.2801646059564797,0.05
3532,176.30796149879268,21,1,0,0,1.44532131142926,0.05
3533,171.5231722865689,23,1,0,0,1.241842978449715,0.05
3534,162.412828805809,27,1,0,0,1.3455142852282624,0.05
3535,192.7628411732819,25,1,0,0,1.443379101070011,0.05
3536,166.08940267538665,20,1,0,0,1.2635049737765047,0.05
3537,191.6779459576035,28,1,0,0,1.2633732963977626,0.05
3538,186.69083084684624,25,1,0,0,1.4475846121819054,0.05
3539,170.0643826843724,27,1,0,0,1.386679280546203,0.05
3540,148.42605303585316,40,1,0,0,1.4951190367108116,0.05
3541,159.38175727468587,28,1,0,0,1.4631028310606538,0.05
3542,195.97347125146683,29,1,0,0,1.422665584249065,0.05
3543,163.32655764632682,26,1,0,0,1.3805053629392965,0.05
3544,141.26515010950249,17,1,0,0,1.3612403778316733,0.05
3545,181.66056929257982,25,1,0,0,1.4921564734240005,0.05
3546,133.9042207707217,10,1,0,0,1.1373813739104668,0.05
3547,129.04701624564902,16,1,0,0,1.437674917053896,0.05
3548,164.97701662451797,21,1,0,0,1.3741885509487175,0.05
3549,156.19941586992283,16,1,0,0,1.3997611820585345,0.05
3550,161.75274173212475,19,1,0,0,1.41884641894654,0.05
3551,181.0698976464916,27,1,0,0,1.2391244622119495,0.05
3552,178.34339655041282,22,1,0,0,1.1790214425021055,0.05
3553,196.26795470571625,28,1,0,0,1.3769237643308783,0.05
3554,149.9078915621971,17,1,0,0,1.4675686127034884,0.05
3555,101.7335270371018,4,1,0,0,1.355786881622366,0.05
3556,197.0586099442922,30,1,0,0,1.4096298445602238,0.05
3557,157.2249639105811,17,1,0,0,1.306905241106106,0.05
3558,174.18269532912478,22,1,0,0,1.2818174067305608,0.05
3559,175.19084028909427,32,1,0,0,1.3800976775736686,0.05
3560,23.891859829928173,200,0,0,1,1.926346942580371,0.05
3561,192.51218170080006,31,1,0,0,1.3831619594377553,0.05
3562,164.1495801783509,25,1,0,0,1.2333183372260517,0.05
3563,246.57650847668276,45,1,0,0,1.4353018859704114,0.05
3564,170.1095460296691,31,1,0,0,1.2329814293398136,0.05
3565,217.58428002930253,40,1,0,0,1.3534003113651671,0.05
3566,154.49759131116863,28,1,0,0,1.3461849174815808,0.05
3567,166.534482942053,17,1,0,0,1.2653059053258526,0.05
3568,158.38498043810642,19,1,0,0,1.3161697382972242,0.05
3569,200.3840038947144,50,1,0,0,1.4777408399451144,0.05
3570,149.41408259504124,16,1,0,0,1.4087921476337937,0.05
3571,178.4092509679066,26,1,0,0,1.2618864786865505,0.05
3572,163.2015356483339,28,1,0,0,1.418901958756572,0.05
3573,206.46971129802398,34,1,0,0,1.3833756789792093,0.05
3574,112.09168868291249,12,1,0,0,1.4734655518703177,0.05
3575,166.85955772351852,20,1,0,0,1.2073478693542006,0.05
3576,149.61571069545076,15,1,0,0,1.2256806444501405,0.05
3577,168.03572172462168,24,1,0,0,1.1397236974371099,0.05
3578,160.25649924536768,21,1,0,0,1.4637074850011251,0.05
3579,178.07267712691157,24,1,0,0,1.1661422893676248,0.05
3580,106.68121021210574,16,1,0,0,1.4837461984398734,0.05
3581,157.32867207643466,18,1,0,0,1.3783354497493767,0.05
3582,158.83812119436033,22,1,0,0,1.4477976495877916,0.05
3583,181.81129994416915,24,1,0,0,1.3465008997176788,0.05
3584,136.59161706218813,16,1,0,0,1.4456282300668428,0.05
3585,182.32657781048948,25,1,0,0,1.4140715082319752,0.05
3586,173.10333655760627,153,1,0,0,1.4419856436614702,0.05
3587,230.69299282783237,46,1,0,0,1.2149457118261773,0.05
3588,185.15142306499538,29,1,0,0,1.4853541599944655,0.05
3589,182.40629900124316,25,1,0,0,1.322066147795129,0.05
3590,175.89359705057103,21,1,0,0,1.4219796019217348,0.05
3591,17.89928427618989,200,0,0,1,2.737704477054786,0.05
3592,219.11635262863427,33,1,0,0,1.4469371114969276,0.05
3593,181.10958611574068,24,1,0,0,1.4661661220687536,0.05
3594,180.72108945493338,33,1,0,0,1.238299378695087,0.05
3595,134.78153432341497,102,1,0,0,1.4666348451547444,0.05
3596,153.97243957244058,16,1,0,0,1.4522401635712665,0.05
3597,175.44523063443506,21,1,0,0,1.322524493952331,0.05
3598,168.13661896367537,25,1,0,0,1.290110763126511,0.05
3599,152.84108438157344,20,1,0,0,1.3692285478074622,0.05
3600,184.11007096227013,25,1,0,0,1.3592206378973466,0.05
3601,126.64372713682809,87,1,0,0,1.4898785440034226,0.05
3602,220.65405145975967,36,1,0,0,1.3473377332985805,0.05
3603,185.8533673177705,26,1,0,0,1.4872335464895095,0.05
3604,148.14785774322849,17,1,0,0,1.4637741829585305,0.05
3605,193.57699317007857,41,1,0,0,1.4193200782352133,0.05
3606,152.35255200404245,24,1,0,0,1.4418998299403958,0.05
3607,170.9343021091852,21,1,0,0,1.2458082354139515,0.05
3608,198.24982655751052,34,1,0,0,1.497551779855984,0.05
3609,145.06381854001063,21,1,0,0,1.359680232662698,0.05
3610,137.97294463790118,19,1,0,0,1.4613541810860362,0.05
3611,-50.0,1,0,1,0,8.122635684504814,0.05
3612,173.73078310721854,28,1,0,0,1.359908064472143,0.05
3613,127.4341255048767,7,1,0,0,1.386052640076439,0.05
3614,210.79840124564583,34,1,0,0,1.2580546916071442,0.05
3615,206.61269100086946,29,1,0,0,1.4513972800619521,0.05
3616,177.554344578592,22,1,0,0,1.3507670549185244,0.05
3617,152.9420663951082,17,1,0,0,1.406643710942458,0.05
3618,173.34851750246378,19,1,0,0,1.134073941660894,0.05
3619,179.50785218398124,28,1,0,0,1.4530483022883758,0.05
3620,157.05201856233626,25,1,0,0,1.3475774791273074,0.05
3621,141.2022284506901,14,1,0,0,1.1936375990088792,0.05
3622,174.6867588777672,24,1,0,0,1.4190741074146145,0.05
3623,144.67172140059117,20,1,0,0,1.2776409323777493,0.05
3624,103.49872564530412,2,1,0,0,1.2958448945842955,0.05
3625,267.04525807962045,59,1,0,0,1.331760424165039,0.05
3626,187.35331617036516,22,1,0,0,1.3707399183833113,0.05
3627,184.89673711238896,26,1,0,0,1.3723131207554795,0.05
3628,186.26313941228926,26,1,0,0,1.2528208568848542,0.05
3629,197.90222659482436,33,1,0,0,1.3330470882925933,0.05
3630,204.8793919190667,35,1,0,0,1.3765856853253282,0.05
3631,161.48068748467657,24,1,0,0,1.336340436189677,0.05
3632,172.16295237766963,25,1,0,0,1.2864997433550194,0.05
3633,163.5803103786521,25,1,0,0,1.461793123642891,0.05
3634,163.6102397397492,17,1,0,0,1.0963426905497586,0.05
3635,163.40210306231438,24,1,0,0,1.3554465962099218,0.05
3636,198.64050181524502,26,1,0,0,1.4697542896926923,0.05
3637,151.21618476163948,14,1,0,0,1.4817221039934587,0.05
3638,201.67204657233185,32,1,0,0,1.4675336990885257,0.05
3639,198.16856476174883,26,1,0,0,1.2632572287874495,0.05
3640,242.67562389158533,50,1,0,0,1.4475487144539134,0.05
3641,175.49278127308804,20,1,0,0,1.2634813039921893,0.05
3642,161.9678489329025,17,1,0,0,1.492286437195519,0.05
3643,161.71580176413107,17,1,0,0,1.2531504462214458,0.05
3644,184.29815184680666,28,1,0,0,1.2696809007959953,0.05
3645,165.19180046495626,16,1,0,0,1.3568381362372797,0.05
3646,164.372165878244,18,1,0,0,1.4645761266237094,0.05
3647,143.0289418626602,13,1,0,0,1.3263960020766072,0.05
3648,171.60212794551708,19,1,0,0,1.284472815154269,0.05
3649,191.06454998516597,23,1,0,0,1.4932433138236156,0.05
3650,198.49283093619218,36,1,0,0,1.265920664048055,0.05
3651,166.64578440116418,24,1,0,0,1.2868559206645007,0.05
3652,181.28241987127626,22,1,0,0,1.3738856319338693,0.05
3653,119.76246577430594,17,1,0,0,1.4330889067780113,0.05
3654,184.31980911839938,27,1,0,0,1.4197815077973597,0.05
3655,151.01779922643468,26,1,0,0,1.2406206180712098,0.05
3656,168.00307437321158,20,1,0,0,1.210073738134522,0.05
3657,119.52418434399263,10,1,0,0,1.4675626649020967,0.05
3658,171.51332818290604,22,1,0,0,1.3466580439788134,0.05
3659,233.042335573604,36,1,0,0,1.2941774823203684,0.05
3660,170.66384015363684,21,1,0,0,1.4365603717008344,0.05
3661,167.19396478904673,27,1,0,0,1.2355769759521873,0.05
3662,161.2643613134654,23,1,0,0,1.270955152887566,0.05
3663,231.14041520165068,40,1,0,0,1.3835727487539973,0.05
3664,160.31750488811167,27,1,0,0,1.36989571809375,0.05
3665,168.9093588649013,24,1,0,0,1.102050061207405,0.05
3666,200.71738466258762,26,1,0,0,1.4024175398009868,0.05
3667,180.35575543960937,24,1,0,0,1.4608005674417084,0.05
3668,-50.0,1,0,1,0,5.59472440316826,0.05
3669,144.99797266545676,27,1,0,0,1.4879373220492829,0.05
3670,126.9963354111111,9,1,0,0,1.406907184145855,0.05
3671,186.89864121664937,24,1,0,0,1.422937472892975,0.05
3672,164.0703664432411,165,1,0,0,1.4955792259336829,0.05
3673,151.54284626667504,16,1,0,0,1.1667979378852702,0.05
3674,170.41437051516843,22,1,0,0,1.1338821345106174,0.05
3675,123.59629859533686,10,1,0,0,1.4983822267514402,0.05
3676,174.34464791748889,26,1,0,0,1.4192205223733272,0.05
3677,179.74812817753696,27,1,0,0,1.344838789677268,0.05
3678,208.46915278287156,39,1,0,0,1.4237570894082259,0.05
3679,140.04078723854946,17,1,0,0,1.1964245567682614,0.05
3680,187.5891188282124,25,1,0,0,1.3240978613643888,0.05
3681,189.05630912983548,33,1,0,0,1.499217059648474,0.05
3682,-50.0,1,0,1,0,11.70498108923731,0.05
3683,181.15713789780887,26,1,0,0,1.3265108467780822,0.05
3684,193.08680479842153,32,1,0,0,1.284272206897402,0.05
3685,212.41137482139672,31,1,0,0,1.216745959630761,0.05
3686,192.1186086540901,27,1,0,0,1.367857569659458,0.05
3687,143.12301801232724,16,1,0,0,1.1736153318373903,0.05
3688,137.31891692743775,22,1,0,0,1.4765216502464882,0.05
3689,189.95900031012462,53,1,0,0,1.356809955217514,0.05
3690,-50.0,1,0,1,0,5.312338180005967,0.05
3691,183.0235978875394,28,1,0,0,1.22510074978274,0.05
3692,213.87602910456354,39,1,0,0,1.306167997436842,0.05
3693,182.49052013481648,23,1,0,0,1.2903214792381301,0.05
3694,180.41614870301612,25,1,0,0,1.4620787210940556,0.05
3695,183.13632329285844,24,1,0,0,1.3692695714694432,0.05
3696,211.05929942917209,37,1,0,0,1.3309641842259619,0.05
3697,160.22292491156338,21,1,0,0,1.2340872718318736,0.05
3698,180.09705832355306,23,1,0,0,1.4771297670714112,0.05
3699,169.81274096527346,21,1,0,0,1.464238572107037,0.05
3700,146.1725121366537,18,1,0,0,1.1234863909251998,0.05
3701,112.02571168163936,30,1,0,0,1.494770254264286,0.05
3702,176.11741531676086,20,1,0,0,1.2981714533088755,0.05
3703,189.24810932813722,36,1,0,0,1.268251642819084,0.05
3704,178.65639876604405,21,1,0,0,1.410230220113682,0.05
3705,165.43412635832982,17,1,0,0,1.455961027319576,0.05
3706,157.65546554052386,18,1,0,0,1.3271461880795037,0.05
3707,147.3842970963235,21,1,0,0,1.367990408614243,0.05
3708,129.55094453069353,10,1,0,0,1.289326298054028,0.05
3709,180.6869410467512,31,1,0,0,1.3866368978732257,0.05
3710,132.0400248475456,14,1,0,0,1.249563561707687,0.05
3711,149.10457738384713,20,1,0,0,1.1340469067820278,0.05
3712,208.52907411885798,31,1,0,0,1.438496084319242,0.05
3713,129.1341298527186,13,1,0,0,1.153100550834198,0.05
3714,163.4111576718036,20,1,0,0,1.394174223903597,0.05
3715,-56.02977493877604,5,0,1,0,8.18218881972435,0.05
3716,147.72234729558747,19,1,0,0,1.4114690326932808,0.05
3717,137.90829719921766,13,1,0,0,1.4665888125699427,0.05
3718,151.5917076509109,18,1,0,0,1.3055723518556763,0.05
3719,244.6901748771718,38,1,0,0,1.3469280421043932,0.05
3720,159.94993221356674,22,1,0,0,1.3080819721790158,0.05
3721,176.37559374210775,24,1,0,0,1.1916153363602118,0.05
3722,238.51811889110155,38,1,0,0,1.3924417275096357,0.05
3723,122.30419366480945,16,1,0,0,1.4940837492388797,0.05
3724,112.47699075281157,10,1,0,0,1.3516644118967538,0.05
3725,150.1354596672109,18,1,0,0,1.4356348500608571,0.05
3726,184.06681856884882,28,1,0,0,1.451411970314515,0.05
3727,196.92901022888003,25,1,0,0,1.460116255644072,0.05
3728,167.29451147380576,22,1,0,0,1.4123963594630171,0.05
3729,188.84005141955146,24,1,0,0,1.4459163549861862,0.05
3730,168.50118640772467,25,1,0,0,1.2531501053899334,0.05
3731,158.2624878348035,22,1,0,0,1.1578498137196251,0.05
3732,172.54554156896623,37,1,0,0,1.4934419735903925,0.05
3733,105.39975544441393,3,1,0,0,1.4003222537161168,0.05
3734,169.18865903862525,24,1,0,0,1.4644982786138694,0.05
3735,187.38616120191188,26,1,0,0,1.3050182416034752,0.05
3736,194.2098982779264,33,1,0,0,1.4428588237941404,0.05
3737,23.030995521054198,200,0,0,1,2.025146057479178,0.05
3738,172.39171878775562,28,1,0,0,1.3815655518727186,0.05
3739,196.48202113152468,25,1,0,0,1.3502485444768504,0.05
3740,148.72566452049603,16,1,0,0,1.3685892690465329,0.05
3741,156.25323226445673,24,1,0,0,1.0405477741472753,0.05
3742,161.30807417542928,31,1,0,0,1.4136578975056597,0.05
3743,159.16605377736903,19,1,0,0,1.2160964415575948,0.05
3744,204.0220015710376,27,1,0,0,1.3571219365894396,0.05
3745,177.23094362009746,22,1,0,0,1.411281100044079,0.05
3746,212.12668352732493,34,1,0,0,1.4690826012511622,0.05
3747,154.55355658605657,24,1,0,0,1.3615951155580004,0.05
3748,216.89967640991398,31,1,0,0,1.475874896806099,0.05
3749,162.7357401985139,19,1,0,0,1.2788162223963202,0.05
3750,151.80253454643403,15,1,0,0,1.264142204174142,0.05
3751,187.42218976538976,29,1,0,0,1.4632794664021405,0.05
3752,16.1126208138785,200,0,0,1,2.441338160764961,0.05
3753,183.38040257747025,22,1,0,0,1.442160273205695,0.05
3754,167.48471463682512,23,1,0,0,1.3373679290187126,0.05
3755,125.50430036979769,12,1,0,0,1.4458144890544593,0.05
3756,168.03746077132334,20,1,0,0,1.2413131695672004,0.05
3757,171.97843336469185,22,1,0,0,1.3024304902275983,0.05
3758,195.6756215010631,30,1,0,0,1.433860978172971,0.05
3759,171.74348488296044,26,1,0,0,1.389316069071878,0.05
3760,-25.473756491298065,10,0,1,0,8.909132143860905,0.05
3761,230.90342624565247,43,1,0,0,1.2423899781091643,0.05
3762,166.04729733455815,23,1,0,0,1.4194169711490732,0.05
3763,195.35842896567993,29,1,0,0,1.3836814500320203,0.05
3764,123.09296502340203,12,1,0,0,1.2738964844436198,0.05
3765,17.214595262886487,200,0,0,1,2.2773994153832238,0.05
3766,159.4439930576485,20,1,0,0,1.4705767852046616,0.05
3767,153.1369529693314,15,1,0,0,1.2585853251239019,0.05
3768,169.88887568932768,21,1,0,0,1.494770083954391,0.05
3769,149.03625580692312,29,1,0,0,1.3841876589224595,0.05
3770,146.37893058326048,22,1,0,0,1.434517479011248,0.05
3771,159.02834107605526,22,1,0,0,1.2736410772847087,0.05
3772,123.20307191931724,10,1,0,0,1.390404783425275,0.05
3773,165.89078517181542,22,1,0,0,1.4325033268209357,0.05
3774,173.6545450520267,29,1,0,0,1.3392921390405252,0.05
3775,221.10967432902098,36,1,0,0,1.4412417324964548,0.05
3776,223.31991361003716,39,1,0,0,1.4028237918981359,0.05
3777,137.8475526785731,20,1,0,0,1.4713285434680332,0.05
3778,156.39091085542694,20,1,0,0,1.3229112560730052,0.05
3779,108.75843462556955,6,1,0,0,1.3070181711180677,0.05
3780,187.3522019777787,22,1,0,0,1.366577526550417,0.05
3781,193.32075293399896,35,1,0,0,1.470510963133192,0.05
3782,178.72345674639018,27,1,0,0,1.1251046433766407,0.05
3783,229.46770302465603,41,1,0,0,1.4712037818676407,0.05
3784,149.63511102172987,21,1,0,0,1.3949711812880767,0.05
3785,169.87055894134897,23,1,0,0,1.4522413820676663,0.05
3786,152.32150217141944,20,1,0,0,1.4118981854249282,0.05
3787,177.97314820280698,23,1,0,0,1.2549578969397948,0.05
3788,167.47673194241915,23,1,0,0,1.262756591347739,0.05
3789,184.89927528050703,22,1,0,0,1.3515380292825034,0.05
3790,155.60688643844574,16,1,0,0,1.1633536365533317,0.05
3791,155.47551508309726,30,1,0,0,1.3608923589167656,0.05
3792,250.3119709950572,49,1,0,0,1.362995730544003,0.05
3793,174.8384446405238,25,1,0,0,1.487892499171249,0.05
3794,184.47854435067507,44,1,0,0,1.3814094965613357,0.05
3795,175.03569392041527,25,1,0,0,1.2097047782972046,0.05
3796,201.42814375985336,29,1,0,0,1.3002536276679937,0.05
3797,152.6917022347631,33,1,0,0,1.3908194570460808,0.05
3798,190.70792495909262,34,1,0,0,1.2326002465229497,0.05
3799,112.60510985888246,6,1,0,0,1.2544304201366048,0.05
3800,219.7932383168818,34,1,0,0,1.4880651115644175,0.05
3801,182.74017653216868,66,1,0,0,1.4809924495214886,0.05
3802,188.73997409886044,24,1,0,0,1.1672957310892595,0.05
3803,185.60431821624815,26,1,0,0,1.2643708115175152,0.05
3804,153.63053358830072,22,1,0,0,1.2367276154954951,0.05
3805,157.58710827277412,21,1,0,0,1.2911772979909395,0.05
3806,162.0225018151006,19,1,0,0,1.421847354748222,0.05
3807,184.5867665753994,26,1,0,0,1.3858651188209252,0.05
3808,197.8964112160371,28,1,0,0,1.3244884930248575,0.05
3809,129.2061163555884,14,1,0,0,1.3032397151923518,0.05
3810,210.30396590606455,34,1,0,0,1.243008682222324,0.05
3811,137.1521476819838,14,1,0,0,1.321844569867952,0.05
3812,205.25202119188725,34,1,0,0,1.4725768552962175,0.05
3813,186.4918545573197,30,1,0,0,1.4593127600012292,0.05
3814,169.36633336254607,19,1,0,0,1.426524800247225,0.05
3815,134.50228576070435,20,1,0,0,1.391323190142833,0.05
3816,153.1659697921508,29,1,0,0,1.485983957100441,0.05
3817,196.2372772746489,35,1,0,0,1.1980054451231374,0.05
3818,150.28771824974257,18,1,0,0,1.3407859417410914,0.05
3819,206.9634377375182,38,1,0,0,1.212768735327314,0.05
3820,147.76379310191578,28,1,0,0,1.4494219768658336,0.05
3821,177.3384228951661,32,1,0,0,1.4358652779698398,0.05
3822,147.09791686806656,29,1,0,0,1.147711343905295,0.05
3823,162.13173289943592,44,1,0,0,1.4837152721195412,0.05
3824,132.66726257564682,20,1,0,0,1.2364056012790265,0.05
3825,160.3629635031363,19,1,0,0,1.4023054905534207,0.05
3826,155.45495667375968,17,1,0,0,1.4177270091311915,0.05
3827,165.09765929545392,25,1,0,0,1.1549103675034282,0.05
3828,166.3400355619763,23,1,0,0,1.4467963468324705,0.05
3829,169.07191544943132,31,1,0,0,1.4293715031610945,0.05
3830,187.25697570814077,24,1,0,0,1.4919177004550455,0.05
3831,162.22545987548,36,1,0,0,1.4587802330330848,0.05
3832,244.80619644619523,72,1,0,0,1.4659740848535185,0.05
3833,175.0218179020937,20,1,0,0,1.4768557766587362,0.05
3834,185.0348308028865,35,1,0,0,1.4757415739464153,0.05
3835,139.9189516906604,22,1,0,0,1.4038192226557438,0.05
3836,213.17183736168482,37,1,0,0,1.3308225192406982,0.05
3837,161.57356902414205,23,1,0,0,1.3700715379139075,0.05
3838,188.6955641647172,32,1,0,0,1.2617605776736291,0.05
3839,130.52538086738718,14,1,0,0,1.2167234515608318,0.05
3840,158.85692887975515,15,1,0,0,1.4820780604988861,0.05
3841,210.68138312297003,45,1,0,0,1.2187842307334897,0.05
3842,167.1226344247162,23,1,0,0,1.275435787864398,0.05
3843,165.7304455497644,22,1,0,0,1.3359469776395585,0.05
3844,36.32893606070791,200,0,0,1,2.414338273086057,0.05
3845,171.5283294223682,20,1,0,0,1.2703157409425851,0.05
3846,181.2509077752785,26,1,0,0,1.433236836075313,0.05
3847,67.85189193043992,200,0,0,1,1.9659275940093226,0.05
3848,-50.0,1,0,1,0,7.163879317684179,0.05
3849,241.7651110897774,45,1,0,0,1.252597744261974,0.05
3850,173.04895314591096,24,1,0,0,1.4889639436209232,0.05
3851,177.9519904139018,21,1,0,0,1.2808898794405648,0.05
3852,177.8311474657837,25,1,0,0,1.495550365998484,0.05
3853,243.0406452013314,43,1,0,0,1.3920826739890146,0.05
3854,155.55370348211665,19,1,0,0,1.4687993617133115,0.05
3855,193.36643224906857,28,1,0,0,1.1314811491223271,0.05
3856,187.05019997735616,22,1,0,0,1.3807284506700808,0.05
3857,205.54128444135773,25,1,0,0,1.2544585663357526,0.05
3858,124.5891637406185,11,1,0,0,1.3036747761595584,0.05
3859,163.23778344930383,24,1,0,0,1.4453822192462367,0.05
3860,116.82727777975543,28,1,0,0,1.4443526707154175,0.05
3861,168.82230609931634,22,1,0,0,1.3957627318367234,0.05
3862,116.21185807065908,7,1,0,0,1.3225092853745606,0.05
3863,200.49800862412576,35,1,0,0,1.2926231961029522,0.05
3864,164.6041500955982,25,1,0,0,1.340613885152986,0.05
3865,155.8404242440067,23,1,0,0,1.4562069895909753,0.05
3866,204.87659140781273,31,1,0,0,1.3765183677524906,0.05
3867,138.95538805447026,16,1,0,0,1.3092497176127191,0.05
3868,188.9252606602132,35,1,0,0,1.2976696904387675,0.05
3869,38.777684187465965,200,0,0,1,5.362522158425164,0.05
3870,219.33716871750192,38,1,0,0,1.47077848102765,0.05
3871,214.3948095620422,38,1,0,0,1.3261168974771098,0.05
3872,185.85959419711833,21,1,0,0,1.1696707841512062,0.05
3873,198.4365877631841,24,1,0,0,1.4171680754500884,0.05
3874,222.54208544112532,35,1,0,0,1.208759449285479,0.05
3875,179.33545085150263,25,1,0,0,1.247846648128223,0.05
3876,240.22072219305127,45,1,0,0,1.2273552313016658,0.05
3877,207.23024122105176,38,1,0,0,1.2532081488473956,0.05
3878,194.36813767887185,29,1,0,0,1.4321228391541008,0.05
3879,166.220987647654,22,1,0,0,1.3841812901122925,0.05
3880,194.28742336015387,31,1,0,0,1.3851429360927687,0.05
3881,156.6214259121303,17,1,0,0,1.3376565829726983,0.05
3882,155.4758079915775,25,1,0,0,1.4278651427916493,0.05
3883,-50.0,1,0,1,0,5.341567771967674,0.05
3884,249.21566750726743,50,1,0,0,1.3066451707283415,0.05
3885,220.48690777661704,35,1,0,0,1.4880162339754193,0.05
3886,174.8924559510548,28,1,0,0,1.3524319727423264,0.05
3887,172.61983615927033,36,1,0,0,1.4980267622555459,0.05
3888,179.80769382158877,24,1,0,0,1.4405030982562281,0.05
3889,188.11625009672196,34,1,0,0,1.402455293016358,0.05
3890,186.46774049410283,26,1,0,0,1.4035602411035715,0.05
3891,146.2924688743731,17,1,0,0,1.401829386516735,0.05
3892,173.83553968983915,30,1,0,0,1.4924959518598753,0.05
3893,193.30128677781838,26,1,0,0,1.4664870606903042,0.05
3894,165.63668582497212,19,1,0,0,1.3805031113732544,0.05
3895,204.17833362015955,64,1,0,0,1.483067724166981,0.05
3896,177.02658320900053,26,1,0,0,1.3951798595572185,0.05
3897,160.97841532533948,19,1,0,0,1.3811742679618924,0.05
3898,138.30919089430498,16,1,0,0,1.2588352347656409,0.05
3899,164.7771967460665,17,1,0,0,1.4993560199535971,0.05
3900,178.66217694299405,28,1,0,0,1.4281176539270595,0.05
3901,252.70388328389055,50,1,0,0,1.379430502763761,0.05
3902,175.46977518384045,31,1,0,0,1.4228934725587592,0.05
3903,205.4537589044754,32,1,0,0,1.3206872998941745,0.05
3904,264.96840278040986,54,1,0,0,1.4346049435803367,0.05
3905,157.2419527924495,16,1,0,0,1.2049473849346624,0.05
3906,176.76726219449364,57,1,0,0,1.489108518156153,0.05
3907,194.6897086696108,33,1,0,0,1.2553428563239621,0.05
3908,147.27632119767037,44,1,0,0,1.4736576375170456,0.05
3909,150.3784095396628,23,1,0,0,1.428046808498799,0.05
3910,177.39567850498017,22,1,0,0,1.4428542119238568,0.05
3911,178.17143896658382,24,1,0,0,1.2606960327534495,0.05
3912,163.55815646074615,22,1,0,0,1.374464940342265,0.05
3913,200.92010049097615,35,1,0,0,1.3135205495834341,0.05
3914,120.33048530176067,26,1,0,0,1.3460100984055068,0.05
3915,190.96043323682244,29,1,0,0,1.3592203919687404,0.05
3916,199.06194028602994,35,1,0,0,1.4632433290212483,0.05
3917,142.47773050497912,17,1,0,0,1.366997200151577,0.05
3918,187.7974299583682,24,1,0,0,1.485257070491069,0.05
3919,118.11133641229526,10,1,0,0,1.4187964449516741,0.05
3920,109.72659579587514,14,1,0,0,1.3096609608372514,0.05
3921,-50.0,1,0,1,0,2.74122057779738,0.05
3922,207.08872316610044,28,1,0,0,1.415259633158142,0.05
3923,175.14996486652706,28,1,0,0,1.2799873645415734,0.05
3924,210.56807043099766,33,1,0,0,1.4587625300542943,0.05
3925,186.2101442698107,30,1,0,0,1.2648925705505614,0.05
3926,244.36296209605433,47,1,0,0,1.3581339845600824,0.05
3927,162.80146713204923,22,1,0,0,1.2782162763830118,0.05
3928,183.72403133460415,23,1,0,0,1.2175366570070187,0.05
3929,182.1129282877308,22,1,0,0,1.327236322215212,0.05
3930,175.75537791207677,44,1,0,0,1.4866775131490866,0.05
3931,148.43075348310288,18,1,0,0,1.2888541851013544,0.05
3932,155.04650920440108,30,1,0,0,1.455348946233634,0.05
3933,171.9533579728141,52,1,0,0,1.486869758022196,0.05
3934,152.75943882886273,133,1,0,0,1.4790053382770216,0.05
3935,163.74275649074627,24,1,0,0,1.3568154032988833,0.05
3936,203.3088089373305,36,1,0,0,1.3122874054685925,0.05
3937,122.43752005223863,13,1,0,0,1.326389318233809,0.05
3938,133.13384189733313,20,1,0,0,1.4293135447560716,0.05
3939,173.34037092551083,26,1,0,0,1.439860374364976,0.05
3940,197.28439467617915,39,1,0,0,1.3774650219757838,0.05
3941,183.82196571825602,23,1,0,0,1.4820387833854283,0.05
3942,111.19154472826985,12,1,0,0,1.1416512760144566,0.05
3943,169.17437432136052,34,1,0,0,1.4031428994170467,0.05
3944,218.4280225230123,43,1,0,0,1.2662956305839312,0.05
3945,158.40029485444694,21,1,0,0,1.4615719001686363,0.05
3946,184.6468846129132,28,1,0,0,1.354307537010787,0.05
3947,190.41706494538687,27,1,0,0,1.2439757996934893,0.05
3948,199.65995370831996,28,1,0,0,1.4289571657560722,0.05
3949,193.8690473152045,29,1,0,0,1.2516416352478357,0.05
3950,177.75043664229327,18,1,0,0,1.0472888122328408,0.05
3951,166.70342886831293,20,1,0,0,1.4268579515908317,0.05
3952,144.2092932843301,19,1,0,0,1.4778000535283555,0.05
3953,168.48927928981072,30,1,0,0,1.3754839595045898,0.05
3954,211.0845017089416,28,1,0,0,1.2747836315548944,0.05
3955,133.10347317551924,13,1,0,0,1.3749610047122154,0.05
3956,149.00725446916812,14,1,0,0,1.4254953970095463,0.05
3957,153.27302564033312,20,1,0,0,1.39775237880193,0.05
3958,132.51851709658578,14,1,0,0,1.4210953845143435,0.05
3959,164.32632748051748,46,1,0,0,1.394027112126102,0.05
3960,105.47449777430518,3,1,0,0,1.241135680666738,0.05
3961,161.93500292292066,19,1,0,0,1.47757428109947,0.05
3962,153.2782327257892,17,1,0,0,1.380442151893025,0.05
3963,160.74849671682836,21,1,0,0,1.427418724048812,0.05
3964,132.51378708544212,12,1,0,0,1.4161615536451129,0.05
3965,178.30666012138295,40,1,0,0,1.4976433506245699,0.05
3966,173.24984595547892,20,1,0,0,1.4902783902021108,0.05
3967,164.4250857934844,21,1,0,0,1.3610970169218108,0.05
3968,120.42008832899404,10,1,0,0,1.422206949422763,0.05
3969,136.63644494979087,15,1,0,0,1.4155252341809978,0.05
3970,171.85655016315968,32,1,0,0,1.496793973325501,0.05
3971,139.39761057795954,20,1,0,0,1.4230839475134938,0.05
3972,238.3957355423279,43,1,0,0,1.3919837814848777,0.05
3973,130.78150567748278,20,1,0,0,1.3449584858600316,0.05
3974,-50.0,1,0,1,0,6.526998868499748,0.05
3975,196.7848369834628,31,1,0,0,1.2511465576450798,0.05
3976,173.25605721389587,24,1,0,0,1.4878457059276156,0.05
3977,140.01410261090524,10,1,0,0,1.3185899697656092,0.05
3978,205.5077148709715,33,1,0,0,1.306687130463978,0.05
3979,178.70247426627094,24,1,0,0,1.2457457621833534,0.05
3980,-50.0,1,0,1,0,5.383287158657759,0.05
3981,179.69378737106592,21,1,0,0,1.4004297685813343,0.05
3982,196.27117414306025,36,1,0,0,1.367222193305537,0.05
3983,169.205308115015,19,1,0,0,1.3242498839507193,0.05
3984,-33.08206213658997,200,0,0,1,1.7073641542054152,0.05
3985,194.67116935818058,36,1,0,0,1.3402266972461752,0.05
3986,195.5917650397293,28,1,0,0,1.2267108736864423,0.05
3987,176.59917962926713,19,1,0,0,1.4522309887674407,0.05
3988,165.8738894055686,18,1,0,0,1.3060510678528678,0.05
3989,181.33847192558403,25,1,0,0,1.3352672062780095,0.05
3990,150.94287929863714,17,1,0,0,1.3276091308180638,0.05
3991,149.958076982812,24,1,0,0,1.4973557330440324,0.05
3992,130.76075847225547,14,1,0,0,1.227085496496292,0.05
3993,157.10288952724568,21,1,0,0,1.4642914852681508,0.05
3994,160.83132070558318,24,1,0,0,1.39624786787793,0.05
3995,184.95773982334265,23,1,0,0,1.4136518063342993,0.05
3996,187.63471703216294,23,1,0,0,1.4361948916865364,0.05
3997,165.37999627338334,25,1,0,0,1.3056141673225223,0.05
3998,146.7884377509604,15,1,0,0,1.4076499729265783,0.05
3999,147.96103339516492,18,1,0,0,1.4341800937226223,0.05
4000,186.00274418429956,22,1,0,0,1.446183367555691,0.05
4001,157.654223265457,25,1,0,0,1.3816403586256685,0.05
4002,188.89547621851136,34,1,0,0,1.4248280516322032,0.05
4003,164.03537994926532,47,1,0,0,1.250209080911718,0.05
4004,143.63830298288107,17,1,0,0,1.13567327977286,0.05
4005,160.80583279731397,23,1,0,0,1.4856035694370888,0.05
4006,174.75618990608365,21,1,0,0,1.295988000984148,0.05
4007,139.52675082651658,26,1,0,0,1.3108493580825478,0.05
4008,-50.0,1,0,1,0,4.221588389064265,0.05
4009,27.477313234594813,200,0,0,1,2.1159922747340696,0.05
4010,187.96393066732463,24,1,0,0,1.3748540601379553,0.05
4011,169.553207517117,21,1,0,0,1.3683738294542533,0.05
4012,184.9339932416862,30,1,0,0,1.328100021578455,0.05
4013,144.50591870114835,23,1,0,0,1.2780729188622355,0.05
4014,197.9020019292853,38,1,0,0,1.4156943950224596,0.05
4015,197.66262613491898,34,1,0,0,1.2731007631041886,0.05
4016,124.47295587909909,52,1,0,0,1.4059331393626349,0.05
4017,193.1410831626572,31,1,0,0,1.2534897764786235,0.05
4018,198.90664264720752,30,1,0,0,1.2707758334079946,0.05
4019,125.73602626280197,9,1,0,0,1.4143647002910822,0.05
4020,142.8375427781305,19,1,0,0,1.4881526150202509,0.05
4021,169.73413151805156,24,1,0,0,1.257116585471446,0.05
4022,174.6178412019294,22,1,0,0,1.1705663955392638,0.05
4023,190.89028376027488,25,1,0,0,1.31311456345653,0.05
4024,194.3520375593455,29,1,0,0,1.4235230032597717,0.05
4025,169.8380092024858,26,1,0,0,1.3916573552929015,0.05
4026,174.07012826551411,20,1,0,0,1.1893977887257892,0.05
4027,143.76644850219407,15,1,0,0,1.2985278706302328,0.05
4028,168.97933221836692,19,1,0,0,1.4417372970972706,0.05
4029,160.47976668497788,22,1,0,0,1.3378481626928682,0.05
4030,175.87489851090135,28,1,0,0,1.3291411698333704,0.05
4031,183.55606778191867,24,1,0,0,1.2770592204858178,0.05
4032,193.71693524146303,34,1,0,0,1.4840176494800443,0.05
4033,148.2213881019577,15,1,0,0,1.440949953219274,0.05
4034,179.25921877617955,22,1,0,0,1.2796946896738097,0.05
4035,233.88065631927495,40,1,0,0,1.2535061176380464,0.05
4036,134.9145595761294,14,1,0,0,1.3760465098456218,0.05
4037,180.64930702132244,38,1,0,0,1.346080525127514,0.05
4038,197.99730587057078,30,1,0,0,1.2071726327100727,0.05
4039,198.0246735233137,27,1,0,0,1.346510494440073,0.05
4040,165.00902224879707,22,1,0,0,1.4843893500035688,0.05
4041,177.02566374020176,37,1,0,0,1.4362597919581368,0.05
4042,181.5220168357989,28,1,0,0,1.2883374101642049,0.05
4043,159.12011552875572,29,1,0,0,1.4874496138037752,0.05
4044,164.69773794251887,96,1,0,0,1.4495191895936421,0.05
4045,145.7782574865039,20,1,0,0,1.2051618185586213,0.05
4046,205.25889163497135,95,1,0,0,1.4934861425209154,0.05
4047,236.65376580178918,48,1,0,0,1.4297685882417546,0.05
4048,145.26265765111674,14,1,0,0,1.2385099378273872,0.05
4049,209.82714268417698,31,1,0,0,1.4907351374515012,0.05
4050,186.83890094017195,23,1,0,0,1.4386028464168286,0.05
4051,140.48586804903118,13,1,0,0,1.2228270529956582,0.05
4052,191.79492645998937,26,1,0,0,1.3774628620324736,0.05
4053,122.30275280663164,12,1,0,0,1.4865494125987997,0.05
4054,174.745159462611,20,1,0,0,1.4415784926995165,0.05
4055,180.89542336807938,25,1,0,0,1.422668079316193,0.05
4056,154.422072296753,23,1,0,0,1.3365850508464387,0.05
4057,124.57920632067845,9,1,0,0,1.434729835091182,0.05
4058,119.94672184360735,16,1,0,0,1.418072252020745,0.05
4059,156.46295559838052,30,1,0,0,1.0924616618851062,0.05
4060,182.50396995893044,28,1,0,0,1.3809347391150497,0.05
4061,130.2897772548277,20,1,0,0,1.4307241661079313,0.05
4062,165.04969755743284,19,1,0,0,1.229692590291015,0.05
4063,167.05469301412725,16,1,0,0,1.4305298506927913,0.05
4064,124.78363783692636,13,1,0,0,1.4746475831445127,0.05
4065,223.85106563443836,43,1,0,0,1.2711372376345185,0.05
4066,196.16790385377186,34,1,0,0,1.4225666317805299,0.05
4067,131.49378547824358,13,1,0,0,1.1286487677559491,0.05
4068,159.76074558565875,21,1,0,0,1.4300681128869117,0.05
4069,156.2927408599037,19,1,0,0,1.4802685346633493,0.05
4070,176.93034481060624,28,1,0,0,1.3889098192192504,0.05
4071,102.16585081868584,8,1,0,0,1.2489043847742316,0.05
4072,168.11026185794458,21,1,0,0,1.4068807170424884,0.05
4073,209.5560361784025,62,1,0,0,1.4667521325092414,0.05
4074,148.16206714312875,15,1,0,0,1.2190682160690918,0.05
4075,179.50281073617566,28,1,0,0,1.3143175787906187,0.05
4076,146.48363021158508,17,1,0,0,1.3300541804742576,0.05
4077,248.32244841842027,46,1,0,0,1.431954781904547,0.05
4078,151.5267093819595,21,1,0,0,1.456160343411448,0.05
4079,216.67975465431,33,1,0,0,1.406086975827442,0.05
4080,232.6642805796477,43,1,0,0,1.37687206169888,0.05
4081,121.76612191736066,11,1,0,0,1.4687859791007147,0.05
4082,239.97548559483226,49,1,0,0,1.41834996330505,0.05
4083,178.07989169337796,23,1,0,0,1.2629128317069702,0.05
4084,175.62041301817658,30,1,0,0,1.3517678469650851,0.05
4085,129.39412710755516,15,1,0,0,1.45811182391953,0.05
4086,169.2935690780068,22,1,0,0,1.4837823443652747,0.05
4087,214.0395324119953,38,1,0,0,1.4041057428341583,0.05
4088,176.57951637434212,28,1,0,0,1.2679446192188968,0.05
4089,166.0793748316972,51,1,0,0,1.4698275761114048,0.05
4090,248.5317959460271,52,1,0,0,1.3301149663902214,0.05
4091,132.2078910678165,10,1,0,0,1.387474278080363,0.05
4092,169.34607838828595,26,1,0,0,1.4908836754300965,0.05
4093,168.09391166841465,26,1,0,0,1.3712563917046783,0.05
4094,160.5421721312745,35,1,0,0,1.464437694495561,0.05
4095,186.50994764649516,33,1,0,0,1.4880548684656252,0.05
4096,153.17185871924548,33,1,0,0,1.4945113616170491,0.05
4097,134.68471073346993,13,1,0,0,1.3174711303853872,0.05
4098,131.8406799465044,25,1,0,0,1.4465524305986026,0.05
4099,112.77756001421763,17,1,0,0,1.2629032401404956,0.05
4100,176.6925777975237,20,1,0,0,1.1582378082746823,0.05
4101,101.76916850740861,10,1,0,0,1.4194895789562385,0.05
4102,162.00233116473254,24,1,0,0,1.1323514840687343,0.05
4103,158.27393240857958,16,1,0,0,1.1437567740184025,0.05
4104,158.47168286228498,22,1,0,0,1.0634935704660209,0.05
4105,215.5867104330275,29,1,0,0,1.380014976038468,0.05
4106,162.91524445798933,21,1,0,0,1.48639421729171,0.05
4107,163.4494076349708,22,1,0,0,1.4684240212881003,0.05
4108,223.39397763300673,34,1,0,0,1.4994787860336865,0.05
4109,174.61819028730199,20,1,0,0,1.2628964403433822,0.05
4110,148.00333925536745,16,1,0,0,1.4645263005739213,0.05
4111,218.3403544012447,39,1,0,0,1.2986112889674664,0.05
4112,4.839216358620363,200,0,0,1,1.8816166108840398,0.05
4113,141.65049523800158,17,1,0,0,1.3965731575319236,0.05
4114,173.89512774601585,24,1,0,0,1.3658225617895676,0.05
4115,156.35851471194684,43,1,0,0,1.4571258619107867,0.05
4116,142.6503097925141,13,1,0,0,1.2309893459629242,0.05
4117,205.98871196288505,33,1,0,0,1.3185539095325745,0.05
4118,136.93778012601047,12,1,0,0,1.278947167651262,0.05
4119,155.16129162582558,24,1,0,0,1.2049616387680693,0.05
4120,171.89987315140456,28,1,0,0,1.1810778821679435,0.05
4121,132.82116682534257,11,1,0,0,1.4963244890536975,0.05
4122,156.59577334667162,23,1,0,0,1.4212741316650692,0.05
4123,257.42547998777303,56,1,0,0,1.402308781496075,0.05
4124,141.02984477906375,11,1,0,0,1.2407002791734723,0.05
4125,157.90009052247632,28,1,0,0,1.2483761159359712,0.05
4126,220.24253258175457,42,1,0,0,1.4161121868337059,0.05
4127,199.4564273413224,25,1,0,0,1.436525254072653,0.05
4128,146.23000322928755,18,1,0,0,1.3120142895902105,0.05
4129,21.912686084084555,200,0,0,1,2.6774053374581617,0.05
4130,157.82756147484866,15,1,0,0,1.3017815501649377,0.05
4131,201.59937665925702,30,1,0,0,1.2988405487624965,0.05
4132,156.69976723916034,14,1,0,0,1.4843395976845797,0.05
4133,-50.0,1,0,1,0,3.0261295909860393,0.05
4134,236.25450107109208,39,1,0,0,1.2494998954522556,0.05
4135,166.49267375731222,22,1,0,0,1.4962364361300442,0.05
4136,111.51422435244454,4,1,0,0,1.1831316630510422,0.05
4137,147.6434920398386,18,1,0,0,1.349437396704657,0.05
4138,188.6042084505418,22,1,0,0,1.3688363411287816,0.05
4139,168.08733239150615,33,1,0,0,1.3423432598673668,0.05
4140,172.85126044521994,27,1,0,0,1.4750954617388998,0.05
4141,183.74033417342645,25,1,0,0,1.2727099814455645,0.05
4142,198.99349545210214,27,1,0,0,1.3348646040939158,0.05
4143,-50.0,1,0,1,0,6.3901113802014695,0.05
4144,178.1881289532485,21,1,0,0,1.4878996064202803,0.05
4145,178.90066700402392,23,1,0,0,1.409345036461438,0.05
4146,160.7487453909578,22,1,0,0,1.3613107583711699,0.05
4147,151.67332827965907,14,1,0,0,1.3081407742813902,0.05
4148,148.33968169936566,21,1,0,0,1.3028438457454494,0.05
4149,218.59693447948166,32,1,0,0,1.4357169891206043,0.05
4150,154.90119720431207,17,1,0,0,1.1818230961559015,0.05
4151,198.15898900265842,29,1,0,0,1.3550207473731632,0.05
4152,173.41261275858716,22,1,0,0,1.4176853303563826,0.05
4153,164.3298315726443,17,1,0,0,1.2560656170771216,0.05
4154,188.57970787596696,26,1,0,0,1.1962686811857746,0.05
4155,185.97347714286502,66,1,0,0,1.4764800707686865,0.05
4156,188.97514756459145,23,1,0,0,1.40738885220042,0.05
4157,196.95910424818584,32,1,0,0,1.2923927081186921,0.05
4158,173.50773768463426,21,1,0,0,1.254518528325669,0.05
4159,153.3390977856684,26,1,0,0,1.3118595534899589,0.05
4160,194.92812912345426,27,1,0,0,1.4970392547749276,0.05
4161,208.56105904236736,32,1,0,0,1.4993761025626307,0.05
4162,151.05373216413798,28,1,0,0,1.3581668780855198,0.05
4163,218.6165500325261,43,1,0,0,1.4905071850446179,0.05
4164,155.0300583362468,25,1,0,0,1.2972370514581966,0.05
4165,154.997448830778,22,1,0,0,1.3674991805505003,0.05
4166,183.44760343955375,27,1,0,0,1.152957838626154,0.05
4167,233.45124869745095,41,1,0,0,1.26804015275482,0.05
4168,137.1679043629673,17,1,0,0,1.3869200028950452,0.05
4169,231.72695724252688,41,1,0,0,1.4241945363702015,0.05
4170,244.98255284598423,44,1,0,0,1.4446521154540393,0.05
4171,166.59187135791723,20,1,0,0,1.4003637515969154,0.05
4172,16.06123719429421,200,0,0,1,1.819932771795133,0.05
4173,148.16506967908583,21,1,0,0,1.447167516242144,0.05
4174,194.10737032211003,26,1,0,0,1.2632314054324623,0.05
4175,197.06003597123566,30,1,0,0,1.399597529238927,0.05
4176,-7.713995654055531,200,0,0,1,1.912855516138145,0.05
4177,146.25538145774394,14,1,0,0,1.363074310060549,0.05
4178,152.47237845725604,20,1,0,0,1.2972069982794896,0.05
4179,144.9651956560116,29,1,0,0,1.4996742144241186,0.05
4180,193.89547142769118,26,1,0,0,1.4047688651847008,0.05
4181,168.54661876840902,24,1,0,0,1.319909467753689,0.05
4182,183.73636343516114,23,1,0,0,1.242451857871139,0.05
4183,256.7695812637908,54,1,0,0,1.25487753181076,0.05
4184,196.73988444233208,24,1,0,0,1.1431806233280573,0.05
4185,121.5407623323049,8,1,0,0,1.2693500960322308,0.05
4186,132.73561756725314,15,1,0,0,1.208367496616114,0.05
4187,150.21057988113762,16,1,0,0,1.4966779954410603,0.05
4188,159.39631535755956,15,1,0,0,1.1350931202416508,0.05
4189,156.9001070496323,17,1,0,0,1.2888031053928766,0.05
4190,134.19278699998614,14,1,0,0,1.4383318240177103,0.05
4191,157.2242738885233,19,1,0,0,1.4376888497139377,0.05
4192,140.19083406060332,68,1,0,0,1.3964683983541353,0.05
4193,143.8382901320008,13,1,0,0,1.3806030666513014,0.05
4194,199.49425638476788,36,1,0,0,1.328177957091128,0.05
4195,136.9456678291829,18,1,0,0,1.18186813874324,0.05
4196,126.96728822068594,11,1,0,0,1.1197794706452746,0.05
4197,189.3973552295604,23,1,0,0,1.2054133289875115,0.05
4198,211.0371934216892,31,1,0,0,1.378721859222215,0.05
4199,214.4120090546727,39,1,0,0,1.2021524254131668,0.05
4200,166.87898310364614,20,1,0,0,1.1157212245658064,0.05
4201,222.83960166113965,38,1,0,0,1.2108210906603036,0.05
4202,166.4636367902939,20,1,0,0,1.2131827232476649,0.05
4203,209.1864126515278,35,1,0,0,1.2460955988704252,0.05
4204,175.32005744327003,24,1,0,0,1.291400507166434,0.05
4205,-19.69736762312762,11,0,1,0,4.832384520541211,0.05
4206,158.02510966557378,26,1,0,0,1.439060698021542,0.05
4207,187.93076542754613,25,1,0,0,1.323952431946427,0.05
4208,198.4712205677847,30,1,0,0,1.4854884762985576,0.05
4209,132.4130184965515,11,1,0,0,1.2460321592780121,0.05
4210,167.75687424235596,22,1,0,0,1.3870497455944837,0.05
4211,167.5929504497053,16,1,0,0,1.354016670938746,0.05
4212,168.88282049754434,23,1,0,0,1.4323474766968076,0.05
4213,123.31348349271272,45,1,0,0,1.4138937252203723,0.05
4214,227.9510287634441,34,1,0,0,1.3818225779927633,0.05
4215,159.16201758675825,21,1,0,0,1.3327348649069204,0.05
4216,209.2099987326967,33,1,0,0,1.2794181311446724,0.05
4217,137.4227151188864,17,1,0,0,1.4780612483629614,0.05
4218,198.39790382420773,32,1,0,0,1.3078068815975323,0.05
4219,173.2757482620806,34,1,0,0,1.4556643652653962,0.05
4220,170.83176512562085,21,1,0,0,1.39955932728597,0.05
4221,185.67742981772494,23,1,0,0,1.2464010688947866,0.05
4222,190.6254265724766,23,1,0,0,1.2522404333083728,0.05
4223,173.43405755556734,22,1,0,0,1.2397811640237932,0.05
4224,158.35967229208296,20,1,0,0,1.4970864923350646,0.05
4225,254.94139106907684,47,1,0,0,1.42591995786211,0.05
4226,169.99486903195785,22,1,0,0,1.3160415848322513,0.05
4227,171.1047878864183,20,1,0,0,1.438815646428283,0.05
4228,169.71592403115176,24,1,0,0,1.4823072206822137,0.05
4229,169.7538097613908,21,1,0,0,1.1362081941681879,0.05
4230,-50.0,1,0,1,0,3.327639274482267,0.05
4231,159.5844832516442,21,1,0,0,1.116862512085671,0.05
4232,149.85318727303212,17,1,0,0,1.2495945817635707,0.05
4233,150.44056729621457,23,1,0,0,1.3443071066248666,0.05
4234,168.87247943913349,19,1,0,0,1.3001982171756266,0.05
4235,153.0656058996953,22,1,0,0,1.344223909916753,0.05
4236,177.03028035366845,25,1,0,0,1.3977126340103765,0.05
4237,115.28663636523909,13,1,0,0,1.3840740767777278,0.05
4238,146.9432539187336,72,1,0,0,1.2350908765277409,0.05
4239,153.99771583181715,17,1,0,0,1.3878895168777536,0.05
4240,131.41556984710522,12,1,0,0,1.4824336139930416,0.05
4241,159.39554121529596,24,1,0,0,1.311121415352755,0.05
4242,171.9338230711536,26,1,0,0,1.215577153105485,0.05
4243,153.36986741625304,20,1,0,0,1.4599988735883316,0.05
4244,191.33404566616377,24,1,0,0,1.221953419552814,0.05
4245,183.35712164454475,27,1,0,0,1.4611672958712372,0.05
4246,133.2248012252495,15,1,0,0,1.0352180220257632,0.05
4247,134.13427237367063,11,1,0,0,1.2904755801434302,0.05
4248,266.11324046659837,50,1,0,0,1.3414886869199691,0.05
4249,146.0678034863305,22,1,0,0,1.347195512716956,0.05
4250,-44.39649435766738,200,0,0,1,2.202862990525145,0.05
4251,161.67869725307526,26,1,0,0,1.4113950341424966,0.05
4252,190.3668323450449,27,1,0,0,1.459764263737469,0.05
4253,178.12581891042828,17,1,0,0,1.2123031574691667,0.05
4254,134.82779801691237,12,1,0,0,1.4075313450376115,0.05
4255,165.09482025984056,21,1,0,0,1.496947627687387,0.05
4256,170.92116729270384,23,1,0,0,1.4960026603182395,0.05
4257,188.64844747085436,33,1,0,0,1.4857679117154603,0.05
4258,169.23990307952386,28,1,0,0,1.2099394971389992,0.05
4259,132.11511951509453,15,1,0,0,1.372887531410257,0.05
4260,164.9667045936298,20,1,0,0,1.416621424437443,0.05
4261,181.7849712301396,32,1,0,0,1.3132070131836961,0.05
4262,150.44350236863596,17,1,0,0,1.4896787186985803,0.05
4263,154.82535885408024,18,1,0,0,1.4404673017623504,0.05
4264,174.73325439475093,19,1,0,0,1.2052345652211218,0.05
4265,195.09048203972952,23,1,0,0,1.435426845752391,0.05
4266,203.08015660147043,23,1,0,0,1.444908698577851,0.05
4267,-50.0,1,0,1,0,1.5726254337405825,0.05
4268,175.76769013733804,21,1,0,0,1.4438811148629267,0.05
4269,197.5747486195399,24,1,0,0,1.4096889596471007,0.05
4270,191.1495186687263,32,1,0,0,1.282443829037733,0.05
4271,129.83059877706188,19,1,0,0,1.485473045747549,0.05
4272,142.69451414810203,16,1,0,0,1.2805078320212588,0.05
4273,206.1011856759705,35,1,0,0,1.4399052851478265,0.05
4274,225.95904996488358,35,1,0,0,1.4695326391958614,0.05
4275,185.90145968440504,22,1,0,0,1.4763718936668688,0.05
4276,175.5631140925763,27,1,0,0,1.374625048587462,0.05
4277,219.93543921363488,42,1,0,0,1.4813392430711136,0.05
4278,179.7429657903848,28,1,0,0,1.3408675267283063,0.05
4279,145.39533208321154,11,1,0,0,1.3202154468794767,0.05
4280,174.01774991555453,26,1,0,0,1.2426298178262793,0.05
4281,178.20398049827432,30,1,0,0,1.4675163946316065,0.05
4282,209.9400455747961,112,1,0,0,1.425691012067585,0.05
4283,146.75744142302426,18,1,0,0,1.2921774854942585,0.05
4284,253.7552084125367,54,1,0,0,1.2783893721596622,0.05
4285,152.2258306897097,21,1,0,0,1.3900087681955398,0.05
4286,205.57498092656738,36,1,0,0,1.3434250772970688,0.05
4287,263.4881037173886,51,1,0,0,1.266809831182253,0.05
4288,169.09444447862643,24,1,0,0,1.4518664255549056,0.05
4289,-50.0,1,0,1,0,2.527517513070267,0.05
4290,128.9367415424862,12,1,0,0,1.2043832034571569,0.05
4291,184.4355226269794,26,1,0,0,1.1580824448154965,0.05
4292,143.8012687268689,17,1,0,0,1.4385210570197307,0.05
4293,197.97520202334638,31,1,0,0,1.243933222041627,0.05
4294,184.72441623086212,24,1,0,0,1.4143284316795475,0.05
4295,173.78764929230977,23,1,0,0,1.4392627107476177,0.05
4296,233.2782191678788,44,1,0,0,1.4894323260714084,0.05
4297,195.062568441101,25,1,0,0,1.1267019252953632,0.05
4298,206.32573577345616,39,1,0,0,1.2654043682827822,0.05
4299,148.6620656668788,15,1,0,0,1.2372283933355768,0.05
4300,187.54528721539944,21,1,0,0,1.4122918718953001,0.05
4301,233.9420563169699,42,1,0,0,1.2659367978187115,0.05
4302,168.28917339259905,24,1,0,0,1.2492471376936634,0.05
4303,220.24654271585294,35,1,0,0,1.4999274534394562,0.05
4304,-8.41253054238656,200,0,0,1,1.8483074846668182,0.05
4305,177.56507771181174,24,1,0,0,1.396035679641921,0.05
4306,140.46280177080598,12,1,0,0,1.2368060912967997,0.05
4307,39.22277907156549,200,0,0,1,1.6231185701613187,0.05
4308,161.06942179335186,20,1,0,0,1.3830136047129973,0.05
4309,198.30607220985456,31,1,0,0,1.4028936005125268,0.05
4310,224.60627835607295,36,1,0,0,1.4311932364810245,0.05
4311,9.45289396869737,200,0,0,1,2.420109039186324,0.05
4312,176.79273812617865,21,1,0,0,1.2726090325825214,0.05
4313,180.41003482548703,22,1,0,0,1.2143993668596602,0.05
4314,141.52340673989383,26,1,0,0,1.3384273724325018,0.05
4315,152.24953681367458,16,1,0,0,1.1356281699019184,0.05
4316,136.1731397285914,31,1,0,0,1.463942538900585,0.05
4317,178.85872687553177,22,1,0,0,1.4351346375508085,0.05
4318,170.53904824166807,19,1,0,0,1.3997283963296123,0.05
4319,169.8212716071414,27,1,0,0,1.3953031422768118,0.05
4320,190.8697185316222,22,1,0,0,1.4199552421334678,0.05
4321,165.90507283077554,20,1,0,0,1.24318058934322,0.05
4322,199.90214755472695,36,1,0,0,1.4807191165303761,0.05
4323,153.38771310679857,146,1,0,0,1.1811525672928105,0.05
4324,148.94193487851774,17,1,0,0,1.2442628872939718,0.05
4325,202.90781173404503,24,1,0,0,1.132304968347718,0.05
4326,167.54098249212655,24,1,0,0,1.4732772590380683,0.05
4327,197.48729928604536,31,1,0,0,1.342975640723387,0.05
4328,194.46202127158418,25,1,0,0,1.2413055485912743,0.05
4329,134.7049499026853,13,1,0,0,1.1980625445444097,0.05
4330,160.02283346468536,22,1,0,0,1.3828628291173348,0.05
4331,150.2633932649108,17,1,0,0,1.2718607943281963,0.05
4332,185.00838789256886,21,1,0,0,1.4117550433244739,0.05
4333,166.46198963085558,21,1,0,0,1.2436058070698115,0.05
4334,188.5197435440283,27,1,0,0,1.4805809243330614,0.05
4335,177.2791180614409,37,1,0,0,1.4664128094688849,0.05
4336,136.05984975059002,10,1,0,0,1.3321597628899398,0.05
4337,153.41841614309564,16,1,0,0,1.3050998089726995,0.05
4338,191.37745776273925,25,1,0,0,1.4091956158025423,0.05
4339,169.08956699557373,33,1,0,0,1.3338878746919096,0.05
4340,131.19032180668034,18,1,0,0,1.4518560916741716,0.05
4341,164.40714350452384,35,1,0,0,1.4363688270379655,0.05
4342,210.79313170747002,33,1,0,0,1.4663563947488063,0.05
4343,164.4054209256491,22,1,0,0,1.4177842895694712,0.05
4344,165.90441752975255,23,1,0,0,1.4382940003880376,0.05
4345,-50.0,1,0,1,0,7.184784609949969,0.05
4346,173.38996910173893,23,1,0,0,1.2524174015965641,0.05
4347,157.85716562785777,17,1,0,0,1.3956968006372799,0.05
4348,165.79160116904902,17,1,0,0,1.4394858265609038,0.05
4349,160.66583644781633,18,1,0,0,1.4652532358916814,0.05
4350,147.92994532469172,17,1,0,0,1.3687712050298741,0.05
4351,212.81939798513957,40,1,0,0,1.3830479692655204,0.05
4352,169.64184013454337,30,1,0,0,1.241476000648863,0.05
4353,210.02836786068397,26,1,0,0,1.2884850201665459,0.05
4354,169.72924377319913,25,1,0,0,1.3281773007663102,0.05
4355,115.3854059219222,7,1,0,0,1.3546012993536662,0.05
4356,163.31771870790823,18,1,0,0,1.226889145506235,0.05
4357,195.06742313375165,36,1,0,0,1.1807291253020427,0.05
4358,208.14941451579932,33,1,0,0,1.4873715517853197,0.05
4359,181.43966957024594,24,1,0,0,1.425476399686452,0.05
4360,207.83584730907012,36,1,0,0,1.3750451337350549,0.05
4361,177.2115082330953,29,1,0,0,1.4124880578200205,0.05
4362,182.6848028208401,22,1,0,0,1.1582962977052527,0.05
4363,198.49008547445908,30,1,0,0,1.2748303473955254,0.05
4364,138.93523666848512,16,1,0,0,1.3663179735252382,0.05
4365,161.83134822562744,15,1,0,0,1.3882478452176399,0.05
4366,251.15581409631508,51,1,0,0,1.29939870562287,0.05
4367,224.23897272693551,42,1,0,0,1.3896820503032692,0.05
4368,190.08461404905006,25,1,0,0,1.2835419651936715,0.05
4369,70.47059112165893,200,0,0,1,2.0290439266197082,0.05
4370,143.88864334557252,16,1,0,0,1.4339394694884549,0.05
4371,124.96714006782156,11,1,0,0,1.4909027446968652,0.05
4372,143.09528236404603,16,1,0,0,1.2491170258228024,0.05
4373,169.3900853888813,22,1,0,0,1.3643350184777416,0.05
4374,168.14157255657773,18,1,0,0,1.469085883039292,0.05
4375,152.277186137755,16,1,0,0,1.4076564471541277,0.05
4376,169.8405034049586,30,1,0,0,1.2988756643935646,0.05
4377,176.96601536423742,23,1,0,0,1.3089991686304308,0.05
4378,152.36322105543144,16,1,0,0,1.3098280233827198,0.05
4379,204.94944070258884,31,1,0,0,1.1924958601689313,0.05
4380,110.82949108319441,27,1,0,0,1.1102384782800547,0.05
4381,147.32484310591983,15,1,0,0,1.3675519294369658,0.05
4382,132.88449131549388,14,1,0,0,1.0526792405640166,0.05
4383,156.51132863766622,13,1,0,0,1.4086708578141336,0.05
4384,173.97901128443328,31,1,0,0,1.4940072260101778,0.05
4385,126.70069043686311,10,1,0,0,1.318866848467564,0.05
4386,232.98311762193538,51,1,0,0,1.4573686829766919,0.05
4387,118.44340272285005,9,1,0,0,1.2657670531367737,0.05
4388,202.31833258453298,24,1,0,0,1.3240262624506467,0.05
4389,157.47870998145663,30,1,0,0,1.4629272555339106,0.05
4390,209.73837341038094,37,1,0,0,1.3691494162730808,0.05
4391,-9.708509588673188,12,0,1,0,5.335065277107038,0.05
4392,177.90116106300093,24,1,0,0,1.1541226577387729,0.05
4393,181.12189509297826,24,1,0,0,1.45423530860523,0.05
4394,131.1972704619149,90,1,0,0,1.474544537943198,0.05
4395,157.53955625828058,21,1,0,0,1.3544535097387618,0.05
4396,191.15912430124,22,1,0,0,1.4207746514219979,0.05
4397,106.66253461722454,5,1,0,0,1.450968597243008,0.05
4398,176.7041486057406,24,1,0,0,1.2639806554401403,0.05
4399,151.58202274046778,22,1,0,0,1.124746954579584,0.05
4400,137.8395188972085,10,1,0,0,1.2802248813058732,0.05
4401,237.2868671151593,49,1,0,0,1.3439354568086022,0.05
4402,159.1091789303314,27,1,0,0,1.256248220726134,0.05
4403,154.65669841527594,27,1,0,0,1.3527735655311834,0.05
4404,173.81643357000453,23,1,0,0,1.4002705683888894,0.05
4405,175.02705845774878,21,1,0,0,1.167003648801909,0.05
4406,176.59484783298095,30,1,0,0,1.3169002488877968,0.05
4407,214.61031710012378,37,1,0,0,1.3396632721472987,0.05
4408,130.59117248968437,9,1,0,0,1.2277064091368892,0.05
4409,162.75086814586825,19,1,0,0,1.3367792947891186,0.05
4410,172.34148736689167,20,1,0,0,1.2091638491179932,0.05
4411,193.35158500787662,25,1,0,0,1.4135766100077167,0.05
4412,179.26915546584743,24,1,0,0,1.364429256814139,0.05
4413,-50.0,1,0,1,0,3.4366286056821065,0.05
4414,212.46690407466983,25,1,0,0,1.4767629814281837,0.05
4415,147.73526457988874,13,1,0,0,1.1511968368569634,0.05
4416,119.90867645160013,8,1,0,0,1.3095062564629691,0.05
4417,157.52189455454283,16,1,0,0,1.4066749542986716,0.05
4418,183.77682988369276,22,1,0,0,1.4359519553779827,0.05
4419,130.71366444899627,73,1,0,0,1.4503045732236945,0.05
4420,179.29499252719228,21,1,0,0,1.3330989678902527,0.05
4421,170.18401180882785,25,1,0,0,1.4201913755017566,0.05
4422,165.44135656805116,21,1,0,0,1.3075086919829007,0.05
4423,161.5949488194681,24,1,0,0,1.2364278040692833,0.05
4424,172.91326150006077,20,1,0,0,1.3661435278194847,0.05
4425,161.69425437113097,23,1,0,0,1.4449163702756023,0.05
4426,176.75936874101532,25,1,0,0,1.2400255412730967,0.05
4427,219.5024324200255,35,1,0,0,1.3891385286665723,0.05
4428,145.976646261217,18,1,0,0,1.246274702048702,0.05
4429,202.91134645283128,34,1,0,0,1.246391672205369,0.05
4430,148.92462497297402,18,1,0,0,1.2389563799685406,0.05
4431,215.59698034042168,29,1,0,0,1.3360359646458473,0.05
4432,134.17749760275046,13,1,0,0,1.4683351888265466,0.05
4433,197.24197367532423,32,1,0,0,1.3652083006830242,0.05
4434,133.10196695790984,15,1,0,0,1.2310054346044093,0.05
4435,163.14154109425573,21,1,0,0,1.4090958031530982,0.05
4436,158.21150984136415,22,1,0,0,1.1795714457821291,0.05
4437,265.7243859327168,59,1,0,0,1.2248339141834803,0.05
4438,97.08372193860323,85,1,0,0,1.4830335011030864,0.05
4439,159.44924992288972,19,1,0,0,1.4746126038441616,0.05
4440,172.76149629177257,25,1,0,0,1.365274531050357,0.05
4441,169.9669739050292,26,1,0,0,1.4257503484993308,0.05
4442,171.91919983160122,19,1,0,0,1.1255946783036355,0.05
4443,182.34774973980274,34,1,0,0,1.2513235026125133,0.05
4444,139.0356592928582,16,1,0,0,1.224142745784472,0.05
4445,159.71082315901955,20,1,0,0,1.430304317822992,0.05
4446,184.83569509857844,27,1,0,0,1.4788052752987881,0.05
4447,229.95337122912457,39,1,0,0,1.3176540296177164,0.05
4448,170.16418723385726,19,1,0,0,1.4908895867956695,0.05
4449,155.1188798325031,26,1,0,0,1.4574783024256615,0.05
4450,111.52958885137694,5,1,0,0,1.297777017171565,0.05
4451,156.8668239441843,19,1,0,0,1.3840274277334323,0.05
4452,196.3539033833228,29,1,0,0,1.2227511416539119,0.05
4453,215.69217923020335,39,1,0,0,1.4402877180588871,0.05
4454,169.56410031009966,22,1,0,0,1.3534842642974259,0.05
4455,172.43305498248574,23,1,0,0,1.2271234895781158,0.05
4456,165.40935059996764,23,1,0,0,1.4150284496052241,0.05
4457,174.21662298582018,24,1,0,0,1.2738268399761716,0.05
4458,183.7648013668968,27,1,0,0,1.4846335804152997,0.05
4459,221.6531159552746,42,1,0,0,1.2967070998971733,0.05
4460,196.4072515476578,26,1,0,0,1.4910182889321566,0.05
4461,189.9358752693671,26,1,0,0,1.4772142988586032,0.05
4462,129.2000455693281,108,1,0,0,1.36124436490128,0.05
4463,152.50696493762945,21,1,0,0,1.464721570173236,0.05
4464,158.62062066387864,18,1,0,0,1.336489600304886,0.05
4465,162.97074037307868,23,1,0,0,1.3824483744642857,0.05
4466,169.14511067311574,21,1,0,0,1.3122795685159807,0.05
4467,167.87066979134727,24,1,0,0,1.3988976661147836,0.05
4468,202.92832915381715,36,1,0,0,1.2156943088043792,0.05
4469,210.57521127110482,40,1,0,0,1.249237998744554,0.05
4470,175.39024221522988,24,1,0,0,1.4829168962925978,0.05
4471,227.55482833654636,43,1,0,0,1.4122717608430604,0.05
4472,173.4806743181125,20,1,0,0,1.407777132245618,0.05
4473,167.4998899990531,22,1,0,0,1.3898776502020533,0.05
4474,200.82333432191703,29,1,0,0,1.1330784032504293,0.05
4475,174.79313522565116,21,1,0,0,1.4347076210434713,0.05
4476,208.68396359560688,30,1,0,0,1.2914739740443217,0.05
4477,173.90670021518144,20,1,0,0,1.4075160818729315,0.05
4478,193.13144352853345,28,1,0,0,1.366197753197951,0.05
4479,179.87313670271368,22,1,0,0,1.122711157648937,0.05
4480,203.12123209178583,33,1,0,0,1.4803440882305967,0.05
4481,192.80301878081218,27,1,0,0,1.4324179784736941,0.05
4482,188.06080520418251,26,1,0,0,1.3610679564496713,0.05
4483,174.21113166481183,24,1,0,0,1.46504702881044,0.05
4484,153.8206553077756,16,1,0,0,1.1306759323220097,0.05
4485,194.23421581784595,28,1,0,0,1.441478258766329,0.05
4486,154.7348584328099,17,1,0,0,1.1088783714364228,0.05
4487,165.68408378721614,18,1,0,0,1.472378477533672,0.05
4488,181.08242362039144,22,1,0,0,1.3231812507572263,0.05
4489,166.23854727716392,20,1,0,0,1.4763189668168544,0.05
4490,159.84973147922443,34,1,0,0,1.4632719424839722,0.05
4491,161.2790895542344,92,1,0,0,1.487092878633413,0.05
4492,171.6126103969806,24,1,0,0,1.4601620529995347,0.05
4493,175.6397306212981,28,1,0,0,1.4736542888312023,0.05
4494,-50.0,1,0,1,0,4.687664465169881,0.05
4495,222.46061232349274,44,1,0,0,1.3180904257010915,0.05
4496,157.46020497933085,21,1,0,0,1.1819650813298788,0.05
4497,167.39173282943904,19,1,0,0,1.2335745206753757,0.05
4498,121.7900210458707,12,1,0,0,1.3396512885532192,0.05
4499,156.1255643776932,25,1,0,0,1.3453466608387887,0.05
4500,262.44330117725735,53,1,0,0,1.4769951915932893,0.05
4501,139.2158178180561,13,1,0,0,1.1443901282758595,0.05
4502,174.23317353835202,25,1,0,0,1.4477288317587453,0.05
4503,177.14959007505564,26,1,0,0,1.300461347962607,0.05
4504,222.30975567754663,41,1,0,0,1.4750387046751867,0.05
4505,172.43080479625235,21,1,0,0,1.34042608628698,0.05
4506,150.28296684698884,14,1,0,0,1.4042483040690763,0.05
4507,181.40515873481615,23,1,0,0,1.4465911580122568,0.05
4508,161.8762922383583,20,1,0,0,1.2026043414951977,0.05
4509,174.22953348856862,23,1,0,0,1.3867265154175743,0.05
4510,175.0312869140116,25,1,0,0,1.3278980940113403,0.05
4511,177.3866245322523,23,1,0,0,1.333486193381746,0.05
4512,166.84336894473194,25,1,0,0,1.2292976848036492,0.05
4513,121.17018644800135,11,1,0,0,1.3197612962619383,0.05
4514,180.33139869274646,23,1,0,0,1.4302559808729867,0.05
4515,220.68157479081978,44,1,0,0,1.2358086008048212,0.05
4516,143.0069552011762,18,1,0,0,1.4525486804579029,0.05
4517,-50.0,1,0,1,0,2.856090968260372,0.05
4518,158.72626531073206,23,1,0,0,1.3794846273755745,0.05
4519,184.17388432590602,24,1,0,0,1.4527198615271715,0.05
4520,201.22418124212714,23,1,0,0,1.3470274811245855,0.05
4521,163.58658509248053,18,1,0,0,1.217634935081656,0.05
4522,199.90456779445256,33,1,0,0,1.4312837990076104,0.05
4523,177.40192125338882,27,1,0,0,1.44538820883579,0.05
4524,157.1336317407622,30,1,0,0,1.0838457795668726,0.05
4525,153.39824411929166,22,1,0,0,1.3810224844596193,0.05
4526,192.29966335086516,25,1,0,0,1.1228893661136656,0.05
4527,198.4698301840446,29,1,0,0,1.294609635786969,0.05
4528,128.59797529140053,16,1,0,0,1.2230208728361476,0.05
4529,183.1169541443536,26,1,0,0,1.2823763286334793,0.05
4530,173.02639506520546,29,1,0,0,1.2750765937774466,0.05
4531,128.36635786674046,8,1,0,0,1.495403941721382,0.05
4532,150.6834630629159,19,1,0,0,1.3170845673001508,0.05
4533,170.26329437954848,23,1,0,0,1.195726744294057,0.05
4534,52.9868608600575,200,0,0,1,2.2313059468732632,0.05
4535,177.8677976142318,23,1,0,0,1.1888408738774072,0.05
4536,229.0572480464628,45,1,0,0,1.2495903823867631,0.05
4537,202.23690460911513,34,1,0,0,1.3774210834647498,0.05
4538,137.5696131332758,18,1,0,0,1.4844495932050723,0.05
4539,151.8299568666625,15,1,0,0,1.3111818754994349,0.05
4540,155.02974503158987,23,1,0,0,1.4858400974575354,0.05
4541,203.68763107871533,31,1,0,0,1.4460910036210446,0.05
4542,174.32845280092675,23,1,0,0,1.4798281027515003,0.05
4543,183.51738512214212,32,1,0,0,1.2521489129687708,0.05
4544,268.4821030899524,54,1,0,0,1.3832304395653838,0.05
4545,177.01184940175227,22,1,0,0,1.2630210872423655,0.05
4546,169.76718022400865,22,1,0,0,1.2867546160486483,0.05
4547,168.2303931263196,19,1,0,0,1.4406363388697134,0.05
4548,141.75387697649649,12,1,0,0,1.4671271721019772,0.05
4549,177.74378336906352,28,1,0,0,1.3963283424714137,0.05
4550,156.42157738742338,20,1,0,0,1.4788451823430928,0.05
4551,-50.0,1,0,1,0,5.666519425287843,0.05
4552,151.20426834998088,15,1,0,0,1.4353826264183085,0.05
4553,183.33632605671067,29,1,0,0,1.264090278577653,0.05
4554,196.5422579970596,26,1,0,0,1.3654028030112655,0.05
4555,157.4459726909085,17,1,0,0,1.319686352765332,0.05
4556,137.31160425575422,16,1,0,0,1.3446180463647477,0.05
4557,264.5312708122815,50,1,0,0,1.390778443081958,0.05
4558,181.84567052099544,22,1,0,0,1.4993121466189987,0.05
4559,170.393122281611,28,1,0,0,1.311194081521628,0.05
4560,179.235693242719,23,1,0,0,1.3725234313358947,0.05
4561,142.53035192005825,14,1,0,0,1.1511969841762533,0.05
4562,193.17727102946975,28,1,0,0,1.2155508928634093,0.05
4563,160.5633044279932,22,1,0,0,1.2607840397546466,0.05
4564,147.07526902548528,19,1,0,0,1.4443992176952112,0.05
4565,152.74236974687005,19,1,0,0,1.4410667958208836,0.05
4566,224.34767709143063,35,1,0,0,1.4056479592301157,0.05
4567,187.81870237104005,23,1,0,0,1.2144042814317524,0.05
4568,164.69114590068708,21,1,0,0,1.174571409578893,0.05
4569,174.0414118995314,19,1,0,0,1.1682119899405636,0.05
4570,182.09843732035193,29,1,0,0,1.3760585602367308,0.05
4571,181.55172508896686,22,1,0,0,1.266516719297694,0.05
4572,125.64660818232842,20,1,0,0,1.4494074508339185,0.05
4573,200.81521870796183,33,1,0,0,1.4626638585516503,0.05
4574,161.52731205154785,23,1,0,0,1.4934780522665252,0.05
4575,170.99305913700508,25,1,0,0,1.3788806029225023,0.05
4576,243.28627833104306,37,1,0,0,1.3595716547787546,0.05
4577,158.12002039286216,16,1,0,0,1.1542689110233726,0.05
4578,166.52136858619002,18,1,0,0,1.3262372466739991,0.05
4579,192.32918667474087,26,1,0,0,1.2576634931251867,0.05
4580,49.35885248673287,200,0,0,1,2.7595566551266018,0.05
4581,151.83556067929095,20,1,0,0,1.2253881919794072,0.05
4582,172.09363708362977,22,1,0,0,1.4189671429058341,0.05
4583,174.9455354176275,23,1,0,0,1.2960634218032467,0.05
4584,140.78473826504515,14,1,0,0,1.2825368967970832,0.05
4585,113.70175395156132,6,1,0,0,1.4544963302304161,0.05
4586,220.46378892933075,42,1,0,0,1.4092828226670095,0.05
4587,206.19121397518873,29,1,0,0,1.4001082129141298,0.05
4588,110.84263872265583,7,1,0,0,1.3811272891145134,0.05
4589,216.5387274170044,35,1,0,0,1.2399821875329238,0.05
4590,200.77489068515558,25,1,0,0,1.4182167856584127,0.05
4591,176.52335321562157,25,1,0,0,1.3432810594378521,0.05
4592,121.72338975065318,8,1,0,0,1.401162727094641,0.05
4593,147.32865947077727,19,1,0,0,1.2706419369272965,0.05
4594,117.48574265468397,6,1,0,0,1.464330056121054,0.05
4595,230.27571250826162,40,1,0,0,1.3183942921828093,0.05
4596,205.23453596720873,27,1,0,0,1.2473056060139973,0.05
4597,176.85508362463466,32,1,0,0,1.4275112046316207,0.05
4598,156.18810173936984,20,1,0,0,1.2711305563284696,0.05
4599,163.6409374698793,85,1,0,0,1.445418520998086,0.05
4600,172.71644790939536,21,1,0,0,1.2795354121462665,0.05
4601,180.97162237694596,55,1,0,0,1.267930434538951,0.05
4602,176.34463970737244,35,1,0,0,1.283991766665926,0.05
4603,164.90042697041054,18,1,0,0,1.3479879505245735,0.05
4604,217.16636510594304,33,1,0,0,1.459310874184512,0.05
4605,24.620196915485568,200,0,0,1,1.7913474515339056,0.05
4606,177.43633500777827,20,1,0,0,1.3598432817109463,0.05
4607,178.18887272157576,19,1,0,0,1.4113669766046009,0.05
4608,178.48716065097602,26,1,0,0,1.366979946139274,0.05
4609,133.1311676164231,11,1,0,0,1.2540655926732416,0.05
4610,131.40589830577244,14,1,0,0,1.3695895902854793,0.05
4611,173.85058306868785,26,1,0,0,1.472965466979559,0.05
4612,218.24603513024948,39,1,0,0,1.2164653718199465,0.05
4613,177.99913988427824,37,1,0,0,1.4878953729258304,0.05
4614,263.97336513593064,57,1,0,0,1.2482132161131594,0.05
4615,152.62471919358563,91,1,0,0,1.4984968189546215,0.05
4616,179.46209849087865,20,1,0,0,1.3698947383377633,0.05
4617,141.6452898774831,16,1,0,0,1.3995005068545674,0.05
4618,160.07738433058086,17,1,0,0,1.383389277078952,0.05
4619,163.05981983420781,18,1,0,0,1.291942644892742,0.05
4620,178.29860203377876,44,1,0,0,1.4945958541537376,0.05
4621,159.05232014210492,20,1,0,0,1.2740134120072897,0.05
4622,192.98643321518603,23,1,0,0,1.2570012761612028,0.05
4623,158.9479185857519,23,1,0,0,1.4976217693088882,0.05
4624,137.34385014812023,17,1,0,0,1.2369680531207277,0.05
4625,182.70431876476596,24,1,0,0,1.1409219599034393,0.05
4626,154.66225957899746,21,1,0,0,1.2813945396939168,0.05
4627,157.71858941188145,22,1,0,0,1.294962361362969,0.05
4628,169.24896585692406,23,1,0,0,1.4104488045404524,0.05
4629,161.19945071188852,19,1,0,0,1.1762181347211849,0.05
4630,201.03887669565376,25,1,0,0,1.4466088994862834,0.05
4631,222.77252053950673,44,1,0,0,1.4048715408039343,0.05
4632,100.0,1,1,0,0,1.2355888973385873,0.05
4633,189.0658559439949,26,1,0,0,1.2091056240016347,0.05
4634,157.42358341107234,24,1,0,0,1.4526006823692303,0.05
4635,170.68464999872631,23,1,0,0,1.305871519948661,0.05
4636,112.11115126182466,12,1,0,0,1.4157420908936809,0.05
4637,198.3136481093484,29,1,0,0,1.441689782862772,0.05
4638,147.31037408142907,18,1,0,0,1.1426577889678737,0.05
4639,149.17442305755742,17,1,0,0,1.2243587158799996,0.05
4640,154.61047968478098,17,1,0,0,1.4681347400217033,0.05
4641,169.3985703644923,22,1,0,0,1.4880081584305636,0.05
4642,188.3635230398093,24,1,0,0,1.2579413727572175,0.05
4643,142.07810171359205,10,1,0,0,1.1659875902637074,0.05
4644,193.58008974234724,27,1,0,0,1.1928813881260945,0.05
4645,-10.0387034794179,200,0,0,1,2.6450841839185704,0.05
4646,171.34916765676968,19,1,0,0,1.2968246259079084,0.05
4647,165.18447490119698,18,1,0,0,1.422707351597129,0.05
4648,175.57645902109616,22,1,0,0,1.2690547109020633,0.05
4649,166.35964299687316,21,1,0,0,1.4658131625716249,0.05
4650,156.17864987956762,27,1,0,0,1.4655071294401145,0.05
4651,157.34493094973513,24,1,0,0,1.3036976937576217,0.05
4652,166.9501000459082,19,1,0,0,1.3901969108847665,0.05
4653,164.16343464714862,18,1,0,0,1.357772519499366,0.05
4654,147.20525758144754,17,1,0,0,1.4036093821349904,0.05
4655,178.77800012640728,21,1,0,0,1.4056559040249428,0.05
4656,208.63904177160708,32,1,0,0,1.4819928843658192,0.05
4657,170.01412654774634,22,1,0,0,1.242015944097953,0.05
4658,155.2586138180052,16,1,0,0,1.3573908022945211,0.05
4659,176.79493934392355,19,1,0,0,1.420062595482848,0.05
4660,138.32747242465928,12,1,0,0,1.345935842602454,0.05
4661,171.5434819166183,23,1,0,0,1.291407839748274,0.05
4662,134.760042637073,18,1,0,0,1.1798066589428144,0.05
4663,159.5041167109592,21,1,0,0,1.2768677620363749,0.05
4664,129.0506585227714,19,1,0,0,1.3739510323086137,0.05
4665,149.1782541513964,16,1,0,0,1.2444452628861018,0.05
4666,181.4351181080437,26,1,0,0,1.3873672954509604,0.05
4667,159.30981572531914,17,1,0,0,1.36336521394637,0.05
4668,208.79485919524197,36,1,0,0,1.3866905583924447,0.05
4669,133.46826133655387,14,1,0,0,1.3625952168896922,0.05
4670,137.2041836792261,29,1,0,0,1.4066007236997624,0.05
4671,164.23010762437025,18,1,0,0,1.1714145344990514,0.05
4672,105.7206791080716,8,1,0,0,1.3407542426472385,0.05
4673,183.9471202532527,24,1,0,0,1.2874606457990108,0.05
4674,175.07128415188294,27,1,0,0,1.2703694338557463,0.05
4675,121.82371805876431,10,1,0,0,1.4394532565461535,0.05
4676,177.2997632979363,24,1,0,0,1.3193253167620829,0.05
4677,259.52569128014034,45,1,0,0,1.2986968275574593,0.05
4678,168.8010874475405,24,1,0,0,1.432546012903822,0.05
4679,169.7733419224278,22,1,0,0,1.3769815944140629,0.05
4680,152.6008940605155,15,1,0,0,1.3414535781614088,0.05
4681,206.26090923153015,37,1,0,0,1.4776688311313437,0.05
4682,135.23465459540608,14,1,0,0,1.3930944696800456,0.05
4683,200.38775550418683,27,1,0,0,1.1245771583693989,0.05
4684,233.24667984663927,46,1,0,0,1.46471347918848,0.05
4685,231.99675181000583,42,1,0,0,1.493306760739555,0.05
4686,157.15898335546217,22,1,0,0,1.105669397450027,0.05
4687,-50.0,1,0,1,0,6.629386483224127,0.05
4688,147.5858795660726,19,1,0,0,1.4607149682644922,0.05
4689,175.82216774153704,23,1,0,0,1.1109882353415723,0.05
4690,228.8373630954272,41,1,0,0,1.371127610709166,0.05
4691,167.15490235236106,18,1,0,0,1.3262193190139357,0.05
4692,162.56010601098282,23,1,0,0,1.4872343584541075,0.05
4693,161.28392774288804,20,1,0,0,1.2056237297236296,0.05
4694,156.12431407318564,18,1,0,0,1.3459507006163907,0.05
4695,227.46589542155104,41,1,0,0,1.4598724912946097,0.05
4696,216.04018852966436,32,1,0,0,1.3607252243026182,0.05
4697,146.81115289807548,16,1,0,0,1.2304103334947234,0.05
4698,211.4423371794024,37,1,0,0,1.4345346162387078,0.05
4699,193.5901691206841,33,1,0,0,1.4095878492635021,0.05
4700,175.48461516026072,21,1,0,0,1.2962227325480757,0.05
4701,186.42909015244538,25,1,0,0,1.2643476629264458,0.05
4702,207.8671556419536,34,1,0,0,1.3917353259092866,0.05
4703,179.58290488282003,21,1,0,0,1.2368536231709706,0.05
4704,150.26375331657977,15,1,0,0,1.2819929257063674,0.05
4705,162.0867430071206,19,1,0,0,1.4353796023519436,0.05
4706,-50.0,1,0,1,0,5.942552484750646,0.05
4707,188.31637713505074,27,1,0,0,1.3284068418638781,0.05
4708,165.84841195721748,18,1,0,0,1.1843688387169717,0.05
4709,117.8690483950947,23,1,0,0,1.3743966793477875,0.05
4710,148.82960596868972,20,1,0,0,1.2081004724606477,0.05
4711,175.76099123686166,20,1,0,0,1.2562045587801312,0.05
4712,169.0752426719385,22,1,0,0,1.44026640433477,0.05
4713,186.73321857084608,21,1,0,0,1.3885128360792827,0.05
4714,-50.0,1,0,1,0,3.626482786213178,0.05
4715,168.13184458503642,19,1,0,0,1.474598867177558,0.05
4716,146.46585581450472,14,1,0,0,1.3996211664935532,0.05
4717,182.39607979331808,19,1,0,0,1.4985995765524456,0.05
4718,228.7795724723622,42,1,0,0,1.2836097387290502,0.05
4719,237.07130273951665,42,1,0,0,1.4645085643592843,0.05
4720,173.9942349990281,16,1,0,0,1.1170858428450319,0.05
4721,-50.0,1,0,1,0,3.3776571517915888,0.05
4722,212.84200226104804,30,1,0,0,1.312273887283255,0.05
4723,118.93872134720614,17,1,0,0,1.2847547757636788,0.05
4724,-50.0,1,0,1,0,5.925257416395033,0.05
4725,168.56798342980727,19,1,0,0,1.4515162855822983,0.05
4726,135.9827248915472,33,1,0,0,1.2144579723835867,0.05
4727,191.89204921305497,29,1,0,0,1.269358664289264,0.05
4728,209.33201543665086,28,1,0,0,1.3785753915596801,0.05
4729,164.52637826070196,21,1,0,0,1.2107973211068408,0.05
4730,157.6255920991972,21,1,0,0,1.4833968754318743,0.05
4731,154.82271518901015,19,1,0,0,1.4232608744438577,0.05
4732,133.5339472021784,11,1,0,0,1.148474122755943,0.05
4733,163.75966910724273,15,1,0,0,1.4228520306223995,0.05
4734,148.81432981334606,18,1,0,0,1.418237875635654,0.05
4735,163.28276815790142,22,1,0,0,1.4539556720922855,0.05
4736,173.3101605852143,23,1,0,0,1.4052854707386973,0.05
4737,172.26949411910078,19,1,0,0,1.4703237614110691,0.05
4738,-50.0,1,0,1,0,0.9876150816803924,0.05
4739,145.02456098219952,17,1,0,0,1.1921783357827163,0.05
4740,138.13239502436736,24,1,0,0,1.3425717614034662,0.05
4741,192.66851684373984,31,1,0,0,1.3578809677425254,0.05
4742,106.9640243107826,8,1,0,0,1.4916275588604266,0.05
4743,171.93500311506818,22,1,0,0,1.1812884330771374,0.05
4744,155.81646546065437,14,1,0,0,1.4803121244833464,0.05
4745,200.35432567614998,27,1,0,0,1.2099121907324089,0.05
4746,176.85879313254517,22,1,0,0,1.4364457996024436,0.05
4747,177.8296854479879,21,1,0,0,1.2859430891105348,0.05
4748,154.81353783158505,21,1,0,0,1.329858507331177,0.05
4749,159.21354102445736,28,1,0,0,1.4569791201680713,0.05
4750,116.62974510421103,7,1,0,0,1.4733766683910274,0.05
4751,152.13697384480565,14,1,0,0,1.4736661430958544,0.05
4752,156.71989245063332,22,1,0,0,1.439600791026555,0.05
4753,197.21204524509045,32,1,0,0,1.340016471375862,0.05
4754,179.0577250710714,29,1,0,0,1.456279442187016,0.05
4755,181.3956391125143,24,1,0,0,1.417058646264448,0.05
4756,162.10945041787065,20,1,0,0,1.4496485245640083,0.05
4757,205.7082664451108,28,1,0,0,1.389172778299304,0.05
4758,-5.320389929265721,200,0,0,1,2.6354364733684146,0.05
4759,-20.09403669000357,9,0,1,0,5.097361837125322,0.05
4760,171.6234352601881,26,1,0,0,1.3638328301342775,0.05
4761,239.1654706546262,47,1,0,0,1.383014727935997,0.05
4762,160.66308503969896,17,1,0,0,1.2216545746387348,0.05
4763,188.60456392619858,27,1,0,0,1.2280416306162256,0.05
4764,169.96908855534866,22,1,0,0,1.3931958458697657,0.05
4765,151.49475272426457,16,1,0,0,1.368350678820328,0.05
4766,149.44210886329353,15,1,0,0,1.2207285502497733,0.05
4767,105.25060443234169,95,1,0,0,1.3968171389562163,0.05
4768,229.931968364009,42,1,0,0,1.2993090738160278,0.05
4769,114.94747091773264,23,1,0,0,1.4943195315852564,0.05
4770,192.98404073415338,25,1,0,0,1.4270932183320382,0.05
4771,169.4338343042164,25,1,0,0,1.3159879725439736,0.05
4772,174.74909809522694,31,1,0,0,1.4361141201373218,0.05
4773,188.86066508128258,25,1,0,0,1.2856058774488797,0.05
4774,181.89207651713903,23,1,0,0,1.2139042386745251,0.05
4775,195.2638544928686,27,1,0,0,1.250129239733677,0.05
4776,149.87020396485258,19,1,0,0,1.4716395414242736,0.05
4777,218.15593852728222,39,1,0,0,1.232120377427068,0.05
4778,187.86195498431903,26,1,0,0,1.3100544548958255,0.05
4779,152.22928189059795,20,1,0,0,1.1676408841470898,0.05
4780,177.5691814731685,27,1,0,0,1.1119826363783638,0.05
4781,194.91963126721305,31,1,0,0,1.465579046012121,0.05
4782,124.3245954104082,15,1,0,0,1.423810055169664,0.05
4783,138.34235049962302,18,1,0,0,1.1257987104525269,0.05
4784,170.53024993258387,24,1,0,0,1.451480782224378,0.05
4785,149.4587292912546,14,1,0,0,1.31889107951668,0.05
4786,176.94507291697812,26,1,0,0,1.270630927454758,0.05
4787,183.34781075142098,23,1,0,0,1.3630538942981125,0.05
4788,177.03417375295416,22,1,0,0,1.283334526718985,0.05
4789,203.28228355322761,28,1,0,0,1.2462472268524343,0.05
4790,172.32933148400758,25,1,0,0,1.2690382470548403,0.05
4791,177.91527480197118,23,1,0,0,1.462552740868386,0.05
4792,170.37007386767158,21,1,0,0,1.3505633290369385,0.05
4793,150.1504808817325,17,1,0,0,1.3244723809927763,0.05
4794,176.40343476055938,23,1,0,0,1.2778931755123126,0.05
4795,174.87462870561802,20,1,0,0,1.3904397483525313,0.05
4796,117.65325008937383,8,1,0,0,1.4405000586876278,0.05
4797,180.23069271403423,22,1,0,0,1.48651906958435,0.05
4798,137.472389286767,19,1,0,0,1.480793015818648,0.05
4799,170.7983016564205,23,1,0,0,1.2827481074094382,0.05
4800,212.02191747066288,27,1,0,0,1.1148016773471379,0.05
4801,28.955525367730857,200,0,0,1,2.5669367931249383,0.05
4802,148.515606243285,17,1,0,0,1.2954431231702925,0.05
4803,142.34436221231732,18,1,0,0,1.427122913372236,0.05
4804,157.31612143497043,26,1,0,0,1.422445784722998,0.05
4805,180.4063053989709,21,1,0,0,1.3157271940871638,0.05
4806,194.55979899000477,25,1,0,0,1.445217504282308,0.05
4807,167.20052198277665,17,1,0,0,1.375574898257086,0.05
4808,160.7196646710674,26,1,0,0,1.1525068053701388,0.05
4809,143.8187692202743,11,1,0,0,1.3912624131680957,0.05
4810,168.64406917975185,19,1,0,0,1.4740091825775168,0.05
4811,223.43988408533443,47,1,0,0,1.4537015636676764,0.05
4812,172.50901211302227,24,1,0,0,1.4215437696041855,0.05
4813,180.10796531518355,24,1,0,0,1.4029174709891477,0.05
4814,167.55647081748296,22,1,0,0,1.1488675427732777,0.05
4815,171.53473382225292,23,1,0,0,1.3036650032964368,0.05
4816,163.3780620940107,16,1,0,0,1.476661026912823,0.05
4817,189.19814387682544,25,1,0,0,1.422491841842781,0.05
4818,254.38712205799814,53,1,0,0,1.496972916032074,0.05
4819,154.9188023217535,17,1,0,0,1.3222509629143049,0.05
4820,100.69107295741348,2,1,0,0,1.3540921732232565,0.05
4821,180.8304643862391,24,1,0,0,1.45256761412617,0.05
4822,161.89148360452174,19,1,0,0,1.3330907486602603,0.05
4823,132.87165865151638,11,1,0,0,1.1139399958092284,0.05
4824,148.96830282201182,16,1,0,0,1.4520609656183212,0.05
4825,137.8502752415052,15,1,0,0,1.1938609721889337,0.05
4826,176.11076771328158,26,1,0,0,1.2861378451424996,0.05
4827,-50.0,1,0,1,0,4.795663216114426,0.05
4828,120.39480503286372,11,1,0,0,1.3114207915471645,0.05
4829,182.79305391915932,26,1,0,0,1.4284352150674142,0.05
4830,111.58652927371983,6,1,0,0,1.4290224644171068,0.05
4831,194.46296327953493,23,1,0,0,1.4854050687048774,0.05
4832,196.5498456446037,29,1,0,0,1.2605873219491848,0.05
4833,130.05182268158663,11,1,0,0,1.1914927060725697,0.05
4834,181.56674353097367,27,1,0,0,1.4932365625385193,0.05
4835,170.64773108233769,21,1,0,0,1.3016988366175921,0.05
4836,143.9796430849804,21,1,0,0,1.4988433887048742,0.05
4837,184.61328451166654,39,1,0,0,1.4384755377210359,0.05
4838,202.1855565439014,28,1,0,0,1.3833852278115193,0.05
4839,202.82622358646788,32,1,0,0,1.35485826834614,0.05
4840,212.13026552943552,38,1,0,0,1.4893775829160598,0.05
4841,156.74304264384435,24,1,0,0,1.1415185517722795,0.05
4842,186.1422560377572,24,1,0,0,1.3188585217962536,0.05
4843,251.23570852310553,52,1,0,0,1.3458318699746168,0.05
4844,228.03060477018965,41,1,0,0,1.221254174381698,0.05
4845,139.11039439613265,45,1,0,0,1.3336451784174737,0.05
4846,158.01364297620444,20,1,0,0,1.4815354946009696,0.05
4847,139.85742833754085,19,1,0,0,1.284003847952004,0.05
4848,166.73258079187752,22,1,0,0,1.372758418737326,0.05
4849,189.90879999046737,22,1,0,0,1.0930949841588595,0.05
4850,127.30218506245342,20,1,0,0,1.3448371121687572,0.05
4851,159.01493549449614,23,1,0,0,1.3054873969935312,0.05
4852,130.58547814546554,13,1,0,0,1.3605708618270786,0.05
4853,203.53994238677404,28,1,0,0,1.339470823797554,0.05
4854,125.10214725814419,10,1,0,0,1.2595690588522814,0.05
4855,195.73782790353624,33,1,0,0,1.4291810695131466,0.05
4856,191.96342654529946,27,1,0,0,1.240479719482981,0.05
4857,177.3191943774845,24,1,0,0,1.2610141338611036,0.05
4858,152.6129308583088,54,1,0,0,1.3750660900177134,0.05
4859,132.21089415912286,18,1,0,0,1.2322837318216178,0.05
4860,173.11758377197705,23,1,0,0,1.2463447183263694,0.05
4861,176.9972060675928,23,1,0,0,1.2036848220890746,0.05
4862,176.4896494923931,25,1,0,0,1.4447323671206442,0.05
4863,294.0108410790244,181,1,0,0,1.463240295885073,0.05
4864,171.10685466020587,21,1,0,0,1.1525953710982693,0.05
4865,160.82163112189716,19,1,0,0,1.2712138467289193,0.05
4866,177.98753203624716,25,1,0,0,1.2352129356030943,0.05
4867,174.07360645591456,20,1,0,0,1.263356913340429,0.05
4868,217.10734416719473,33,1,0,0,1.2302599695553078,0.05
4869,191.1151230530844,35,1,0,0,1.3716594865815634,0.05
4870,191.43516808725116,25,1,0,0,1.331553958440355,0.05
4871,164.95122398439202,25,1,0,0,1.3293270447073624,0.05
4872,156.21949697223062,20,1,0,0,1.238324557338025,0.05
4873,176.2252624881808,20,1,0,0,1.241010380103738,0.05
4874,137.46050259341962,17,1,0,0,1.1844310790806705,0.05
4875,170.37934914521617,19,1,0,0,1.465442209173475,0.05
4876,184.97433060754895,27,1,0,0,1.388931012222698,0.05
4877,180.361720330757,26,1,0,0,1.4568220548717665,0.05
4878,154.05385131008796,22,1,0,0,1.310634483449146,0.05
4879,156.25075896004947,16,1,0,0,1.4244075401596898,0.05
4880,138.4669198244641,11,1,0,0,1.237109467287052,0.05
4881,162.28933389669504,20,1,0,0,1.2396297928429725,0.05
4882,147.90572409993555,14,1,0,0,1.4828731605788363,0.05
4883,210.9880018365708,28,1,0,0,1.4347866371944706,0.05
4884,115.98131322466571,165,1,0,0,1.4830276852865276,0.05
4885,161.56552798290866,18,1,0,0,1.228230261100748,0.05
4886,136.1809208141582,13,1,0,0,1.4537365346308297,0.05
4887,189.6080397650378,24,1,0,0,1.233354824229868,0.05
4888,-50.0,1,0,1,0,4.171716913222366,0.05
4889,185.14113144990108,23,1,0,0,1.3300201252021315,0.05
4890,111.27512794474407,5,1,0,0,1.283401264697392,0.05
4891,180.38375504992314,24,1,0,0,1.341789146222141,0.05
4892,121.84750688547261,19,1,0,0,1.3164186814156429,0.05
4893,158.10483872387593,22,1,0,0,1.3842516888903171,0.05
4894,213.84720492418856,38,1,0,0,1.481809126681228,0.05
4895,180.05222742857467,23,1,0,0,1.2865825722365134,0.05
4896,154.05282600577698,20,1,0,0,1.3009029497656732,0.05
4897,179.7208497090116,25,1,0,0,1.476970390773858,0.05
4898,172.52494938851714,18,1,0,0,1.3002086674524458,0.05
4899,180.63049112932003,22,1,0,0,1.2404848505947366,0.05
4900,149.909390052035,18,1,0,0,1.276199622368098,0.05
4901,196.35201998118828,22,1,0,0,1.085388109540729,0.05
4902,205.10364648746184,27,1,0,0,1.3760715440130145,0.05
4903,162.14918094597883,19,1,0,0,1.3319189057712812,0.05
4904,145.3929112727904,17,1,0,0,1.2988581470560978,0.05
4905,161.89338451223347,20,1,0,0,1.2243104680834884,0.05
4906,214.10636844660888,42,1,0,0,1.3222601358943573,0.05
4907,188.70352238782328,23,1,0,0,1.346760223733239,0.05
4908,132.6558744347185,9,1,0,0,1.4595963415315107,0.05
4909,117.39553812423495,7,1,0,0,1.3911837385102908,0.05
4910,163.4244265457471,28,1,0,0,1.1419702154771092,0.05
4911,196.7411798268456,31,1,0,0,1.4896176664834224,0.05
4912,189.5278871370553,24,1,0,0,1.2757292401936149,0.05
4913,-50.0,1,0,1,0,5.961371198074811,0.05
4914,123.3599933430694,12,1,0,0,1.3138117355085697,0.05
4915,147.1960398457256,15,1,0,0,1.3862061375522914,0.05
4916,157.46786069726292,18,1,0,0,1.2534784543136748,0.05
4917,105.96299137461708,10,1,0,0,1.4033441742170294,0.05
4918,224.0322125250513,34,1,0,0,1.387380787411346,0.05
4919,133.33232003962152,20,1,0,0,1.4783794158786678,0.05
4920,175.45505211941278,20,1,0,0,1.2053274801793041,0.05
4921,165.26357281746974,20,1,0,0,1.3974266451535131,0.05
4922,129.9904050953639,12,1,0,0,1.3760033361865727,0.05
4923,156.95741737107463,27,1,0,0,1.1834144481419129,0.05
4924,153.0148324983874,22,1,0,0,1.3546726121509065,0.05
4925,189.31359935166648,24,1,0,0,1.388767830588602,0.05
4926,119.84880475080207,8,1,0,0,1.3199732651799536,0.05
4927,182.26290348594574,21,1,0,0,1.4915030622133363,0.05
4928,165.218019517347,19,1,0,0,1.3122705309529488,0.05
4929,164.85340663398708,23,1,0,0,1.2341925234824471,0.05
4930,145.29068431747547,17,1,0,0,1.4870034353257702,0.05
4931,186.98093822383194,29,1,0,0,1.4766334590208758,0.05
4932,168.16098941434348,17,1,0,0,1.0928998174713285,0.05
4933,172.61568733161482,20,1,0,0,1.4760965280537388,0.05
4934,176.60842290771393,25,1,0,0,1.3231705555676347,0.05
4935,173.88285918052946,23,1,0,0,1.3820188137245173,0.05
4936,165.40649504418104,23,1,0,0,1.3921140553883837,0.05
4937,144.48957598339382,13,1,0,0,1.2662227745564143,0.05
4938,129.08415947878268,13,1,0,0,1.1462974677679758,0.05
4939,175.5421632081275,21,1,0,0,1.3789494150566146,0.05
4940,165.4155020737271,20,1,0,0,1.4595584449401309,0.05
4941,128.36601239250496,16,1,0,0,1.3601014072132043,0.05
4942,181.33664066246052,23,1,0,0,1.0744281346701705,0.05
4943,146.9719180012612,18,1,0,0,1.4788352341849018,0.05
4944,147.36320740990908,16,1,0,0,1.4873368013649377,0.05
4945,177.75694787026697,25,1,0,0,1.4188023590646814,0.05
4946,225.2164167699459,33,1,0,0,1.4967418260690368,0.05
4947,184.78265348544608,23,1,0,0,1.380545556595829,0.05
4948,150.62882957083895,27,1,0,0,1.2928861804319547,0.05
4949,157.7355412971514,27,1,0,0,1.2239051122089446,0.05
4950,155.15910625293964,15,1,0,0,1.430446036546887,0.05
4951,138.1708690194382,16,1,0,0,1.1664748982291047,0.05
4952,163.12105688191093,22,1,0,0,1.4108278323396406,0.05
4953,194.39412604119673,30,1,0,0,1.2265676207724907,0.05
4954,125.29820056866161,8,1,0,0,1.0614551874757283,0.05
4955,183.48762033530264,24,1,0,0,1.2252544094717974,0.05
4956,146.95329682373614,17,1,0,0,1.472432143465657,0.05
4957,137.75494699479535,19,1,0,0,1.3087577894144322,0.05
4958,105.07032618665009,43,1,0,0,1.486296073263299,0.05
4959,172.74884390196002,26,1,0,0,1.2893903910618345,0.05
4960,188.0355161507616,28,1,0,0,1.422367731206394,0.05
4961,164.87992720642495,17,1,0,0,1.4368051802322288,0.05
4962,240.17642321329438,40,1,0,0,1.4222823387890473,0.05
4963,187.70618682598555,20,1,0,0,1.252383981092097,0.05
4964,154.5158772880378,15,1,0,0,1.4606572094805081,0.05
4965,193.29638824558316,23,1,0,0,1.2939557678713882,0.05
4966,194.8948824076573,27,1,0,0,1.2991097093083945,0.05
4967,163.56945175728066,22,1,0,0,1.4899432361399902,0.05
4968,134.49847991349506,13,1,0,0,1.465210461575142,0.05
4969,176.91751415062305,21,1,0,0,1.4668336706931135,0.05
4970,74.0056722478506,200,0,0,1,2.451044558011614,0.05
4971,180.57401280128664,22,1,0,0,1.3815082502879306,0.05
4972,163.91765952647523,18,1,0,0,1.2313962101552915,0.05
4973,163.71906601272298,22,1,0,0,1.42219021667846,0.05
4974,157.36734093866895,18,1,0,0,1.417174470133186,0.05
4975,184.82369696850668,25,1,0,0,1.2470215602955412,0.05
4976,-50.0,1,0,1,0,6.160396763907433,0.05
4977,167.84969870755674,23,1,0,0,1.3274062623323597,0.05
4978,147.38289069683287,17,1,0,0,1.0990042522067593,0.05
4979,177.84536808206187,19,1,0,0,1.4182653984912623,0.05
4980,193.46038061798401,25,1,0,0,1.1951808819713867,0.05
4981,164.52119797806685,24,1,0,0,1.4505865807579625,0.05
4982,256.79883715961137,53,1,0,0,1.3631023287248567,0.05
4983,216.02952523648406,39,1,0,0,1.2869440238237546,0.05
4984,216.04603361759,37,1,0,0,1.2355468750963046,0.05
4985,173.847297451869,22,1,0,0,1.4744504694146103,0.05
4986,-17.734221272479843,200,0,0,1,3.622694790806989,0.05
4987,182.9233270477343,22,1,0,0,1.3789434588609621,0.05
4988,233.80294637672614,46,1,0,0,1.3888732800580808,0.05
4989,179.84472712242325,24,1,0,0,1.2551449139588533,0.05
4990,144.89381095167474,20,1,0,0,1.4042802403863068,0.05
4991,160.67985788578173,26,1,0,0,1.3091630112259511,0.05
4992,255.1217961199773,52,1,0,0,1.2918129272907017,0.05
4993,186.95935653242867,22,1,0,0,1.2183034168966442,0.05
4994,196.89707981140504,29,1,0,0,1.3723539949193857,0.05
4995,159.37862157514294,19,1,0,0,1.346995197627172,0.05
4996,155.1203315989802,19,1,0,0,1.278609282486656,0.05
4997,196.75899527829068,26,1,0,0,1.4790896433580585,0.05
4998,176.09283342479324,24,1,0,0,1.4104686424270014,0.05
4999,148.25317857152177,17,1,0,0,1.4655090775348194,0.05
