episode,reward,steps,train_success,train_collision,train_timeout,final_distance,exploration_noise
0,-232.0597430561397,189,0,0,0,21.542272500039136,0.2
1,-192.77071047153922,181,0,0,0,25.02608331065513,0.2
2,-217.63840623035486,183,0,0,0,24.957023002830127,0.2
3,-207.50811120438436,190,0,0,0,23.383991273846856,0.2
4,-164.0497802370251,200,0,0,1,18.139705715280726,0.2
5,-185.6956358939903,126,0,0,0,19.526013880569785,0.2
6,6.590763663511183,58,0,0,0,9.273326513084154,0.2
7,197.76105362432895,23,1,0,0,1.4187384933716434,0.2
8,-209.58535212785242,57,0,0,0,23.214112629816462,0.2
9,-222.39157605999108,53,0,0,0,22.962729347463775,0.2
10,-223.46244725421775,42,0,0,0,22.72240933549228,0.2
11,-212.04052367522996,39,0,0,0,21.929549932929575,0.2
12,-181.76794696534324,38,0,0,0,21.92424239957962,0.2
13,-42.7638307145763,55,0,0,0,10.401564901719237,0.2
14,135.77849416605463,9,1,0,0,1.133838116922255,0.2
15,-45.60094309122163,39,0,0,0,8.645282114544177,0.2
16,-79.16995517008318,41,0,0,0,14.980967563043748,0.2
17,-104.72018503164853,45,0,0,0,15.102476292983237,0.2
18,-120.01426573105455,59,0,0,0,16.46679714422239,0.2
19,-166.7874808066634,42,0,0,0,17.40120023566322,0.2
20,-181.06954482848946,45,0,0,0,23.37612800805998,0.2
21,-77.5285044063991,47,0,0,0,12.931369864345504,0.2
22,-76.26858149565697,47,0,0,0,12.291388349049775,0.2
23,-156.22299752326765,46,0,0,0,23.607681835762378,0.2
24,-131.27496818250324,50,0,0,0,16.313790441891094,0.2
25,-142.8410578467338,37,0,0,0,15.905482712184497,0.2
26,-201.4754689732106,36,0,0,0,17.73347501886109,0.2
27,-218.49492686511562,55,0,0,0,27.36040593224263,0.2
28,-149.32717473805363,64,0,0,0,25.497264088699822,0.2
29,-241.6892762653524,53,0,0,0,27.78029691730304,0.2
30,-149.85283764692565,47,0,0,0,16.634989366754027,0.2
31,-14.869523556984106,39,0,0,0,12.022886296034464,0.2
32,-289.9435039754481,68,0,0,0,32.83279480072686,0.2
33,-120.91366653419644,41,0,0,0,14.64282412208447,0.2
34,-227.5147409271227,54,0,0,0,23.97747443683973,0.2
35,-154.3694926793661,41,0,0,0,19.137436120898858,0.2
36,-163.18101353516352,40,0,0,0,21.198697052086047,0.2
37,-1.7766761949455088,62,0,0,0,10.552843206548099,0.2
38,-134.07725468072107,38,0,0,0,15.719071959643255,0.2
39,-203.4295523269094,47,0,0,0,17.56164231638997,0.2
40,-148.1311535010958,58,0,0,0,19.162331331797176,0.2
41,-24.99159555418137,44,0,0,0,13.955558869073569,0.2
42,-30.0204696027889,39,0,0,0,7.5441699104084945,0.2
43,-136.30397907827103,49,0,0,0,13.9604690289884,0.2
44,-97.47248688113598,63,0,0,0,22.999141545759397,0.2
45,-58.33455054079332,45,0,0,0,12.168041448615275,0.2
46,-100.44627198618339,54,0,0,0,13.314543704191586,0.2
47,-60.02468019287183,45,0,0,0,11.481188655019848,0.2
48,-193.5872253861354,56,0,0,0,22.473016527677053,0.2
49,-155.70189475309508,52,0,0,0,19.011103090897937,0.2
50,-178.89041612013293,49,0,0,0,22.30091812246715,0.2
51,162.9867560653693,16,1,0,0,1.371149290210351,0.2
52,-131.76856429072785,49,0,0,0,14.702048486459443,0.2
53,-88.98657367636963,40,0,0,0,13.328990089392141,0.2
54,-154.61688543128963,38,0,0,0,17.573544934256347,0.2
55,-32.61781364694495,68,0,0,0,15.603730824990482,0.2
56,-210.26480261428352,44,0,0,0,19.308767817840017,0.2
57,-121.74207162292532,44,0,0,0,15.232740070821649,0.2
58,140.08358506421294,11,1,0,0,1.410203891336825,0.2
59,-85.07536042596482,39,0,0,0,12.066582793546333,0.2
60,-123.27895914160956,53,0,0,0,17.615119302770836,0.2
61,-161.7908000333482,63,0,0,0,18.75970906500127,0.2
62,-78.28103598157367,52,0,0,0,13.13694235358262,0.2
63,-164.6671433614938,40,0,0,0,19.10641676982403,0.2
64,-176.727206737119,46,0,0,0,17.579354331938898,0.2
65,-117.36627436489647,55,0,0,0,14.029880585829721,0.2
66,57.731934462447384,70,0,0,0,8.214165758397673,0.2
67,-191.69195833526737,38,0,0,0,20.63743871598788,0.2
68,-177.46752047325595,39,0,0,0,16.12172134749244,0.2
69,-40.990161824364996,68,0,0,0,13.135167714029205,0.2
70,-162.05345529119418,39,0,0,0,19.470000140950333,0.2
71,-160.30362072115372,38,0,0,0,15.548756051076364,0.2
72,-133.00251523425536,38,0,0,0,15.831187934085998,0.2
73,29.292605195602597,200,0,0,1,2.716672624191657,0.2
74,56.10657060221937,200,0,0,1,3.045364660787588,0.2
75,50.802577620265325,200,0,0,1,3.148641750585006,0.2
76,47.31837455660459,200,0,0,1,2.356166985506207,0.2
77,35.579857693912565,200,0,0,1,7.0545598620557,0.2
78,98.65123521588686,200,0,0,1,3.0681228084161094,0.2
79,42.90890673488382,200,0,0,1,3.686321109768385,0.2
80,56.21677172836602,200,0,0,1,3.552157124747247,0.2
81,146.20432785756725,200,0,0,1,3.861220619187673,0.2
82,13.834021112986314,200,0,0,1,5.467525592293931,0.2
83,168.85961257969453,123,1,0,0,1.4303151516763297,0.2
84,121.95542050463848,200,0,0,1,3.094869469522779,0.2
85,82.9871299576747,200,0,0,1,2.2223992198850815,0.2
86,132.86182731946923,199,1,0,0,1.3767113044666672,0.2
87,12.770823814790239,200,0,0,1,2.1429351430154577,0.2
88,175.09081182066103,39,1,0,0,1.4638524134019815,0.2
89,190.39419233298884,26,1,0,0,1.309789370953413,0.2
90,188.8888647225719,162,1,0,0,1.4544041279727358,0.2
91,54.71429293644136,200,0,0,1,2.439616782584082,0.2
92,179.420715068976,78,1,0,0,1.4640014392990497,0.2
93,72.50070002940724,200,0,0,1,2.642856144768456,0.2
94,54.15290353212885,200,0,0,1,4.055818583716452,0.2
95,155.57555881352107,182,1,0,0,1.4365306863390659,0.2
96,165.00132584538943,152,1,0,0,1.4883162466991597,0.2
97,145.74630731671758,110,1,0,0,1.4717892899627807,0.2
98,153.14716415521463,16,1,0,0,1.3896280738052758,0.2
99,174.36877179035935,48,1,0,0,1.4689452014493947,0.2
100,190.2261453068593,96,1,0,0,1.378144462571757,0.2
101,157.73539721963638,19,1,0,0,1.2531485330389323,0.2
102,184.90943892027133,29,1,0,0,1.4120581153171696,0.2
103,219.20894851286454,56,1,0,0,1.3395815177682897,0.2
104,161.65390052351933,17,1,0,0,1.41197300910241,0.2
105,186.42092620955822,24,1,0,0,1.4530263175062574,0.2
106,227.42730008570277,62,1,0,0,1.4831443311107644,0.2
107,134.186958577409,117,1,0,0,1.4816466873205787,0.2
108,215.94787855356884,28,1,0,0,1.421080401630278,0.2
109,188.54256704212048,113,1,0,0,1.455216908509343,0.2
110,139.16109237162098,193,1,0,0,1.4676049046584083,0.2
111,130.10679260297132,10,1,0,0,1.3674409217780095,0.2
112,164.1388107014389,106,1,0,0,1.4011233807316545,0.2
113,168.98078992665017,195,1,0,0,1.4885802181743666,0.2
114,111.57354203576831,200,0,0,1,2.6668086726374844,0.2
115,162.81190035222832,35,1,0,0,1.4568317900291494,0.2
116,173.04246956131453,27,1,0,0,1.417409118295374,0.2
117,138.42181697607188,200,0,0,1,2.639339993137614,0.2
118,186.96166096668136,35,1,0,0,1.4774447106017,0.2
119,176.44403260020746,60,1,0,0,1.4723101253588047,0.2
120,252.31143273512834,50,1,0,0,1.4557728867604347,0.2
121,150.17187783239416,20,1,0,0,1.484714767144968,0.2
122,192.03388342988617,22,1,0,0,1.2995045545526438,0.2
123,155.59345794796417,22,1,0,0,1.4107877019836885,0.2
124,33.927113594080005,200,0,0,1,2.1964537587930364,0.2
125,157.4689669944385,49,1,0,0,1.4534045583844863,0.2
126,98.62424028926985,200,0,0,1,2.668135925848023,0.2
127,115.44156131548705,6,1,0,0,1.3458893272236145,0.2
128,163.86570743998809,16,1,0,0,1.4600678180678717,0.2
129,158.9330522456824,19,1,0,0,1.3841898771881547,0.2
130,223.68185935372605,57,1,0,0,1.4995699177202535,0.2
131,149.0938112471859,19,1,0,0,1.3800664878946318,0.2
132,228.1826875630657,49,1,0,0,1.433330829450932,0.2
133,124.6686027768346,10,1,0,0,1.3442742532004086,0.2
134,149.4361798092571,18,1,0,0,1.4549988995281005,0.2
135,182.2688418863719,25,1,0,0,1.4001210933122281,0.2
136,229.02559697982412,128,1,0,0,1.46673728939425,0.2
137,168.6143766211964,24,1,0,0,1.456308291490148,0.2
138,154.09656016809404,16,1,0,0,1.4401740690639837,0.2
139,171.81766414216008,23,1,0,0,1.4390826538064416,0.2
140,170.62078715724812,21,1,0,0,1.4295623704549594,0.2
141,154.37050203743536,18,1,0,0,1.2899587535378263,0.2
142,155.831621051627,17,1,0,0,1.4904524046516252,0.2
143,164.14452360566378,27,1,0,0,1.4764599135691139,0.2
144,155.15745310382448,20,1,0,0,1.1976244924899826,0.2
145,216.95238613123485,31,1,0,0,1.472496836172366,0.2
146,200.82025540996983,23,1,0,0,1.4221303983833,0.2
147,169.12878466280145,20,1,0,0,1.4422286001967424,0.2
148,113.43448267517387,4,1,0,0,1.1610440019136432,0.2
149,80.91321122363955,200,0,0,1,2.193145516905208,0.2
150,200.03106976104732,24,1,0,0,1.4489950634934257,0.2
151,153.02974632523262,20,1,0,0,1.3743536788177009,0.2
152,84.5158915227722,200,0,0,1,3.2965159431228304,0.2
153,165.35568358707638,19,1,0,0,1.4983827294578969,0.2
154,22.951484209581388,200,0,0,1,2.091466559168559,0.2
155,157.58938862017658,25,1,0,0,1.4253472614605578,0.2
156,186.79440084699144,88,1,0,0,1.4253797134650241,0.2
157,257.4628766783009,55,1,0,0,1.4619219872659361,0.2
158,171.5764313712795,17,1,0,0,1.3866790090413768,0.2
159,179.519914621565,90,1,0,0,1.4384966814936047,0.2
160,195.1700175951211,140,1,0,0,1.4408130531849577,0.2
161,198.7066186232268,36,1,0,0,1.4951894942307082,0.2
162,171.96127813669236,74,1,0,0,1.3715763408260255,0.2
163,164.91653354528862,19,1,0,0,1.3129700860375382,0.2
164,181.19269391880064,104,1,0,0,1.4967287014110005,0.2
165,182.3840221726931,65,1,0,0,1.4713084400402574,0.2
166,168.3440859448578,22,1,0,0,1.3690550852853416,0.2
167,30.00723912713502,200,0,0,1,4.169961564113615,0.2
168,169.75101100796783,28,1,0,0,1.3655668296914107,0.2
169,148.26179248501563,17,1,0,0,1.3941851949301873,0.2
170,193.9485029705129,73,1,0,0,1.4512007078194946,0.2
171,224.9277813529988,71,1,0,0,1.4662882607167502,0.2
172,114.19369529720862,6,1,0,0,1.4238324288474713,0.2
173,102.50802048434973,2,1,0,0,1.2511521247454171,0.2
174,182.90135512262975,50,1,0,0,1.482900720189365,0.2
175,172.9830656265167,22,1,0,0,1.4345840559974006,0.2
176,183.95393912056363,32,1,0,0,1.4862530025154557,0.2
177,169.573023088588,21,1,0,0,1.4040777180111492,0.2
178,158.37781453144785,21,1,0,0,1.4879162770601928,0.2
179,129.0175196394879,10,1,0,0,1.491554714673226,0.2
180,131.5361671201762,9,1,0,0,1.3205853324867256,0.2
181,143.82122278922915,16,1,0,0,1.3038653007038539,0.2
182,125.01672236025418,115,1,0,0,1.4748424791375685,0.2
183,167.73338673332233,20,1,0,0,1.3416970547762326,0.2
184,125.49289275704498,10,1,0,0,1.422304703062988,0.2
185,191.8879043915794,23,1,0,0,1.4681890990246464,0.2
186,162.4603150665901,76,1,0,0,1.3747765277148867,0.2
187,60.77054715888959,200,0,0,1,3.5837232272656014,0.2
188,121.79895275312794,200,0,0,1,3.3571795699343814,0.2
189,162.10821220493256,92,1,0,0,1.4340244634872117,0.2
190,157.22965660496246,20,1,0,0,1.4149691710656722,0.2
191,167.1963665751772,23,1,0,0,1.4564819014560817,0.2
192,139.73663910268692,96,1,0,0,1.4636101552418392,0.2
193,150.36439759876473,16,1,0,0,1.4082249161346119,0.2
194,59.94879665252135,200,0,0,1,2.393930713911924,0.2
195,172.26125293873048,21,1,0,0,1.4393921205595424,0.2
196,170.91246923539182,28,1,0,0,1.2391151554062205,0.2
197,184.15229194805784,49,1,0,0,1.4798562679960883,0.2
198,167.39901370655335,19,1,0,0,1.4976981255682107,0.2
199,158.4418805929886,16,1,0,0,1.3408640191342434,0.2
200,20.19662612615305,200,0,0,1,3.2604794923639657,0.2
201,161.15554277977208,18,1,0,0,1.211481037310343,0.2
202,72.72952707739572,200,0,0,1,2.851795498980947,0.2
203,154.51212601810948,17,1,0,0,1.260378198934519,0.2
204,192.63923260510984,79,1,0,0,1.462091364014276,0.2
205,125.16755961869308,9,1,0,0,1.348829215429091,0.2
206,157.79144643136394,20,1,0,0,1.431992269503291,0.2
207,112.31070857664938,4,1,0,0,1.077669523968248,0.2
208,159.0360533048912,20,1,0,0,1.3833314122335374,0.2
209,220.1618621759897,35,1,0,0,1.478646774864688,0.2
210,163.52150222313753,68,1,0,0,1.4624303595344892,0.2
211,167.88047972141464,30,1,0,0,1.4694090405617883,0.2
212,191.509052010421,29,1,0,0,1.2796691596898115,0.2
213,217.54628910872307,41,1,0,0,1.4152017225617468,0.2
214,161.5985660004876,23,1,0,0,1.3126425549019853,0.2
215,203.67941658511742,38,1,0,0,1.4708905213735208,0.2
216,172.9474149132406,25,1,0,0,1.3139379452381237,0.2
217,131.7869614812658,12,1,0,0,1.3488631305275085,0.2
218,205.4188349322873,36,1,0,0,1.4963212941582056,0.2
219,74.41714312065828,200,0,0,1,3.13589706944503,0.2
220,127.53239268087873,12,1,0,0,1.3717860384575216,0.2
221,62.87671061934315,200,0,0,1,2.7495578451443743,0.2
222,154.3456492954215,22,1,0,0,1.4407474011950714,0.2
223,201.89736499310027,35,1,0,0,1.482007028041562,0.2
224,152.52025060959494,16,1,0,0,1.4255358531601923,0.2
225,157.04258672708815,19,1,0,0,1.466773213568989,0.2
226,112.3354808484814,200,0,0,1,3.20776973505664,0.2
227,171.18908920176534,23,1,0,0,1.4540005096761817,0.2
228,133.6879838337623,21,1,0,0,1.4467726265798895,0.2
229,166.9395147005835,18,1,0,0,1.2266518290182884,0.2
230,110.6572506093575,6,1,0,0,1.4044419378791855,0.2
231,139.7618689875011,200,0,0,1,2.429144390327403,0.2
232,140.3672964862739,18,1,0,0,1.3640932495481695,0.2
233,178.4056800025403,21,1,0,0,1.1857560127563156,0.2
234,166.02987693221002,30,1,0,0,1.4651745106308758,0.2
235,176.90895792734253,25,1,0,0,1.3575405494433461,0.2
236,179.13191471527486,18,1,0,0,1.3751550915691215,0.2
237,141.52200384420092,10,1,0,0,1.4361601057508793,0.2
238,183.2322703445954,24,1,0,0,1.4080083220910466,0.2
239,150.4015996967409,14,1,0,0,1.3704991901354342,0.2
240,161.70855281985,17,1,0,0,1.216570515845906,0.2
241,174.71068705860637,19,1,0,0,1.4705054002306022,0.2
242,174.66171123712837,23,1,0,0,1.4443751923880668,0.2
243,100.0,1,1,0,0,1.0844232317797535,0.2
244,183.71341396919604,20,1,0,0,1.3863107454069448,0.2
245,204.98602721081298,68,1,0,0,1.401138711855568,0.2
246,216.28264434551284,39,1,0,0,1.322594067492943,0.2
247,186.10564784011396,24,1,0,0,1.313802571150937,0.2
248,149.6028657898123,15,1,0,0,1.4744077404245535,0.2
249,170.00394839748003,25,1,0,0,1.3611732360508781,0.2
250,165.00043347396624,18,1,0,0,1.4571910359274753,0.2
251,195.43658728760346,55,1,0,0,1.4116606609961715,0.2
252,143.10446119517303,15,1,0,0,1.3717257860352812,0.2
253,183.14716952621743,26,1,0,0,1.4837981138767817,0.2
254,158.86694410374983,20,1,0,0,1.2660208889686093,0.2
255,230.76825375758148,44,1,0,0,1.4737968076043149,0.2
256,160.04545841888682,25,1,0,0,1.3443274657072342,0.2
257,180.87355028879358,22,1,0,0,1.3643165802076251,0.2
258,145.45988634770995,13,1,0,0,1.3923426324504395,0.2
259,114.81787834429448,5,1,0,0,1.1581151567246732,0.2
260,229.25846018553378,41,1,0,0,1.2961217438298263,0.2
261,152.2343176332726,20,1,0,0,1.3604088010438562,0.2
262,245.94816084424147,46,1,0,0,1.379455085137121,0.2
263,188.68184000979159,25,1,0,0,1.4867182983064662,0.2
264,170.0870110073817,23,1,0,0,1.3115234796664181,0.2
265,179.25566430651384,73,1,0,0,1.4386678840387421,0.2
266,119.4070436652617,9,1,0,0,1.4859034804866473,0.2
267,130.25946432516844,8,1,0,0,1.2411433298773373,0.2
268,203.96305940891853,38,1,0,0,1.382580467174392,0.2
269,178.21634900444923,22,1,0,0,1.2290928002011805,0.2
270,179.0644234800036,22,1,0,0,1.2856316839379784,0.2
271,192.32933746503818,25,1,0,0,1.4625982399643453,0.2
272,188.50325678533085,24,1,0,0,1.480089273707792,0.2
273,200.96713805817046,31,1,0,0,1.453775725343873,0.2
274,156.23283919826022,20,1,0,0,1.3664548121962465,0.2
275,57.12686113696947,200,0,0,1,1.8345911669740356,0.2
276,195.777282770258,26,1,0,0,1.409399915379836,0.2
277,221.46887873258828,40,1,0,0,1.383752834802748,0.2
278,206.51426005038132,31,1,0,0,1.4584832183072634,0.2
279,148.52457287008656,15,1,0,0,1.450157484808676,0.2
280,203.24420515802552,39,1,0,0,1.318799024904653,0.2
281,134.19844210096417,10,1,0,0,1.3137639512731247,0.2
282,160.01772186094635,20,1,0,0,1.3989589154132285,0.2
283,206.3357429237383,28,1,0,0,1.3992487084509553,0.2
284,66.0653499205043,200,0,0,1,2.644870127223967,0.2
285,175.79299732631927,21,1,0,0,1.1352604464773683,0.2
286,144.09099483974367,16,1,0,0,1.4274765056684402,0.2
287,142.96035994924043,12,1,0,0,1.3069817500968874,0.2
288,191.32139646374048,22,1,0,0,1.2217865406367237,0.2
289,164.1516931346473,22,1,0,0,1.451153037823675,0.2
290,179.83591288993335,25,1,0,0,1.401038695336453,0.2
291,155.13198178520184,200,0,0,1,1.7048931895115722,0.2
292,158.39589453347062,17,1,0,0,1.3605582573140702,0.2
293,180.73243332267225,22,1,0,0,1.4133517515501273,0.2
294,248.92568732260622,109,1,0,0,1.4765395029114652,0.2
295,150.72744598052714,14,1,0,0,1.395690460068088,0.2
296,189.165359282856,20,1,0,0,1.2622181493192695,0.2
297,214.94211320140977,31,1,0,0,1.3194409539944385,0.2
298,175.15934335659767,27,1,0,0,1.4546866277774628,0.2
299,133.23796842393554,12,1,0,0,1.411131450963603,0.2
300,165.08597263797782,24,1,0,0,1.453065046782807,0.2
301,170.21001070521433,23,1,0,0,1.3587012779747163,0.2
302,157.91902273441278,17,1,0,0,1.4748270392900416,0.2
303,172.57372675928337,20,1,0,0,1.1865200856643459,0.2
304,138.89341114515733,13,1,0,0,1.4782425584006453,0.2
305,158.95185431986243,18,1,0,0,1.4843883941792129,0.2
306,145.66394865752306,19,1,0,0,1.4594527833458273,0.2
307,199.60021629567228,27,1,0,0,1.3162775720743431,0.2
308,171.48149850222296,26,1,0,0,1.2400971313941134,0.2
309,156.58330295767502,14,1,0,0,1.438568824561698,0.2
310,192.76397755587357,24,1,0,0,1.3143789834238668,0.2
311,118.86581903124483,7,1,0,0,1.2303059038263504,0.2
312,154.04995436000797,17,1,0,0,1.477935031287722,0.2
313,153.0952179715085,16,1,0,0,1.289514955968633,0.2
314,132.5972295590637,13,1,0,0,1.3954935300032347,0.2
315,173.22797496697925,16,1,0,0,1.3409388639729434,0.2
316,159.89103820317345,23,1,0,0,1.4191168418493518,0.2
317,72.40106871182913,200,0,0,1,2.6576068650357145,0.2
318,185.74484600623552,25,1,0,0,1.4445672006956636,0.2
319,179.3473927525971,23,1,0,0,1.408111072568209,0.2
320,190.77627851391253,22,1,0,0,1.3411068702629614,0.2
321,183.7712796023739,28,1,0,0,1.1524154807498836,0.2
322,162.4718480903394,22,1,0,0,1.4929188432117924,0.2
323,157.71226265378644,22,1,0,0,1.4473370240487173,0.2
324,189.52537874843995,41,1,0,0,1.4846580162655052,0.2
325,182.3058232969587,22,1,0,0,1.4888304872368539,0.2
326,126.16993233035545,12,1,0,0,1.2779301794017535,0.2
327,133.87908714579316,10,1,0,0,1.4764666161557394,0.2
328,167.0577160830586,24,1,0,0,1.3877577297187742,0.2
329,114.71117782433247,6,1,0,0,1.4719743416387487,0.2
330,168.32055621378072,25,1,0,0,1.4382451277518582,0.2
331,158.98021209901327,24,1,0,0,1.310949112095852,0.2
332,210.19758977697185,29,1,0,0,1.4254313142120303,0.2
333,183.60550678385698,22,1,0,0,1.4592498850293198,0.2
334,170.0389534386661,19,1,0,0,1.3097294542923394,0.2
335,153.6681977486494,20,1,0,0,1.4517678806779493,0.2
336,190.13718159813848,24,1,0,0,1.1436455627806827,0.2
337,181.19254866396327,39,1,0,0,1.4926970018113241,0.2
338,255.9950148676501,76,1,0,0,1.4525258175365046,0.2
339,156.7156446558851,14,1,0,0,1.310826189690418,0.2
340,164.80753737443595,22,1,0,0,1.3495843140913604,0.2
341,189.25138395193403,42,1,0,0,1.4926919524477478,0.2
342,160.2557257063872,16,1,0,0,1.151881935229739,0.2
343,137.20694553019126,12,1,0,0,1.4401899360506252,0.2
344,179.44356305024377,21,1,0,0,1.4812918698500797,0.2
345,173.92424531485062,23,1,0,0,1.2156131714550804,0.2
346,244.40673785248484,44,1,0,0,1.3665788894822275,0.2
347,172.58042606017625,28,1,0,0,1.4093715311747619,0.2
348,209.15738551037424,24,1,0,0,1.396248700760477,0.2
349,170.16095342698222,18,1,0,0,1.371738413189169,0.2
350,177.0873692917881,22,1,0,0,1.4731383645673364,0.2
351,214.35175094832974,34,1,0,0,1.4818219788900655,0.2
352,158.4232151682887,21,1,0,0,1.4172565215818727,0.2
353,173.92165882495036,50,1,0,0,1.4159295749435319,0.2
354,168.94739093478296,21,1,0,0,1.4925148929696566,0.2
355,220.50390623384317,45,1,0,0,1.3120612830062646,0.2
356,160.74180012359727,23,1,0,0,1.2655275346122243,0.2
357,202.87339862183336,30,1,0,0,1.355705479032697,0.2
358,161.3145104294707,23,1,0,0,1.261301286213296,0.2
359,164.74839347862667,19,1,0,0,1.3309879222464185,0.2
360,175.42158281244264,24,1,0,0,1.2898895766279532,0.2
361,157.74249086987572,22,1,0,0,1.3224870479041837,0.2
362,147.87803805750488,20,1,0,0,1.4898314856734403,0.2
363,202.5258226132953,34,1,0,0,1.277275313719931,0.2
364,197.80149077955775,30,1,0,0,1.4803837015380414,0.2
365,144.68985813843932,12,1,0,0,1.4195576698068224,0.2
366,175.31083923793773,20,1,0,0,1.442761913962184,0.2
367,204.89784919603113,32,1,0,0,1.4139793544875403,0.2
368,165.56949097405496,25,1,0,0,1.4396841002533236,0.2
369,176.3657605460774,21,1,0,0,1.4899443877591692,0.2
370,187.70142778478026,24,1,0,0,1.4397148850190424,0.2
371,164.05786312653288,21,1,0,0,1.4236053719375594,0.2
372,128.65773112373617,12,1,0,0,1.4517541477454385,0.2
373,191.01301209254711,27,1,0,0,1.4659820520928584,0.2
374,150.26962863094673,17,1,0,0,1.4508642904306739,0.2
375,149.27606128092128,15,1,0,0,1.4460853431982883,0.2
376,155.97756444589297,21,1,0,0,1.3589665459202707,0.2
377,143.64376814507807,12,1,0,0,1.4766140349020067,0.2
378,181.2827393304803,22,1,0,0,1.252119342202016,0.2
379,180.08801797875896,30,1,0,0,1.458279427442748,0.2
380,174.4723122148678,18,1,0,0,1.2668657812412512,0.2
381,240.00367869817342,46,1,0,0,1.3044635569037957,0.2
382,188.0524232111428,25,1,0,0,1.396923604743041,0.2
383,194.87699789261546,35,1,0,0,1.2683372182624226,0.2
384,249.88244496818874,49,1,0,0,1.1927988203801712,0.2
385,175.0216382855443,25,1,0,0,1.4577882863798124,0.2
386,186.14395557182303,24,1,0,0,1.107592563112398,0.2
387,135.0238901287757,14,1,0,0,1.3131015305631664,0.2
388,148.32264770651602,13,1,0,0,1.2598025758176714,0.2
389,175.39697640204622,22,1,0,0,1.4221984753349002,0.2
390,126.62188137471458,8,1,0,0,1.1226872366888723,0.2
391,157.16946821917847,21,1,0,0,1.2951735862708171,0.2
392,160.0496949404805,16,1,0,0,1.449150677901685,0.2
393,225.22811247987488,44,1,0,0,1.487129544116468,0.2
394,218.73836382156006,29,1,0,0,1.3895678715701683,0.2
395,108.47030454769082,5,1,0,0,1.394348114636844,0.2
396,157.55260652475215,16,1,0,0,1.4025065180150489,0.2
397,186.51150671807443,22,1,0,0,1.4586456171520727,0.2
398,126.52478728966084,11,1,0,0,1.184546563721392,0.2
399,184.8922477647912,23,1,0,0,1.3639313007353855,0.2
400,130.75262354939485,9,1,0,0,1.3524910131879462,0.2
401,172.47465109441225,18,1,0,0,1.2988456498277259,0.2
402,181.4602682359215,23,1,0,0,1.4288161610411834,0.2
403,157.84741069953057,22,1,0,0,1.4455213239998315,0.2
404,134.12131208559452,24,1,0,0,1.4408006459668858,0.2
405,227.36901555013748,45,1,0,0,1.4331181669145916,0.2
406,172.60998089699703,21,1,0,0,1.4580015405257476,0.2
407,141.46723098472896,15,1,0,0,1.4601245829033398,0.2
408,137.0894850356124,10,1,0,0,1.4603038469801513,0.2
409,143.46535009007457,17,1,0,0,1.3399046017264218,0.2
410,174.93884561748283,22,1,0,0,1.4192061848810404,0.2
411,184.35986323350565,20,1,0,0,1.3540692437614885,0.2
412,179.03110943417414,18,1,0,0,1.2282242975048145,0.2
413,179.29756861520195,24,1,0,0,1.4067385857666463,0.2
414,147.78932812030558,13,1,0,0,1.1698967346990174,0.2
415,193.51655970244613,28,1,0,0,1.353238557981869,0.2
416,141.86742774916155,11,1,0,0,1.320767739029555,0.2
417,151.55864144055772,18,1,0,0,1.429504357339025,0.2
418,169.71543801437414,25,1,0,0,1.4443734825767942,0.2
419,243.83574787725587,47,1,0,0,1.4371996800813764,0.2
420,184.80771132198748,22,1,0,0,1.3680296835967696,0.2
421,153.3646819861887,15,1,0,0,1.3852758203923308,0.2
422,134.51729981529087,11,1,0,0,1.3877981144771154,0.2
423,150.57159906686883,20,1,0,0,1.3117496305687726,0.2
424,112.77770576942538,4,1,0,0,1.4887155652196886,0.2
425,143.19332400444915,16,1,0,0,1.4996203170828497,0.2
426,160.17497784716682,22,1,0,0,1.4489737278875923,0.2
427,264.5545989022171,58,1,0,0,1.4612328471492761,0.2
428,216.0149304483299,34,1,0,0,1.307167261709501,0.2
429,177.01086966522973,23,1,0,0,1.379440546475091,0.2
430,179.33515773283312,25,1,0,0,1.4468931374545573,0.2
431,167.20749327149048,21,1,0,0,1.3411975305431856,0.2
432,151.8099142844448,19,1,0,0,1.3879115943918396,0.2
433,122.75805085179097,8,1,0,0,1.2922522482032883,0.2
434,214.14068915511606,39,1,0,0,1.3652200774024423,0.2
435,184.40623732538836,23,1,0,0,1.4940986457679684,0.2
436,155.4012699408075,15,1,0,0,1.1123145366500173,0.2
437,149.1601245048185,14,1,0,0,1.476155946674877,0.2
438,115.52778080649963,6,1,0,0,1.399368769032766,0.2
439,202.82879762410684,23,1,0,0,1.3908267824410652,0.2
440,177.00089561956764,24,1,0,0,1.2477941065318343,0.2
441,208.77299949480806,26,1,0,0,1.3165227631203247,0.2
442,186.3344781249404,22,1,0,0,1.3930028664627572,0.2
443,236.18690066351388,46,1,0,0,1.4694866858871856,0.2
444,141.06987976273126,16,1,0,0,1.462790071103098,0.2
445,173.3247461072229,24,1,0,0,1.3226460105039082,0.2
446,190.1611676059849,29,1,0,0,1.4711829216762982,0.2
447,162.74412367630043,17,1,0,0,1.4023306061663534,0.2
448,176.16263208508983,21,1,0,0,1.193151332038209,0.2
449,168.5930704880165,25,1,0,0,1.2636150689876022,0.2
450,250.85103842729328,56,1,0,0,1.3113995923445336,0.2
451,193.7428212783066,32,1,0,0,1.4159410123429077,0.2
452,156.99205246814665,26,1,0,0,1.2264630168885648,0.2
453,112.19457620270032,6,1,0,0,1.492268267795619,0.2
454,225.43591859910734,46,1,0,0,1.4214973798479582,0.2
455,151.58396183618248,16,1,0,0,1.4143171339677763,0.2
456,182.14981184557453,28,1,0,0,1.3850565210639176,0.2
457,163.70099556484223,17,1,0,0,1.266899285554277,0.2
458,146.51031318384494,18,1,0,0,1.2520580048091765,0.2
459,151.73142701728287,17,1,0,0,1.2558921182381122,0.2
460,203.53066653909093,24,1,0,0,1.4349408438672349,0.2
461,196.56601766325014,27,1,0,0,1.2090221087812245,0.2
462,129.5724770992112,8,1,0,0,1.4080143940682213,0.2
463,192.68799331372608,23,1,0,0,1.403070814186647,0.2
464,160.28093695370742,23,1,0,0,1.4445222936678388,0.2
465,147.95629032832886,15,1,0,0,1.4847641691843634,0.2
466,176.78379237781627,21,1,0,0,1.315143056158695,0.2
467,202.18223479632232,33,1,0,0,1.2338314801439128,0.2
468,189.9785246340787,22,1,0,0,1.291109554050384,0.2
469,143.1858380642654,16,1,0,0,1.4898139334564424,0.2
470,177.66888815819652,23,1,0,0,1.2326184536233373,0.2
471,173.86961075172127,22,1,0,0,1.414793685040497,0.2
472,170.44012373570064,23,1,0,0,1.1368055217529909,0.2
473,188.00339303302235,24,1,0,0,1.2849844490390294,0.2
474,114.8077630057151,5,1,0,0,1.4490342548118729,0.2
475,164.68515548032445,17,1,0,0,1.2872621489326272,0.2
476,235.82715268920356,44,1,0,0,1.3191742569200544,0.2
477,118.32792171541955,5,1,0,0,1.378439392492114,0.2
478,156.90080279920775,20,1,0,0,1.447370919001699,0.2
479,157.37508698616602,16,1,0,0,1.4925995561210368,0.2
480,112.92273175453785,5,1,0,0,1.3845799924505595,0.2
481,172.99337830221896,19,1,0,0,1.4489886832256529,0.2
482,150.1767620713826,17,1,0,0,1.494836219464517,0.2
483,177.77260888293927,21,1,0,0,1.4884582525539065,0.2
484,136.53914122645585,12,1,0,0,1.319197841752616,0.2
485,187.4988196710467,25,1,0,0,1.2872386660857715,0.2
486,153.75802334051536,22,1,0,0,1.4525400806426996,0.2
487,186.2481122461296,23,1,0,0,1.3236679236660194,0.2
488,169.12581699785775,23,1,0,0,1.3884147936153353,0.2
489,142.67556878082905,13,1,0,0,1.308629245203905,0.2
490,168.14833440216114,20,1,0,0,1.358237013333816,0.2
491,149.0567175879761,13,1,0,0,1.4704739290300803,0.2
492,132.62239446846664,14,1,0,0,1.3794273334682599,0.2
493,154.3750068151749,19,1,0,0,1.2597380733043948,0.2
494,157.8853313551967,18,1,0,0,1.3144531735467713,0.2
495,138.61189570175793,16,1,0,0,1.2888454069819595,0.2
496,253.60067834681792,59,1,0,0,1.3934229936150524,0.2
497,182.2865789454711,25,1,0,0,1.2714985378112849,0.2
498,151.48042776632525,14,1,0,0,1.4429871057761692,0.2
499,163.23581052163718,15,1,0,0,1.3081084601680053,0.2
500,138.74785655409232,13,1,0,0,1.1876226232192024,0.2
501,132.9648186601765,9,1,0,0,1.478113400999455,0.2
502,185.46596577478152,26,1,0,0,1.4083781017201447,0.2
503,200.91077023739803,38,1,0,0,1.3628833490050947,0.2
504,175.36227824661557,19,1,0,0,1.4245131384014231,0.2
505,189.95857953688756,21,1,0,0,1.314871648253359,0.2
506,161.08502442312255,15,1,0,0,1.4283471757330535,0.2
507,177.6851823618093,21,1,0,0,1.2298442951976487,0.2
508,204.2855494388419,29,1,0,0,1.346588748155267,0.2
509,143.558106983656,15,1,0,0,1.3175001152507968,0.2
510,148.9889151361412,15,1,0,0,1.475331859181473,0.2
511,136.82055601200653,12,1,0,0,1.4235168765303676,0.2
512,161.90649880468425,21,1,0,0,1.3900611698912653,0.2
513,147.51531008028434,15,1,0,0,1.376124696066226,0.2
514,174.2010617657013,39,1,0,0,1.4293078242679433,0.2
515,160.58668811897863,15,1,0,0,1.300170254800519,0.2
516,146.20112234922453,18,1,0,0,1.4439481858373275,0.2
517,146.31936125970552,13,1,0,0,1.397837913872331,0.2
518,180.2202608830677,24,1,0,0,1.2948571331717786,0.2
519,135.1128941662497,17,1,0,0,1.30977269281065,0.2
520,245.39834705075637,52,1,0,0,1.4336012728373762,0.2
521,186.47879780298445,24,1,0,0,1.2739520359779106,0.2
522,172.12765522814698,18,1,0,0,1.323880309355931,0.2
523,164.40951064776954,17,1,0,0,1.395696685617181,0.2
524,223.07663187633185,47,1,0,0,1.4782314307143105,0.2
525,142.1603170156723,12,1,0,0,1.2443117071374725,0.2
526,191.85326150515175,92,1,0,0,1.4540815621452832,0.2
527,166.2471242123412,21,1,0,0,1.4249166891226082,0.2
528,195.6689394624706,25,1,0,0,1.2547921527494212,0.2
529,199.78681047319586,25,1,0,0,1.362468736718748,0.2
530,160.95918542283835,18,1,0,0,1.3326766350494923,0.2
531,172.89964312733923,26,1,0,0,1.1663666466854132,0.2
532,177.59813920640866,23,1,0,0,1.332054017989005,0.2
533,164.51297047589577,20,1,0,0,1.452307063446753,0.2
534,173.27998704216122,22,1,0,0,1.3172782208762248,0.2
535,194.6747124131644,29,1,0,0,1.3992913420333293,0.2
536,167.787000355727,17,1,0,0,1.3798962270680455,0.2
537,186.3393838905071,25,1,0,0,1.3115700239404273,0.2
538,162.57210342037172,25,1,0,0,1.4558178248164662,0.2
539,169.72189059629284,29,1,0,0,1.463976549622292,0.2
540,167.13277936122824,21,1,0,0,1.483941562762415,0.2
541,179.27665599992906,25,1,0,0,1.353508678564207,0.2
542,174.94178017091266,26,1,0,0,1.3278745021717855,0.2
543,172.87988036890474,26,1,0,0,1.388706800344104,0.2
544,176.14911410630316,21,1,0,0,1.4904181296619627,0.2
545,170.53487345005357,24,1,0,0,1.4148886888589687,0.2
546,152.1774014976457,15,1,0,0,1.3373235709018427,0.2
547,163.12301579108424,21,1,0,0,1.2934729708028838,0.2
548,177.59428470387138,36,1,0,0,1.430827991400159,0.2
549,151.13257950152575,18,1,0,0,1.460225780273177,0.2
550,112.31187148629766,5,1,0,0,1.4937511984782244,0.2
551,158.24476966738004,23,1,0,0,1.3084125090937226,0.2
552,161.98354117839995,21,1,0,0,1.4724618086708543,0.2
553,164.80303377124125,23,1,0,0,1.427858827557102,0.2
554,137.95011754046206,16,1,0,0,1.2434267391614282,0.2
555,143.51417883720796,13,1,0,0,1.2956945497981875,0.2
556,172.08042240391217,22,1,0,0,1.3808935478502398,0.2
557,179.74387886832534,25,1,0,0,1.4785816649143182,0.2
558,149.26863451494592,15,1,0,0,1.3352581988724606,0.2
559,168.11991258558152,23,1,0,0,1.4456792852945706,0.2
560,144.06271027608656,17,1,0,0,1.3379522901869871,0.2
561,148.42409268783535,19,1,0,0,1.4132937743643488,0.2
562,158.64925120987243,16,1,0,0,1.1932294923847229,0.2
563,135.70652801395715,13,1,0,0,1.4454396888561036,0.2
564,205.98668959843548,33,1,0,0,1.366091874551794,0.2
565,131.0921929357234,8,1,0,0,1.1518375301926844,0.2
566,203.79711060236443,30,1,0,0,1.3218800334933374,0.2
567,166.7729653992103,19,1,0,0,1.4219629130919915,0.2
568,172.43744977737066,19,1,0,0,1.3649256973178328,0.2
569,174.4125848723486,27,1,0,0,1.2275140065705687,0.2
570,204.09290540279662,24,1,0,0,1.25057649338128,0.2
571,124.30551957968127,9,1,0,0,1.3880691823241629,0.2
572,169.28125547648,24,1,0,0,1.4399127820189948,0.2
573,193.92239856700954,22,1,0,0,1.3747220812868317,0.2
574,133.83255771855153,12,1,0,0,1.1927305463310987,0.2
575,245.9812954869186,44,1,0,0,1.2397929945013428,0.2
576,160.91207651287,23,1,0,0,1.4211317488905113,0.2
577,191.40034264567038,21,1,0,0,1.2576860724439078,0.2
578,186.79711139287173,25,1,0,0,1.497667934309955,0.2
579,181.00968646767632,30,1,0,0,1.320765108721318,0.2
580,148.42572792887825,17,1,0,0,1.227019627733244,0.2
581,178.4764874031342,61,1,0,0,1.4406036650157634,0.2
582,129.20293348125384,9,1,0,0,1.2185372011239812,0.2
583,232.88757589243724,45,1,0,0,1.3626638962828233,0.2
584,164.66197634549656,15,1,0,0,1.187865111083242,0.2
585,216.23762235419886,33,1,0,0,1.2707795733398441,0.2
586,193.28083908520938,23,1,0,0,1.4129745510411897,0.2
587,255.50381656936733,48,1,0,0,1.4084786474320528,0.2
588,242.17392048456483,50,1,0,0,1.463195457515663,0.2
589,145.30592605626515,12,1,0,0,1.3184654253862949,0.2
590,119.52753268224227,7,1,0,0,1.418043341858535,0.2
591,175.01790491667956,21,1,0,0,1.4857489534526085,0.2
592,173.33718396251584,19,1,0,0,1.498579906043239,0.2
593,193.59527111977712,25,1,0,0,1.454686031715598,0.2
594,140.68994552276783,13,1,0,0,1.3650472571497692,0.2
595,122.30102439288015,11,1,0,0,1.462811894163222,0.2
596,158.01392067394943,14,1,0,0,1.280652408224097,0.2
597,182.14163014803967,20,1,0,0,1.3703880076645982,0.2
598,159.13573791770574,19,1,0,0,1.3531494186837456,0.2
599,154.42492897368868,27,1,0,0,1.4590556787432278,0.2
600,180.7937772358228,44,1,0,0,1.4981480604703878,0.2
601,125.65642987382017,12,1,0,0,1.400018597422212,0.2
602,151.5285913804969,13,1,0,0,1.4808007390422617,0.2
603,125.42859807863005,14,1,0,0,1.499449036254988,0.2
604,129.6930904765218,25,1,0,0,1.3202384145761603,0.2
605,132.51449150252913,9,1,0,0,1.4210156841862485,0.2
606,53.979391841269546,200,0,0,1,1.5993745121083007,0.2
607,142.64444845752078,16,1,0,0,1.2077992556855106,0.2
608,171.18419782324122,23,1,0,0,1.2647131923485495,0.2
609,151.44812651977276,18,1,0,0,1.4864936139751368,0.2
610,195.6550770895709,24,1,0,0,1.2258123800983225,0.2
611,152.8825882845853,20,1,0,0,1.3989829691320943,0.2
612,188.8344719319631,24,1,0,0,1.453041102262836,0.2
613,176.6953851587475,23,1,0,0,1.3877322496118154,0.2
614,217.88504726173147,36,1,0,0,1.2759842848865104,0.2
615,122.54371001445412,10,1,0,0,1.417508746248307,0.2
616,159.22901206042394,20,1,0,0,1.2994232503737668,0.2
617,157.44255759001257,24,1,0,0,1.450667167584378,0.2
618,186.6404221912069,21,1,0,0,1.3452322038180553,0.2
619,163.18967059287252,18,1,0,0,1.344423857716126,0.2
620,164.04951685980458,22,1,0,0,1.3060046495815134,0.2
621,123.27789809512637,9,1,0,0,1.255526892517892,0.2
622,233.13093947329347,45,1,0,0,1.4195849358099781,0.2
623,164.93617033849955,22,1,0,0,1.4090285341333242,0.2
624,209.7888919322851,41,1,0,0,1.277094051835207,0.2
625,195.9279651252703,23,1,0,0,1.224633339210443,0.2
626,171.10034209683027,19,1,0,0,1.3404573373035238,0.2
627,154.8421870387287,17,1,0,0,1.1860100789589005,0.2
628,200.25025969934148,26,1,0,0,1.3431877181303749,0.2
629,181.02272459607627,24,1,0,0,1.3750183799957794,0.2
630,132.2815989238312,9,1,0,0,1.3664415713943494,0.2
631,170.60232646374575,24,1,0,0,1.499922363171669,0.2
632,176.11396085620765,19,1,0,0,1.3533221197018976,0.2
633,235.43037361569628,45,1,0,0,1.3663458040442884,0.2
634,171.54195050298927,20,1,0,0,1.198034912232174,0.2
635,164.4660165862877,33,1,0,0,1.4455930736005091,0.2
636,162.39822034481267,19,1,0,0,1.3918253244632044,0.2
637,174.56457535472651,21,1,0,0,1.2879359759433802,0.2
638,190.8808664827624,27,1,0,0,1.4391259714856122,0.2
639,212.12163259371505,42,1,0,0,1.3222976781009166,0.2
640,195.08329644120477,27,1,0,0,1.311494975514311,0.2
641,183.17396879723816,21,1,0,0,1.2282847620327233,0.2
642,187.49238190956146,26,1,0,0,1.2256728876808123,0.2
643,181.62802879038063,24,1,0,0,1.4411602584987129,0.2
644,148.70571065753546,15,1,0,0,1.4710366440786222,0.2
645,163.4599079564326,34,1,0,0,1.4404221299880986,0.2
646,163.3652473817942,25,1,0,0,1.451980012460576,0.2
647,147.56473083576765,19,1,0,0,1.3390006004626276,0.2
648,164.00714650584155,19,1,0,0,1.2751934266821463,0.2
649,199.776442715952,28,1,0,0,1.407348506479121,0.2
650,220.62461299901742,72,1,0,0,1.382697276938084,0.2
651,178.3715450367874,24,1,0,0,1.3621222572043588,0.2
652,137.49802784993628,9,1,0,0,1.2878221052772207,0.2
653,182.67101589677054,24,1,0,0,1.3434439904050226,0.2
654,231.69374366517158,46,1,0,0,1.470848536196711,0.2
655,160.741602765406,22,1,0,0,1.499727261861643,0.2
656,140.62550436024551,10,1,0,0,1.4222069552202816,0.2
657,181.61559931174665,21,1,0,0,1.4405118948215994,0.2
658,197.13917834083205,23,1,0,0,1.3659990049549333,0.2
659,186.924833979219,23,1,0,0,1.452027146942349,0.2
660,135.48625776612135,47,1,0,0,1.4910689875138183,0.2
661,156.52771848418573,22,1,0,0,1.255046724142318,0.2
662,163.3808000366302,23,1,0,0,1.284649298438114,0.2
663,167.25614875903165,20,1,0,0,1.3245180176691236,0.2
664,154.14688718732165,18,1,0,0,1.2483962428596107,0.2
665,177.99730497028213,28,1,0,0,1.4199758287764488,0.2
666,192.30990762655233,25,1,0,0,1.4021910473044839,0.2
667,158.41185828069507,21,1,0,0,1.4066263985006464,0.2
668,108.00458574733113,3,1,0,0,1.3735519463938783,0.2
669,142.92854762436315,11,1,0,0,1.2354729771077848,0.2
670,178.2272896961631,21,1,0,0,1.4003054120591465,0.2
671,137.00539994605185,15,1,0,0,1.3493100235392625,0.2
672,187.83332807395703,28,1,0,0,1.315532936025566,0.2
673,146.8591519838987,17,1,0,0,1.3166797744433265,0.2
674,168.3666368252467,25,1,0,0,1.3144023003473322,0.2
675,171.98610023124704,22,1,0,0,1.2443200627674735,0.2
676,221.36101452268008,43,1,0,0,1.3164539003993385,0.2
677,198.347007867641,34,1,0,0,1.4224022297004135,0.2
678,185.82765925352527,30,1,0,0,1.4705093279395645,0.2
679,151.03466466936402,17,1,0,0,1.386138680075794,0.2
680,224.8103714943633,57,1,0,0,1.333556973068747,0.2
681,188.6489799306996,33,1,0,0,1.416179042888385,0.2
682,149.7264973621323,14,1,0,0,1.2710814981759946,0.2
683,132.03451313566578,11,1,0,0,1.4849768356086273,0.2
684,200.330185828627,31,1,0,0,1.200584242735637,0.2
685,191.14160033812857,27,1,0,0,1.4717710488769618,0.2
686,199.34868993280207,25,1,0,0,1.2143076086021327,0.2
687,161.83216845801027,21,1,0,0,1.3625457141089619,0.2
688,162.50916401751078,18,1,0,0,1.3728745600138748,0.2
689,182.96246908834922,31,1,0,0,1.450903295105048,0.2
690,157.80071867851564,17,1,0,0,1.2586004010205922,0.2
691,155.89663691260802,18,1,0,0,1.3250759227042161,0.2
692,254.76455666855156,51,1,0,0,1.3717266462021043,0.2
693,223.45052290099818,38,1,0,0,1.3285235867210212,0.2
694,166.2456898786316,20,1,0,0,1.476840715421373,0.2
695,167.33154246521542,23,1,0,0,1.2846036936588223,0.2
696,116.32363080758148,7,1,0,0,1.479643190517065,0.2
697,212.009301385837,48,1,0,0,1.4229724306649867,0.2
698,178.34268942091865,23,1,0,0,1.3828785963594754,0.2
699,217.72769460065922,37,1,0,0,1.371776050656253,0.2
700,184.73566471877587,28,1,0,0,1.4554844434744292,0.2
701,168.19471822368592,25,1,0,0,1.3801526720239408,0.2
702,156.8305950852679,51,1,0,0,1.484110241242689,0.2
703,171.33046336269553,24,1,0,0,1.4806745802853323,0.2
704,165.32260631540888,18,1,0,0,1.4767602719491812,0.2
705,133.2695257449342,15,1,0,0,1.4995813025591824,0.2
706,165.13287746799327,34,1,0,0,1.4649459127069502,0.2
707,169.2484607806747,28,1,0,0,1.4822377950002612,0.2
708,190.62940195083144,25,1,0,0,1.331004593218587,0.2
709,208.93812089646934,34,1,0,0,1.4947169237824265,0.2
710,147.67263499480916,33,1,0,0,1.4747404124682504,0.2
711,207.06037078856076,27,1,0,0,1.1592556927708622,0.2
712,122.69053369100398,9,1,0,0,1.2599566937634976,0.2
713,124.92063240118186,10,1,0,0,1.4436068139188822,0.2
714,217.18647926636305,33,1,0,0,1.2753708466016749,0.2
715,157.54941298531077,21,1,0,0,1.373433451989972,0.2
716,202.0342770869989,39,1,0,0,1.487527304344699,0.2
717,111.56582957403032,47,1,0,0,1.3920231372457015,0.2
718,169.5369596712292,16,1,0,0,1.1314131580320075,0.2
719,145.5581876883458,15,1,0,0,1.2629231740512394,0.2
720,150.2987927157164,17,1,0,0,1.2723062669959844,0.2
721,137.86372522499965,14,1,0,0,1.3458220511609573,0.2
722,269.19605622703136,63,1,0,0,1.357237250405334,0.2
723,127.30883923748172,99,1,0,0,1.4832678441160907,0.2
724,168.4200726802265,25,1,0,0,1.3140119558256391,0.2
725,114.10437048819608,10,1,0,0,1.320047789614568,0.2
726,147.88509672505367,12,1,0,0,1.1695141641141762,0.2
727,156.19963348364945,24,1,0,0,1.4280369009627336,0.2
728,177.62610560664186,20,1,0,0,1.3801750619017699,0.2
729,149.12075130683274,15,1,0,0,1.4483188415483548,0.2
730,139.57611621226928,12,1,0,0,1.4946637667061677,0.2
731,158.76570736691752,19,1,0,0,1.3763731355205056,0.2
732,179.8172607428857,24,1,0,0,1.4536031956212068,0.2
733,265.6089624902279,65,1,0,0,1.263832721316545,0.2
734,143.89785377756687,15,1,0,0,1.2949064011299747,0.2
735,165.67864717269111,19,1,0,0,1.4223654508888586,0.2
736,135.74598609371606,17,1,0,0,1.4395246111035023,0.2
737,145.5098918701359,57,1,0,0,1.4879901628388121,0.2
738,205.27571919522182,37,1,0,0,1.4962246312860072,0.2
739,131.79042354927918,15,1,0,0,1.4090954449845001,0.2
740,170.35700138924187,23,1,0,0,1.1417678873515098,0.2
741,147.64277304375418,20,1,0,0,1.4722847468234044,0.2
742,163.39548171132927,17,1,0,0,1.4842873519438087,0.2
743,133.18123744823873,38,1,0,0,1.4763884669130705,0.2
744,167.35202876764245,38,1,0,0,1.34440992655645,0.2
745,186.83441917891497,23,1,0,0,1.4631100237526609,0.2
746,181.51929710137082,52,1,0,0,1.4689803308524656,0.2
747,190.23226397915693,21,1,0,0,1.3219747246242386,0.2
748,151.55259787376815,13,1,0,0,1.3838282966569406,0.2
749,161.84685984316783,26,1,0,0,1.443298054008533,0.2
750,187.5603900748642,24,1,0,0,1.3602892062146805,0.2
751,142.22110938982965,12,1,0,0,1.4207831446080084,0.2
752,184.04520930634982,22,1,0,0,1.3074171385172348,0.2
753,180.3720236071988,25,1,0,0,1.217518377948625,0.2
754,183.2018356518309,98,1,0,0,1.415081359252357,0.2
755,189.8569526346821,26,1,0,0,1.1522335692726713,0.2
756,160.7191576172372,23,1,0,0,1.4688637222631258,0.2
757,100.0,1,1,0,0,1.2219028699441752,0.2
758,139.8761898190321,16,1,0,0,1.3183658088129533,0.2
759,190.88438300105764,25,1,0,0,1.4515482979392884,0.2
760,133.86728770665522,12,1,0,0,1.367168462449124,0.2
761,154.44593445839558,20,1,0,0,1.3392134637904314,0.2
762,167.28231887710737,19,1,0,0,1.377137129091452,0.2
763,158.7308600209559,19,1,0,0,1.4605650766718317,0.2
764,183.15078865053076,21,1,0,0,1.0869801856814143,0.2
765,158.30846990160012,17,1,0,0,1.365802270889591,0.2
766,113.54554366665647,7,1,0,0,1.3974925667009168,0.2
767,144.08218748716394,15,1,0,0,1.2888220928715397,0.2
768,148.69542781255566,17,1,0,0,1.324317080192295,0.2
769,181.3498593218547,22,1,0,0,1.220419885905748,0.2
770,182.4641327545561,25,1,0,0,1.3999512339632556,0.2
771,169.89967760537527,19,1,0,0,1.190984824382448,0.2
772,179.11735834068412,25,1,0,0,1.4110889997975586,0.2
773,172.5515288017316,22,1,0,0,1.4813094453900728,0.2
774,132.48666614486484,10,1,0,0,1.4608124201040966,0.2
775,152.38375094480233,14,1,0,0,1.304402582532061,0.2
776,188.07562973495857,26,1,0,0,1.3372474392016385,0.2
777,183.39531169617334,26,1,0,0,1.476501799302026,0.2
778,107.75832883799032,13,1,0,0,1.441408064072098,0.2
779,164.84132311712784,24,1,0,0,1.4683448541145678,0.2
780,159.8126812808092,23,1,0,0,1.455907256735601,0.2
781,143.5527846153829,17,1,0,0,1.3867445970927637,0.2
782,126.06304003687146,13,1,0,0,1.3962106726291308,0.2
783,148.77422213402048,18,1,0,0,1.2590352564838092,0.2
784,175.81445981338908,25,1,0,0,1.2937730065269863,0.2
785,184.60724361348048,36,1,0,0,1.4191014556614814,0.2
786,129.9231565274957,12,1,0,0,1.4543927114141217,0.2
787,205.7399769379473,53,1,0,0,1.3574439667170886,0.2
788,169.4807887095771,23,1,0,0,1.2778802921257577,0.2
789,146.3295979561794,16,1,0,0,1.3414687872882034,0.2
790,158.57152050709058,50,1,0,0,1.3986999579953432,0.2
791,177.320812377267,24,1,0,0,1.3654215596154455,0.2
792,155.61739709524286,16,1,0,0,1.3160733160814089,0.2
793,163.40254500137036,21,1,0,0,1.4649955034411188,0.2
794,189.23752529603155,43,1,0,0,1.463156575100424,0.2
795,120.57335130487476,7,1,0,0,1.2833341920326349,0.2
796,155.00675685953183,17,1,0,0,1.2917696203562004,0.2
797,167.02653607151024,22,1,0,0,1.324631582252001,0.2
798,188.7254778408203,50,1,0,0,1.4180450748417344,0.2
799,256.8042036470189,53,1,0,0,1.3249114271037532,0.2
800,170.5311557864756,19,1,0,0,1.3653262973954878,0.2
801,169.45061393868258,19,1,0,0,1.3197332978260392,0.2
802,167.3027376807497,58,1,0,0,1.3989474046940769,0.2
803,146.46440684008957,151,1,0,0,1.4664666644196296,0.2
804,151.79697640108222,16,1,0,0,1.3498925082447086,0.2
805,209.69285807183883,42,1,0,0,1.4145458067655206,0.2
806,159.22552559301923,16,1,0,0,1.3051006571978343,0.2
807,129.20437736208982,9,1,0,0,1.1626318378949028,0.2
808,161.08996788068026,17,1,0,0,1.382223404171825,0.2
809,236.9774059012049,66,1,0,0,1.4908863152196696,0.2
810,214.2195220143575,37,1,0,0,1.2910164711198693,0.2
811,180.0061075419635,26,1,0,0,1.491121778549131,0.2
812,139.15164706892938,20,1,0,0,1.4660999869052866,0.2
813,176.29440812957807,24,1,0,0,1.3683334421010311,0.2
814,129.73590158573276,69,1,0,0,1.3964176309317318,0.2
815,161.0831821544346,27,1,0,0,1.3292302392033808,0.2
816,149.4785869047758,14,1,0,0,1.246576782596163,0.2
817,183.5752425774225,37,1,0,0,1.4554928059392256,0.2
818,148.9579974765219,20,1,0,0,1.2202954076153265,0.2
819,148.7940671260645,18,1,0,0,1.487557556508092,0.2
820,155.18827962426872,16,1,0,0,1.473097836956429,0.2
821,130.90531419191242,12,1,0,0,1.201250781168679,0.2
822,181.9264273966845,21,1,0,0,1.4490755375485527,0.2
823,107.29771344777654,99,1,0,0,1.4729787006560462,0.2
824,165.7541049903695,26,1,0,0,1.2449163733244142,0.2
825,162.5979397811822,19,1,0,0,1.4757353072873958,0.2
826,168.8090907890057,28,1,0,0,1.4550924971930883,0.2
827,180.39703267633718,25,1,0,0,1.3810739720577738,0.2
828,212.2877938055162,31,1,0,0,1.4314058276092503,0.2
829,184.70284355586983,27,1,0,0,1.4407060770438225,0.2
830,162.66383430951728,32,1,0,0,1.4168072482618135,0.2
831,147.25514342776756,19,1,0,0,1.3697868112189602,0.2
832,147.51657114556625,200,0,0,1,2.044771369234358,0.2
833,207.19848531053566,26,1,0,0,1.4614750903385167,0.2
834,204.78593461492562,35,1,0,0,1.4928114906193806,0.2
835,179.43585722060595,21,1,0,0,1.3741173271168663,0.2
836,126.03014632070398,10,1,0,0,1.367083987222585,0.2
837,161.26455165354326,62,1,0,0,1.4719585710406273,0.2
838,152.25869711509804,55,1,0,0,1.4115840423932169,0.2
839,182.7998335344576,27,1,0,0,1.3639303039207493,0.2
840,159.98116411987607,18,1,0,0,1.2151980387092332,0.2
841,212.65343753648688,57,1,0,0,1.3386305486493713,0.2
842,165.2865651775541,18,1,0,0,1.3578603176011086,0.2
843,175.30834379339717,18,1,0,0,1.4817362607820466,0.2
844,195.46065773323423,36,1,0,0,1.221916391821536,0.2
845,195.19524870706454,26,1,0,0,1.3847582292900518,0.2
846,159.28364933850185,22,1,0,0,1.4705594966145819,0.2
847,141.24812492681815,14,1,0,0,1.318408886995798,0.2
848,223.8783436393515,79,1,0,0,1.4816163099204325,0.2
849,224.1841696557342,45,1,0,0,1.4738309267803962,0.2
850,-0.2213975354949247,200,0,0,1,1.8615686396875533,0.2
851,172.78352143909342,20,1,0,0,1.324472542927295,0.2
852,179.7685834761612,25,1,0,0,1.3647741045104984,0.2
853,171.1052214216366,17,1,0,0,1.4218535096752412,0.2
854,214.1368502040733,37,1,0,0,1.338484025057712,0.2
855,131.94772160596284,13,1,0,0,1.4557829968085583,0.2
856,152.44358437646846,15,1,0,0,1.3498328341050487,0.2
857,127.37153054432252,11,1,0,0,1.452022644042428,0.2
858,115.71013301958146,8,1,0,0,1.3953409964812533,0.2
859,155.3943764172432,21,1,0,0,1.2350928475243246,0.2
860,142.28490622170744,73,1,0,0,1.4935046299474095,0.2
861,185.89122397437433,33,1,0,0,1.496518287259959,0.2
862,127.14068069111256,11,1,0,0,1.2929109546107747,0.2
863,231.3770846192038,48,1,0,0,1.319885734914003,0.2
864,137.88785328180995,10,1,0,0,1.4868679781081189,0.2
865,162.37677405162367,14,1,0,0,1.1155787842991587,0.2
866,171.40601038570443,32,1,0,0,1.3900076443703124,0.2
867,145.38962921442206,14,1,0,0,1.3276958774721181,0.2
868,133.79256700391215,17,1,0,0,1.4350259811625055,0.2
869,156.38656469997107,19,1,0,0,1.3634751190771615,0.2
870,184.4911483102806,31,1,0,0,1.3887881280275014,0.2
871,180.21153198423346,35,1,0,0,1.4899784199493074,0.2
872,152.96915392408357,21,1,0,0,1.3705692266791496,0.2
873,213.69921764824818,27,1,0,0,1.3231302914667122,0.2
874,194.6559591389687,26,1,0,0,1.3540008757123765,0.2
875,166.8580945305198,27,1,0,0,1.309384153609595,0.2
876,204.27384937994293,27,1,0,0,1.2836021161874238,0.2
877,160.24168229931374,23,1,0,0,1.3584437981622932,0.2
878,251.60598570347307,58,1,0,0,1.3691717217939159,0.2
879,148.96103642855383,23,1,0,0,1.4882273569515534,0.2
880,171.6432885845318,26,1,0,0,1.2729857249161343,0.2
881,267.5017850031536,55,1,0,0,1.282251957534584,0.2
882,153.3966745121627,22,1,0,0,1.4292104777320787,0.2
883,187.86463808186744,25,1,0,0,1.4789481682428662,0.2
884,149.1127894565057,40,1,0,0,1.493304172474909,0.2
885,173.26027711165756,18,1,0,0,1.2986876784502754,0.2
886,170.0475685001254,21,1,0,0,1.4856495536708947,0.2
887,139.87502192953482,75,1,0,0,1.445514435726439,0.2
888,183.33601920044072,21,1,0,0,1.3313217648943494,0.2
889,184.1448563262548,27,1,0,0,1.4209037112847223,0.2
890,176.89803517130696,25,1,0,0,1.385775998855925,0.2
891,165.39371404597108,23,1,0,0,1.4548895411963636,0.2
892,159.75511440837545,56,1,0,0,1.3064545886965493,0.2
893,155.8111882380506,18,1,0,0,1.1620698329549415,0.2
894,113.70032832503028,7,1,0,0,1.266868718920668,0.2
895,169.7611386426863,42,1,0,0,1.496647764408271,0.2
896,142.6290987089551,16,1,0,0,1.4041512841094688,0.2
897,131.52819848143443,47,1,0,0,1.3851905327277578,0.2
898,150.11597543093868,16,1,0,0,1.331455567773805,0.2
899,127.16058790413095,11,1,0,0,1.456195203753329,0.2
900,169.63258106153677,23,1,0,0,1.4411516035412526,0.2
901,138.72616615334528,39,1,0,0,1.4292325020967538,0.2
902,158.38483635991471,149,1,0,0,1.4835107545565254,0.2
903,208.06211838899634,41,1,0,0,1.4356961587166812,0.2
904,119.11844146767768,14,1,0,0,1.2744014593393145,0.2
905,164.2051407717735,18,1,0,0,1.3708580664609087,0.2
906,165.00871537958795,25,1,0,0,1.4306758251604306,0.2
907,158.6719757404813,18,1,0,0,1.4408910574500058,0.2
908,146.5073375858837,135,1,0,0,1.4515006160324426,0.2
909,152.75768909453413,20,1,0,0,1.4983957785858177,0.2
910,182.2358314129841,70,1,0,0,1.4828049001871988,0.2
911,266.8529925304474,61,1,0,0,1.4953312063755744,0.2
912,159.67872234448274,30,1,0,0,1.4628990307327887,0.2
913,170.54189544367034,18,1,0,0,1.2760662811688124,0.2
914,166.99833981224143,17,1,0,0,1.4305389520782332,0.2
915,181.2275473729609,24,1,0,0,1.4516239914538474,0.2
916,225.2985823198519,85,1,0,0,1.4863558937264172,0.2
917,196.66183820077347,26,1,0,0,1.3388395919536158,0.2
918,108.54823301629496,200,0,0,1,1.512755552921278,0.2
919,234.39295152793582,45,1,0,0,1.4243631845918538,0.2
920,114.69637748542142,10,1,0,0,1.466013769931096,0.2
921,166.12624706809083,32,1,0,0,1.483321305393214,0.2
922,181.57142058398546,28,1,0,0,1.4689646138153063,0.2
923,135.41931999839622,33,1,0,0,1.4592942571361331,0.2
924,187.82798648997522,25,1,0,0,1.416826668687783,0.2
925,131.2322070370783,12,1,0,0,1.1758553724642604,0.2
926,112.92812858537755,7,1,0,0,1.484846900609572,0.2
927,139.41755565053688,13,1,0,0,1.3907545000740478,0.2
928,197.59894383206105,25,1,0,0,1.4302363889381535,0.2
929,162.1763375338296,64,1,0,0,1.4587605641555725,0.2
930,144.85412841506346,16,1,0,0,1.349209838510907,0.2
931,147.9573397439001,19,1,0,0,1.4937666035899413,0.2
932,177.60063481363392,28,1,0,0,1.4117865787511314,0.2
933,207.12031604184315,26,1,0,0,1.4872966048543101,0.2
934,182.0498917108681,35,1,0,0,1.4631895676565252,0.2
935,214.7262527497001,28,1,0,0,1.2299718272539812,0.2
936,180.37276893150215,40,1,0,0,1.4118098822031244,0.2
937,180.9713271523771,24,1,0,0,1.4687120947130032,0.2
938,152.72080725077998,65,1,0,0,1.3890665857926077,0.2
939,220.78745001909067,40,1,0,0,1.3152330360757836,0.2
940,138.49152001446691,36,1,0,0,1.4305189125531763,0.2
941,187.59232772842304,27,1,0,0,1.4785888891814394,0.2
942,204.15440484625498,55,1,0,0,1.4764476783391605,0.2
943,267.9272412278008,53,1,0,0,1.2263917334599581,0.2
944,202.23302779092617,25,1,0,0,1.2528163410784785,0.2
945,111.44567032366544,5,1,0,0,1.2911064372402972,0.2
946,200.757152598245,115,1,0,0,1.4896238199762293,0.2
947,167.08879664986065,23,1,0,0,1.4872055840403484,0.2
948,203.29883336561147,37,1,0,0,1.4866134010842391,0.2
949,156.07032024898768,163,1,0,0,1.4647649047079172,0.2
950,193.03063595858742,36,1,0,0,1.4726259380788962,0.2
951,166.76796553449475,19,1,0,0,1.3630631282879904,0.2
952,187.52362203788994,24,1,0,0,1.371433669173113,0.2
953,184.97537242678868,45,1,0,0,1.4665859174457967,0.2
954,141.26792048592645,17,1,0,0,1.352223768727711,0.2
955,121.91465731162968,18,1,0,0,1.4961092020248143,0.2
956,164.29135630443704,18,1,0,0,1.4032890554688782,0.2
957,155.20473168624204,18,1,0,0,1.4066602703114541,0.2
958,163.07098800099897,200,0,0,1,2.2988849061831007,0.2
959,157.74063675464754,22,1,0,0,1.487441666084949,0.2
960,185.67242979056772,27,1,0,0,1.4973105179013444,0.2
961,158.47226209621545,19,1,0,0,1.3911694628047697,0.2
962,128.8257726524227,8,1,0,0,1.3216308126003713,0.2
963,222.33438801033023,73,1,0,0,1.4538253304888753,0.2
964,168.31657631422974,16,1,0,0,1.4286519703424039,0.2
965,175.14800698197365,47,1,0,0,1.484002515501024,0.2
966,147.38185167514277,19,1,0,0,1.4498332348484124,0.2
967,140.65823002673312,96,1,0,0,1.4613437117540093,0.2
968,51.480247216208646,200,0,0,1,1.8854442161071818,0.2
969,188.3574510891459,38,1,0,0,1.4683995405904042,0.2
970,153.56480317221255,24,1,0,0,1.3625035396813558,0.2
971,142.72719721807303,17,1,0,0,1.418927278500943,0.2
972,160.4373213250139,26,1,0,0,1.4186743720628638,0.2
973,187.56162934429221,29,1,0,0,1.4223594250203655,0.2
974,137.95500039293623,10,1,0,0,1.457115438849794,0.2
975,149.75025873938563,18,1,0,0,1.3375162041610982,0.2
976,239.3579250157462,43,1,0,0,1.1001683088740142,0.2
977,148.27862270368436,21,1,0,0,1.3869737003907128,0.2
978,183.84290307835852,22,1,0,0,1.360505108409771,0.2
979,132.58854201342018,38,1,0,0,1.398271332991909,0.2
980,179.657060565862,20,1,0,0,1.4004718453749714,0.2
981,152.57029195861742,15,1,0,0,1.3357281519728306,0.2
982,176.94586495653388,21,1,0,0,1.3832477907777718,0.2
983,215.7585572399501,36,1,0,0,1.4407149494768259,0.2
984,192.17284945520868,28,1,0,0,1.478365482821898,0.2
985,183.40301163843722,35,1,0,0,1.4966074716166338,0.2
986,141.05838911972745,12,1,0,0,1.2654814773976544,0.2
987,182.88776451946723,26,1,0,0,1.4920044948221411,0.2
988,157.6610744200438,24,1,0,0,1.4900636594552203,0.2
989,155.04594440955452,22,1,0,0,1.2689757321371837,0.2
990,156.81652847834675,21,1,0,0,1.4299629436902015,0.2
991,174.03635898209689,21,1,0,0,1.4176734172055088,0.2
992,219.92007692599935,129,1,0,0,1.3166885784845266,0.2
993,146.8584805193573,17,1,0,0,1.4049820122313976,0.2
994,170.3892789009953,25,1,0,0,1.4750556977760407,0.2
995,179.11614876767896,99,1,0,0,1.4573107864590402,0.2
996,213.76741338785047,71,1,0,0,1.4636302585747554,0.2
997,141.49655840792178,75,1,0,0,1.4968137211871801,0.2
998,134.39042847110082,10,1,0,0,1.4270863878556914,0.2
999,154.78082125007472,17,1,0,0,1.2892422741765102,0.2
1000,164.12151922129448,22,1,0,0,1.309694188636228,0.2
1001,12.052714751299256,18,0,1,0,2.8227765105554607,0.2
1002,191.76973633597618,24,1,0,0,1.4530883472788727,0.2
1003,151.13564473073285,23,1,0,0,1.3836604088658926,0.2
1004,110.57692582741197,5,1,0,0,1.4947621154804343,0.2
1005,245.00097760867183,52,1,0,0,1.3843786807739697,0.2
1006,178.43763964292282,19,1,0,0,1.1528180891670248,0.2
1007,139.2502144760441,10,1,0,0,1.4301785006637804,0.2
1008,188.9814645567568,112,1,0,0,1.3920209464010833,0.2
1009,-9.824320110387283,14,0,1,0,4.74887434631753,0.2
1010,170.24432475796993,20,1,0,0,1.2806347517525,0.2
1011,158.77962232350924,40,1,0,0,1.4434488351288888,0.2
1012,3.597973472087567,15,0,1,0,3.921058940432552,0.2
1013,183.3588553772583,26,1,0,0,1.4427525929619984,0.2
1014,188.05360353140273,25,1,0,0,1.451299725581446,0.2
1015,230.05904709083347,47,1,0,0,1.3574428698688006,0.2
1016,-23.91377654785599,8,0,1,0,2.8820769360152476,0.2
1017,133.5666119507112,19,1,0,0,1.4001805553472573,0.2
1018,208.84539832538238,54,1,0,0,1.4823112364498532,0.2
1019,131.06275619803753,8,1,0,0,1.4546902547728404,0.2
1020,138.97357151672793,18,1,0,0,1.2766676361478086,0.2
1021,189.39038482610414,25,1,0,0,1.3282632538211931,0.2
1022,154.82865409607976,28,1,0,0,1.4032682347042018,0.2
1023,-35.658077601610614,5,0,1,0,3.794621468151478,0.2
1024,-50.0,1,0,1,0,3.389484113927266,0.2
1025,176.78821504905102,26,1,0,0,1.4687231004724863,0.2
1026,-17.91709577246369,13,0,1,0,5.552995623678374,0.2
1027,152.81676813733566,24,1,0,0,1.4407009582255688,0.2
1028,142.77377792278457,15,1,0,0,1.249829210318424,0.2
1029,149.77008076205522,19,1,0,0,1.408633646360787,0.2
1030,-48.97463142062958,2,0,1,0,7.8045762500055496,0.2
1031,179.52969532808356,21,1,0,0,1.3726298048750791,0.2
1032,218.09768731885347,39,1,0,0,1.3882466221180216,0.2
1033,184.21836268832476,25,1,0,0,1.3572138637640836,0.2
1034,-46.82813521509775,2,0,1,0,5.130171994343959,0.2
1035,-35.31144428540343,5,0,1,0,5.573589424554763,0.2
1036,195.18873089585188,34,1,0,0,1.3568372666635837,0.2
1037,-25.15416923222378,10,0,1,0,4.82215989525934,0.2
1038,-20.188634178950274,10,0,1,0,2.8975907232345017,0.2
1039,183.16152361895433,28,1,0,0,1.4041942423053713,0.2
1040,141.2557423600226,17,1,0,0,1.4771448486549847,0.2
1041,163.65145437655664,20,1,0,0,1.350314909757483,0.2
1042,173.28374161445888,23,1,0,0,1.2697735781963517,0.2
1043,206.6304405770245,183,1,0,0,1.4100148822219263,0.2
1044,-2.0354377680401043,12,0,1,0,5.1869838480260455,0.2
1045,125.17143272149971,8,1,0,0,1.3902447978935015,0.2
1046,209.29478192872426,73,1,0,0,1.3530437108515072,0.2
1047,159.5617045351422,15,1,0,0,1.2767169376032381,0.2
1048,164.25718653672845,21,1,0,0,1.4172735841484583,0.2
1049,-1.3537183222258022,17,0,1,0,4.001678807263141,0.2
1050,119.30289076221457,5,1,0,0,1.374263906582946,0.2
1051,124.52601662510513,11,1,0,0,1.3944278794454048,0.2
1052,-32.79666430512593,6,0,1,0,8.546342761891308,0.2
1053,227.06489664442935,180,1,0,0,1.3532993461657956,0.2
1054,209.33454669008017,43,1,0,0,1.4755406500244994,0.2
1055,-50.0,1,0,1,0,4.167298461222725,0.2
1056,-5.79644925814906,13,0,1,0,4.65121989764426,0.2
1057,163.80415256095563,25,1,0,0,1.386301269390991,0.2
1058,170.01728732016923,57,1,0,0,1.495829145498989,0.2
1059,193.68959635208063,30,1,0,0,1.4426336736926,0.2
1060,-40.43715243246765,4,0,1,0,4.414050566566458,0.2
1061,-43.505928154986734,3,0,1,0,6.808333450595539,0.2
1062,-14.286160590972237,9,0,1,0,4.041876865292715,0.2
1063,137.276847481651,13,1,0,0,1.219970998759021,0.2
1064,145.5413927359681,15,1,0,0,1.2214020835784272,0.2
1065,197.7369932200348,30,1,0,0,1.304440900367704,0.2
1066,176.58231840093418,26,1,0,0,1.3633397355943466,0.2
1067,191.40679356143232,22,1,0,0,1.162721893215527,0.2
1068,235.32137593798296,42,1,0,0,1.3479471513159103,0.2
1069,203.63557366018208,33,1,0,0,1.291446318253441,0.2
1070,-38.37276690750729,6,0,1,0,2.8473632824476374,0.2
1071,259.4448987632404,77,1,0,0,1.3773064987234573,0.2
1072,163.57862061310027,18,1,0,0,1.3342534301741586,0.2
1073,181.06991190016174,22,1,0,0,1.4460787871762473,0.2
1074,216.51005129927796,45,1,0,0,1.370099101172164,0.2
1075,170.8450874536182,22,1,0,0,1.435087075891762,0.2
1076,154.59398506301892,21,1,0,0,1.2525563407318623,0.2
1077,190.22785805519055,24,1,0,0,1.2669707753745727,0.2
1078,182.08432813164166,22,1,0,0,1.451976379315047,0.2
1079,118.61116827873651,7,1,0,0,1.4335476118555743,0.2
1080,174.32583970371874,28,1,0,0,1.413054575176029,0.2
1081,239.3321182412787,48,1,0,0,1.4501890864336047,0.2
1082,208.62633484940466,36,1,0,0,1.4540832851698253,0.2
1083,173.76249113163004,25,1,0,0,1.2326991301958243,0.2
1084,157.16200434529722,17,1,0,0,1.3787419017904456,0.2
1085,170.62506331329826,23,1,0,0,1.2703768448501103,0.2
1086,-19.488087791183002,8,0,1,0,3.9501836667457715,0.2
1087,-16.91494002578804,12,0,1,0,4.174776739822225,0.2
1088,140.23292293843787,20,1,0,0,1.4606921349412862,0.2
1089,15.804703946822912,16,0,1,0,4.005898472329136,0.2
1090,188.58416080864646,35,1,0,0,1.460539778069684,0.2
1091,212.4211196576502,27,1,0,0,1.2706008945143445,0.2
1092,126.81100691342013,9,1,0,0,1.4874971122758829,0.2
1093,-6.702986374642649,12,0,1,0,5.6706655458050115,0.2
1094,193.69891294613316,33,1,0,0,1.3424553965109032,0.2
1095,-9.78250453790401,11,0,1,0,5.335236721663516,0.2
1096,146.11112114650405,60,1,0,0,1.4505299653555315,0.2
1097,174.78341014741727,22,1,0,0,1.3847636825308962,0.2
1098,175.02505572936633,27,1,0,0,1.4419930234113083,0.2
1099,174.46435010262985,46,1,0,0,1.440274327492563,0.2
1100,193.25121838346286,24,1,0,0,1.4658344293793832,0.2
1101,195.03680029287648,71,1,0,0,1.38094540202292,0.2
1102,116.96839221531208,9,1,0,0,1.2619696773296498,0.2
1103,150.7942429081376,15,1,0,0,1.41847803579685,0.2
1104,132.8988490245572,13,1,0,0,1.2203434704820815,0.2
1105,166.48659334357757,17,1,0,0,1.327927009859218,0.2
1106,188.08565219695035,23,1,0,0,1.2453870325081298,0.2
1107,171.87703992390766,22,1,0,0,1.4715239729264376,0.2
1108,194.4961944847226,23,1,0,0,1.2659695531350696,0.2
1109,-31.081155896778665,6,0,1,0,10.652511699056063,0.2
1110,143.2752067786283,17,1,0,0,1.3384368349743254,0.2
1111,187.01620382916065,32,1,0,0,1.4802720179748208,0.2
1112,163.68112815685612,18,1,0,0,1.2830541003272322,0.2
1113,-18.63511786580842,8,0,1,0,6.319137987652592,0.2
1114,186.12511388527403,52,1,0,0,1.4471114709728463,0.2
1115,222.60116290828137,34,1,0,0,1.341757159106112,0.2
1116,128.36039316175916,9,1,0,0,1.2896817816567354,0.2
1117,203.44213537024643,24,1,0,0,1.4201948765795938,0.2
1118,151.003974354848,19,1,0,0,1.4983423648591097,0.2
1119,130.78905021701345,12,1,0,0,1.2299089846643227,0.2
1120,178.95001449007606,22,1,0,0,1.2006982791886034,0.2
1121,184.62799998087405,86,1,0,0,1.449310854693733,0.2
1122,141.56883342722568,19,1,0,0,1.3894206559757465,0.2
1123,-8.590272784577571,10,0,1,0,5.01303347559189,0.2
1124,145.85611041970412,15,1,0,0,1.4838612494923828,0.2
1125,166.7496758851058,21,1,0,0,1.30925794564776,0.2
1126,164.51085599531925,19,1,0,0,1.1923596482535945,0.2
1127,172.8346516792676,20,1,0,0,1.2636270056497343,0.2
1128,-50.0,1,0,1,0,7.004780635985146,0.2
1129,-30.94037120049897,6,0,1,0,3.5386181282292415,0.2
1130,178.9377947038882,26,1,0,0,1.434075202167598,0.2
1131,-29.42820827900308,8,0,1,0,8.649532155787405,0.2
1132,199.14248238181858,61,1,0,0,1.495019667576485,0.2
1133,217.41601758260612,34,1,0,0,1.3732261984886096,0.2
1134,-24.74581887839608,7,0,1,0,4.088378739201091,0.2
1135,215.96387672429637,60,1,0,0,1.2796983455684918,0.2
1136,172.94509779462163,21,1,0,0,1.4307615848348096,0.2
1137,106.67393124127311,3,1,0,0,1.4889526083257074,0.2
1138,155.0913662916169,121,1,0,0,1.4669736562050208,0.2
1139,120.7037733241559,6,1,0,0,1.497557077169259,0.2
1140,207.406682542382,33,1,0,0,1.482330209109991,0.2
1141,207.7054633033399,28,1,0,0,1.466751212168809,0.2
1142,164.6825089109916,25,1,0,0,1.49340656175454,0.2
1143,157.78212534403374,24,1,0,0,1.4724182433397683,0.2
1144,117.51961436906808,8,1,0,0,1.368845038211446,0.2
1145,35.19011917373406,33,0,1,0,3.79652476699696,0.2
1146,173.81005949165717,27,1,0,0,1.4058190933468262,0.2
1147,144.06358766631337,17,1,0,0,1.4543082778103817,0.2
1148,176.89437630671947,26,1,0,0,1.4378329114488348,0.2
1149,215.79993835046648,44,1,0,0,1.475060678644692,0.2
1150,216.31718548548287,45,1,0,0,1.4809935820638176,0.2
1151,-37.37047751183373,5,0,1,0,7.317641796108872,0.2
1152,175.417206897401,22,1,0,0,1.328849128818612,0.2
1153,260.58793868062725,57,1,0,0,1.4760906353461591,0.2
1154,158.27005210064277,42,1,0,0,1.4412007318170366,0.2
1155,148.40634094671242,16,1,0,0,1.4636582225705874,0.2
1156,150.06682974673026,25,1,0,0,1.4428410064491648,0.2
1157,162.20613891738915,26,1,0,0,1.4126613227279805,0.2
1158,225.33392577009238,55,1,0,0,1.4487255727471318,0.2
1159,148.10638513073243,18,1,0,0,1.457490501837039,0.2
1160,178.700310237853,167,1,0,0,1.4435643121636743,0.2
1161,118.73258784965323,200,0,0,1,3.4381440218365507,0.2
1162,-31.876348092790572,7,0,1,0,5.534394235750754,0.2
1163,260.3982615662113,62,1,0,0,1.4554804802800096,0.2
1164,147.0139346004591,50,1,0,0,1.4868345238481346,0.2
1165,74.52361245938334,200,0,0,1,2.4277038381267366,0.2
1166,150.57705125201272,36,1,0,0,1.4796541949601036,0.2
1167,-7.632511407026577,12,0,1,0,3.0384466842483437,0.2
1168,115.57767710939497,13,1,0,0,1.4068425313226842,0.2
1169,185.12398458478745,57,1,0,0,1.430023667239157,0.2
1170,162.57777285819822,80,1,0,0,1.4943099925420835,0.2
1171,269.0329679403809,94,1,0,0,1.4869705040930703,0.2
1172,6.734305416837387,21,0,1,0,3.2065000383305193,0.2
1173,149.06278764436388,19,1,0,0,1.2692055965707443,0.2
1174,191.95471416429973,53,1,0,0,1.3876134073970916,0.2
1175,114.00280383137371,10,1,0,0,1.4931198521033295,0.2
1176,114.83920542653907,44,1,0,0,1.3728948245247268,0.2
1177,46.47037153584601,200,0,0,1,2.034137103679518,0.2
1178,-19.466290766960586,11,0,1,0,8.04713444716548,0.2
1179,-40.20567556282447,8,0,1,0,4.2947865555894005,0.2
1180,155.05156613535152,24,1,0,0,1.4967333106358403,0.2
1181,131.43374749510102,31,1,0,0,1.4626906028478281,0.2
1182,168.217801629728,56,1,0,0,1.4237628479742812,0.2
1183,-25.79803952324429,12,0,1,0,8.409327732971484,0.2
1184,172.90130895145035,25,1,0,0,1.366736833749826,0.2
1185,33.19434441658123,33,0,1,0,5.517477443912962,0.2
1186,185.40751866628753,26,1,0,0,1.491052131110327,0.2
1187,171.76103738041652,53,1,0,0,1.4507708395638035,0.2
1188,-30.64536436180336,10,0,1,0,6.985890017130364,0.2
1189,168.20390477841923,56,1,0,0,1.4431392350820245,0.2
1190,182.47471606746797,45,1,0,0,1.3730442074682827,0.2
1191,174.09597836534448,26,1,0,0,1.4787339529179615,0.2
1192,204.73987489596158,57,1,0,0,1.425752956054484,0.2
1193,70.88232723468474,200,0,0,1,2.3295013862791984,0.2
1194,161.55431200698095,30,1,0,0,1.4337008805869427,0.2
1195,9.833007851734678,48,0,0,0,2.95546464183181,0.2
1196,-13.660933597266606,17,0,1,0,4.591516792726995,0.2
1197,193.3025082126937,32,1,0,0,1.4643168062324217,0.2
1198,144.43574194835008,16,1,0,0,1.429699831858976,0.2
1199,103.82857724700851,3,1,0,0,1.3952843161115884,0.2
1200,161.46421258929337,37,1,0,0,1.4365253345441475,0.2
1201,50.237193618595484,200,0,0,1,2.8490485745386014,0.2
1202,201.34272598283866,40,1,0,0,1.487158222461507,0.2
1203,157.6221831689701,36,1,0,0,1.369558418373114,0.2
1204,170.26618261095064,28,1,0,0,1.3692748992896198,0.2
1205,98.90469511697196,37,1,0,0,1.4976360744346728,0.2
1206,186.4648387479721,44,1,0,0,1.3643302847890726,0.2
1207,172.04118901918895,32,1,0,0,1.452081189345835,0.2
1208,191.35350476298973,40,1,0,0,1.4900633218834423,0.2
1209,203.83883766922392,69,1,0,0,1.4360208921927564,0.2
1210,170.91212485612158,33,1,0,0,1.4808665369957894,0.2
1211,-16.566605373504196,22,0,1,0,3.6642014482271428,0.2
1212,278.0893720533327,97,1,0,0,1.399583896197121,0.2
1213,179.98881864494766,29,1,0,0,1.368067786088334,0.2
1214,116.30361117217205,10,1,0,0,1.4270288479943702,0.2
1215,184.89387029052722,40,1,0,0,1.4199143632819502,0.2
1216,150.09174278866556,83,1,0,0,1.4947936589267827,0.2
1217,208.20086997550902,60,1,0,0,1.306412502152852,0.2
1218,138.17320049732552,195,1,0,0,1.4751273271052254,0.2
1219,168.2449955564574,32,1,0,0,1.4985942492395563,0.2
1220,199.8447791617011,60,1,0,0,1.2690946343607499,0.2
1221,153.11725468081127,36,1,0,0,1.4885511168130372,0.2
1222,176.42694532995614,39,1,0,0,1.4617552679120218,0.2
1223,107.82292984474418,3,1,0,0,1.2938378061506017,0.2
1224,182.41187368485677,45,1,0,0,1.4617500714455332,0.2
1225,56.59367652354005,200,0,0,1,3.0107783017281524,0.2
1226,175.37332171092132,27,1,0,0,1.4930289761796733,0.2
1227,168.930789033145,79,1,0,0,1.4946066717525017,0.2
1228,153.12425298223943,22,1,0,0,1.4723695201810802,0.2
1229,155.66604270890056,47,1,0,0,1.4620376235752182,0.2
1230,174.32283241421806,80,1,0,0,1.4956928437617802,0.2
1231,100.0,1,1,0,0,1.3761526919271403,0.2
1232,151.5827806023031,77,1,0,0,1.4965447223035278,0.2
1233,156.97694365311577,25,1,0,0,1.341569916174932,0.2
1234,165.71747585777166,21,1,0,0,1.4063650361814488,0.2
1235,207.81721620636932,71,1,0,0,1.3958178237369219,0.2
1236,134.16060668763052,19,1,0,0,1.3244713334529674,0.2
1237,203.48105281862246,37,1,0,0,1.4077950157748693,0.2
1238,134.59511691012364,58,1,0,0,1.4859735021711609,0.2
1239,154.76697639116185,44,1,0,0,1.4283265128140072,0.2
1240,192.4764314338687,57,1,0,0,1.4340090574408513,0.2
1241,174.8478150898402,44,1,0,0,1.496424607913593,0.2
1242,-28.076236108701657,8,0,1,0,5.76935127989437,0.2
1243,-20.47601023843415,11,0,1,0,6.298253866902018,0.2
1244,162.52913479956774,23,1,0,0,1.4555076290647384,0.2
1245,139.01522411835077,34,1,0,0,1.4740635123135812,0.2
1246,181.94875385055332,26,1,0,0,1.3737674468595262,0.2
1247,157.14419749995017,46,1,0,0,1.41965764469153,0.2
1248,175.5786396291707,33,1,0,0,1.240560813410443,0.2
1249,46.6862123390812,200,0,0,1,3.455598132452147,0.2
1250,133.32817469834404,22,1,0,0,1.4750974025160446,0.2
1251,175.91157582819997,61,1,0,0,1.4801160971032534,0.2
1252,-40.85167877060029,4,0,1,0,7.398635065892523,0.2
1253,165.21603676597948,23,1,0,0,1.4496502109539602,0.2
1254,172.81500376037374,38,1,0,0,1.4258627269875814,0.2
1255,182.02705331736888,56,1,0,0,1.4959490184261042,0.2
1256,195.98397037726068,59,1,0,0,1.4084015022951168,0.2
1257,128.54845682224462,9,1,0,0,1.4580739445288482,0.2
1258,127.86045188461661,113,1,0,0,1.475915019354232,0.2
1259,160.16499640245252,103,1,0,0,1.4393741286916857,0.2
1260,161.82754079065506,32,1,0,0,1.3308296564219957,0.2
1261,148.66496578030086,38,1,0,0,1.4659958615305755,0.2
1262,120.86344127910829,7,1,0,0,1.4080229164296736,0.2
1263,77.91307154200788,200,0,0,1,3.726927878203586,0.2
1264,58.12612167771636,200,0,0,1,3.657319623222697,0.2
1265,140.6124929852515,21,1,0,0,1.226934582758906,0.2
1266,135.84409922811966,17,1,0,0,1.4433629857932746,0.2
1267,176.85506370931398,108,1,0,0,1.396755782820666,0.2
1268,170.8420912870934,33,1,0,0,1.466901674401678,0.2
1269,39.84762705937878,200,0,0,1,3.298772275603924,0.2
1270,176.59057084620525,112,1,0,0,1.4602827076388922,0.2
1271,144.36385380275897,23,1,0,0,1.3401852709873363,0.2
1272,213.37406731348455,43,1,0,0,1.2788682157917075,0.2
1273,171.1816689124417,65,1,0,0,1.4357985702171552,0.2
1274,201.595991743598,40,1,0,0,1.4121422119262317,0.2
1275,50.90680425584346,200,0,0,1,2.8004760304862626,0.2
1276,190.1318852650498,44,1,0,0,1.3961671529498816,0.2
1277,59.51627849098534,200,0,0,1,1.7393458645566282,0.2
1278,171.73435791190542,28,1,0,0,1.3909221947053292,0.2
1279,247.81545688441298,71,1,0,0,1.3565840869695247,0.2
1280,161.14891035190132,35,1,0,0,1.4696075628859775,0.2
1281,173.36316579083692,61,1,0,0,1.4944145879645325,0.2
1282,134.27865559454833,62,1,0,0,1.3729238446968315,0.2
1283,182.73092893414844,124,1,0,0,1.4791133943482258,0.2
1284,133.74076855291298,25,1,0,0,1.4950998163311116,0.2
1285,76.75783392433037,200,0,0,1,1.796369081175074,0.2
1286,185.18633591594994,38,1,0,0,1.4678078382434983,0.2
1287,23.741440567273056,200,0,0,1,2.140423852411949,0.2
1288,176.61238622859275,31,1,0,0,1.4922849564337215,0.2
1289,172.2486335955927,32,1,0,0,1.4270757080805991,0.2
1290,170.77748761171546,19,1,0,0,1.3945497157507079,0.2
1291,175.9781851800934,22,1,0,0,1.306346551261029,0.2
1292,46.1031718886924,200,0,0,1,6.0618349877546445,0.2
1293,192.28062135237352,40,1,0,0,1.3854340446665867,0.2
1294,150.87304981119883,19,1,0,0,1.4850106159310794,0.2
1295,180.11525439162193,23,1,0,0,1.2606441580842986,0.2
1296,132.54526408715765,116,1,0,0,1.4756574271198941,0.2
1297,193.64331581410687,45,1,0,0,1.4597409835523147,0.2
1298,154.44778782931428,56,1,0,0,1.295637751673292,0.2
1299,154.24394511154526,58,1,0,0,1.4360114332906135,0.2
1300,63.40952148046794,200,0,0,1,2.176270834504218,0.2
1301,58.05379939360259,200,0,0,1,1.9445077727556759,0.2
1302,175.0368237802325,20,1,0,0,1.3777688364141598,0.2
1303,190.3494615642553,90,1,0,0,1.4932829157658538,0.2
1304,115.23434574874499,5,1,0,0,1.304290338060602,0.2
1305,166.3073817411655,28,1,0,0,1.4902172061554648,0.2
1306,167.16956612223194,40,1,0,0,1.4625114559380012,0.2
1307,193.54872530367925,48,1,0,0,1.495957258699545,0.2
1308,138.3339570091969,19,1,0,0,1.4810295797146718,0.2
1309,174.1623682807353,24,1,0,0,1.1117079182050251,0.2
1310,184.00192919997733,49,1,0,0,1.441781160181456,0.2
1311,153.36568142449678,26,1,0,0,1.3117880073942756,0.2
1312,84.65474310762222,200,0,0,1,4.197509033528215,0.2
1313,110.52445576847377,200,0,0,1,4.9885040852518445,0.2
1314,187.08812606819797,32,1,0,0,1.2167273813065798,0.2
1315,170.00895041129365,20,1,0,0,1.4564795701618285,0.2
1316,183.3855020465461,79,1,0,0,1.4223626545486596,0.2
1317,172.35157357308748,22,1,0,0,1.2631062324260243,0.2
1318,162.8570986551634,23,1,0,0,1.4620031774415851,0.2
1319,177.47616255982405,32,1,0,0,1.3538000578748925,0.2
1320,168.6400046844914,20,1,0,0,1.265225547742345,0.2
1321,191.62940447031463,81,1,0,0,1.4891247748785421,0.2
1322,192.69435425446846,41,1,0,0,1.4368820737801329,0.2
1323,165.44589067276206,24,1,0,0,1.4046489744751613,0.2
1324,250.09597429176017,54,1,0,0,1.3391733025722274,0.2
1325,218.45331943324598,39,1,0,0,1.3731554912132553,0.2
1326,164.21158077493982,24,1,0,0,1.4813733609570372,0.2
1327,133.17731771230652,93,1,0,0,1.4366325606948627,0.2
1328,175.6895331871683,29,1,0,0,1.2140818226490675,0.2
1329,186.05908847609868,61,1,0,0,1.4434962717479087,0.2
1330,58.996964610107035,200,0,0,1,4.023226978183322,0.2
1331,198.31810709549453,28,1,0,0,1.4981964420185432,0.2
1332,174.52326417024506,25,1,0,0,1.446976038886021,0.2
1333,233.26417982987485,63,1,0,0,1.4875517106094167,0.2
1334,125.11851144405733,78,1,0,0,1.4642181440152116,0.2
1335,190.8591350784347,112,1,0,0,1.4731572683533412,0.2
1336,159.1549650368581,31,1,0,0,1.469422294428933,0.2
1337,136.32128773524994,16,1,0,0,1.4091867164433753,0.2
1338,188.66129964005603,33,1,0,0,1.4575107188478547,0.2
1339,160.96201359959525,115,1,0,0,1.4589236568786608,0.2
1340,146.0970676646238,173,1,0,0,1.395823398138735,0.2
1341,71.67362229954404,200,0,0,1,1.9871879004582251,0.2
1342,194.40293301353088,34,1,0,0,1.3489933618611418,0.2
1343,169.44166551358143,88,1,0,0,1.482933445184992,0.2
1344,172.64642583665852,54,1,0,0,1.412582715798737,0.2
1345,63.31771423602258,200,0,0,1,6.4921546808724475,0.2
1346,130.74820763672082,27,1,0,0,1.387205171860717,0.2
1347,195.52942750946409,44,1,0,0,1.4898318971982971,0.2
1348,197.21084797158568,36,1,0,0,1.4989250506145861,0.2
1349,199.9312845011031,30,1,0,0,1.178234886566029,0.2
1350,241.70719747090422,45,1,0,0,1.4355115500725153,0.2
1351,132.73930842168974,13,1,0,0,1.378776240656917,0.2
1352,161.687376497378,49,1,0,0,1.4385701615758628,0.2
1353,158.1567920552488,46,1,0,0,1.4901814216715978,0.2
1354,201.82016947957777,37,1,0,0,1.4631310304937237,0.2
1355,147.11245025256179,20,1,0,0,1.3235813807594494,0.2
1356,129.65453157188793,10,1,0,0,1.2713941001656448,0.2
1357,173.79513451968847,115,1,0,0,1.481539717467629,0.2
1358,161.94960858095163,140,1,0,0,1.4888052690663995,0.2
1359,139.44076627812416,19,1,0,0,1.4659899336347038,0.2
1360,186.3603515678371,29,1,0,0,1.4691488056666582,0.2
1361,159.0875283275727,36,1,0,0,1.4730207315429273,0.2
1362,111.82035476455043,57,1,0,0,1.4068922042030234,0.2
1363,183.30516151880835,36,1,0,0,1.4726303039309374,0.2
1364,123.68281609315952,8,1,0,0,1.4482734827758,0.2
1365,178.4736259269913,26,1,0,0,1.257704948556877,0.2
1366,200.19046197165522,110,1,0,0,1.4939351080069854,0.2
1367,142.73269263994786,24,1,0,0,1.4196908053991038,0.2
1368,136.36082919127747,19,1,0,0,1.4811500298298965,0.2
1369,188.0681260780288,32,1,0,0,1.228229319178905,0.2
1370,173.9211171555698,39,1,0,0,1.470606782156097,0.2
1371,193.62217530491455,32,1,0,0,1.4804783126014573,0.2
1372,197.9910909007913,27,1,0,0,1.3632323275241263,0.2
1373,164.24513304946245,23,1,0,0,1.4954683000475684,0.2
1374,180.07126362087382,25,1,0,0,1.3795126408125096,0.2
1375,158.07362319367866,20,1,0,0,1.3057205648024817,0.2
1376,211.70302769964303,124,1,0,0,1.4701049138263533,0.2
1377,185.49248798839236,35,1,0,0,1.313768075256679,0.2
1378,166.0378414354937,27,1,0,0,1.4515685437300463,0.2
1379,195.50478644773983,48,1,0,0,1.415012590080587,0.2
1380,168.29187007666053,71,1,0,0,1.4643456375379211,0.2
1381,175.69603137203876,30,1,0,0,1.4945121452873265,0.2
1382,169.10227789752324,19,1,0,0,1.2125681609009424,0.2
1383,201.3758970625738,32,1,0,0,1.3588289245324612,0.2
1384,200.1278780837731,62,1,0,0,1.4537138590955954,0.2
1385,188.1844242492465,32,1,0,0,1.4902925896542332,0.2
1386,97.11294638560838,27,1,0,0,1.437016626040103,0.2
1387,-0.9329129968022656,65,0,0,0,4.4167189386916865,0.2
1388,133.135207865913,17,1,0,0,1.3900757181822954,0.2
1389,103.399927645922,2,1,0,0,1.3520165802996267,0.2
1390,162.13059278533842,26,1,0,0,1.330876997645873,0.2
1391,157.69920690462192,32,1,0,0,1.258388171656033,0.2
1392,195.6670535602231,39,1,0,0,1.282293043752777,0.2
1393,172.44717731330064,19,1,0,0,1.4507523704039904,0.2
1394,56.15297623758563,200,0,0,1,1.8231459141212125,0.2
1395,156.66272009766666,18,1,0,0,1.4598402440338178,0.2
1396,162.5934630365503,49,1,0,0,1.470146891871546,0.2
1397,192.95729078555223,29,1,0,0,1.3312037912071741,0.2
1398,150.12004609796526,20,1,0,0,1.2808844891755322,0.2
1399,-26.80336480880846,178,0,0,0,4.989340534106566,0.2
1400,158.01396512371934,29,1,0,0,1.4330298463750892,0.2
1401,202.98105867956826,38,1,0,0,1.346746403840615,0.2
1402,206.89090315478848,38,1,0,0,1.3401940458297084,0.2
1403,282.1391464833332,61,1,0,0,1.4954589981042965,0.2
1404,180.08110306829758,32,1,0,0,1.4054885618524522,0.2
1405,155.1376125799215,137,1,0,0,1.3599966226654965,0.2
1406,236.75829243801545,49,1,0,0,1.3349509538807138,0.2
1407,121.7300117061774,7,1,0,0,1.1631888228467449,0.2
1408,-50.0,1,0,1,0,6.496320055345834,0.2
1409,176.2000350969035,20,1,0,0,1.3796094905376413,0.2
1410,57.63573213435075,200,0,0,1,4.153062148332873,0.2
1411,161.9403530157407,33,1,0,0,1.406756644912523,0.2
1412,178.47991256467333,34,1,0,0,1.256134663314937,0.2
1413,165.57595080837706,33,1,0,0,1.3993384655984795,0.2
1414,41.82804286412949,200,0,0,1,2.2962258728143383,0.2
1415,224.60340643061372,56,1,0,0,1.4431283673662723,0.2
1416,170.88309131138806,27,1,0,0,1.491197968914113,0.2
1417,181.06444192295413,29,1,0,0,1.2747994727591048,0.2
1418,191.12206191396245,38,1,0,0,1.379010135543894,0.2
1419,157.67713937999255,34,1,0,0,1.4450879026420684,0.2
1420,199.771182747299,34,1,0,0,1.4453056887379752,0.2
1421,198.0756809944812,34,1,0,0,1.4270200540451758,0.2
1422,213.17114734047777,38,1,0,0,1.3453456495184224,0.2
1423,167.2652667548758,23,1,0,0,1.432025820933313,0.2
1424,171.2965962249498,24,1,0,0,1.304742727005628,0.2
1425,161.0356579642199,24,1,0,0,1.4505319650486452,0.2
1426,234.62434008197712,44,1,0,0,1.4965118380196736,0.2
1427,143.78420708862276,13,1,0,0,1.3968334833074039,0.2
1428,118.98948453669149,52,1,0,0,1.4833825310823152,0.2
1429,196.68348349155994,30,1,0,0,1.4178908715042184,0.2
1430,127.47501915724962,9,1,0,0,1.475484219942969,0.2
1431,138.95950522652947,12,1,0,0,1.408504945108056,0.2
1432,97.51869161735127,77,1,0,0,1.4959372921266196,0.2
1433,155.6777552726186,98,1,0,0,1.4631547600289807,0.2
1434,144.43483799865305,22,1,0,0,1.3896973675272222,0.2
1435,158.6785037067126,22,1,0,0,1.397744697279763,0.2
1436,152.7639667148298,25,1,0,0,1.3869853432063586,0.2
1437,151.05495565730948,19,1,0,0,1.4695708846940563,0.2
1438,152.83199616779322,21,1,0,0,1.4098096593349951,0.2
1439,122.30621828582346,12,1,0,0,1.2362167506317645,0.2
1440,195.2866756992145,25,1,0,0,1.4044167432394012,0.2
1441,175.55043079451173,22,1,0,0,1.426491390091913,0.2
1442,173.2711977291135,32,1,0,0,1.38508962166463,0.2
1443,163.18000907396456,17,1,0,0,1.3814907079661463,0.2
1444,133.92728907714812,200,0,0,1,3.1145311302169487,0.2
1445,194.46658495205662,23,1,0,0,1.2602404840153119,0.2
1446,120.81961005864322,25,1,0,0,1.3946600245925598,0.2
1447,163.70882364267027,24,1,0,0,1.3138138980915823,0.2
1448,199.01208268687623,26,1,0,0,1.3430864744285667,0.2
1449,221.4634023676516,43,1,0,0,1.4548854783454248,0.2
1450,212.46848781504494,31,1,0,0,1.2919270319610379,0.2
1451,163.11903307730134,20,1,0,0,1.3299085004854583,0.2
1452,196.34912290960182,36,1,0,0,1.3419761163572226,0.2
1453,214.65547486941585,37,1,0,0,1.3719965756411578,0.2
1454,10.695161518938598,40,0,0,0,3.9472832709156056,0.2
1455,73.94213219322795,200,0,0,1,2.551908789070299,0.2
1456,254.14676820057474,53,1,0,0,1.26176529765873,0.2
1457,150.48718276339176,16,1,0,0,1.2642333701725073,0.2
1458,130.71335793380655,14,1,0,0,1.3677570201346496,0.2
1459,164.94219573565007,35,1,0,0,1.43269446167176,0.2
1460,-50.0,1,0,1,0,9.018417640854093,0.2
1461,170.6526835782662,26,1,0,0,1.279887783384829,0.2
1462,156.59210685116994,17,1,0,0,1.4708919817993982,0.2
1463,198.1953884073198,35,1,0,0,1.211004671729946,0.2
1464,163.59572118410097,22,1,0,0,1.3144437687997188,0.2
1465,179.82419991520834,30,1,0,0,1.4902453603436963,0.2
1466,196.7275595340766,30,1,0,0,1.4930478053135114,0.2
1467,144.48622513609735,21,1,0,0,1.4734635383248706,0.2
1468,158.60721051734703,19,1,0,0,1.3952367607538794,0.2
1469,148.768298175493,14,1,0,0,1.3153526394569306,0.2
1470,142.13764058156312,17,1,0,0,1.4275489071107166,0.2
1471,159.32962536569653,45,1,0,0,1.3599759553123885,0.2
1472,-7.950437582488554,14,0,1,0,5.605443173921189,0.2
1473,104.10276812751219,25,1,0,0,1.4628605783136202,0.2
1474,170.11138445325685,20,1,0,0,1.333836131311785,0.2
1475,215.9453197066427,50,1,0,0,1.3881593291330343,0.2
1476,142.81792933457984,16,1,0,0,1.4108133441623347,0.2
1477,229.99990416371557,42,1,0,0,1.4956461883013323,0.2
1478,185.193980750249,22,1,0,0,1.4760924253424481,0.2
1479,139.87623212470965,23,1,0,0,1.4521596411829427,0.2
1480,187.21178074935014,27,1,0,0,1.3846845193271595,0.2
1481,147.29593302569268,18,1,0,0,1.2686786823119136,0.2
1482,157.21600165380468,29,1,0,0,1.4274407679429317,0.2
1483,156.90538196553615,51,1,0,0,1.4709174452568345,0.2
1484,133.43825048472266,12,1,0,0,1.2563974866955838,0.2
1485,156.70857961671413,17,1,0,0,1.416374318198757,0.2
1486,151.69298982691754,22,1,0,0,1.3081763104952386,0.2
1487,-50.0,1,0,1,0,5.896172056475113,0.2
1488,139.69016526888555,22,1,0,0,1.4936443491494684,0.2
1489,239.36011395390722,48,1,0,0,1.4176424457896388,0.2
1490,147.4752903329868,23,1,0,0,1.3584672005462415,0.2
1491,195.73933850460827,41,1,0,0,1.474083715991671,0.2
1492,236.84543414681997,60,1,0,0,1.247750098331296,0.2
1493,154.86572732337027,20,1,0,0,1.1673206683391157,0.2
1494,174.99678904374252,20,1,0,0,1.2108437368624643,0.2
1495,180.47918512150426,30,1,0,0,1.4582679952837843,0.2
1496,157.0110242579544,22,1,0,0,1.3334900555577747,0.2
1497,235.0176982661105,46,1,0,0,1.2493943472369806,0.2
1498,219.07799272044423,39,1,0,0,1.3254686347328888,0.2
1499,168.926449097991,29,1,0,0,1.2988073549493164,0.2
1500,197.3228725313575,36,1,0,0,1.368892037264434,0.2
1501,137.1229071277116,20,1,0,0,1.2969560015598702,0.2
1502,182.9906433969482,30,1,0,0,1.283168953696774,0.2
1503,188.2013564379062,27,1,0,0,1.1896182173351142,0.2
1504,-2.1664404478493893,14,0,1,0,3.058758407108942,0.2
1505,150.97508148149535,25,1,0,0,1.3473821126454144,0.2
1506,186.16675998995726,23,1,0,0,1.3090969329040936,0.2
1507,125.84797316021806,11,1,0,0,1.4623496174617836,0.2
1508,148.94470659887725,13,1,0,0,1.4738286368289713,0.2
1509,171.41926479302117,24,1,0,0,1.345357262117796,0.2
1510,197.99200964377275,45,1,0,0,1.4434759184144013,0.2
1511,141.58104400868845,18,1,0,0,1.4016952209469093,0.2
1512,163.03076643991065,19,1,0,0,1.437955349054821,0.2
1513,169.1379007182182,25,1,0,0,1.331428575170392,0.2
1514,183.10842518403769,35,1,0,0,1.4410666518909716,0.2
1515,154.25344462485896,20,1,0,0,1.4243322221794894,0.2
1516,174.530568130377,26,1,0,0,1.262060162294174,0.2
1517,27.942098097754,200,0,0,1,3.6497638518828435,0.2
1518,173.82911276879327,32,1,0,0,1.4811570526465503,0.2
1519,133.037058232925,14,1,0,0,1.4757162216682786,0.2
1520,149.66700885711214,15,1,0,0,1.4148711795188167,0.2
1521,252.04377791070684,55,1,0,0,1.2777558298181633,0.2
1522,106.1533551423047,200,0,0,1,6.19108230809378,0.2
1523,181.025616596906,23,1,0,0,1.3639816622654413,0.2
1524,166.032665881924,21,1,0,0,1.3373565105883627,0.2
1525,250.55794983888617,51,1,0,0,1.3694015411492846,0.2
1526,194.68322652687277,35,1,0,0,1.4314305402899485,0.2
1527,245.40423888919452,51,1,0,0,1.4893833628020166,0.2
1528,152.38649392477515,23,1,0,0,1.4512554245054679,0.2
1529,187.09282910780536,25,1,0,0,1.2069677942131496,0.2
1530,161.8574190479463,34,1,0,0,1.343296466850761,0.2
1531,199.26299214580325,26,1,0,0,1.4222171352729955,0.2
1532,182.7878678779961,22,1,0,0,1.4297080401452713,0.2
1533,121.7296903067365,58,1,0,0,1.4107201131965583,0.2
1534,151.18849130436297,17,1,0,0,1.489764653781568,0.2
1535,-50.0,1,0,1,0,5.58311755496327,0.2
1536,169.2739251802481,23,1,0,0,1.2437214894258217,0.2
1537,149.18082216094294,17,1,0,0,1.3711259329451242,0.2
1538,-15.880862337411685,10,0,1,0,6.488182141692052,0.2
1539,261.6140371413681,62,1,0,0,1.3765557963197879,0.2
1540,151.9597583839972,17,1,0,0,1.202232238142798,0.2
1541,120.00512558350674,6,1,0,0,1.4062509263236425,0.2
1542,181.53459021747796,24,1,0,0,1.3337355105283304,0.2
1543,144.92304562215043,12,1,0,0,1.2398715419562603,0.2
1544,-42.48274876164588,3,0,1,0,4.380103974491679,0.2
1545,135.22332350451265,11,1,0,0,1.4365899283718224,0.2
1546,100.0,1,1,0,0,1.4165795630486369,0.2
1547,203.98118387373918,40,1,0,0,1.4910094717895084,0.2
1548,266.9724605435921,113,1,0,0,1.4704409311443911,0.2
1549,192.3306408950755,25,1,0,0,1.2495099110899288,0.2
1550,152.27521007420728,22,1,0,0,1.4113048291572163,0.2
1551,174.24088089713058,23,1,0,0,1.424195467913838,0.2
1552,182.90589955366704,26,1,0,0,1.3706474742695307,0.2
1553,241.35272744766633,42,1,0,0,1.4417922009053012,0.2
1554,141.12210086375683,15,1,0,0,1.1650881238104551,0.2
1555,165.1853283881224,25,1,0,0,1.4169175669600698,0.2
1556,188.83771229786328,27,1,0,0,1.482373682215871,0.2
1557,226.1873856547286,123,1,0,0,1.4681822560060938,0.2
1558,190.28750158004635,21,1,0,0,1.4045225001312496,0.2
1559,180.72451084120883,22,1,0,0,1.463255638013771,0.2
1560,177.0694105143061,22,1,0,0,1.3633261067942546,0.2
1561,209.43716795701746,37,1,0,0,1.4319231239963848,0.2
1562,168.97340727848405,23,1,0,0,1.2173629641717953,0.2
1563,186.63365062447474,25,1,0,0,1.319020548289847,0.2
1564,166.1801465522989,20,1,0,0,1.4867324179087817,0.2
1565,188.8034675654904,35,1,0,0,1.4612432899520733,0.2
1566,141.14115478947878,18,1,0,0,1.4873959556135994,0.2
1567,200.17645685900072,39,1,0,0,1.2482013553628357,0.2
1568,117.57789236506437,5,1,0,0,1.3278034712026863,0.2
1569,129.99335198424785,14,1,0,0,1.44806950320488,0.2
1570,201.64769804255315,35,1,0,0,1.4671492544467133,0.2
1571,153.67832259632462,31,1,0,0,1.310497629724749,0.2
1572,226.9668293784752,47,1,0,0,1.2778069543176727,0.2
1573,167.59334781226207,28,1,0,0,1.3971333171699845,0.2
1574,206.41993982347867,30,1,0,0,1.2078371708701987,0.2
1575,187.48173630652448,34,1,0,0,1.415072587396195,0.2
1576,175.64158245027406,21,1,0,0,1.4488219276706753,0.2
1577,166.30176909726381,32,1,0,0,1.4911739739501562,0.2
1578,167.09307128223276,24,1,0,0,1.243700132047873,0.2
1579,178.4667472846609,28,1,0,0,1.4905877861965005,0.2
1580,190.14702843806117,35,1,0,0,1.3207870821829673,0.2
1581,150.2858851011244,18,1,0,0,1.3439604257447901,0.2
1582,232.92555335285044,50,1,0,0,1.3063526332673854,0.2
1583,131.01387907098592,12,1,0,0,1.2856755002024083,0.2
1584,136.14587842207635,43,1,0,0,1.4678350236183082,0.2
1585,175.2041760316513,23,1,0,0,1.3607950009549987,0.2
1586,12.15297378243676,134,0,0,0,4.308499191997619,0.2
1587,173.23691727215135,23,1,0,0,1.2913542916418124,0.2
1588,135.93141620272218,32,1,0,0,1.4979154042799265,0.2
1589,169.4126200111184,38,1,0,0,1.3235415956881016,0.2
1590,192.77515134039785,34,1,0,0,1.356739127759667,0.2
1591,191.6212106980616,29,1,0,0,1.4914184883046244,0.2
1592,155.51216432604323,17,1,0,0,1.2504128368533085,0.2
1593,187.48014263442613,32,1,0,0,1.3436423327818487,0.2
1594,217.4345706317286,40,1,0,0,1.4431883943061854,0.2
1595,178.08926073414625,29,1,0,0,1.369067027676843,0.2
1596,-13.039114714965631,200,0,0,1,2.379850270920543,0.2
1597,174.6997259325019,28,1,0,0,1.3449304309406456,0.2
1598,187.92545600444015,28,1,0,0,1.4597469908579905,0.2
1599,168.13511234417342,34,1,0,0,1.3135913209923928,0.2
1600,140.63897199938205,26,1,0,0,1.4942314971931747,0.2
1601,186.3562520350095,27,1,0,0,1.4461879162576403,0.2
1602,205.24448550066117,30,1,0,0,1.4439750882902675,0.2
1603,167.92667641695277,25,1,0,0,1.2641788229845952,0.2
1604,166.43198215283408,23,1,0,0,1.331962530746858,0.2
1605,180.80079738920313,27,1,0,0,1.485451079900329,0.2
1606,169.12914956030968,34,1,0,0,1.471926868899014,0.2
1607,173.66148569783647,26,1,0,0,1.3735043204062711,0.2
1608,182.91236030776352,35,1,0,0,1.4918291415066305,0.2
1609,200.54680961187597,34,1,0,0,1.359398601241242,0.2
1610,179.98034125072712,30,1,0,0,1.2709859004313175,0.2
1611,218.40094847036679,41,1,0,0,1.2831200991063278,0.2
1612,146.08794935491753,15,1,0,0,1.2874903527385895,0.2
1613,-50.0,1,0,1,0,6.241021529406046,0.2
1614,178.99554469483513,24,1,0,0,1.3468660300585438,0.2
1615,145.04930437628013,18,1,0,0,1.4385073770582864,0.2
1616,136.93763239745627,14,1,0,0,1.3764865025297286,0.2
1617,130.38879304631092,11,1,0,0,1.4587354768252339,0.2
1618,146.9041397631739,16,1,0,0,1.366606944017605,0.2
1619,207.03767880155777,41,1,0,0,1.41072903050658,0.2
1620,115.67648988093161,7,1,0,0,1.4553535355470175,0.2
1621,202.01949454976761,36,1,0,0,1.359942956794422,0.2
1622,200.5396778218519,27,1,0,0,1.492737303254549,0.2
1623,178.7865457760259,27,1,0,0,1.4639875256848847,0.2
1624,193.11725756102237,57,1,0,0,1.4245395391338889,0.2
1625,193.53653253071542,41,1,0,0,1.467736579656288,0.2
1626,181.5481891680794,21,1,0,0,1.247032061090969,0.2
1627,126.71684869007558,10,1,0,0,1.4437576480033318,0.2
1628,183.54960354718486,116,1,0,0,1.4341321769408955,0.2
1629,150.3696309039397,24,1,0,0,1.3581641087277543,0.2
1630,135.81079256878223,15,1,0,0,1.4038936881662585,0.2
1631,159.31411523266001,26,1,0,0,1.479424498824006,0.2
1632,188.60932946460187,27,1,0,0,1.4451034526673179,0.2
1633,152.61770782384656,23,1,0,0,1.3664332610572132,0.2
1634,159.94248948476434,16,1,0,0,1.483248847068283,0.2
1635,132.957490983551,61,1,0,0,1.4214849720995577,0.2
1636,211.12523723841377,41,1,0,0,1.4733768014834274,0.2
1637,239.76876344069413,54,1,0,0,1.4007336093093066,0.2
1638,182.73913119797683,27,1,0,0,1.4411674713831228,0.2
1639,185.0130211422653,30,1,0,0,1.1316275527569857,0.2
1640,208.26032369732008,45,1,0,0,1.4858629230008342,0.2
1641,121.3967344562408,7,1,0,0,1.0208734178956815,0.2
1642,143.53326834020746,16,1,0,0,1.4428850786843095,0.2
1643,198.08023127968082,43,1,0,0,1.4424579587523325,0.2
1644,171.32849743493952,28,1,0,0,1.3064122386802215,0.2
1645,138.10376155630195,28,1,0,0,1.4569371447034818,0.2
1646,151.38253787833526,16,1,0,0,1.3756501540541717,0.2
1647,135.68167328863362,12,1,0,0,1.3331589932339538,0.2
1648,132.62308994533305,15,1,0,0,1.3415990385418544,0.2
1649,179.82922359936373,22,1,0,0,1.3123498926364334,0.2
1650,134.73973624131466,12,1,0,0,1.4935373782082813,0.2
1651,221.74702006791722,41,1,0,0,1.4250958566477319,0.2
1652,163.0378644357749,16,1,0,0,1.4663131357131878,0.2
1653,204.7027735542266,34,1,0,0,1.4992413255812147,0.2
1654,181.071835563312,23,1,0,0,1.2578306637528578,0.2
1655,180.32111955770233,41,1,0,0,1.2706777073022257,0.2
1656,150.7425727287725,18,1,0,0,1.3615097355034347,0.2
1657,192.26178076373367,30,1,0,0,1.4900385618660412,0.2
1658,162.8872678836751,18,1,0,0,1.3436247597924043,0.2
1659,107.20298003261493,4,1,0,0,1.2203758020762283,0.2
1660,204.25329207830794,28,1,0,0,1.290674070117625,0.2
1661,149.843498758804,19,1,0,0,1.3882371845865293,0.2
1662,170.55628554852746,25,1,0,0,1.1788893139447232,0.2
1663,163.71973269079945,23,1,0,0,1.4143052682884507,0.2
1664,158.82878871778877,21,1,0,0,1.3640605084319986,0.2
1665,161.9390701245885,18,1,0,0,1.4773886181961042,0.2
1666,161.80158054711927,19,1,0,0,1.4047815180820078,0.2
1667,175.61469991145532,24,1,0,0,1.3153951854300023,0.2
1668,182.71340115268015,39,1,0,0,1.2584190044445704,0.2
1669,141.35708705314278,12,1,0,0,1.420481713694247,0.2
1670,162.54811015693403,23,1,0,0,1.3468624865227647,0.2
1671,144.29840458566017,33,1,0,0,1.4122497695501155,0.2
1672,161.445408677349,25,1,0,0,1.3605778675685876,0.2
1673,107.39082038130186,3,1,0,0,1.3661994461433131,0.2
1674,142.21998506380498,79,1,0,0,1.4901845994256704,0.2
1675,116.68598066051429,23,1,0,0,1.4567243322597354,0.2
1676,148.22856501280634,17,1,0,0,1.4497407046722774,0.2
1677,187.00202527883377,46,1,0,0,1.3876124856894476,0.2
1678,162.56878874155663,25,1,0,0,1.3455513069352107,0.2
1679,184.1504260551945,20,1,0,0,1.452676182194851,0.2
1680,183.92375896797012,24,1,0,0,1.0946736937331705,0.2
1681,187.09467355157065,28,1,0,0,1.4961998690905673,0.2
1682,140.90103785448807,10,1,0,0,1.4189849351352464,0.2
1683,180.7534441766969,23,1,0,0,1.3757516649493653,0.2
1684,237.74510499001389,45,1,0,0,1.4731112199737526,0.2
1685,159.3226479529773,25,1,0,0,1.455175242074645,0.2
1686,118.47417992064251,5,1,0,0,1.3493037033503543,0.2
1687,149.884908745224,20,1,0,0,1.4048322381878457,0.2
1688,154.68226952426818,25,1,0,0,1.4979570726714362,0.2
1689,172.09337788568868,50,1,0,0,1.3633143706421618,0.2
1690,225.78497199289086,79,1,0,0,1.4085544288656067,0.2
1691,127.87043758461455,19,1,0,0,1.2444403439616236,0.2
1692,190.02698303569667,30,1,0,0,1.4431025340396133,0.2
1693,186.75597201836027,24,1,0,0,1.4830453240568355,0.2
1694,152.05588844669043,15,1,0,0,1.4853470534488766,0.2
1695,212.71674691368673,53,1,0,0,1.3783157347258275,0.2
1696,184.36097693083053,20,1,0,0,1.49971014245996,0.2
1697,150.24233139874593,14,1,0,0,1.3013774804883462,0.2
1698,173.18621599724088,23,1,0,0,1.3728993400527874,0.2
1699,179.65564228123628,21,1,0,0,1.169784059164448,0.2
1700,146.44351291415546,14,1,0,0,1.2794008104092374,0.2
1701,158.87488387568612,23,1,0,0,1.4930894784732736,0.2
1702,148.33150757385312,22,1,0,0,1.3167898969140888,0.2
1703,247.2847912837053,52,1,0,0,1.435587843167122,0.2
1704,196.72145409922956,28,1,0,0,1.3491190751861826,0.2
1705,138.43442754870847,13,1,0,0,1.4203717121403838,0.2
1706,221.99619446575565,49,1,0,0,1.4623521659737313,0.2
1707,165.28464330705978,24,1,0,0,1.4533941105558428,0.2
1708,145.44512583782142,18,1,0,0,1.4194023997163716,0.2
1709,173.93747942354844,21,1,0,0,1.3956661977144418,0.2
1710,191.49190217615006,30,1,0,0,1.2880776487156125,0.2
1711,153.14378044754977,18,1,0,0,1.2834391895763437,0.2
1712,177.8191784944359,30,1,0,0,1.4772244198243523,0.2
1713,211.38337913900992,33,1,0,0,1.2451793953183516,0.2
1714,144.31918369158723,22,1,0,0,1.4295336362389188,0.2
1715,184.8243253179366,27,1,0,0,1.4457751260195457,0.2
1716,150.28817989270937,16,1,0,0,1.3586759457648594,0.2
1717,172.4058940645548,27,1,0,0,1.4180278601009708,0.2
1718,178.6651548358904,33,1,0,0,1.3891661219523577,0.2
1719,163.8497065855286,67,1,0,0,1.485840222813099,0.2
1720,210.6099812880276,37,1,0,0,1.3442813318666318,0.2
1721,236.50675250914935,51,1,0,0,1.4220625863978658,0.2
1722,127.63177506731485,9,1,0,0,1.3997664354188302,0.2
1723,185.83853255074706,72,1,0,0,1.4133387871411054,0.2
1724,219.71878466703237,53,1,0,0,1.349150593155249,0.2
1725,190.48150610422127,28,1,0,0,1.4978359319252812,0.2
1726,159.95193806060416,23,1,0,0,1.4791321269983273,0.2
1727,149.93548440245004,27,1,0,0,1.4401452363789768,0.2
1728,149.36769446666037,18,1,0,0,1.485865476113665,0.2
1729,140.29276906809037,11,1,0,0,1.4680149641242448,0.2
1730,144.770252773589,28,1,0,0,1.2434658789681512,0.2
1731,156.53227418429157,50,1,0,0,1.4172572087749067,0.2
1732,115.82135152156704,10,1,0,0,1.404571063842291,0.2
1733,153.70093958901785,20,1,0,0,1.4994021863549833,0.2
1734,117.68252119354365,6,1,0,0,1.49719913966087,0.2
1735,209.4547432480308,34,1,0,0,1.0944350115393042,0.2
1736,168.1748326463341,20,1,0,0,1.4398689688809279,0.2
1737,129.79987044674664,19,1,0,0,1.2010038264072658,0.2
1738,179.67795360661322,23,1,0,0,1.4457885127424326,0.2
1739,167.49663507411123,26,1,0,0,1.4529820424869315,0.2
1740,169.04965687951093,29,1,0,0,1.4851081073339611,0.2
1741,156.298419115893,17,1,0,0,1.1716633783289114,0.2
1742,169.1690573824559,18,1,0,0,1.487260356167879,0.2
1743,171.00337889280547,26,1,0,0,1.3210158768865703,0.2
1744,186.09107456600225,30,1,0,0,1.4935241566457078,0.2
1745,112.69306849474677,5,1,0,0,1.4280824356153807,0.2
1746,146.54195807946058,19,1,0,0,1.397422388840239,0.2
1747,231.19491563868365,92,1,0,0,1.483247542939144,0.2
1748,153.06544519482122,17,1,0,0,1.371274111115526,0.2
1749,182.70284808585797,23,1,0,0,1.3280434557359604,0.2
1750,258.1923337573679,56,1,0,0,1.3729572150039582,0.2
1751,152.53469515028706,20,1,0,0,1.2174719526070463,0.2
1752,135.96468997378147,13,1,0,0,1.2565809714430072,0.2
1753,156.50071492664705,17,1,0,0,1.4343754285853954,0.2
1754,227.8907826699531,53,1,0,0,1.3235122876785554,0.2
1755,116.75322018253586,7,1,0,0,1.3247102768826768,0.2
1756,152.68456893091556,60,1,0,0,1.3763423668577206,0.2
1757,218.08064166019741,44,1,0,0,1.3623074504776433,0.2
1758,170.34840695652525,26,1,0,0,1.2830821905640584,0.2
1759,145.12263269686156,29,1,0,0,1.499702310894481,0.2
1760,158.14551088166837,21,1,0,0,1.495108220449597,0.2
1761,150.8739551799892,17,1,0,0,1.2984697752768053,0.2
1762,100.0,1,1,0,0,1.0836159428733956,0.2
1763,153.59287194880338,20,1,0,0,1.3193037552329816,0.2
1764,166.05347290978534,24,1,0,0,1.4259203778040186,0.2
1765,170.19027762838016,32,1,0,0,1.4634027316740483,0.2
1766,182.19238032515426,27,1,0,0,1.3707772007762455,0.2
1767,162.72555105273776,20,1,0,0,1.393286143865539,0.2
1768,161.3065924442231,24,1,0,0,1.4718159196107627,0.2
1769,177.6555195133338,26,1,0,0,1.3392327327692481,0.2
1770,120.02601604539149,10,1,0,0,1.4557588078832593,0.2
1771,153.44090093667248,29,1,0,0,1.2388447249147523,0.2
1772,173.1223452871636,28,1,0,0,1.4387502092841884,0.2
1773,161.46478903737923,18,1,0,0,1.290960402538193,0.2
1774,173.82566832803653,21,1,0,0,1.3925248555037846,0.2
1775,163.13607528502905,27,1,0,0,1.4113334034385396,0.2
1776,134.6505022304822,39,1,0,0,1.4833336896213738,0.2
1777,178.77601150289016,24,1,0,0,1.447772071901481,0.2
1778,171.49139139543212,25,1,0,0,1.4058847267688162,0.2
1779,192.9639277340258,26,1,0,0,1.3421332879403676,0.2
1780,158.57041203636626,17,1,0,0,1.2144215007119923,0.2
1781,148.29169371985424,14,1,0,0,1.4007909483954444,0.2
1782,157.96626893201685,23,1,0,0,1.4294163706379701,0.2
1783,45.04515227527501,200,0,0,1,3.48850848116149,0.2
1784,189.47087955577018,27,1,0,0,1.4225104395322699,0.2
1785,141.1852528085286,14,1,0,0,1.4767068288541012,0.2
1786,19.645894943140853,200,0,0,1,6.2611510696749,0.2
1787,216.37901772648053,41,1,0,0,1.4572000299671675,0.2
1788,182.22106083773735,33,1,0,0,1.4791560597515676,0.2
1789,176.65057667049456,25,1,0,0,1.492314343824022,0.2
1790,163.7129162276321,25,1,0,0,1.4532533630195161,0.2
1791,165.31161653323375,22,1,0,0,1.476804613751487,0.2
1792,207.6201122331064,42,1,0,0,1.4000080117851221,0.2
1793,185.69776257541676,27,1,0,0,1.380984236905544,0.2
1794,170.7256687864217,32,1,0,0,1.2731026811461448,0.2
1795,176.49527424032362,26,1,0,0,1.2323237654781791,0.2
1796,193.03383772719764,38,1,0,0,1.2849838960463085,0.2
1797,138.60985785850752,19,1,0,0,1.4601872881143354,0.2
1798,184.1239276141071,31,1,0,0,1.4529218933423775,0.2
1799,157.47624604574534,27,1,0,0,1.4105253633201253,0.2
1800,160.50055330389156,18,1,0,0,1.4159245290622668,0.2
1801,190.6895276036453,34,1,0,0,1.4614565248804332,0.2
1802,146.89010262449403,42,1,0,0,1.4875716873794815,0.2
1803,142.0834991323352,12,1,0,0,1.3570422361571743,0.2
1804,165.60347818354893,20,1,0,0,1.4568601310727909,0.2
1805,128.0423566251015,14,1,0,0,1.3358737822257227,0.2
1806,168.04351864320543,20,1,0,0,1.444292881902112,0.2
1807,154.2676263788285,19,1,0,0,1.3165317165139359,0.2
1808,187.1346721656696,35,1,0,0,1.3046304821267052,0.2
1809,159.24238806641003,23,1,0,0,1.3047337096556015,0.2
1810,168.21436991622016,17,1,0,0,1.269572676018968,0.2
1811,253.8530130539549,53,1,0,0,1.4089565459962825,0.2
1812,170.81063306302624,22,1,0,0,1.4312864064538118,0.2
1813,137.04473708242352,52,1,0,0,1.499394564654155,0.2
1814,180.8536042666155,35,1,0,0,1.2232632224600961,0.2
1815,43.74169448571126,200,0,0,1,2.615074417464552,0.2
1816,157.45197868208794,16,1,0,0,1.459887634738874,0.2
1817,179.22166750664965,46,1,0,0,1.4771596636707465,0.2
1818,164.3912483191226,22,1,0,0,1.4989561519073202,0.2
1819,155.4463863221806,23,1,0,0,1.344706350369174,0.2
1820,162.79713707069584,17,1,0,0,1.173570922361319,0.2
1821,206.0711678904616,32,1,0,0,1.4597510814367736,0.2
1822,132.79196220233692,21,1,0,0,1.3561215908542363,0.2
1823,187.89441204653178,23,1,0,0,1.4893911438782843,0.2
1824,190.65495647883185,29,1,0,0,1.3721830837444053,0.2
1825,250.986194107299,49,1,0,0,1.3496627446028437,0.2
1826,199.02163071948422,27,1,0,0,1.4976867760830168,0.2
1827,130.21250872836376,20,1,0,0,1.4459512238565317,0.2
1828,170.11384913226254,21,1,0,0,1.2943925606677378,0.2
1829,160.59810972715582,17,1,0,0,1.3302106693300975,0.2
1830,213.40784286603622,45,1,0,0,1.4463478683800965,0.2
1831,202.55537929775596,38,1,0,0,1.4049171523120887,0.2
1832,128.99636980281122,15,1,0,0,1.4174315982658547,0.2
1833,161.74184172073777,23,1,0,0,1.3639962824721699,0.2
1834,230.3926779656197,42,1,0,0,1.4616795243583376,0.2
1835,173.73210999516243,25,1,0,0,1.4219825910073698,0.2
1836,181.9526988569072,53,1,0,0,1.4345515372619562,0.2
1837,138.36431358930514,12,1,0,0,1.3811208773384442,0.2
1838,178.76939290192064,57,1,0,0,1.3589788011140242,0.2
1839,263.5563881928798,60,1,0,0,1.4893057841078376,0.2
1840,143.77878029961482,19,1,0,0,1.3575025169055082,0.2
1841,192.70228415527902,28,1,0,0,1.473057123734776,0.2
1842,158.21018605385564,22,1,0,0,1.2889638573832367,0.2
1843,201.3396251277586,32,1,0,0,1.3229252701913619,0.2
1844,157.7068488430914,17,1,0,0,1.441440334689803,0.2
1845,160.1656304057331,28,1,0,0,1.2974914882650916,0.2
1846,157.3079945542626,17,1,0,0,1.1834391667071882,0.2
1847,112.44476246451701,93,1,0,0,1.3879728174507509,0.2
1848,132.04942495079703,14,1,0,0,1.4138350877709827,0.2
1849,170.69722636427804,27,1,0,0,1.4146011790627036,0.2
1850,166.49296721379304,22,1,0,0,1.3626633965782153,0.2
1851,193.46354839131726,40,1,0,0,1.1732489472550638,0.2
1852,181.7857332049699,35,1,0,0,1.4691447894043292,0.2
1853,168.50835158415111,19,1,0,0,1.4441801621077954,0.2
1854,102.54536420528039,5,1,0,0,1.2598752558387727,0.2
1855,-50.0,1,0,1,0,3.406762063994429,0.2
1856,148.87368726814464,41,1,0,0,1.4677934861151036,0.2
1857,186.63473249392035,30,1,0,0,1.3488126937890021,0.2
1858,189.39993047495187,22,1,0,0,1.4550878260065359,0.2
1859,185.4217728056208,33,1,0,0,1.3520641984353365,0.2
1860,164.6146092372017,18,1,0,0,1.257209745097581,0.2
1861,165.30433732501143,26,1,0,0,1.3578874355449095,0.2
1862,124.2170810061754,15,1,0,0,1.288018113286115,0.2
1863,149.2915895105579,15,1,0,0,1.4742315532257648,0.2
1864,213.8713340540728,42,1,0,0,1.246550788694909,0.2
1865,213.43011600314236,41,1,0,0,1.4110167031860328,0.2
1866,158.763818556204,24,1,0,0,1.3239059543720988,0.2
1867,178.1193338512445,30,1,0,0,1.4642596567134638,0.2
1868,186.12328993769933,23,1,0,0,1.4420153161422589,0.2
1869,100.60500572249676,4,1,0,0,1.2518584342464605,0.2
1870,190.27723580574295,25,1,0,0,1.3187414668236546,0.2
1871,124.3444532610184,9,1,0,0,1.221393892833161,0.2
1872,158.77033546794067,25,1,0,0,1.423671979761053,0.2
1873,186.5855617602851,41,1,0,0,1.1898482457433737,0.2
1874,198.1462575812464,41,1,0,0,1.185391597100183,0.2
1875,186.63118819498095,31,1,0,0,1.4575668451447266,0.2
1876,143.35079583260855,16,1,0,0,1.4752373737032591,0.2
1877,195.49995571819943,32,1,0,0,1.250703667385107,0.2
1878,272.097957723759,56,1,0,0,1.2672833060065365,0.2
1879,172.62081533880712,27,1,0,0,1.2685570297764082,0.2
1880,177.4188806841131,31,1,0,0,1.3863598333183311,0.2
1881,163.63102051783574,25,1,0,0,1.3847668071860395,0.2
1882,189.62445063464642,32,1,0,0,1.40735810373107,0.2
1883,161.12180722350666,31,1,0,0,1.4297055846060438,0.2
1884,230.26162198900448,83,1,0,0,1.4475261968800825,0.2
1885,128.84827809658285,10,1,0,0,1.465808349527156,0.2
1886,168.6781116010576,55,1,0,0,1.4104855222741566,0.2
1887,123.78819649077222,9,1,0,0,1.3099737782246748,0.2
1888,175.1021415600839,31,1,0,0,1.4519632562182734,0.2
1889,213.58324232577795,31,1,0,0,1.4456325212907146,0.2
1890,200.5714206933165,27,1,0,0,1.1407391760223988,0.2
1891,158.2456166553655,22,1,0,0,1.4072681093917172,0.2
1892,147.7740527656307,21,1,0,0,1.279826334728381,0.2
1893,167.28327514207785,20,1,0,0,1.3364071873498895,0.2
1894,153.62073847950282,17,1,0,0,1.2832808039241128,0.2
1895,190.63059189925258,34,1,0,0,1.2304907410681596,0.2
1896,168.2541227393931,70,1,0,0,1.493845970183536,0.2
1897,146.7457501916531,18,1,0,0,1.2590635315882226,0.2
1898,223.53330719558468,40,1,0,0,1.3756419901153214,0.2
1899,144.5777429551124,17,1,0,0,1.283477474267031,0.2
1900,173.9834065946404,23,1,0,0,1.4264231815404773,0.2
1901,186.34760084127134,36,1,0,0,1.3946596405241523,0.2
1902,128.9032637165456,10,1,0,0,1.4684907352305583,0.2
1903,143.25450105192343,15,1,0,0,1.3254244893492888,0.2
1904,156.85183098180036,19,1,0,0,1.3253051736581674,0.2
1905,164.83238853314674,17,1,0,0,1.3466796219368555,0.2
1906,205.81295086163783,27,1,0,0,1.3297262062903024,0.2
1907,170.31898021464434,21,1,0,0,1.3848261462849178,0.2
1908,146.72327593507583,20,1,0,0,1.4814885975937684,0.2
1909,162.11112419270785,22,1,0,0,1.259615799761747,0.2
1910,178.7088340107225,33,1,0,0,1.4221281537029056,0.2
1911,258.2147267761976,67,1,0,0,1.4872627904919007,0.2
1912,168.00965071496762,26,1,0,0,1.456422303081459,0.2
1913,155.28814472557121,37,1,0,0,1.4952443759807574,0.2
1914,192.2299088133297,30,1,0,0,1.2642986176494393,0.2
1915,121.50316800300705,41,1,0,0,1.4948060901792595,0.2
1916,267.3316096879591,70,1,0,0,1.4557336074547955,0.2
1917,179.75767424421662,33,1,0,0,1.4712599412404037,0.2
1918,183.90244454289763,27,1,0,0,1.4525546595796566,0.2
1919,161.29538972284496,24,1,0,0,1.3171969094759473,0.2
1920,-50.0,1,0,1,0,4.18118083108497,0.2
1921,188.973922462295,76,1,0,0,1.4585136410486066,0.2
1922,156.32384546766107,17,1,0,0,1.3339620387929307,0.2
1923,127.73757138146087,22,1,0,0,1.3168562188050528,0.2
1924,142.0577494607275,35,1,0,0,1.4004999828378557,0.2
1925,188.7769051972927,90,1,0,0,1.382199072942823,0.2
1926,156.3092946507826,39,1,0,0,1.4016242406199226,0.2
1927,198.8119599165005,36,1,0,0,1.3191851177543459,0.2
1928,174.74097392361818,21,1,0,0,1.3753693921619883,0.2
1929,166.1967532147622,25,1,0,0,1.4008469769151857,0.2
1930,185.88569868018197,29,1,0,0,1.160429732941355,0.2
1931,187.0733985951165,28,1,0,0,1.464904814877659,0.2
1932,174.6779864170806,25,1,0,0,1.4411797634318977,0.2
1933,218.82996756237338,45,1,0,0,1.4252748219560687,0.2
1934,164.3880723923897,28,1,0,0,1.321954931463412,0.2
1935,177.78664099872222,23,1,0,0,1.3028737037947067,0.2
1936,176.70291750628633,23,1,0,0,1.3280527637676032,0.2
1937,145.15284202932784,14,1,0,0,1.4105138337089964,0.2
1938,23.01113846913938,200,0,0,1,2.932569017055442,0.2
1939,203.1390581630289,38,1,0,0,1.1701357597328748,0.2
1940,164.0505333511394,38,1,0,0,1.486543994825399,0.2
1941,149.34816257542252,20,1,0,0,1.4015682691686728,0.2
1942,172.02053976248158,24,1,0,0,1.3832144725370565,0.2
1943,230.24276898759123,42,1,0,0,1.263350046812512,0.2
1944,191.85331649069425,69,1,0,0,1.4013345729944533,0.2
1945,167.4413602795367,45,1,0,0,1.3283215998416227,0.2
1946,148.41461214507507,27,1,0,0,1.4297384509470266,0.2
1947,193.76914954570304,33,1,0,0,1.3372261551682445,0.2
1948,164.16182362672112,38,1,0,0,1.4942695344311503,0.2
1949,188.63524868094424,22,1,0,0,1.0842719503715141,0.2
1950,169.17565005929248,55,1,0,0,1.4337172369819882,0.2
1951,222.25832897810704,45,1,0,0,1.42942935721129,0.2
1952,221.01487765233668,35,1,0,0,1.4083986501280639,0.2
1953,189.95306573001238,45,1,0,0,1.334368197395239,0.2
1954,204.92559756666216,33,1,0,0,1.2475010615770727,0.2
1955,170.64104904635536,90,1,0,0,1.4443915165498693,0.2
1956,8.70370788858944,200,0,0,1,2.4826006411866195,0.2
1957,169.3040676500484,22,1,0,0,1.3600127148258525,0.2
1958,197.6161295240828,34,1,0,0,1.4811021565787763,0.2
1959,172.97727248822713,42,1,0,0,1.4607149622371782,0.2
1960,175.6364094672017,19,1,0,0,1.1436624268445195,0.2
1961,250.83904009014634,54,1,0,0,1.2603366868557315,0.2
1962,130.8560581986736,13,1,0,0,1.3258371889783633,0.2
1963,194.65863842562936,35,1,0,0,1.2880348227822789,0.2
1964,177.368255859563,22,1,0,0,1.1387960663591277,0.2
1965,138.06785289173052,10,1,0,0,1.457506057142656,0.2
1966,220.32201706050708,42,1,0,0,1.3959699333888473,0.2
1967,188.3029901235725,24,1,0,0,1.4266657489599044,0.2
1968,163.31741108762688,19,1,0,0,1.1945157795108592,0.2
1969,176.08335742914778,25,1,0,0,1.4652531571750176,0.2
1970,195.0582458582834,26,1,0,0,1.2242796405704024,0.2
1971,160.82339703566385,30,1,0,0,1.3098235887641427,0.2
1972,152.16327481175887,20,1,0,0,1.4289534579330303,0.2
1973,245.11809082157112,52,1,0,0,1.383404166224145,0.2
1974,258.40691617456594,54,1,0,0,1.2781643260603615,0.2
1975,193.98396447300348,26,1,0,0,1.3968407289588705,0.2
1976,233.19186466471874,66,1,0,0,1.2941211327525863,0.2
1977,167.17427671722027,19,1,0,0,1.224704291066913,0.2
1978,202.16551488552267,63,1,0,0,1.3843933075146078,0.2
1979,183.5046221415218,31,1,0,0,1.324651050572174,0.2
1980,156.23182653275936,24,1,0,0,1.4727439349881812,0.2
1981,177.12437301061368,22,1,0,0,1.4921125249628788,0.2
1982,165.1048822561212,24,1,0,0,1.451383622939558,0.2
1983,-50.0,1,0,1,0,6.389041866803187,0.2
1984,193.3175959287758,28,1,0,0,1.4572748838310199,0.2
1985,266.9699540072162,64,1,0,0,1.374247974124206,0.2
1986,130.5917966853133,28,1,0,0,1.3286659966644738,0.2
1987,174.00177693419982,35,1,0,0,1.353538516713595,0.2
1988,206.81127854110085,45,1,0,0,1.3514719344007797,0.2
1989,226.68893249608476,42,1,0,0,1.463390002086128,0.2
1990,149.67747177172853,32,1,0,0,1.3517075860513275,0.2
1991,164.71625319627012,25,1,0,0,1.4618090835168804,0.2
1992,206.8271336817649,32,1,0,0,1.3879693864175984,0.2
1993,131.82720253656026,11,1,0,0,1.403307681755924,0.2
1994,152.86219427740045,22,1,0,0,1.4324866077127734,0.2
1995,201.4294385131117,65,1,0,0,1.4239961516157433,0.2
1996,144.61045291172456,16,1,0,0,1.4755840634987802,0.2
1997,169.83680146068383,18,1,0,0,1.3286638642679067,0.2
1998,164.38318922558076,29,1,0,0,1.4929466072003905,0.2
1999,180.41566484293668,57,1,0,0,1.453510100203562,0.2
2000,-50.0,1,0,1,0,5.379242083192904,0.2
2001,134.9466837298127,20,1,0,0,1.3099905707266712,0.2
2002,107.79105057178582,10,1,0,0,1.4252144348554256,0.2
2003,165.74534829751747,20,1,0,0,1.4186775296359326,0.2
2004,151.82750199098177,19,1,0,0,1.3425270741512139,0.2
2005,164.98415240193765,25,1,0,0,1.2448442927280616,0.2
2006,188.30193288584908,24,1,0,0,1.3719813282676725,0.2
2007,137.32643666676984,13,1,0,0,1.4861521794718842,0.2
2008,170.27122725030762,25,1,0,0,1.351140445168213,0.2
2009,169.68055872757503,21,1,0,0,1.3985848584228913,0.2
2010,-50.0,1,0,1,0,4.369138050568401,0.2
2011,122.77434526378013,33,1,0,0,1.4887407729382334,0.2
2012,180.35450476565495,29,1,0,0,1.2174495864444614,0.2
2013,164.4818000995221,21,1,0,0,1.393389164405796,0.2
2014,170.37378086355034,30,1,0,0,1.4862960936705985,0.2
2015,17.736342930025174,200,0,0,1,2.9105904526142843,0.2
2016,153.7714104422952,20,1,0,0,1.3929234827539279,0.2
2017,160.8968011345858,26,1,0,0,1.3674309405743208,0.2
2018,113.92180051618332,5,1,0,0,1.1346517280674158,0.2
2019,243.18797034689496,56,1,0,0,1.4860235125321855,0.2
2020,133.29158418169968,11,1,0,0,1.3342069826332004,0.2
2021,211.17398562423693,42,1,0,0,1.459192296896913,0.2
2022,189.71333792835702,22,1,0,0,1.4570955347659291,0.2
2023,173.36887910485274,36,1,0,0,1.4522456601858078,0.2
2024,147.41036344386873,19,1,0,0,1.3693212769200211,0.2
2025,175.0783621040066,21,1,0,0,1.385706512842355,0.2
2026,190.5923157486911,63,1,0,0,1.4948767167621508,0.2
2027,136.47778848919958,16,1,0,0,1.4287223721270548,0.2
2028,172.121279037535,26,1,0,0,1.423216037327564,0.2
2029,170.99390933883348,25,1,0,0,1.3341131959566757,0.2
2030,163.97344890365193,28,1,0,0,1.3468724006658082,0.2
2031,156.3522354537501,17,1,0,0,1.2953104061021654,0.2
2032,161.57044558982568,22,1,0,0,1.4590287685541603,0.2
2033,179.81024026234095,31,1,0,0,1.3268007327122426,0.2
2034,150.37116276920614,20,1,0,0,1.4858786436004674,0.2
2035,68.52838816421666,200,0,0,1,3.4840870112275146,0.2
2036,161.539146066226,22,1,0,0,1.4768882336535292,0.2
2037,157.94726519256704,17,1,0,0,1.4154558564645492,0.2
2038,167.79619458447786,27,1,0,0,1.3995504137975776,0.2
2039,156.05750317606586,17,1,0,0,1.4033154455072745,0.2
2040,208.3439460999715,40,1,0,0,1.3670884785222543,0.2
2041,125.95724196292316,10,1,0,0,1.2240319434054043,0.2
2042,167.61983862752385,23,1,0,0,1.4791817204909634,0.2
2043,271.259621726879,61,1,0,0,1.482013459299925,0.2
2044,267.05399568093867,125,1,0,0,1.4818564230216946,0.2
2045,149.65139656100789,24,1,0,0,1.2116601233871156,0.2
2046,173.04778341789967,20,1,0,0,1.3216848506720473,0.2
2047,144.02523524105283,126,1,0,0,1.4082679517226389,0.2
2048,159.3595315023481,15,1,0,0,1.4775730510656493,0.2
2049,10.118169821823795,200,0,0,1,2.4661385273431256,0.2
2050,165.89921721036842,22,1,0,0,1.365023324248512,0.2
2051,234.21249110953235,43,1,0,0,1.3670158289902528,0.2
2052,192.32419184998093,30,1,0,0,1.444985356257175,0.2
2053,145.29688774828742,17,1,0,0,1.469550672940368,0.2
2054,167.66113131206913,22,1,0,0,1.4878129173569843,0.2
2055,194.0926869528351,28,1,0,0,1.1911244288903298,0.2
2056,155.47562200224894,52,1,0,0,1.2707077632783887,0.2
2057,208.21349805448716,37,1,0,0,1.2933836441229014,0.2
2058,192.36574405891895,25,1,0,0,1.3790945825090668,0.2
2059,222.14073633025396,36,1,0,0,1.4415535019333157,0.2
2060,144.3686409201077,15,1,0,0,1.4148499088223006,0.2
2061,140.59099945759337,165,1,0,0,1.452710678551293,0.2
2062,166.97764154665214,27,1,0,0,1.4028250843097125,0.2
2063,144.12716694432953,16,1,0,0,1.3163888111446402,0.2
2064,224.28736160219304,44,1,0,0,1.4298245945848256,0.2
2065,177.64474573361164,22,1,0,0,1.3354386646025842,0.2
2066,152.0711186462463,18,1,0,0,1.4861604355210603,0.2
2067,172.2984292167585,22,1,0,0,1.3889503684167046,0.2
2068,173.1371121006767,19,1,0,0,1.209284297960515,0.2
2069,137.93539017555,17,1,0,0,1.4526637527326363,0.2
2070,151.41495082636897,18,1,0,0,1.3365753489972028,0.2
2071,122.34719795775328,13,1,0,0,1.2506625500357225,0.2
2072,209.0553597250393,35,1,0,0,1.360936492742145,0.2
2073,239.24486796663942,51,1,0,0,1.2599843225715892,0.2
2074,104.17218354966147,4,1,0,0,1.4932570177750288,0.2
2075,209.4315675369881,32,1,0,0,1.4657098843974687,0.2
2076,170.61564336429853,24,1,0,0,1.3061214984802365,0.2
2077,267.51111889397725,68,1,0,0,1.3923581709720836,0.2
2078,205.543181125594,26,1,0,0,1.2655898036072772,0.2
2079,119.58071055874643,8,1,0,0,1.3368168102035538,0.2
2080,160.34516301069002,18,1,0,0,1.1687281840362822,0.2
2081,191.77262763567907,57,1,0,0,1.4572977402803429,0.2
2082,171.408406302883,49,1,0,0,1.405893864352886,0.2
2083,180.58310137514397,24,1,0,0,1.3903914195040847,0.2
2084,68.73056795780604,200,0,0,1,2.099766282235044,0.2
2085,179.87317670809253,46,1,0,0,1.4515204313579126,0.2
2086,158.85194394506428,22,1,0,0,1.417825510280186,0.2
2087,187.80347932149334,28,1,0,0,1.4032475248893166,0.2
2088,187.2656491951015,27,1,0,0,1.426175833610885,0.2
2089,155.43464854773768,24,1,0,0,1.400612462717581,0.2
2090,164.7298460320865,36,1,0,0,1.4582129049740695,0.2
2091,134.66959333475987,9,1,0,0,1.2688238610573328,0.2
2092,231.80304431082288,49,1,0,0,1.3846724093260745,0.2
2093,230.3751223412197,52,1,0,0,1.4790000686337412,0.2
2094,145.6734280304516,39,1,0,0,1.401129749543864,0.2
2095,150.90349037007448,19,1,0,0,1.427628224304523,0.2
2096,135.3013684880248,35,1,0,0,1.2932945174649662,0.2
2097,149.84121948550984,14,1,0,0,1.2635735895761897,0.2
2098,174.50647937389311,25,1,0,0,1.4367397054191404,0.2
2099,201.0128816411522,35,1,0,0,1.4945104479103974,0.2
2100,184.3872507249917,24,1,0,0,1.3358433246202004,0.2
2101,150.14092923475872,49,1,0,0,1.4523208192796246,0.2
2102,181.71142849382454,27,1,0,0,1.336041236707855,0.2
2103,182.3311779368551,22,1,0,0,1.3759977207798286,0.2
2104,158.17309471030984,25,1,0,0,1.371180446659544,0.2
2105,130.08693172424984,17,1,0,0,1.2772089227055279,0.2
2106,144.76977059992186,19,1,0,0,1.212991901753828,0.2
2107,187.6216329017309,23,1,0,0,1.1294511731311891,0.2
2108,159.09503800679937,21,1,0,0,1.4768489590689298,0.2
2109,160.82701658038573,27,1,0,0,1.286077135078942,0.2
2110,147.74412386916492,20,1,0,0,1.3462203202460583,0.2
2111,146.0193836380289,17,1,0,0,1.4350382020705184,0.2
2112,135.54582379048395,91,1,0,0,1.4185492740782144,0.2
2113,213.00079960089434,31,1,0,0,1.3639304066632547,0.2
2114,158.02522483704962,31,1,0,0,1.4154090188809787,0.2
2115,143.85907898447803,13,1,0,0,1.4481141520725724,0.2
2116,22.880744881268235,200,0,0,1,4.5033444000722795,0.2
2117,243.9175426203346,51,1,0,0,1.4312909377074996,0.2
2118,183.94115756965334,24,1,0,0,1.376153089459592,0.2
2119,195.6063955260206,29,1,0,0,1.3957195362592099,0.2
2120,144.7318942708772,20,1,0,0,1.4409866867529049,0.2
2121,154.01078520015844,36,1,0,0,1.2282310594040065,0.2
2122,134.19206837739483,42,1,0,0,1.4246708711428977,0.2
2123,194.4721763927766,33,1,0,0,1.219258027915676,0.2
2124,194.90560604584022,27,1,0,0,1.3805608919221106,0.2
2125,164.1240615942713,26,1,0,0,1.3524153437408897,0.2
2126,170.8893925477651,22,1,0,0,1.156697281721682,0.2
2127,184.49543840147874,27,1,0,0,1.3781465199779717,0.2
2128,156.83980781842783,20,1,0,0,1.4981870369980952,0.2
2129,246.42778630193413,50,1,0,0,1.4419181868410489,0.2
2130,167.07845377364225,23,1,0,0,1.2586069393385573,0.2
2131,256.3900155651708,55,1,0,0,1.4801961325224404,0.2
2132,193.27208035473254,36,1,0,0,1.2631705189046156,0.2
2133,183.0580860315941,23,1,0,0,1.4273287680825413,0.2
2134,42.65573406900731,200,0,0,1,5.410478373311361,0.2
2135,222.53530623743436,86,1,0,0,1.4932732800241768,0.2
2136,193.67609334666832,32,1,0,0,1.4818836976348362,0.2
2137,170.5359809261751,25,1,0,0,1.3195308668030694,0.2
2138,208.37877656660362,28,1,0,0,1.3214295886841638,0.2
2139,173.0589164940962,23,1,0,0,1.3167837925180705,0.2
2140,258.2829400757778,61,1,0,0,1.46214318376699,0.2
2141,159.45009766569342,74,1,0,0,1.4281607719846048,0.2
2142,152.3252496278512,36,1,0,0,1.4682066150568873,0.2
2143,150.72048298094802,16,1,0,0,1.3439925998378421,0.2
2144,159.60205964375294,75,1,0,0,1.429488063432861,0.2
2145,152.59884068530522,22,1,0,0,1.4402981585570722,0.2
2146,165.39868587421253,33,1,0,0,1.37798933755953,0.2
2147,199.05666132279873,32,1,0,0,1.4322591304922843,0.2
2148,100.0,1,1,0,0,1.1899923869985427,0.2
2149,198.80564697662203,23,1,0,0,1.2740337059248787,0.2
2150,151.22941373484204,12,1,0,0,1.4653676261072592,0.2
2151,151.09005515526087,18,1,0,0,1.2836449791698332,0.2
2152,203.0014475773602,26,1,0,0,1.3209483097504666,0.2
2153,192.3613530854642,30,1,0,0,1.2243151335960991,0.2
2154,195.9686749871163,36,1,0,0,1.4865901257071903,0.2
2155,128.67835889987055,13,1,0,0,1.4996933222161846,0.2
2156,290.1707287432099,93,1,0,0,1.492644525159418,0.2
2157,147.28822867342947,16,1,0,0,1.4311623783805187,0.2
2158,193.59106942813833,37,1,0,0,1.3943594225480969,0.2
2159,257.49565790252814,67,1,0,0,1.4367917120246423,0.2
2160,132.11056405043743,10,1,0,0,1.4729312893535855,0.2
2161,125.02777867777408,10,1,0,0,1.2412535327925955,0.2
2162,124.9552679350086,32,1,0,0,1.3550883329341854,0.2
2163,208.54974760582007,47,1,0,0,1.2586048583024436,0.2
2164,187.679709138331,43,1,0,0,1.4722187224317982,0.2
2165,175.48211282330232,29,1,0,0,1.4147635971926171,0.2
2166,192.92904405846946,55,1,0,0,1.4511662511674428,0.2
2167,165.30292707903578,28,1,0,0,1.1654805270838005,0.2
2168,172.4482608210722,22,1,0,0,1.4638694513736803,0.2
2169,204.39681435579345,26,1,0,0,1.4203555064632578,0.2
2170,129.4171751239076,12,1,0,0,1.3791989400598057,0.2
2171,140.517193622742,16,1,0,0,1.4135128894860725,0.2
2172,182.95013446584824,35,1,0,0,1.4066503154289733,0.2
2173,171.5207678228348,59,1,0,0,1.4765426219529616,0.2
2174,135.76775455059655,13,1,0,0,1.2454454437797402,0.2
2175,161.72482833655067,20,1,0,0,1.4080966478736858,0.2
2176,19.65741768331362,200,0,0,1,3.581469606387477,0.2
2177,200.51597627184046,36,1,0,0,1.4120096270602416,0.2
2178,143.81065919404813,12,1,0,0,1.3221411931476739,0.2
2179,198.73308154793483,26,1,0,0,1.2692179017110379,0.2
2180,162.22707728836158,19,1,0,0,1.4083823273271612,0.2
2181,141.62189265449047,27,1,0,0,1.4948631886823336,0.2
2182,156.17984705190264,16,1,0,0,1.3932766111337516,0.2
2183,196.84257425939808,37,1,0,0,1.417928839520482,0.2
2184,171.1320790446365,23,1,0,0,1.2604501547220983,0.2
2185,129.7880944048881,16,1,0,0,1.3028940392616477,0.2
2186,129.32957716966493,18,1,0,0,1.3411081304780044,0.2
2187,171.11119826082017,25,1,0,0,1.4612741928736808,0.2
2188,122.83308320342115,42,1,0,0,1.2932776497560523,0.2
2189,184.85844158789445,23,1,0,0,1.260723033053221,0.2
2190,125.0215881803332,12,1,0,0,1.4600126749067082,0.2
2191,159.2019415872891,50,1,0,0,1.3295682414680308,0.2
2192,151.5152003913301,14,1,0,0,1.0888380609416122,0.2
2193,188.41434026060278,29,1,0,0,1.3618087286423959,0.2
2194,195.2140241315861,29,1,0,0,1.3829091318564926,0.2
2195,175.30329628434072,24,1,0,0,1.37603979370354,0.2
2196,215.75931818975087,50,1,0,0,1.3982921970660687,0.2
2197,146.04005929321872,17,1,0,0,1.3125739792964375,0.2
2198,189.4555875803194,24,1,0,0,1.379545096493294,0.2
2199,217.13197134372618,43,1,0,0,1.4583184590837956,0.2
2200,100.0,1,1,0,0,1.2023853463571006,0.2
2201,125.57464732699403,10,1,0,0,1.3415209481954833,0.2
2202,175.60129184694495,28,1,0,0,1.2581801460976236,0.2
2203,147.25141548100353,21,1,0,0,1.406437521105763,0.2
2204,146.02958538718832,20,1,0,0,1.4263589345585785,0.2
2205,161.31599625516776,27,1,0,0,1.2820871046606044,0.2
2206,140.98203015677225,26,1,0,0,1.3845274698611765,0.2
2207,154.10487766304587,18,1,0,0,1.4138779050753358,0.2
2208,157.13690553147703,16,1,0,0,1.4560616055630602,0.2
2209,202.68975527195465,24,1,0,0,1.2816721965661413,0.2
2210,160.62254713741626,26,1,0,0,1.4863565480895886,0.2
2211,173.70645213608003,134,1,0,0,1.4335343228454152,0.2
2212,180.56432632896224,23,1,0,0,1.294083245860977,0.2
2213,181.1334389856073,23,1,0,0,1.4292070008151025,0.2
2214,169.7748336518381,23,1,0,0,1.1943249783955892,0.2
2215,189.11831166266006,33,1,0,0,1.3965206831976287,0.2
2216,166.37236406589767,22,1,0,0,1.2993556069265269,0.2
2217,134.15241161517804,18,1,0,0,1.1676826658209514,0.2
2218,166.1291782874351,26,1,0,0,1.346270193739307,0.2
2219,156.13684498840942,20,1,0,0,1.218496016169248,0.2
2220,146.16809092420021,14,1,0,0,1.4531106145569639,0.2
2221,76.00440292931219,200,0,0,1,3.405564343069087,0.2
2222,172.552478804288,24,1,0,0,1.1738145472521835,0.2
2223,190.73408840982256,27,1,0,0,1.370647981796389,0.2
2224,172.86191170389282,22,1,0,0,1.1713374574122055,0.2
2225,271.7229471885107,69,1,0,0,1.452940156727856,0.2
2226,191.23281276228076,22,1,0,0,1.3376283427338511,0.2
2227,129.98651273774288,26,1,0,0,1.4879821516124139,0.2
2228,131.78888555561934,20,1,0,0,1.3225658318196092,0.2
2229,144.96939941544224,22,1,0,0,1.4683574836928484,0.2
2230,183.20901714570454,25,1,0,0,1.3111145161284838,0.2
2231,152.40722055890845,21,1,0,0,1.3941452192072001,0.2
2232,179.35305295276225,36,1,0,0,1.276660923565132,0.2
2233,169.94613149755176,25,1,0,0,1.3168171143316667,0.2
2234,145.03722864491453,30,1,0,0,1.2999310558550685,0.2
2235,160.4128446219261,20,1,0,0,1.4289672474014175,0.2
2236,173.55642139153895,24,1,0,0,1.4306755782768767,0.2
2237,236.92927962473186,47,1,0,0,1.4870327879357588,0.2
2238,142.7222133164046,36,1,0,0,1.4875526138341222,0.2
2239,132.91112018223558,13,1,0,0,1.376841325860861,0.2
2240,155.70843900876284,15,1,0,0,1.4089677521989374,0.2
2241,171.73249007756073,26,1,0,0,1.4074206315952462,0.2
2242,193.36257421877758,29,1,0,0,1.2712053745899323,0.2
2243,137.3113659585314,15,1,0,0,1.463333940707244,0.2
2244,146.92393455356273,35,1,0,0,1.487856600972398,0.2
2245,222.94105191519085,45,1,0,0,1.3593001840590453,0.2
2246,188.98200214138288,38,1,0,0,1.4630038950360371,0.2
2247,141.45715121150573,13,1,0,0,1.2132536721311524,0.2
2248,189.8555131900942,26,1,0,0,1.4756718140426026,0.2
2249,150.00782371150532,33,1,0,0,1.4073187028291692,0.2
2250,149.27022196409322,14,1,0,0,1.3887448591596927,0.2
2251,173.8131476707017,49,1,0,0,1.4839137576131605,0.2
2252,140.00304649611832,14,1,0,0,1.494063918375613,0.2
2253,159.71753860899136,38,1,0,0,1.4528009309763477,0.2
2254,122.01424234804965,12,1,0,0,1.3977871553447598,0.2
2255,101.45111346313351,150,1,0,0,1.4038028949221666,0.2
2256,152.4919452117482,19,1,0,0,1.4609186311865225,0.2
2257,191.82595064016186,27,1,0,0,1.1977184444002926,0.2
2258,192.5309310283173,32,1,0,0,1.4687914264098252,0.2
2259,142.68905912840918,18,1,0,0,1.380775434601386,0.2
2260,220.04945250269915,42,1,0,0,1.4607316322594592,0.2
2261,162.06571591296012,22,1,0,0,1.2684210608691313,0.2
2262,180.5060807773082,25,1,0,0,1.3700773199072638,0.2
2263,100.0,1,1,0,0,0.8776064450177794,0.2
2264,212.1326415986817,26,1,0,0,1.2720519774682209,0.2
2265,175.26430831430503,28,1,0,0,1.4570956776428763,0.2
2266,197.2594899101956,27,1,0,0,1.2190075705309409,0.2
2267,169.41978788036448,21,1,0,0,1.259911041448742,0.2
2268,138.67269783448558,15,1,0,0,1.3821366848202643,0.2
2269,153.108690344421,17,1,0,0,1.4646655137440172,0.2
2270,158.34933033424284,32,1,0,0,1.3727007921494567,0.2
2271,170.15424683246331,21,1,0,0,1.211025089908147,0.2
2272,184.0184632487622,24,1,0,0,1.4974732721314552,0.2
2273,198.13984237836843,31,1,0,0,1.251357514465707,0.2
2274,144.49977316240364,76,1,0,0,1.363390735360304,0.2
2275,183.9570060215645,28,1,0,0,1.457888803401172,0.2
2276,200.2259619813065,28,1,0,0,1.3932452125113328,0.2
2277,190.07494699806017,24,1,0,0,1.3664106439389978,0.2
2278,176.36772176036956,22,1,0,0,1.218434347214975,0.2
2279,163.20317937949588,25,1,0,0,1.4250728974744016,0.2
2280,183.03115149554975,35,1,0,0,1.3556383627974047,0.2
2281,232.95358808350136,45,1,0,0,1.3553487054280986,0.2
2282,178.7869932138887,28,1,0,0,1.4759063250736115,0.2
2283,187.42251167484181,21,1,0,0,1.2960126316311515,0.2
2284,129.70926544076923,16,1,0,0,1.4456837526314121,0.2
2285,165.26781249309852,25,1,0,0,1.3976385736962975,0.2
2286,214.0525095519414,48,1,0,0,1.4908844958700151,0.2
2287,101.78930873349313,4,1,0,0,1.4326148188699934,0.2
2288,127.05573298372111,11,1,0,0,1.4659431712067703,0.2
2289,217.10217207481895,40,1,0,0,1.367520535510367,0.2
2290,145.51295339391,30,1,0,0,1.4321930900846223,0.2
2291,187.82876800231554,31,1,0,0,1.3562278615096266,0.2
2292,249.49969281922267,55,1,0,0,1.3825716816461315,0.2
2293,240.3981164718405,52,1,0,0,1.3347200834266606,0.2
2294,163.70723963301802,22,1,0,0,1.4182942732820085,0.2
2295,124.53407472619331,9,1,0,0,1.1979537403602631,0.2
2296,122.14664682726433,10,1,0,0,1.3805346630652637,0.2
2297,227.47193960334386,45,1,0,0,1.345384235217644,0.2
2298,162.11574942681585,25,1,0,0,1.2880657301565186,0.2
2299,188.3818648486677,33,1,0,0,1.2552412229548635,0.2
2300,152.71650365284682,100,1,0,0,1.45640829145525,0.2
2301,192.17556926302692,38,1,0,0,1.4633054470181688,0.2
2302,77.14150786201839,200,0,0,1,2.162515299495835,0.2
2303,171.0087426513553,27,1,0,0,1.491315928290386,0.2
2304,190.28318741411582,33,1,0,0,1.4408906031411934,0.2
2305,85.5354067171714,200,0,0,1,4.398098502961247,0.2
2306,176.34722197817632,22,1,0,0,1.42242870602811,0.2
2307,183.28506666437002,59,1,0,0,1.433275692640636,0.2
2308,176.3251917444121,25,1,0,0,1.4879024736285107,0.2
2309,233.91571443546076,45,1,0,0,1.3341442073490026,0.2
2310,172.09836217323164,25,1,0,0,1.4706004902243472,0.2
2311,189.72501184933128,33,1,0,0,1.2768539266509478,0.2
2312,177.42532217112267,96,1,0,0,1.4819782477221008,0.2
2313,127.71665938911673,16,1,0,0,1.177849418836526,0.2
2314,184.3425318152991,44,1,0,0,1.4994781097341057,0.2
2315,197.80036463780843,62,1,0,0,1.4727975674294365,0.2
2316,176.71036555681633,47,1,0,0,1.349955472390542,0.2
2317,117.6843352843782,24,1,0,0,1.4555407749472287,0.2
2318,152.1067080777184,18,1,0,0,1.2844776849737587,0.2
2319,104.25929931504447,2,1,0,0,1.1907447118207062,0.2
2320,127.54241414012799,19,1,0,0,1.376019437026698,0.2
2321,168.91209986085116,20,1,0,0,1.1891221091278377,0.2
2322,193.34267851247353,24,1,0,0,1.495667348185259,0.2
2323,172.43077080544296,25,1,0,0,1.3061752217170481,0.2
2324,244.19540775864047,84,1,0,0,1.4732868017862362,0.2
2325,161.67679486072797,17,1,0,0,1.4917442072114484,0.2
2326,160.1277257243496,30,1,0,0,1.4925583263177422,0.2
2327,179.44446272773106,32,1,0,0,1.4665864561466573,0.2
2328,123.51616816907365,9,1,0,0,1.4511485980844707,0.2
2329,268.3513385852925,60,1,0,0,1.4026432187972089,0.2
2330,151.44776480534648,23,1,0,0,1.411911569480253,0.2
2331,180.68306863453137,26,1,0,0,1.4678278501377366,0.2
2332,125.7947340939829,9,1,0,0,1.306323225648915,0.2
2333,163.37838159610791,23,1,0,0,1.4464995643410046,0.2
2334,179.28742707315357,32,1,0,0,1.4543320010875525,0.2
2335,186.94312579578184,27,1,0,0,1.3373315897994817,0.2
2336,172.8385210785687,22,1,0,0,1.3214075626296042,0.2
2337,162.82127713704597,20,1,0,0,1.281801250985715,0.2
2338,149.880311803419,19,1,0,0,1.1729832326733198,0.2
2339,196.4256449021451,28,1,0,0,1.3648886442055732,0.2
2340,105.97270434180712,24,1,0,0,1.3105369903339563,0.2
2341,178.22204819788362,25,1,0,0,1.2689591663721032,0.2
2342,181.03373211965584,31,1,0,0,1.4772850533272828,0.2
2343,125.03095226951208,8,1,0,0,1.390125268843354,0.2
2344,128.519896379736,18,1,0,0,1.347907599508683,0.2
2345,170.78871135722358,22,1,0,0,1.3840559933009053,0.2
2346,186.0214878739913,26,1,0,0,1.3558667377834954,0.2
2347,155.04671321659148,28,1,0,0,1.3636156822141268,0.2
2348,166.4036799072065,22,1,0,0,1.2122669539264275,0.2
2349,156.13979876362163,20,1,0,0,1.3457900350346743,0.2
2350,94.39585220723234,10,1,0,0,1.3764026073305886,0.2
2351,200.0124270632967,34,1,0,0,1.2850001149574795,0.2
2352,167.86014271681466,24,1,0,0,1.4851648341576091,0.2
2353,177.54868302227555,26,1,0,0,1.4450591324589253,0.2
2354,196.8376117301491,102,1,0,0,1.481555386024392,0.2
2355,127.27630077197709,10,1,0,0,1.3206374746665104,0.2
2356,134.12369627100833,10,1,0,0,1.4197064715240266,0.2
2357,149.86459278798924,20,1,0,0,1.1446665388361308,0.2
2358,147.4698527707468,116,1,0,0,1.4952409736086163,0.2
2359,183.66472401519815,27,1,0,0,1.2707546278251824,0.2
2360,153.93143674994374,16,1,0,0,1.347509069744722,0.2
2361,156.2925051789694,16,1,0,0,1.214398969221302,0.2
2362,159.22492797446054,23,1,0,0,1.327066902866177,0.2
2363,165.99504422093122,21,1,0,0,1.356066459926415,0.2
2364,165.749127184697,25,1,0,0,1.3184398385618405,0.2
2365,183.7004847744587,25,1,0,0,1.340229506660617,0.2
2366,129.7292776534064,12,1,0,0,1.3675450796536484,0.2
2367,220.21611594386906,44,1,0,0,1.4566215699425318,0.2
2368,138.81582719540887,18,1,0,0,1.3533384357890141,0.2
2369,206.6791543046794,38,1,0,0,1.3216635471544664,0.2
2370,149.85136379965033,19,1,0,0,1.3340446867882627,0.2
2371,176.44407314067183,22,1,0,0,1.4818196180664798,0.2
2372,157.61021869789158,17,1,0,0,1.472394465819611,0.2
2373,145.3322630803605,16,1,0,0,1.4632810077942648,0.2
2374,197.16090544538923,26,1,0,0,1.1865484637925152,0.2
2375,185.827668523619,26,1,0,0,1.4633088471731128,0.2
2376,174.34720150363012,25,1,0,0,1.4652877981479993,0.2
2377,199.79458251710875,33,1,0,0,1.2619804516572315,0.2
2378,173.89454969106202,24,1,0,0,1.4875223383092817,0.2
2379,231.12558846296375,45,1,0,0,1.3375376643072059,0.2
2380,174.1874484142489,22,1,0,0,1.4220464779754518,0.2
2381,176.77720440285134,28,1,0,0,1.145648832418963,0.2
2382,155.55554925776318,22,1,0,0,1.4522282477973127,0.2
2383,192.77025598325096,33,1,0,0,1.278084812251846,0.2
2384,182.9857596184329,24,1,0,0,1.2997281033213732,0.2
2385,200.08185157066933,43,1,0,0,1.3297019551753142,0.2
2386,165.7347135231172,32,1,0,0,1.4062323355309319,0.2
2387,143.60944454107218,21,1,0,0,1.3918052509317904,0.2
2388,166.8468727091011,36,1,0,0,1.3458809386327055,0.2
2389,176.9904013519292,29,1,0,0,1.320936878950258,0.2
2390,182.2402872161833,22,1,0,0,1.4637072883973559,0.2
2391,100.0,1,1,0,0,1.3788326053768565,0.2
2392,161.8528501774431,27,1,0,0,1.3384698149539105,0.2
2393,188.3761577209674,25,1,0,0,1.3296068267965042,0.2
2394,167.73229822311373,23,1,0,0,1.424854266468977,0.2
2395,178.69615689758018,32,1,0,0,1.2877992279977322,0.2
2396,132.5961445007191,15,1,0,0,1.2719233817205329,0.2
2397,156.81021757695456,20,1,0,0,1.4640965646517416,0.2
2398,206.4266863956027,35,1,0,0,1.4959144478760562,0.2
2399,159.79662083142065,33,1,0,0,1.3360392588835819,0.2
2400,179.84928237280087,26,1,0,0,1.4201962751167778,0.2
2401,155.3376229717939,31,1,0,0,1.1654795123003305,0.2
2402,145.57416394290598,23,1,0,0,1.4791916269478498,0.2
2403,187.94141990769333,24,1,0,0,1.1944938802464702,0.2
2404,180.88564021530405,35,1,0,0,1.3892307063393212,0.2
2405,159.8888844858668,16,1,0,0,1.351531810587236,0.2
2406,169.27530588433763,36,1,0,0,1.2853103210125536,0.2
2407,183.68509773878327,23,1,0,0,1.2352974914044215,0.2
2408,155.0235922610403,18,1,0,0,1.3164913693584086,0.2
2409,215.21550810620067,33,1,0,0,1.4680611775549488,0.2
2410,195.47816936181425,28,1,0,0,1.4088382537422786,0.2
2411,162.6042274732859,18,1,0,0,1.4365322114885941,0.2
2412,214.3531549044843,32,1,0,0,1.2463341610820522,0.2
2413,174.88081474154075,25,1,0,0,1.3977028752345169,0.2
2414,138.25627282570196,17,1,0,0,1.231039425419093,0.2
2415,152.82868389636425,24,1,0,0,1.3837966571600093,0.2
2416,170.5389653955549,37,1,0,0,1.3824877456095233,0.2
2417,168.10225934239332,50,1,0,0,1.2393430707124031,0.2
2418,192.62054493464757,30,1,0,0,1.456504667363153,0.2
2419,160.13259585792954,19,1,0,0,1.3018903681967153,0.2
2420,260.6112909669059,63,1,0,0,1.4749314587579112,0.2
2421,118.09584801729156,143,1,0,0,1.2920085219238304,0.2
2422,147.24289185089594,24,1,0,0,1.4994492486658673,0.2
2423,232.4906031181838,46,1,0,0,1.4067946286396977,0.2
2424,145.72725425091755,17,1,0,0,1.377932585599031,0.2
2425,-50.0,1,0,1,0,6.280686995844544,0.2
2426,176.94636484104265,27,1,0,0,1.4204145970228186,0.2
2427,129.2718003338222,81,1,0,0,1.4083147322874292,0.2
2428,184.9621944181049,25,1,0,0,1.2108524841543333,0.2
2429,148.00983247694597,14,1,0,0,1.0894751418198427,0.2
2430,119.42150962573346,12,1,0,0,1.4860736949657254,0.2
2431,160.37083031254596,28,1,0,0,1.471639632431923,0.2
2432,155.82468983896268,23,1,0,0,1.151766328658549,0.2
2433,172.33882139002208,35,1,0,0,1.4284606809419094,0.2
2434,167.6393567911573,23,1,0,0,1.3196743959976063,0.2
2435,176.85072473964325,26,1,0,0,1.4152965531241288,0.2
2436,238.7777118808444,48,1,0,0,1.3059182629833992,0.2
2437,139.71848457670848,16,1,0,0,1.3952947257529498,0.2
2438,172.00539374114243,29,1,0,0,1.287798218912573,0.2
2439,127.78409700103526,26,1,0,0,1.363195537477314,0.2
2440,195.75406064782334,29,1,0,0,1.1485039105752997,0.2
2441,177.12005559030075,24,1,0,0,1.4441087645908322,0.2
2442,148.96980505845318,17,1,0,0,1.4414322465398954,0.2
2443,170.29252063523256,22,1,0,0,1.2473224771908475,0.2
2444,166.14796028696594,33,1,0,0,1.420942766515117,0.2
2445,45.01791954483839,200,0,0,1,1.7270118542566892,0.2
2446,144.68890516883914,17,1,0,0,1.3096048777779838,0.2
2447,169.51883894487167,25,1,0,0,1.4775521100694884,0.2
2448,159.47168415050965,18,1,0,0,1.1366571713237261,0.2
2449,153.02321936963807,16,1,0,0,1.4854034698163092,0.2
2450,126.45251914614215,10,1,0,0,1.4692758574788334,0.2
2451,188.4072235359489,21,1,0,0,1.3620703421597375,0.2
2452,139.9179655050155,105,1,0,0,1.4111090878439174,0.2
2453,187.88666052251403,25,1,0,0,1.3106901089602403,0.2
2454,163.0157972420127,23,1,0,0,1.2666715454597794,0.2
2455,239.0381734584289,40,1,0,0,1.3758308210690735,0.2
2456,182.7261294247121,27,1,0,0,1.423457861281541,0.2
2457,178.7534144533106,30,1,0,0,1.2385148628246796,0.2
2458,163.5727541757203,21,1,0,0,1.1313652231915392,0.2
2459,231.46838066746258,44,1,0,0,1.449075257490659,0.2
2460,122.83570905129741,13,1,0,0,1.487867255290174,0.2
2461,133.95396042736144,55,1,0,0,1.4081670273304652,0.2
2462,202.66694769916222,43,1,0,0,1.3894557953876134,0.2
2463,203.43327227978625,34,1,0,0,1.4812347966028316,0.2
2464,181.08225188438706,22,1,0,0,1.0614309591549165,0.2
2465,176.68603764992912,27,1,0,0,1.472094049056942,0.2
2466,132.57865848695843,14,1,0,0,1.3747155606218677,0.2
2467,135.01281072350972,17,1,0,0,1.218217233751378,0.2
2468,157.60927233221923,16,1,0,0,1.2551148048962306,0.2
2469,202.83163335158235,33,1,0,0,1.373571843626496,0.2
2470,167.98899636559037,26,1,0,0,1.390591878030855,0.2
2471,139.93171463579787,17,1,0,0,1.2625312278761813,0.2
2472,204.83378936197317,30,1,0,0,1.3317053902918563,0.2
2473,175.8832836472031,22,1,0,0,1.4143333116916035,0.2
2474,222.89777354738214,47,1,0,0,1.293420977613949,0.2
2475,129.49819123388158,16,1,0,0,1.4671651080101298,0.2
2476,168.12430591929567,23,1,0,0,1.292864709156153,0.2
2477,194.18893896842155,26,1,0,0,1.351870799156142,0.2
2478,185.23336996904638,25,1,0,0,1.489705173281658,0.2
2479,128.14376205946778,15,1,0,0,1.4802355620052328,0.2
2480,167.7020099049444,20,1,0,0,1.4930561816511287,0.2
2481,147.59328357988616,74,1,0,0,1.3577853331498482,0.2
2482,174.4712680157653,31,1,0,0,1.359619358192208,0.2
2483,61.11370846777661,200,0,0,1,4.727328234855537,0.2
2484,140.94807180909567,27,1,0,0,1.415917402356595,0.2
2485,175.54669846103295,29,1,0,0,1.4881479901691426,0.2
2486,158.31050107773706,23,1,0,0,1.4767343536589301,0.2
2487,147.76745178429115,17,1,0,0,1.4787580333257255,0.2
2488,133.7468076825051,16,1,0,0,1.4282827121848765,0.2
2489,211.3719891665458,37,1,0,0,1.4623130930843964,0.2
2490,25.415078548332808,200,0,0,1,2.478278880684454,0.2
2491,199.6091877172754,33,1,0,0,1.4654907447805763,0.2
2492,196.82139554002367,33,1,0,0,1.4361697919114158,0.2
2493,184.81564985565785,30,1,0,0,1.1130643911824118,0.2
2494,156.88024857173372,22,1,0,0,1.2933582495984293,0.2
2495,200.45384227908409,37,1,0,0,1.2926041784196785,0.2
2496,168.2327133199707,23,1,0,0,1.1368329992671362,0.2
2497,145.31398033942278,18,1,0,0,1.1484052443538955,0.2
2498,190.49774820821057,28,1,0,0,1.2575085750833028,0.2
2499,204.5581614367266,40,1,0,0,1.4143480993065323,0.2
2500,122.55776765404178,11,1,0,0,1.3855847820814846,0.2
2501,198.7321857465738,24,1,0,0,1.150064623504986,0.2
2502,173.10737087789548,26,1,0,0,1.484437217977201,0.2
2503,144.86476279182935,39,1,0,0,1.4606998252287768,0.2
2504,113.03192285161366,27,1,0,0,1.4793553689498415,0.2
2505,158.09294609647156,32,1,0,0,1.4406829694981356,0.2
2506,165.90290240414868,27,1,0,0,1.4198665342697672,0.2
2507,197.41026278825424,58,1,0,0,1.4679012865198888,0.2
2508,175.57457477786005,25,1,0,0,1.3221430673925387,0.2
2509,175.05955932607324,33,1,0,0,1.381455183381462,0.2
2510,173.37282704550256,25,1,0,0,1.3459983226767795,0.2
2511,181.93572197726098,25,1,0,0,1.2399585659230727,0.2
2512,193.20675364646434,24,1,0,0,1.4223460160480383,0.2
2513,146.8728868209098,21,1,0,0,1.4988496814775105,0.2
2514,163.83656054762105,16,1,0,0,1.3828916208748494,0.2
2515,168.6836805659674,22,1,0,0,1.3829473815542912,0.2
2516,176.94320335399095,23,1,0,0,1.4470551589316119,0.2
2517,159.9030334087549,24,1,0,0,1.4171328844100177,0.2
2518,-17.449593681915662,200,0,0,1,2.6506340126767665,0.2
2519,145.915564867557,14,1,0,0,1.4174691616780384,0.2
2520,128.42373653093344,8,1,0,0,1.462801953522443,0.2
2521,167.84377540321086,20,1,0,0,1.3864568338744818,0.2
2522,185.50390616508773,29,1,0,0,1.2968356285105849,0.2
2523,185.18183881183467,64,1,0,0,1.4885469059857341,0.2
2524,189.24252917584658,23,1,0,0,1.4456634535917683,0.2
2525,175.99649514414966,23,1,0,0,1.3960449996705178,0.2
2526,133.43952503653964,11,1,0,0,1.3501464003831947,0.2
2527,177.68199429027482,28,1,0,0,1.3653004401656352,0.2
2528,155.61227435380476,20,1,0,0,1.444145952458957,0.2
2529,206.41241699281028,37,1,0,0,1.3542313979512812,0.2
2530,189.5103887131003,29,1,0,0,1.4344815813135197,0.2
2531,165.123467616187,20,1,0,0,1.3855404489926166,0.2
2532,146.2369180847018,31,1,0,0,1.417118684879298,0.2
2533,185.164848064634,27,1,0,0,1.203517976980523,0.2
2534,145.19651321643116,13,1,0,0,1.2669090822525162,0.2
2535,177.17840143801448,20,1,0,0,1.4800502770793655,0.2
2536,151.62210977401236,17,1,0,0,1.4624580788187596,0.2
2537,165.69330782569,21,1,0,0,1.2899367533258297,0.2
2538,124.58500589943634,19,1,0,0,1.4475189906438684,0.2
2539,146.67041699518518,25,1,0,0,1.4056507019301798,0.2
2540,202.80936479651484,34,1,0,0,1.3738525039577132,0.2
2541,219.09822162453577,43,1,0,0,1.2343221812460698,0.2
2542,146.1447331330892,18,1,0,0,1.3632942259424707,0.2
2543,149.28654706907014,26,1,0,0,1.3142550056213038,0.2
2544,164.711159925978,20,1,0,0,1.4403855769974656,0.2
2545,135.62963013195673,20,1,0,0,1.302334626570386,0.2
2546,156.81829432215918,20,1,0,0,1.3937098634369967,0.2
2547,180.95187589928366,23,1,0,0,1.3426691173064556,0.2
2548,177.47010082963345,30,1,0,0,1.3816517942609348,0.2
2549,191.49360441861387,24,1,0,0,1.328438939921696,0.2
2550,187.48664265865864,43,1,0,0,1.397863434227471,0.2
2551,149.1619615603887,23,1,0,0,1.4708848836467983,0.2
2552,168.20904970936078,25,1,0,0,1.34202651145201,0.2
2553,236.7432637887504,49,1,0,0,1.3505728953626217,0.2
2554,145.96516266820038,30,1,0,0,1.2608265448457612,0.2
2555,216.05764815574565,30,1,0,0,1.297857624356681,0.2
2556,186.21288330308062,24,1,0,0,1.1362706013266604,0.2
2557,236.96358535675773,49,1,0,0,1.452106623032595,0.2
2558,166.9639963574637,23,1,0,0,1.3871168684599504,0.2
2559,166.6710590371178,25,1,0,0,1.3839504115425802,0.2
2560,195.66234499372268,74,1,0,0,1.4190493813066278,0.2
2561,153.03676254853107,61,1,0,0,1.3988899153412901,0.2
2562,157.72855738910027,19,1,0,0,1.3249892502026885,0.2
2563,163.53558999898956,19,1,0,0,1.2688440227782067,0.2
2564,191.66707339252193,25,1,0,0,1.2497377388811097,0.2
2565,188.74139143250102,24,1,0,0,1.2247297186111035,0.2
2566,172.06637800546915,21,1,0,0,1.388514036283411,0.2
2567,272.83135352129904,61,1,0,0,1.4438782674658097,0.2
2568,216.0322109760598,39,1,0,0,1.4871693219440045,0.2
2569,116.92370647198807,5,1,0,0,1.4961257360571651,0.2
2570,193.49292450153777,26,1,0,0,1.2496653971061644,0.2
2571,165.55716808759627,24,1,0,0,1.101510606304943,0.2
2572,166.97943843876257,27,1,0,0,1.376710737698422,0.2
2573,280.24912934421974,68,1,0,0,1.4912323796195264,0.2
2574,190.26992081706322,26,1,0,0,1.487742233712677,0.2
2575,198.74330499635607,37,1,0,0,1.486943200754328,0.2
2576,235.39133470005368,46,1,0,0,1.2929954576505405,0.2
2577,194.4672604003338,26,1,0,0,1.3637979776924465,0.2
2578,145.3615125001521,87,1,0,0,1.4914740987922148,0.2
2579,166.75609797350273,24,1,0,0,1.3165758409877597,0.2
2580,102.50922919521071,3,1,0,0,1.3806621240778398,0.2
2581,18.063473312762067,200,0,0,1,4.360782462573223,0.2
2582,179.1725782728388,43,1,0,0,1.450222768450603,0.2
2583,173.6268159205943,23,1,0,0,1.4490160539819645,0.2
2584,234.25924522672977,45,1,0,0,1.294566020521858,0.2
2585,141.859145497279,24,1,0,0,1.392454170844903,0.2
2586,260.3719969597646,58,1,0,0,1.488158829253184,0.2
2587,140.48858316819957,19,1,0,0,1.463347787785396,0.2
2588,156.59777615282238,48,1,0,0,1.3181916335289474,0.2
2589,170.64653105678485,31,1,0,0,1.3212648988602744,0.2
2590,175.14279082928698,18,1,0,0,1.4539682270805154,0.2
2591,239.37293754593523,55,1,0,0,1.4635523509501385,0.2
2592,160.44287541440696,24,1,0,0,1.3444954711932453,0.2
2593,176.04831007955437,36,1,0,0,1.38114472753358,0.2
2594,109.60471669581742,22,1,0,0,1.4049298571654436,0.2
2595,155.677152734116,18,1,0,0,1.4979904252061282,0.2
2596,195.11811950440995,36,1,0,0,1.3969814903887943,0.2
2597,178.21729136185522,25,1,0,0,1.4862939170271994,0.2
2598,160.45860621231276,15,1,0,0,1.4712272925568424,0.2
2599,172.21415705368656,33,1,0,0,1.352020192376568,0.2
2600,116.90046698954457,7,1,0,0,1.3416862321222751,0.2
2601,174.54444841018272,34,1,0,0,1.253832679018336,0.2
2602,128.46216874316352,12,1,0,0,1.3279197131081781,0.2
2603,254.51698692506955,46,1,0,0,1.4014934271872512,0.2
2604,201.54425705561607,38,1,0,0,1.211203750415983,0.2
2605,198.57797298632045,32,1,0,0,1.3742213082143986,0.2
2606,-50.0,1,0,1,0,5.324716999064509,0.2
2607,135.20558280164892,10,1,0,0,1.2872686908128006,0.2
2608,159.06691667645566,22,1,0,0,1.46153847647428,0.2
2609,159.74777090283564,49,1,0,0,1.4682760669237995,0.2
2610,227.11873814644105,47,1,0,0,1.3914144172030385,0.2
2611,158.21999035725207,83,1,0,0,1.4886501805008363,0.2
2612,195.7937024369167,37,1,0,0,1.1913332966849453,0.2
2613,152.80058020049623,54,1,0,0,1.188562293328864,0.2
2614,141.1577147208776,70,1,0,0,1.4235503694208034,0.2
2615,121.3168973823522,26,1,0,0,1.4283026649082537,0.2
2616,179.26983322130275,43,1,0,0,1.4848864624581397,0.2
2617,157.54901001745776,17,1,0,0,1.1814341129789283,0.2
2618,173.5955240191821,22,1,0,0,1.3514260340578057,0.2
2619,166.39185154474546,27,1,0,0,1.2932846365258621,0.2
2620,167.9005318196415,22,1,0,0,1.362843430116481,0.2
2621,204.49824022288456,32,1,0,0,1.3935027678274954,0.2
2622,26.798948473788414,200,0,0,1,3.2007464364838962,0.2
2623,159.227769205519,20,1,0,0,1.3808070372123926,0.2
2624,-50.0,1,0,1,0,5.090549394127192,0.2
2625,238.17260688669003,45,1,0,0,1.3857645998728445,0.2
2626,161.98244643799035,32,1,0,0,1.3883495572883515,0.2
2627,164.3273239168032,62,1,0,0,1.4536729855595762,0.2
2628,180.51029521955346,53,1,0,0,1.4639011438570972,0.2
2629,161.7755964588538,18,1,0,0,1.3351982766603971,0.2
2630,160.62834246828038,26,1,0,0,1.3615222121076025,0.2
2631,104.42529036111466,92,1,0,0,1.4040594912230548,0.2
2632,228.71853393509573,42,1,0,0,1.3703754081212132,0.2
2633,190.40201913010776,31,1,0,0,1.4881021039939581,0.2
2634,196.30588909001986,39,1,0,0,1.4490935647203376,0.2
2635,236.95314274301353,41,1,0,0,1.4105399007235453,0.2
2636,213.04979766045074,55,1,0,0,1.4788392451319057,0.2
2637,181.00878432679,26,1,0,0,1.3302249043625316,0.2
2638,170.87240594461747,21,1,0,0,1.4666882965894745,0.2
2639,165.45401746313786,23,1,0,0,1.4031789911295278,0.2
2640,202.24416083560925,66,1,0,0,1.4948985021235817,0.2
2641,141.3156778427616,23,1,0,0,1.4003509757736226,0.2
2642,176.9881823871878,23,1,0,0,1.2300247774774795,0.2
2643,152.85806806757236,17,1,0,0,1.3428865324784267,0.2
2644,164.92921121535585,26,1,0,0,1.3691828718566648,0.2
2645,161.24653375457783,25,1,0,0,1.3651911153213088,0.2
2646,160.4371890736877,21,1,0,0,1.3150349844303828,0.2
2647,197.8963673764934,32,1,0,0,1.3326380947517211,0.2
2648,168.14467004576187,19,1,0,0,1.4847793191720924,0.2
2649,157.61368824086728,31,1,0,0,1.299351206009476,0.2
2650,190.04121328661392,106,1,0,0,1.4937663077035135,0.2
2651,118.94709344697033,16,1,0,0,1.464490565619608,0.2
2652,186.9616129945818,23,1,0,0,1.4327502042714295,0.2
2653,164.361503455067,78,1,0,0,1.4979580103401062,0.2
2654,167.36148646206684,42,1,0,0,1.3961987801553493,0.2
2655,208.6153266026237,40,1,0,0,1.3795105486492982,0.2
2656,200.99092291299073,32,1,0,0,1.422194529254819,0.2
2657,198.1413188788494,68,1,0,0,1.4935344534240689,0.2
2658,185.3833913420114,58,1,0,0,1.370002353629191,0.2
2659,163.4747226658805,20,1,0,0,1.457555776011428,0.2
2660,133.2898372482058,10,1,0,0,1.4632316740887137,0.2
2661,88.53125867711739,200,0,0,1,2.2899989856548406,0.2
2662,165.42691941597002,30,1,0,0,1.4459234121345368,0.2
2663,177.65329700769968,40,1,0,0,1.3636501607714886,0.2
2664,186.77624275427203,27,1,0,0,1.171077261667243,0.2
2665,151.66107463049792,23,1,0,0,1.1769805469439905,0.2
2666,174.45285701563972,27,1,0,0,1.462271176354329,0.2
2667,177.71689028529056,24,1,0,0,1.4527122420604528,0.2
2668,210.1277201635586,33,1,0,0,1.2764916541041187,0.2
2669,166.7087856222218,22,1,0,0,1.3068935980750718,0.2
2670,156.81145747797416,22,1,0,0,1.446857421768386,0.2
2671,185.86246560360718,42,1,0,0,1.4682005972022336,0.2
2672,146.2092715495989,54,1,0,0,1.4229512788457999,0.2
2673,163.9546739534543,23,1,0,0,1.4662354453277109,0.2
2674,104.55306308280072,6,1,0,0,1.496229840740058,0.2
2675,148.97479594345566,15,1,0,0,1.1995302974928226,0.2
2676,145.82881333057827,20,1,0,0,1.3378693753701811,0.2
2677,228.4839745469249,69,1,0,0,1.4253835012089437,0.2
2678,147.6173024569889,18,1,0,0,1.4949128802677276,0.2
2679,168.20531709262897,25,1,0,0,1.4499142191333043,0.2
2680,136.77057973874702,12,1,0,0,1.2401024027169871,0.2
2681,156.71630767309205,22,1,0,0,1.3039285904432918,0.2
2682,176.59652101681405,31,1,0,0,1.3518415808958089,0.2
2683,160.95388627201615,23,1,0,0,1.4318565794786486,0.2
2684,165.2681767657347,30,1,0,0,1.2516896493452987,0.2
2685,118.98430837106207,16,1,0,0,1.23607024683169,0.2
2686,-50.0,1,0,1,0,4.006133738154968,0.2
2687,180.694484879063,28,1,0,0,1.2044806215820099,0.2
2688,170.37175326775304,19,1,0,0,1.328397060706893,0.2
2689,163.94539114917694,18,1,0,0,1.3565293449612004,0.2
2690,168.2504402500714,24,1,0,0,1.2134395658566617,0.2
2691,161.51310881976428,30,1,0,0,1.474532378604002,0.2
2692,132.50124833255086,12,1,0,0,1.1745502727467405,0.2
2693,257.8989288327672,60,1,0,0,1.4276111992545688,0.2
2694,188.38408893634255,125,1,0,0,1.4673538566048285,0.2
2695,169.38471364134995,44,1,0,0,1.4316632482845457,0.2
2696,175.38417776521698,21,1,0,0,1.412547615635381,0.2
2697,177.6556904260837,30,1,0,0,1.3333805640681229,0.2
2698,146.32001085247865,27,1,0,0,1.4635032315575969,0.2
2699,141.29323331951298,22,1,0,0,1.3554013737926038,0.2
2700,149.7386177980004,20,1,0,0,1.2993609125877799,0.2
2701,163.91207342159467,24,1,0,0,1.4325014470579658,0.2
2702,161.92483782187657,19,1,0,0,1.381733789676609,0.2
2703,253.50615787202184,54,1,0,0,1.3620131819104657,0.2
2704,116.40109599380953,6,1,0,0,1.4656701780276593,0.2
2705,180.19323091539994,20,1,0,0,1.4895708115411816,0.2
2706,247.04468704898395,79,1,0,0,1.351662963541721,0.2
2707,121.88867675811095,18,1,0,0,1.362822544914781,0.2
2708,171.26628962317153,21,1,0,0,1.3572270680222094,0.2
2709,110.83858090384696,8,1,0,0,1.4787671775567104,0.2
2710,163.9321710705425,24,1,0,0,1.2640215296781416,0.2
2711,129.2593848367263,13,1,0,0,1.3554210173204297,0.2
2712,157.2144813172894,17,1,0,0,1.1953558280877723,0.2
2713,210.28674144585185,31,1,0,0,1.3903220009605823,0.2
2714,218.95027321800188,31,1,0,0,1.3628030954850532,0.2
2715,148.85454144420268,22,1,0,0,1.4214118442105617,0.2
2716,172.65083780891035,27,1,0,0,1.4936739993696262,0.2
2717,179.41807785807504,29,1,0,0,1.333829720914272,0.2
2718,248.49312237935823,50,1,0,0,1.4742362695386193,0.2
2719,172.63768892863294,35,1,0,0,1.4979103004613754,0.2
2720,178.09277075774753,41,1,0,0,1.3821235307479447,0.2
2721,152.0367183717686,24,1,0,0,1.4565635717117338,0.2
2722,140.8845390314492,14,1,0,0,1.268561039478802,0.2
2723,192.96192158562246,27,1,0,0,1.4032721092659395,0.2
2724,165.34458972168665,20,1,0,0,1.463850752849472,0.2
2725,166.88867512603275,18,1,0,0,1.2417250864325629,0.2
2726,125.7671016366613,10,1,0,0,1.4325791104504406,0.2
2727,178.79000197031354,29,1,0,0,1.3414543961986445,0.2
2728,251.35023494610024,55,1,0,0,1.1816001879287525,0.2
2729,169.39962797203793,20,1,0,0,1.4031669146992172,0.2
2730,153.96408792475938,41,1,0,0,1.4316619918351678,0.2
2731,152.38219760082703,32,1,0,0,1.432797914898253,0.2
2732,210.57298419446158,42,1,0,0,1.4721507122686255,0.2
2733,185.52629700632593,22,1,0,0,1.353802794944457,0.2
2734,157.51558786315783,24,1,0,0,1.371325243254103,0.2
2735,159.79988738935452,22,1,0,0,1.3405077714862428,0.2
2736,203.86359489374854,42,1,0,0,1.213501942351082,0.2
2737,172.6182039529159,20,1,0,0,1.379108716101933,0.2
2738,-50.0,1,0,1,0,3.5092054660981407,0.2
2739,125.39319680560952,11,1,0,0,1.2715555192176868,0.2
2740,251.50774474288238,52,1,0,0,1.345140018024625,0.2
2741,126.41409169587602,19,1,0,0,1.2675453282012528,0.2
2742,146.13985259417686,20,1,0,0,1.370693006638289,0.2
2743,116.14253952788609,6,1,0,0,1.3217632717725063,0.2
2744,171.73346302218528,23,1,0,0,1.386590112836156,0.2
2745,200.32268613292973,27,1,0,0,1.0768560273303993,0.2
2746,184.15647237030095,31,1,0,0,1.2605681174043677,0.2
2747,200.65684744484022,30,1,0,0,1.1567936097628806,0.2
2748,141.35495519549698,16,1,0,0,1.4175071474917564,0.2
2749,173.70322533257138,21,1,0,0,1.4635138453956205,0.2
2750,180.82189685070907,26,1,0,0,1.3083789580406573,0.2
2751,171.7425356847326,41,1,0,0,1.4236702431362502,0.2
2752,183.52621164561765,27,1,0,0,1.4717426662946795,0.2
2753,192.45292370206926,32,1,0,0,1.2631109109678567,0.2
2754,203.07491795750957,28,1,0,0,1.3241828043580446,0.2
2755,145.71877953611747,15,1,0,0,1.403243713583872,0.2
2756,155.83429449538042,19,1,0,0,1.277436946790901,0.2
2757,-50.0,1,0,1,0,3.7858085168419384,0.2
2758,195.60377426974057,40,1,0,0,1.3309511130466118,0.2
2759,175.8744818501752,28,1,0,0,1.4195150292363834,0.2
2760,166.40786671737334,27,1,0,0,1.3680144677932977,0.2
2761,206.64618624349697,39,1,0,0,1.306572964485643,0.2
2762,146.23195197122382,25,1,0,0,1.4690024620398388,0.2
2763,115.78184623604047,7,1,0,0,1.3333797172298685,0.2
2764,144.86247637612314,21,1,0,0,1.3491494021954369,0.2
2765,172.76244661825348,18,1,0,0,1.1384697194131967,0.2
2766,185.5371857559011,24,1,0,0,1.3474680501511374,0.2
2767,210.65512750259006,40,1,0,0,1.3856167103173824,0.2
2768,52.87602733273762,200,0,0,1,3.8750558380304425,0.2
2769,146.61753546202078,20,1,0,0,1.1856405176255522,0.2
2770,272.72408686547874,62,1,0,0,1.4487648418644818,0.2
2771,200.9738969691848,26,1,0,0,1.4449712474408953,0.2
2772,210.20630402258328,40,1,0,0,1.481818307633891,0.2
2773,199.50875935732785,30,1,0,0,1.4360020243279674,0.2
2774,146.83317738669638,18,1,0,0,1.2153967228932379,0.2
2775,148.23199795002495,17,1,0,0,1.169115908426844,0.2
2776,156.9173006067498,15,1,0,0,1.4137637226693611,0.2
2777,149.2003770053378,68,1,0,0,1.2727654874136163,0.2
2778,129.17393394120302,13,1,0,0,1.2998209500711013,0.2
2779,177.72545301540475,24,1,0,0,1.1744677296519872,0.2
2780,215.0154381412952,41,1,0,0,1.4089295006590574,0.2
2781,100.0,1,1,0,0,1.3534267670708797,0.2
2782,170.78003671305643,25,1,0,0,1.1629664216231115,0.2
2783,158.2565473521531,17,1,0,0,1.277087020725672,0.2
2784,156.08563786943728,18,1,0,0,1.3570570139472953,0.2
2785,147.58025774315644,15,1,0,0,1.1361227795824276,0.2
2786,177.13656747469793,145,1,0,0,1.4352867043732696,0.2
2787,245.3902830127112,158,1,0,0,1.4375534462280604,0.2
2788,183.19813475488894,26,1,0,0,1.45824856540347,0.2
2789,168.7074698273013,23,1,0,0,1.2499260366124592,0.2
2790,175.55036953966973,24,1,0,0,1.4734044163579005,0.2
2791,181.27387560403707,26,1,0,0,1.217501065876205,0.2
2792,116.92685543808751,101,1,0,0,1.4926495984318071,0.2
2793,175.0928902478933,24,1,0,0,1.1584850866035583,0.2
2794,172.87748003720128,23,1,0,0,1.477583290604306,0.2
2795,145.94028630737213,16,1,0,0,1.3871811736420792,0.2
2796,194.14292883183845,39,1,0,0,1.4208921850643201,0.2
2797,162.36869802118278,17,1,0,0,1.2788078444051145,0.2
2798,164.52908769466023,22,1,0,0,1.4989693774471462,0.2
2799,191.09760574513166,25,1,0,0,1.392730139981798,0.2
2800,195.51333810501433,50,1,0,0,1.3180962467341475,0.2
2801,140.9924827445579,18,1,0,0,1.2502069124844868,0.2
2802,210.9856032356676,34,1,0,0,1.4382237260083182,0.2
2803,129.01681774904836,67,1,0,0,1.4821330773806927,0.2
2804,127.47147337560571,11,1,0,0,1.4745743516126895,0.2
2805,131.854761979798,40,1,0,0,1.4769462785812042,0.2
2806,166.14553487237498,34,1,0,0,1.3582832318302498,0.2
2807,165.84624128322287,20,1,0,0,1.262782843331588,0.2
2808,166.658789249174,20,1,0,0,1.4191701490908208,0.2
2809,-50.0,1,0,1,0,6.231160738961608,0.2
2810,154.42753321171506,91,1,0,0,1.4953990789756066,0.2
2811,184.81013655668113,24,1,0,0,1.3988208218158698,0.2
2812,181.50329888363552,29,1,0,0,1.45978647349818,0.2
2813,173.75896111866382,23,1,0,0,1.489372303468875,0.2
2814,152.72125198411058,18,1,0,0,1.3751832530043715,0.2
2815,138.45477905268467,20,1,0,0,1.3379427063354263,0.2
2816,161.8298116496976,19,1,0,0,1.4053766414653792,0.2
2817,131.92427656925335,12,1,0,0,1.21594672894396,0.2
2818,207.81243049274076,35,1,0,0,1.320355858575546,0.2
2819,162.82150990353892,24,1,0,0,1.4719332126434312,0.2
2820,257.56891255906584,61,1,0,0,1.4691900254228596,0.2
2821,170.62766462587135,28,1,0,0,1.3997763948438886,0.2
2822,130.4360941814084,14,1,0,0,1.185394148683484,0.2
2823,199.98765376603234,31,1,0,0,1.2450521741277636,0.2
2824,230.89129754304602,42,1,0,0,1.4714648871974816,0.2
2825,153.30419588397373,16,1,0,0,1.4075632804876461,0.2
2826,194.84702842269377,28,1,0,0,1.2868429447914673,0.2
2827,258.8378316120487,56,1,0,0,1.4224944009617544,0.2
2828,231.98065848388822,45,1,0,0,1.492487166952259,0.2
2829,175.1585197663705,25,1,0,0,1.3699354353812985,0.2
2830,204.80789010825637,34,1,0,0,1.4154806222916254,0.2
2831,131.7198432202311,10,1,0,0,1.4899846869690225,0.2
2832,178.8377543303613,23,1,0,0,1.4019423861528648,0.2
2833,192.8678544799902,60,1,0,0,1.3808809774748703,0.2
2834,185.31468039901557,21,1,0,0,1.3953409825876217,0.2
2835,135.7534029688883,18,1,0,0,1.3977721017436175,0.2
2836,161.11582030078387,39,1,0,0,1.3449079965254722,0.2
2837,172.38156884124714,22,1,0,0,1.477660597783038,0.2
2838,136.3550894734949,14,1,0,0,1.4429370805121216,0.2
2839,199.9316414999492,31,1,0,0,1.481071524445552,0.2
2840,162.64685198103857,23,1,0,0,1.3579928707507005,0.2
2841,173.38192667915516,27,1,0,0,1.4038783563144244,0.2
2842,157.63550840315267,28,1,0,0,1.3587218585432659,0.2
2843,178.51913329768712,30,1,0,0,1.4363985981773097,0.2
2844,191.45902668698946,24,1,0,0,1.2478190477722173,0.2
2845,170.35781096813704,23,1,0,0,1.3934277677840636,0.2
2846,200.8851057094568,27,1,0,0,1.4337551566286386,0.2
2847,155.41413460607455,32,1,0,0,1.2381067650352957,0.2
2848,137.6801701613573,14,1,0,0,1.341020460663327,0.2
2849,186.35861736801573,33,1,0,0,1.3607682717446328,0.2
2850,181.37264775233405,24,1,0,0,1.4198947188655877,0.2
2851,13.343603380450366,200,0,0,1,3.546957455034883,0.2
2852,254.0186048263006,110,1,0,0,1.4852015048129479,0.2
2853,204.30203434184136,30,1,0,0,1.3816249073962887,0.2
2854,110.41374314835782,10,1,0,0,1.4142958115023796,0.2
2855,214.40576136250743,66,1,0,0,1.455015005149492,0.2
2856,159.46376423446713,24,1,0,0,1.285667222138045,0.2
2857,206.82583931949364,55,1,0,0,1.4375374658453093,0.2
2858,203.77040287632312,27,1,0,0,1.4924380435254399,0.2
2859,129.4136987224527,11,1,0,0,1.427413824665083,0.2
2860,182.3746193179582,26,1,0,0,1.4899561712262634,0.2
2861,160.5594951391401,23,1,0,0,1.2052284938123274,0.2
2862,148.83221370549523,24,1,0,0,1.3661432218995588,0.2
2863,228.89208175688265,43,1,0,0,1.3541090668698004,0.2
2864,-50.0,1,0,1,0,2.2045690092341506,0.2
2865,162.25360878878664,23,1,0,0,1.4827801686405702,0.2
2866,164.79607140914203,24,1,0,0,1.4002831992035818,0.2
2867,10.816541591828537,200,0,0,1,2.114937939948497,0.2
2868,180.95432011856437,27,1,0,0,1.4284350494484057,0.2
2869,265.74389034897933,104,1,0,0,1.45987574748394,0.2
2870,206.471146383619,32,1,0,0,1.3234604049403254,0.2
2871,166.81340075358816,24,1,0,0,1.20672078690415,0.2
2872,228.31404281190652,36,1,0,0,1.3698148816312805,0.2
2873,131.956725169616,12,1,0,0,1.2810907193866572,0.2
2874,179.20072546426053,23,1,0,0,1.3865535406575287,0.2
2875,203.5772056951563,36,1,0,0,1.2961373951398167,0.2
2876,204.45949419994034,37,1,0,0,1.4768393917243021,0.2
2877,168.97033614202462,20,1,0,0,1.2869031660134511,0.2
2878,135.1339626208773,15,1,0,0,1.272756962478081,0.2
2879,158.5635770252986,27,1,0,0,1.4054390310682294,0.2
2880,216.77055915727925,44,1,0,0,1.3756681032154077,0.2
2881,121.29470202411942,13,1,0,0,1.3882418727577828,0.2
2882,137.29217844967172,14,1,0,0,1.23774300206333,0.2
2883,225.50036794593126,44,1,0,0,1.4868348553577149,0.2
2884,267.7792186452659,56,1,0,0,1.2852777074879025,0.2
2885,170.39325084582472,36,1,0,0,1.4429094633736033,0.2
2886,182.01639984420444,31,1,0,0,1.4997644784975275,0.2
2887,170.69477950650094,30,1,0,0,1.3448250199164313,0.2
2888,147.06607397214458,17,1,0,0,1.4087307696790377,0.2
2889,156.47863354362065,17,1,0,0,1.4821648144437785,0.2
2890,171.9563104960408,25,1,0,0,1.1615270858011058,0.2
2891,159.5125115783693,19,1,0,0,1.4658969923889897,0.2
2892,189.09777817359458,24,1,0,0,1.397518978764539,0.2
2893,181.093581859224,20,1,0,0,1.2871549240250815,0.2
2894,180.15997718273604,23,1,0,0,1.4705674038147978,0.2
2895,170.799523222067,21,1,0,0,1.2518908650908245,0.2
2896,140.3161819701614,16,1,0,0,1.2486752805586814,0.2
2897,175.11026374836973,27,1,0,0,1.4715227348797,0.2
2898,100.0,1,1,0,0,0.8656060104588915,0.2
2899,151.98456954246709,20,1,0,0,1.468761297550766,0.2
2900,166.52411909262287,38,1,0,0,1.4480706803633934,0.2
2901,187.54296645924973,24,1,0,0,1.3774527475783358,0.2
2902,129.65346254217235,14,1,0,0,1.148905813924526,0.2
2903,135.06515511681292,16,1,0,0,1.1406972153483974,0.2
2904,145.89177854776796,14,1,0,0,1.4120749725180204,0.2
2905,142.50494912218502,15,1,0,0,1.2885098834791515,0.2
2906,133.3466780701915,13,1,0,0,1.479628313239018,0.2
2907,156.6927897307358,23,1,0,0,1.2057294054382601,0.2
2908,163.117871573449,18,1,0,0,1.3319949553610662,0.2
2909,202.6675571599677,54,1,0,0,1.4375968623387574,0.2
2910,144.0463464025616,17,1,0,0,1.441223781001782,0.2
2911,128.1107842497943,11,1,0,0,1.3000318569469842,0.2
2912,160.20580965550087,91,1,0,0,1.4516163042636059,0.2
2913,143.4916319398169,23,1,0,0,1.3625570499540125,0.2
2914,175.25220062203152,21,1,0,0,1.2877439009526537,0.2
2915,264.0071565279716,58,1,0,0,1.4058565260353308,0.2
2916,233.3201687917238,41,1,0,0,1.4427186594416903,0.2
2917,161.17868879588505,15,1,0,0,1.353954467819179,0.2
2918,200.43515052508621,25,1,0,0,1.325682913628887,0.2
2919,156.14141189747855,28,1,0,0,1.403693210108071,0.2
2920,173.33017232561008,22,1,0,0,1.278998481619225,0.2
2921,159.86478629801593,24,1,0,0,1.4730044932170177,0.2
2922,173.0882432394019,38,1,0,0,1.485996312131744,0.2
2923,163.95058393716602,23,1,0,0,1.4441024601444044,0.2
2924,148.9670985815257,17,1,0,0,1.242087371076353,0.2
2925,171.98068702423203,21,1,0,0,1.4595822901298214,0.2
2926,215.2214171652538,34,1,0,0,1.4216090426600858,0.2
2927,214.77447341885045,69,1,0,0,1.3998626941765813,0.2
2928,149.81752850655698,18,1,0,0,1.3938732665589901,0.2
2929,187.67706834287225,32,1,0,0,1.2575716703432087,0.2
2930,123.19930088135932,12,1,0,0,1.2757025056103535,0.2
2931,194.19672893896993,23,1,0,0,1.307127980477457,0.2
2932,253.63963779228314,57,1,0,0,1.3935761142425167,0.2
2933,162.70426525680142,24,1,0,0,1.2723711170431375,0.2
2934,145.0347337752831,20,1,0,0,1.48964416285596,0.2
2935,169.4372183102793,27,1,0,0,1.4492567220271904,0.2
2936,206.28625498524138,40,1,0,0,1.4583874708499025,0.2
2937,179.02839877813318,25,1,0,0,1.1935031943028869,0.2
2938,158.6699626769925,21,1,0,0,1.350097678477696,0.2
2939,122.88123199316924,136,1,0,0,1.3842187582122591,0.2
2940,170.72712524604816,32,1,0,0,1.494979143730968,0.2
2941,166.0304384461183,32,1,0,0,1.4724389341924862,0.2
2942,213.28966319471849,77,1,0,0,1.4785415018858696,0.2
2943,139.48013631673925,19,1,0,0,1.453958324632564,0.2
2944,139.56903072569912,10,1,0,0,1.131564644608121,0.2
2945,-50.0,1,0,1,0,7.381258185802534,0.2
2946,214.00916865752808,41,1,0,0,1.2840347947568922,0.2
2947,137.24575063637525,24,1,0,0,1.422482406246974,0.2
2948,176.72013870425204,28,1,0,0,1.381746516040927,0.2
2949,201.19305800540542,30,1,0,0,1.49365127947084,0.2
2950,163.3860321141046,23,1,0,0,1.1238119860502118,0.2
2951,177.33575915296944,28,1,0,0,1.2294495473752498,0.2
2952,174.25300524404042,22,1,0,0,1.4515288008797333,0.2
2953,161.12369861898534,22,1,0,0,1.322920113497533,0.2
2954,244.0040038750084,47,1,0,0,1.4645962065314186,0.2
2955,165.37493024924208,29,1,0,0,1.4205567847793716,0.2
2956,181.88936516713255,43,1,0,0,1.4808103472125134,0.2
2957,155.11435273612204,18,1,0,0,1.2064116366788962,0.2
2958,170.12801400475934,26,1,0,0,1.185975963676524,0.2
2959,-50.0,1,0,1,0,5.007301995159411,0.2
2960,221.4748050472558,44,1,0,0,1.2117615141695086,0.2
2961,168.25272904932683,25,1,0,0,1.4147066101496457,0.2
2962,133.58104566348237,20,1,0,0,1.485922626433005,0.2
2963,136.3240154307034,17,1,0,0,1.3621415120728275,0.2
2964,182.30625477835412,34,1,0,0,1.4531145481434107,0.2
2965,219.08318741895317,39,1,0,0,1.334049890013317,0.2
2966,251.248925911805,57,1,0,0,1.4028397576538871,0.2
2967,173.77393816536758,23,1,0,0,1.4654881496403582,0.2
2968,162.72192279578988,22,1,0,0,1.4727577590545637,0.2
2969,148.94892378284237,20,1,0,0,1.2107284041502548,0.2
2970,136.05711455144373,27,1,0,0,1.2481663318990162,0.2
2971,188.85417084338502,34,1,0,0,1.4127208237730284,0.2
2972,178.832431086141,29,1,0,0,1.3684793131192918,0.2
2973,168.90457946497827,24,1,0,0,1.4111193797551826,0.2
2974,127.06120408417326,14,1,0,0,1.4444923266856533,0.2
2975,155.94669486707107,20,1,0,0,1.4494593440276458,0.2
2976,156.20270368486075,33,1,0,0,1.4211654262707567,0.2
2977,161.85448938011788,18,1,0,0,1.453122557130239,0.2
2978,171.88237326973618,23,1,0,0,1.2538561373060448,0.2
2979,157.56938339040556,30,1,0,0,1.2320315577236718,0.2
2980,39.30243327051761,200,0,0,1,2.201977243761745,0.2
2981,170.2173480124465,34,1,0,0,1.3625171089428492,0.2
2982,241.97103751686058,46,1,0,0,1.2250115539136226,0.2
2983,212.6103739307291,48,1,0,0,1.2398703359684635,0.2
2984,236.02565952035218,48,1,0,0,1.3328082483702086,0.2
2985,132.79541431019817,27,1,0,0,1.105763250746665,0.2
2986,143.32317652193666,12,1,0,0,1.460956967613731,0.2
2987,163.60854072506962,32,1,0,0,1.2592419860790895,0.2
2988,112.42303775250363,7,1,0,0,1.4042881387866535,0.2
2989,191.36361930087253,36,1,0,0,1.1674612004918241,0.2
2990,162.28040583603675,23,1,0,0,1.376443949752441,0.2
2991,149.15186747464332,23,1,0,0,1.4315073408720709,0.2
2992,140.84843355980314,18,1,0,0,1.3656121064151934,0.2
2993,119.10601653161365,7,1,0,0,1.221221546987466,0.2
2994,133.1012176278429,49,1,0,0,1.4861602547179145,0.2
2995,181.7681820983343,23,1,0,0,1.3659691949272847,0.2
2996,165.72911646725726,27,1,0,0,1.2175925940615107,0.2
2997,135.4796017945294,30,1,0,0,1.2510948035287695,0.2
2998,203.59154078171463,39,1,0,0,1.2088525203931986,0.2
2999,162.57854927056962,19,1,0,0,1.3926092227894602,0.2
3000,168.06743958444991,24,1,0,0,1.2962025157662838,0.2
3001,211.69142625014,40,1,0,0,1.4943687435241664,0.2
3002,207.07425474197322,36,1,0,0,1.2388876917611087,0.2
3003,261.17310170720157,61,1,0,0,1.2602335386230834,0.2
3004,156.35194809159321,22,1,0,0,1.2716570930737834,0.2
3005,185.4423228200023,27,1,0,0,1.4935804835928177,0.2
3006,245.7855711101622,46,1,0,0,1.4674367660477463,0.2
3007,235.26862163463795,51,1,0,0,1.47188379194924,0.2
3008,164.93872668190835,26,1,0,0,1.1124761610437561,0.2
3009,146.33019230081263,13,1,0,0,1.4456266679993606,0.2
3010,157.18088267958316,20,1,0,0,1.4272932317110907,0.2
3011,155.9255088411166,22,1,0,0,1.4617707558586839,0.2
3012,157.80417326483914,27,1,0,0,1.4828732276385705,0.2
3013,177.0428185102806,47,1,0,0,1.4207820948790921,0.2
3014,17.59552534220944,200,0,0,1,3.3530006682480042,0.2
3015,157.29300373643912,39,1,0,0,1.408220239841502,0.2
3016,164.56737402527432,16,1,0,0,1.378303111608604,0.2
3017,181.4245398904921,24,1,0,0,1.4915570741588016,0.2
3018,152.44134212923103,33,1,0,0,1.3987507076882775,0.2
3019,168.22079876192765,48,1,0,0,1.1783060944553443,0.2
3020,13.253631048819287,200,0,0,1,2.233753774437279,0.2
3021,200.9832773611062,38,1,0,0,1.2565239553064702,0.2
3022,-4.696454589396858,200,0,0,1,2.97507742405374,0.2
3023,191.967134312493,28,1,0,0,1.310451683550801,0.2
3024,136.30033981834535,20,1,0,0,1.2740305659293258,0.2
3025,129.35368242981318,13,1,0,0,1.2797073991617962,0.2
3026,167.59826724839112,44,1,0,0,1.1975433859404745,0.2
3027,192.89858109727413,32,1,0,0,1.2040078389311935,0.2
3028,170.05436841504402,27,1,0,0,1.2301918271603793,0.2
3029,207.59626958374704,26,1,0,0,1.1437174938680443,0.2
3030,159.9019477452907,22,1,0,0,1.4527350240111052,0.2
3031,156.8341819406127,26,1,0,0,1.2891233905222395,0.2
3032,203.86927580082835,26,1,0,0,1.4591239527171909,0.2
3033,235.53702535235334,51,1,0,0,1.4189872738446736,0.2
3034,169.9346344443107,31,1,0,0,1.4581048828616103,0.2
3035,195.3193984018048,34,1,0,0,1.3983655674417357,0.2
3036,147.84991325261575,27,1,0,0,1.4854855935301532,0.2
3037,162.47648394637844,32,1,0,0,1.4964764361633545,0.2
3038,139.28297989672396,19,1,0,0,1.2941002378302984,0.2
3039,148.1010299327532,28,1,0,0,1.2625814446822228,0.2
3040,180.0167008633799,25,1,0,0,1.380425517207372,0.2
3041,177.64872887707668,99,1,0,0,1.3204405248345996,0.2
3042,-5.117620601780683,200,0,0,1,2.5147201533083394,0.2
3043,196.27268197396234,33,1,0,0,1.329705446908807,0.2
3044,171.724386391152,33,1,0,0,1.4680310771544054,0.2
3045,126.80563103933255,10,1,0,0,1.218064017096733,0.2
3046,174.6113030524637,23,1,0,0,1.4371931330175933,0.2
3047,263.090260043167,55,1,0,0,1.3317733592701837,0.2
3048,204.91464220509945,31,1,0,0,1.437777081356805,0.2
3049,164.20128359431664,22,1,0,0,1.2565738431702664,0.2
3050,208.31206961961698,40,1,0,0,1.354361694755154,0.2
3051,187.34528002900026,26,1,0,0,1.4712475682216837,0.2
3052,240.10856611285936,49,1,0,0,1.384650910800852,0.2
3053,239.08678208782774,55,1,0,0,1.3941253202832853,0.2
3054,206.2298033693902,32,1,0,0,1.4218321646165992,0.2
3055,184.09528172017437,34,1,0,0,1.482680206627682,0.2
3056,184.0213073847156,47,1,0,0,1.475874046892099,0.2
3057,155.42515358778934,153,1,0,0,1.279096070354213,0.2
3058,137.98431809316463,14,1,0,0,1.4860454455211722,0.2
3059,213.24812971567093,77,1,0,0,1.4232519015357838,0.2
3060,182.10186753272347,67,1,0,0,1.4958682462328072,0.2
3061,161.0949418674665,22,1,0,0,1.3393533499173482,0.2
3062,177.70340108050596,27,1,0,0,1.481546927544483,0.2
3063,148.39502317386496,14,1,0,0,1.345985918567304,0.2
3064,180.61783317795607,31,1,0,0,1.3391790795099994,0.2
3065,252.74272518622874,51,1,0,0,1.2953534718296469,0.2
3066,144.4575050555,21,1,0,0,1.473270862163535,0.2
3067,183.87922785485932,24,1,0,0,1.3209315410853892,0.2
3068,253.21604012103052,72,1,0,0,1.4529111468792308,0.2
3069,8.335396930821359,200,0,0,1,4.8149589103605015,0.2
3070,194.2688588165418,32,1,0,0,1.4143989717326655,0.2
3071,155.13335834248565,27,1,0,0,1.3780687346031477,0.2
3072,181.82484362952744,24,1,0,0,1.4806356815386932,0.2
3073,-17.33984732931723,200,0,0,1,4.684317648564165,0.2
3074,203.0529122940272,34,1,0,0,1.446849939830264,0.2
3075,234.57665985464496,48,1,0,0,1.3527633381720197,0.2
3076,175.14657064558003,29,1,0,0,1.2550358231098555,0.2
3077,162.08482721048972,21,1,0,0,1.2526625721017428,0.2
3078,210.49872160108742,33,1,0,0,1.2202475826870167,0.2
3079,158.90186505349692,33,1,0,0,1.3967551760934893,0.2
3080,209.09168718866465,61,1,0,0,1.4448115060888962,0.2
3081,181.13575739151864,27,1,0,0,1.3760363155195288,0.2
3082,162.5364473455079,25,1,0,0,1.3866086667043187,0.2
3083,176.54716761402847,24,1,0,0,1.228157416598407,0.2
3084,160.46899364554116,27,1,0,0,1.3994246907981767,0.2
3085,195.45599353246496,42,1,0,0,1.3697210676538896,0.2
3086,185.64176002184013,33,1,0,0,1.1470364563361188,0.2
3087,122.49732166376602,8,1,0,0,1.3947444784985614,0.2
3088,194.56517282005206,28,1,0,0,1.4153632327837233,0.2
3089,-50.0,1,0,1,0,3.4773139714845165,0.2
3090,174.34872829357454,27,1,0,0,1.2684159572516658,0.2
3091,195.69886216854064,39,1,0,0,1.3212282634175658,0.2
3092,181.72840764610828,28,1,0,0,1.407007066742282,0.2
3093,147.48543903957122,24,1,0,0,1.4288204150663326,0.2
3094,141.25443893361444,25,1,0,0,1.4536413786070994,0.2
3095,115.5906137085651,13,1,0,0,1.0928857679108868,0.2
3096,-50.0,1,0,1,0,5.281782199035997,0.2
3097,188.39306383975637,28,1,0,0,1.293867643192077,0.2
3098,146.64697228697304,25,1,0,0,1.1319256178464099,0.2
3099,155.50158202107116,16,1,0,0,1.37991583476187,0.2
3100,182.31270781181706,31,1,0,0,1.4531173626224099,0.2
3101,222.6019717302808,40,1,0,0,1.4503383751301322,0.2
3102,188.7189517778843,35,1,0,0,1.4947387579264237,0.2
3103,161.57331828548678,35,1,0,0,1.4736221636361468,0.2
3104,-20.018650681276004,200,0,0,1,2.3485540901802677,0.2
3105,183.31396224960218,23,1,0,0,1.3980485632999289,0.2
3106,202.5831257347332,37,1,0,0,1.452018348913435,0.2
3107,255.09699330113148,54,1,0,0,1.2709141369408194,0.2
3108,169.19076632504294,27,1,0,0,1.263986966285615,0.2
3109,129.94520785825983,17,1,0,0,1.4712118640359364,0.2
3110,126.51492634558193,17,1,0,0,1.2881678648727621,0.2
3111,-50.0,1,0,1,0,9.737970350807124,0.2
3112,174.46130811835963,25,1,0,0,1.2481712691288833,0.2
3113,188.68664555687462,27,1,0,0,1.3500474786623542,0.2
3114,229.23224867664624,40,1,0,0,1.3283688762878028,0.2
3115,107.92544331533149,5,1,0,0,1.4308103305963316,0.2
3116,162.19266046338177,24,1,0,0,1.1953564248328006,0.2
3117,210.4536091309045,41,1,0,0,1.4648372223793604,0.2
3118,185.0035560226947,36,1,0,0,1.2781666123557394,0.2
3119,176.21383061192086,33,1,0,0,1.320534592973596,0.2
3120,-3.950824784047078,200,0,0,1,2.0554716357982565,0.2
3121,130.103738917102,15,1,0,0,1.2534229870337041,0.2
3122,193.72175240431835,47,1,0,0,1.4912019140850197,0.2
3123,171.1113664082448,38,1,0,0,1.368658310062109,0.2
3124,177.7499820289591,23,1,0,0,1.4960491041004522,0.2
3125,161.43378734340297,88,1,0,0,1.3091063486005092,0.2
3126,196.83824673661684,35,1,0,0,1.446939170446159,0.2
3127,104.56399584658287,22,1,0,0,1.1873982488368904,0.2
3128,168.81274321792648,31,1,0,0,1.492651921060111,0.2
3129,141.98248101685363,27,1,0,0,1.4320607435381352,0.2
3130,129.6236222924884,12,1,0,0,1.185906457604149,0.2
3131,154.65667354320755,26,1,0,0,1.2618345136020745,0.2
3132,168.1922573025021,26,1,0,0,1.2645588135975077,0.2
3133,203.14454097599412,41,1,0,0,1.4998701754509074,0.2
3134,24.98918871109798,200,0,0,1,2.24668223672549,0.2
3135,192.5733506998447,33,1,0,0,1.331183019922409,0.2
3136,242.82105863079443,58,1,0,0,1.2441401686213316,0.2
3137,174.4370486218352,30,1,0,0,1.2137146599587856,0.2
3138,211.03461632403264,32,1,0,0,1.387111508133944,0.2
3139,233.01159152367302,49,1,0,0,1.3389329848411855,0.2
3140,184.3582906375898,26,1,0,0,1.4364918594374643,0.2
3141,15.39897804331394,200,0,0,1,2.25534463478888,0.2
3142,147.26457888711957,23,1,0,0,1.3419896443670472,0.2
3143,162.19854900299936,23,1,0,0,1.4704979713140425,0.2
3144,21.345329875592096,200,0,0,1,2.2609614986458917,0.2
3145,167.31169667902344,31,1,0,0,1.3435241675671434,0.2
3146,154.93521593435796,21,1,0,0,1.1751987978487661,0.2
3147,137.85462408203762,11,1,0,0,1.20442902064826,0.2
3148,68.01052921027238,200,0,0,1,2.41255160997963,0.2
3149,140.44321214297668,23,1,0,0,1.3596749413106664,0.2
3150,177.47414958721998,121,1,0,0,1.4981704230949424,0.2
3151,176.5743004397737,23,1,0,0,1.2009224768206086,0.2
3152,166.54595596755746,39,1,0,0,1.3085449849385526,0.2
3153,-50.0,1,0,1,0,4.943040634048354,0.2
3154,182.7792648340161,33,1,0,0,1.4397646819365582,0.2
3155,247.4567942427558,52,1,0,0,1.2569746034846114,0.2
3156,19.367963015050123,200,0,0,1,2.0485867910875832,0.2
3157,193.94074096168566,37,1,0,0,1.3405996517691015,0.2
3158,195.2381963253335,43,1,0,0,1.3815679751946885,0.2
3159,184.0414940256769,35,1,0,0,1.2689305652392457,0.2
3160,175.5235611957052,49,1,0,0,1.2451317758414429,0.2
3161,211.35670721914525,36,1,0,0,1.3517764308187497,0.2
3162,144.27377784290877,19,1,0,0,1.4106383005484369,0.2
3163,151.25754967845867,15,1,0,0,1.334869244424708,0.2
3164,145.57884335445596,35,1,0,0,1.2503211315726506,0.2
3165,210.47360525218792,34,1,0,0,1.2466492756516248,0.2
3166,192.56264293982724,27,1,0,0,1.1885749151379534,0.2
3167,192.61427123469792,33,1,0,0,1.4955459062566112,0.2
3168,150.85066074207347,25,1,0,0,1.2893893558550134,0.2
3169,166.85670565304648,30,1,0,0,1.3318236510608668,0.2
3170,201.6754134136472,36,1,0,0,1.4577998451016518,0.2
3171,-50.0,1,0,1,0,9.436750282004715,0.2
3172,175.02592695603818,25,1,0,0,1.420453312175656,0.2
3173,137.84949235361154,17,1,0,0,1.4332586022908966,0.2
3174,181.3674177757639,28,1,0,0,1.2696041248253673,0.2
3175,161.06835549825786,34,1,0,0,1.2363922964159435,0.2
3176,198.76385925360663,26,1,0,0,1.3553582975011926,0.2
3177,206.11110684754217,42,1,0,0,1.272161307245947,0.2
3178,133.58027098648586,19,1,0,0,1.4401771046202536,0.2
3179,158.82684520842366,20,1,0,0,1.4194297614137181,0.2
3180,135.96839599503497,13,1,0,0,1.4301499252593444,0.2
3181,154.32103974926625,24,1,0,0,1.4194579766908249,0.2
3182,-50.0,1,0,1,0,10.034882025426404,0.2
3183,201.70643781578673,28,1,0,0,1.4313610445282618,0.2
3184,178.9984707687712,27,1,0,0,1.2552949737684433,0.2
3185,161.6182202579729,24,1,0,0,1.1202547516659938,0.2
3186,227.82248070703264,36,1,0,0,1.231955279149466,0.2
3187,172.87412269865695,24,1,0,0,1.3231481510767351,0.2
3188,193.05805259725724,35,1,0,0,1.4612652812617832,0.2
3189,109.23038307404302,4,1,0,0,1.4080779535088146,0.2
3190,162.5597124638964,22,1,0,0,1.4427766034127048,0.2
3191,182.37467890921582,30,1,0,0,1.4663421112037929,0.2
3192,201.56731948795482,29,1,0,0,1.3820514661121641,0.2
3193,115.35145207262211,63,1,0,0,1.1977345188398922,0.2
3194,123.20607287608593,11,1,0,0,1.3573853621256577,0.2
3195,160.87997795110502,21,1,0,0,1.2991062250480117,0.2
3196,186.51840386657796,25,1,0,0,1.360155174414042,0.2
3197,184.24532435385368,24,1,0,0,1.3480006816999939,0.2
3198,165.66601471933623,18,1,0,0,1.2823579658147337,0.2
3199,-50.0,1,0,1,0,3.6580700615806903,0.2
3200,171.02966208207351,24,1,0,0,1.4979370809702106,0.2
3201,181.77656164986354,28,1,0,0,1.3120147165087166,0.2
3202,179.71028013632258,46,1,0,0,1.4716926233162808,0.2
3203,183.16244393473613,32,1,0,0,1.3489829534098596,0.2
3204,189.48378817007733,25,1,0,0,1.2330151875160167,0.2
3205,207.221237635163,30,1,0,0,1.3007459459899586,0.2
3206,260.7530132908829,51,1,0,0,1.4830083020240517,0.2
3207,194.83237744902178,37,1,0,0,1.4069844723751423,0.2
3208,209.17998903968578,30,1,0,0,1.4809590959911765,0.2
3209,209.46505425315308,39,1,0,0,1.3808032784888988,0.2
3210,130.8346504979802,14,1,0,0,1.0783549039341565,0.2
3211,208.59825289578026,40,1,0,0,1.462426753031917,0.2
3212,155.80596184705948,27,1,0,0,1.3768899692483745,0.2
3213,251.42287018970234,48,1,0,0,1.4865102091524827,0.2
3214,157.0742848227203,163,1,0,0,1.3633809383815079,0.2
3215,163.82080772111885,79,1,0,0,1.3547116811115616,0.2
3216,207.82708275581732,36,1,0,0,1.4984363467465667,0.2
3217,154.11369779019242,17,1,0,0,1.46265557824452,0.2
3218,185.72079511126853,29,1,0,0,1.48942170037252,0.2
3219,-50.0,1,0,1,0,3.406042532752717,0.2
3220,233.72751675285477,42,1,0,0,1.4548198655350408,0.2
3221,185.89399350103955,32,1,0,0,1.3402497058622038,0.2
3222,148.5585982946644,20,1,0,0,1.259727293889838,0.2
3223,193.72539488736805,26,1,0,0,1.3968633387093339,0.2
3224,170.49824746053105,18,1,0,0,1.2533939595923953,0.2
3225,42.74749719097856,200,0,0,1,1.749956805679212,0.2
3226,109.58629698102702,5,1,0,0,1.4522677756375584,0.2
3227,158.1736034814154,25,1,0,0,1.4163841061998708,0.2
3228,170.42171160472188,23,1,0,0,1.3019964423531352,0.2
3229,192.73563356295665,44,1,0,0,1.4781961154679808,0.2
3230,195.35227272512856,26,1,0,0,1.3530589229191172,0.2
3231,172.85134698357294,20,1,0,0,1.4497709411115947,0.2
3232,178.7638042073589,31,1,0,0,1.3650661455206476,0.2
3233,136.78355768428023,20,1,0,0,1.364771447383039,0.2
3234,245.37764321037815,49,1,0,0,1.2550967951134446,0.2
3235,175.90540324499824,107,1,0,0,1.3465400558480838,0.2
3236,131.99609237786046,133,1,0,0,1.488551235547362,0.2
3237,-50.0,1,0,1,0,3.0748777989130436,0.2
3238,173.91725881184936,30,1,0,0,1.353205170704075,0.2
3239,175.6325053428368,25,1,0,0,1.4650207312179282,0.2
3240,147.0228242181782,15,1,0,0,1.253406040026802,0.2
3241,164.10455706277708,25,1,0,0,1.4056387608478844,0.2
3242,236.20118158631203,51,1,0,0,1.366327406594725,0.2
3243,164.105142158216,20,1,0,0,1.1960721469142852,0.2
3244,179.2296023941093,26,1,0,0,1.290463497701195,0.2
3245,143.98695077793815,23,1,0,0,1.2209200324094602,0.2
3246,159.0431641556635,200,0,0,1,1.6741781618149492,0.2
3247,243.8359283955749,53,1,0,0,1.412746087304632,0.2
3248,264.706710972967,53,1,0,0,1.3714063671649355,0.2
3249,128.76231922117998,17,1,0,0,1.4151010719576993,0.2
3250,188.13264658762188,34,1,0,0,1.3224821650944572,0.2
3251,182.04354821098667,30,1,0,0,1.2632282087365228,0.2
3252,251.47762549024299,55,1,0,0,1.2891578297045456,0.2
3253,231.67737230617954,53,1,0,0,1.4492687194048355,0.2
3254,169.91204494117625,30,1,0,0,1.2104483289313472,0.2
3255,137.91990835981935,21,1,0,0,1.4991096613494215,0.2
3256,131.3420117173223,13,1,0,0,1.314242685567485,0.2
3257,172.14211860290814,31,1,0,0,1.1607982416262357,0.2
3258,181.58603874538505,33,1,0,0,1.3644703529893922,0.2
3259,156.5863304409037,23,1,0,0,1.3150082307797257,0.2
3260,106.79242132090673,25,1,0,0,1.3978455229033926,0.2
3261,178.08343906487642,27,1,0,0,1.4676598855309075,0.2
3262,196.95376175696651,26,1,0,0,1.3771927118191993,0.2
3263,137.4607335529021,18,1,0,0,1.3539744424202427,0.2
3264,141.78397372492267,200,0,0,1,2.03052166784088,0.2
3265,164.6635774589247,24,1,0,0,1.4536945365361953,0.2
3266,167.90132077973925,30,1,0,0,1.4883358948337586,0.2
3267,185.95982545379087,31,1,0,0,1.4683715625598528,0.2
3268,30.58438278408662,200,0,0,1,2.970393972253911,0.2
3269,137.89865881614602,14,1,0,0,1.412771102619689,0.2
3270,147.5546311188876,20,1,0,0,1.4723489484856553,0.2
3271,178.81773624515245,55,1,0,0,1.3363281930916433,0.2
3272,200.70009716029972,30,1,0,0,1.4411724455850257,0.2
3273,211.18921552029207,34,1,0,0,1.3479312279317144,0.2
3274,137.4289952033567,17,1,0,0,1.4573195598299098,0.2
3275,166.64992028938502,24,1,0,0,1.397779924880972,0.2
3276,176.72439747395427,29,1,0,0,1.3878454564549225,0.2
3277,185.1846626501872,32,1,0,0,1.4123437898914524,0.2
3278,187.63093456377632,25,1,0,0,1.2562614989303535,0.2
3279,236.57631489725787,49,1,0,0,1.486177493316874,0.2
3280,224.63443819138155,45,1,0,0,1.3135275575914134,0.2
3281,119.25564564702907,11,1,0,0,1.4686293889210464,0.2
3282,191.28942196487134,31,1,0,0,1.493193720145386,0.2
3283,172.55816025702254,26,1,0,0,1.3462599970293727,0.2
3284,200.82496179396094,32,1,0,0,1.2154351112249866,0.2
3285,186.77024104180168,23,1,0,0,1.2367159581495806,0.2
3286,188.4833127868472,23,1,0,0,1.3954731277679098,0.2
3287,163.7778912160502,29,1,0,0,1.4457356226943479,0.2
3288,194.024264270061,37,1,0,0,1.3468162784967368,0.2
3289,208.12607372256355,38,1,0,0,1.2130614056628721,0.2
3290,210.79661912012483,33,1,0,0,1.2523478247015403,0.2
3291,153.0917343451768,24,1,0,0,1.3599240525299436,0.2
3292,133.9732441153334,28,1,0,0,1.4313597901736905,0.2
3293,231.34403575448704,41,1,0,0,1.3481366451285177,0.2
3294,162.64708027012563,22,1,0,0,1.2373504444456853,0.2
3295,176.09396351328053,22,1,0,0,1.4382105591490821,0.2
3296,137.25718683929023,29,1,0,0,1.3737225691428763,0.2
3297,187.29925858189807,98,1,0,0,1.2962998345583252,0.2
3298,176.20726502952976,28,1,0,0,1.2657597733260437,0.2
3299,165.9338518408041,111,1,0,0,1.2017477620676686,0.2
3300,149.78318236532726,28,1,0,0,1.4295015632857306,0.2
3301,173.86902394072564,27,1,0,0,1.3166208216241662,0.2
3302,-50.0,1,0,1,0,5.732679766112337,0.2
3303,140.30153760821568,18,1,0,0,1.3048837049889814,0.2
3304,189.77970705353113,26,1,0,0,1.4507669346451526,0.2
3305,241.7565190505507,49,1,0,0,1.4908247114731952,0.2
3306,142.9828896060042,18,1,0,0,1.463904049653914,0.2
3307,169.80119244226043,24,1,0,0,1.2990578189158555,0.2
3308,169.48702913269298,26,1,0,0,1.4884270504959238,0.2
3309,124.73041569573186,8,1,0,0,1.3573619779540478,0.2
3310,205.02280628862542,39,1,0,0,1.4770635677824624,0.2
3311,165.02108339212367,19,1,0,0,1.3224283917919164,0.2
3312,185.54516259608084,25,1,0,0,1.4644295724878225,0.2
3313,190.32902604420045,47,1,0,0,1.299811744507452,0.2
3314,146.59567030269676,19,1,0,0,1.1323804756702542,0.2
3315,183.96185086734647,31,1,0,0,1.4208802876180204,0.2
3316,130.86080928900756,30,1,0,0,1.4153038252215606,0.2
3317,134.27034485706866,12,1,0,0,1.3127149675913288,0.2
3318,-50.0,1,0,1,0,7.830678493098252,0.2
3319,193.76267785381918,32,1,0,0,1.2451769601213687,0.2
3320,-5.803055713379818,200,0,0,1,3.634557385115318,0.2
3321,137.20232991902128,71,1,0,0,1.4634357490479886,0.2
3322,148.87032390713878,14,1,0,0,1.4718492346497294,0.2
3323,115.19487517832215,24,1,0,0,1.496737568909545,0.2
3324,168.1340518840774,26,1,0,0,1.294214721099687,0.2
3325,16.603241103985333,200,0,0,1,1.9536999015826106,0.2
3326,160.56817774444363,24,1,0,0,1.3104392457744847,0.2
3327,29.548572906960143,200,0,0,1,4.11738608151639,0.2
3328,190.00010121441198,29,1,0,0,1.4428550678710172,0.2
3329,173.58835409846066,24,1,0,0,1.4541789716917712,0.2
3330,142.25459004243356,15,1,0,0,1.3486716312206832,0.2
3331,159.2688876853091,27,1,0,0,1.3674084379284814,0.2
3332,186.3005523253384,28,1,0,0,1.1797444134403665,0.2
3333,196.07358585762375,33,1,0,0,1.23887923418638,0.2
3334,214.17486049004924,40,1,0,0,1.4852332874277974,0.2
3335,165.21617519940793,87,1,0,0,1.2768637763149322,0.2
3336,155.34558934965986,91,1,0,0,1.2234543402620472,0.2
3337,126.84136758157378,8,1,0,0,1.2788062440559789,0.2
3338,128.76178523064567,35,1,0,0,1.3422008192737729,0.2
3339,243.38014403541715,50,1,0,0,1.405337764218788,0.2
3340,174.3202515054599,29,1,0,0,1.4710158742565596,0.2
3341,146.8028218381155,14,1,0,0,1.3760366958320973,0.2
3342,196.90430981995215,30,1,0,0,1.1444146172735152,0.2
3343,173.10732372665737,20,1,0,0,1.488170008731356,0.2
3344,203.52852738851647,29,1,0,0,1.4570253504147077,0.2
3345,151.04510410319813,74,1,0,0,1.408090937031636,0.2
3346,117.77094496737766,8,1,0,0,1.286550725152739,0.2
3347,102.78158635323962,2,1,0,0,1.4554158700447741,0.2
3348,178.369303644035,34,1,0,0,1.3227624136601186,0.2
3349,182.50203264866136,24,1,0,0,1.4262711278148876,0.2
3350,141.09222536369538,14,1,0,0,1.321697698765686,0.2
3351,146.99590893918997,27,1,0,0,1.4160205042441212,0.2
3352,175.26791054095236,28,1,0,0,1.2509566103157208,0.2
3353,-18.042346105681226,200,0,0,1,2.048122748853336,0.2
3354,146.8340623782888,18,1,0,0,1.3049738643791793,0.2
3355,177.93803102827795,25,1,0,0,1.447245092099074,0.2
3356,205.65287883034952,39,1,0,0,1.3629573682644796,0.2
3357,181.68277124836783,23,1,0,0,1.4454700624171206,0.2
3358,188.64009377602792,29,1,0,0,1.2469644294983497,0.2
3359,270.98570738335957,58,1,0,0,1.3436188237456077,0.2
3360,161.2631823649998,31,1,0,0,1.402872132211076,0.2
3361,116.63710367256351,50,1,0,0,1.3164099382982877,0.2
3362,168.1277070592231,21,1,0,0,1.376260379020094,0.2
3363,135.55730193029564,13,1,0,0,1.4316932655977908,0.2
3364,158.0202931535075,20,1,0,0,1.2730189775728473,0.2
3365,233.7585534275725,41,1,0,0,1.4572200554621353,0.2
3366,190.47589963041145,25,1,0,0,1.3038456519582045,0.2
3367,113.51052265737427,6,1,0,0,1.361278688458202,0.2
3368,244.4673826434484,47,1,0,0,1.4927332496350645,0.2
3369,141.68828305796973,17,1,0,0,1.2865610740019475,0.2
3370,191.90051739999438,25,1,0,0,1.1846991718254678,0.2
3371,142.72470706149753,24,1,0,0,1.3749659746953549,0.2
3372,157.34835229733625,18,1,0,0,1.4767392781060973,0.2
3373,207.24431355310213,32,1,0,0,1.3009111045369908,0.2
3374,174.92534838294915,26,1,0,0,1.4954557668861488,0.2
3375,181.40275388186862,176,1,0,0,1.346907689747712,0.2
3376,193.82433476782117,32,1,0,0,1.2846529805820732,0.2
3377,131.9540033144865,14,1,0,0,1.3934707304643346,0.2
3378,129.98518587703234,12,1,0,0,1.257761399796106,0.2
3379,180.22764216862555,30,1,0,0,1.3950501330261849,0.2
3380,195.98710608425068,39,1,0,0,1.3106775583941774,0.2
3381,145.23510557125093,28,1,0,0,1.4797122953807684,0.2
3382,6.751478696733437,200,0,0,1,4.552462863470893,0.2
3383,168.71684868206407,25,1,0,0,1.4976341500601058,0.2
3384,171.88131971474093,25,1,0,0,1.3356302413996393,0.2
3385,124.88657969882743,83,1,0,0,1.476162859721607,0.2
3386,179.24486872162487,26,1,0,0,1.3764636943570814,0.2
3387,156.15380913942673,31,1,0,0,1.4874343882078296,0.2
3388,176.94037635919136,35,1,0,0,1.3647770708428417,0.2
3389,169.92081200738085,44,1,0,0,1.4081401647032885,0.2
3390,122.41312307553116,18,1,0,0,1.4201649709488915,0.2
3391,205.78224041811603,25,1,0,0,1.4994465292287313,0.2
3392,-50.0,1,0,1,0,9.670509358578053,0.2
3393,186.18030892366656,30,1,0,0,1.4069972589228743,0.2
3394,144.71757258401055,60,1,0,0,1.3999462518917944,0.2
3395,147.96636253976828,17,1,0,0,1.29769784592922,0.2
3396,146.73400222849762,22,1,0,0,1.3077429353888756,0.2
3397,158.93449038510633,34,1,0,0,1.461591351452583,0.2
3398,139.08142771829068,24,1,0,0,1.2699541447857638,0.2
3399,161.78663658776526,33,1,0,0,1.4732751985333974,0.2
3400,146.19825778490247,21,1,0,0,1.2747191921148955,0.2
3401,160.65880865913294,22,1,0,0,1.2958279961313504,0.2
3402,135.390783974292,30,1,0,0,1.4129851440954593,0.2
3403,146.21208122873844,26,1,0,0,1.4009960298631274,0.2
3404,181.9659308174434,26,1,0,0,1.3489123652441186,0.2
3405,150.70381556885576,23,1,0,0,1.2295169505135668,0.2
3406,26.26850892056966,200,0,0,1,2.298682909508469,0.2
3407,173.97869182888644,24,1,0,0,1.4546008616520254,0.2
3408,172.0202441848641,28,1,0,0,1.3044415578919073,0.2
3409,188.0623439755881,30,1,0,0,1.485765964546327,0.2
3410,5.822156274794982,200,0,0,1,2.2866581272318065,0.2
3411,178.62170866747132,85,1,0,0,1.1575843858365664,0.2
3412,183.58002118784725,23,1,0,0,1.4265633392554005,0.2
3413,191.27920112232607,26,1,0,0,1.3947085484858184,0.2
3414,159.79630676834617,20,1,0,0,1.2760995912268192,0.2
3415,177.3337126618028,25,1,0,0,1.4674530688826448,0.2
3416,124.29693824168507,12,1,0,0,1.46129674683694,0.2
3417,13.935816600588893,200,0,0,1,2.0369143185369496,0.2
3418,173.16254563221003,28,1,0,0,1.2709434418828416,0.2
3419,176.4047887156661,27,1,0,0,1.411788870258547,0.2
3420,178.2297303167964,30,1,0,0,1.4341990714869985,0.2
3421,-50.0,1,0,1,0,3.699144303071031,0.2
3422,121.1316406122169,110,1,0,0,1.4497903372579546,0.2
3423,190.82675205681585,24,1,0,0,1.3482785897716443,0.2
3424,170.85786010038515,25,1,0,0,1.2571165500340045,0.2
3425,179.1047244340165,28,1,0,0,1.4819761023068372,0.2
3426,152.4175934300806,21,1,0,0,1.345914894069941,0.2
3427,160.9052565249258,17,1,0,0,1.3869522690727578,0.2
3428,165.33722450597168,27,1,0,0,1.4566099023756418,0.2
3429,204.74414237253572,32,1,0,0,1.3080091987404947,0.2
3430,154.27322447150212,22,1,0,0,1.2134581320935667,0.2
3431,154.2251982574963,26,1,0,0,1.4825239942014043,0.2
3432,10.808273630818366,200,0,0,1,2.5848292769064853,0.2
3433,215.17155903210772,43,1,0,0,1.434514201740678,0.2
3434,151.5161424820495,22,1,0,0,1.2146644490562644,0.2
3435,236.28152616482276,42,1,0,0,1.4977416363956708,0.2
3436,109.42526837574209,6,1,0,0,1.4947829486680548,0.2
3437,201.67780229543905,32,1,0,0,1.417330414230216,0.2
3438,163.0112914307764,25,1,0,0,1.4591582626718156,0.2
3439,-50.0,1,0,1,0,2.8763517740298856,0.2
3440,27.030134686733607,200,0,0,1,3.9606757118520415,0.2
3441,170.71013343962017,31,1,0,0,1.292067767160145,0.2
3442,181.04243243957177,30,1,0,0,1.2692325003428537,0.2
3443,165.93935165480224,23,1,0,0,1.2445042073229915,0.2
3444,117.50587281619076,34,1,0,0,1.2640213656230304,0.2
3445,134.17621979497963,19,1,0,0,1.342419432656849,0.2
3446,236.51962672266617,42,1,0,0,1.394098285449381,0.2
3447,139.6572331290032,28,1,0,0,1.2051949177690704,0.2
3448,170.46744207995778,26,1,0,0,1.3189534426204454,0.2
3449,192.30426891268417,32,1,0,0,1.3672260454073708,0.2
3450,155.58610109654774,57,1,0,0,1.396803499341339,0.2
3451,163.49943031154828,24,1,0,0,1.3129949247877508,0.2
3452,160.43622864495168,33,1,0,0,1.3787111542836064,0.2
3453,149.489140735693,58,1,0,0,1.1873348669517834,0.2
3454,203.39045938188542,40,1,0,0,1.3456276723603744,0.2
3455,160.7756672070757,35,1,0,0,1.4338456380460416,0.2
3456,173.77131079602265,25,1,0,0,1.4599081787955395,0.2
3457,162.99445882162348,23,1,0,0,1.3676461588975353,0.2
3458,128.6521004848249,16,1,0,0,1.382403377999028,0.2
3459,192.7273434443875,36,1,0,0,1.4196808182594105,0.2
3460,183.79911294454075,73,1,0,0,1.4909057808141122,0.2
3461,168.46397576897334,21,1,0,0,1.1682313831052247,0.2
3462,100.0,1,1,0,0,1.182368445361711,0.2
3463,149.37899441659283,20,1,0,0,1.4609725434710148,0.2
3464,147.66426642346215,36,1,0,0,1.3979308030494526,0.2
3465,186.1868056124481,26,1,0,0,1.3753291136903418,0.2
3466,193.1473743272981,29,1,0,0,1.3723326980994919,0.2
3467,167.95724078376696,26,1,0,0,1.3867308364405846,0.2
3468,172.46331613039652,20,1,0,0,1.3442695668319387,0.2
3469,168.77965064639915,20,1,0,0,1.3619393737942445,0.2
3470,124.09929350343512,13,1,0,0,1.305978008326584,0.2
3471,175.84075906974743,25,1,0,0,1.4447195006519031,0.2
3472,-50.0,1,0,1,0,6.356836733144862,0.2
3473,187.69384901003764,28,1,0,0,1.3947172266106669,0.2
3474,120.61227988853119,189,1,0,0,1.4988222031492835,0.2
3475,161.50988108234407,25,1,0,0,1.4365151640650873,0.2
3476,153.50438801807053,26,1,0,0,1.3607951667585816,0.2
3477,143.3123371649928,29,1,0,0,1.422416869444236,0.2
3478,164.67573638748354,20,1,0,0,1.225270625410442,0.2
3479,157.86122848027406,27,1,0,0,1.139376417282494,0.2
3480,141.14868235503914,17,1,0,0,1.2572322037241819,0.2
3481,179.14003702714956,24,1,0,0,1.2584496495872366,0.2
3482,150.5127907648346,15,1,0,0,1.4521011864939908,0.2
3483,142.24933303346617,14,1,0,0,1.233010250436097,0.2
3484,182.65034136269816,24,1,0,0,1.2575020021936898,0.2
3485,193.75209745423706,32,1,0,0,1.4573101325912918,0.2
3486,184.11023470089236,24,1,0,0,1.3945051858543744,0.2
3487,143.1600639331037,17,1,0,0,1.1063919090503833,0.2
3488,109.92985145102351,13,1,0,0,1.3388251529766892,0.2
3489,154.2077674090763,22,1,0,0,1.1082640761603832,0.2
3490,168.93025699942285,26,1,0,0,1.4075695802306536,0.2
3491,184.99695236627727,38,1,0,0,1.0776323349457624,0.2
3492,143.2023037733914,17,1,0,0,1.3505221438232162,0.2
3493,151.025296595772,193,1,0,0,1.4838532355169776,0.2
3494,116.96795526339238,18,1,0,0,1.3601191249237492,0.2
3495,211.90010108216052,35,1,0,0,1.4407264492486058,0.2
3496,154.7104342893349,17,1,0,0,1.4053256649033503,0.2
3497,193.24936645087874,27,1,0,0,1.3546900490546074,0.2
3498,204.9002231978693,38,1,0,0,1.2875740685323704,0.2
3499,146.26955199985724,23,1,0,0,1.2219028519424895,0.2
3500,132.6030453301068,125,1,0,0,1.332409514986464,0.2
3501,141.37309055838006,22,1,0,0,1.1089755594125026,0.2
3502,224.10929037024573,42,1,0,0,1.2996183287565595,0.2
3503,147.92975689318712,20,1,0,0,1.3319034030672987,0.2
3504,229.25174750223994,42,1,0,0,1.4917244582558187,0.2
3505,200.2248111089865,34,1,0,0,1.3867886343935232,0.2
3506,111.05658417066782,6,1,0,0,1.4407059773095658,0.2
3507,166.82026462170853,22,1,0,0,1.2697291796874675,0.2
3508,224.21209741164063,40,1,0,0,1.3214158212874483,0.2
3509,171.73649385607314,28,1,0,0,1.3652919135006065,0.2
3510,182.6742830582003,28,1,0,0,1.2259312856419151,0.2
3511,191.90744515804855,25,1,0,0,1.1955631975271677,0.2
3512,193.95681481090548,26,1,0,0,1.2755240866187263,0.2
3513,133.0486687192821,13,1,0,0,1.4179320786110448,0.2
3514,160.2640603864603,19,1,0,0,1.3856260622398109,0.2
3515,205.41767968866333,30,1,0,0,1.4563722946938829,0.2
3516,184.23566810186617,26,1,0,0,1.2116252922658548,0.2
3517,250.21529143636727,53,1,0,0,1.309928388687474,0.2
3518,178.61934135034738,24,1,0,0,1.4597762148830353,0.2
3519,209.24919345794302,31,1,0,0,1.3062918623664834,0.2
3520,175.09702487062265,31,1,0,0,1.4806437038172156,0.2
3521,190.34654667410155,25,1,0,0,1.4997433393397337,0.2
3522,147.0718375555019,15,1,0,0,1.3906578316102443,0.2
3523,188.84147382209076,33,1,0,0,1.4527205834702421,0.2
3524,186.89972614786853,27,1,0,0,1.4211701324080661,0.2
3525,174.75702178489573,22,1,0,0,1.2566690985178393,0.2
3526,170.87894681217637,20,1,0,0,1.3000825284910085,0.2
3527,123.96529565343303,32,1,0,0,1.4467022474740587,0.2
3528,246.13952690176274,51,1,0,0,1.4237318409026904,0.2
3529,162.28845758405606,20,1,0,0,1.4056600051148613,0.2
3530,199.63674397628012,30,1,0,0,1.3576316204859153,0.2
3531,201.9217846029175,26,1,0,0,1.4885916916667712,0.2
3532,183.65613374838424,24,1,0,0,1.4048777832924757,0.2
3533,150.52995866305284,18,1,0,0,1.3282939724105292,0.2
3534,-41.0647275254089,200,0,0,1,2.44520717071472,0.2
3535,156.90661884755914,20,1,0,0,1.448861861329307,0.2
3536,228.73119697274524,41,1,0,0,1.4364147265328526,0.2
3537,126.91600213838764,26,1,0,0,1.3225569882408728,0.2
3538,197.68564477358842,28,1,0,0,1.4826167302126725,0.2
3539,177.17942102849543,27,1,0,0,1.2718769929979534,0.2
3540,134.38700781438362,34,1,0,0,1.4701776320423061,0.2
3541,156.98374455732096,25,1,0,0,1.2974056968108032,0.2
3542,-16.44700456746743,200,0,0,1,2.809270594468602,0.2
3543,13.582449299753995,200,0,0,1,2.4865275177437183,0.2
3544,148.99528561979096,26,1,0,0,1.1958236976773449,0.2
3545,152.9212699454436,20,1,0,0,1.396963763283724,0.2
3546,157.00853762811062,32,1,0,0,1.3243206332090185,0.2
3547,181.00830099321962,27,1,0,0,1.4427469153241284,0.2
3548,146.87227785474894,28,1,0,0,1.2398576383872202,0.2
3549,180.18634067982566,37,1,0,0,1.251886143134428,0.2
3550,136.94415340254042,11,1,0,0,1.372722268734077,0.2
3551,201.6174111222005,25,1,0,0,1.4238672469049,0.2
3552,165.45992172820561,20,1,0,0,1.475395114647058,0.2
3553,168.2922072727995,27,1,0,0,1.4272775077013924,0.2
3554,167.90926419851024,18,1,0,0,1.0960334224519501,0.2
3555,182.1448373401983,24,1,0,0,1.1575622845529518,0.2
3556,189.09524324200675,24,1,0,0,1.2447463384259927,0.2
3557,178.1170797377274,32,1,0,0,1.3082386108610573,0.2
3558,191.98655158528248,26,1,0,0,1.124120182250807,0.2
3559,163.5379199206646,22,1,0,0,1.420552414476671,0.2
3560,161.04196369503197,26,1,0,0,1.342149261503226,0.2
3561,189.06149671994135,35,1,0,0,1.3277694260130026,0.2
3562,137.05706113691926,37,1,0,0,1.4532702514061573,0.2
3563,144.2656879153717,18,1,0,0,1.2851199770999582,0.2
3564,115.85148110516742,5,1,0,0,1.4211752457890012,0.2
3565,233.38548941888382,46,1,0,0,1.4191936166715644,0.2
3566,198.9996268333712,30,1,0,0,1.4872553155432755,0.2
3567,242.3032661239218,47,1,0,0,1.4374664355411864,0.2
3568,151.00338143172115,18,1,0,0,1.4319688316455563,0.2
3569,196.84040540799353,28,1,0,0,1.236909171652115,0.2
3570,127.99832985317266,132,1,0,0,1.4443900882001177,0.2
3571,172.06390139528332,22,1,0,0,1.488377652806066,0.2
3572,188.70034696437028,23,1,0,0,1.4032856155167812,0.2
3573,161.30349145743185,16,1,0,0,1.4560846372897367,0.2
3574,173.5594073350402,30,1,0,0,1.4754206425164083,0.2
3575,144.3846924276688,19,1,0,0,1.491815718231978,0.2
3576,129.5377370226239,17,1,0,0,1.3521313138085875,0.2
3577,206.2083147242328,40,1,0,0,1.2228842304051564,0.2
3578,168.0259433836781,20,1,0,0,1.3820136647051011,0.2
3579,185.75268855826968,31,1,0,0,1.4951453041788882,0.2
3580,151.89665051624655,27,1,0,0,1.4717399058207072,0.2
3581,202.40665199089693,26,1,0,0,1.4843413720452225,0.2
3582,175.77481353107663,23,1,0,0,1.4922189135277004,0.2
3583,144.0896098846224,27,1,0,0,1.2095474097941792,0.2
3584,-50.0,1,0,1,0,2.911350600786801,0.2
3585,155.86438848407263,22,1,0,0,1.260161883054405,0.2
3586,118.96873253898949,10,1,0,0,1.3759908711433895,0.2
3587,165.71918629817733,21,1,0,0,1.301011309970368,0.2
3588,168.1969738595452,20,1,0,0,1.2180583261145883,0.2
3589,132.77052581105568,13,1,0,0,1.2407890995446638,0.2
3590,158.94055776398713,20,1,0,0,1.4554803190727148,0.2
3591,168.7074916461511,28,1,0,0,1.3418972225777441,0.2
3592,167.26936942710972,21,1,0,0,1.4586933936041224,0.2
3593,153.38302985582686,15,1,0,0,1.109554581517043,0.2
3594,271.5207394915054,60,1,0,0,1.3467731734938222,0.2
3595,172.39411154033303,21,1,0,0,1.2624279867831638,0.2
3596,162.2963171662148,19,1,0,0,1.2864256786023427,0.2
3597,173.49950575835408,27,1,0,0,1.3707188325582296,0.2
3598,221.85858618012742,41,1,0,0,1.364227546732256,0.2
3599,161.4763451665231,24,1,0,0,1.339147190645026,0.2
3600,9.07369176289981,200,0,0,1,1.9975712620313202,0.2
3601,186.9116562478019,31,1,0,0,1.245949731512535,0.2
3602,202.65745433907873,28,1,0,0,1.2951972914688066,0.2
3603,49.35040376953207,200,0,0,1,3.7032668817814347,0.2
3604,128.0477640472177,17,1,0,0,1.4787415493398197,0.2
3605,207.69677019741442,33,1,0,0,1.2484001617402323,0.2
3606,180.4246867738712,28,1,0,0,1.4834071003331666,0.2
3607,212.23558954799307,43,1,0,0,1.4234101595895499,0.2
3608,146.59672137332868,17,1,0,0,1.496708539629853,0.2
3609,183.0497793092443,25,1,0,0,1.3958502097439898,0.2
3610,170.72292342889736,22,1,0,0,1.3647383927777534,0.2
3611,147.59091425899686,55,1,0,0,1.48469727762694,0.2
3612,179.1164004389688,32,1,0,0,1.4839446298120968,0.2
3613,186.90748698772296,30,1,0,0,1.2865591270694066,0.2
3614,150.02994969492943,22,1,0,0,1.0631951951346423,0.2
3615,207.4666301004661,34,1,0,0,1.2582517124909822,0.2
3616,130.89979517519308,15,1,0,0,1.168569384196822,0.2
3617,191.4337083303059,27,1,0,0,1.3038882885378327,0.2
3618,175.07194114905053,29,1,0,0,1.2545095193514004,0.2
3619,14.538095829269253,200,0,0,1,2.9524675347352733,0.2
3620,149.09296503695634,21,1,0,0,1.3765107152944722,0.2
3621,202.23382695558044,33,1,0,0,1.1964404444833088,0.2
3622,207.15761398093355,32,1,0,0,1.4916850499086582,0.2
3623,159.30324257559556,19,1,0,0,1.4296574618669096,0.2
3624,255.17422066521112,60,1,0,0,1.147410852251908,0.2
3625,197.86749723391324,24,1,0,0,1.4242684103446337,0.2
3626,164.7282874743501,29,1,0,0,1.3604884495114533,0.2
3627,161.9377347041385,16,1,0,0,1.3083642936261852,0.2
3628,160.85561904088556,19,1,0,0,1.3792432257889227,0.2
3629,137.8357912243081,17,1,0,0,1.4533941932199679,0.2
3630,247.96511706776477,50,1,0,0,1.2746604476113474,0.2
3631,269.902805103809,54,1,0,0,1.3813886949144885,0.2
3632,165.5661378123364,25,1,0,0,1.3642520431545535,0.2
3633,111.83718333857904,132,1,0,0,1.498126837313196,0.2
3634,145.02283332569635,21,1,0,0,1.426998324503759,0.2
3635,152.81992491139417,19,1,0,0,1.4128543893447834,0.2
3636,199.54082550241472,42,1,0,0,1.3969825944999483,0.2
3637,135.65710173074558,15,1,0,0,1.477139370260168,0.2
3638,133.46777059667897,36,1,0,0,1.471183852736303,0.2
3639,191.4493742660154,31,1,0,0,1.3670385230274562,0.2
3640,205.81979311072746,27,1,0,0,1.454397560844541,0.2
3641,212.8926613831614,44,1,0,0,1.413443626067406,0.2
3642,192.47323659023493,29,1,0,0,1.357263684851036,0.2
3643,237.65417823100802,49,1,0,0,1.238755444950225,0.2
3644,167.60035692494344,33,1,0,0,1.499214076893576,0.2
3645,120.77467487349199,20,1,0,0,1.350198144081568,0.2
3646,108.73528370594887,17,1,0,0,1.4244547924899549,0.2
3647,106.39206988323917,36,1,0,0,1.3968813130330882,0.2
3648,180.79037377414824,30,1,0,0,1.4083929147629082,0.2
3649,188.09625366930854,24,1,0,0,1.3271224279753824,0.2
3650,172.8700784123672,28,1,0,0,1.3392053564313888,0.2
3651,230.26475264677978,44,1,0,0,1.2876185782727825,0.2
3652,154.41288589728484,20,1,0,0,1.2473561183972135,0.2
3653,142.29626933997605,16,1,0,0,1.2624458418545685,0.2
3654,177.31332772510626,25,1,0,0,1.1126523314510033,0.2
3655,191.68027082306082,34,1,0,0,1.3471743310065534,0.2
3656,131.2480143779974,68,1,0,0,1.306918849501647,0.2
3657,154.76877133816268,21,1,0,0,1.4857760355348157,0.2
3658,186.39091697642317,24,1,0,0,1.324181017624544,0.2
3659,170.2470316431097,25,1,0,0,1.3447356459038085,0.2
3660,207.88790579903315,30,1,0,0,1.2886016645006892,0.2
3661,180.31122892517152,40,1,0,0,1.3931877289809782,0.2
3662,227.31245903934308,43,1,0,0,1.1784393114126153,0.2
3663,174.88097601466328,27,1,0,0,1.389217886509577,0.2
3664,164.03731898904113,19,1,0,0,1.1879998019486226,0.2
3665,178.74237018989163,26,1,0,0,1.4020607727925787,0.2
3666,163.08886179403024,20,1,0,0,1.4986091508440402,0.2
3667,118.6682543908044,13,1,0,0,1.3436112919066898,0.2
3668,135.9980619241709,12,1,0,0,1.4375528350683255,0.2
3669,214.8129508375996,49,1,0,0,1.4449774721075308,0.2
3670,127.04185875131438,11,1,0,0,1.3874452204927767,0.2
3671,38.803823193095276,200,0,0,1,2.989370734785394,0.2
3672,142.79628665029472,14,1,0,0,1.4841859153437351,0.2
3673,221.06292146621323,42,1,0,0,1.4614848152411872,0.2
3674,184.61229104089801,28,1,0,0,1.1974720007477697,0.2
3675,104.15865149514269,49,1,0,0,1.468887766110989,0.2
3676,152.89200380534714,20,1,0,0,1.4528099036458393,0.2
3677,169.7743624718005,21,1,0,0,1.4895017031622948,0.2
3678,139.38715484913186,22,1,0,0,1.3147655133710354,0.2
3679,178.36499498369716,28,1,0,0,1.373739523381668,0.2
3680,161.68670362837943,26,1,0,0,1.257514010462773,0.2
3681,152.71608132349522,18,1,0,0,1.299117677092895,0.2
3682,207.87231173429353,30,1,0,0,1.450273199726826,0.2
3683,174.44008202902683,27,1,0,0,1.4380569645793417,0.2
3684,214.4356957284375,39,1,0,0,1.463352670427945,0.2
3685,170.03120203949655,30,1,0,0,1.2643119053490703,0.2
3686,204.9256135637161,28,1,0,0,1.2561835929746754,0.2
3687,-50.0,1,0,1,0,5.109982911164666,0.2
3688,167.86542926446577,24,1,0,0,1.3081392447805549,0.2
3689,175.6533808991038,24,1,0,0,1.2727386128173634,0.2
3690,192.36988382373718,23,1,0,0,1.3907484788272346,0.2
3691,201.40059220191216,35,1,0,0,1.292684401008552,0.2
3692,214.30846036317686,28,1,0,0,1.3042137860291867,0.2
3693,174.41091508514438,21,1,0,0,1.4712289490804544,0.2
3694,157.05627117716614,25,1,0,0,1.4361699581045295,0.2
3695,-1.3420638912733946,200,0,0,1,3.5606743778479206,0.2
3696,160.69535135405323,19,1,0,0,1.2650841501418475,0.2
3697,174.2894767799375,29,1,0,0,1.4889334629615019,0.2
3698,155.41596733443822,19,1,0,0,1.4205089709668135,0.2
3699,183.31996725686062,32,1,0,0,1.444981792558501,0.2
3700,178.10283072162412,28,1,0,0,1.3048446236325097,0.2
3701,173.17883768726546,24,1,0,0,1.4457639545272012,0.2
3702,159.53199999555457,27,1,0,0,1.3204444291942854,0.2
3703,146.6196406340181,17,1,0,0,1.3074407599436102,0.2
3704,163.84243355245133,26,1,0,0,1.4355897468457244,0.2
3705,188.936867961874,27,1,0,0,1.2293476906342786,0.2
3706,140.64801100064076,12,1,0,0,1.2497403358497545,0.2
3707,136.9997169274622,20,1,0,0,1.3432552862268319,0.2
3708,183.22308234795446,24,1,0,0,1.285373669039654,0.2
3709,193.19720667971552,29,1,0,0,1.0542911425168187,0.2
3710,151.23777321823846,23,1,0,0,1.3474961279560176,0.2
3711,113.29406947831644,14,1,0,0,1.42754977719394,0.2
3712,152.4212306899002,24,1,0,0,1.3920025341696536,0.2
3713,153.50951901806886,24,1,0,0,1.3640484574586074,0.2
3714,230.80673298463083,46,1,0,0,1.3996143335703568,0.2
3715,195.36259244429476,29,1,0,0,1.4839990592018382,0.2
3716,270.03150626470347,61,1,0,0,1.4901814133673648,0.2
3717,241.30404924382665,54,1,0,0,1.3562496260255994,0.2
3718,174.63144937398147,21,1,0,0,1.313459681376093,0.2
3719,38.58899977770283,200,0,0,1,2.7299861504453204,0.2
3720,145.3936064392042,34,1,0,0,1.2825439021843623,0.2
3721,138.58774420693044,26,1,0,0,1.4233608812867449,0.2
3722,151.39721641148415,20,1,0,0,1.172048481007851,0.2
3723,13.386685772697003,200,0,0,1,2.2378852710413284,0.2
3724,179.23212369397993,33,1,0,0,1.253178262152611,0.2
3725,176.98658665964672,29,1,0,0,1.2395937174532796,0.2
3726,178.68299830088364,27,1,0,0,1.4614278535027545,0.2
3727,161.86268872195205,28,1,0,0,1.327633641713551,0.2
3728,155.3047343144292,28,1,0,0,1.483458311631717,0.2
3729,169.89653780403535,33,1,0,0,1.4092054177423134,0.2
3730,167.90410293089798,21,1,0,0,1.2909252565136768,0.2
3731,182.35607466498618,29,1,0,0,1.4736938895323068,0.2
3732,185.6735060594232,30,1,0,0,1.4306815983211127,0.2
3733,207.05236303396947,44,1,0,0,1.3788692818415418,0.2
3734,243.4495875364896,57,1,0,0,1.3943268658381849,0.2
3735,177.76431361817146,24,1,0,0,1.175746954775508,0.2
3736,164.13715168923832,25,1,0,0,1.1736504041687497,0.2
3737,141.11050021813261,19,1,0,0,1.47928570957668,0.2
3738,166.89969156599665,18,1,0,0,1.3187055129104976,0.2
3739,192.64575977490142,26,1,0,0,1.3990077507157879,0.2
3740,176.4072083424648,25,1,0,0,1.375004572477706,0.2
3741,185.2098789229788,34,1,0,0,1.4980082645249095,0.2
3742,168.8152068254956,152,1,0,0,1.332074020965608,0.2
3743,156.2813153701369,172,1,0,0,1.4847373040516116,0.2
3744,161.52990985171326,24,1,0,0,1.2891253942241132,0.2
3745,189.64431446487475,28,1,0,0,1.3324399236052238,0.2
3746,168.09991877505735,21,1,0,0,1.4446571170012987,0.2
3747,139.52033873743738,17,1,0,0,1.2847916448478702,0.2
3748,215.1675054166609,28,1,0,0,1.2996665213904606,0.2
3749,184.5802052414183,26,1,0,0,1.4688434396342325,0.2
3750,131.5738232944741,16,1,0,0,1.448886342232925,0.2
3751,25.66655341282925,200,0,0,1,2.256488056676255,0.2
3752,179.7481036500261,23,1,0,0,1.182329214902387,0.2
3753,188.86686663322052,29,1,0,0,1.3153389070907562,0.2
3754,246.4133566154686,48,1,0,0,1.4411063350181645,0.2
3755,189.04199189536595,34,1,0,0,1.1545848581074882,0.2
3756,173.44592463836318,43,1,0,0,1.434240504174451,0.2
3757,217.73549633463102,38,1,0,0,1.4082929166422031,0.2
3758,214.07140398912463,41,1,0,0,1.3170356892321582,0.2
3759,163.73689392887636,38,1,0,0,1.3775910695065574,0.2
3760,156.8873790819967,21,1,0,0,1.4276589630841838,0.2
3761,188.93404067885476,29,1,0,0,1.3555462135352927,0.2
3762,192.54647162528892,26,1,0,0,1.4609890369354248,0.2
3763,216.07905119183994,44,1,0,0,1.1883028426322622,0.2
3764,145.9136568221194,20,1,0,0,1.2497243429078198,0.2
3765,155.1550720342364,20,1,0,0,1.3453134566854104,0.2
3766,193.22934096298627,28,1,0,0,1.4400997461048983,0.2
3767,163.0888821653595,28,1,0,0,1.297968576622605,0.2
3768,149.8920756740409,18,1,0,0,1.3182980112613503,0.2
3769,-24.544760170764622,200,0,0,1,3.3851846872077607,0.2
3770,171.5837599669489,27,1,0,0,1.4801486126444436,0.2
3771,158.1929869906229,23,1,0,0,1.4498232734932905,0.2
3772,175.10807765612844,25,1,0,0,1.292782011638313,0.2
3773,164.8870168315305,23,1,0,0,1.2422467832141828,0.2
3774,170.20711376470598,20,1,0,0,1.4597161245836825,0.2
3775,208.25879528064615,34,1,0,0,1.4960573671260573,0.2
3776,155.76312242143933,26,1,0,0,1.2586747581319737,0.2
3777,159.5851725400477,21,1,0,0,1.3024481359089766,0.2
3778,172.07698408082965,21,1,0,0,1.4615562806681313,0.2
3779,179.6616614171753,26,1,0,0,1.471830713401426,0.2
3780,209.2234724955873,27,1,0,0,1.1822783911125498,0.2
3781,235.3594994429662,34,1,0,0,1.3819877513542944,0.2
3782,168.12616218459567,32,1,0,0,1.3994221146088894,0.2
3783,158.85786481806213,19,1,0,0,1.3328668899149876,0.2
3784,121.45171275912304,8,1,0,0,1.3816279465382664,0.2
3785,218.93589224460908,38,1,0,0,1.4890772593989479,0.2
3786,145.53394385476093,37,1,0,0,1.4897277940599953,0.2
3787,171.7203617022421,25,1,0,0,1.4702544270689362,0.2
3788,176.52402490237205,22,1,0,0,1.1860700320612536,0.2
3789,143.48242056641058,24,1,0,0,1.4386398870724297,0.2
3790,140.70265104238527,17,1,0,0,1.4508005615308301,0.2
3791,180.5358300459623,33,1,0,0,1.3950340971865771,0.2
3792,131.8536617717959,27,1,0,0,1.4333294667743417,0.2
3793,147.49964945489327,18,1,0,0,1.3616860013649945,0.2
3794,192.18497844872576,31,1,0,0,1.4946734097377767,0.2
3795,180.29080520460275,31,1,0,0,1.2837751001988025,0.2
3796,167.9600630974747,21,1,0,0,1.3160669249164685,0.2
3797,195.37921165908247,26,1,0,0,1.2796832854678732,0.2
3798,186.0249491438923,35,1,0,0,1.4652824339201633,0.2
3799,148.68372771740394,17,1,0,0,1.3393549764118842,0.2
3800,172.23459899959857,21,1,0,0,1.3211750330160084,0.2
3801,145.12458011377282,13,1,0,0,1.3854745774501744,0.2
3802,191.52202396364035,29,1,0,0,1.485697090674883,0.2
3803,143.16274676105365,19,1,0,0,1.4505428584157691,0.2
3804,206.42155986207322,27,1,0,0,1.4895207226494351,0.2
3805,189.79155193762983,24,1,0,0,1.205853197209473,0.2
3806,189.80694659566603,31,1,0,0,1.3875440781005626,0.2
3807,177.0588790945172,25,1,0,0,1.395989988952749,0.2
3808,192.69264330422368,28,1,0,0,1.3228504819932971,0.2
3809,150.63045012891902,27,1,0,0,1.4844076097048502,0.2
3810,164.3754619912996,19,1,0,0,1.3728370258180655,0.2
3811,182.2429085296393,27,1,0,0,1.2562286545628196,0.2
3812,206.70063159418763,27,1,0,0,1.434664546722235,0.2
3813,153.47776114500067,19,1,0,0,1.3035545242361903,0.2
3814,137.73205365251312,16,1,0,0,1.4278548941015234,0.2
3815,175.22627956267428,26,1,0,0,1.2642424746637457,0.2
3816,256.6407547158291,52,1,0,0,1.4671187540681874,0.2
3817,197.66170945354637,24,1,0,0,1.2145535217746812,0.2
3818,133.87066000122098,12,1,0,0,1.4652577415329082,0.2
3819,231.38186128785398,39,1,0,0,1.4278717309463793,0.2
3820,171.46207585286513,31,1,0,0,1.324556775510151,0.2
3821,148.94471474528228,21,1,0,0,1.4424663585212258,0.2
3822,100.98971087238266,3,1,0,0,1.4226161120712428,0.2
3823,195.04710185880856,27,1,0,0,1.2945548251533996,0.2
3824,151.99898530189614,24,1,0,0,1.220574978828247,0.2
3825,142.31866872890032,23,1,0,0,1.462529516683584,0.2
3826,186.49366787964166,30,1,0,0,1.270682468910936,0.2
3827,158.191645602145,18,1,0,0,1.4213581687671468,0.2
3828,44.008282344275486,200,0,0,1,2.180700040196528,0.2
3829,155.68375501565941,18,1,0,0,1.4263212821247224,0.2
3830,147.86345214490146,25,1,0,0,1.4372940685330953,0.2
3831,244.31030981760796,56,1,0,0,1.46754080593145,0.2
3832,135.03447695276134,17,1,0,0,1.2769287570678396,0.2
3833,194.03056321816484,26,1,0,0,1.2944994424783092,0.2
3834,180.8913821369087,24,1,0,0,1.4731241809637998,0.2
3835,145.92551275900385,19,1,0,0,1.4794038649246863,0.2
3836,178.12995210099217,24,1,0,0,1.3948648901320095,0.2
3837,169.54200091109652,20,1,0,0,1.2381074412566218,0.2
3838,209.60349224478713,35,1,0,0,1.4463854182108342,0.2
3839,147.02291827553614,17,1,0,0,1.0543300236820106,0.2
3840,152.58443106269198,18,1,0,0,1.39774769507534,0.2
3841,176.2067069855541,23,1,0,0,1.3023971456281642,0.2
3842,174.25657994088283,21,1,0,0,1.134286955942185,0.2
3843,188.05315938013337,24,1,0,0,1.4882959481774563,0.2
3844,141.30523761668707,16,1,0,0,1.35841290930992,0.2
3845,185.35320057570488,23,1,0,0,1.211979779477574,0.2
3846,188.5700002581001,26,1,0,0,1.144757590830563,0.2
3847,167.64745209657661,20,1,0,0,1.435973108200537,0.2
3848,-50.0,1,0,1,0,1.8855240220567495,0.2
3849,131.35351694378087,23,1,0,0,1.421336585931543,0.2
3850,244.45750908145868,45,1,0,0,1.4516564568842665,0.2
3851,124.22106001739297,168,1,0,0,1.450697090179334,0.2
3852,145.1325911018196,48,1,0,0,1.4911824382354089,0.2
3853,201.24192002465293,37,1,0,0,1.3994419004706524,0.2
3854,184.16774068961647,26,1,0,0,1.3912625658432352,0.2
3855,167.59483846277183,25,1,0,0,1.3236661718689777,0.2
3856,176.48432712161437,22,1,0,0,1.0867001894391926,0.2
3857,176.64659899295853,23,1,0,0,1.1730195157941903,0.2
3858,192.84719407745035,28,1,0,0,1.2228461848993697,0.2
3859,192.46851505541196,35,1,0,0,1.4062926680485288,0.2
3860,160.15811466729636,24,1,0,0,1.3232895143191101,0.2
3861,191.46507353788434,34,1,0,0,1.3484778825023318,0.2
3862,142.62045309960442,13,1,0,0,1.3399839578519614,0.2
3863,146.36399971340273,18,1,0,0,1.269225806133782,0.2
3864,168.28262534940222,85,1,0,0,1.4066604008903147,0.2
3865,183.025216166673,22,1,0,0,1.289419288885048,0.2
3866,-50.0,1,0,1,0,8.534914597745912,0.2
3867,181.45875991583517,25,1,0,0,1.1381003118036357,0.2
3868,193.7510828949576,28,1,0,0,1.1438948996153082,0.2
3869,160.7534561851296,58,1,0,0,1.3354498896353726,0.2
3870,131.66600283321142,15,1,0,0,1.366188176604381,0.2
3871,142.84468749861787,22,1,0,0,1.4675945563250166,0.2
3872,153.1079418094612,21,1,0,0,1.4965588917441779,0.2
3873,178.65952905719232,30,1,0,0,1.2316168439600852,0.2
3874,168.81548228889199,39,1,0,0,1.3844977406065375,0.2
3875,174.02404336361664,33,1,0,0,1.2513606838489795,0.2
3876,182.30594245063742,32,1,0,0,1.2459393315944363,0.2
3877,148.27545104608197,14,1,0,0,1.3302445277862303,0.2
3878,160.69979018521568,22,1,0,0,1.4541599962692664,0.2
3879,174.00386379698637,27,1,0,0,1.3336360727014929,0.2
3880,177.35166480791082,36,1,0,0,1.3463324482605687,0.2
3881,166.2655639267894,31,1,0,0,1.4016802568977356,0.2
3882,192.19267585321538,36,1,0,0,1.3217187770718704,0.2
3883,145.12275765339677,19,1,0,0,1.4000162263542422,0.2
3884,230.4564365022939,48,1,0,0,1.4585971785408631,0.2
3885,170.33912448836458,23,1,0,0,1.2883979482632297,0.2
3886,154.05579783610233,26,1,0,0,1.4927196527356767,0.2
3887,172.70169402837996,27,1,0,0,1.345059759881226,0.2
3888,187.9670437563347,41,1,0,0,1.4333282613901444,0.2
3889,200.89430148871077,29,1,0,0,1.4608179772218297,0.2
3890,19.716032814838513,200,0,0,1,1.7157825826730102,0.2
3891,181.44379115230947,26,1,0,0,1.321316953671565,0.2
3892,254.7703720990022,57,1,0,0,1.4462456686049998,0.2
3893,115.1467891999007,10,1,0,0,1.1828004601936972,0.2
3894,58.96939730019609,153,1,0,0,1.3692268520221456,0.2
3895,159.6206329850455,28,1,0,0,1.252193245058518,0.2
3896,186.59000245817168,23,1,0,0,1.4529810019886187,0.2
3897,153.6703354578291,17,1,0,0,1.4825353695362407,0.2
3898,157.20027869879118,21,1,0,0,1.2846820355217219,0.2
3899,158.48725437754098,21,1,0,0,1.3401207995263096,0.2
3900,133.5100387171849,15,1,0,0,1.3618643914453181,0.2
3901,223.04960077116195,49,1,0,0,1.356544078194384,0.2
3902,178.05501763369458,22,1,0,0,1.1905416739244186,0.2
3903,166.29091142873392,26,1,0,0,1.2012159515603105,0.2
3904,155.91872446846526,15,1,0,0,1.204216240615099,0.2
3905,171.41100039951556,25,1,0,0,1.380256984312965,0.2
3906,166.3251510983617,26,1,0,0,1.4780471139386768,0.2
3907,161.518930477029,18,1,0,0,1.3436811147840897,0.2
3908,145.59943995029408,18,1,0,0,1.4491085932434176,0.2
3909,197.5691024907381,34,1,0,0,1.4488378011219358,0.2
3910,242.53870705087132,45,1,0,0,1.3454393979123354,0.2
3911,134.66441535973908,16,1,0,0,1.3163517797405686,0.2
3912,163.91520633805828,25,1,0,0,1.4277249471316873,0.2
3913,198.47311066121603,30,1,0,0,1.4994625784629667,0.2
3914,183.56538615566413,25,1,0,0,1.2666910914634693,0.2
3915,197.03239116189278,32,1,0,0,1.4333602710345137,0.2
3916,179.54679186256078,43,1,0,0,1.4852201328940546,0.2
3917,111.4461841074478,10,1,0,0,1.4563545366130366,0.2
3918,155.46921302643773,21,1,0,0,1.4410839165349842,0.2
3919,162.57935457520176,29,1,0,0,1.4495904386830951,0.2
3920,161.85537808942456,21,1,0,0,1.2131724656863898,0.2
3921,154.97388292846637,18,1,0,0,1.3142768055078826,0.2
3922,143.75687932243065,24,1,0,0,1.425717318391919,0.2
3923,151.81695294609088,19,1,0,0,1.2424497923714881,0.2
3924,151.14933974689185,18,1,0,0,1.3109043480230758,0.2
3925,139.28869717361235,17,1,0,0,1.3543365002662104,0.2
3926,162.13308206093745,22,1,0,0,1.2019704373523876,0.2
3927,192.08901829566804,26,1,0,0,1.334712114360938,0.2
3928,243.67571954909872,134,1,0,0,1.4324208249543007,0.2
3929,-39.95260941739695,200,0,0,1,3.0365942371026726,0.2
3930,134.72980165536222,14,1,0,0,1.2812465156654598,0.2
3931,146.93265903108087,195,1,0,0,1.4386718706798516,0.2
3932,161.6263949715062,26,1,0,0,1.2221699964185666,0.2
3933,164.9222676814715,20,1,0,0,1.257650912472665,0.2
3934,140.4769745087212,16,1,0,0,1.4882997032358807,0.2
3935,162.89797021140782,24,1,0,0,1.3350740370798617,0.2
3936,149.59956909126845,26,1,0,0,1.3236404830381885,0.2
3937,153.52795856031787,24,1,0,0,1.322956511250812,0.2
3938,160.7173504757846,26,1,0,0,1.358220672210814,0.2
3939,152.79301351264616,14,1,0,0,1.1889633130933461,0.2
3940,5.374034868573886,200,0,0,1,2.400097226485802,0.2
3941,153.23606311576592,22,1,0,0,1.3071211148135928,0.2
3942,164.00135113072557,22,1,0,0,1.3147584588505428,0.2
3943,197.04885604961623,25,1,0,0,1.4832867063472126,0.2
3944,174.5400180978561,29,1,0,0,1.4726550680068309,0.2
3945,150.65078518607368,16,1,0,0,1.3286438671692227,0.2
3946,193.37473866502893,25,1,0,0,1.166882659431323,0.2
3947,160.3895114992458,20,1,0,0,1.4272201636727084,0.2
3948,169.03518693848736,20,1,0,0,1.2998746245317492,0.2
3949,181.978804948466,23,1,0,0,1.1676021446501754,0.2
3950,144.00745281895885,96,1,0,0,1.4777442169904822,0.2
3951,98.3850686615551,14,1,0,0,1.4335631979712888,0.2
3952,238.7913779000789,48,1,0,0,1.4682719317833604,0.2
3953,136.5591534411076,44,1,0,0,1.434721859000542,0.2
3954,190.46151439754252,38,1,0,0,1.448321606985939,0.2
3955,199.01842063055062,45,1,0,0,1.3345745007914973,0.2
3956,208.8512335522624,40,1,0,0,1.4856948501631329,0.2
3957,163.32211523473407,30,1,0,0,1.4967499551928936,0.2
3958,162.5935613457195,24,1,0,0,1.3358565376354423,0.2
3959,160.53522526457513,16,1,0,0,1.4774108661712102,0.2
3960,251.58403323559287,53,1,0,0,1.4434647626495354,0.2
3961,165.79885782638706,23,1,0,0,1.1688693094760274,0.2
3962,180.78026836679425,27,1,0,0,1.3128199292354523,0.2
3963,152.81693923917345,17,1,0,0,1.4522155230322304,0.2
3964,185.51275699784748,31,1,0,0,1.3233822743178418,0.2
3965,211.86073510984016,30,1,0,0,1.375383124458797,0.2
3966,150.9011034949839,21,1,0,0,1.1826514276382691,0.2
3967,161.1550181425246,24,1,0,0,1.4608492409487943,0.2
3968,201.65440039187308,28,1,0,0,1.3928023556385887,0.2
3969,160.47772418808898,24,1,0,0,1.3562853105615347,0.2
3970,120.45571184188161,17,1,0,0,1.3657616679635831,0.2
3971,148.19680998133106,25,1,0,0,1.4530785376991062,0.2
3972,130.25322464847793,11,1,0,0,1.3690375776355312,0.2
3973,153.69355418096933,29,1,0,0,1.4365328997448368,0.2
3974,146.03806258004073,20,1,0,0,1.300910859473794,0.2
3975,134.3644304886621,12,1,0,0,1.34577242109818,0.2
3976,190.45188100409732,25,1,0,0,1.2278552521661683,0.2
3977,152.09394948220455,18,1,0,0,1.207715006884592,0.2
3978,117.88579343984362,13,1,0,0,1.379777854075953,0.2
3979,194.46004931745188,35,1,0,0,1.481972079794568,0.2
3980,145.6070035674102,20,1,0,0,1.476149839382035,0.2
3981,164.18850910268662,25,1,0,0,1.1050810134295725,0.2
3982,155.43650219241587,20,1,0,0,1.2421757385555454,0.2
3983,173.89835623044854,32,1,0,0,1.4591557570244453,0.2
3984,259.2614785193758,56,1,0,0,1.203980772231587,0.2
3985,176.34770599818307,27,1,0,0,1.4229250419651267,0.2
3986,188.15468398979647,33,1,0,0,1.382951981618493,0.2
3987,140.48305395271058,15,1,0,0,1.4408482667264588,0.2
3988,157.96972052269956,24,1,0,0,1.2597858652323033,0.2
3989,166.3737092978736,29,1,0,0,1.4742789046829257,0.2
3990,133.88320097114604,13,1,0,0,1.2310442747441677,0.2
3991,152.82404957269645,22,1,0,0,1.2512720965680006,0.2
3992,182.50880083733182,27,1,0,0,1.3373654380723257,0.2
3993,207.80445189901042,26,1,0,0,1.3336692238062948,0.2
3994,144.60644694192976,23,1,0,0,1.4933181053092353,0.2
3995,181.29296696656485,26,1,0,0,1.3613018780859445,0.2
3996,196.71063364448878,26,1,0,0,1.4968845778313498,0.2
3997,255.08848295777463,53,1,0,0,1.4513915953461969,0.2
3998,173.72043178012058,22,1,0,0,1.383958775109956,0.2
3999,183.42986541351274,23,1,0,0,1.4778967300975303,0.2
4000,120.54312014595374,9,1,0,0,1.2884571931489588,0.2
4001,203.1863869610257,34,1,0,0,1.4512620380938903,0.2
4002,146.009702398591,18,1,0,0,1.3538581900367177,0.2
4003,166.61304044480244,25,1,0,0,1.3036643007734292,0.2
4004,161.28996419594813,19,1,0,0,1.1929130794552762,0.2
4005,183.25818196971994,24,1,0,0,1.2736901434668195,0.2
4006,224.9667947222745,42,1,0,0,1.4838497997331241,0.2
4007,184.7035462356979,26,1,0,0,1.4543367824968416,0.2
4008,180.18586304047187,33,1,0,0,1.4914109881825133,0.2
4009,161.20540111625843,25,1,0,0,1.2262595347763416,0.2
4010,149.52154447493996,14,1,0,0,1.1787585824552458,0.2
4011,169.31855556097858,25,1,0,0,1.4771693310924845,0.2
4012,255.8435311577721,54,1,0,0,1.441749325036126,0.2
4013,186.63199134528895,27,1,0,0,1.4294786843309755,0.2
4014,168.14185355656173,22,1,0,0,1.2055769914012437,0.2
4015,154.5272560542922,23,1,0,0,1.3934267567400351,0.2
4016,152.50467930095567,16,1,0,0,1.1223659639980939,0.2
4017,203.5869337389941,31,1,0,0,1.2817624549336972,0.2
4018,216.47511354397847,42,1,0,0,1.2743631326210605,0.2
4019,109.58450514233326,4,1,0,0,1.4218989422193529,0.2
4020,206.18199688978456,28,1,0,0,1.270979017499031,0.2
4021,174.02569674509562,25,1,0,0,1.411406878180697,0.2
4022,176.378704106883,38,1,0,0,1.2997854059608995,0.2
4023,240.65893875635476,51,1,0,0,1.4896054491357442,0.2
4024,189.88912352799895,37,1,0,0,1.2755970512659365,0.2
4025,163.56485487016118,34,1,0,0,1.29053188624253,0.2
4026,261.42359693279434,57,1,0,0,1.4773386132395603,0.2
4027,-7.19956997268423,14,0,1,0,5.512427321038394,0.2
4028,147.31658145940034,27,1,0,0,1.440210291736472,0.2
4029,160.77616558262505,22,1,0,0,1.331267019888782,0.2
4030,169.41008909677453,32,1,0,0,1.4646095982184488,0.2
4031,244.54344826179366,41,1,0,0,1.2241880269102023,0.2
4032,161.8706280679765,19,1,0,0,1.1135961777019945,0.2
4033,150.69425761444376,23,1,0,0,1.3039007819581636,0.2
4034,222.28351223157267,44,1,0,0,1.4891190239378642,0.2
4035,245.7315662264892,50,1,0,0,1.3994875578621668,0.2
4036,157.53833698266186,23,1,0,0,1.2145298179108444,0.2
4037,130.74204538016176,17,1,0,0,1.4808062581974522,0.2
4038,240.20791622273234,55,1,0,0,1.4037397585293165,0.2
4039,275.2576755663083,57,1,0,0,1.312995425772433,0.2
4040,158.9245844463934,77,1,0,0,1.4837401478726255,0.2
4041,192.15329880499777,30,1,0,0,1.4630827474652095,0.2
4042,278.09416451027784,60,1,0,0,1.2635487990141587,0.2
4043,185.3901534356057,30,1,0,0,1.2042466985434594,0.2
4044,166.40170073075893,38,1,0,0,1.4588018161846765,0.2
4045,177.96093844939577,24,1,0,0,1.325248535447949,0.2
4046,152.46155886953073,21,1,0,0,1.2365927585476881,0.2
4047,155.28768070037705,21,1,0,0,1.3221291060568288,0.2
4048,157.88358479805743,31,1,0,0,1.1637808185409686,0.2
4049,154.3036231320154,22,1,0,0,1.2070530729177826,0.2
4050,5.54521282253995,200,0,0,1,2.364815446225639,0.2
4051,171.8290935374735,23,1,0,0,1.2258871984555826,0.2
4052,103.98232909220798,2,1,0,0,1.4120289732491438,0.2
4053,196.65394929155966,27,1,0,0,1.410827221551036,0.2
4054,159.5665824553929,31,1,0,0,1.4201460380826052,0.2
4055,-50.0,1,0,1,0,2.3451042202081354,0.2
4056,128.3077739268168,15,1,0,0,1.4996573295267284,0.2
4057,182.86028967920333,31,1,0,0,1.4503254405006498,0.2
4058,162.5898049896524,26,1,0,0,1.359597115623591,0.2
4059,231.42601574754673,43,1,0,0,1.361375497105869,0.2
4060,156.3574528217107,20,1,0,0,1.3860915149972568,0.2
4061,161.2392482283066,29,1,0,0,1.1879976024298304,0.2
4062,200.26379626186514,36,1,0,0,1.2477749496636759,0.2
4063,149.6690794773088,21,1,0,0,1.4114108930401355,0.2
4064,184.67718415500394,33,1,0,0,1.4692632643016104,0.2
4065,119.84394852358406,6,1,0,0,1.4106972159119968,0.2
4066,200.161955775142,30,1,0,0,1.3194467213824497,0.2
4067,256.3793086720245,54,1,0,0,1.460049230288707,0.2
4068,159.6065698072886,23,1,0,0,1.4769017010935634,0.2
4069,144.74019952330474,17,1,0,0,1.1626920974885788,0.2
4070,170.69835327577215,30,1,0,0,1.4909615858746457,0.2
4071,163.2718515245772,52,1,0,0,1.4009157583483165,0.2
4072,164.82858552987284,32,1,0,0,1.4845976878827307,0.2
4073,179.04406487100724,30,1,0,0,1.2676505652918117,0.2
4074,-50.0,1,0,1,0,6.29882280524472,0.2
4075,232.99996501962545,44,1,0,0,1.3485056969949185,0.2
4076,212.203974093794,37,1,0,0,1.2464771594434598,0.2
4077,-50.0,1,0,1,0,4.988619099789176,0.2
4078,182.1735644990419,29,1,0,0,1.4280884094052777,0.2
4079,174.57178767157814,21,1,0,0,1.268032350966141,0.2
4080,136.84264316078543,100,1,0,0,1.440224318970161,0.2
4081,216.23536584420629,32,1,0,0,1.2822483890388061,0.2
4082,249.51788058630098,42,1,0,0,1.4273167011891226,0.2
4083,176.511634746661,28,1,0,0,1.2808056965319254,0.2
4084,202.4393563696042,28,1,0,0,1.1957432275456819,0.2
4085,117.12636075493405,13,1,0,0,1.4312402322914053,0.2
4086,161.99089345548566,21,1,0,0,1.3347924715867796,0.2
4087,145.90967378949023,18,1,0,0,1.3908441224640757,0.2
4088,211.7723473093538,40,1,0,0,1.3013095592721646,0.2
4089,146.85251473894863,21,1,0,0,1.352215509213491,0.2
4090,216.05778381360068,45,1,0,0,1.2001931036284414,0.2
4091,147.68181093121834,17,1,0,0,1.335825012482847,0.2
4092,156.66693276057651,20,1,0,0,1.3947512515042957,0.2
4093,211.35781327146162,127,1,0,0,1.4694580227078737,0.2
4094,179.56420081378033,24,1,0,0,1.2966346132399302,0.2
4095,137.32138814860988,17,1,0,0,1.2390521701386914,0.2
4096,-50.0,1,0,1,0,3.745657510525544,0.2
4097,167.10502803181646,27,1,0,0,1.115835608435159,0.2
4098,160.23323016923993,31,1,0,0,1.4768622062445065,0.2
4099,163.0793074091182,21,1,0,0,1.4030199679129933,0.2
4100,186.564513756777,25,1,0,0,1.3234548907988093,0.2
4101,185.76916539255308,23,1,0,0,1.4650627217261256,0.2
4102,152.46599989693487,20,1,0,0,1.308745221986043,0.2
4103,161.12522677890038,30,1,0,0,1.2711226122915962,0.2
4104,167.97026689671432,26,1,0,0,1.2661781928823659,0.2
4105,158.59209876081906,18,1,0,0,1.2704304832427344,0.2
4106,183.5148739152795,26,1,0,0,1.149070022156403,0.2
4107,166.93893080455706,23,1,0,0,1.3836023904996413,0.2
4108,139.29766838186646,29,1,0,0,1.4274233670646528,0.2
4109,187.56719357364256,23,1,0,0,1.1863224986274026,0.2
4110,158.81417526974207,24,1,0,0,1.360991965121485,0.2
4111,186.34304513441606,67,1,0,0,1.4418937607183797,0.2
4112,188.95912545694355,25,1,0,0,1.4039945246999617,0.2
4113,-50.0,1,0,1,0,5.643855630545093,0.2
4114,280.9349478086311,64,1,0,0,1.348881611815523,0.2
4115,202.32695881253946,27,1,0,0,1.4422724011018442,0.2
4116,163.87996877568185,24,1,0,0,1.304171416370062,0.2
4117,176.81449500414735,23,1,0,0,1.424421902882982,0.2
4118,238.6231005865336,48,1,0,0,1.2590463480506622,0.2
4119,185.91071858917928,31,1,0,0,1.351830922432028,0.2
4120,170.9334957913553,29,1,0,0,1.3915639530201342,0.2
4121,166.03282709169287,24,1,0,0,1.3234171926300955,0.2
4122,180.6976772684244,29,1,0,0,1.377940660645432,0.2
4123,159.64282348467094,22,1,0,0,1.4235228799978235,0.2
4124,105.48866298576529,9,1,0,0,1.4959431842259572,0.2
4125,180.7278694265629,31,1,0,0,1.4517103246053698,0.2
4126,167.08249847429659,25,1,0,0,1.2319501726161142,0.2
4127,167.31798304191008,20,1,0,0,1.1707183642620023,0.2
4128,169.16159968476455,27,1,0,0,1.2830448974650923,0.2
4129,167.62042988751875,21,1,0,0,1.4541802496083054,0.2
4130,165.4464407195141,33,1,0,0,1.4858117216066704,0.2
4131,174.87957916180247,27,1,0,0,1.2353140481345448,0.2
4132,109.55318312452358,4,1,0,0,1.497902273612092,0.2
4133,189.0214908913424,25,1,0,0,1.2748628580941403,0.2
4134,168.84572751694446,19,1,0,0,1.1196146026689093,0.2
4135,175.01049265341277,29,1,0,0,1.1651769330289912,0.2
4136,126.18139448037036,12,1,0,0,1.4813941702577453,0.2
4137,160.11513560787753,23,1,0,0,1.4584254505877163,0.2
4138,155.34597132206784,20,1,0,0,1.3174422760230915,0.2
4139,148.41971359271483,15,1,0,0,1.434493513073396,0.2
4140,246.3108016387124,55,1,0,0,1.2826052639316121,0.2
4141,178.68276557639223,31,1,0,0,1.2576349880106386,0.2
4142,148.67049429898543,26,1,0,0,1.463357956124558,0.2
4143,156.8441654775137,20,1,0,0,1.4490672467601042,0.2
4144,160.79318224001673,19,1,0,0,1.2786431002674397,0.2
4145,171.77500520207562,24,1,0,0,1.215326945267033,0.2
4146,102.40555417010457,2,1,0,0,1.4448570048875427,0.2
4147,181.85908644756657,27,1,0,0,1.3266788150344766,0.2
4148,54.09881375535622,200,0,0,1,2.009991251235138,0.2
4149,-9.86303596756356,200,0,0,1,2.105510981812389,0.2
4150,222.6256386804863,34,1,0,0,1.2300732740343616,0.2
4151,168.993225130807,24,1,0,0,1.4320926882444733,0.2
4152,101.02355820266796,2,1,0,0,1.3994421445961782,0.2
4153,121.86316373375816,10,1,0,0,1.0995460710172522,0.2
4154,173.25688730154138,21,1,0,0,1.3855858144153235,0.2
4155,160.9459224997439,23,1,0,0,1.4364799874618603,0.2
4156,170.91817088972692,68,1,0,0,1.3797537190855915,0.2
4157,230.49000696488886,40,1,0,0,1.3896489929144054,0.2
4158,151.6331563188778,20,1,0,0,1.2848462580064042,0.2
4159,219.36965244476937,42,1,0,0,1.486138775308564,0.2
4160,185.72339356836716,28,1,0,0,1.375599568750853,0.2
4161,137.7304381530669,15,1,0,0,1.4032985704235983,0.2
4162,191.37746155272023,29,1,0,0,1.2784695003812308,0.2
4163,181.50115146885943,22,1,0,0,1.2177906429229903,0.2
4164,202.37941632932774,40,1,0,0,1.317085203253839,0.2
4165,150.48222937150285,13,1,0,0,1.4881293020357422,0.2
4166,137.63205814906345,19,1,0,0,1.4815892908876287,0.2
4167,221.02635354486887,42,1,0,0,1.4869448431740544,0.2
4168,221.55552231007894,38,1,0,0,1.3331492672452445,0.2
4169,169.23516472843278,31,1,0,0,1.1336534780910852,0.2
4170,144.94136177843538,19,1,0,0,1.2111240830762913,0.2
4171,239.17786528958865,45,1,0,0,1.2619819427450554,0.2
4172,257.960137698877,53,1,0,0,1.4339447560351193,0.2
4173,224.30286841434167,42,1,0,0,1.1774754492206292,0.2
4174,167.83054125346905,24,1,0,0,1.4055739228542126,0.2
4175,123.91972169799908,193,1,0,0,1.4211141698601832,0.2
4176,-50.0,1,0,1,0,5.283321520274381,0.2
4177,237.74060653288578,47,1,0,0,1.3571618610116074,0.2
4178,264.55728109431516,56,1,0,0,1.3644229888835446,0.2
4179,156.923091613804,21,1,0,0,1.1412791022483453,0.2
4180,197.40348685338836,31,1,0,0,1.4853103905958898,0.2
4181,169.062320765772,19,1,0,0,1.346036465836646,0.2
4182,199.75383962083527,36,1,0,0,1.3358967370430803,0.2
4183,228.95644025339735,36,1,0,0,1.4230119631615812,0.2
4184,188.66490107464637,26,1,0,0,1.433613995271137,0.2
4185,198.37983474451062,33,1,0,0,1.3781061278345423,0.2
4186,159.34627875566312,23,1,0,0,1.17224555730985,0.2
4187,157.1144139253288,25,1,0,0,1.266766736644197,0.2
4188,220.13341841387802,36,1,0,0,1.4459215415980216,0.2
4189,157.35966938514036,20,1,0,0,1.2700484903624356,0.2
4190,-50.0,1,0,1,0,4.253785177806191,0.2
4191,169.8467281111739,22,1,0,0,1.4663280956691098,0.2
4192,139.45751966291687,10,1,0,0,1.2884042460513787,0.2
4193,133.97466238215424,17,1,0,0,1.2672482342645477,0.2
4194,128.82552456759282,125,1,0,0,1.4475964559942545,0.2
4195,-50.0,1,0,1,0,5.319062624119984,0.2
4196,175.91596095070264,25,1,0,0,1.390921287247862,0.2
4197,170.07852204427294,27,1,0,0,1.2752764754590782,0.2
4198,159.63562782294764,19,1,0,0,1.1695436201484508,0.2
4199,155.46569948081546,20,1,0,0,1.3034130591111557,0.2
4200,160.67930704670124,19,1,0,0,1.36633592409851,0.2
4201,166.67667512075704,25,1,0,0,1.3489311056012991,0.2
4202,127.95259779812284,12,1,0,0,1.3334447236590568,0.2
4203,147.9666681231757,19,1,0,0,1.2645059124936084,0.2
4204,206.08508018019205,34,1,0,0,1.441220306356293,0.2
4205,58.3486310933972,200,0,0,1,2.0968176291558,0.2
4206,157.775998041844,19,1,0,0,1.2115453374225251,0.2
4207,177.16151822654535,28,1,0,0,1.339538057716058,0.2
4208,173.45932151488512,25,1,0,0,1.2506048611702512,0.2
4209,161.6635428841468,18,1,0,0,1.3260845529510799,0.2
4210,-50.0,1,0,1,0,3.0917546700559817,0.2
4211,170.65445825684284,17,1,0,0,1.3193868570908431,0.2
4212,169.5836571303313,20,1,0,0,1.4480168160191473,0.2
4213,163.17412124126284,34,1,0,0,1.4724370734605317,0.2
4214,168.22057445466908,34,1,0,0,1.3317040678375578,0.2
4215,172.00651195108065,25,1,0,0,1.4345594032529567,0.2
4216,178.01641423094154,29,1,0,0,1.1730410194070482,0.2
4217,229.0712872144523,48,1,0,0,1.3828926787353606,0.2
4218,154.10129994789108,24,1,0,0,1.2606033784315147,0.2
4219,149.2178847285984,17,1,0,0,1.2368356762101298,0.2
4220,143.14642100632273,11,1,0,0,1.20627798830696,0.2
4221,150.50121552377902,17,1,0,0,1.4376881881605834,0.2
4222,140.78558922555018,16,1,0,0,1.4951864076892651,0.2
4223,168.00650380295,25,1,0,0,1.471584060335307,0.2
4224,206.52434088811935,39,1,0,0,1.1772868927071298,0.2
4225,163.15936973066897,20,1,0,0,1.277267926085299,0.2
4226,192.10576071999367,29,1,0,0,1.4799867251709713,0.2
4227,200.53973663179073,31,1,0,0,1.4160854394049165,0.2
4228,143.24950289765084,20,1,0,0,1.2946961669744685,0.2
4229,164.74675024938233,26,1,0,0,1.3492631006047109,0.2
4230,158.36865784171533,29,1,0,0,1.248063626189749,0.2
4231,139.68004387113092,28,1,0,0,1.468660531906028,0.2
4232,156.20197035786884,23,1,0,0,1.226708176496627,0.2
4233,122.99748579259384,27,1,0,0,1.476674678821544,0.2
4234,209.39665291484087,32,1,0,0,1.2321833558786301,0.2
4235,159.40808776420633,21,1,0,0,1.3499822230138003,0.2
4236,179.27408040051864,24,1,0,0,1.2665225116689567,0.2
4237,233.5079232865535,50,1,0,0,1.2583567948972127,0.2
4238,178.54054544177524,27,1,0,0,1.3870552590076368,0.2
4239,160.14975747697787,140,1,0,0,1.4569161805330357,0.2
4240,109.70786534743812,9,1,0,0,1.3886368539131109,0.2
4241,135.01131743220213,14,1,0,0,1.4494812677594735,0.2
4242,173.20216099681528,22,1,0,0,1.4642866472718516,0.2
4243,162.66080108078876,21,1,0,0,1.3427872978752733,0.2
4244,230.35369595422324,47,1,0,0,1.4303096643041657,0.2
4245,185.31733638183493,24,1,0,0,1.4008174034439291,0.2
4246,152.00456007793028,21,1,0,0,1.4903257787851967,0.2
4247,196.42278460868872,29,1,0,0,1.3335219985156799,0.2
4248,161.88769724862618,20,1,0,0,1.290142904116027,0.2
4249,207.76129191594686,35,1,0,0,1.447124808055101,0.2
4250,165.93376733802964,23,1,0,0,1.2673540181198595,0.2
4251,158.49217333263738,20,1,0,0,1.4154625503095521,0.2
4252,156.80512397456766,19,1,0,0,1.4786072104848902,0.2
4253,155.3861366873707,25,1,0,0,1.3722796679278104,0.2
4254,157.42410022148897,19,1,0,0,1.422118728225617,0.2
4255,157.74738056439335,20,1,0,0,1.3926806600514239,0.2
4256,131.2087064708527,17,1,0,0,1.3714731010392442,0.2
4257,196.6685415985835,28,1,0,0,1.4807906260806143,0.2
4258,190.11060290962405,28,1,0,0,1.3304175191067356,0.2
4259,147.61771796453806,16,1,0,0,1.320191055936848,0.2
4260,154.2027554322816,22,1,0,0,1.3752033930303509,0.2
4261,170.40146247594396,27,1,0,0,1.2774380357303008,0.2
4262,141.7921150620984,80,1,0,0,1.302379096841508,0.2
4263,170.66476827907454,26,1,0,0,1.4727569625955617,0.2
4264,168.73113355026658,27,1,0,0,1.4667262609050402,0.2
4265,174.02860213002788,21,1,0,0,1.2164773455590714,0.2
4266,158.65892703434614,17,1,0,0,1.3692090689307195,0.2
4267,111.61309902484254,7,1,0,0,1.2206263277069287,0.2
4268,149.94213601429297,16,1,0,0,1.3749450124354887,0.2
4269,-50.0,1,0,1,0,6.0134771850308,0.2
4270,182.72636381094807,21,1,0,0,1.3121957175521541,0.2
4271,117.58831626307246,12,1,0,0,1.3480722785053354,0.2
4272,-50.0,1,0,1,0,3.4348171531988543,0.2
4273,118.29725915487388,7,1,0,0,1.330482172828865,0.2
4274,173.7137223504031,24,1,0,0,1.1434594518436174,0.2
4275,-12.584543592335796,200,0,0,1,3.8119773396049665,0.2
4276,129.92116158681222,9,1,0,0,1.3374128505933682,0.2
4277,150.56127854673178,22,1,0,0,1.4704244483171134,0.2
4278,157.24039967980184,25,1,0,0,1.4150384628988348,0.2
4279,178.9433207866449,28,1,0,0,1.1838367536650931,0.2
4280,182.370993155815,27,1,0,0,1.2626788813144645,0.2
4281,126.53385174108365,10,1,0,0,1.3798455814051696,0.2
4282,128.28814456577388,16,1,0,0,1.3714966338317078,0.2
4283,206.6456706735133,26,1,0,0,1.3041084804221288,0.2
4284,137.10445105651888,16,1,0,0,1.3351271496672426,0.2
4285,184.2345597085403,25,1,0,0,1.4597227009480482,0.2
4286,106.64124252466836,33,1,0,0,1.4875156436763837,0.2
4287,108.02561895120242,49,1,0,0,1.4719583221836983,0.2
4288,108.48722008638994,6,1,0,0,1.4575310343694141,0.2
4289,219.46160635083496,44,1,0,0,1.4629601926207056,0.2
4290,158.8950201420208,18,1,0,0,1.289403045614588,0.2
4291,227.17111711953203,35,1,0,0,1.2803855088197642,0.2
4292,190.23876551857953,32,1,0,0,1.3524351548202234,0.2
4293,203.07294042234852,25,1,0,0,1.3680271389692973,0.2
4294,174.884360013763,18,1,0,0,1.3919817554904437,0.2
4295,170.00180516957045,23,1,0,0,1.4201003058280832,0.2
4296,118.12480633010205,24,1,0,0,1.3981680159255845,0.2
4297,214.0010063296237,38,1,0,0,1.4919515442562348,0.2
4298,167.34561903041583,30,1,0,0,1.2324175248503144,0.2
4299,159.62882968611896,22,1,0,0,1.2513943457889034,0.2
4300,166.6097954545803,29,1,0,0,1.3961550380145578,0.2
4301,197.89095637689945,27,1,0,0,1.387270450170601,0.2
4302,184.1754988485115,25,1,0,0,1.3450325725830956,0.2
4303,210.31844527385232,35,1,0,0,1.2453343416361389,0.2
4304,140.50214987323827,15,1,0,0,1.257578016254516,0.2
4305,184.08470780143074,26,1,0,0,1.3625315449305662,0.2
4306,170.79419841541016,25,1,0,0,1.2850065963880084,0.2
4307,129.3646154761623,11,1,0,0,1.1059334475347504,0.2
4308,173.606390784624,25,1,0,0,1.315003687480557,0.2
4309,180.57418585118216,23,1,0,0,1.358384176819936,0.2
4310,130.12382011631917,11,1,0,0,1.4047898337312918,0.2
4311,166.08705429844173,44,1,0,0,1.1134863147961094,0.2
4312,144.18092814594254,19,1,0,0,1.4162949559698994,0.2
4313,222.58294288119066,39,1,0,0,1.447611284630408,0.2
4314,178.70484289843228,27,1,0,0,1.2665194928104562,0.2
4315,210.85537121401524,44,1,0,0,1.26088823115169,0.2
4316,164.7797145449386,18,1,0,0,1.3918563862639053,0.2
4317,123.24309795299405,10,1,0,0,1.3735574160210386,0.2
4318,160.69562995614868,23,1,0,0,1.485239507024861,0.2
4319,154.6983583107874,21,1,0,0,1.2485467228016442,0.2
4320,175.89727608618477,25,1,0,0,1.194675582668229,0.2
4321,138.49459465985086,18,1,0,0,1.4717926325053123,0.2
4322,155.24626496363786,15,1,0,0,1.3786094556072355,0.2
4323,143.29139355993922,20,1,0,0,1.3383389976575206,0.2
4324,242.23039655266217,48,1,0,0,1.3668954763742311,0.2
4325,133.7071640583031,14,1,0,0,1.1832291078427093,0.2
4326,177.9606821295816,26,1,0,0,1.3356397345936035,0.2
4327,176.9637370517186,28,1,0,0,1.2314694687277494,0.2
4328,154.89071688243035,21,1,0,0,1.488089407663351,0.2
4329,233.40373015978153,51,1,0,0,1.282811630658972,0.2
4330,194.87769930280905,30,1,0,0,1.347836021518155,0.2
4331,181.74608233997458,45,1,0,0,1.4241129563355877,0.2
4332,186.86983451529142,37,1,0,0,1.2167331689210157,0.2
4333,146.97321168399324,17,1,0,0,1.469583269278461,0.2
4334,192.2465551324816,24,1,0,0,1.2852728378723548,0.2
4335,169.32738250585024,23,1,0,0,1.2572900049544684,0.2
4336,187.34277209551033,24,1,0,0,1.2590159080101573,0.2
4337,158.85671889305806,25,1,0,0,1.334023671170839,0.2
4338,232.46966677771954,41,1,0,0,1.2982252132911505,0.2
4339,166.69391949524254,20,1,0,0,1.3403704869908197,0.2
4340,160.7665739484885,25,1,0,0,1.45614895063328,0.2
4341,178.07976378708844,21,1,0,0,1.3653740226105837,0.2
4342,242.17792211110844,45,1,0,0,1.458295484811877,0.2
4343,153.40688788899072,21,1,0,0,1.2125708960977701,0.2
4344,200.38935745125985,28,1,0,0,1.1845539847136892,0.2
4345,123.3029469904717,28,1,0,0,1.239356512406393,0.2
4346,147.10474420615674,19,1,0,0,1.4083440468256574,0.2
4347,167.95544147521485,25,1,0,0,1.1906974801938213,0.2
4348,152.40104324728037,145,1,0,0,1.343483270751255,0.2
4349,154.95842949115496,17,1,0,0,1.3011143983429627,0.2
4350,193.5265838571132,29,1,0,0,1.4247800700184179,0.2
4351,225.75419711543566,46,1,0,0,1.4769710584004043,0.2
4352,183.64204811798538,31,1,0,0,1.2240328398279283,0.2
4353,165.19782939822124,20,1,0,0,1.3358648579430379,0.2
4354,165.18739054421792,24,1,0,0,1.355751305074075,0.2
4355,203.02041611022588,31,1,0,0,1.2657142244159767,0.2
4356,152.60863378884721,21,1,0,0,1.2945260110822014,0.2
4357,172.93339807170452,21,1,0,0,1.3952346425472462,0.2
4358,-50.0,1,0,1,0,3.9491315888816834,0.2
4359,164.35386514393147,24,1,0,0,1.3048126316631459,0.2
4360,169.86816705934896,21,1,0,0,1.2586517355595603,0.2
4361,142.46365059091283,18,1,0,0,1.3806570141225607,0.2
4362,160.94541863014703,20,1,0,0,1.248187624977054,0.2
4363,178.37342385112953,26,1,0,0,1.2259167324413267,0.2
4364,215.10440094963425,38,1,0,0,1.3039265816814574,0.2
4365,150.71245614693316,42,1,0,0,1.3301659199013451,0.2
4366,128.13499502864198,25,1,0,0,1.344989638957951,0.2
4367,187.52149720636172,24,1,0,0,1.180226344522576,0.2
4368,124.19011709518658,12,1,0,0,1.4234613243860001,0.2
4369,181.98522198546874,30,1,0,0,1.4935749017457987,0.2
4370,138.7029334659407,17,1,0,0,1.4653242370402584,0.2
4371,18.85755850798084,200,0,0,1,2.4573089368946626,0.2
4372,165.83456264396125,29,1,0,0,1.3895646665516093,0.2
4373,126.61890078516022,15,1,0,0,1.3331918638349187,0.2
4374,229.4100391796812,43,1,0,0,1.3544278753845231,0.2
4375,135.58420320708558,15,1,0,0,1.4798279628379656,0.2
4376,162.53689293429616,22,1,0,0,1.256255283716739,0.2
4377,169.61378890745289,26,1,0,0,1.4402197027920665,0.2
4378,110.83467430391605,22,1,0,0,1.2802796999949473,0.2
4379,157.25191503289946,27,1,0,0,1.1543050829870751,0.2
4380,129.0315035587022,15,1,0,0,1.4907658296435775,0.2
4381,198.206961546308,34,1,0,0,1.2369268258823467,0.2
4382,-50.0,1,0,1,0,7.546348095961338,0.2
4383,159.0374048302665,28,1,0,0,1.3139840456123428,0.2
4384,5.890071284137079,200,0,0,1,2.1644176930913748,0.2
4385,142.74548232219138,18,1,0,0,1.4762171222825202,0.2
4386,143.38518508212562,21,1,0,0,1.405396357885694,0.2
4387,192.30892518801102,27,1,0,0,1.4011629577313043,0.2
4388,219.25640733453847,36,1,0,0,1.3489382528312068,0.2
4389,158.70326892602156,22,1,0,0,1.3558380828993124,0.2
4390,180.05822377650708,26,1,0,0,1.3185053920174514,0.2
4391,114.503461916743,14,1,0,0,1.3789083003796454,0.2
4392,148.865286193106,18,1,0,0,1.2648956405648606,0.2
4393,164.17306625316255,17,1,0,0,1.206354076783443,0.2
4394,208.06338377459952,36,1,0,0,1.465929664668742,0.2
4395,164.07258317917731,20,1,0,0,1.299906174216294,0.2
4396,174.03524016668868,23,1,0,0,1.4742250216663608,0.2
4397,167.90284401083966,26,1,0,0,1.2168156193294262,0.2
4398,196.7632147370498,31,1,0,0,1.265033070056072,0.2
4399,173.02889163699103,25,1,0,0,1.2690148481607921,0.2
4400,148.24389978594758,22,1,0,0,1.2864380254174992,0.2
4401,173.9625010550943,24,1,0,0,1.367381900330373,0.2
4402,161.48151448674744,16,1,0,0,1.4185249050309516,0.2
4403,171.48232985601618,23,1,0,0,1.2952216098796707,0.2
4404,217.8761739569326,35,1,0,0,1.416855977316554,0.2
4405,156.79208060877505,23,1,0,0,1.42337523007806,0.2
4406,119.08193116302277,8,1,0,0,1.3501452626942105,0.2
4407,161.3844011956379,18,1,0,0,1.3132387335322813,0.2
4408,52.78299298542131,200,0,0,1,1.7288453945607773,0.2
4409,182.57757284847617,27,1,0,0,1.4948326140638801,0.2
4410,165.93796567667138,25,1,0,0,1.3720801450681934,0.2
4411,174.9968798504047,30,1,0,0,1.4911447066539194,0.2
4412,135.00601228016322,15,1,0,0,1.4692089270842505,0.2
4413,130.97360615845386,14,1,0,0,1.341193053239617,0.2
4414,130.328845563941,9,1,0,0,1.4664367563499507,0.2
4415,180.08847807451457,22,1,0,0,1.2931803310143424,0.2
4416,186.57873493927372,26,1,0,0,1.4888062070242132,0.2
4417,181.71407535313122,31,1,0,0,1.4192447901520722,0.2
4418,172.26668509286054,25,1,0,0,1.1156608145263065,0.2
4419,131.7899349175638,29,1,0,0,1.3839706807661583,0.2
4420,201.27946018431714,35,1,0,0,1.2837853242741446,0.2
4421,152.31764284122448,22,1,0,0,1.417001286484581,0.2
4422,132.03197110793798,14,1,0,0,1.491721411037093,0.2
4423,147.45054684087995,18,1,0,0,1.3464619848363348,0.2
4424,259.02702211766916,49,1,0,0,1.2196667613489838,0.2
4425,34.862932741752,200,0,0,1,1.8006320092823669,0.2
4426,145.39826118588599,17,1,0,0,1.432823739355623,0.2
4427,117.90282647998585,8,1,0,0,1.3324321000522021,0.2
4428,186.02888032825035,26,1,0,0,1.4115357338483143,0.2
4429,279.99518558164164,62,1,0,0,1.309108350954822,0.2
4430,112.42085148924362,10,1,0,0,1.3802445036826274,0.2
4431,-50.0,1,0,1,0,6.156102364512817,0.2
4432,137.72898707871002,22,1,0,0,1.4196536635609938,0.2
4433,185.18060625917377,23,1,0,0,1.4813965053666995,0.2
4434,155.8750275255609,15,1,0,0,1.405102035222044,0.2
4435,180.16386200028973,22,1,0,0,1.426396048886947,0.2
4436,164.4860500107984,19,1,0,0,1.2820047836789594,0.2
4437,162.61460525749243,33,1,0,0,1.4844630032901305,0.2
4438,156.54737024865923,38,1,0,0,1.4424045231404496,0.2
4439,175.34482095049654,19,1,0,0,1.478305978910011,0.2
4440,121.29830277704944,20,1,0,0,1.475674405875604,0.2
4441,141.99465843995807,15,1,0,0,1.452552099030862,0.2
4442,233.19201467180065,37,1,0,0,1.4999203287582534,0.2
4443,195.28989277358352,27,1,0,0,1.384976629315991,0.2
4444,162.32675315555767,18,1,0,0,1.448909813556499,0.2
4445,212.22205673011314,30,1,0,0,1.2427298769461252,0.2
4446,114.12329265275902,12,1,0,0,1.4892308579459719,0.2
4447,143.80114784642112,19,1,0,0,1.4725232336634004,0.2
4448,183.5756903139826,30,1,0,0,1.4780359273358759,0.2
4449,191.58156042178587,33,1,0,0,1.4365037411792185,0.2
4450,170.14293638512797,23,1,0,0,1.4151444559019355,0.2
4451,140.0447375723052,19,1,0,0,1.4591906518292934,0.2
4452,-50.0,1,0,1,0,6.925933953715591,0.2
4453,184.74317862998646,26,1,0,0,1.2672612951380073,0.2
4454,184.5956853249191,34,1,0,0,1.368943796437768,0.2
4455,111.24424408601635,8,1,0,0,1.3742956807234612,0.2
4456,216.4105679253902,40,1,0,0,1.442635376655655,0.2
4457,183.78001433532964,29,1,0,0,1.2609056499094735,0.2
4458,168.294043281445,25,1,0,0,1.4437370505867317,0.2
4459,170.7260003388257,23,1,0,0,1.168789361704213,0.2
4460,245.13634585881928,50,1,0,0,1.4277925424681912,0.2
4461,188.5640798822139,32,1,0,0,1.4848093981816266,0.2
4462,168.50170521796542,18,1,0,0,1.3622991813105856,0.2
4463,134.7995313890683,14,1,0,0,1.174644218717072,0.2
4464,169.07965330283562,19,1,0,0,1.2544259682951937,0.2
4465,150.1115085477565,24,1,0,0,1.4187285771492577,0.2
4466,181.29006075894392,23,1,0,0,1.325398333376009,0.2
4467,257.8601337176081,56,1,0,0,1.340649370581876,0.2
4468,120.81364187775515,115,1,0,0,1.4820512796134955,0.2
4469,208.19132135108072,30,1,0,0,1.2765946419268956,0.2
4470,163.26430752844908,25,1,0,0,1.336209014894703,0.2
4471,178.71960971351683,27,1,0,0,1.3560488451783248,0.2
4472,183.38013069455803,22,1,0,0,1.2744603164709378,0.2
4473,250.58787801527802,51,1,0,0,1.2282551559500872,0.2
4474,184.99216049837773,25,1,0,0,1.4064134854023935,0.2
4475,203.4542193808337,40,1,0,0,1.2625088396951591,0.2
4476,166.14224088466176,25,1,0,0,1.4031760484216484,0.2
4477,176.49832784345688,32,1,0,0,1.4258641256483202,0.2
4478,135.4972232011616,17,1,0,0,1.4839975722494463,0.2
4479,157.26088487555555,21,1,0,0,1.3234065829807709,0.2
4480,175.61021134886244,26,1,0,0,1.3639902156461308,0.2
4481,193.50592992112394,27,1,0,0,1.3237637127549782,0.2
4482,206.4548202324665,32,1,0,0,1.4755632500532536,0.2
4483,167.21191178024287,24,1,0,0,1.2823883685974184,0.2
4484,135.6925686729083,18,1,0,0,1.310177765821036,0.2
4485,268.0132525097214,65,1,0,0,1.4518371788703865,0.2
4486,207.3691228962068,37,1,0,0,1.311086210101412,0.2
4487,185.6892623876771,24,1,0,0,1.4746693041796186,0.2
4488,57.25823094007319,200,0,0,1,3.0402786506034576,0.2
4489,281.11645606594436,72,1,0,0,1.458019937466819,0.2
4490,163.4894277600668,34,1,0,0,1.3367800683422142,0.2
4491,108.73965976968454,6,1,0,0,1.485030196063433,0.2
4492,101.75725146088415,2,1,0,0,1.4693146928709513,0.2
4493,158.12038397245897,25,1,0,0,1.4221402226531026,0.2
4494,182.155763297485,27,1,0,0,1.3935139115927055,0.2
4495,187.98210811260458,29,1,0,0,1.4931685817530045,0.2
4496,121.72634602568162,14,1,0,0,1.4196981246427223,0.2
4497,222.86647839581983,46,1,0,0,1.4864899110860714,0.2
4498,178.87884226572982,28,1,0,0,1.0636685755283177,0.2
4499,173.833847983103,27,1,0,0,1.4078155617920554,0.2
4500,138.38239815215195,20,1,0,0,1.4584523466815293,0.2
4501,174.27796518059478,20,1,0,0,1.4028467145514305,0.2
4502,172.9276062020919,21,1,0,0,1.4349446365677914,0.2
4503,158.2374155858736,21,1,0,0,1.224800665149252,0.2
4504,154.90484149184854,19,1,0,0,1.4205661269996044,0.2
4505,172.06775395683286,27,1,0,0,1.2168516355360932,0.2
4506,157.3499918862567,30,1,0,0,1.4576221350755973,0.2
4507,199.4371352731857,30,1,0,0,1.4018968833124474,0.2
4508,206.49732243895943,37,1,0,0,1.4769203336052685,0.2
4509,185.16851632803292,31,1,0,0,1.3032028313406396,0.2
4510,18.972329072631332,200,0,0,1,2.127903265608457,0.2
4511,259.0989621395692,48,1,0,0,1.4609964760800713,0.2
4512,-12.40984443125571,200,0,0,1,3.091285321372325,0.2
4513,143.8032298681179,19,1,0,0,1.3752522584817826,0.2
4514,156.92516963326125,25,1,0,0,1.463192815464905,0.2
4515,202.2759291269955,31,1,0,0,1.3079610529597812,0.2
4516,172.65160842447904,30,1,0,0,1.4302991017879854,0.2
4517,144.0447365911816,16,1,0,0,1.4690862047935378,0.2
4518,107.3156311141741,3,1,0,0,1.281154169475946,0.2
4519,-50.0,1,0,1,0,4.449688508320356,0.2
4520,158.74471269603606,17,1,0,0,1.4408398960467013,0.2
4521,119.58083439217766,9,1,0,0,1.1823926482230152,0.2
4522,215.82565288718766,43,1,0,0,1.240353495286316,0.2
4523,176.00730735302437,25,1,0,0,1.4131423115295303,0.2
4524,131.7540082289801,18,1,0,0,1.2667721563047183,0.2
4525,213.64365009711423,42,1,0,0,1.3427657854012665,0.2
4526,192.63208009422704,24,1,0,0,1.3036870940915624,0.2
4527,209.0395084933139,33,1,0,0,1.2609235071616192,0.2
4528,171.5530504792174,24,1,0,0,1.4222876630141659,0.2
4529,181.54207365660596,25,1,0,0,1.4356173726702823,0.2
4530,149.3709918504494,21,1,0,0,1.4588611530662874,0.2
4531,171.9588033848671,31,1,0,0,1.321891591768701,0.2
4532,205.87117108268652,29,1,0,0,1.2978878003569863,0.2
4533,105.35247359590787,3,1,0,0,1.4174230687908842,0.2
4534,13.839175329360167,200,0,0,1,2.1432889014490053,0.2
4535,124.74579058571568,15,1,0,0,1.4276163268929123,0.2
4536,137.9762002059394,12,1,0,0,1.2364603760624158,0.2
4537,137.81891155583972,22,1,0,0,1.2491864855290997,0.2
4538,174.6002744478684,23,1,0,0,1.221185561874549,0.2
4539,209.9010705624159,41,1,0,0,1.3570334530549966,0.2
4540,211.90285043983428,30,1,0,0,1.2435301525481182,0.2
4541,-50.0,1,0,1,0,3.4697332939493712,0.2
4542,168.08974471293914,23,1,0,0,1.286293695863158,0.2
4543,192.71327803296688,26,1,0,0,1.3645526577755123,0.2
4544,117.15027638734536,8,1,0,0,1.4308350412071824,0.2
4545,201.01655604909297,33,1,0,0,1.2391663417193144,0.2
4546,143.99493142348487,15,1,0,0,1.4730878946316277,0.2
4547,132.76954700213514,19,1,0,0,1.3410740955941303,0.2
4548,-50.0,1,0,1,0,6.7690720605136985,0.2
4549,199.33965642576175,27,1,0,0,1.2385419930912627,0.2
4550,212.9114938537452,27,1,0,0,1.3508694666992016,0.2
4551,177.21977998077924,26,1,0,0,1.276659375978966,0.2
4552,173.1212967962826,22,1,0,0,1.4443552710579552,0.2
4553,237.16098711549893,47,1,0,0,1.4114691473860064,0.2
4554,150.99877948680216,43,1,0,0,1.260532951991718,0.2
4555,141.58962278552985,15,1,0,0,1.2385327227747165,0.2
4556,225.6609234610616,40,1,0,0,1.4598695074985975,0.2
4557,168.35954772572626,21,1,0,0,1.283843659283439,0.2
4558,151.121365521278,28,1,0,0,1.2953590944958042,0.2
4559,-45.1139627981608,4,0,1,0,3.7899583914104356,0.2
4560,158.8235376571497,22,1,0,0,1.4384329994900273,0.2
4561,152.97481698702057,15,1,0,0,1.358187985638402,0.2
4562,149.41246611365654,54,1,0,0,1.4380140749661119,0.2
4563,157.85293497539973,19,1,0,0,1.3367962683208672,0.2
4564,147.8850471581948,16,1,0,0,1.3817051443465895,0.2
4565,151.39723003547746,26,1,0,0,1.3256073996860032,0.2
4566,153.4883598084523,22,1,0,0,1.484669654934638,0.2
4567,159.95131266824833,21,1,0,0,1.3184780061796826,0.2
4568,154.95980189834404,20,1,0,0,1.3533317138161163,0.2
4569,227.0214322990439,46,1,0,0,1.357456513831842,0.2
4570,178.78150187774702,22,1,0,0,1.4000948299395628,0.2
4571,160.38938349342146,23,1,0,0,1.3923376833863956,0.2
4572,112.03144051088967,26,1,0,0,1.4811968742667676,0.2
4573,166.94627439677555,25,1,0,0,1.3579878908927505,0.2
4574,187.5822358583663,29,1,0,0,1.4016468170523197,0.2
4575,196.04804009578442,28,1,0,0,1.344043746253991,0.2
4576,161.97679988426472,22,1,0,0,1.4092908840798253,0.2
4577,180.6776097643154,29,1,0,0,1.4797356377951558,0.2
4578,256.76781422178317,56,1,0,0,1.3874534473713682,0.2
4579,186.44861303544212,29,1,0,0,1.401388646271334,0.2
4580,215.68864730288385,36,1,0,0,1.4318024386456087,0.2
4581,163.9784950422134,25,1,0,0,1.4887573793562745,0.2
4582,164.93223714495127,20,1,0,0,1.4469476296257506,0.2
4583,163.17781706150964,21,1,0,0,1.1630667041403162,0.2
4584,157.06953936972363,18,1,0,0,1.3436865449711757,0.2
4585,218.55458307584564,36,1,0,0,1.4025356711126407,0.2
4586,205.93699759460438,31,1,0,0,1.3299635934786882,0.2
4587,205.79467630990874,31,1,0,0,1.3206773874487796,0.2
4588,195.3721058758077,31,1,0,0,1.2272312176622635,0.2
4589,178.8510474223492,29,1,0,0,1.230708117762179,0.2
4590,196.10509201821964,26,1,0,0,1.3470015324990523,0.2
4591,134.82999426370486,12,1,0,0,1.31978864625842,0.2
4592,191.2090364317535,29,1,0,0,1.246524299799882,0.2
4593,180.90266137733107,38,1,0,0,1.3281933123530467,0.2
4594,189.27707154252994,23,1,0,0,1.4095097888095405,0.2
4595,128.83164008481415,12,1,0,0,1.125641620537264,0.2
4596,152.19732285378487,25,1,0,0,1.2209852841219717,0.2
4597,189.03865260861767,30,1,0,0,1.3377119822651036,0.2
4598,165.283887046137,30,1,0,0,1.2034619083381273,0.2
4599,175.0929240468118,23,1,0,0,1.4751853673407072,0.2
4600,157.20882607438364,18,1,0,0,1.3783588368849384,0.2
4601,162.54608942190995,23,1,0,0,1.3238547640610905,0.2
4602,100.0,1,1,0,0,0.45281605850482337,0.2
4603,169.95604911991097,22,1,0,0,1.456585435964965,0.2
4604,201.1545371286121,42,1,0,0,1.4062534220922713,0.2
4605,178.89234794571794,30,1,0,0,1.4103542745218998,0.2
4606,124.26049850218398,8,1,0,0,1.2262614824192881,0.2
4607,176.22305465944243,31,1,0,0,1.2881379781012132,0.2
4608,205.02746047880828,35,1,0,0,1.2830515764584312,0.2
4609,130.54768362928652,12,1,0,0,1.4882779744724755,0.2
4610,172.15468983431305,23,1,0,0,1.2175709904216552,0.2
4611,179.32848400710657,34,1,0,0,1.2736809353503151,0.2
4612,160.46673044292226,161,1,0,0,1.436278763831121,0.2
4613,150.91882508255722,16,1,0,0,1.4007559062325794,0.2
4614,160.99441697005463,23,1,0,0,1.2814801049139732,0.2
4615,177.2123100159066,25,1,0,0,1.263260932580607,0.2
4616,154.72283263113258,22,1,0,0,1.433138930543909,0.2
4617,168.08882890633035,23,1,0,0,1.2877471400697054,0.2
4618,207.6323769108841,34,1,0,0,1.2910258467900182,0.2
4619,159.2237876055437,22,1,0,0,1.2133383481416795,0.2
4620,171.89842771288363,25,1,0,0,1.242947560119548,0.2
4621,163.6025375623845,18,1,0,0,1.4579652694618095,0.2
4622,263.98953838212304,55,1,0,0,1.494569716121179,0.2
4623,206.75851354652036,31,1,0,0,1.4160159543662225,0.2
4624,180.18170097805873,23,1,0,0,1.1081578430952639,0.2
4625,162.6984088521752,45,1,0,0,1.4675181884060677,0.2
4626,116.99139523975609,9,1,0,0,1.2911433933838221,0.2
4627,142.77353504730766,17,1,0,0,1.4632305533274128,0.2
4628,200.61403616600757,24,1,0,0,1.4460452878444714,0.2
4629,183.79536949467996,21,1,0,0,1.4271512606902108,0.2
4630,154.70922073467437,16,1,0,0,1.3932620101063504,0.2
4631,161.5752700939091,30,1,0,0,1.3437697853449921,0.2
4632,160.87537988530246,22,1,0,0,1.479437791122164,0.2
4633,159.80704622811865,22,1,0,0,1.4965497872743923,0.2
4634,181.2633178850318,24,1,0,0,1.2009397603723149,0.2
4635,172.3905813524043,23,1,0,0,1.2810619879351137,0.2
4636,159.3216188467616,24,1,0,0,1.2193784053091499,0.2
4637,180.14546990101073,26,1,0,0,1.2398086070943068,0.2
4638,153.94757731433864,22,1,0,0,1.225182126616278,0.2
4639,-50.0,1,0,1,0,5.107464777833973,0.2
4640,125.52680033110026,9,1,0,0,1.3285128679921812,0.2
4641,198.0357312726925,34,1,0,0,1.374876283697572,0.2
4642,183.46983035877986,24,1,0,0,1.2986246934711796,0.2
4643,161.46414018361946,22,1,0,0,1.09668375297813,0.2
4644,188.34160132177868,24,1,0,0,1.4909151481344725,0.2
4645,-50.0,1,0,1,0,2.8646028786527267,0.2
4646,196.7913564159535,26,1,0,0,1.3745077528032577,0.2
4647,140.7038694618356,15,1,0,0,1.1740482386411741,0.2
4648,164.62502022451298,21,1,0,0,1.3810473405612083,0.2
4649,180.6032322357985,25,1,0,0,1.1114644610812772,0.2
4650,162.84052039251054,24,1,0,0,1.365882369328574,0.2
4651,106.75035932093851,99,1,0,0,1.4651832757561905,0.2
4652,-50.0,1,0,1,0,5.320571415630667,0.2
4653,231.8738113328878,45,1,0,0,1.3860340298379814,0.2
4654,163.91956583973706,18,1,0,0,1.294716538579831,0.2
4655,133.34556301415168,13,1,0,0,1.4383883164776332,0.2
4656,164.56918302382326,25,1,0,0,1.415474194677696,0.2
4657,139.26873000255065,15,1,0,0,1.1723390632781308,0.2
4658,165.4346967651803,22,1,0,0,1.3166047571281994,0.2
4659,223.42283504179176,40,1,0,0,1.3327772607000221,0.2
4660,122.93901071409233,13,1,0,0,1.4806771925006528,0.2
4661,195.21028047174485,34,1,0,0,1.2115195547822148,0.2
4662,144.34731210934697,19,1,0,0,1.2189457967728674,0.2
4663,176.2339241584831,27,1,0,0,1.468959787380971,0.2
4664,143.5080318754696,15,1,0,0,1.4900647767322701,0.2
4665,131.5202698176109,12,1,0,0,1.4190636106055818,0.2
4666,162.35051275048045,43,1,0,0,1.3440594307895761,0.2
4667,217.55598774252715,31,1,0,0,1.2326469105871032,0.2
4668,147.333580098089,17,1,0,0,1.2968321144674528,0.2
4669,173.0328862382691,28,1,0,0,1.4809711551634424,0.2
4670,162.72247136361264,18,1,0,0,1.426335047895718,0.2
4671,117.40938715024177,12,1,0,0,1.401903137178004,0.2
4672,117.50693134464177,158,1,0,0,1.4470542322228312,0.2
4673,156.53322197383477,25,1,0,0,1.383472809106571,0.2
4674,182.2717443702357,26,1,0,0,1.3989410681008843,0.2
4675,198.40977357949578,25,1,0,0,1.316043273698137,0.2
4676,167.4265021862553,21,1,0,0,1.3522555145769435,0.2
4677,188.29065035917858,26,1,0,0,1.3832805072727432,0.2
4678,188.25368967286371,35,1,0,0,1.311987658998392,0.2
4679,169.02468013618488,30,1,0,0,1.4035955517935024,0.2
4680,162.97579133581667,25,1,0,0,1.429071400178817,0.2
4681,167.0907929632548,19,1,0,0,1.275875634894833,0.2
4682,166.04538423906843,18,1,0,0,1.4674917257768603,0.2
4683,222.35381794996584,38,1,0,0,1.4328377829625205,0.2
4684,196.56009523701306,26,1,0,0,1.2282513261402328,0.2
4685,159.99557284970498,23,1,0,0,1.484690724018598,0.2
4686,135.15056386769558,9,1,0,0,1.2510447945549859,0.2
4687,168.16054885246717,21,1,0,0,1.289404699171623,0.2
4688,151.83168778871456,19,1,0,0,1.3975005981023407,0.2
4689,114.90465165002723,14,1,0,0,1.2582419261875484,0.2
4690,212.1691718037036,34,1,0,0,1.4284249047535207,0.2
4691,192.2827273987358,29,1,0,0,1.3453891827203341,0.2
4692,205.9681858993672,25,1,0,0,1.139106987745183,0.2
4693,155.60689088603834,25,1,0,0,1.4864012482570343,0.2
4694,211.5928222198978,38,1,0,0,1.3904145635111205,0.2
4695,183.14811373046086,22,1,0,0,1.4672278995449208,0.2
4696,139.89887956831637,12,1,0,0,1.2266194297734498,0.2
4697,185.18794624250364,29,1,0,0,1.3235098362678492,0.2
4698,146.89983538031726,18,1,0,0,1.479020911738196,0.2
4699,162.1512001437915,25,1,0,0,1.4605966321593211,0.2
4700,165.61393825304958,19,1,0,0,1.3337450288959845,0.2
4701,160.73594071166332,24,1,0,0,1.3429045430174205,0.2
4702,165.04041847019613,20,1,0,0,1.3616707104513721,0.2
4703,127.3531317822194,17,1,0,0,1.491718816215929,0.2
4704,138.8049213272096,11,1,0,0,1.3744515316476207,0.2
4705,183.21201372159604,31,1,0,0,1.346369811253609,0.2
4706,183.0334846215772,33,1,0,0,1.3709077654871005,0.2
4707,177.5276120485748,23,1,0,0,1.3660540694029497,0.2
4708,152.21467003245309,17,1,0,0,1.108682659338613,0.2
4709,111.70478298458141,17,1,0,0,1.384870281853009,0.2
4710,-50.0,1,0,1,0,5.640532091637509,0.2
4711,233.37789154376264,42,1,0,0,1.3031853068390475,0.2
4712,141.01178986415312,21,1,0,0,1.2405940897691003,0.2
4713,164.68965818386707,27,1,0,0,1.324696823674706,0.2
4714,152.24261504543963,17,1,0,0,1.4527406104963947,0.2
4715,170.92405740651697,24,1,0,0,1.4255946265413402,0.2
4716,208.1586271845302,37,1,0,0,1.3501987287226482,0.2
4717,130.07420890614463,11,1,0,0,1.4940294482155787,0.2
4718,184.48669713941825,36,1,0,0,1.3965792743432641,0.2
4719,174.9560591554078,30,1,0,0,1.160911260188807,0.2
4720,181.5400928233969,24,1,0,0,1.3842167116538988,0.2
4721,9.946038383479372,200,0,0,1,2.4503665140693864,0.2
4722,187.09749768394104,24,1,0,0,1.1824991625703087,0.2
4723,227.44984654798628,50,1,0,0,1.225619607511319,0.2
4724,151.10374466438046,175,1,0,0,1.3670906188869139,0.2
4725,179.25500437257273,26,1,0,0,1.3873244035357213,0.2
4726,188.2923631091603,33,1,0,0,1.2090714552211708,0.2
4727,150.93061557584662,19,1,0,0,1.213549079164438,0.2
4728,154.66453930213402,22,1,0,0,1.307264942130978,0.2
4729,154.7408521370276,21,1,0,0,1.1728936174919316,0.2
4730,119.22033048780943,37,1,0,0,1.366152260561621,0.2
4731,-50.0,1,0,1,0,9.286699001197148,0.2
4732,204.11576860024581,63,1,0,0,1.4683807020452067,0.2
4733,164.49790262541268,18,1,0,0,1.2675229126344794,0.2
4734,-50.0,1,0,1,0,3.2264227684527116,0.2
4735,173.2018280898912,23,1,0,0,1.4369530038536158,0.2
4736,154.0352956537918,21,1,0,0,1.3203164957165816,0.2
4737,169.77283478823736,22,1,0,0,1.4000853385213412,0.2
4738,164.82538362527575,24,1,0,0,1.2995862360121027,0.2
4739,161.86240898110918,22,1,0,0,1.1765090121612398,0.2
4740,165.7571458006529,23,1,0,0,1.4111640287964564,0.2
4741,187.29477179111188,24,1,0,0,1.2789480976502228,0.2
4742,140.63463132619438,11,1,0,0,1.4916532336220818,0.2
4743,179.4760736029504,20,1,0,0,1.359206336333457,0.2
4744,224.17296432616678,46,1,0,0,1.3143948050109848,0.2
4745,201.4391826277652,32,1,0,0,1.3192230886617062,0.2
4746,177.05193377666558,22,1,0,0,1.198921980883558,0.2
4747,221.5522280245503,44,1,0,0,1.3052302086974292,0.2
4748,171.46773058307863,18,1,0,0,1.4562760510588448,0.2
4749,128.38754686420887,15,1,0,0,1.4875109354100984,0.2
4750,196.96156566165251,36,1,0,0,1.2551326303504997,0.2
4751,166.25819347155,21,1,0,0,1.3735758507281717,0.2
4752,227.20159419082216,35,1,0,0,1.412713387371323,0.2
4753,168.36002563295926,22,1,0,0,1.4464885107608743,0.2
4754,146.09022654226615,20,1,0,0,1.232946147636581,0.2
4755,133.70422672868636,14,1,0,0,1.270680462865471,0.2
4756,114.29907706352978,9,1,0,0,1.4972377976926745,0.2
4757,152.37745490776769,21,1,0,0,1.2373623891509407,0.2
4758,192.3708513066407,25,1,0,0,1.3270587812271166,0.2
4759,192.98444398272258,27,1,0,0,1.2755589250152026,0.2
4760,225.86867075326649,43,1,0,0,1.4399166549849207,0.2
4761,183.51418837779053,33,1,0,0,1.338352476515631,0.2
4762,200.33121999072773,32,1,0,0,1.3800648600769967,0.2
4763,117.44111224401416,7,1,0,0,1.390208158670785,0.2
4764,179.07815524913377,21,1,0,0,1.4978762001374082,0.2
4765,168.8772245287039,24,1,0,0,1.3431160349542328,0.2
4766,166.0899314714345,19,1,0,0,1.242933061618953,0.2
4767,193.001616882508,29,1,0,0,1.4246371621917724,0.2
4768,174.34498561052544,35,1,0,0,1.4143557275474887,0.2
4769,145.51625563664135,25,1,0,0,1.278442349241491,0.2
4770,237.87954724659875,52,1,0,0,1.4424037716581173,0.2
4771,224.2290798744983,33,1,0,0,1.3342899538811823,0.2
4772,128.9807850743747,11,1,0,0,1.1996909341800235,0.2
4773,182.12763127590858,28,1,0,0,1.353409965538456,0.2
4774,155.67137048433085,16,1,0,0,1.4493061170990014,0.2
4775,163.86360698491512,28,1,0,0,1.1997184461368677,0.2
4776,164.82087631488594,19,1,0,0,1.137667425827284,0.2
4777,231.68441286140333,44,1,0,0,1.3851105972148396,0.2
4778,183.6335605042554,25,1,0,0,1.3095397368298165,0.2
4779,34.536518396019346,200,0,0,1,2.8662294303655793,0.2
4780,184.90281978812004,23,1,0,0,1.4895167640858493,0.2
4781,246.95650367155173,44,1,0,0,1.397064769544913,0.2
4782,180.65127494305597,40,1,0,0,1.29526985274581,0.2
4783,174.68268541576964,23,1,0,0,1.3561212156193396,0.2
4784,142.4299372374121,20,1,0,0,1.3718926954416955,0.2
4785,152.9837306876549,17,1,0,0,1.2824852388868502,0.2
4786,170.03977230356048,24,1,0,0,1.4161516598593364,0.2
4787,138.04664044475598,21,1,0,0,1.2872916331407067,0.2
4788,135.5735199804788,13,1,0,0,1.215761611929036,0.2
4789,129.4778954781891,12,1,0,0,1.3598125571153532,0.2
4790,169.17446242777154,27,1,0,0,1.1483779441230881,0.2
4791,115.42761537162384,10,1,0,0,1.4185999336101796,0.2
4792,158.50314924331587,22,1,0,0,1.0577733404629408,0.2
4793,162.82859308425864,17,1,0,0,1.3721604551029343,0.2
4794,152.33039153764537,27,1,0,0,1.1752470150745398,0.2
4795,163.33901434622376,21,1,0,0,1.4266243260873746,0.2
4796,143.10189463157624,22,1,0,0,1.4204228195421225,0.2
4797,188.66787126935208,26,1,0,0,1.4047274328002368,0.2
4798,252.58160564613414,48,1,0,0,1.4699704803025926,0.2
4799,175.45375436456183,26,1,0,0,1.3449814250868803,0.2
4800,-50.0,1,0,1,0,8.573162741736368,0.2
4801,193.45666490604887,31,1,0,0,1.1881490141578743,0.2
4802,253.5597474732314,49,1,0,0,1.4335613593091303,0.2
4803,164.7271274899873,23,1,0,0,1.2729663755267309,0.2
4804,130.1864597192467,12,1,0,0,1.093240347188216,0.2
4805,267.11546328149484,125,1,0,0,1.427804913284319,0.2
4806,204.44914600406057,28,1,0,0,1.2696657204606874,0.2
4807,155.27480453042148,21,1,0,0,1.4177418184291204,0.2
4808,98.54705626146388,154,1,0,0,1.4949981081252812,0.2
4809,187.02039068440803,27,1,0,0,1.4652245736229141,0.2
4810,175.36237800222915,23,1,0,0,1.41460995922158,0.2
4811,137.18906537665552,11,1,0,0,1.277108163662459,0.2
4812,168.789153829599,20,1,0,0,1.2789320095133603,0.2
4813,172.70976789511195,28,1,0,0,1.3917374553575166,0.2
4814,179.78779346234376,26,1,0,0,1.360270057394761,0.2
4815,124.58407248768421,15,1,0,0,1.4593842210880141,0.2
4816,-50.0,1,0,1,0,5.935002526629407,0.2
4817,166.3681155198053,24,1,0,0,1.2903217404918221,0.2
4818,113.08766687332192,7,1,0,0,1.1775599709296272,0.2
4819,230.80131465577958,50,1,0,0,1.352282469620861,0.2
4820,212.61270942879793,40,1,0,0,1.3896013555531894,0.2
4821,196.02930304681,30,1,0,0,1.3504245976645681,0.2
4822,140.78308997735058,21,1,0,0,1.253720464861601,0.2
4823,221.58364116084812,50,1,0,0,1.42671146379327,0.2
4824,159.13510717559205,17,1,0,0,1.4883030456359547,0.2
4825,-0.595042495475948,200,0,0,1,2.2656976101459487,0.2
4826,145.12602734147134,21,1,0,0,1.262625611186378,0.2
4827,165.73831645279446,22,1,0,0,1.2931308884726567,0.2
4828,214.3275720833836,40,1,0,0,1.4805909425386297,0.2
4829,171.15869089110686,20,1,0,0,1.2405272208265834,0.2
4830,202.05471580294028,65,1,0,0,1.4525804248459073,0.2
4831,189.18245351631998,26,1,0,0,1.260153299303408,0.2
4832,122.25228000261211,7,1,0,0,1.3491796601391775,0.2
4833,160.8956752265467,26,1,0,0,1.4693028036493627,0.2
4834,158.12227228032106,19,1,0,0,1.4963309079208584,0.2
4835,174.41077553048336,31,1,0,0,1.289423379354463,0.2
4836,119.9153052530186,21,1,0,0,1.453015416805864,0.2
4837,163.52577831858605,27,1,0,0,1.436316451822468,0.2
4838,170.6589624185644,22,1,0,0,1.3692714215141304,0.2
4839,155.8461784873413,21,1,0,0,1.2158836759001324,0.2
4840,179.74826682938027,175,1,0,0,1.496635490582956,0.2
4841,49.9512534358029,200,0,0,1,2.353943499321314,0.2
4842,127.7472431052476,12,1,0,0,1.4215116458285721,0.2
4843,173.51544304753384,27,1,0,0,1.242933729760352,0.2
4844,195.20315993623305,29,1,0,0,1.3113293327435156,0.2
4845,134.2075515565241,11,1,0,0,1.1649192515103408,0.2
4846,107.80174815174055,11,1,0,0,1.3559715766751343,0.2
4847,262.7235095158013,56,1,0,0,1.4682927929368126,0.2
4848,145.74988337375763,200,0,0,1,2.015462798965809,0.2
4849,184.57267152423864,28,1,0,0,1.369865877163305,0.2
4850,166.39575512392437,20,1,0,0,1.4221987075956692,0.2
4851,181.80748406255424,26,1,0,0,1.3788388107140672,0.2
4852,246.48126081221318,50,1,0,0,1.2926724460246286,0.2
4853,173.77354047097273,23,1,0,0,1.4314640414683406,0.2
4854,181.68229045287515,24,1,0,0,1.4966827617842275,0.2
4855,175.5756758010033,27,1,0,0,1.2868582838293467,0.2
4856,167.62542070950576,23,1,0,0,1.3589847707146088,0.2
4857,185.07116134645133,57,1,0,0,1.2841568346044627,0.2
4858,140.27505439355411,21,1,0,0,1.2872428188345022,0.2
4859,166.29784604691488,20,1,0,0,1.3569005981713667,0.2
4860,203.94123448495728,35,1,0,0,1.3969765552298734,0.2
4861,162.48907297084355,24,1,0,0,1.347906034862452,0.2
4862,160.1811922691208,21,1,0,0,1.3614107096574193,0.2
4863,177.325064813712,29,1,0,0,1.3818339689706785,0.2
4864,130.01968029961216,14,1,0,0,1.3506695100343304,0.2
4865,110.21904433716342,7,1,0,0,1.3275931287719205,0.2
4866,201.30067967795583,27,1,0,0,1.2752975161990043,0.2
4867,188.6276676852396,25,1,0,0,1.221600550167394,0.2
4868,171.3638840529528,20,1,0,0,1.4948232745167287,0.2
4869,211.73678873470982,38,1,0,0,1.3349874334079737,0.2
4870,233.85096910986897,44,1,0,0,1.4365987319980817,0.2
4871,183.97117207645726,30,1,0,0,1.330776745466105,0.2
4872,150.71317944583325,13,1,0,0,1.376573707463198,0.2
4873,180.98794995794702,25,1,0,0,1.2529960835580833,0.2
4874,165.551959685522,26,1,0,0,1.3724902261005834,0.2
4875,106.86553622524511,3,1,0,0,1.3569124423329006,0.2
4876,174.22076718332318,23,1,0,0,1.413271781804483,0.2
4877,183.3970900658255,22,1,0,0,1.230502733689718,0.2
4878,236.60742292964858,41,1,0,0,1.4412220567724112,0.2
4879,71.09369557281211,76,1,0,0,1.4753598553993361,0.2
4880,-18.440566312579215,10,0,1,0,6.1103581360831685,0.2
4881,170.96692280656464,25,1,0,0,1.3262688505203668,0.2
4882,200.624266955562,26,1,0,0,1.2957732807307267,0.2
4883,208.85013899632122,35,1,0,0,1.3712349808244393,0.2
4884,183.3680589991921,26,1,0,0,1.465970063705263,0.2
4885,192.682080852335,26,1,0,0,1.2859270907321465,0.2
4886,223.78709597577358,100,1,0,0,1.487744753346815,0.2
4887,221.2860947286249,43,1,0,0,1.4017716643578502,0.2
4888,194.62636926020875,30,1,0,0,1.319595870685642,0.2
4889,168.17800247394138,28,1,0,0,1.3102606381796356,0.2
4890,172.10307297164456,24,1,0,0,1.2504807883426081,0.2
4891,187.8395995528615,34,1,0,0,1.2600902140247918,0.2
4892,100.0,1,1,0,0,1.0910752482598711,0.2
4893,170.63754789036028,25,1,0,0,1.3973033928531742,0.2
4894,-50.0,1,0,1,0,3.311550024392975,0.2
4895,175.47570860852906,24,1,0,0,1.495125118597029,0.2
4896,145.62347739391896,25,1,0,0,1.343112209852369,0.2
4897,137.77289296171318,21,1,0,0,1.4545691361199753,0.2
4898,143.93501455010295,13,1,0,0,1.0422541858458678,0.2
4899,117.23261573313013,10,1,0,0,1.3097566387099409,0.2
4900,110.76807682389628,7,1,0,0,1.4439770096218514,0.2
4901,165.19380814417394,20,1,0,0,1.2784676751834245,0.2
4902,172.46085783344148,22,1,0,0,1.3177911416709691,0.2
4903,159.59928306976633,17,1,0,0,1.4920673237924926,0.2
4904,171.93952672026654,33,1,0,0,1.2297875902503999,0.2
4905,150.21050644163992,13,1,0,0,1.4552937033279876,0.2
4906,155.8117254336167,20,1,0,0,1.4312095076982125,0.2
4907,162.87605257118537,19,1,0,0,1.410634754916387,0.2
4908,125.8219005429822,14,1,0,0,1.4752564533664005,0.2
4909,172.1825551168666,23,1,0,0,1.4771590549630162,0.2
4910,163.7310017202066,24,1,0,0,1.3552158602671662,0.2
4911,182.456137276933,35,1,0,0,1.4017321929592679,0.2
4912,142.01668944380617,18,1,0,0,1.2203038304671494,0.2
4913,139.8787489073129,14,1,0,0,1.4153496821012865,0.2
4914,181.87562855674406,30,1,0,0,1.4142687871082942,0.2
4915,147.8347441722633,19,1,0,0,1.49948372528129,0.2
4916,154.15917301028787,17,1,0,0,1.1538509469417548,0.2
4917,186.7785392153424,28,1,0,0,1.3506858330042097,0.2
4918,138.05114796677933,16,1,0,0,1.2002684026284842,0.2
4919,127.18807815289094,15,1,0,0,1.4748576945580185,0.2
4920,214.30890130068903,43,1,0,0,1.3119934866968324,0.2
4921,149.65277835219854,16,1,0,0,1.3376160499604126,0.2
4922,120.69512378108124,12,1,0,0,1.4883722956966685,0.2
4923,206.5072886615091,32,1,0,0,1.2966796895109047,0.2
4924,166.18021393476545,26,1,0,0,1.4261429487777884,0.2
4925,163.10814628553914,33,1,0,0,1.377625808408184,0.2
4926,186.40324557439598,26,1,0,0,1.2788103829598851,0.2
4927,100.0,1,1,0,0,1.2332552033166249,0.2
4928,141.79643830966396,16,1,0,0,1.372067789440874,0.2
4929,178.6237369624123,26,1,0,0,1.3692752095876892,0.2
4930,200.57463779088297,34,1,0,0,1.3607301484441858,0.2
4931,160.6808263431659,19,1,0,0,1.2500449859288163,0.2
4932,213.98543213219503,36,1,0,0,1.448009547003306,0.2
4933,202.9634936036465,31,1,0,0,1.4897798781555132,0.2
4934,161.8785053607927,21,1,0,0,1.2700430663544655,0.2
4935,211.98222694201326,31,1,0,0,1.4797920213735818,0.2
4936,179.37255907892765,35,1,0,0,1.4058576682174688,0.2
4937,213.10956261907063,44,1,0,0,1.2217246390136804,0.2
4938,168.42613795014427,23,1,0,0,1.43079579691324,0.2
4939,201.83417309354354,34,1,0,0,1.2642716666692797,0.2
4940,142.2521335911581,17,1,0,0,1.4134241461901824,0.2
4941,147.31209089919372,17,1,0,0,1.3814829965820656,0.2
4942,165.6399581338104,21,1,0,0,1.4262746850612678,0.2
4943,177.34824801264227,21,1,0,0,1.4485295769396414,0.2
4944,143.5710113612312,15,1,0,0,1.455183559072854,0.2
4945,206.16865529628447,29,1,0,0,1.4988861309637078,0.2
4946,188.80012963301874,30,1,0,0,1.4490009385831983,0.2
4947,253.24485139316522,45,1,0,0,1.3057423876549568,0.2
4948,103.34037006198155,2,1,0,0,1.3426819659906526,0.2
4949,159.11631957713752,23,1,0,0,1.4743577203514646,0.2
4950,180.22064172101688,30,1,0,0,1.4597348873830769,0.2
4951,125.69393753810876,12,1,0,0,1.3433844162028632,0.2
4952,193.5068867461324,32,1,0,0,1.1663577626135713,0.2
4953,128.43476131687225,13,1,0,0,1.4009645485156395,0.2
4954,169.01493174124195,22,1,0,0,1.3686111616226735,0.2
4955,178.69178604007996,33,1,0,0,1.4264812668397016,0.2
4956,187.87691321762074,28,1,0,0,1.307299248375384,0.2
4957,147.2217962600415,16,1,0,0,1.4165172930273553,0.2
4958,178.86064849607126,32,1,0,0,1.3823606820661218,0.2
4959,-50.0,1,0,1,0,4.681791381744618,0.2
4960,175.63510582634976,25,1,0,0,1.3164973742217043,0.2
4961,148.4837295280094,16,1,0,0,1.4538398399687287,0.2
4962,162.00508344859625,26,1,0,0,1.370128970909531,0.2
4963,172.85935948210283,33,1,0,0,1.3853077389366808,0.2
4964,229.79470908256525,46,1,0,0,1.4271599402182382,0.2
4965,170.5181630959857,24,1,0,0,1.4689595628169212,0.2
4966,176.30703155513606,22,1,0,0,1.4518445523931058,0.2
4967,157.64339274356493,24,1,0,0,1.3437121088116133,0.2
4968,164.67775869956057,25,1,0,0,1.3743807788544615,0.2
4969,127.21367191619957,19,1,0,0,1.4593496323298687,0.2
4970,163.03768405728388,64,1,0,0,1.4958567988779623,0.2
4971,184.49818837475198,46,1,0,0,1.4458504180114544,0.2
4972,157.9403615587394,24,1,0,0,1.2817945359270648,0.2
4973,-26.1719496133725,11,0,1,0,5.061827714575004,0.2
4974,146.4518594976903,22,1,0,0,1.361980166350848,0.2
4975,65.3408899677218,200,0,0,1,2.5190776948873213,0.2
4976,175.82741833326492,30,1,0,0,1.4612909740778695,0.2
4977,147.3838716563182,23,1,0,0,1.4213673970487506,0.2
4978,179.88451904623105,28,1,0,0,1.3329683006312854,0.2
4979,139.9503051480735,15,1,0,0,1.3843219096012296,0.2
4980,190.65660334205845,31,1,0,0,1.247822764408407,0.2
4981,159.25278313697083,26,1,0,0,1.3306266704090843,0.2
4982,127.11665038578006,9,1,0,0,1.3089895177865694,0.2
4983,175.52792627608767,19,1,0,0,1.3131953579203721,0.2
4984,151.19045972438514,16,1,0,0,1.3613517034113591,0.2
4985,133.74727986853713,18,1,0,0,1.4259268765647994,0.2
4986,136.13558159176287,12,1,0,0,1.449100174465398,0.2
4987,138.22335899139398,21,1,0,0,1.0684959932057756,0.2
4988,207.12298354787907,38,1,0,0,1.47305581492369,0.2
4989,-50.0,1,0,1,0,5.673447932102729,0.2
4990,175.78754489607078,23,1,0,0,1.3152485657051296,0.2
4991,194.19428547942186,25,1,0,0,1.3416494947043816,0.2
4992,148.06113485915105,19,1,0,0,1.2641959011996675,0.2
4993,167.65300424600935,23,1,0,0,1.4376108226558408,0.2
4994,108.20970669168236,8,1,0,0,1.481321235673492,0.2
4995,158.92665962289334,30,1,0,0,1.4426006368052575,0.2
4996,132.00870763745405,15,1,0,0,1.1001986287962782,0.2
4997,148.69969666051253,16,1,0,0,1.379068819664315,0.2
4998,154.75977995645678,19,1,0,0,1.2931613845020238,0.2
4999,167.8478053725419,27,1,0,0,1.3196339336761385,0.2
