episode,reward,steps,train_success,train_collision,train_timeout,final_distance,exploration_noise
0,-52.304648498193394,2,0,1,0,3.1789166114279186,0.2
1,5.1586300234083176,200,0,0,1,10.883591151158377,0.1998
2,52.03822836834848,200,0,0,1,4.921017758395929,0.1996002
3,-13.748837722073985,200,0,0,1,9.335694006921571,0.19940059980000002
4,-15.07868663190596,200,0,0,1,9.464723536343277,0.19920119920020002
5,-50.52095402823797,200,0,0,1,13.749816279997736,0.19900199800099982
6,-212.2246845893174,63,0,0,0,18.296395101759376,0.1988029960029988
7,-143.20993702407182,61,0,0,0,23.224664677165016,0.19860419300699583
8,-152.0516279784998,42,0,0,0,18.469885253097157,0.19840558881398881
9,-211.08045880080218,50,0,0,0,23.89423101749566,0.19820718322517483
10,-26.84915890909612,8,0,1,0,6.85088254880354,0.19800897604194967
11,-166.85585069182468,97,0,0,0,18.716870237037046,0.1978109670659077
12,-87.45024193624755,45,0,0,0,13.91169727083203,0.19761315609884178
13,-162.1310617209665,50,0,0,0,12.931068566814142,0.19741554294274297
14,-32.25794776836269,11,0,1,0,4.153127532005066,0.1972181273998002
15,-65.83368668541242,56,0,0,0,12.032022626802872,0.1970209092724004
16,-111.87580489064887,49,0,0,0,13.289650770621956,0.196823888363128
17,-42.30328278344627,6,0,1,0,3.9438436766292257,0.19662706447476488
18,-29.23964660949845,70,0,0,0,10.719843098921848,0.1964304374102901
19,-91.44711100215355,46,0,0,0,13.422054149285108,0.19623400697287982
20,100.0,1,1,0,0,1.1761682930861652,0.19603777296590696
21,-113.24171473810642,60,0,0,0,11.623091585257425,0.19584173519294104
22,173.9485491612649,156,1,0,0,1.4768509812966524,0.19564589345774808
23,3.1977431969890544,200,0,0,1,8.721252351065644,0.19545024756429036
24,55.025214659995854,200,0,0,1,4.569724799336424,0.19525479731672604
25,-24.889408186791435,11,0,1,0,8.435217177295009,0.19505954251940932
26,2.247065299435115,200,0,0,1,4.022780882943848,0.19486448297688994
27,-99.73068156113452,75,0,1,0,3.9408424821125982,0.19466961849391304
28,151.25399186681858,200,0,0,1,2.4418526122075117,0.19447494887541913
29,16.267949612559203,200,0,0,1,3.3434120965660727,0.19428047392654368
30,180.38114873493515,126,1,0,0,1.4481238291164558,0.19408619345261716
31,35.83383199355037,200,0,0,1,2.739423989899586,0.19389210725916453
32,196.729150105161,48,1,0,0,1.4753011990538063,0.19369821515190536
33,-40.8090330474068,6,0,1,0,4.227539635882217,0.19350451693675347
34,-24.945402712673836,84,0,1,0,1.3176979282601382,0.1933110124198167
35,-18.15938236362231,94,0,1,0,3.8972136226916163,0.1931177014073969
36,171.0340751276185,120,1,0,0,1.4786915008492971,0.1929245837059895
37,32.46930520892326,200,0,0,1,2.662394221142509,0.19273165912228352
38,-10.577359195060346,68,0,1,0,3.391717864776451,0.19253892746316123
39,-18.43691634606973,10,0,1,0,7.893736029015678,0.19234638853569808
40,199.59508952294823,81,1,0,0,1.449332940289406,0.19215404214716236
41,-2.9275072566068854,200,0,0,1,3.683075564676136,0.19196188810501522
42,163.17805001146866,170,1,0,0,1.3765245367686865,0.1917699262169102
43,-54.36031233365108,151,0,0,0,6.465820347423955,0.19157815629069327
44,196.55101028621465,74,1,0,0,1.3491818717543465,0.1913865781344026
45,71.1312519712133,200,0,0,1,2.235874477576597,0.19119519155626818
46,-50.400537263064074,30,0,1,0,4.171132822248994,0.1910039963647119
47,255.64991846602675,93,1,0,0,1.3949332324025077,0.1908129923683472
48,126.99288530629862,9,1,0,0,1.3008320439506056,0.19062217937597886
49,100.57506713304683,12,1,0,0,1.3500290409747369,0.19043155719660287
50,243.46385260589557,64,1,0,0,1.3473339215720348,0.1902411256394063
51,14.501240970706764,200,0,0,1,2.7463913836723166,0.19005088451376687
52,166.56231355220183,46,1,0,0,1.4920089420101237,0.1898608336292531
53,-34.91498854411854,19,0,1,0,5.419977107621373,0.18967097279562384
54,168.15631892046406,76,1,0,0,1.3981183975827696,0.1894813018228282
55,174.06505128836184,55,1,0,0,1.4863616679795073,0.18929182052100538
56,50.46307924543952,200,0,0,1,3.512591466319794,0.18910252870048438
57,38.87026708650553,200,0,0,1,3.7494188566991222,0.1889134261717839
58,162.8314617018323,100,1,0,0,1.445523326483535,0.1887245127456121
59,50.40565276951071,200,0,0,1,3.648986547221419,0.1885357882328665
60,214.6824088499572,90,1,0,0,1.4021025354465895,0.18834725244463366
61,188.53361265508573,99,1,0,0,1.4980291690128729,0.188158905192189
62,205.83082641304136,93,1,0,0,1.4627315653811765,0.18797074628699684
63,165.7624540074639,152,1,0,0,1.4772172817159146,0.18778277554070982
64,160.75542248275113,43,1,0,0,1.4230406347176907,0.1875949927651691
65,168.88319897331567,77,1,0,0,1.434947518455717,0.18740739777240395
66,107.68068907376627,40,1,0,0,1.4886808969615686,0.18721999037463155
67,20.906115865221224,200,0,0,1,3.9022341926998956,0.18703277038425692
68,172.7999480843824,30,1,0,0,1.4324375781979068,0.18684573761387266
69,156.38669339418908,44,1,0,0,1.392642094789521,0.18665889187625878
70,194.07807865457437,50,1,0,0,1.3121161477343288,0.18647223298438254
71,9.647824278743897,200,0,0,1,4.430209999572022,0.18628576075139813
72,161.7794176895347,32,1,0,0,1.4394962625139074,0.18609947499064672
73,29.600980289254707,200,0,0,1,4.150543567854946,0.1859133755156561
74,181.806208720411,45,1,0,0,1.477112360472243,0.18572746214014044
75,142.62534344716985,27,1,0,0,1.3711517661818426,0.18554173467800028
76,113.32384314146611,96,1,0,0,1.4417418700959965,0.18535619294332228
77,129.8898924373604,68,1,0,0,1.472333016773825,0.18517083675037896
78,197.3414693738551,45,1,0,0,1.4050075270827524,0.18498566591362858
79,132.29059317314557,24,1,0,0,1.4854408968250563,0.18480068024771495
80,128.08607898209783,107,1,0,0,1.4882234666704628,0.18461587956746725
81,54.15006753160272,200,0,0,1,2.645535764598742,0.18443126368789978
82,153.4508842550154,169,1,0,0,1.467104675473034,0.1842468324242119
83,74.68716348225021,200,0,0,1,1.8084564571802908,0.18406258559178768
84,174.83414739399507,79,1,0,0,1.4792279482200843,0.1838785230061959
85,153.31787135937617,19,1,0,0,1.3321785080673907,0.18369464448318967
86,226.5722387247216,76,1,0,0,1.4040669201858216,0.1835109498387065
87,151.49954082811516,36,1,0,0,1.3609617416666604,0.1833274388888678
88,130.4971158016168,119,1,0,0,1.423935438378584,0.1831441114499789
89,12.281359059134326,200,0,0,1,4.201634333129045,0.18296096733852896
90,140.67573020360692,24,1,0,0,1.2905039099517457,0.1827780063711904
91,45.61463491593978,200,0,0,1,5.3352096067059716,0.18259522836481923
92,27.759596250541982,200,0,0,1,2.131246534837781,0.1824126331364544
93,267.4298213744847,116,1,0,0,1.4990600763953055,0.18223022050331794
94,180.74824248079923,75,1,0,0,1.4532189809142861,0.18204799028281463
95,28.718294922987273,200,0,0,1,5.611346669187151,0.18186594229253183
96,58.421416232765594,200,0,0,1,2.3869403679483523,0.18168407635023928
97,173.28996623067422,71,1,0,0,1.4376259715974176,0.18150239227388903
98,36.81981736870289,200,0,0,1,3.234881580281404,0.18132088988161515
99,2.3591575282950075,16,0,1,0,5.6515949016106335,0.18113956899173356
100,132.11045085651773,99,1,0,0,1.4991448519447517,0.1809584294227418
101,-15.42247181821141,200,0,0,1,5.727893358084239,0.18077747099331906
102,36.35616586015698,200,0,0,1,3.7673503253988003,0.18059669352232574
103,55.69133928324065,200,0,0,1,2.5872368255749865,0.1804160968288034
104,-26.235401082655372,74,0,0,0,4.6845588607512685,0.1802356807319746
105,117.00150270757511,70,1,0,0,1.4474017634813259,0.18005544505124263
106,141.82537979631954,33,1,0,0,1.453816369706312,0.1798753896061914
107,224.6061557900959,95,1,0,0,1.1598915747020258,0.1796955142165852
108,60.046582352898014,200,0,0,1,3.755756376612069,0.17951581870236863
109,179.11215383186072,111,1,0,0,1.3830216862900913,0.17933630288366625
110,187.76477984788784,101,1,0,0,1.4291112312683334,0.1791569665807826
111,38.827912985876424,200,0,0,1,3.157946070570205,0.17897780961420182
112,194.91702451975354,66,1,0,0,1.4669641843548915,0.17879883180458758
113,164.6626043873,27,1,0,0,1.4724721430484164,0.178620032972783
114,86.59484332422711,200,0,0,1,2.148563311414952,0.17844141293981022
115,184.3017429768392,52,1,0,0,1.3385306332138347,0.17826297152687043
116,130.04656269925485,12,1,0,0,1.4627384992723202,0.17808470855534353
117,15.766643230475571,200,0,0,1,3.509664212537602,0.1779066238467882
118,100.0,1,1,0,0,1.39230595481142,0.17772871722294142
119,-45.22925878469273,3,0,1,0,5.5288154095031565,0.1775509885057185
120,45.065404961189564,200,0,0,1,4.532367514478968,0.17737343751721277
121,61.56125271466583,200,0,0,1,4.399975936266329,0.17719606407969554
122,147.0157225524112,32,1,0,0,1.1273653975275941,0.17701886801561584
123,179.66643167249504,30,1,0,0,1.399103004466798,0.17684184914760023
124,159.06539939644742,193,1,0,0,1.4126208345166409,0.17666500729845264
125,97.12225529978491,36,1,0,0,1.3849537738379707,0.17648834229115418
126,72.30998788356877,200,0,0,1,2.473329515367609,0.17631185394886303
127,-4.418696864535569,120,0,0,0,5.422757790302767,0.17613554209491417
128,53.85812912705018,200,0,0,1,4.288538560024649,0.17595940655281925
129,30.953143338731753,200,0,0,1,3.3678194365481446,0.17578344714626642
130,36.29690183138354,200,0,0,1,6.092708955259696,0.17560766369912018
131,173.76005915836726,119,1,0,0,1.2292640166620816,0.17543205603542103
132,88.7525407503507,200,0,0,1,2.2733769495310034,0.17525662397938563
133,78.23797310632679,200,0,0,1,3.3661903383287717,0.17508136735540625
134,153.99738749470947,133,1,0,0,1.496587910523273,0.17490628598805083
135,20.475918674763154,200,0,0,1,3.4247074658845063,0.17473137970206276
136,164.67966409439845,34,1,0,0,1.4109523866726006,0.17455664832236073
137,174.66694749540957,29,1,0,0,1.4924616559246486,0.17438209167403834
138,140.52428224156563,77,1,0,0,1.4492763139572784,0.1742077095823643
139,150.78619246517428,42,1,0,0,1.2730075979199904,0.17403350187278194
140,185.30978845384652,74,1,0,0,1.4591582183484932,0.17385946837090915
141,173.93514991806148,52,1,0,0,1.4861218321186,0.17368560890253826
142,17.192235613329043,200,0,0,1,3.924571767557829,0.17351192329363574
143,167.06516734265307,36,1,0,0,1.497028779579099,0.1733384113703421
144,10.220184538150459,200,0,0,1,3.7431940632018517,0.17316507295897174
145,229.76748066611574,45,1,0,0,1.2808424378635666,0.17299190788601276
146,128.70791820738486,18,1,0,0,1.413975275802757,0.17281891597812676
147,157.82728129395576,39,1,0,0,1.495999279385672,0.17264609706214862
148,165.161968455711,47,1,0,0,1.4964269276390636,0.17247345096508648
149,169.8592768746148,65,1,0,0,1.364237590195566,0.1723009775141214
150,197.21093937639085,28,1,0,0,1.4485194496521938,0.17212867653660727
151,164.06508858760316,26,1,0,0,1.3293861659416624,0.17195654786007067
152,157.28220544796883,63,1,0,0,1.4196690304242072,0.17178459131221058
153,159.64756450888024,162,1,0,0,1.488015934114447,0.1716128067208984
154,139.58220729395705,46,1,0,0,1.402650516762487,0.17144119391417748
155,169.85411812775038,168,1,0,0,1.4995503260033516,0.17126975272026332
156,149.74801884114112,45,1,0,0,1.4608392501736271,0.17109848296754304
157,170.2415893928482,37,1,0,0,1.421117157392852,0.1709273844845755
158,104.22269472673894,186,1,0,0,1.406596106211139,0.1707564571000909
159,223.17435228593013,55,1,0,0,1.4969943804850034,0.17058570064299083
160,154.22317571938655,25,1,0,0,1.402530885735168,0.17041511494234785
161,148.9819257782408,34,1,0,0,1.4556825813135226,0.1702446998274055
162,36.664357298661216,200,0,0,1,4.422127610216481,0.1700744551275781
163,153.63867285905116,26,1,0,0,1.4400872371011946,0.1699043806724505
164,169.01148162391817,41,1,0,0,1.4514333938208397,0.16973447629177807
165,164.5078386253334,31,1,0,0,1.3852767602670535,0.16956474181548628
166,263.70613337923555,64,1,0,0,1.4352043827861154,0.1693951770736708
167,3.7260129468238845,200,0,0,1,2.4943899875151265,0.16922578189659712
168,200.96506973259656,36,1,0,0,1.461559786969073,0.16905655611470052
169,44.821738521757915,200,0,0,1,3.9068860005897106,0.16888749955858584
170,185.48163081024256,35,1,0,0,1.3704476407109691,0.16871861205902725
171,165.2916038112509,83,1,0,0,1.4328490817347226,0.16854989344696822
172,171.97976826278904,28,1,0,0,1.4857049870815762,0.16838134355352125
173,179.38953908245958,35,1,0,0,1.3356482602870774,0.16821296220996773
174,190.67086448553994,37,1,0,0,1.4821677420094779,0.16804474924775775
175,116.1550302274905,8,1,0,0,1.3476685541399154,0.16787670449851
176,182.15358381346985,130,1,0,0,1.4546806527815361,0.1677088277940115
177,175.07590167265755,25,1,0,0,1.244002764504808,0.16754111896621748
178,191.9702539009599,42,1,0,0,1.457050822840509,0.16737357784725126
179,260.29713539075465,61,1,0,0,1.429091585374276,0.16720620426940402
180,159.6265276623149,40,1,0,0,1.432544192485896,0.1670389980651346
181,197.1647547375707,38,1,0,0,1.49682966882746,0.16687195906706948
182,-39.42794841122607,135,0,0,0,10.619661358057764,0.1667050871080024
183,212.7525776062053,45,1,0,0,1.4124137535644765,0.1665383820208944
184,143.92782851183296,138,1,0,0,1.3921173394724007,0.1663718436388735
185,50.64142269994834,200,0,0,1,4.45949417855475,0.16620547179523462
186,159.71196591624891,36,1,0,0,1.4063298156507502,0.16603926632343938
187,209.6248041479265,160,1,0,0,1.4180576385319643,0.16587322705711594
188,129.7145301409908,69,1,0,0,1.4038295242598837,0.16570735383005886
189,186.07254638599608,167,1,0,0,1.485944849810899,0.1655416464762288
190,209.72138166599177,43,1,0,0,1.2967236166436538,0.16537610482975254
191,157.49390533291034,26,1,0,0,1.2922029771480037,0.16521072872492282
192,185.09146730324872,37,1,0,0,1.499733642891307,0.16504551799619788
193,173.32083050457044,28,1,0,0,1.4210555542782286,0.16488047247820167
194,160.66746408858378,34,1,0,0,1.4013402709468807,0.16471559200572347
195,58.483683742209,200,0,0,1,2.5468442601240957,0.16455087641371774
196,135.09770440961304,46,1,0,0,1.4988364650777775,0.16438632553730403
197,193.51840885778103,44,1,0,0,1.4147423582679366,0.16422193921176673
198,34.33922420050628,200,0,0,1,3.9920205941972506,0.16405771727255497
199,137.1112161377644,27,1,0,0,1.4410558796187853,0.1638936595552824
200,193.91861805523465,30,1,0,0,1.4213001303944768,0.16372976589572713
201,36.08774170958963,200,0,0,1,3.873846644959281,0.1635660361298314
202,193.2093416655856,110,1,0,0,1.4982782918010087,0.16340247009370157
203,148.52028540169425,20,1,0,0,1.2828158344354426,0.16323906762360785
204,153.51905515858311,54,1,0,0,1.3823801562241107,0.16307582855598424
205,153.52850493288156,26,1,0,0,1.495460693508209,0.16291275272742828
206,175.73650133761066,28,1,0,0,1.4860359203475655,0.16274983997470083
207,13.936191260783586,200,0,0,1,3.3311626640143226,0.16258709013472614
208,163.91479588856868,20,1,0,0,1.2927914874119675,0.1624245030445914
209,237.22533647400843,47,1,0,0,1.245852201238752,0.16226207854154684
210,191.69839104292072,31,1,0,0,1.3236945070890287,0.16209981646300528
211,149.71883625514593,26,1,0,0,1.4851595485426654,0.16193771664654227
212,153.27125146233587,22,1,0,0,1.4482223197166741,0.16177577892989572
213,137.35758918552494,26,1,0,0,1.4919537137219208,0.16161400315096583
214,197.50314216881327,31,1,0,0,1.4606956280545633,0.16145238914781487
215,186.38510340444546,28,1,0,0,1.2763846595101171,0.16129093675866704
216,137.45438571918893,45,1,0,0,1.2923052494189542,0.16112964582190836
217,161.47413694258466,26,1,0,0,1.2047738449662069,0.16096851617608648
218,242.6974390891871,112,1,0,0,1.4955171288247688,0.1608075476599104
219,151.11095780774914,40,1,0,0,1.3194656089180292,0.16064674011225047
220,169.31790656677933,33,1,0,0,1.4698340032731287,0.16048609337213823
221,153.3352138425081,43,1,0,0,1.343735638041991,0.1603256072787661
222,221.2432103296448,47,1,0,0,1.3955581079457673,0.16016528167148733
223,174.6571305190132,64,1,0,0,1.3674995453701588,0.16000511638981585
224,139.53530427371228,21,1,0,0,1.4652662273395518,0.15984511127342602
225,202.25649786541786,33,1,0,0,1.363192735805965,0.1596852661621526
226,-50.0,1,0,1,0,7.675032299113861,0.15952558089599045
227,66.16945485496102,200,0,0,1,1.8709153849265374,0.15936605531509446
228,195.20345644263023,137,1,0,0,1.41185353167167,0.15920668925977935
229,119.21355014268225,15,1,0,0,1.4589648122957846,0.1590474825705196
230,243.54732530254014,56,1,0,0,1.31409455612616,0.15888843508794906
231,171.38997278421655,35,1,0,0,1.4248557292678339,0.1587295466528611
232,174.72520733404838,28,1,0,0,1.3412433659673701,0.15857081710620824
233,58.61890343031524,200,0,0,1,3.182726877099451,0.15841224628910203
234,136.00358841764609,34,1,0,0,1.4315908658552434,0.15825383404281293
235,165.06156808132178,26,1,0,0,1.3606070800928816,0.15809558020877013
236,211.9375092002507,47,1,0,0,1.2992556760649314,0.15793748462856136
237,40.63906393596464,200,0,0,1,4.595025784374675,0.1577795471439328
238,204.1642419357931,62,1,0,0,1.3962608520042739,0.15762176759678886
239,125.09177911041914,152,1,0,0,1.4447545815691418,0.15746414582919208
240,188.65534173519526,81,1,0,0,1.463239378140931,0.15730668168336287
241,146.66042942329625,26,1,0,0,1.295889393646759,0.1571493750016795
242,101.46006804591697,42,1,0,0,1.362262076036301,0.15699222562667783
243,225.9435048064853,39,1,0,0,1.3153100753358036,0.15683523340105116
244,168.51350230397134,25,1,0,0,1.229486806935307,0.1566783981676501
245,175.35512671015124,27,1,0,0,1.224475146227741,0.15652171976948245
246,136.86072782339127,104,1,0,0,1.4833416978685383,0.15636519804971297
247,204.24451813547836,34,1,0,0,1.2811389801366573,0.15620883285166326
248,167.80419285623594,79,1,0,0,1.4872150401408397,0.1560526240188116
249,123.31903154861624,29,1,0,0,1.3655228743833625,0.1558965713947928
250,168.84188359952606,45,1,0,0,1.4960652582749228,0.15574067482339798
251,193.72292906623278,36,1,0,0,1.1183857353911133,0.15558493414857458
252,154.1199959607354,68,1,0,0,1.4782920921191534,0.15542934921442603
253,201.6276062841378,32,1,0,0,1.2771787445162333,0.15527391986521158
254,209.64382324236237,41,1,0,0,1.491013627287935,0.15511864594534638
255,207.4417795723009,52,1,0,0,1.4317368950616578,0.15496352729940102
256,-50.0,1,0,1,0,3.060802795692906,0.15480856377210162
257,215.05324779029144,67,1,0,0,1.4984918288849076,0.15465375520832952
258,234.4366963179197,48,1,0,0,1.3524297646138252,0.15449910145312118
259,181.48888775062733,54,1,0,0,1.4936174701870855,0.15434460235166808
260,154.70037538995584,36,1,0,0,1.4137905080411315,0.1541902577493164
261,168.0123853003629,62,1,0,0,1.4873332436971556,0.1540360674915671
262,149.34668731910557,25,1,0,0,1.4366128303563284,0.15388203142407553
263,198.99623733552312,32,1,0,0,1.469511865140898,0.15372814939265145
264,164.61631999068993,26,1,0,0,1.3128809100575598,0.15357442124325882
265,161.85604868353863,66,1,0,0,1.498211963090149,0.15342084682201554
266,149.43459670005262,40,1,0,0,1.3690594961871188,0.15326742597519352
267,184.13736903769396,54,1,0,0,1.4532956013620857,0.15311415854921834
268,164.41766698938625,76,1,0,0,1.3916403137078692,0.15296104439066913
269,194.92533753069435,75,1,0,0,1.4159419588492275,0.15280808334627843
270,233.79538040444285,41,1,0,0,1.2648008665163826,0.15265527526293216
271,158.6597265218236,34,1,0,0,1.4290220568249554,0.15250261998766923
272,183.14723452801366,31,1,0,0,1.1768840687170348,0.15235011736768156
273,172.74514741854193,167,1,0,0,1.388474113942631,0.15219776725031386
274,169.61387367716662,67,1,0,0,1.30789483504471,0.15204556948306358
275,222.1278567979677,59,1,0,0,1.4946764441686238,0.1518935239135805
276,134.29657045964046,74,1,0,0,1.4917970154341216,0.15174163038966693
277,211.3046733001837,33,1,0,0,1.2293178790921226,0.15158988875927726
278,177.77851931799285,30,1,0,0,1.4932191908367682,0.15143829887051796
279,154.4267176408299,20,1,0,0,1.2903590120560748,0.15128686057164745
280,266.6408362155317,97,1,0,0,1.371541735554147,0.1511355737110758
281,-17.138417889551384,200,0,0,1,3.4039519423335958,0.15098443813736473
282,184.42362724518358,23,1,0,0,1.4452000005640473,0.15083345369922738
283,147.96471360412653,28,1,0,0,1.4895706437360876,0.15068262024552814
284,188.64683835564142,34,1,0,0,1.4677624317017421,0.1505319376252826
285,194.37939098693215,44,1,0,0,1.3864201740538988,0.15038140568765734
286,211.00148657729858,37,1,0,0,1.3460788263842514,0.15023102428196966
287,162.68945533723777,36,1,0,0,1.4713892919408282,0.15008079325768772
288,149.5554950948726,36,1,0,0,1.3877085426911333,0.14993071246443002
289,203.60213081590862,34,1,0,0,1.4410543525748054,0.1497807817519656
290,26.162858173672184,200,0,0,1,2.8269088736010524,0.14963100097021362
291,140.27065771611004,153,1,0,0,1.335784009918747,0.1494813699692434
292,131.0428590991946,130,1,0,0,1.4762370707666832,0.14933188859927415
293,146.3633382065046,35,1,0,0,1.4840773874837507,0.1491825567106749
294,155.85891978696358,47,1,0,0,1.4883313123445538,0.1490333741539642
295,200.8068253008533,49,1,0,0,1.3042425570779026,0.14888434077981025
296,162.4745306031839,40,1,0,0,1.4925281700486566,0.14873545643903044
297,220.3780576892106,73,1,0,0,1.4319803931833714,0.1485867209825914
298,145.98510270786224,52,1,0,0,1.383809494966842,0.14843813426160882
299,28.577004120479415,200,0,0,1,1.875676053564468,0.1482896961273472
300,179.19995259169525,34,1,0,0,1.4457116464872182,0.14814140643121984
301,148.05860003105397,19,1,0,0,1.3733667906884772,0.14799326502478863
302,201.09630892668588,44,1,0,0,1.4835569779936686,0.14784527175976386
303,64.55152048711133,200,0,0,1,2.900444172647215,0.14769742648800407
304,160.670599035948,35,1,0,0,1.3641274579575697,0.14754972906151606
305,143.3180608164268,21,1,0,0,1.2306106870574043,0.14740217933245456
306,203.580298444212,34,1,0,0,1.4088637119165632,0.1472547771531221
307,116.71713279780843,14,1,0,0,1.2681066725468662,0.147107522375969
308,196.93447956506054,30,1,0,0,1.4252716935410772,0.146960414853593
309,61.77281898892677,200,0,0,1,2.648672002974168,0.14681345443873942
310,198.3266532052988,44,1,0,0,1.4718444779861206,0.14666664098430068
311,238.6999147570185,56,1,0,0,1.3736468321490916,0.1465199743433164
312,52.48046561186804,200,0,0,1,1.9096353373598585,0.14637345436897306
313,197.50414193051347,28,1,0,0,1.4018499029722429,0.1462270809146041
314,181.99075226656817,170,1,0,0,1.3852137984353947,0.1460808538336895
315,142.78992795595923,99,1,0,0,1.471371260950344,0.1459347729798558
316,2.1677584626150956,200,0,0,1,3.5614150446287534,0.14578883820687594
317,132.3596657273773,120,1,0,0,1.2972685766824872,0.1456430493686691
318,133.74630693739567,95,1,0,0,1.4545447257073811,0.1454974063193004
319,180.57531246683106,97,1,0,0,1.4763798387293134,0.14535190891298108
320,-16.81171684512597,200,0,0,1,2.5055705394077914,0.14520655700406812
321,175.76608132990702,32,1,0,0,1.4356312836860805,0.14506135044706406
322,233.40230116157147,127,1,0,0,1.428572838671694,0.144916289096617
323,147.6517286912584,82,1,0,0,1.4719388731158904,0.14477137280752037
324,189.1052699289139,86,1,0,0,1.413001317673717,0.14462660143471284
325,29.33342736107672,200,0,0,1,1.8863583099025059,0.14448197483327815
326,166.56434530361446,43,1,0,0,1.410687005069636,0.14433749285844485
327,185.44969820523946,30,1,0,0,1.4702580161320309,0.1441931553655864
328,188.34104645979681,58,1,0,0,1.4464612591596664,0.14404896221022084
329,154.39873620823477,22,1,0,0,1.1168116821821725,0.1439049132480106
330,180.1338609995964,57,1,0,0,1.4922450853417994,0.1437610083347626
331,198.89478976622422,54,1,0,0,1.37413270099685,0.14361724732642783
332,182.29466362873478,22,1,0,0,1.3570337667331762,0.14347363007910138
333,201.1342501388956,34,1,0,0,1.4928007542497155,0.1433301564490223
334,-50.0,1,0,1,0,4.977323001609441,0.14318682629257326
335,173.9288274806982,34,1,0,0,1.2902437604722596,0.1430436394662807
336,199.7622077535317,36,1,0,0,1.3641279223362786,0.14290059582681444
337,130.94279778169772,13,1,0,0,1.4564914305002716,0.1427576952309876
338,215.50938869865394,39,1,0,0,1.3614570146555511,0.14261493753575663
339,158.42685173053397,49,1,0,0,1.4964273275409916,0.14247232259822087
340,179.68920240882068,48,1,0,0,1.2695772359063284,0.14232985027562264
341,216.14177680466616,43,1,0,0,1.4662879139670866,0.14218752042534702
342,170.36446991724733,23,1,0,0,1.4902998135802674,0.1420453329049217
343,140.09020536367564,52,1,0,0,1.4462059542241903,0.14190328757201676
344,138.3899823918081,27,1,0,0,1.4227117601753068,0.14176138428444474
345,203.94206973628448,36,1,0,0,1.4253505065590157,0.14161962290016028
346,147.88681935075945,36,1,0,0,1.4397686940258687,0.14147800327726012
347,131.3048018038225,20,1,0,0,1.4476994721628575,0.14133652527398285
348,144.38075164035493,179,1,0,0,1.496776400867261,0.1411951887487089
349,131.29742268394398,200,0,0,1,2.6442335616449744,0.14105399355996018
350,176.8846279812598,25,1,0,0,1.3455481957672426,0.14091293956640022
351,236.29487023891602,120,1,0,0,1.4769283056166047,0.14077202662683383
352,154.36904961806857,25,1,0,0,1.4777355590875287,0.14063125460020698
353,-50.0,1,0,1,0,6.601511906220314,0.14049062334560677
354,144.67804514173307,17,1,0,0,1.4501849093282109,0.14035013272226116
355,4.2225613117472305,200,0,0,1,2.355650374145396,0.14020978258953892
356,162.04633715503422,23,1,0,0,1.4664110949184395,0.14006957280694937
357,183.8187905225151,33,1,0,0,1.3215468725930024,0.1399295032341424
358,181.03951318760517,32,1,0,0,1.2220151908929215,0.13978957373090828
359,183.40294472449602,22,1,0,0,1.385022751559817,0.13964978415717738
360,135.49310941876115,133,1,0,0,1.4596427801294753,0.13951013437302018
361,140.38711589422576,77,1,0,0,1.4825773779768414,0.13937062423864718
362,-50.0,1,0,1,0,3.3437952100238517,0.13923125361440852
363,134.09621014104385,24,1,0,0,1.3751177792044091,0.13909202236079413
364,155.074926792395,23,1,0,0,1.3919841724373536,0.13895293033843334
365,-50.0,1,0,1,0,9.286639174785778,0.1388139774080949
366,162.63290422796075,23,1,0,0,1.4174566897707985,0.1386751634306868
367,205.37465114688047,44,1,0,0,1.4057425901383018,0.13853648826725612
368,232.37172190661846,45,1,0,0,1.3336763814639747,0.13839795177898884
369,161.18955292960305,27,1,0,0,1.3499173354711924,0.13825955382720986
370,139.49190580923215,18,1,0,0,1.3317411048632544,0.13812129427338266
371,207.8651381669436,47,1,0,0,1.4774799774937857,0.13798317297910928
372,235.77630840137257,46,1,0,0,1.3928862119753667,0.13784518980613017
373,256.32234959356947,50,1,0,0,1.368848965541493,0.13770734461632403
374,167.60955055053904,28,1,0,0,1.47897518303448,0.1375696372717077
375,191.2752171962589,41,1,0,0,1.2939196258664307,0.137432067634436
376,126.8281373426739,30,1,0,0,1.347450952979594,0.13729463556680155
377,249.9051286007347,55,1,0,0,1.3260375420810502,0.13715734093123474
378,141.5110852944334,17,1,0,0,1.486994698268795,0.13702018359030352
379,264.05032922904985,61,1,0,0,1.4054118862217033,0.13688316340671322
380,174.35731580661894,30,1,0,0,1.4873424489646065,0.1367462802433065
381,181.44004466522736,26,1,0,0,1.424712945476987,0.1366095339630632
382,141.00932321302594,22,1,0,0,1.4808265019767077,0.13647292442910014
383,209.39446882836148,35,1,0,0,1.449910109336167,0.13633645150467105
384,172.2091681651616,76,1,0,0,1.4801904485073103,0.13620011505316637
385,165.02590098613095,141,1,0,0,1.4779648057500558,0.13606391493811318
386,155.87871777905414,26,1,0,0,1.4318707074038872,0.1359278510231751
387,170.8099669631525,23,1,0,0,1.476846762728232,0.1357919231721519
388,139.61634845757266,16,1,0,0,1.257920126633061,0.13565613124897977
389,162.12472119296308,25,1,0,0,1.3783508952797088,0.13552047511773077
390,190.00309041203042,29,1,0,0,1.2305925802466235,0.13538495464261305
391,160.17304393392493,50,1,0,0,1.497908593479807,0.13524956968797044
392,173.2856876055107,25,1,0,0,1.3493899245070724,0.13511432011828248
393,163.485369145322,33,1,0,0,1.35226337927078,0.1349792057981642
394,129.4866590512062,13,1,0,0,1.4433785736214377,0.13484422659236603
395,140.34895336962404,36,1,0,0,1.3002664195521842,0.13470938236577365
396,170.60447330265873,61,1,0,0,1.4681988378035586,0.1345746729834079
397,164.0669979973348,41,1,0,0,1.4727542115944263,0.13444009831042447
398,168.59104545687148,54,1,0,0,1.4050924268849356,0.13430565821211404
399,197.54564032506795,65,1,0,0,1.4715158612338608,0.13417135255390195
400,59.70513434180173,200,0,0,1,2.3743292274578987,0.13403718120134803
401,184.7308376619716,30,1,0,0,1.4093923603214193,0.13390314402014666
402,214.6395206083684,41,1,0,0,1.3669871544386298,0.13376924087612654
403,175.5467964065076,57,1,0,0,1.4891027283590488,0.1336354716352504
404,163.61560878494524,22,1,0,0,1.2883774645279606,0.13350183616361516
405,198.76766252413773,53,1,0,0,1.436450412933276,0.13336833432745154
406,207.66689562021793,30,1,0,0,1.3282363115550322,0.1332349659931241
407,169.26794869215877,44,1,0,0,1.321563841387786,0.13310173102713097
408,147.29978819425398,56,1,0,0,1.227704533624118,0.13296862929610384
409,222.08042503118045,43,1,0,0,1.4851195227695975,0.13283566066680771
410,176.0953115859314,24,1,0,0,1.401522630367321,0.13270282500614092
411,144.4792407598081,20,1,0,0,1.4423075003615071,0.1325701221811348
412,199.54437083566617,38,1,0,0,1.4367507547005995,0.13243755205895366
413,182.49473120017575,27,1,0,0,1.494723228331373,0.1323051145068947
414,190.3716466017488,29,1,0,0,1.4923639361318566,0.13217280939238782
415,151.0763881717589,21,1,0,0,1.4602311836213013,0.13204063658299542
416,56.7037286295147,200,0,0,1,2.825614191090148,0.13190859594641244
417,-50.0,1,0,1,0,2.351934791579344,0.131776687350466
418,168.40715964747784,30,1,0,0,1.3749535069710872,0.13164491066311554
419,42.53151493775329,200,0,0,1,3.8226082189535893,0.13151326575245242
420,168.9360862126859,21,1,0,0,1.46667775770915,0.13138175248669998
421,199.89030848931287,156,1,0,0,1.483333698834804,0.13125037073421328
422,226.37991922494012,46,1,0,0,1.3485439358625004,0.13111912036347906
423,146.94704100847093,105,1,0,0,1.4534648949078592,0.13098800124311558
424,165.7000443970398,34,1,0,0,1.419240506490378,0.13085701324187246
425,100.95487186393248,189,1,0,0,1.4936104645246275,0.13072615622863057
426,198.98179441746237,28,1,0,0,1.458181723770714,0.13059543007240196
427,168.13119179627967,67,1,0,0,1.4482471657928637,0.13046483464232955
428,172.05144454838342,54,1,0,0,1.4722213168988787,0.13033436980768723
429,175.67714655616226,25,1,0,0,1.2724563976806917,0.13020403543787953
430,176.39530082052516,29,1,0,0,1.408489618892934,0.13007383140244166
431,150.5517941920371,19,1,0,0,1.2752116075037,0.12994375757103924
432,200.18316632665613,30,1,0,0,1.2159680649833786,0.12981381381346818
433,167.1734250766087,26,1,0,0,1.312720504850027,0.12968399999965471
434,148.92688740102514,28,1,0,0,1.1790588807159665,0.12955431599965506
435,153.96236987456575,23,1,0,0,1.4607056687185191,0.1294247616836554
436,174.74748028114354,44,1,0,0,1.3919607632098352,0.12929533692197176
437,173.15115884568684,27,1,0,0,1.4736787124838153,0.12916604158504977
438,127.55508991683864,124,1,0,0,1.481334903126372,0.12903687554346474
439,194.56746338715368,28,1,0,0,1.4607725622433565,0.12890783866792127
440,185.95588420203327,38,1,0,0,1.3886171960848706,0.12877893082925335
441,170.8350230520489,63,1,0,0,1.471788212028038,0.12865015189842408
442,230.97127027925657,40,1,0,0,1.2580665737655075,0.12852150174652566
443,147.45366931521013,15,1,0,0,1.2230411544215847,0.12839298024477913
444,162.36991539633837,48,1,0,0,1.4836564085476853,0.12826458726453435
445,126.75412740470074,31,1,0,0,1.428212207224628,0.12813632267726982
446,180.77020756800994,25,1,0,0,1.2911031146554335,0.12800818635459255
447,160.38047643291134,18,1,0,0,1.3876734018215495,0.12788017816823796
448,119.74951253794035,24,1,0,0,1.3212489030062708,0.1277522979900697
449,166.13474104474417,30,1,0,0,1.2229813451001605,0.12762454569207965
450,177.1356328210646,21,1,0,0,1.3987698901650458,0.12749692114638755
451,153.85230234094098,21,1,0,0,1.420316020907204,0.1273694242252412
452,216.4864023772135,38,1,0,0,1.2422592843711502,0.12724205480101594
453,122.78082145576758,105,1,0,0,1.4453349089092487,0.12711481274621492
454,213.68880511904666,44,1,0,0,1.3792062219443622,0.12698769793346873
455,164.74248076403097,52,1,0,0,1.3660106975233406,0.12686071023553522
456,145.27808439129447,38,1,0,0,1.3724112772205104,0.1267338495252997
457,121.64404429667199,130,1,0,0,1.4282037550156663,0.1266071156757744
458,154.4479486171126,26,1,0,0,1.4096568496386876,0.12648050856009863
459,145.3182615946351,17,1,0,0,1.4293888262120173,0.12635402805153853
460,123.59067090613273,54,1,0,0,1.4377792384176633,0.12622767402348697
461,-50.0,1,0,1,0,3.3214463785238784,0.1261014463494635
462,149.89752884785742,15,1,0,0,1.2982556316275324,0.12597534490311404
463,-50.0,1,0,1,0,7.910394791683625,0.12584936955821094
464,147.62405718634338,25,1,0,0,1.2242913802968654,0.1257235201886527
465,177.60914794306564,25,1,0,0,1.2479182602026522,0.12559779666846407
466,109.94496964549165,8,1,0,0,1.264150571489494,0.1254721988717956
467,198.6755413808549,37,1,0,0,1.4426894145868634,0.1253467266729238
468,174.3397549229701,61,1,0,0,1.3275363113942227,0.12522137994625088
469,160.17261144660978,29,1,0,0,1.4521829205917787,0.12509615856630463
470,-50.0,1,0,1,0,4.680121028374827,0.12497106240773832
471,141.73883531477185,17,1,0,0,1.262948114648725,0.12484609134533059
472,194.08428468172937,28,1,0,0,1.4527958291054959,0.12472124525398526
473,182.49554760202662,27,1,0,0,1.393713379674536,0.12459652400873128
474,183.68333053509625,31,1,0,0,1.3409575047819762,0.12447192748472254
475,230.11043900618148,47,1,0,0,1.32377914339144,0.12434745555723781
476,218.39316166249375,34,1,0,0,1.3292577075090002,0.12422310810168058
477,125.05511993032076,8,1,0,0,1.3837846972594336,0.12409888499357889
478,149.897358944366,126,1,0,0,1.4682171148466976,0.12397478610858532
479,193.9847782817609,175,1,0,0,1.4290196507838282,0.12385081132247673
480,167.38224964157845,21,1,0,0,1.3611073788372008,0.12372696051115427
481,272.13284231029377,59,1,0,0,1.2316127373919166,0.1236032335506431
482,182.55480611305478,35,1,0,0,1.4569549261113712,0.12347963031709247
483,179.441799255432,36,1,0,0,1.4130188965056458,0.12335615068677537
484,177.74177248843722,37,1,0,0,1.4352321604627118,0.12323279453608858
485,208.70890982709005,41,1,0,0,1.4588946099229834,0.1231095617415525
486,206.40438829077505,31,1,0,0,1.396795239094494,0.12298645217981095
487,202.597359101405,48,1,0,0,1.4737316057360244,0.12286346572763114
488,281.6020113774596,62,1,0,0,1.4567167553436264,0.12274060226190352
489,239.21375998174477,45,1,0,0,1.4727083214383738,0.1226178616596416
490,174.3927997687167,46,1,0,0,1.457885240195652,0.12249524379798196
491,189.6107820747004,39,1,0,0,1.4057987332391972,0.12237274855418397
492,21.387173736139037,200,0,0,1,3.3630209589152074,0.1222503758056298
493,201.93293425245233,45,1,0,0,1.475730283533185,0.12212812542982417
494,189.34215238961713,25,1,0,0,1.3321140638854718,0.12200599730439435
495,181.1520381153395,29,1,0,0,1.4465709475059987,0.12188399130708993
496,123.81330900808236,18,1,0,0,1.4087558557393118,0.12176210731578285
497,154.56800974063725,24,1,0,0,1.245553689617089,0.12164034520846707
498,113.55929392972831,187,1,0,0,1.384122060149517,0.12151870486325861
499,238.20657149003952,100,1,0,0,1.429059815334852,0.12139718615839534
500,208.1773541288683,40,1,0,0,1.3320252394455978,0.12127578897223695
501,153.39841036379462,21,1,0,0,1.3955586148255659,0.12115451318326471
502,168.72478653566844,31,1,0,0,1.3692724352807324,0.12103335867008146
503,186.88591490388006,51,1,0,0,1.4368702376907707,0.12091232531141137
504,149.53396242673287,31,1,0,0,1.3287872632485163,0.12079141298609995
505,109.58085438488567,7,1,0,0,1.3795393348133842,0.12067062157311387
506,164.4851486207708,28,1,0,0,1.3501804098362482,0.12054995095154074
507,194.153139865784,48,1,0,0,1.4798154569273596,0.12042940100058919
508,197.02448674953678,29,1,0,0,1.43487212055642,0.1203089715995886
509,145.0376992129384,17,1,0,0,1.4255843949408382,0.12018866262798902
510,123.11588579956,18,1,0,0,1.3739258383226671,0.12006847396536102
511,138.7694160564708,21,1,0,0,1.424221883149533,0.11994840549139568
512,220.1844992683249,41,1,0,0,1.3210709194240968,0.11982845708590428
513,97.43882003093337,140,1,0,0,1.4227218806784188,0.11970862862881837
514,194.3749559980506,31,1,0,0,1.3801834083911402,0.11958892000018956
515,135.35284411488385,23,1,0,0,1.2967421031826576,0.11946933108018937
516,200.2231640500249,28,1,0,0,1.4241036938785094,0.11934986174910918
517,167.54075765843425,29,1,0,0,1.3850996860289182,0.11923051188736007
518,151.88047869278762,19,1,0,0,1.4477586267648412,0.11911128137547272
519,135.65133586656782,36,1,0,0,1.3895989042383015,0.11899217009409724
520,199.1538142908937,85,1,0,0,1.4652399457535865,0.11887317792400315
521,166.41906244710137,30,1,0,0,1.2718909095901956,0.11875430474607913
522,166.25656456417647,26,1,0,0,1.379821848907208,0.11863555044133306
523,162.6340522108193,27,1,0,0,1.4955555111932846,0.11851691489089172
524,135.6967689290948,179,1,0,0,1.4790489997682839,0.11839839797600082
525,191.7717494462632,32,1,0,0,1.4313486842026435,0.11827999957802482
526,155.2705734472625,21,1,0,0,1.3054230857989602,0.11816171957844679
527,109.78753361206672,5,1,0,0,1.3936305026773181,0.11804355785886836
528,138.81559086180104,17,1,0,0,1.4833080046125673,0.11792551430100949
529,-50.0,1,0,1,0,4.1591814158445946,0.11780758878670848
530,136.07572868029473,34,1,0,0,1.4534495913215997,0.11768978119792178
531,205.64333327681206,29,1,0,0,1.2866103929013828,0.11757209141672385
532,195.70124390643718,45,1,0,0,1.459419684793812,0.11745451932530714
533,258.028486370186,57,1,0,0,1.406366482898894,0.11733706480598181
534,267.21800081501203,62,1,0,0,1.2057674214308247,0.11721972774117584
535,129.33781398081942,18,1,0,0,1.451190141583748,0.11710250801343465
536,159.7376498207255,24,1,0,0,1.3418856146889926,0.11698540550542123
537,218.38912503676477,33,1,0,0,1.4239221241364692,0.11686842009991581
538,168.46251540004903,32,1,0,0,1.3038045418801503,0.11675155167981588
539,23.57605166721664,200,0,0,1,4.100224700231844,0.11663480012813608
540,229.79739562793355,48,1,0,0,1.3643954695453153,0.11651816532800795
541,182.92695161512017,36,1,0,0,1.4975329430077333,0.11640164716267992
542,-50.0,1,0,1,0,5.785515715717332,0.11628524551551725
543,205.66233095104587,30,1,0,0,1.225682576311047,0.11616896027000173
544,-2.797113588319756,200,0,0,1,4.124474203673899,0.11605279130973173
545,195.49429451275438,34,1,0,0,1.4304716070362224,0.115936738518422
546,151.1133367663887,30,1,0,0,1.2712585291899088,0.11582080177990357
547,155.96359964938858,31,1,0,0,1.251758421630259,0.11570498097812368
548,208.74244770137517,95,1,0,0,1.4974823568904976,0.11558927599714555
549,145.41439942886427,77,1,0,0,1.4497075007537905,0.1154736867211484
550,163.99492456271554,45,1,0,0,1.4058026557095245,0.11535821303442724
551,171.84596798515085,19,1,0,0,1.0734797936577822,0.11524285482139283
552,151.11935765087273,22,1,0,0,1.3707650809239944,0.11512761196657142
553,163.62015589886406,29,1,0,0,1.4311942711729484,0.11501248435460486
554,172.73630934861652,33,1,0,0,1.1922714632245475,0.11489747187025026
555,171.90287944678545,27,1,0,0,1.45742281255497,0.11478257439838001
556,156.99592664624566,20,1,0,0,1.3144021484715882,0.11466779182398162
557,187.70318682651947,42,1,0,0,1.4896483584632583,0.11455312403215763
558,168.3082703533583,26,1,0,0,1.3585911191432534,0.11443857090812548
559,189.39313918281738,38,1,0,0,1.4821344846035567,0.11432413233721737
560,175.1990372591398,35,1,0,0,1.3013606524881525,0.11420980820488014
561,171.467911668578,33,1,0,0,1.2051026008228924,0.11409559839667525
562,111.81826427849782,8,1,0,0,1.335631605788709,0.1139815027982786
563,207.45986077558746,44,1,0,0,1.4459599690503524,0.1138675212954803
564,182.32116658199575,55,1,0,0,1.4989115919643856,0.11375365377418484
565,136.697223345741,12,1,0,0,1.4134159726212416,0.11363990012041064
566,206.68981384243727,35,1,0,0,1.4831822144980527,0.11352626022029022
567,132.08692271326606,30,1,0,0,1.382697511213149,0.11341273396006996
568,202.91310559176722,39,1,0,0,1.3191224953170693,0.11329932122610986
569,161.20631525657768,38,1,0,0,1.3501994049049848,0.11318602190488376
570,168.22200516181232,26,1,0,0,1.337755342808436,0.11307283588297888
571,-47.831970233450924,2,0,1,0,7.387179875981137,0.1129597630470959
572,181.80456208305066,69,1,0,0,1.4320412557891469,0.1128468032840488
573,230.60393141130282,47,1,0,0,1.4545930265176215,0.11273395648076474
574,215.83664542402872,41,1,0,0,1.32390299775731,0.112621222524284
575,140.7429888598205,19,1,0,0,1.4861816968469856,0.11250860130175971
576,205.6716619666135,46,1,0,0,1.368607811050835,0.11239609270045794
577,176.65572737431796,58,1,0,0,1.4980481248975974,0.11228369660775749
578,152.32254853552467,16,1,0,0,1.353425868169546,0.11217141291114972
579,191.66503659569014,39,1,0,0,1.3754692737460985,0.1120592414982386
580,193.1811408443253,36,1,0,0,1.2936526348132082,0.11194718225674034
581,182.58701438721778,187,1,0,0,1.464339951235616,0.11183523507448359
582,182.68435657332577,50,1,0,0,1.4936169637740226,0.11172339983940911
583,43.58931293211798,200,0,0,1,4.363600694100407,0.11161167643956971
584,144.701899905375,21,1,0,0,1.350695575455222,0.11150006476313012
585,140.973713278854,19,1,0,0,1.425823138178938,0.111388564698367
586,147.1282918929975,62,1,0,0,1.388325971960115,0.11127717613366864
587,168.62830782248773,28,1,0,0,1.424792399815709,0.11116589895753498
588,155.95235624702792,48,1,0,0,1.4879007095314682,0.11105473305857744
589,129.2710295536645,12,1,0,0,1.3625330463915568,0.11094367832551887
590,232.28389073386887,41,1,0,0,1.4729673479810634,0.11083273464719334
591,-37.25334860851689,6,0,1,0,6.333561175910488,0.11072190191254615
592,179.72600184884055,90,1,0,0,1.3984255375991512,0.1106111800106336
593,184.96895848127767,55,1,0,0,1.4895723943881127,0.11050056883062297
594,125.00150161541089,9,1,0,0,1.399117730021103,0.11039006826179235
595,164.9206912771344,36,1,0,0,1.452758745120923,0.11027967819353056
596,158.28960761010217,25,1,0,0,1.4802216450019967,0.11016939851533702
597,169.76653232478205,23,1,0,0,1.4526915117347967,0.1100592291168217
598,-39.33120152893313,4,0,1,0,9.075472179570992,0.10994916988770487
599,185.04700831404625,29,1,0,0,1.2099874404049709,0.10983922071781715
600,236.88167236216765,61,1,0,0,1.465884927034258,0.10972938149709935
601,-50.0,1,0,1,0,6.334840270158201,0.10961965211560223
602,158.7109488896843,24,1,0,0,1.4976288087553922,0.10951003246348663
603,195.77840249670408,25,1,0,0,1.4201689452461288,0.10940052243102315
604,210.42461080403172,31,1,0,0,1.3367623842115726,0.10929112190859212
605,151.54022524414222,26,1,0,0,1.318370517437623,0.10918183078668353
606,255.42217150015716,62,1,0,0,1.4725143081470777,0.10907264895589686
607,155.92571526360055,36,1,0,0,1.4436609421923858,0.10896357630694097
608,144.07594023386977,33,1,0,0,1.4570633745846908,0.10885461273063401
609,169.31514258093029,22,1,0,0,1.3752369795461878,0.10874575811790338
610,222.73908487503812,45,1,0,0,1.455457830116554,0.10863701235978547
611,214.58745321633927,58,1,0,0,1.4944721828759617,0.10852837534742568
612,230.10850803298928,38,1,0,0,1.4556520161806492,0.10841984697207828
613,156.74609062334773,30,1,0,0,1.4540115932168587,0.10831142712510618
614,116.43097363121834,37,1,0,0,1.3912675341685068,0.10820311569798108
615,159.14931131211733,21,1,0,0,1.392649756894384,0.1080949125822831
616,108.36633970546887,4,1,0,0,1.3889623381655873,0.10798681766970082
617,156.08605147483664,44,1,0,0,1.4939922675246147,0.10787883085203112
618,170.46783496470957,30,1,0,0,1.4869932002641915,0.10777095202117909
619,264.15618095493164,57,1,0,0,1.4600111747750795,0.10766318106915791
620,181.80363578246596,36,1,0,0,1.3782675565161608,0.10755551788808876
621,151.23597659898047,21,1,0,0,1.265969634240475,0.10744796237020066
622,259.84835236256924,47,1,0,0,1.3854349387041474,0.10734051440783046
623,164.58591671862814,120,1,0,0,1.4909442558188035,0.10723317389342263
624,208.89870041293085,75,1,0,0,1.442527733426569,0.10712594071952919
625,173.75053158467927,22,1,0,0,1.3947145413840458,0.10701881477880969
626,201.86638103124966,42,1,0,0,1.4471409695510253,0.10691179596403087
627,195.50748313625667,61,1,0,0,1.4687327087432471,0.10680488416806684
628,128.80452524507984,35,1,0,0,1.4079005597662901,0.10669807928389877
629,177.8017355994349,33,1,0,0,1.4131556110372991,0.10659138120461487
630,141.17197024160853,32,1,0,0,1.4884173956831273,0.10648478982341025
631,129.25501035807795,13,1,0,0,1.2056517466522432,0.10637830503358683
632,204.4165825797787,50,1,0,0,1.450375531263393,0.10627192672855326
633,57.047258227922875,200,0,0,1,2.290763399337159,0.1061656548018247
634,264.00293854712083,66,1,0,0,1.4893259216018484,0.10605948914702289
635,222.8120328357863,57,1,0,0,1.4728530276587324,0.10595342965787585
636,168.21414445737827,26,1,0,0,1.4932540888951154,0.10584747622821798
637,-6.425683713321007,200,0,0,1,2.898700954098848,0.10574162875198977
638,143.57335192981154,22,1,0,0,1.4074416348432763,0.10563588712323778
639,192.9049736217147,36,1,0,0,1.290653688966327,0.10553025123611454
640,142.38966191346827,27,1,0,0,1.4596521131291635,0.10542472098487841
641,163.72990096899005,76,1,0,0,1.4927130459595697,0.10531929626389354
642,162.1210064596359,26,1,0,0,1.4604236295375457,0.10521397696762964
643,176.30767734675914,24,1,0,0,1.4411943248760006,0.10510876299066202
644,-31.403629161055452,200,0,0,1,5.4441455302066775,0.10500365422767136
645,54.71811855611662,200,0,0,1,1.8797684786815814,0.10489865057344368
646,95.80177569147152,23,1,0,0,1.4864133657258523,0.10479375192287024
647,176.53458738264885,22,1,0,0,1.3207682317127534,0.10468895817094737
648,23.799100333632158,200,0,0,1,3.134762559818707,0.10458426921277642
649,23.236716720735203,200,0,0,1,3.206248334947778,0.10447968494356363
650,-18.262460197424804,200,0,0,1,2.3035554205819895,0.10437520525862008
651,138.51319134661975,62,1,0,0,1.4982174232196763,0.10427083005336146
652,158.6844053609746,51,1,0,0,1.368615584475093,0.10416655922330809
653,162.5075951923181,20,1,0,0,1.4817698761624867,0.10406239266408479
654,163.60954569539288,66,1,0,0,1.4438786510738588,0.1039583302714207
655,175.01777662013322,32,1,0,0,1.3762347761650147,0.10385437194114928
656,170.97290114508638,100,1,0,0,1.4458924765210377,0.10375051756920813
657,181.5662187671701,30,1,0,0,1.4174493815792304,0.10364676705163894
658,176.81356916504825,114,1,0,0,1.4576408725180323,0.10354312028458729
659,155.74666820531974,93,1,0,0,1.1609282940783505,0.1034395771643027
660,169.7185269041717,25,1,0,0,1.3048477264055665,0.1033361375871384
661,140.48980806919826,160,1,0,0,1.45658410010118,0.10323280144955126
662,22.1938880032368,200,0,0,1,8.449721510300298,0.1031295686481017
663,165.01508160358006,148,1,0,0,1.4311231909197313,0.10302643907945362
664,177.86378893171374,46,1,0,0,1.4282867262570997,0.10292341264037415
665,212.08247582198857,34,1,0,0,1.3818188551384796,0.10282048922773378
666,153.60285294518306,32,1,0,0,1.4809799791634233,0.10271766873850606
667,162.8722474445629,36,1,0,0,1.4795237325042851,0.10261495106976753
668,180.41637495818972,27,1,0,0,1.3098736611368844,0.10251233611869777
669,211.72555331226843,39,1,0,0,1.4411180714838538,0.10240982378257908
670,174.93552751434424,128,1,0,0,1.451555409918582,0.1023074139587965
671,158.14398022670775,41,1,0,0,1.4777382115258246,0.1022051065448377
672,142.84104607260707,39,1,0,0,1.3865873898507675,0.10210290143829287
673,235.36924120642277,57,1,0,0,1.3365982365132059,0.10200079853685456
674,219.11866659593906,44,1,0,0,1.418197786142824,0.10189879773831773
675,231.12766013347857,85,1,0,0,1.4903150663759845,0.1017968989405794
676,131.22598463961225,69,1,0,0,1.4553832698410527,0.10169510204163881
677,152.48385937898374,18,1,0,0,1.4377695699171873,0.10159340693959718
678,159.2235701361205,45,1,0,0,1.4932707413532689,0.10149181353265757
679,217.1267769479307,36,1,0,0,1.360588884381096,0.10139032171912493
680,161.08091800330058,24,1,0,0,1.478337719034665,0.1012889313974058
681,162.29660614608613,55,1,0,0,1.4587698964059974,0.10118764246600838
682,152.48891435618168,24,1,0,0,1.2062179447969459,0.10108645482354238
683,154.18905718302096,46,1,0,0,1.4223435798790198,0.10098536836871884
684,141.83878805060067,17,1,0,0,1.3758424949107015,0.10088438300035013
685,157.20769989652493,27,1,0,0,1.495292792102001,0.10078349861734977
686,135.65925405692238,19,1,0,0,1.4188872025913133,0.10068271511873242
687,145.9768634715486,14,1,0,0,1.4836440658549364,0.10058203240361369
688,252.931280417135,47,1,0,0,1.4043479195440782,0.10048145037121009
689,211.14168593643998,66,1,0,0,1.4982901896526593,0.10038096892083886
690,161.79729907621726,21,1,0,0,1.4996702139880078,0.10028058795191802
691,139.4840738704185,13,1,0,0,1.4631285006891763,0.1001803073639661
692,211.85667759803243,41,1,0,0,1.3328380438902125,0.10008012705660214
693,55.462482017898694,200,0,0,1,3.1747068871370034,0.09998004692954554
694,163.78845925087447,26,1,0,0,1.4374108061802036,0.099880066882616
695,34.58087565660818,200,0,0,1,2.3101821483339626,0.09978018681573338
696,191.26943287625753,97,1,0,0,1.466750077600046,0.09968040662891764
697,161.06224455558333,48,1,0,0,1.3922561308668346,0.09958072622228872
698,183.53857236598907,22,1,0,0,1.4976888288635406,0.09948114549606644
699,189.27273527102903,32,1,0,0,1.491158083739469,0.09938166435057037
700,199.22499593186427,30,1,0,0,1.2188615531312483,0.0992822826862198
701,174.97051872019742,28,1,0,0,1.310225717854915,0.09918300040353357
702,129.5171712554276,200,0,0,1,2.209708620613795,0.09908381740313005
703,-11.276440693151752,200,0,0,1,3.1773738615831824,0.09898473358572692
704,165.359216141565,30,1,0,0,1.460011542812663,0.09888574885214119
705,158.9720286353408,67,1,0,0,1.4938436663356272,0.09878686310328905
706,214.336675519178,113,1,0,0,1.4527514683857554,0.09868807624018576
707,200.28867517315228,38,1,0,0,1.3981136278095134,0.09858938816394558
708,190.66375771151544,31,1,0,0,1.4889195353927556,0.09849079877578162
709,134.09515231883495,10,1,0,0,1.3928175461407482,0.09839230797700585
710,172.43341201571477,26,1,0,0,1.466370426646217,0.09829391566902884
711,111.25530830004033,12,1,0,0,1.4621916606399634,0.09819562175335982
712,142.73535246642632,28,1,0,0,1.3755006684563271,0.09809742613160645
713,154.26053606490711,26,1,0,0,1.3555392372007329,0.09799932870547484
714,168.81860860754384,22,1,0,0,1.2711948053899913,0.09790132937676937
715,158.2543436030218,23,1,0,0,1.232427302227032,0.0978034280473926
716,177.95654002874448,33,1,0,0,1.493834904236712,0.0977056246193452
717,184.4257635223853,32,1,0,0,1.4168749343841738,0.09760791899472587
718,177.78617732253747,37,1,0,0,1.3993576024381322,0.09751031107573113
719,177.2442198585888,39,1,0,0,1.4005992431268066,0.09741280076465542
720,166.578168737209,24,1,0,0,1.484470581580187,0.09731538796389075
721,224.3064139492908,48,1,0,0,1.38583206923254,0.09721807257592685
722,153.79906285879994,23,1,0,0,1.4097025662842702,0.09712085450335094
723,220.6079080520398,39,1,0,0,1.380993097291441,0.09702373364884759
724,164.26924090820486,63,1,0,0,1.475895328380501,0.09692670991519874
725,221.2032030775107,41,1,0,0,1.4316316864780543,0.09682978320528353
726,162.08723165624707,43,1,0,0,1.4253575781281007,0.09673295342207826
727,170.13740867047147,26,1,0,0,1.4840944351753484,0.09663622046865616
728,122.71330631332131,18,1,0,0,1.4932551109793522,0.09653958424818752
729,183.81437227463368,23,1,0,0,1.3379734148462414,0.09644304466393933
730,133.92242014800973,13,1,0,0,1.3199005267608097,0.09634660161927538
731,198.02797183323838,25,1,0,0,1.4112970222791954,0.0962502550176561
732,159.03218415477355,24,1,0,0,1.2216938862744153,0.09615400476263847
733,181.6723380680636,35,1,0,0,1.4795188721735435,0.09605785075787582
734,63.64831978808414,200,0,0,1,2.362807501673578,0.09596179290711794
735,161.84455319772132,25,1,0,0,1.3638815540336262,0.09586583111421082
736,210.29863083974504,56,1,0,0,1.4863924706551683,0.09576996528309661
737,193.59358570250544,24,1,0,0,1.434555347073668,0.09567419531781352
738,164.27991399829216,30,1,0,0,1.3591330697978483,0.09557852112249571
739,170.2247500141079,35,1,0,0,1.4971870461162124,0.0954829426013732
740,125.93570236845379,23,1,0,0,1.4763275827681648,0.09538745965877184
741,153.43066532115122,59,1,0,0,1.2237618672226913,0.09529207219911306
742,147.68142166485606,13,1,0,0,1.1203300750198282,0.09519678012691396
743,119.17768934219613,15,1,0,0,1.4129618074729,0.09510158334678703
744,166.15187029268634,22,1,0,0,1.4109754456082253,0.09500648176344025
745,190.18644430680254,149,1,0,0,1.4740028598372448,0.09491147528167682
746,180.967926045063,30,1,0,0,1.2927150389021822,0.09481656380639514
747,71.21582190939074,200,0,0,1,2.4359316941177096,0.09472174724258874
748,175.40699291382793,40,1,0,0,1.3576987162333538,0.09462702549534614
749,182.8798549641824,21,1,0,0,1.3615242503633382,0.0945323984698508
750,157.31774598763135,25,1,0,0,1.4807991909727836,0.09443786607138095
751,189.83932477840523,78,1,0,0,1.499760671312086,0.09434342820530957
752,142.18066168506348,28,1,0,0,1.4213100585748353,0.09424908477710425
753,124.38074435303153,19,1,0,0,1.3375386172057977,0.09415483569232716
754,-50.0,1,0,1,0,2.9749910217806455,0.09406068085663483
755,16.462990368607713,200,0,0,1,2.6442931755041816,0.0939666201757782
756,100.0,1,1,0,0,0.900248018466442,0.09387265355560243
757,169.60196031791838,39,1,0,0,1.3883037438738892,0.09377878090204682
758,169.30279072929827,22,1,0,0,1.2810020454549986,0.09368500212114476
759,234.68114087509315,38,1,0,0,1.397448436559139,0.09359131711902363
760,132.42891276081008,95,1,0,0,1.3546733535437452,0.0934977258019046
761,157.24135742532297,20,1,0,0,1.2810668136661751,0.0934042280761027
762,199.01468421280592,44,1,0,0,1.438784362014685,0.09331082384802658
763,204.45370921799824,31,1,0,0,1.3647885004502038,0.09321751302417856
764,160.09549922007125,39,1,0,0,1.4735351536019872,0.09312429551115438
765,163.38701450333704,40,1,0,0,1.4372704116582853,0.09303117121564324
766,139.93529613290548,71,1,0,0,1.4599980347645194,0.09293814004442759
767,147.4846308247756,19,1,0,0,1.2244297130005248,0.09284520190438317
768,199.34723047379543,32,1,0,0,1.33844296441099,0.09275235670247878
769,145.797730388134,23,1,0,0,1.4570636936759445,0.0926596043457763
770,198.28437533441127,43,1,0,0,1.3918553434525598,0.09256694474143051
771,149.126518003198,19,1,0,0,1.3411681509578517,0.0924743777966891
772,130.4246513830837,49,1,0,0,1.4638601613226123,0.09238190341889241
773,138.6140525660716,16,1,0,0,1.0850770882080942,0.09228952151547351
774,155.2425200470411,19,1,0,0,1.4023078104278692,0.09219723199395803
775,226.0953175827715,169,1,0,0,1.4557499196817532,0.09210503476196408
776,155.15374440698557,34,1,0,0,1.1570583524248332,0.09201292972720211
777,5.901035755195524,200,0,0,1,2.3529079235821784,0.09192091679747491
778,150.4177375704367,125,1,0,0,1.4743317957679958,0.09182899588067744
779,170.8920742508252,105,1,0,0,1.4715124850920906,0.09173716688479676
780,185.79276740606863,32,1,0,0,1.4104943036030815,0.09164542971791195
781,231.43810637347545,48,1,0,0,1.3477704767314675,0.09155378428819405
782,190.66908208605133,31,1,0,0,1.4734734999989556,0.09146223050390585
783,-50.0,1,0,1,0,3.123554090069975,0.09137076827340196
784,181.7040703502011,55,1,0,0,1.4543343966539655,0.09127939750512855
785,162.27199519409143,30,1,0,0,1.4423916925005824,0.09118811810762342
786,179.29010732468265,63,1,0,0,1.4881452882128219,0.0910969299895158
787,195.8455784957996,36,1,0,0,1.498945071553356,0.09100583305952628
788,128.70865198934382,80,1,0,0,1.2868752582964684,0.09091482722646675
789,131.01840287196953,170,1,0,0,1.4983267625785384,0.09082391239924029
790,225.29395233059336,45,1,0,0,1.16380009303128,0.09073308848684104
791,126.29971031704653,21,1,0,0,1.432269411110731,0.0906423553983542
792,171.94602143560155,24,1,0,0,1.436577623274359,0.09055171304295584
793,225.31706115521183,36,1,0,0,1.2424360676730308,0.09046116132991289
794,181.20307798428558,25,1,0,0,1.2737498806701584,0.09037070016858298
795,-50.0,1,0,1,0,4.573524609797436,0.0902803294684144
796,100.0,1,1,0,0,1.4946069438302276,0.09019004913894599
797,193.33349730982474,34,1,0,0,1.3653685855544504,0.09009985908980704
798,199.92212561772988,34,1,0,0,1.321678803588276,0.09000975923071723
799,151.99824934648464,28,1,0,0,1.4999928572627386,0.08991974947148651
800,150.17778073078918,17,1,0,0,1.4102995031947427,0.08982982972201503
801,213.2198101751152,42,1,0,0,1.4456048845847789,0.08973999989229302
802,125.93160574335508,14,1,0,0,1.2987220619312034,0.08965025989240072
803,215.58166937576766,44,1,0,0,1.4803283906461968,0.08956060963250832
804,172.9411783087268,29,1,0,0,1.1938046532180293,0.08947104902287581
805,198.7669414318177,41,1,0,0,1.3188924050764004,0.08938157797385293
806,161.82003897815417,22,1,0,0,1.0927098950649765,0.08929219639587908
807,194.81846394200346,45,1,0,0,1.4933775495193138,0.0892029041994832
808,134.53203619856237,14,1,0,0,1.3749146129602803,0.08911370129528372
809,158.6275115254399,20,1,0,0,1.3272192354142625,0.08902458759398843
810,151.28052163866886,19,1,0,0,1.4639585514644848,0.08893556300639444
811,176.1065287389734,47,1,0,0,1.483525811034707,0.08884662744338806
812,185.17165341131005,57,1,0,0,1.480696912747466,0.08875778081594465
813,175.56014400867042,29,1,0,0,1.3410577846422937,0.08866902303512872
814,173.60972930401533,26,1,0,0,1.460053781071426,0.08858035401209359
815,166.7949551831246,32,1,0,0,1.4800264424497798,0.08849177365808149
816,164.93795456775405,32,1,0,0,1.4713053056347183,0.08840328188442342
817,183.82757707325234,24,1,0,0,1.3543534000957436,0.08831487860253899
818,147.92072487289738,18,1,0,0,1.3912786798228323,0.08822656372393645
819,155.84246562603198,17,1,0,0,1.4193275701035708,0.08813833716021252
820,187.84843400902662,106,1,0,0,1.4623462402912082,0.0880501988230523
821,137.8082482802906,25,1,0,0,1.2619569638935269,0.08796214862422924
822,189.16078647348263,97,1,0,0,1.4163327499150564,0.08787418647560502
823,130.09727495638373,28,1,0,0,1.3311939204019743,0.08778631228912942
824,161.7220599234809,67,1,0,0,1.452309948338195,0.08769852597684029
825,148.96815360597617,50,1,0,0,1.4907862792909152,0.08761082745086345
826,195.345993366294,29,1,0,0,1.487529444638325,0.08752321662341259
827,137.59506191652312,25,1,0,0,1.4260720169907917,0.08743569340678917
828,148.89981516735102,53,1,0,0,1.450458756029943,0.08734825771338238
829,156.8638471292304,26,1,0,0,1.3938285448501875,0.087260909455669
830,240.73961817210724,50,1,0,0,1.2625254814619855,0.08717364854621333
831,156.8320979448681,23,1,0,0,1.3263141179373705,0.08708647489766712
832,189.91478605396713,26,1,0,0,1.4620227453267185,0.08699938842276944
833,165.75891079733492,27,1,0,0,1.3963390839263297,0.08691238903434667
834,191.18110020538248,52,1,0,0,1.4124785496315575,0.08682547664531233
835,171.16502229895025,195,1,0,0,1.4540852838237655,0.08673865116866702
836,167.1150914779185,19,1,0,0,1.4672521371675007,0.08665191251749835
837,150.10793274382138,56,1,0,0,1.488218583167765,0.08656526060498086
838,193.57270107795642,84,1,0,0,1.4808195289606163,0.08647869534437587
839,146.67526133516301,23,1,0,0,1.3964513574687274,0.0863922166490315
840,116.95227118733703,8,1,0,0,1.1095535400521288,0.08630582443238247
841,184.27829907065103,93,1,0,0,1.4975234593561209,0.08621951860795007
842,153.13332247524087,21,1,0,0,1.4139841671563915,0.08613329908934214
843,12.545966289846941,200,0,0,1,2.5232218374313273,0.08604716579025279
844,167.49831310557144,26,1,0,0,1.3507902496999002,0.08596111862446254
845,175.1164306801224,24,1,0,0,1.1849351769000094,0.08587515750583807
846,180.31115369451754,34,1,0,0,1.3650112709856606,0.08578928234833223
847,174.53556717696017,20,1,0,0,1.2812279425820567,0.0857034930659839
848,165.44370377260407,22,1,0,0,1.423509686194788,0.08561778957291792
849,156.36288111236104,19,1,0,0,1.4684462160586047,0.085532171783345
850,193.00924655855363,35,1,0,0,1.4324338940556873,0.08544663961156165
851,204.05269735940158,41,1,0,0,1.492864957376542,0.0853611929719501
852,141.51837008497023,14,1,0,0,1.3368831779356676,0.08527583177897814
853,136.92538726328792,53,1,0,0,1.4461535160286116,0.08519055594719917
854,173.42900940336446,60,1,0,0,1.4123326746033558,0.08510536539125196
855,167.46720523285234,36,1,0,0,1.4362823680665486,0.08502026002586072
856,257.5444714489173,53,1,0,0,1.4795907701804447,0.08493523976583485
857,176.6170516306009,32,1,0,0,1.3409126977128971,0.08485030452606902
858,193.0110457791838,32,1,0,0,1.4766176159292745,0.08476545422154295
859,161.20546563477438,24,1,0,0,1.4550522777843433,0.0846806887673214
860,177.73146306607092,107,1,0,0,1.4952447385452878,0.0845960080785541
861,184.7439764570616,43,1,0,0,1.4707709033099963,0.08451141207047552
862,153.96701447719101,32,1,0,0,1.4600803905857185,0.08442690065840507
863,130.96989432573025,19,1,0,0,1.4745052690649603,0.08434247375774666
864,170.74071517185033,46,1,0,0,1.1506351828632713,0.0842581312839889
865,184.0084668740735,29,1,0,0,1.4779817655301495,0.08417387315270491
866,115.8687243441835,66,1,0,0,1.4678850667472505,0.08408969927955222
867,179.34269457492297,27,1,0,0,1.3649142281831144,0.08400560958027266
868,208.51639649706004,33,1,0,0,1.374525076389869,0.08392160397069238
869,181.09811251978806,26,1,0,0,1.220353544146109,0.08383768236672169
870,167.28187056494716,62,1,0,0,1.477887776309469,0.08375384468435498
871,188.33842065719716,34,1,0,0,1.4085763782077563,0.08367009083967061
872,172.5150531198552,50,1,0,0,1.4818517268729807,0.08358642074883094
873,213.84335264589077,40,1,0,0,1.4586925671545272,0.08350283432808212
874,207.3283960483788,33,1,0,0,1.3992655096873245,0.08341933149375402
875,176.61230231463918,27,1,0,0,1.4733050312973557,0.08333591216226027
876,182.58886259411753,44,1,0,0,1.4943788379596206,0.08325257625009802
877,191.0647815800477,26,1,0,0,1.370695488812994,0.08316932367384793
878,207.0177212796126,39,1,0,0,1.3160007324543939,0.08308615435017408
879,221.9926373856214,35,1,0,0,1.4373228486393612,0.0830030681958239
880,179.889570720874,58,1,0,0,1.4478463278851965,0.08292006512762808
881,192.25975118463836,30,1,0,0,1.352092260997657,0.08283714506250045
882,97.84582102438158,2,1,0,0,1.309007085213589,0.08275430791743794
883,163.0214170743663,38,1,0,0,1.482143430750335,0.0826715536095205
884,148.69220293615578,15,1,0,0,1.2652548571812563,0.08258888205591099
885,179.42944224723635,34,1,0,0,1.1098716455630995,0.08250629317385508
886,139.5333850560648,16,1,0,0,1.410608647930568,0.08242378688068122
887,267.99833715566626,58,1,0,0,1.270569608744503,0.08234136309380054
888,183.3168270835531,180,1,0,0,1.4531508684569863,0.08225902173070675
889,147.09817047409837,31,1,0,0,1.2993127674067861,0.08217676270897603
890,180.27545402318032,23,1,0,0,1.4415107051338942,0.08209458594626706
891,198.39733122741146,35,1,0,0,1.4438595087154489,0.0820124913603208
892,179.47805884013485,28,1,0,0,1.319094258626755,0.08193047886896047
893,174.5486479187419,27,1,0,0,1.4134407405018359,0.08184854839009151
894,187.40222823975327,22,1,0,0,1.3484024562783345,0.08176669984170142
895,123.67385800992692,18,1,0,0,1.4926063506270268,0.0816849331418597
896,178.15703941554483,24,1,0,0,1.3686548381530248,0.08160324820871785
897,215.67926369501276,34,1,0,0,1.4487756170423935,0.08152164496050913
898,178.28500575496548,24,1,0,0,1.3469856105879436,0.08144012331554862
899,155.76143704847644,154,1,0,0,1.2112546039370562,0.08135868319223308
900,112.48508643387277,15,1,0,0,1.2989851567275932,0.08127732450904085
901,195.69394724764976,28,1,0,0,1.422580582663603,0.08119604718453181
902,-50.0,1,0,1,0,6.703271138429894,0.08111485113734727
903,166.38120594665355,24,1,0,0,1.3639053413438333,0.08103373628620993
904,8.357583546583708,200,0,0,1,2.282862973530313,0.08095270254992372
905,19.392688747455082,200,0,0,1,3.4507425311835336,0.08087174984737379
906,162.54759882694867,39,1,0,0,1.4514509498186237,0.08079087809752641
907,221.46272614771365,42,1,0,0,1.4416056001980464,0.08071008721942889
908,131.67903658603137,24,1,0,0,1.4158859145608884,0.08062937713220947
909,134.7659745411873,12,1,0,0,1.1608746329794593,0.08054874775507725
910,200.8009340453134,25,1,0,0,1.4834520091534702,0.08046819900732217
911,276.81855984877063,63,1,0,0,1.463290331875039,0.08038773080831485
912,220.9545049644505,42,1,0,0,1.4262368417643667,0.08030734307750653
913,166.37305860873883,28,1,0,0,1.3934726974837048,0.08022703573442903
914,167.71721844739835,24,1,0,0,1.304101599708053,0.0801468086986946
915,239.65732453771992,45,1,0,0,1.4577462672147696,0.08006666188999591
916,151.00779227103902,24,1,0,0,1.2359973497797516,0.07998659522810592
917,224.85955075182414,34,1,0,0,1.4057922048744678,0.07990660863287781
918,232.70552134485985,39,1,0,0,1.3560045849231486,0.07982670202424492
919,214.29860199275328,40,1,0,0,1.3411668571719364,0.07974687532222069
920,190.73719811914918,109,1,0,0,1.4365524806328345,0.07966712844689847
921,174.3499070961476,24,1,0,0,1.4912098008184562,0.07958746131845157
922,196.83388449356033,29,1,0,0,1.3559555427011019,0.07950787385713311
923,248.44499473961696,46,1,0,0,1.3407487566523948,0.07942836598327598
924,180.96810981566816,32,1,0,0,1.4245847803845813,0.07934893761729271
925,166.3947561929951,45,1,0,0,1.266853877832635,0.07926958867967542
926,162.84459550559018,44,1,0,0,1.3673130550227932,0.07919031909099573
927,157.0168367889152,129,1,0,0,1.3489131592172714,0.07911112877190474
928,-50.0,1,0,1,0,3.0175619291736417,0.07903201764313283
929,155.08127040417173,27,1,0,0,1.4017933324275629,0.07895298562548969
930,156.0082145343123,45,1,0,0,1.4779321756179575,0.07887403263986421
931,200.9201983697393,31,1,0,0,1.267140639990086,0.07879515860722436
932,150.88636483632627,30,1,0,0,1.4801146302574337,0.07871636344861713
933,172.47941020195208,24,1,0,0,1.341578708676121,0.07863764708516852
934,159.17765171231738,18,1,0,0,1.4723725794534421,0.07855900943808333
935,158.78097296170043,34,1,0,0,1.4781100107499419,0.07848045042864527
936,163.7092755684823,23,1,0,0,1.4272128257173078,0.0784019699782166
937,157.3472357740739,16,1,0,0,1.2930077051664544,0.07832356800823839
938,170.01545126829635,26,1,0,0,1.3899565608576279,0.07824524444023015
939,183.19109433134548,30,1,0,0,1.2952730191919388,0.07816699919578993
940,189.4833914237716,32,1,0,0,1.49679879774934,0.07808883219659413
941,138.75790309765324,13,1,0,0,1.3289145968732272,0.07801074336439755
942,143.14230854242965,16,1,0,0,1.3959335086507054,0.07793273262103315
943,20.821478879520516,200,0,0,1,3.0160145929460143,0.07785479988841211
944,150.84387337812757,20,1,0,0,1.4026895007686064,0.07777694508852369
945,126.65748704113777,37,1,0,0,1.2730848889930637,0.07769916814343518
946,157.06773655753034,22,1,0,0,1.457964343410262,0.07762146897529174
947,15.871795538617615,200,0,0,1,2.370284720217263,0.07754384750631645
948,202.350682296499,27,1,0,0,1.3465365162728564,0.07746630365881013
949,231.19983774742866,39,1,0,0,1.228149102293127,0.07738883735515133
950,191.75165751268477,32,1,0,0,1.343221549413411,0.07731144851779617
951,182.13720161906966,29,1,0,0,1.4202643401922295,0.07723413706927837
952,163.26615396046915,21,1,0,0,1.440472186488162,0.0771569029322091
953,156.763112168007,25,1,0,0,1.2564196711635411,0.07707974602927688
954,138.92146881032278,195,1,0,0,1.4971581879119051,0.0770026662832476
955,169.09515160849185,21,1,0,0,1.2286212218135752,0.07692566361696436
956,160.89452001769803,19,1,0,0,1.4265448561136602,0.0768487379533474
957,138.04677905042,13,1,0,0,1.4861566967566837,0.07677188921539405
958,149.45388403809216,16,1,0,0,1.3225783081438736,0.07669511732617866
959,187.2410942205812,23,1,0,0,1.1142197522647708,0.07661842220885247
960,163.73987702031988,33,1,0,0,1.3918792870814176,0.07654180378664362
961,167.7694217881493,35,1,0,0,1.3610123135556051,0.07646526198285697
962,156.4147349905418,62,1,0,0,1.3004384137213223,0.07638879672087412
963,175.18847413086752,25,1,0,0,1.448084645577946,0.07631240792415325
964,176.12402914383438,22,1,0,0,1.2063992878270025,0.07623609551622909
965,179.15648810034057,64,1,0,0,1.4697893263064772,0.07615985942071286
966,137.8881132672103,92,1,0,0,1.3899995172847142,0.07608369956129216
967,186.13958185054565,70,1,0,0,1.4582176942760687,0.07600761586173087
968,177.22965906502293,24,1,0,0,1.1627829676506347,0.07593160824586913
969,197.24843543364142,47,1,0,0,1.3602661417593156,0.07585567663762327
970,-23.36122607343679,200,0,0,1,3.1552004051984457,0.07577982096098564
971,132.16228812434056,29,1,0,0,1.4688279443411187,0.07570404114002466
972,164.42581701603422,24,1,0,0,1.3456935065716622,0.07562833709888463
973,197.7887016239079,33,1,0,0,1.4425782107454406,0.07555270876178574
974,99.38093847450399,38,1,0,0,1.319205025771608,0.07547715605302396
975,138.19359686489096,45,1,0,0,1.4820075363841456,0.07540167889697093
976,164.35881982511665,52,1,0,0,1.171007387691897,0.07532627721807396
977,154.06428427302436,16,1,0,0,1.266669319037407,0.07525095094085588
978,135.56015153621456,13,1,0,0,1.3935985500775099,0.07517569998991502
979,167.26326936751886,54,1,0,0,1.4244059286357122,0.07510052428992511
980,186.4425862145937,27,1,0,0,1.4886757729453044,0.07502542376563519
981,22.500689109037296,200,0,0,1,3.473529209841594,0.07495039834186955
982,175.17077495527445,30,1,0,0,1.4878274838961192,0.07487544794352768
983,169.5242191895034,23,1,0,0,1.4097779474036458,0.07480057249558415
984,173.83943916911625,29,1,0,0,1.4982093839058723,0.07472577192308857
985,199.74243254682943,42,1,0,0,1.4953234883579072,0.07465104615116548
986,119.5132367607224,6,1,0,0,1.3202789211908685,0.07457639510501432
987,186.60272438616283,33,1,0,0,1.499039075964721,0.0745018187099093
988,182.0932985171271,26,1,0,0,1.2207563129907997,0.0744273168911994
989,190.0561811649132,28,1,0,0,1.3047973657940504,0.07435288957430819
990,150.48804348729973,184,1,0,0,1.427132176819976,0.07427853668473389
991,152.78424750001244,114,1,0,0,1.4782765528081792,0.07420425814804915
992,184.29655258932445,26,1,0,0,1.3430237037616173,0.07413005388990111
993,167.30206765527396,45,1,0,0,1.2443032571514179,0.0740559238360112
994,189.35957098209636,26,1,0,0,1.3454749611315509,0.07398186791217519
995,187.66901521607468,22,1,0,0,1.393639909957971,0.07390788604426302
996,167.41200070506244,22,1,0,0,1.428826621744007,0.07383397815821875
997,175.87044907069952,28,1,0,0,1.3666780623671007,0.07376014418006054
998,169.7564105072616,21,1,0,0,1.3343394034197775,0.07368638403588047
999,167.8071415330461,23,1,0,0,1.2154405617443984,0.07361269765184458
1000,133.11262659614158,15,1,0,0,1.280069622117719,0.07353908495419274
1001,206.8892050054908,34,1,0,0,1.3218043920683094,0.07346554586923855
1002,212.3834452556176,35,1,0,0,1.402869384825229,0.07339208032336932
1003,280.5857335599627,58,1,0,0,1.3511740132347796,0.07331868824304594
1004,172.70941025983194,40,1,0,0,1.4480961069482086,0.0732453695548029
1005,234.19448906901016,48,1,0,0,1.2712397174158514,0.07317212418524809
1006,160.54408027151567,20,1,0,0,1.0780075726687035,0.07309895206106286
1007,142.96956746035096,17,1,0,0,1.2828162016665878,0.07302585310900178
1008,164.46344714975152,28,1,0,0,1.311636731158661,0.07295282725589279
1009,169.78990611538097,38,1,0,0,1.4817316524032313,0.0728798744286369
1010,164.1169729495827,22,1,0,0,1.4964750094901684,0.07280699455420825
1011,188.58983197416774,71,1,0,0,1.4817269752467355,0.07273418755965404
1012,146.14541404453874,28,1,0,0,1.4148156002778893,0.07266145337209438
1013,185.62457674393113,30,1,0,0,1.2199555715074764,0.07258879191872229
1014,165.66819367351752,25,1,0,0,1.3975130538838552,0.07251620312680357
1015,187.40645308432332,22,1,0,0,1.2079424911589987,0.07244368692367677
1016,173.6237240920377,25,1,0,0,1.3162126874168796,0.07237124323675309
1017,15.155941578734003,200,0,0,1,2.3291990178591946,0.07229887199351634
1018,127.916211872292,13,1,0,0,1.42074582194711,0.07222657312152282
1019,121.69799093441688,188,1,0,0,1.4917194799243483,0.07215434654840129
1020,153.79481071884427,17,1,0,0,1.4842565366085434,0.0720821922018529
1021,158.5302024256235,23,1,0,0,1.4427482435034724,0.07201011000965105
1022,148.17667880923645,30,1,0,0,1.2566836881792738,0.0719380998996414
1023,191.29682867018138,34,1,0,0,1.435275135566008,0.07186616179974176
1024,152.3119065513908,32,1,0,0,1.2558196421426817,0.07179429563794201
1025,184.53750321359053,52,1,0,0,1.3753692838059761,0.07172250134230407
1026,155.22551254258963,20,1,0,0,1.44086370674541,0.07165077884096176
1027,185.23789998456175,25,1,0,0,1.4316633118175004,0.0715791280621208
1028,162.38233336161449,26,1,0,0,1.4476950690779367,0.07150754893405868
1029,9.020966852486026,200,0,0,1,2.0239405240927506,0.07143604138512463
1030,155.30039962243583,20,1,0,0,1.4596193917213915,0.07136460534373949
1031,158.83089210761142,24,1,0,0,1.484277488360602,0.07129324073839576
1032,176.42999326902446,25,1,0,0,1.4513653779791937,0.07122194749765737
1033,209.12908421411254,34,1,0,0,1.1991939779839549,0.07115072555015971
1034,187.45347440177068,31,1,0,0,1.4593788062887323,0.07107957482460955
1035,141.30546581419185,17,1,0,0,1.3127865994594212,0.07100849524978493
1036,218.08109615192822,42,1,0,0,1.3788277832081293,0.07093748675453515
1037,231.14076073738715,47,1,0,0,1.2761268590060675,0.07086654926778062
1038,184.71154572479796,40,1,0,0,1.4865103521000465,0.07079568271851283
1039,164.07642767762673,17,1,0,0,1.2449595706070902,0.07072488703579433
1040,184.90800309073074,34,1,0,0,1.3981562042340725,0.07065416214875853
1041,163.29977065477757,18,1,0,0,1.3525249139236828,0.07058350798660977
1042,162.85144769655517,27,1,0,0,1.3925493344740387,0.07051292447862316
1043,11.514070677314233,200,0,0,1,4.2398523083962,0.07044241155414453
1044,132.51657594979457,88,1,0,0,1.438020964252922,0.0703719691425904
1045,153.19646022245962,90,1,0,0,1.3747374383323543,0.0703015971734478
1046,186.9073920662979,48,1,0,0,1.3955568650022954,0.07023129557627436
1047,161.64394776897927,26,1,0,0,1.4087293456968222,0.07016106428069808
1048,163.1921216618263,21,1,0,0,1.3800091240982544,0.07009090321641738
1049,155.25992309536338,20,1,0,0,1.2688924556348902,0.07002081231320097
1050,183.57102809366887,25,1,0,0,1.2168403831148673,0.06995079150088777
1051,173.61585340296546,50,1,0,0,1.4746371329337906,0.06988084070938687
1052,182.76072070733403,25,1,0,0,1.2848796251141714,0.0698109598686775
1053,175.78730027784056,28,1,0,0,1.2440406878298493,0.06974114890880882
1054,171.24701222244147,22,1,0,0,1.4150127960655103,0.06967140775990001
1055,186.5275490345324,30,1,0,0,1.3865399058300993,0.0696017363521401
1056,250.32792482452606,49,1,0,0,1.3756562459262704,0.06953213461578797
1057,100.0,1,1,0,0,1.4810493254946049,0.06946260248117218
1058,200.9233724525456,74,1,0,0,1.4791394684318477,0.069393139878691
1059,189.28437280372722,23,1,0,0,1.48318569580925,0.06932374673881231
1060,208.61236257417255,35,1,0,0,1.2889565425616505,0.0692544229920735
1061,161.18816773979916,17,1,0,0,1.1754316751891918,0.06918516856908143
1062,275.23367044299357,75,1,0,0,1.4688537871229796,0.06911598340051234
1063,163.1356766405383,23,1,0,0,1.1606613468139848,0.06904686741711184
1064,162.07926148829446,23,1,0,0,1.315080978111918,0.06897782054969472
1065,114.18707042973952,69,1,0,0,1.4908510383713969,0.06890884272914503
1066,142.76537553386433,32,1,0,0,1.4966559979118432,0.06883993388641589
1067,208.26393523823498,32,1,0,0,1.2695767039170627,0.06877109395252946
1068,158.10970622957456,175,1,0,0,1.345950671727692,0.06870232285857694
1069,175.468565367259,26,1,0,0,1.322119947652763,0.06863362053571835
1070,176.14109323613806,30,1,0,0,1.4477921276175831,0.06856498691518263
1071,222.70255660698527,44,1,0,0,1.4637942806283841,0.06849642192826746
1072,196.41968795180225,31,1,0,0,1.4774652902972156,0.06842792550633918
1073,152.3494915574549,31,1,0,0,1.4689446718896408,0.06835949758083286
1074,151.0668932337375,18,1,0,0,1.4703292716951095,0.06829113808325202
1075,118.51601457602317,7,1,0,0,1.2876964809169227,0.06822284694516877
1076,1.4119277388995777,200,0,0,1,2.883703974352993,0.06815462409822359
1077,151.53210266560131,17,1,0,0,1.4829818702260706,0.06808646947412537
1078,191.32364038960407,34,1,0,0,1.4950765043154175,0.06801838300465124
1079,131.72099250700916,18,1,0,0,1.494054845257758,0.0679503646216466
1080,240.69400590876344,48,1,0,0,1.4462392652223117,0.06788241425702495
1081,142.82276636194987,74,1,0,0,1.4650723292349617,0.06781453184276792
1082,155.96691114287884,19,1,0,0,1.2925356385686844,0.06774671731092516
1083,177.23499541348616,18,1,0,0,1.3862163855861884,0.06767897059361423
1084,141.35211062562837,25,1,0,0,1.3709648480750103,0.06761129162302061
1085,177.59833051332075,20,1,0,0,1.3245135280857598,0.0675436803313976
1086,185.85956415172797,179,1,0,0,1.4499881014236713,0.06747613665106621
1087,173.80569609883838,30,1,0,0,1.4648394147138237,0.06740866051441513
1088,158.75420930631668,18,1,0,0,1.4396867481420355,0.06734125185390072
1089,172.02691345642006,20,1,0,0,1.1962967529115813,0.06727391060204682
1090,13.436885897801254,200,0,0,1,1.7746242144012268,0.06720663669144476
1091,173.75607311526176,18,1,0,0,1.4609473361048189,0.06713943005475333
1092,145.73356754247976,18,1,0,0,1.491059647688405,0.06707229062469858
1093,181.249764188063,23,1,0,0,1.3635004678535831,0.06700521833407387
1094,181.07375694603448,30,1,0,0,1.427969801985426,0.0669382131157398
1095,122.82476116837108,14,1,0,0,1.2332365512539318,0.06687127490262405
1096,153.74294620741156,21,1,0,0,1.408481279450945,0.06680440362772143
1097,135.79705319435155,15,1,0,0,1.20832846145646,0.06673759922409371
1098,182.77944604182585,26,1,0,0,1.4347005314691201,0.06667086162486961
1099,176.64293341452165,24,1,0,0,1.263588508586337,0.06660419076324474
1100,166.0287472932819,24,1,0,0,1.2913417804522893,0.0665375865724815
1101,141.26527038943777,17,1,0,0,1.4443333121941586,0.06647104898590903
1102,157.7676377678884,20,1,0,0,1.1345650145568873,0.06640457793692311
1103,161.9136834516494,23,1,0,0,1.329333356349709,0.06633817335898619
1104,178.11021349431795,26,1,0,0,1.3738847414310262,0.06627183518562721
1105,170.3717591427906,59,1,0,0,1.340360250472305,0.06620556335044157
1106,160.286773186134,20,1,0,0,1.3276591441021715,0.06613935778709114
1107,183.31112656888087,54,1,0,0,1.4739306744843592,0.06607321842930404
1108,171.6759311177587,28,1,0,0,1.4956596628285563,0.06600714521087474
1109,155.38622082952432,22,1,0,0,1.4107731531293464,0.06594113806566386
1110,145.70001940867917,18,1,0,0,1.3560432807715632,0.0658751969275982
1111,117.34365022787684,8,1,0,0,1.4573451879110757,0.0658093217306706
1112,149.98105715550653,29,1,0,0,1.2856944061335394,0.06574351240893993
1113,187.58495091707556,36,1,0,0,1.440927409025938,0.06567776889653099
1114,-50.0,1,0,1,0,5.056861336618703,0.06561209112763447
1115,127.74448189225313,13,1,0,0,1.485204331153613,0.06554647903650683
1116,221.7226209689478,39,1,0,0,1.4475647932762814,0.06548093255747033
1117,128.36317768139418,12,1,0,0,1.4718038514593406,0.06541545162491284
1118,180.0124624312949,26,1,0,0,1.3392026056281636,0.06535003617328794
1119,184.74864394699057,22,1,0,0,1.1888851649989323,0.06528468613711465
1120,146.36987201509476,18,1,0,0,1.4638297029089795,0.06521940145097753
1121,183.63139100670298,20,1,0,0,1.1861126249479572,0.06515418204952655
1122,182.608320972633,30,1,0,0,1.4833866542770953,0.06508902786747703
1123,195.50611525917037,28,1,0,0,1.4479178835551414,0.06502393883960955
1124,170.09657958004843,20,1,0,0,1.2853430249041893,0.06495891490076994
1125,200.95311856592906,31,1,0,0,1.331717493291334,0.06489395598586917
1126,165.93366033878198,27,1,0,0,1.4382397265331333,0.0648290620298833
1127,158.91353471125183,27,1,0,0,1.479454768214088,0.06476423296785343
1128,160.97512647073663,18,1,0,0,1.3338787695947496,0.06469946873488557
1129,182.2730747665641,24,1,0,0,1.2478398870026406,0.06463476926615068
1130,209.7734732580418,40,1,0,0,1.4466093190437774,0.06457013449688452
1131,205.33827762383538,35,1,0,0,1.4631115886239696,0.06450556436238765
1132,152.71626105165075,30,1,0,0,1.4516084208563644,0.06444105879802525
1133,180.3024138425095,44,1,0,0,1.482688613545328,0.06437661773922723
1134,151.39704583918387,32,1,0,0,1.4421531895877038,0.064312241121488
1135,156.0349608153059,18,1,0,0,1.384505040605644,0.06424792888036651
1136,177.67840965490097,58,1,0,0,1.4693624715180524,0.06418368095148615
1137,76.1440128332799,200,0,0,1,2.5596012225153126,0.06411949727053466
1138,163.58917208564728,23,1,0,0,1.2793073116762643,0.06405537777326413
1139,179.2505079285949,28,1,0,0,1.2804745244845817,0.06399132239549087
1140,165.66350180109606,24,1,0,0,1.4522000183377652,0.06392733107309538
1141,161.49655413988071,24,1,0,0,1.0502799357467367,0.06386340374202228
1142,189.00951951812482,33,1,0,0,1.3706376656547241,0.06379954033828027
1143,182.36730466623115,23,1,0,0,1.393975648180256,0.06373574079794198
1144,166.99245455472894,51,1,0,0,1.4456828132938078,0.06367200505714403
1145,113.22312471002017,22,1,0,0,1.2940812291050485,0.0636083330520869
1146,180.24007657153834,31,1,0,0,1.420607587742882,0.06354472471903481
1147,181.04920809176195,28,1,0,0,1.4133286857439376,0.06348117999431577
1148,157.65906953774333,16,1,0,0,1.4425267090646967,0.06341769881432145
1149,175.97303097854456,24,1,0,0,1.3297570246481796,0.06335428111550713
1150,156.28759857068303,21,1,0,0,1.4674385800584477,0.06329092683439162
1151,236.4423345423902,44,1,0,0,1.388086086248828,0.06322763590755724
1152,182.82779030880494,30,1,0,0,1.2817450145627172,0.06316440827164968
1153,248.9206691422396,54,1,0,0,1.3760948488401306,0.06310124386337802
1154,172.1673425688046,56,1,0,0,1.4278470158827465,0.06303814261951465
1155,171.02000368422085,33,1,0,0,1.3397362112538627,0.06297510447689512
1156,152.1682687336374,27,1,0,0,1.4430281412718995,0.06291212937241823
1157,170.67201430246325,27,1,0,0,1.3388090326014896,0.06284921724304582
1158,177.71608318652528,49,1,0,0,1.4119242589453578,0.06278636802580277
1159,138.06845718932794,18,1,0,0,1.427557501875596,0.06272358165777697
1160,171.68949784141424,24,1,0,0,1.2806868374598674,0.0626608580761192
1161,255.4401732314818,53,1,0,0,1.4102843627311432,0.06259819721804308
1162,155.77600598875108,23,1,0,0,1.4645306353092924,0.06253559902082503
1163,136.7964962328941,13,1,0,0,1.4218127539573173,0.06247306342180421
1164,181.9596378868084,37,1,0,0,1.4183913756930775,0.0624105903583824
1165,161.35673294795433,44,1,0,0,1.4839049282741894,0.062348179768024016
1166,172.8764546483729,27,1,0,0,1.3062864956486506,0.06228583158825599
1167,149.58433110040068,20,1,0,0,1.251105954407348,0.06222354575666775
1168,176.72064845442247,28,1,0,0,1.4218986428712157,0.06216132221091108
1169,245.73837688624297,47,1,0,0,1.372748144757916,0.062099160888700156
1170,183.76531692463777,23,1,0,0,1.4799668838171103,0.06203706172781146
1171,188.81830555741328,68,1,0,0,1.2918889458778322,0.06197502466608365
1172,99.99964873988664,2,1,0,0,1.442830835510805,0.06191304964141756
1173,185.41912310016295,27,1,0,0,1.1827129949333746,0.06185113659177615
1174,195.30832481617,31,1,0,0,1.435372317275741,0.061789285455184376
1175,185.9802875173613,22,1,0,0,1.0946580920208657,0.061727496169729196
1176,158.5178403150332,20,1,0,0,1.4786155615748868,0.061665768673559454
1177,150.8627415163748,26,1,0,0,1.43539547529458,0.061604102904885896
1178,183.58388166269333,24,1,0,0,1.1830919578202124,0.06154249880198101
1179,139.56729107698322,25,1,0,0,1.1862636242379367,0.06148095630317903
1180,174.21747504638904,21,1,0,0,1.3481855039425046,0.061419475346875856
1181,-50.0,1,0,1,0,4.909331825427278,0.061358055871528976
1182,165.03433990938748,86,1,0,0,1.497941423666812,0.06129669781565744
1183,169.67442609496675,24,1,0,0,1.3308220607470118,0.061235401117841794
1184,40.008492362234335,200,0,0,1,2.113573562108346,0.061174165716723954
1185,189.53753759572015,22,1,0,0,1.185822762835557,0.061112991551007224
1186,136.95135835842535,60,1,0,0,1.4588241123807502,0.06105187855945622
1187,172.4333425276365,30,1,0,0,1.4843583800785105,0.06099082668089676
1188,184.5006436648851,30,1,0,0,1.465730608221891,0.060929835854215866
1189,160.95755510340078,29,1,0,0,1.4233988913552784,0.060868906018361646
1190,13.400566374778718,200,0,0,1,2.978489709668613,0.06080803711234328
1191,187.09527072160375,23,1,0,0,1.403313730861021,0.06074722907523094
1192,197.18912168340293,62,1,0,0,1.4705964930532454,0.06068648184615571
1193,178.22893181491798,23,1,0,0,1.3467118096818245,0.06062579536430956
1194,127.19529090524597,11,1,0,0,1.3778982004871982,0.06056516956894525
1195,237.2440122423494,47,1,0,0,1.305809181462072,0.0605046043993763
1196,163.75173918992272,29,1,0,0,1.436773586078277,0.060444099794976926
1197,152.4762083911307,26,1,0,0,1.4283497975316362,0.06038365569518195
1198,259.56920772216563,49,1,0,0,1.4721129930771055,0.060323272039486765
1199,189.01133403876167,24,1,0,0,1.4535800859504668,0.06026294876744728
1200,157.04341857675345,66,1,0,0,1.47288514988591,0.060202685818679824
1201,243.35598294506144,49,1,0,0,1.4838325149002771,0.06014248313286115
1202,145.10641861261033,18,1,0,0,1.4026632419057967,0.06008234064972828
1203,135.91802045833037,16,1,0,0,1.1655933893059631,0.06002225830907856
1204,140.61936957347334,14,1,0,0,1.3345913948806576,0.05996223605076948
1205,202.70362052092568,34,1,0,0,1.4706051224896373,0.059902273814718715
1206,222.0109711114775,55,1,0,0,1.4355523808205457,0.059842371540903994
1207,170.73183582454874,26,1,0,0,1.3792649913791752,0.05978252916936309
1208,129.47819448074486,65,1,0,0,1.4987115453742788,0.059722746640193725
1209,134.75464058331625,26,1,0,0,1.347021670138138,0.05966302389355354
1210,163.51334870100703,17,1,0,0,1.2884242384657811,0.059603360869659984
1211,157.9086201537354,58,1,0,0,1.4695541669418923,0.05954375750879032
1212,156.84339547551843,29,1,0,0,1.4820562805758224,0.059484213751281524
1213,185.27870190695194,22,1,0,0,1.386096767238106,0.059424729537530245
1214,186.4702587851295,25,1,0,0,1.4950000311209752,0.059365304807992715
1215,122.58730499913487,14,1,0,0,1.3014922250179433,0.059305939503184725
1216,-50.0,1,0,1,0,5.400753052414099,0.05924663356368154
1217,155.52115736668787,26,1,0,0,1.4088044113530158,0.05918738693011786
1218,161.18541513991005,26,1,0,0,1.3825577591557467,0.059128199543187744
1219,157.34459079357742,21,1,0,0,1.2504378229088158,0.05906907134364456
1220,168.4153035612996,32,1,0,0,1.485270040825545,0.05901000227230091
1221,244.25910969018835,46,1,0,0,1.4604169193029648,0.058950992270028604
1222,253.17794142987876,52,1,0,0,1.4285057583682987,0.05889204127775858
1223,213.36257489818416,39,1,0,0,1.3359563497153473,0.05883314923648082
1224,133.87541695129187,14,1,0,0,1.313756149646419,0.058774316087244344
1225,7.746428363463542,200,0,0,1,2.591183014303309,0.0587155417711571
1226,193.05441872817892,115,1,0,0,1.4754830455994203,0.05865682622938594
1227,200.88121221994967,33,1,0,0,1.4951100807611097,0.058598169403156555
1228,154.86412560226762,19,1,0,0,1.4298803785723213,0.0585395712337534
1229,190.4240663080855,28,1,0,0,1.3938378488595489,0.058481031662519646
1230,208.94413808075086,57,1,0,0,1.476181293747741,0.05842255063085712
1231,201.3114687473507,47,1,0,0,1.46437288603484,0.058364128080226264
1232,173.6104127871368,24,1,0,0,1.3421581159287446,0.05830576395214604
1233,163.234637587342,27,1,0,0,1.403968912470325,0.05824745818819389
1234,2.388171655610761,200,0,0,1,2.9094468229909736,0.05818921073000569
1235,112.37339538817139,10,1,0,0,1.3510868813449484,0.0581310215192757
1236,205.1379636131208,33,1,0,0,1.4677478940776392,0.058072890497756414
1237,100.0,1,1,0,0,0.7501571579186721,0.05801481760725866
1238,210.4260902240756,27,1,0,0,1.4721111671704878,0.0579568027896514
1239,175.0772599770585,24,1,0,0,1.3821881911775298,0.05789884598686175
1240,167.55469971954102,32,1,0,0,1.392512471949053,0.05784094714087489
1241,167.60165546207514,29,1,0,0,1.3742981834855978,0.057783106193734016
1242,173.47761549886616,29,1,0,0,1.4652398623662788,0.05772532308754028
1243,188.48692691511067,31,1,0,0,1.2684167289365682,0.05766759776445274
1244,142.72832816935036,78,1,0,0,1.4834309291641676,0.057609930166688285
1245,125.87649658948393,10,1,0,0,1.3279164753190305,0.0575523202365216
1246,170.97710647883792,27,1,0,0,1.4698490060860798,0.05749476791628508
1247,182.40993298307774,22,1,0,0,1.4223568061421608,0.0574372731483688
1248,161.68073351037455,25,1,0,0,1.2646975887314946,0.05737983587522042
1249,209.2178034554964,32,1,0,0,1.3499894623319737,0.05732245603934521
1250,176.30338823969487,23,1,0,0,1.1574515793456184,0.057265133583305865
1251,142.52106444683903,15,1,0,0,1.3553347519115544,0.05720786844972256
1252,144.58603860831073,75,1,0,0,1.451375283249058,0.05715066058127283
1253,164.19232755849987,27,1,0,0,1.1857677550914687,0.05709350992069156
1254,184.08742597564247,24,1,0,0,1.3392281855161463,0.05703641641077087
1255,27.198095652426357,200,0,0,1,2.2022540955382555,0.05697937999436009
1256,181.09442151534216,23,1,0,0,1.4146775636761977,0.05692240061436574
1257,190.59946275549535,37,1,0,0,1.435047263357823,0.05686547821375137
1258,177.5490569867302,20,1,0,0,1.4904242753739894,0.05680861273553761
1259,173.79205127066018,24,1,0,0,1.4282276871520705,0.05675180412280208
1260,141.14188893094283,126,1,0,0,1.4613766001817687,0.05669505231867927
1261,152.05186395753634,19,1,0,0,1.2823618524586742,0.0566383572663606
1262,185.84206128627318,26,1,0,0,1.1645589369395217,0.05658171890909424
1263,172.71970690811742,25,1,0,0,1.3742104965042612,0.05652513719018514
1264,135.41900184021893,14,1,0,0,1.4145835537611482,0.056468612052994964
1265,172.9724568893874,22,1,0,0,1.4896322420409616,0.05641214344094197
1266,263.94045134463374,54,1,0,0,1.450688776745892,0.05635573129750102
1267,209.2097758650294,60,1,0,0,1.4200157618549631,0.05629937556620351
1268,104.59931128145452,6,1,0,0,1.4475730609603052,0.056243076190637314
1269,183.7368436138949,28,1,0,0,1.472596445825937,0.05618683311444668
1270,198.9566380984677,26,1,0,0,1.22118631959077,0.056130646281332235
1271,237.66150014441916,45,1,0,0,1.433022826164506,0.05607451563505089
1272,220.8709284327519,38,1,0,0,1.4640809327237958,0.05601844111941584
1273,170.11854115562681,31,1,0,0,1.4409253660470274,0.05596242267829643
1274,159.91828036257147,18,1,0,0,1.3964973842533421,0.05590646025561813
1275,46.4994446066874,200,0,0,1,1.8510490009036162,0.055850553795362516
1276,167.0737577070808,18,1,0,0,1.3202139632930345,0.055794703241567156
1277,155.4268384414352,20,1,0,0,1.3493131627571038,0.05573890853832558
1278,173.0534187664456,22,1,0,0,1.3521365917029944,0.055683169629787255
1279,194.22980619843966,25,1,0,0,1.3640731645236046,0.05562748646015747
1280,149.09679265142537,13,1,0,0,1.1877340762141284,0.05557185897369732
1281,119.51088527044737,15,1,0,0,1.48496128234449,0.05551628711472362
1282,132.65216217517914,17,1,0,0,1.4050725865946476,0.0554607708276089
1283,165.74058584042075,25,1,0,0,1.223812526922858,0.05540531005678129
1284,155.40348244122393,20,1,0,0,1.4779402785289844,0.0553499047467245
1285,224.6775525720617,38,1,0,0,1.395920495841152,0.05529455484197779
1286,166.99601738844802,21,1,0,0,1.4428401089723302,0.05523926028713581
1287,196.87645656803147,31,1,0,0,1.4022677047550667,0.05518402102684866
1288,-11.026237599703647,200,0,0,1,2.786570261908466,0.05512883700582182
1289,198.23455178815877,36,1,0,0,1.432062067110268,0.055073708168815995
1290,177.83599989504646,22,1,0,0,1.3868113393362886,0.05501863446064718
1291,123.48074186649595,25,1,0,0,1.4439196804341752,0.05496361582618653
1292,172.9364470336367,32,1,0,0,1.440870785673154,0.05490865221036034
1293,144.4984123239576,100,1,0,0,1.4870304466633968,0.05485374355814998
1294,203.36692241076446,32,1,0,0,1.2909667430515752,0.054798889814591835
1295,161.84152402711447,18,1,0,0,1.4916950871360166,0.05474409092477725
1296,179.62950415906195,22,1,0,0,1.2018464554931483,0.05468934683385247
1297,154.5307633587922,39,1,0,0,1.4948294996882447,0.054634657487018616
1298,166.0211126999544,32,1,0,0,1.3781316104218964,0.054580022829531595
1299,2.837416735703193,200,0,0,1,3.2119367845179867,0.05452544280670207
1300,195.7374367333988,34,1,0,0,1.3188120414927667,0.05447091736389536
1301,140.61340934805372,14,1,0,0,1.3064459835771796,0.054416446446531465
1302,177.15871193831953,22,1,0,0,1.266508988647964,0.05436203000008494
1303,185.07491691871957,38,1,0,0,1.3460964349651685,0.05430766797008485
1304,184.02455129323022,26,1,0,0,1.4088739422497578,0.054253360302114764
1305,148.78177021281428,30,1,0,0,1.3154132558686824,0.05419910694181265
1306,243.2844515873568,50,1,0,0,1.253354808878661,0.05414490783487084
1307,152.56101267494228,126,1,0,0,1.4699852774306252,0.05409076292703596
1308,180.0764626785047,23,1,0,0,1.230292046149208,0.054036672164108936
1309,264.1140852577796,59,1,0,0,1.482913898510671,0.05398263549194482
1310,177.9691891704988,21,1,0,0,1.249477509951562,0.053928652856452874
1311,257.7081512934678,52,1,0,0,1.4597931340974721,0.05387472420359643
1312,171.18891494553685,26,1,0,0,1.3881896591471783,0.053820849479392835
1313,267.9089962151873,59,1,0,0,1.2735819796659629,0.05376702862991344
1314,133.83704223091362,13,1,0,0,1.4818603062230165,0.05371326160128353
1315,159.0370705610382,35,1,0,0,1.3114677311979226,0.05365954833968224
1316,241.54069809620725,45,1,0,0,1.4722725424202698,0.05360588879134255
1317,108.03121615847712,38,1,0,0,1.3732104943563774,0.05355228290255121
1318,189.28993746007964,33,1,0,0,1.3073104300531155,0.05349873061964866
1319,170.45544113892547,25,1,0,0,1.312244982130972,0.05344523188902901
1320,177.384572021951,22,1,0,0,1.123624979575767,0.053391786657139985
1321,192.95372925087398,30,1,0,0,1.4136056453945054,0.05333839487048284
1322,188.09648024196025,28,1,0,0,1.2175276299469768,0.05328505647561236
1323,194.95622676466053,26,1,0,0,1.4137391958851142,0.05323177141913674
1324,174.09643001077177,25,1,0,0,1.4873269299143423,0.05317853964771762
1325,168.0656159211585,20,1,0,0,1.4983179584754835,0.053125361108069896
1326,166.73944018244487,22,1,0,0,1.3271958301673072,0.05307223574696183
1327,166.9878066087229,25,1,0,0,1.3393627682801206,0.05301916351121486
1328,212.59886570273073,35,1,0,0,1.3416899701572456,0.05296614434770365
1329,154.76990470080392,49,1,0,0,1.4911665661581444,0.05291317820335594
1330,169.02728931457122,17,1,0,0,1.389047780272261,0.05286026502515259
1331,147.44486615439166,21,1,0,0,1.4933552174975717,0.052807404760127435
1332,178.0770479387582,25,1,0,0,1.43475742543402,0.052754597355367305
1333,139.83928671324458,45,1,0,0,1.3186567994161247,0.052701842758011944
1334,131.98720512539305,15,1,0,0,1.3768240915988148,0.052649140915253925
1335,178.30866037999488,33,1,0,0,1.436301049902139,0.05259649177433867
1336,121.3545038607636,15,1,0,0,1.4686935911138002,0.05254389528256434
1337,142.0868027618759,15,1,0,0,1.2127663206776371,0.052491351387281775
1338,160.88990429332043,23,1,0,0,1.4666729503094824,0.052438860035894486
1339,137.30801201495092,59,1,0,0,1.2593720322002315,0.052386421175858594
1340,163.86205925639865,130,1,0,0,1.4124599810977012,0.052334034754682734
1341,164.66813048598874,24,1,0,0,1.4656981243027476,0.05228170071992805
1342,185.68724384318068,39,1,0,0,1.3800515146232648,0.05222941901920813
1343,175.79922379976222,25,1,0,0,1.3101768390268873,0.05217718960018891
1344,179.05308974894606,45,1,0,0,1.3333840058417485,0.05212501241058873
1345,147.26014338631703,29,1,0,0,1.399329650005845,0.05207288739817814
1346,170.707175662397,25,1,0,0,1.4338507887883774,0.05202081451077996
1347,149.19474486545232,27,1,0,0,1.2554976176678487,0.05196879369626918
1348,167.89103447029322,48,1,0,0,1.498815466318624,0.05191682490257291
1349,173.3361821980247,32,1,0,0,1.4202050699877962,0.05186490807767034
1350,180.8756240595403,59,1,0,0,1.4741115356565955,0.05181304316959267
1351,191.77235738389587,33,1,0,0,1.4306112175878232,0.05176123012642308
1352,179.81198162949178,30,1,0,0,1.3370698133213421,0.051709468896296656
1353,206.98670013390006,35,1,0,0,1.2868412958656497,0.051657759427400356
1354,192.05020489108352,32,1,0,0,1.2794414745615634,0.05160610166797296
1355,141.17684914824443,25,1,0,0,1.4734940322273282,0.05155449556630498
1356,213.98992076191092,33,1,0,0,1.1567018354247016,0.051502941070738675
1357,159.17366075259267,21,1,0,0,1.2005035572655922,0.05145143812966794
1358,189.8311917571747,31,1,0,0,1.2374399315648035,0.05139998669153827
1359,166.23057743395697,21,1,0,0,1.3968297961294018,0.05134858670484674
1360,171.73236747333414,28,1,0,0,1.3763622590310653,0.05129723811814189
1361,180.65520037357916,35,1,0,0,1.1771757883637943,0.051245940880023745
1362,169.22663042917026,90,1,0,0,1.1300162238074796,0.05119469493914372
1363,168.18324343477036,25,1,0,0,1.3106347205712738,0.05114350024420458
1364,135.34722661906113,98,1,0,0,1.322846445400212,0.05109235674396037
1365,229.58740526187322,37,1,0,0,1.295090689069587,0.051041264387216415
1366,171.3517565661364,23,1,0,0,1.3429255660679595,0.05099022312282919
1367,170.8257243216777,19,1,0,0,1.1776200049950583,0.050939232899706366
1368,206.08165615814713,35,1,0,0,1.3583502712486584,0.05088829366680667
1369,178.66989847358963,25,1,0,0,1.4171651606441815,0.050837405373139855
1370,188.1358696836385,24,1,0,0,1.3482176803367714,0.05078656796776672
1371,168.6474580098176,34,1,0,0,1.4742969297711106,0.050735781399798945
1372,33.628738780867636,200,0,0,1,2.6393477219421984,0.05068504561839915
1373,189.36177032256396,25,1,0,0,1.3480869654306253,0.05063436057278075
1374,167.3000920897391,23,1,0,0,1.4863501733497761,0.05058372621220797
1375,203.96237436925563,34,1,0,0,1.390586978255753,0.050533142485995754
1376,170.17251589060317,25,1,0,0,1.306200743327469,0.05048260934350977
1377,142.0219311887815,13,1,0,0,1.383657688398416,0.05043212673416625
1378,154.04420996161926,18,1,0,0,1.2996482200417252,0.05038169460743208
1379,193.74092211892992,34,1,0,0,1.350196281527102,0.05033131291282466
1380,183.96294766836616,25,1,0,0,1.4296041429845414,0.05028098159991184
1381,148.02664122794064,66,1,0,0,1.4715752765528167,0.05023070061831192
1382,159.59788745313324,20,1,0,0,1.4134428383874162,0.05018046991769361
1383,208.98494771682562,33,1,0,0,1.4060791380769104,0.050130289447775915
1384,170.6006359062682,27,1,0,0,1.2611702326362364,0.050080159158328134
1385,168.3859039860561,19,1,0,0,1.3588478676128717,0.05003007899916981
1386,153.33873971895437,28,1,0,0,1.4692138814994098,0.04998004892017064
1387,152.8923668482061,25,1,0,0,1.295561719998819,0.04993006887125047
1388,225.35387005161962,38,1,0,0,1.3804546897313097,0.049880138802379216
1389,164.52358928736555,19,1,0,0,1.2799189089856366,0.04983025866357684
1390,158.8731789094956,18,1,0,0,1.1568093136724187,0.04978042840491326
1391,165.91404477613122,17,1,0,0,1.3711200442409104,0.04973064797650835
1392,199.0983062047618,28,1,0,0,1.3754843648471902,0.04968091732853184
1393,163.51602093572382,34,1,0,0,1.2691946063903554,0.04963123641120331
1394,193.21610708634563,33,1,0,0,1.4797298691531666,0.049581605174792105
1395,140.91229928357563,17,1,0,0,1.34010124911012,0.04953202356961731
1396,175.8280483209682,29,1,0,0,1.3800196805926677,0.0494824915460477
1397,153.55252051399967,24,1,0,0,1.4121051500851005,0.04943300905450165
1398,142.91259308709806,13,1,0,0,1.2975003666216876,0.049383576045447145
1399,165.37807581678865,22,1,0,0,1.340584623287525,0.0493341924694017
1400,253.1056457212862,48,1,0,0,1.49025928498988,0.0492848582769323
1401,216.56181148560574,64,1,0,0,1.4952429469185466,0.049235573418655365
1402,234.40036765397264,36,1,0,0,1.3990750271803123,0.04918633784523671
1403,155.33516797208426,23,1,0,0,1.3906002036555987,0.04913715150739147
1404,150.93602911284574,28,1,0,0,1.3854967835933156,0.049088014355884085
1405,164.2284010109032,32,1,0,0,1.3294967801814952,0.0490389263415282
1406,146.19643651850203,17,1,0,0,1.2307204401288623,0.04898988741518667
1407,151.5621095491579,22,1,0,0,1.3628246116071412,0.04894089752777148
1408,147.93770512813967,17,1,0,0,1.3268231647755964,0.04889195663024371
1409,166.40972742110893,31,1,0,0,1.3026102633030854,0.04884306467361346
1410,151.16173915588303,16,1,0,0,1.3264026865716787,0.048794221608939856
1411,168.18733614789573,33,1,0,0,1.390941053801966,0.04874542738733091
1412,119.8945548255974,36,1,0,0,1.46770757157583,0.04869668195994358
1413,136.78450698556955,35,1,0,0,1.431883317531406,0.04864798527798364
1414,200.8484232251027,27,1,0,0,1.3478589172231372,0.04859933729270566
1415,155.1036389651792,20,1,0,0,1.3420272938236102,0.048550737955412954
1416,168.11761887154233,32,1,0,0,1.4985739140298824,0.04850218721745753
1417,196.63798620769757,27,1,0,0,1.300230796101802,0.048453685030240085
1418,154.3373437899487,19,1,0,0,1.340276665820031,0.04840523134520984
1419,224.9237320719891,66,1,0,0,1.457520251102261,0.04835682611386463
1420,159.49589923382962,38,1,0,0,1.392450963684405,0.04830846928775076
1421,169.3259244488773,22,1,0,0,1.4236397474234148,0.048260160818463016
1422,220.89267240159162,36,1,0,0,1.2249523349390772,0.04821190065764455
1423,143.4103138675528,17,1,0,0,1.4323143133687972,0.04816368875698691
1424,177.11738040957445,26,1,0,0,1.4597948627175374,0.048115525068229914
1425,173.91422523621202,28,1,0,0,1.4977715876109752,0.04806740954316169
1426,197.65631232043216,60,1,0,0,1.314714440288314,0.048019342133618526
1427,131.58027328316484,20,1,0,0,1.3588820081684314,0.04797132279148491
1428,164.3619344288106,19,1,0,0,1.3909002945630167,0.04792335146869342
1429,198.3464195178552,31,1,0,0,1.4694841749766843,0.04787542811722473
1430,134.69266125920382,24,1,0,0,1.4217243946736524,0.04782755268910751
1431,154.91353509465765,21,1,0,0,1.0497792111206565,0.0477797251364184
1432,180.4006768059775,44,1,0,0,1.2560360690190915,0.04773194541128198
1433,156.55783888199232,19,1,0,0,1.38984892996139,0.0476842134658707
1434,162.0006501851253,18,1,0,0,1.399484535222385,0.04763652925240483
1435,159.79200834047782,20,1,0,0,1.2360211379780035,0.04758889272315242
1436,148.25890216434385,26,1,0,0,1.3995751371664953,0.04754130383042927
1437,163.57390356287198,27,1,0,0,1.1920108946956713,0.04749376252659884
1438,129.32744377888832,24,1,0,0,1.404896710733672,0.04744626876407224
1439,214.36533309341928,29,1,0,0,1.3138845732216178,0.04739882249530817
1440,128.04913351614147,66,1,0,0,1.4801247207483454,0.047351423672812865
1441,192.5190677685153,27,1,0,0,1.449747882494144,0.047304072249140044
1442,171.17296889803148,19,1,0,0,1.490262649948844,0.04725676817689091
1443,150.80234874143426,19,1,0,0,1.375591592009409,0.04720951140871402
1444,190.23945138673875,24,1,0,0,1.1911352315680708,0.0471623018973053
1445,180.45269804177536,30,1,0,0,1.2021374596284078,0.047115139595408
1446,172.7563019003614,25,1,0,0,1.2811849065150542,0.04706802445581259
1447,179.7278098553238,42,1,0,0,1.459921918087876,0.04702095643135678
1448,193.4281555734072,32,1,0,0,1.4891616531932441,0.04697393547492542
1449,116.02384939107137,18,1,0,0,1.3743977784660166,0.046926961539450494
1450,173.6596267992653,28,1,0,0,1.4514706068320213,0.04688003457791104
1451,223.7997284707211,44,1,0,0,1.4291404880990475,0.04683315454333314
1452,150.62745023516507,21,1,0,0,1.3390195475371638,0.0467863213887898
1453,166.45842380309202,81,1,0,0,1.4014034725821014,0.04673953506740101
1454,190.26483392839717,28,1,0,0,1.3154145675620146,0.04669279553233361
1455,183.62757898183474,27,1,0,0,1.3326103521003247,0.046646102736801275
1456,-50.0,1,0,1,0,5.92067567506592,0.04659945663406448
1457,168.18693634203555,23,1,0,0,1.261605801307416,0.04655285717743041
1458,149.70228436687572,23,1,0,0,1.331166518295254,0.04650630432025298
1459,175.19548883851058,29,1,0,0,1.4097534117924428,0.046459798015932724
1460,129.55481221467664,92,1,0,0,1.2356594116252453,0.046413338217916794
1461,170.9987378513398,28,1,0,0,1.4416075671364745,0.04636692487969887
1462,229.8854211603337,40,1,0,0,1.4006215927457117,0.04632055795481918
1463,100.9997444807364,2,1,0,0,1.4623897504496088,0.04627423739686436
1464,114.37807494684736,11,1,0,0,1.229803334365728,0.04622796315946749
1465,175.41079791971032,32,1,0,0,1.335015782193564,0.04618173519630803
1466,141.22263877683844,26,1,0,0,1.4429633147911072,0.04613555346111172
1467,192.75870256561782,29,1,0,0,1.2473085610578531,0.04608941790765061
1468,143.18448996096555,16,1,0,0,1.2714320450851169,0.046043328489742956
1469,151.95401207416117,29,1,0,0,1.263098370659629,0.04599728516125321
1470,174.20464444831953,20,1,0,0,1.3842094308153035,0.045951287876091956
1471,219.36399651411782,39,1,0,0,1.4180009727913054,0.04590533658821587
1472,127.99493723716458,25,1,0,0,1.4576939722203983,0.04585943125162765
1473,176.66610763744796,25,1,0,0,1.4874962935063953,0.04581357182037602
1474,192.14352744705772,25,1,0,0,1.2571706458612648,0.04576775824855565
1475,-50.0,1,0,1,0,5.443575310835298,0.04572199049030709
1476,162.8804016108906,23,1,0,0,1.2629161865957985,0.045676268499816784
1477,188.00718160035618,60,1,0,0,1.4536832967162696,0.04563059223131696
1478,191.51303650508407,23,1,0,0,1.443868845145716,0.04558496163908565
1479,156.12700058159197,46,1,0,0,1.3321347762049327,0.045539376677446564
1480,179.38547616243488,21,1,0,0,1.4638099913889064,0.04549383730076912
1481,158.17045367767528,25,1,0,0,1.3511411553267212,0.04544834346346835
1482,182.63527736029368,24,1,0,0,1.335493009847554,0.04540289512000488
1483,161.81965097109853,24,1,0,0,1.3530267886513352,0.04535749222488488
1484,188.73457220042553,22,1,0,0,1.3397893412009279,0.04531213473265999
1485,176.5642787438398,25,1,0,0,1.1278021847223931,0.04526682259792733
1486,219.1178234431791,42,1,0,0,1.4854397188995678,0.04522155577532941
1487,117.68979012747141,11,1,0,0,1.4990642532043208,0.045176334219554075
1488,249.66486724516756,51,1,0,0,1.474019168164052,0.04513115788533452
1489,147.42074702102116,33,1,0,0,1.3174181978049884,0.045086026727449185
1490,183.55489799840598,29,1,0,0,1.3148423383832477,0.04504094070072173
1491,-50.0,1,0,1,0,5.244473959173903,0.04499589976002102
1492,175.35874972341935,23,1,0,0,1.3952062281902995,0.044950903860260995
1493,-50.0,1,0,1,0,5.048242896118124,0.044905952956400735
1494,183.98276964093165,27,1,0,0,1.4209841725649353,0.044861047003444336
1495,95.13118275701333,200,0,0,1,2.104798551114359,0.044816185956440886
1496,157.59148970206485,22,1,0,0,1.4691614703851,0.044771369770484445
1497,151.39880515050373,122,1,0,0,1.44185764505987,0.04472659840071396
1498,169.86325849450313,22,1,0,0,1.4981444406515814,0.04468187180231325
1499,165.00049365033766,39,1,0,0,1.4551683249828506,0.04463718993051094
1500,181.52501202333212,35,1,0,0,1.3748226891749056,0.044592552740580424
1501,187.8735179172657,113,1,0,0,1.46407170521473,0.044547960187839845
1502,155.00711330827335,32,1,0,0,1.2192239760002797,0.044503412227652
1503,170.21365990548492,19,1,0,0,1.190299032837535,0.04445890881542435
1504,144.96270973798582,13,1,0,0,1.3948025281796386,0.04441444990660893
1505,199.56205255977773,36,1,0,0,1.4079737276397315,0.04437003545670232
1506,134.89525777367206,21,1,0,0,1.4036228887778426,0.044325665421245615
1507,185.02681146725615,39,1,0,0,1.4778051700794201,0.04428133975582437
1508,169.42738039348188,48,1,0,0,1.4130322900503183,0.04423705841606854
1509,187.17480666222676,27,1,0,0,1.4101719759360176,0.04419282135765248
1510,150.88652584257312,15,1,0,0,1.355233247585998,0.04414862853629482
1511,185.93309105904365,22,1,0,0,1.085401857703531,0.04410447990775853
1512,195.3630847210871,27,1,0,0,1.4071238520565394,0.04406037542785077
1513,167.2370324200945,20,1,0,0,1.3173604562413792,0.04401631505242292
1514,183.7427093610223,29,1,0,0,1.493831779336812,0.0439722987373705
1515,137.70520220229758,15,1,0,0,1.315353788469778,0.043928326438633127
1516,149.76931383043313,69,1,0,0,1.3817749416140135,0.043884398112194495
1517,202.74399231526948,26,1,0,0,1.3043442685041158,0.0438405137140823
1518,122.74912278289708,10,1,0,0,1.3994572972693475,0.043796673200368216
1519,155.13128243450828,20,1,0,0,1.4738820818414566,0.04375287652716785
1520,174.51486609485227,24,1,0,0,1.2408616396250691,0.04370912365064068
1521,160.2637779941602,21,1,0,0,1.1815287200841766,0.04366541452699004
1522,236.60163986498608,40,1,0,0,1.4341892934896452,0.043621749112463054
1523,244.48679271048667,46,1,0,0,1.3815987130081193,0.04357812736335059
1524,136.87042255544713,12,1,0,0,1.407400323329142,0.043534549235987235
1525,160.89276285948347,20,1,0,0,1.3796792795526223,0.04349101468675125
1526,174.30662378129074,21,1,0,0,1.3577368492585886,0.0434475236720645
1527,201.1456089188921,35,1,0,0,1.3764892127929012,0.04340407614839243
1528,167.75130858791505,54,1,0,0,1.4826558391586004,0.04336067207224404
1529,192.81953477093685,25,1,0,0,1.214522864736022,0.043317311400171796
1530,176.35084041596713,21,1,0,0,1.4729233989659678,0.043273994088771625
1531,164.00075090426233,26,1,0,0,1.3859343241163895,0.04323072009468285
1532,169.1615113985829,24,1,0,0,1.2276765770992053,0.04318748937458817
1533,215.10315153766442,42,1,0,0,1.3897086699732426,0.043144301885213586
1534,182.39314456361635,24,1,0,0,1.402681043788463,0.043101157583328366
1535,144.7361153679172,16,1,0,0,1.3836071929617673,0.04305805642574504
1536,174.41304274796326,26,1,0,0,1.2474513913589753,0.043014998369319296
1537,143.14373253661518,18,1,0,0,1.1735026165617177,0.04297198337094998
1538,198.62836247678607,27,1,0,0,1.3851604577422354,0.04292901138757903
1539,191.31570696918192,23,1,0,0,1.485105408226813,0.042886082376191445
1540,107.27692495659427,121,1,0,0,1.4446110145320434,0.04284319629381526
1541,-50.0,1,0,1,0,3.0063756637331074,0.04280035309752144
1542,8.838901289687723,200,0,0,1,2.30387279221902,0.042757552744423916
1543,221.19800691687158,38,1,0,0,1.427273620424855,0.0427147951916795
1544,146.7437597918078,57,1,0,0,1.4802934051669427,0.042672080396487816
1545,198.349076125149,25,1,0,0,1.2799928671169465,0.04262940831609133
1546,175.96429052513224,26,1,0,0,1.4292162088638525,0.042586778907775236
1547,158.69078654253303,19,1,0,0,1.2913806117141702,0.04254419212886746
1548,186.73945837585603,27,1,0,0,1.3046086990717454,0.04250164793673859
1549,207.3763538834699,25,1,0,0,1.1579579047259863,0.042459146288801854
1550,144.55199973456206,15,1,0,0,1.1763152608791934,0.04241668714251305
1551,209.37009060374922,103,1,0,0,1.4273435615554513,0.04237427045537054
1552,175.87324075557774,24,1,0,0,1.4343947727852813,0.042331896184915174
1553,201.05067956204994,24,1,0,0,1.3350264952629152,0.04228956428873026
1554,157.72778172687177,22,1,0,0,1.4331582307252977,0.04224727472444152
1555,169.69010437541712,23,1,0,0,1.466304301325489,0.04220502744971708
1556,208.86424043746973,35,1,0,0,1.4671783606265165,0.04216282242226736
1557,154.6140281961553,23,1,0,0,1.307514886325137,0.042120659599845095
1558,166.0456041217996,26,1,0,0,1.2969665232580894,0.04207853894024525
1559,191.29295734273074,29,1,0,0,1.3287513922888596,0.04203646040130501
1560,213.6745367068812,39,1,0,0,1.3060185043988362,0.0419944239409037
1561,138.30661702898593,17,1,0,0,1.4708717368033217,0.0419524295169628
1562,153.20153393215213,25,1,0,0,1.3521756836455747,0.04191047708744584
1563,183.13687453322933,27,1,0,0,1.4866574639279746,0.04186856661035839
1564,168.23903081347007,20,1,0,0,1.3306242534067383,0.04182669804374803
1565,248.40899712194704,47,1,0,0,1.349438748777828,0.041784871345704286
1566,219.33857825163722,39,1,0,0,1.47305368808685,0.04174308647435858
1567,140.01309508028567,19,1,0,0,1.4876424051911272,0.04170134338788422
1568,149.41910057459864,12,1,0,0,1.3118537915695307,0.041659642044496334
1569,176.4806235831783,23,1,0,0,1.3789886269847091,0.04161798240245184
1570,205.27538602863973,26,1,0,0,1.4991498814987787,0.04157636442004939
1571,191.25894225316284,28,1,0,0,1.459111481476463,0.04153478805562934
1572,111.947911669239,9,1,0,0,1.3502500389666723,0.04149325326757371
1573,172.33531025837547,26,1,0,0,1.2393555169174877,0.04145176001430614
1574,176.50300391096852,20,1,0,0,1.3746786719329107,0.04141030825429183
1575,146.6486698974589,26,1,0,0,1.393992950322913,0.04136889794603754
1576,180.42847661144248,26,1,0,0,1.4711727547047015,0.041327529048091505
1577,209.65827259518215,30,1,0,0,1.36275888835919,0.04128620151904341
1578,138.42977928362103,14,1,0,0,1.351815417074364,0.04124491531752436
1579,145.30336207454516,18,1,0,0,1.2017140951236878,0.04120367040220684
1580,112.5174196761981,11,1,0,0,1.4814423012790294,0.04116246673180463
1581,217.8894226719689,37,1,0,0,1.2558646060631498,0.04112130426507283
1582,147.89932785093765,14,1,0,0,1.479530346636051,0.04108018296080776
1583,176.33114020779726,26,1,0,0,1.4816066993272825,0.04103910277784695
1584,152.58238761690683,20,1,0,0,1.4360359244193424,0.0409980636750691
1585,236.82759362373426,69,1,0,0,1.4759357340655213,0.04095706561139403
1586,156.19735020854824,19,1,0,0,1.4046865564884423,0.04091610854578264
1587,153.85512572923906,19,1,0,0,1.443574234727171,0.040875192437236856
1588,151.5539516103529,19,1,0,0,1.466282353145737,0.04083431724479962
1589,160.0953312149095,23,1,0,0,1.3263070244367525,0.04079348292755482
1590,177.36719049684436,22,1,0,0,1.3069586467331302,0.04075268944462726
1591,163.2371039180453,18,1,0,0,1.343912362457261,0.040711936755182636
1592,210.94708971471988,61,1,0,0,1.4902185506748336,0.04067122481842745
1593,179.8371000490183,21,1,0,0,1.3389755228250375,0.04063055359360903
1594,141.2983816013308,17,1,0,0,1.3107922401265784,0.040589923040015415
1595,235.54497688245684,41,1,0,0,1.2687679639724714,0.0405493331169754
1596,170.90132355014492,25,1,0,0,1.4749437306437962,0.04050878378385843
1597,172.18232765547594,26,1,0,0,1.4487799224641909,0.04046827500007457
1598,160.9360937303548,46,1,0,0,1.313708761542188,0.04042780672507449
1599,177.20503145994132,19,1,0,0,1.4588555586762324,0.04038737891834942
1600,205.3652232474498,29,1,0,0,1.3122681466230515,0.04034699153943107
1601,196.87757529493635,39,1,0,0,1.253219968380754,0.04030664454789164
1602,212.6893211435211,39,1,0,0,1.2727885849687957,0.040266337903343746
1603,154.02944941110013,23,1,0,0,1.4089452389009736,0.040226071565440405
1604,174.3600794784813,29,1,0,0,1.4569779815317963,0.040185845493874967
1605,167.42062590288924,25,1,0,0,1.4078380006604643,0.040145659648381085
1606,161.87146966978594,27,1,0,0,1.4792115610864227,0.04010551398873271
1607,181.45332984901182,29,1,0,0,1.407480478417493,0.04006540847474397
1608,214.1030999184586,38,1,0,0,1.4182091519647868,0.04002534306626923
1609,225.511298730632,35,1,0,0,1.4042814903852048,0.03998531772320296
1610,179.6133510795225,31,1,0,0,1.3518866684866666,0.03994533240547976
1611,152.57015066442492,51,1,0,0,1.4350575539254506,0.039905387073074276
1612,234.2458908647491,41,1,0,0,1.2978216688545212,0.03986548168600121
1613,165.51679991414562,27,1,0,0,1.412799724440004,0.039825616204315205
1614,161.8667322724158,21,1,0,0,1.3891888441099638,0.03978579058811089
1615,154.58099777628905,17,1,0,0,1.1996714078466928,0.03974600479752277
1616,155.1405554484583,19,1,0,0,1.2595913591470358,0.039706258792725255
1617,195.72493127888043,32,1,0,0,1.222593623071967,0.03966655253393253
1618,158.17102329704304,21,1,0,0,1.239832885201404,0.039626885981398595
1619,161.6239388766641,21,1,0,0,1.3301808451600037,0.039587259095417195
1620,180.2575887614218,22,1,0,0,1.2355538224190585,0.039547671836321775
1621,189.0269683921051,23,1,0,0,1.0412882762781739,0.03950812416448546
1622,170.45862861992578,21,1,0,0,1.153551047636144,0.039468616040320974
1623,101.48366078298639,2,1,0,0,1.2792117617283492,0.03942914742428065
1624,156.55309570245603,24,1,0,0,1.0989641752338903,0.03938971827685637
1625,-0.27279929938083525,200,0,0,1,2.164086900099728,0.03935032855857951
1626,154.02844941071078,23,1,0,0,1.4480028268673175,0.039310978230020936
1627,130.38833582816727,16,1,0,0,1.3534283717115276,0.03927166725179091
1628,172.5172457113992,28,1,0,0,1.4025752802928326,0.03923239558453912
1629,165.80212746602854,22,1,0,0,1.3694079860572343,0.039193163188954584
1630,162.348357845109,21,1,0,0,1.4396150211217822,0.03915397002576563
1631,-50.0,1,0,1,0,7.471364010926378,0.03911481605573986
1632,165.64049910701584,22,1,0,0,1.3022195929818126,0.039075701239684124
1633,154.62603909512046,20,1,0,0,1.390598396756892,0.03903662553844444
1634,149.89156356304534,21,1,0,0,1.33363328126823,0.038997588912905994
1635,126.2539991314188,16,1,0,0,1.3987784828124092,0.03895859132399309
1636,224.68419103515026,37,1,0,0,1.3618533498540788,0.038919632732669095
1637,173.60356580752128,19,1,0,0,1.2151815360343599,0.03888071309993643
1638,138.00042139088364,41,1,0,0,1.4925456548401952,0.03884183238683649
1639,160.1368391662696,38,1,0,0,1.3397295647282517,0.038802990554449655
1640,197.93534885054683,36,1,0,0,1.4751463248118082,0.03876418756389521
1641,128.8511975209072,14,1,0,0,1.498386256424045,0.03872542337633131
1642,186.24180009118325,27,1,0,0,1.3627182489244059,0.03868669795295498
1643,4.2092968049492985,200,0,0,1,1.8021235581379966,0.03864801125500202
1644,141.18209470378753,19,1,0,0,1.4656972924747698,0.03860936324374702
1645,125.1588824270787,153,1,0,0,1.350396537453999,0.038570753880503274
1646,181.8353931243949,29,1,0,0,1.2581102923288503,0.038532183126622765
1647,177.0326752647453,33,1,0,0,1.4774243014870296,0.03849365094349615
1648,160.4677160273044,21,1,0,0,1.1194085476550133,0.03845515729255265
1649,230.36508829424452,38,1,0,0,1.3427195016188338,0.0384167021352601
1650,186.19480905350838,26,1,0,0,1.3287610097533566,0.03837828543312484
1651,-50.0,1,0,1,0,6.888073077574893,0.03833990714769171
1652,140.88913216561946,24,1,0,0,1.4255411737240165,0.038301567240544024
1653,159.51652124583023,25,1,0,0,1.3014990636004289,0.03826326567330348
1654,224.44979936500988,56,1,0,0,1.469366429302213,0.038225002407630174
1655,118.57171358301795,23,1,0,0,1.4620420425094107,0.03818677740522254
1656,131.34840417931855,16,1,0,0,1.3423704502935037,0.03814859062781732
1657,173.39798281011466,25,1,0,0,1.4172581837360672,0.0381104420371895
1658,186.44497758958698,24,1,0,0,1.2500755058735358,0.03807233159515231
1659,175.1722911420303,64,1,0,0,1.4767759229496378,0.03803425926355716
1660,149.69574912734382,30,1,0,0,1.4927621865045653,0.0379962250042936
1661,119.23256719614537,6,1,0,0,1.1968581851073237,0.03795822877928931
1662,175.177198552984,21,1,0,0,1.4494529204996225,0.037920270550510025
1663,200.28860029466648,34,1,0,0,1.4440972760262245,0.03788235027995951
1664,149.796040358107,17,1,0,0,1.2753890571378526,0.03784446792967955
1665,171.47108826805905,25,1,0,0,1.3600811129140373,0.03780662346174987
1666,197.8911163046434,37,1,0,0,1.2511747517721603,0.03776881683828812
1667,162.9073287202495,24,1,0,0,1.3856112945366255,0.03773104802144983
1668,165.00639132345583,21,1,0,0,1.279190414419861,0.037693316973428384
1669,184.85916510071053,21,1,0,0,1.2714756102157803,0.03765562365645495
1670,139.32699010686645,17,1,0,0,1.1453812611781673,0.0376179680327985
1671,182.97689945799715,23,1,0,0,1.2227262014703726,0.037580350064765705
1672,182.47441708950635,25,1,0,0,1.447107509262266,0.03754276971470094
1673,151.01128744117935,20,1,0,0,1.2247394559949767,0.03750522694498623
1674,137.80981457796184,15,1,0,0,1.3362082945673788,0.03746772171804125
1675,167.62147113232578,22,1,0,0,1.4974449074106944,0.03743025399632321
1676,154.28110470960138,18,1,0,0,1.2287303362289124,0.03739282374232688
1677,104.90627970143619,7,1,0,0,1.460113000560457,0.03735543091858456
1678,171.38092229085674,26,1,0,0,1.314408021426352,0.03731807548766597
1679,170.40215002285896,24,1,0,0,1.4313551718285917,0.03728075741217831
1680,189.21728895877771,122,1,0,0,1.4926175735074423,0.03724347665476613
1681,-50.0,1,0,1,0,7.011869856772262,0.03720623317811136
1682,192.6072144833656,31,1,0,0,1.4617253998796507,0.03716902694493325
1683,175.10337594808,31,1,0,0,1.4961668331450622,0.037131857917988315
1684,181.74980851190813,30,1,0,0,1.3939582924452771,0.037094726060070325
1685,136.57599224163607,89,1,0,0,1.3631641829050982,0.03705763133401026
1686,185.34381157949903,26,1,0,0,1.3572447608018745,0.037020573702676245
1687,171.1599209787617,20,1,0,0,1.2846351992868712,0.03698355312897357
1688,204.37844692348608,27,1,0,0,1.2418380840542267,0.0369465695758446
1689,137.75717207822785,16,1,0,0,1.4254889050746984,0.03690962300626875
1690,140.83157774913815,15,1,0,0,1.2533031527074754,0.036872713383262486
1691,187.89778606834204,29,1,0,0,1.3819460955579732,0.03683584066987922
1692,156.41428907630157,36,1,0,0,1.31885553161644,0.03679900482920934
1693,149.50015524845986,31,1,0,0,1.3250629404434346,0.03676220582438013
1694,186.1098788744609,42,1,0,0,1.4330295748205357,0.03672544361855575
1695,137.05183905829358,12,1,0,0,1.3678307672915688,0.0366887181749372
1696,193.86390931369164,26,1,0,0,1.3146619567106657,0.03665202945676226
1697,171.96032839775566,21,1,0,0,1.4863353686023337,0.036615377427305494
1698,-50.0,1,0,1,0,3.705954950905576,0.03657876204987819
1699,104.27919013238464,2,1,0,0,1.2951830065870829,0.036542183287828316
1700,139.06327328962286,17,1,0,0,1.3131268547504025,0.036505641104540486
1701,199.19027202529946,31,1,0,0,1.256382453058315,0.03646913546343594
1702,157.64811662723156,87,1,0,0,1.468798759249767,0.036432666327972506
1703,156.81259283535024,42,1,0,0,1.2721594953767765,0.03639623366164454
1704,167.8906795523269,21,1,0,0,1.3956520488184507,0.03635983742798289
1705,171.74489141179052,20,1,0,0,1.2944009699134755,0.03632347759055491
1706,181.03220491719702,23,1,0,0,1.3496698850266364,0.036287154112964355
1707,162.99519520174022,20,1,0,0,1.274328502728309,0.036250866958851394
1708,192.1826843635354,29,1,0,0,1.1687929022922887,0.03621461609189254
1709,189.90630576171668,28,1,0,0,1.2666201245022113,0.03617840147580064
1710,168.20996259180993,43,1,0,0,1.3978148770705279,0.036142223074324846
1711,191.57673017088965,29,1,0,0,1.3943603533095121,0.03610608085125052
1712,203.88512785148734,33,1,0,0,1.3309227444227212,0.03606997477039927
1713,145.54808242141033,17,1,0,0,1.3479971075573187,0.03603390479562887
1714,100.0,1,1,0,0,1.3866257374151285,0.03599787089083324
1715,169.11099031248204,22,1,0,0,1.3527198002262555,0.03596187301994241
1716,152.11731348123936,22,1,0,0,1.4769651187448138,0.035925911146922465
1717,189.55215079870175,27,1,0,0,1.3376353903634346,0.035889985235775544
1718,139.12525348190593,15,1,0,0,1.4019316469006435,0.03585409525053977
1719,194.65188926057556,26,1,0,0,1.494401176504827,0.03581824115528923
1720,221.20553723328914,37,1,0,0,1.4099380723214059,0.035782422914133936
1721,124.78891259954631,11,1,0,0,1.389442291964779,0.035746640491219804
1722,133.05581857750383,12,1,0,0,1.1592787261619164,0.035710893850728585
1723,192.1179413113743,29,1,0,0,1.2032867639523936,0.035675182956877854
1724,175.90248807496155,35,1,0,0,1.4651762081913717,0.03563950777392098
1725,188.29495710598843,116,1,0,0,1.4942711473031631,0.03560386826614705
1726,180.7199340690022,41,1,0,0,1.455579221859451,0.03556826439788091
1727,188.43405585568607,32,1,0,0,1.2784479211278217,0.035532696133483026
1728,169.06257418975932,22,1,0,0,1.3419659289034616,0.035497163437349544
1729,160.77171503687305,20,1,0,0,1.2941514318170741,0.035461666273912194
1730,192.41389434288106,27,1,0,0,1.2976491095734115,0.03542620460763828
1731,160.8338731516605,17,1,0,0,1.3563743967490616,0.03539077840303064
1732,180.2407764255988,24,1,0,0,1.2901795347584857,0.035355387624627616
1733,191.75439402269092,34,1,0,0,1.4319011349690594,0.03532003223700299
1734,172.22184093976267,22,1,0,0,1.4138906969966891,0.035284712204765985
1735,158.73111593512,19,1,0,0,1.3765840926327915,0.03524942749256122
1736,197.81385083538933,21,1,0,0,1.4432873271516473,0.03521417806506866
1737,162.67242602703743,131,1,0,0,1.4699274681611616,0.03517896388700359
1738,155.46566402437708,30,1,0,0,1.1578350821152947,0.03514378492311659
1739,149.84227704487031,18,1,0,0,1.1051575098871829,0.035108641138193473
1740,121.72967085895205,34,1,0,0,1.3487537328320776,0.035073532497055276
1741,180.8159596468046,23,1,0,0,1.3394274158041017,0.03503845896455822
1742,174.98677044675455,22,1,0,0,1.1504689459912238,0.03500342050559366
1743,182.18744481953507,23,1,0,0,1.4527965894492672,0.03496841708508807
1744,166.79802605057893,84,1,0,0,1.3836106798265786,0.034933448668002985
1745,172.30289592069425,20,1,0,0,1.3822794846581328,0.03489851521933498
1746,170.61714882647624,31,1,0,0,1.4784225040962347,0.03486361670411564
1747,181.43601333258567,27,1,0,0,1.487326339558767,0.034828753087411526
1748,158.34053106888217,27,1,0,0,1.4435095126872723,0.034793924334324114
1749,166.96215744301122,41,1,0,0,1.4722896899057378,0.03475913040998979
1750,170.82213698134407,37,1,0,0,1.441828851936204,0.0347243712795798
1751,256.95208306958045,47,1,0,0,1.4212081282785236,0.034689646908300224
1752,217.39488933795843,43,1,0,0,1.4483938516133343,0.034654957261391915
1753,254.9129851189556,53,1,0,0,1.4686980135288226,0.03462030230413053
1754,178.64971415492965,36,1,0,0,1.24533849377571,0.0345856820018264
1755,179.36567557874653,24,1,0,0,1.2837918049673094,0.03455109631982457
1756,178.10016639121665,26,1,0,0,1.472142387283806,0.034516545223504745
1757,174.86565492838167,29,1,0,0,1.2587623149756753,0.03448202867828124
1758,254.19392043922124,53,1,0,0,1.3656032232470112,0.034447546649602964
1759,163.5301771977669,27,1,0,0,1.3503729823132475,0.03441309910295336
1760,166.29532863964147,32,1,0,0,1.4071058405449333,0.034378686003850405
1761,220.49555162902462,33,1,0,0,1.4513600182961617,0.03434430731784655
1762,270.87084854089954,52,1,0,0,1.3570297690980369,0.03430996301052871
1763,148.41691279534018,57,1,0,0,1.4628467857340373,0.03427565304751818
1764,179.209563653154,26,1,0,0,1.4467684518159987,0.03424137739447066
1765,185.56062123008104,31,1,0,0,1.4667594478337342,0.034207136017076194
1766,163.30905594844222,21,1,0,0,1.0939064437862867,0.03417292888105911
1767,181.4586506059777,48,1,0,0,1.4814897522118933,0.03413875595217805
1768,204.08016386210033,31,1,0,0,1.485404237138012,0.03410461719622587
1769,221.22550856192277,36,1,0,0,1.3050216291177943,0.03407051257902965
1770,172.89635708961168,24,1,0,0,1.3970808651948037,0.034036442066450616
1771,176.56464737643626,22,1,0,0,1.2316077462967252,0.03400240562438417
1772,166.50990439004158,29,1,0,0,1.43357446519377,0.03396840321875979
1773,191.67436882791986,28,1,0,0,1.1852012781492294,0.03393443481554103
1774,162.1095096791123,20,1,0,0,1.1814589528917268,0.033900500380725486
1775,134.50265377154182,11,1,0,0,1.460837403999252,0.03386659988034476
1776,182.86949389458817,27,1,0,0,1.3650655360969657,0.03383273328046441
1777,178.1213438557932,22,1,0,0,1.2903384428440434,0.03379890054718395
1778,170.62382968194652,22,1,0,0,1.2166125484104013,0.033765101646636764
1779,159.93442899579196,21,1,0,0,1.2715503364471998,0.03373133654499013
1780,173.96165388443399,23,1,0,0,1.3968243178032087,0.033697605208445135
1781,110.83401731656173,24,1,0,0,1.3421981583177618,0.0336639076032367
1782,125.43050836700854,9,1,0,0,1.4094436147821658,0.03363024369563346
1783,151.65463039451225,32,1,0,0,1.3666820118837675,0.033596613451937825
1784,189.0283995616987,22,1,0,0,1.3075127049212396,0.033563016838485886
1785,169.63114351572523,20,1,0,0,1.326359050009354,0.0335294538216474
1786,162.57173309556947,21,1,0,0,1.3875731786887366,0.03349592436782575
1787,256.933444965028,47,1,0,0,1.359241995484114,0.033462428443457926
1788,129.28497874338024,25,1,0,0,1.4401939235285113,0.033428966015014466
1789,177.573640829746,25,1,0,0,1.28841104778342,0.03339553704899945
1790,150.57469368053563,26,1,0,0,1.4455465439019326,0.03336214151195046
1791,173.88171811269137,25,1,0,0,1.3709769453063467,0.03332877937043851
1792,144.33619482263558,20,1,0,0,1.3930548195853922,0.03329545059106807
1793,192.94005162239822,35,1,0,0,1.3162700740687237,0.033262155140477
1794,106.32721471577189,156,1,0,0,1.4979123060476363,0.033228892985336524
1795,156.58639721159386,16,1,0,0,1.3940647536074602,0.03319566409235119
1796,163.4526191739738,27,1,0,0,1.4951522520866407,0.03316246842825884
1797,137.71960420098685,83,1,0,0,1.4780749931953647,0.033129305959830574
1798,142.9752908485695,12,1,0,0,1.187362623762098,0.03309617665387074
1799,-13.38967463316084,200,0,0,1,1.7928591394707827,0.03306308047721687
1800,211.10734331970804,39,1,0,0,1.2665782468023665,0.03303001739673966
1801,173.75169336574345,25,1,0,0,1.4005852752033356,0.03299698737934292
1802,161.78080468970802,25,1,0,0,1.3938924356302942,0.03296399039196357
1803,148.75284358263778,17,1,0,0,1.3106432393772431,0.032931026401571604
1804,137.355382855719,13,1,0,0,1.3933085216022272,0.03289809537517004
1805,165.93952702036495,62,1,0,0,1.4822673184010962,0.03286519727979487
1806,180.14140376159656,29,1,0,0,1.4337755621864317,0.03283233208251507
1807,167.01557691762298,35,1,0,0,1.3942760040838733,0.03279949975043256
1808,114.65590530491734,5,1,0,0,1.1007357065729682,0.032766700250682124
1809,187.00706748314292,34,1,0,0,1.1976102042960088,0.03273393355043144
1810,143.91340464146464,15,1,0,0,1.2766819307236683,0.03270119961688101
1811,170.92626527584343,24,1,0,0,1.106315524448367,0.03266849841726413
1812,120.00166156911536,8,1,0,0,1.2855185847273314,0.032635829918846865
1813,125.96376771534466,14,1,0,0,1.3569831450291459,0.03260319408892802
1814,134.3734967163255,12,1,0,0,1.4841486255257774,0.032570590894839095
1815,207.3271029046293,29,1,0,0,1.27922000215207,0.03253802030394425
1816,126.05797910579065,9,1,0,0,1.3188374643773848,0.03250548228364031
1817,214.01149215273455,39,1,0,0,1.4867867627680955,0.03247297680135667
1818,117.92438427944772,8,1,0,0,1.4785274649809272,0.032440503824555315
1819,181.73378772134402,26,1,0,0,1.2890827373373046,0.032408063320730755
1820,163.24376103116123,23,1,0,0,1.1086463701383804,0.03237565525741003
1821,155.75796559354046,23,1,0,0,1.4926305638821926,0.032343279602152615
1822,10.519041366390177,200,0,0,1,2.0881582716200127,0.032310936322550464
1823,143.9957281642569,19,1,0,0,1.109527241153101,0.03227862538622791
1824,141.0693569850419,19,1,0,0,1.4475443139631294,0.03224634676084168
1825,171.31975993435893,32,1,0,0,1.420208494268561,0.03221410041408084
1826,136.97325483102566,15,1,0,0,1.119006937399644,0.03218188631366676
1827,193.40093751712018,26,1,0,0,1.38537738395244,0.03214970442735309
1828,183.64853707121213,22,1,0,0,1.3831707844763095,0.03211755472292574
1829,253.9151326077006,46,1,0,0,1.4178250102641679,0.032085437168202814
1830,176.39994359436156,25,1,0,0,1.2457215261026124,0.032053351731034616
1831,171.20206041616592,23,1,0,0,1.2341106241107167,0.03202129837930358
1832,198.9928174960862,38,1,0,0,1.4919587311936084,0.03198927708092427
1833,141.9111849079858,16,1,0,0,1.437414989704899,0.03195728780384335
1834,167.0392726746672,18,1,0,0,1.3766875941646968,0.03192533051603951
1835,193.65463087090365,32,1,0,0,1.4601335570943836,0.031893405185523464
1836,185.04957681751154,29,1,0,0,1.3111771805485042,0.03186151178033794
1837,159.61859673727972,19,1,0,0,1.184468420459862,0.0318296502685576
1838,187.46610050381548,24,1,0,0,1.4108136369338162,0.03179782061828905
1839,160.02898454305026,22,1,0,0,1.437293577775276,0.03176602279767076
1840,276.76656243072284,58,1,0,0,1.4627739274595883,0.03173425677487309
1841,143.9429302707784,13,1,0,0,1.4752700860724401,0.031702522518098214
1842,116.21236681931865,6,1,0,0,1.3670557822128877,0.03167081999558012
1843,151.5966257509007,14,1,0,0,1.4877819779240502,0.03163914917558454
1844,165.32034133177416,25,1,0,0,1.3812399395479007,0.03160751002640896
1845,135.4672484531835,44,1,0,0,1.474396566644938,0.031575902516382544
1846,182.37124623358085,23,1,0,0,1.3286490837129379,0.03154432661386616
1847,-47.0963194445516,2,0,1,0,6.11977472184439,0.031512782287252294
1848,170.5295616991982,31,1,0,0,1.1908804768424723,0.03148126950496504
1849,173.86318305260417,28,1,0,0,1.4281074259556719,0.031449788235460074
1850,184.02353540884747,29,1,0,0,1.4680954975885323,0.031418338447224615
1851,131.59359898421255,10,1,0,0,1.0877922456033755,0.031386920108777396
1852,194.80306415836714,26,1,0,0,1.3203670978630326,0.03135553318866862
1853,172.3463071410713,25,1,0,0,1.442062366191017,0.03132417765547995
1854,-50.0,1,0,1,0,2.6302519308769883,0.03129285347782447
1855,120.43351104583304,10,1,0,0,1.3410541162282061,0.031261560624346645
1856,248.95042419942837,44,1,0,0,1.4092491320163463,0.031230299063722294
1857,183.88516551312773,26,1,0,0,1.2534602273283277,0.031199068764658573
1858,184.00891076837462,24,1,0,0,1.238474406251181,0.031167869695893913
1859,167.39213873045128,23,1,0,0,1.3203062985927634,0.031136701826198022
1860,98.01411197039806,171,1,0,0,1.4402060994486265,0.03110556512437182
1861,158.32301179519044,25,1,0,0,1.41116321192565,0.03107445955924745
1862,202.26967301511155,32,1,0,0,1.2295115645290198,0.031043385099688205
1863,192.3836286423815,26,1,0,0,1.312334169005147,0.031012341714588516
1864,183.2074277963781,24,1,0,0,1.4475426593811098,0.030981329372873925
1865,167.49749757475922,18,1,0,0,1.3216387778387246,0.030950348043501053
1866,182.01229811295696,25,1,0,0,1.4860524512541944,0.030919397695457554
1867,215.7653936164274,35,1,0,0,1.2062779593781452,0.030888478297762097
1868,165.0002973572487,45,1,0,0,1.466282993868684,0.030857589819464334
1869,214.96126725991712,39,1,0,0,1.311079940296417,0.030826732229644868
1870,149.30097509416314,18,1,0,0,1.4845859847756002,0.030795905497415222
1871,268.8530952601084,87,1,0,0,1.4691580657229764,0.030765109591917805
1872,161.79587091002114,25,1,0,0,1.2726561836369892,0.030734344482325888
1873,176.28175631998636,24,1,0,0,1.4250664724609576,0.030703610137843562
1874,128.50332748554786,9,1,0,0,1.3174850009080465,0.03067290652770572
1875,127.96889298226954,13,1,0,0,1.1567495201681937,0.030642233621178013
1876,113.86035056264038,18,1,0,0,1.4367828620677199,0.030611591387556838
1877,193.03210787228463,23,1,0,0,1.373516570247794,0.030580979796169278
1878,168.72127510053124,19,1,0,0,1.261551099175764,0.03055039881637311
1879,145.62814224464745,23,1,0,0,1.4119990942160234,0.030519848417556734
1880,148.86903883623012,16,1,0,0,1.4948744656931252,0.03048932856913918
1881,134.59805693726042,14,1,0,0,1.4311851762797179,0.03045883924057004
1882,171.8634243563793,30,1,0,0,1.4059966457262838,0.03042838040132947
1883,198.6359633114683,29,1,0,0,1.4185049475845064,0.03039795202092814
1884,185.83671270608897,27,1,0,0,1.3641507627034164,0.03036755406890721
1885,196.42814432494873,31,1,0,0,1.4305019277675142,0.030337186514838306
1886,200.723932675301,30,1,0,0,1.4516014595827802,0.030306849328323466
1887,207.9253506782772,34,1,0,0,1.312401771385283,0.030276542478995146
1888,176.24339352675,29,1,0,0,1.228828745527017,0.03024626593651615
1889,119.48339309969481,8,1,0,0,1.4532750592943489,0.03021601967057963
1890,-50.0,1,0,1,0,4.23030355987714,0.030185803650909056
1891,164.5960957612058,80,1,0,0,1.49666583417034,0.030155617847258145
1892,151.79850120536315,27,1,0,0,1.478868525890869,0.030125462229410885
1893,133.41747127140457,12,1,0,0,1.3047567164489011,0.030095336767181475
1894,185.48080626651677,28,1,0,0,1.4132180585409375,0.030065241430414294
1895,150.43596784515998,18,1,0,0,1.4772676592715217,0.030035176188983877
1896,195.39638595028737,25,1,0,0,1.1879001496279094,0.030005141012794896
1897,172.02500336912294,26,1,0,0,1.3336104243472102,0.0299751358717821
1898,129.55673228942078,11,1,0,0,1.2581971492169024,0.029945160735910317
1899,162.80447064320572,30,1,0,0,1.4674392317935894,0.02991521557517441
1900,164.94858201405344,22,1,0,0,1.490209110554916,0.029885300359599232
1901,180.62142842260377,21,1,0,0,1.4996808672227697,0.029855415059239634
1902,138.3022483425362,13,1,0,0,1.1995026251370258,0.029825559644180395
1903,172.0491121682827,25,1,0,0,1.4263202627986726,0.029795734084536216
1904,261.0366634074197,49,1,0,0,1.2357204015092245,0.029765938350451677
1905,160.05978175542256,29,1,0,0,1.4506534754285239,0.029736172412101226
1906,191.68041273209747,26,1,0,0,1.2296785997592938,0.029706436239689122
1907,163.3268256355218,20,1,0,0,1.4573481205274845,0.029676729803449438
1908,151.83269947816757,17,1,0,0,1.3349487921132464,0.029647053073645985
1909,157.3349589853278,29,1,0,0,1.4091241951858673,0.02961740602057234
1910,144.13510473685528,19,1,0,0,1.3511397436473622,0.02958778861455177
1911,195.93322238147397,34,1,0,0,1.2597933089867623,0.029558200825937214
1912,21.018148358197575,200,0,0,1,1.7878077746615237,0.02952864262511128
1913,175.5037034655466,25,1,0,0,1.4132859099691928,0.029499113982486166
1914,176.49485593842041,27,1,0,0,1.4643502892402644,0.02946961486850368
1915,132.4513374644785,12,1,0,0,1.2052275914636388,0.029440145253635176
1916,156.84932194295826,18,1,0,0,1.4205872564634978,0.029410705108381542
1917,153.95436379896978,18,1,0,0,1.1777485769553027,0.029381294403273164
1918,189.2695566673903,25,1,0,0,1.2508561550390753,0.02935191310886989
1919,255.17975872329902,51,1,0,0,1.2598490914127292,0.029322561195761015
1920,119.43051154346418,6,1,0,0,1.1863307703540797,0.029293238634565257
1921,196.18403958741175,32,1,0,0,1.309991512907991,0.02926394539593069
1922,165.53131246444298,22,1,0,0,1.3953331438629246,0.02923468145053476
1923,154.30931114236688,20,1,0,0,1.2628553430872778,0.029205446769084226
1924,146.65223168796925,18,1,0,0,1.3207654051320954,0.02917624132231514
1925,155.642160331043,18,1,0,0,1.451961277762994,0.029147065080992823
1926,160.3803133135459,21,1,0,0,1.3288538216413495,0.029117918015911834
1927,170.60154283949282,19,1,0,0,1.1489014692800514,0.029088800097895925
1928,160.41226204921463,17,1,0,0,1.3716703059474444,0.029059711297798024
1929,190.72473525747557,30,1,0,0,1.3667887209752976,0.029030651586500228
1930,261.30826117243487,56,1,0,0,1.3585528188169742,0.029001620934913725
1931,134.73407815424127,10,1,0,0,1.3275925735502785,0.028972619313978817
1932,143.9164795186153,15,1,0,0,1.2260002068727747,0.028943646694664833
1933,137.1273703455294,14,1,0,0,1.4167839653039478,0.02891470304797017
1934,147.3484745317089,23,1,0,0,1.2677096690079541,0.028885788344922197
1935,182.345521977813,24,1,0,0,1.2949506493541547,0.028856902556577274
1936,161.8229505842679,25,1,0,0,1.3644853951696154,0.028828045654020702
1937,259.3099634746949,52,1,0,0,1.4200270364852288,0.02879921760836668
1938,188.56837475348317,39,1,0,0,1.2289248520803062,0.028770418390758314
1939,187.61642673045364,31,1,0,0,1.4244793844218246,0.028741647972367553
1940,155.89763048699484,19,1,0,0,1.4814280777454647,0.028712906324395188
1941,157.0887754464644,23,1,0,0,1.2563473889208379,0.028684193418070793
1942,157.4961411211624,43,1,0,0,1.281460848950276,0.028655509224652723
1943,169.26781147276597,28,1,0,0,1.294742510170237,0.02862685371542807
1944,168.6412222738947,24,1,0,0,1.472337915531936,0.02859822686171264
1945,174.13632156819452,27,1,0,0,1.3185257119798488,0.028569628634850925
1946,104.26177563930028,4,1,0,0,1.404299395233229,0.028541059006216077
1947,144.9731125553486,16,1,0,0,1.365310884736838,0.02851251794720986
1948,159.26192114643445,16,1,0,0,1.2934001929187984,0.02848400542926265
1949,169.70043965774016,28,1,0,0,1.3803225148224696,0.028455521423833386
1950,138.4066166619403,14,1,0,0,1.395857470821297,0.028427065902409555
1951,150.43767460653484,12,1,0,0,1.4412256136230541,0.028398638836507145
1952,151.41168621449205,19,1,0,0,1.3274726563601373,0.028370240197670638
1953,180.0330587812507,31,1,0,0,1.377928207031124,0.028341869957472968
1954,116.82150928454146,8,1,0,0,1.3988799515499217,0.028313528087515496
1955,169.45761556809333,18,1,0,0,1.3723287019958073,0.02828521455942798
1956,127.54891849229547,10,1,0,0,1.441466541202006,0.02825692934486855
1957,241.04502155326273,46,1,0,0,1.2329204471482886,0.02822867241552368
1958,200.68112407179652,28,1,0,0,1.194091855427207,0.028200443743108157
1959,203.1579876965452,25,1,0,0,1.240799407377563,0.028172243299365046
1960,179.27487090536297,20,1,0,0,1.2434117381749548,0.028144071056065686
1961,136.5145987869691,18,1,0,0,1.4399953501335678,0.028115926985009622
1962,114.03384488207408,5,1,0,0,1.4273200330426972,0.02808781105802461
1963,195.33912398172436,26,1,0,0,1.3803945852024957,0.028059723246966584
1964,171.75253377005606,20,1,0,0,1.307611749453819,0.02803166352371962
1965,185.9049522909262,22,1,0,0,1.293183195362847,0.0280036318601959
1966,175.5188186025889,148,1,0,0,1.4510029329293437,0.027975628228335703
1967,119.82305069194175,10,1,0,0,1.3997723448936366,0.027947652600107366
1968,147.51080266675325,15,1,0,0,1.3635609658440973,0.027919704947507257
1969,153.8178278188387,14,1,0,0,1.4830988797055948,0.027891785242559752
1970,152.71384127298867,17,1,0,0,1.4971182935717042,0.027863893457317192
1971,138.1164940241171,15,1,0,0,1.2331170128133728,0.027836029563859877
1972,121.01778868742976,7,1,0,0,1.344369334974127,0.02780819353429602
1973,212.8151964908745,39,1,0,0,1.4630598824052345,0.027780385340761722
1974,152.06344635266288,19,1,0,0,1.3332806728126292,0.027752604955420958
1975,151.88465364482374,37,1,0,0,1.4143467767108826,0.027724852350465536
1976,155.6181970309005,15,1,0,0,1.2890791688657504,0.027697127498115072
1977,201.43680096905138,31,1,0,0,1.21728093231345,0.027669430370616956
1978,170.64980619829907,26,1,0,0,1.3017675556928179,0.02764176094024634
1979,134.4417615667246,13,1,0,0,1.2340546021933505,0.02761411917930609
1980,179.5782065590687,22,1,0,0,1.1942119992522817,0.02758650506012679
1981,199.6915032785249,29,1,0,0,1.2994756611374947,0.02755891855506666
1982,156.38199367179323,28,1,0,0,1.2278823048454528,0.027531359636511595
1983,152.9869938689029,18,1,0,0,1.3573647682470553,0.027503828276875083
1984,189.93134707766592,27,1,0,0,1.367572717956952,0.027476324448598207
1985,238.77672475772448,45,1,0,0,1.4442681023431763,0.027448848124149605
1986,203.36323388916384,38,1,0,0,1.3935743183848248,0.027421399276025462
1987,149.31528267258525,28,1,0,0,1.4842236627074725,0.027393977876749433
1988,268.36154395454366,64,1,0,0,1.4196207907541893,0.027366583898872684
1989,172.9516770707922,22,1,0,0,1.4232137960088829,0.02733921731497381
1990,170.90966642829474,30,1,0,0,1.2899453394734073,0.027311878097658837
1991,140.00617111625746,19,1,0,0,1.3524873452188886,0.02728456621956118
1992,150.1434474418884,14,1,0,0,1.1558323946560218,0.027257281653341615
1993,203.98176003587963,23,1,0,0,1.2320580919266106,0.027230024371688272
1994,170.65580303146888,26,1,0,0,1.4166204791404369,0.027202794347316584
1995,139.30868215020456,19,1,0,0,1.3030631334439355,0.02717559155296927
1996,140.28108588003101,52,1,0,0,1.4821218662795361,0.027148415961416303
1997,145.12034149859494,19,1,0,0,1.3045033044511194,0.027121267545454887
1998,217.3145076795758,35,1,0,0,1.2848026514207944,0.02709414627790943
1999,188.8644286361299,28,1,0,0,1.4392869741843486,0.02706705213163152
2000,133.83306177443944,12,1,0,0,1.2277806533089624,0.027039985079499892
2001,176.5453410391372,21,1,0,0,1.2313962822780526,0.027012945094420388
2002,171.8375474001544,18,1,0,0,1.269111415592416,0.026985932149325972
2003,220.35730408897612,36,1,0,0,1.2878482843166084,0.026958946217176646
2004,55.907617137157835,200,0,0,1,2.9448321940568865,0.026931987270959464
2005,165.62176005375576,25,1,0,0,1.469800896527935,0.026905055283688507
2006,222.46765353948146,30,1,0,0,1.1530566139663074,0.02687815022840482
2007,174.3020982685954,21,1,0,0,1.4575551369980828,0.026851272078176416
2008,122.45646525306151,20,1,0,0,1.4521944426871527,0.02682442080609824
2009,152.8673495047813,15,1,0,0,1.3149476549055394,0.02679759638529214
2010,154.20081593855875,20,1,0,0,1.3660336394469466,0.026770798788906848
2011,148.5918534907764,68,1,0,0,1.4400218590405276,0.026744027990117936
2012,150.00539193048732,20,1,0,0,1.2243298394069742,0.02671728396212782
2013,133.99148709684488,14,1,0,0,1.4674029240840583,0.026690566678165696
2014,223.76434671664128,43,1,0,0,1.3710500891418478,0.02666387611148753
2015,149.20609549612038,17,1,0,0,1.4273634448854142,0.026637212235376042
2016,139.84377338285037,16,1,0,0,1.1020564258922274,0.026610575023140667
2017,225.17066661104369,38,1,0,0,1.2737101280939176,0.02658396444811752
2018,244.61820932950536,51,1,0,0,1.4577851977683318,0.02655738048366941
2019,108.25819439533204,4,1,0,0,1.445618129516723,0.026530823103185736
2020,226.40531509987477,37,1,0,0,1.3739748044931228,0.02650429228008255
2021,177.20516706460788,26,1,0,0,1.2751171333885374,0.026477787987802467
2022,188.86294590701078,25,1,0,0,1.434649563788544,0.026451310199814667
2023,170.8088730354772,24,1,0,0,1.4466135562895401,0.02642485888961485
2024,121.29992651501856,9,1,0,0,1.4535072780753069,0.02639843403072524
2025,134.21960395168512,60,1,0,0,1.479161332769803,0.026372035596694512
2026,146.41463421776302,15,1,0,0,1.2757331930400815,0.026345663561097816
2027,112.33417560577831,23,1,0,0,1.358900000435873,0.026319317897536717
2028,-50.0,1,0,1,0,5.099098607794381,0.026292998579639182
2029,177.56591837171476,28,1,0,0,1.468985381303492,0.026266705581059542
2030,185.98212971601987,44,1,0,0,1.4662314330059067,0.026240438875478486
2031,155.2049142108897,14,1,0,0,1.365398284627674,0.026214198436603005
2032,127.85508009085254,20,1,0,0,1.4647869710628723,0.0261879842381664
2033,184.2302308862822,24,1,0,0,1.4570383896192576,0.026161796253928234
2034,186.79113452897778,23,1,0,0,1.2065755593307192,0.026135634457674306
2035,177.20873981217647,36,1,0,0,1.4224008891579094,0.026109498823216632
2036,186.97323686024708,27,1,0,0,1.272392509265185,0.026083389324393413
2037,190.47815378870263,33,1,0,0,1.417693098523162,0.02605730593506902
2038,241.98776247283325,47,1,0,0,1.3871852664420006,0.026031248629133953
2039,155.55793255714855,25,1,0,0,1.3266930168477136,0.02600521738050482
2040,127.23337781807385,13,1,0,0,1.1316709916864505,0.025979212163124318
2041,163.99057335552388,24,1,0,0,1.3019335091011506,0.02595323295096119
2042,192.0281153631958,27,1,0,0,1.2361746433955731,0.02592727971801023
2043,143.6165054702857,19,1,0,0,1.4078817273798951,0.02590135243829222
2044,162.21531746739234,20,1,0,0,1.3506367634300946,0.025875451085853925
2045,172.20091067336188,32,1,0,0,1.4336131346888827,0.025849575634768075
2046,158.91598941878573,33,1,0,0,1.243504345246352,0.0258237260591333
2047,165.68078023481394,36,1,0,0,1.4921067412357525,0.02579790233307417
2048,153.856081397042,19,1,0,0,1.3641102127610256,0.025772104430741096
2049,182.6571179031151,28,1,0,0,1.260237378201494,0.025746332326310357
2050,188.7236234726193,32,1,0,0,1.3529656671414763,0.02572058599398405
2051,175.46713516772104,22,1,0,0,1.4427017162916194,0.02569486540799006
2052,190.6064642183384,23,1,0,0,1.047216702112872,0.02566917054258207
2053,219.09451563806806,38,1,0,0,1.4053053102669841,0.025643501372039492
2054,146.3860632682324,22,1,0,0,1.3821009749389084,0.02561785787066745
2055,221.77524165942373,36,1,0,0,1.268244304684451,0.02559224001279678
2056,112.16034833291914,15,1,0,0,1.4141928711795932,0.025566647772783987
2057,138.6317577696211,17,1,0,0,1.385004381420801,0.025541081125011203
2058,208.83759371082448,33,1,0,0,1.3146284417434215,0.02551554004388619
2059,189.44795025516632,25,1,0,0,1.1490959162457504,0.0254900245038423
2060,185.48485908668067,25,1,0,0,1.2597368716445525,0.025464534479338465
2061,167.28168041303647,21,1,0,0,1.2123056981212141,0.025439069944859123
2062,218.73916924146909,35,1,0,0,1.2906352050090324,0.025413630874914262
2063,166.14999594147181,21,1,0,0,1.2646379169444553,0.02538821724403935
2064,-50.0,1,0,1,0,5.094347176659608,0.02536282902679531
2065,144.03499300222597,19,1,0,0,1.2237951520164583,0.025337466197768516
2066,158.8253748737379,23,1,0,0,1.3519238880327455,0.025312128731570745
2067,209.2464395464092,31,1,0,0,1.4788251665810042,0.025286816602839175
2068,183.12046696399472,26,1,0,0,1.3273381729845306,0.025261529786236338
2069,157.62910912443078,19,1,0,0,1.2823119195008181,0.025236268256450103
2070,181.8008041357908,36,1,0,0,1.163064161760897,0.02521103198819365
2071,195.58664917567876,69,1,0,0,1.1842477649151377,0.02518582095620546
2072,133.29503247572976,18,1,0,0,1.452534328466256,0.02516063513524925
2073,190.11908311786664,34,1,0,0,1.172669476379852,0.025135474500114004
2074,234.09519578649147,61,1,0,0,1.3946692751694585,0.02511033902561389
2075,172.88873984014188,31,1,0,0,1.4380756333545752,0.025085228686588273
2076,187.63722758285746,23,1,0,0,1.4820895081743626,0.025060143457901685
2077,180.93408329605606,21,1,0,0,1.4867157129638164,0.025035083314443787
2078,174.97779717608339,26,1,0,0,1.2480575883233558,0.02501004823112934
2079,145.25250335795644,21,1,0,0,1.491492709942363,0.02498503818289821
2080,129.63294398860953,31,1,0,0,1.3151350040346115,0.024960053144715312
2081,216.03844338561058,34,1,0,0,1.3539772533473236,0.024935093091570597
2082,-50.0,1,0,1,0,4.282151778910449,0.024910157998479024
2083,196.7790495084236,29,1,0,0,1.1727799977074818,0.024885247840480546
2084,207.11667690969074,29,1,0,0,1.3154353770140215,0.024860362592640066
2085,172.96875497323842,24,1,0,0,1.3265240219950667,0.024835502230047428
2086,171.61511794097234,23,1,0,0,1.4455625377407593,0.02481066672781738
2087,185.3691537150251,24,1,0,0,1.3796052386916402,0.024785856061089562
2088,196.64668328017493,26,1,0,0,1.423458127291416,0.024761070205028473
2089,139.24190785192687,18,1,0,0,1.4834424841870266,0.024736309134823442
2090,165.46170564258117,29,1,0,0,1.2894724499882404,0.02471157282568862
2091,162.01936522696832,18,1,0,0,1.4498599987571914,0.02468686125286293
2092,179.09129424456398,28,1,0,0,1.2366832565606063,0.02466217439161007
2093,178.0342687886683,29,1,0,0,1.343862036367324,0.02463751221721846
2094,183.93536504828919,27,1,0,0,1.4194106937953597,0.02461287470500124
2095,159.362225656213,22,1,0,0,1.4358860070164952,0.024588261830296238
2096,161.37531289327268,15,1,0,0,1.4785222061514804,0.024563673568465942
2097,193.8455143147436,28,1,0,0,1.4269691036156358,0.02453910989489748
2098,198.0345799097375,37,1,0,0,1.2374008496050635,0.02451457078500258
2099,241.27072774711976,49,1,0,0,1.462245549232823,0.024490056214217577
2100,200.99197647865998,32,1,0,0,1.2502587960914098,0.024465566158003358
2101,166.32817713832196,19,1,0,0,1.4540452050584418,0.024441100591845358
2102,135.620243518919,19,1,0,0,1.3425040940646018,0.02441665949125351
2103,160.74306836494424,17,1,0,0,1.4571092279368656,0.024392242831762258
2104,197.9844959920029,28,1,0,0,1.3038379256119639,0.024367850588930495
2105,192.39013785377878,30,1,0,0,1.369500961385224,0.024343482738341565
2106,165.95534934646332,21,1,0,0,1.2488228128088086,0.024319139255603223
2107,131.2923459574877,12,1,0,0,1.3957483105423518,0.02429482011634762
2108,176.67430329680911,38,1,0,0,1.3749756192180727,0.024270525296231273
2109,169.09320387438333,24,1,0,0,1.3566851331059961,0.02424625477093504
2110,172.08682140689194,27,1,0,0,1.0536711079290373,0.024222008516164104
2111,213.78240766734592,37,1,0,0,1.2666637707112434,0.02419778650764794
2112,172.24768087641888,33,1,0,0,1.3853586483706026,0.024173588721140293
2113,-50.0,1,0,1,0,7.876392468732888,0.024149415132419152
2114,185.91557286620724,54,1,0,0,1.4701427589878995,0.024125265717286733
2115,130.07398503941138,11,1,0,0,1.3416050249507117,0.024101140451569445
2116,142.627537743566,153,1,0,0,1.3557900054736283,0.024077039311117876
2117,162.66635780154684,26,1,0,0,1.4452544081371694,0.02405296227180676
2118,149.60174479303515,19,1,0,0,1.3392529364573698,0.024028909309534954
2119,138.0811868499549,35,1,0,0,1.4920351239222636,0.024004880400225418
2120,154.9861309402096,24,1,0,0,1.390380186430245,0.023980875519825192
2121,232.76147028347435,43,1,0,0,1.3822909496634548,0.023956894644305365
2122,168.4627499506646,25,1,0,0,1.2156454422356708,0.02393293774966106
2123,171.14676170635929,36,1,0,0,1.2924564977354858,0.0239090048119114
2124,164.54325778522073,18,1,0,0,1.4356656262545728,0.02388509580709949
2125,170.48853601836777,16,1,0,0,1.3722717756373577,0.02386121071129239
2126,110.62736750641601,4,1,0,0,1.4063784503172039,0.023837349500581098
2127,174.41912442415273,30,1,0,0,1.4533431722708272,0.023813512151080518
2128,144.4854510727726,14,1,0,0,1.2856084028162966,0.023789698638929435
2129,189.8240717149325,27,1,0,0,1.309408796559819,0.023765908940290507
2130,213.18906317349843,33,1,0,0,1.435504502813008,0.023742143031350214
2131,210.29725903529274,28,1,0,0,1.1502520361387254,0.023718400888318864
2132,145.5842731098108,27,1,0,0,1.4575104343342746,0.02369468248743055
2133,253.37819149380192,47,1,0,0,1.3628374762880253,0.023670987804943117
2134,141.3719813467911,24,1,0,0,1.470987776885497,0.023647316817138175
2135,173.11310367383584,24,1,0,0,1.4660633322384564,0.023623669500321035
2136,166.32314374827962,25,1,0,0,1.4967613662440002,0.023600045830820714
2137,165.82641343337505,26,1,0,0,1.2911105617671221,0.023576445784989894
2138,157.5753638629762,17,1,0,0,1.3467407982287711,0.023552869339204904
2139,135.22984516890244,31,1,0,0,1.4864772543782052,0.023529316469865696
2140,119.22102248117949,13,1,0,0,1.181818461271561,0.02350578715339583
2141,176.97247494907555,42,1,0,0,1.4816222922009619,0.023482281366242436
2142,185.2494385781969,29,1,0,0,1.2747763661648088,0.023458799084876192
2143,172.79487098517455,21,1,0,0,1.1334005828205205,0.02343534028579132
2144,196.13450679859665,26,1,0,0,1.1977812687111156,0.023411904945505525
2145,134.0478889401236,15,1,0,0,1.4143555092634683,0.02338849304056002
2146,224.9545042425887,32,1,0,0,1.2396319516411625,0.02336510454751946
2147,173.8239996900602,29,1,0,0,1.2117485396732397,0.02334173944297194
2148,158.7977981563861,16,1,0,0,1.496171849853599,0.02331839770352897
2149,142.6243491421007,19,1,0,0,1.3293314269076346,0.02329507930582544
2150,238.1850273999812,38,1,0,0,1.4191244262998906,0.023271784226519612
2151,168.05634242886808,25,1,0,0,1.3031596479888563,0.023248512442293093
2152,159.67504355241766,19,1,0,0,1.4570909801153913,0.023225263929850803
2153,177.6065184898634,33,1,0,0,1.333584156720089,0.02320203866592095
2154,170.55385185928128,147,1,0,0,1.497323804564317,0.02317883662725503
2155,173.44037553730863,27,1,0,0,1.112939075487955,0.023155657790627775
2156,189.68164372353445,24,1,0,0,1.451021131379073,0.023132502132837147
2157,194.28765132920682,32,1,0,0,1.47038039414968,0.023109369630704313
2158,170.00913010007105,33,1,0,0,1.4604101936423939,0.023086260261073605
2159,231.26196480243658,45,1,0,0,1.416211898195116,0.023063174000812533
2160,266.7707017146182,53,1,0,0,1.2341442187654814,0.02304011082681172
2161,161.06125840503694,18,1,0,0,1.2402965820394938,0.02301707071598491
2162,121.57517707226236,11,1,0,0,1.2498448697177889,0.022994053645268922
2163,214.81139892540364,38,1,0,0,1.3479925783852122,0.022971059591623655
2164,177.64820164257202,22,1,0,0,1.3648568974982367,0.02294808853203203
2165,162.94911596610186,21,1,0,0,1.23273537992995,0.022925140443499997
2166,208.55705689828986,28,1,0,0,1.3339735749974726,0.0229022153030565
2167,150.59136448761683,25,1,0,0,1.328592028657581,0.022879313087753442
2168,152.42333517022627,14,1,0,0,1.3454427778921156,0.022856433774665688
2169,185.9183510774735,22,1,0,0,1.4159843116062376,0.02283357734089102
2170,215.51283205537933,34,1,0,0,1.36900066577906,0.022810743763550134
2171,190.70020750171818,26,1,0,0,1.4762611444378995,0.022787933019786582
2172,155.89065764522118,20,1,0,0,1.4066716580905256,0.022765145086766796
2173,157.98637619464282,16,1,0,0,1.3935073015012853,0.02274237994168003
2174,137.62202273966236,12,1,0,0,1.0831928271691966,0.022719637561738348
2175,232.1688734500221,41,1,0,0,1.3512549379935919,0.022696917924176607
2176,174.64769852311997,25,1,0,0,1.2204864622912956,0.022674221006252434
2177,152.92340508731013,22,1,0,0,1.4632448869547534,0.022651546785246182
2178,234.38307431038712,44,1,0,0,1.4078520700969497,0.022628895238460935
2179,234.0500351472425,48,1,0,0,1.1336332385093355,0.022606266343222475
2180,201.78055190590408,35,1,0,0,1.4477969946423663,0.02258366007687925
2181,164.38425743823413,26,1,0,0,1.4874928937266712,0.02256107641680237
2182,157.10106833763064,21,1,0,0,1.4977600127685826,0.02253851534038557
2183,199.5253229540185,29,1,0,0,1.3033778132424916,0.022515976825045185
2184,162.20154684376277,25,1,0,0,1.2603607795656886,0.02249346084822014
2185,195.93145228672472,26,1,0,0,1.2304308849935062,0.02247096738737192
2186,162.3279622078827,20,1,0,0,1.1673137413238668,0.022448496419984545
2187,127.82120629353544,13,1,0,0,1.361179415268742,0.022426047923564563
2188,192.24439428235797,23,1,0,0,1.2629850578625916,0.022403621875641
2189,126.29596041441536,17,1,0,0,1.3209806002947067,0.022381218253765357
2190,182.14426504996544,23,1,0,0,1.1843535664493265,0.02235883703551159
2191,156.72901520847802,19,1,0,0,1.3722849143260643,0.02233647819847608
2192,160.53224110023763,30,1,0,0,1.3980353214256516,0.022314141720277604
2193,122.79182322998095,11,1,0,0,1.233251700153248,0.022291827578557327
2194,182.92192772246435,21,1,0,0,1.312214007083992,0.02226953575097877
2195,147.72936802838717,20,1,0,0,1.1510829700740144,0.02224726621522779
2196,152.3230648857257,22,1,0,0,1.4457107185565083,0.022225018949012562
2197,194.14993970995513,25,1,0,0,1.2403885501741891,0.02220279393006355
2198,151.44102472748233,19,1,0,0,1.3764620726510985,0.022180591136133486
2199,114.4068718766437,21,1,0,0,1.4521839784251036,0.022158410544997353
2200,174.71724459286645,20,1,0,0,1.3903048984716526,0.022136252134452354
2201,181.8723694952327,22,1,0,0,1.1407319147560049,0.022114115882317903
2202,168.54254120453223,16,1,0,0,1.2499771365201418,0.022092001766435585
2203,183.36921526352734,24,1,0,0,1.2026713340042536,0.02206990976466915
2204,192.82992624563622,25,1,0,0,1.187819972864854,0.02204783985490448
2205,150.5473318571075,44,1,0,0,1.482325122681448,0.022025792015049575
2206,244.42522357237667,47,1,0,0,1.325262120648745,0.022003766223034526
2207,210.3482728508385,35,1,0,0,1.4936017649642657,0.021981762456811493
2208,154.08966365175485,37,1,0,0,1.3601049839910058,0.02195978069435468
2209,180.31498364082418,23,1,0,0,1.3437114538440695,0.021937820913660325
2210,175.51055784044087,26,1,0,0,1.4907294562282214,0.021915883092746665
2211,116.22569962015193,21,1,0,0,1.2362901763426837,0.02189396720965392
2212,162.02600842170742,21,1,0,0,1.2584404597151964,0.021872073242444265
2213,160.55451222139573,21,1,0,0,1.4103178583177236,0.02185020116920182
2214,154.33976201059988,18,1,0,0,1.1986284593817385,0.02182835096803262
2215,177.4789041428263,30,1,0,0,1.2559887718512686,0.021806522617064585
2216,184.61589235582682,23,1,0,0,1.0995280289720462,0.021784716094447522
2217,151.92314836242988,19,1,0,0,1.2789923725932124,0.02176293137835307
2218,225.7995270247577,37,1,0,0,1.2835022306489376,0.02174116844697472
2219,160.24062649685388,19,1,0,0,1.4729218265421216,0.021719427278527745
2220,146.60273872225926,12,1,0,0,1.386092691019245,0.021697707851249217
2221,181.08802724875426,31,1,0,0,1.4159191181667015,0.02167601014339797
2222,189.77778741044054,32,1,0,0,1.4986754859304976,0.02165433413325457
2223,135.99479677686756,15,1,0,0,1.4263772471113583,0.021632679799121316
2224,171.89276265421998,23,1,0,0,1.3133737018075382,0.021611047119322196
2225,194.28895269563833,77,1,0,0,1.4770180402711606,0.021589436072202872
2226,241.03729714400706,43,1,0,0,1.4016736198801354,0.021567846636130667
2227,100.953473285272,5,1,0,0,1.4879580753516932,0.02154627878949454
2228,173.10435008039218,21,1,0,0,1.3335511717845812,0.021524732510705042
2229,171.26122732732938,21,1,0,0,1.2885653240236141,0.02150320777819434
2230,117.08234561334189,5,1,0,0,1.3416231512613275,0.021481704570416146
2231,176.46437591571964,26,1,0,0,1.3231021680065844,0.02146022286584573
2232,47.653253429447275,200,0,0,1,1.92463835394292,0.02143876264297988
2233,169.95267099285894,22,1,0,0,1.297715959842723,0.021417323880336903
2234,131.834431945219,19,1,0,0,1.4743227834184107,0.021395906556456568
2235,182.9786150990243,19,1,0,0,1.2303304260049575,0.02137451064990011
2236,148.38107503032512,22,1,0,0,1.3375701001086813,0.02135313613925021
2237,235.44409706599657,38,1,0,0,1.4113433144487206,0.02133178300311096
2238,249.90495985374443,50,1,0,0,1.3654354387892884,0.021310451220107846
2239,185.87603140658317,24,1,0,0,1.3411251270887286,0.02128914076888774
2240,157.78437847020314,20,1,0,0,1.2258774146119134,0.021267851628118853
2241,128.6895699165138,14,1,0,0,1.355655225344135,0.021246583776490732
2242,155.5580667384514,88,1,0,0,1.308633273026639,0.021225337192714244
2243,182.40711356599587,25,1,0,0,1.2648956239753266,0.021204111855521526
2244,194.7855080550319,25,1,0,0,1.493268946339234,0.021182907743666005
2245,196.44789103995606,29,1,0,0,1.4101568544307874,0.021161724835922338
2246,156.4690586922122,24,1,0,0,1.2936801003510228,0.02114056311108642
2247,148.27903970755045,19,1,0,0,1.4998164789939283,0.02111942254797533
2248,-20.46874491542162,200,0,0,1,1.7722109545039673,0.02109830312542736
2249,162.36789476453788,21,1,0,0,1.2698445454073546,0.02107720482230193
2250,159.13020808345337,19,1,0,0,1.3374735419372112,0.021056127617479627
2251,158.24227983948742,20,1,0,0,1.3830785250027549,0.02103507148986215
2252,168.74595443162147,28,1,0,0,1.4463595839423804,0.021014036418372285
2253,158.36750770899562,21,1,0,0,1.3736634078769254,0.020993022381953913
2254,242.28735703705667,49,1,0,0,1.362913098046104,0.02097202935957196
2255,161.63925784231049,22,1,0,0,1.1512133791337162,0.020951057330212387
2256,120.99322942974852,10,1,0,0,1.08311125206243,0.020930106272882176
2257,171.7312811694936,22,1,0,0,1.3965237016538037,0.020909176166609294
2258,186.22713790175072,22,1,0,0,1.3191587881606015,0.020888266990442685
2259,121.04080313127525,133,1,0,0,1.4503614570723695,0.02086737872345224
2260,159.75054978595836,22,1,0,0,1.2950457538622608,0.02084651134472879
2261,188.9120753972868,32,1,0,0,1.2141450866649441,0.02082566483338406
2262,249.35684552495255,48,1,0,0,1.263553333644015,0.020804839168550675
2263,162.47148837891433,20,1,0,0,1.249611441518677,0.020784034329382126
2264,185.30617095002896,31,1,0,0,1.4164821981784468,0.020763250295052743
2265,215.45076055700582,37,1,0,0,1.4795813491508008,0.020742487044757688
2266,100.0,1,1,0,0,1.1396386858962404,0.02072174455771293
2267,168.38666201182804,24,1,0,0,1.2791016583850714,0.02070102281315522
2268,210.28494342752697,32,1,0,0,1.4145019003611339,0.020680321790342064
2269,175.95057230302484,23,1,0,0,1.3419896009206722,0.02065964146855172
2270,178.22378553716197,20,1,0,0,1.4467144624900654,0.02063898182708317
2271,167.14966741201965,18,1,0,0,1.4092703210079516,0.020618342845256085
2272,208.66912568608188,28,1,0,0,1.3238700051084253,0.020597724502410833
2273,137.47397031704983,46,1,0,0,1.4939289502681736,0.02057712677790842
2274,136.55769417227435,16,1,0,0,1.2082053569447673,0.02055654965113051
2275,173.4339032843196,19,1,0,0,1.249528440292515,0.020535993101479383
2276,146.9733738441468,15,1,0,0,1.4031482165034843,0.0205154571083779
2277,169.70881566212728,23,1,0,0,1.4475627323263351,0.020494941651269524
2278,165.40141837961835,19,1,0,0,1.3028790985423855,0.020474446709618253
2279,-50.0,1,0,1,0,4.789768421374404,0.020453972262908637
2280,221.79992665734198,35,1,0,0,1.4266337639710074,0.020433518290645727
2281,143.33641693788127,78,1,0,0,1.4436465369483056,0.02041308477235508
2282,120.49344204846645,13,1,0,0,1.4746786925928055,0.020392671687582728
2283,115.52097015688425,36,1,0,0,1.4615892682733116,0.020372279015895143
2284,181.65860075221292,25,1,0,0,1.4177659025582507,0.020351906736879248
2285,161.65127054030015,23,1,0,0,1.2755949706315357,0.02033155483014237
2286,162.35334850037577,24,1,0,0,1.4108993110975119,0.020311223275312228
2287,156.39114488774982,20,1,0,0,1.3137514793343574,0.020290912052036914
2288,185.74660145437906,24,1,0,0,1.4580286281281616,0.020270621139984877
2289,154.04911933573177,18,1,0,0,1.4722513959549088,0.020250350518844894
2290,181.9575736872041,31,1,0,0,1.330499618870651,0.02023010016832605
2291,179.4029099227401,20,1,0,0,1.4651143343808086,0.02020987006815772
2292,181.12197764281257,24,1,0,0,1.371594509086081,0.020189660198089564
2293,157.42527250950224,15,1,0,0,1.1973731529643241,0.020169470537891476
2294,190.10614231270483,35,1,0,0,1.4377356991582562,0.020149301067353582
2295,170.5647027381852,25,1,0,0,1.3138588024268563,0.020129151766286227
2296,127.0094195164343,9,1,0,0,1.2741541121631166,0.020109022614519943
2297,145.40666935437736,90,1,0,0,1.1169422847485821,0.020088913591905424
2298,159.1719094758579,22,1,0,0,1.3111980979495685,0.020068824678313515
2299,159.68871521799042,23,1,0,0,1.4095413281736942,0.020048755853635206
2300,162.9919012767253,19,1,0,0,1.403628976658356,0.020028707097781567
2301,153.8054983496727,16,1,0,0,1.3981449874009302,0.02000867839068379
2302,201.63858760205912,33,1,0,0,1.2528528974247497,0.019988669712293104
2303,143.58373374427646,15,1,0,0,1.3624175780136611,0.019968681042580812
2304,152.10863785596916,32,1,0,0,1.4581125538402615,0.01994871236153823
2305,204.32930973059,27,1,0,0,1.2342922059524901,0.01992876364917669
2306,119.059965910089,9,1,0,0,1.4755392990954477,0.019908834885527513
2307,230.32666907239283,37,1,0,0,1.3350432932206007,0.01988892605064199
2308,117.26345805756473,5,1,0,0,1.2567246410054416,0.019869037124591343
2309,136.4019275934974,16,1,0,0,1.4363341555877438,0.019849168087466756
2310,139.91430691131762,28,1,0,0,1.291213090305519,0.019829318919379287
2311,132.7684146264608,11,1,0,0,1.344883581269202,0.019809489600459907
2312,171.63529477018687,20,1,0,0,1.2910403079725332,0.01978968011085945
2313,140.881031950697,15,1,0,0,1.4630481680501357,0.019769890430748588
2314,133.33396767830868,17,1,0,0,1.4253105878192345,0.019750120540317842
2315,188.06410402201476,31,1,0,0,1.2621284253320748,0.019730370419777522
2316,237.7841707569136,42,1,0,0,1.350370530018996,0.019710640049357745
2317,158.0724778261473,19,1,0,0,1.3956662332374514,0.01969092940930839
2318,155.5744281290045,20,1,0,0,1.2499506423713682,0.01967123847989908
2319,169.56891485333867,29,1,0,0,1.4490949407321663,0.019651567241419178
2320,195.45870156764045,33,1,0,0,1.4669969781173242,0.01963191567417776
2321,180.82471926153778,24,1,0,0,1.404397152725547,0.019612283758503584
2322,143.1199718115095,17,1,0,0,1.3745735735378588,0.01959267147474508
2323,167.177379066756,33,1,0,0,1.3751783265669622,0.019573078803270333
2324,142.38574617211577,25,1,0,0,1.4953239190567482,0.019553505724467065
2325,132.3386879670732,14,1,0,0,1.4475681547240808,0.019533952218742597
2326,169.0474548402695,24,1,0,0,1.2898956374187596,0.019514418266523854
2327,191.87388273434425,26,1,0,0,1.4341708925111567,0.01949490384825733
2328,171.088088492347,24,1,0,0,1.492558620553843,0.01947540894440907
2329,142.91398900274987,19,1,0,0,1.3808080210609448,0.019455933535464664
2330,169.97456396606046,23,1,0,0,1.4310707562387122,0.019436477601929198
2331,193.39548193675807,30,1,0,0,1.3916616644492568,0.019417041124327267
2332,208.5039791679369,34,1,0,0,1.2967296583527812,0.019397624083202943
2333,179.3512743702297,27,1,0,0,1.3491830529556095,0.01937822645911974
2334,172.8981836510235,25,1,0,0,1.1476444672801747,0.01935884823266062
2335,161.6182000509995,18,1,0,0,1.3256678551464802,0.01933948938442796
2336,184.98521214543584,27,1,0,0,1.307124124308834,0.01932014989504353
2337,132.3322628890116,15,1,0,0,1.4068409867980929,0.019300829745148487
2338,166.3282028375153,19,1,0,0,1.4205609514935527,0.01928152891540334
2339,178.41133289463926,26,1,0,0,1.474107195391398,0.019262247386487935
2340,164.73976196873534,23,1,0,0,1.082442497841307,0.019242985139101446
2341,-50.0,1,0,1,0,6.309713590004234,0.019223742153962345
2342,164.57404073016636,22,1,0,0,1.2316009842743798,0.019204518411808383
2343,143.0336485005794,19,1,0,0,1.3497953954189126,0.019185313893396574
2344,172.4829748953883,19,1,0,0,1.4095904103123988,0.01916612857950318
2345,249.7771280643967,46,1,0,0,1.3821023922137055,0.019146962450923677
2346,180.05278096383435,26,1,0,0,1.4663381007472005,0.01912781548847275
2347,184.68021108403704,31,1,0,0,1.3777601584177805,0.01910868767298428
2348,177.84802493894892,26,1,0,0,1.3307440482836193,0.019089578985311294
2349,167.77306492014202,21,1,0,0,1.4538232739308352,0.019070489406325983
2350,160.92397388891047,22,1,0,0,1.4398937769661426,0.019051418916919655
2351,180.97626197436534,28,1,0,0,1.4818716232988656,0.019032367498002738
2352,175.2521782719789,27,1,0,0,1.2767515451551519,0.019013335130504735
2353,237.16389486417592,45,1,0,0,1.4765167923136273,0.01899432179537423
2354,241.1956698418017,45,1,0,0,1.2081264554005222,0.018975327473578857
2355,161.16866822803843,20,1,0,0,1.408723724974805,0.018956352146105276
2356,135.1884123143562,13,1,0,0,1.464925743183559,0.018937395793959172
2357,215.81190435780155,35,1,0,0,1.3998240350588222,0.01891845839816521
2358,148.04236318069377,14,1,0,0,1.1187340686375085,0.01889953993976705
2359,124.26284594937195,19,1,0,0,1.4897470120757603,0.01888064039982728
2360,175.53020525941025,26,1,0,0,1.2303445230235497,0.018861759759427454
2361,165.06592127400597,24,1,0,0,1.489430997713364,0.018842897999668026
2362,124.65755505412898,10,1,0,0,1.3799139008652392,0.018824055101668357
2363,199.08899686083763,32,1,0,0,1.4746779080810168,0.018805231046566687
2364,150.09272071355747,15,1,0,0,1.3544566622350196,0.018786425815520123
2365,149.64821267165752,13,1,0,0,1.3389540010046552,0.018767639389704605
2366,164.98276493595887,23,1,0,0,1.2396701345812684,0.018748871750314897
2367,161.6058462640774,23,1,0,0,1.1839127267556793,0.01873012287856458
2368,182.01343983074372,19,1,0,0,1.2910919490655173,0.018711392755686018
2369,221.87742770421676,42,1,0,0,1.2705172194738203,0.01869268136293033
2370,146.24398750392243,15,1,0,0,1.4794877377795876,0.0186739886815674
2371,220.0419069802209,44,1,0,0,1.3436618318327456,0.018655314692885835
2372,149.483830709487,17,1,0,0,1.3378657974426784,0.018636659378192946
2373,198.4979532901085,35,1,0,0,1.471573172088027,0.018618022718814752
2374,153.51944976274814,18,1,0,0,1.337572784265973,0.01859940469609594
2375,155.4213094332344,20,1,0,0,1.283467169955338,0.018580805291399844
2376,118.05465272760824,28,1,0,0,1.4321169010532726,0.018562224486108444
2377,169.63526625374425,25,1,0,0,1.4034929267628347,0.018543662261622334
2378,174.8028042025523,23,1,0,0,1.32680507033406,0.018525118599360714
2379,223.86739259844697,36,1,0,0,1.216244793146483,0.018506593480761353
2380,167.60009686721017,29,1,0,0,1.4835928242607614,0.018488086887280594
2381,170.8455944689939,23,1,0,0,1.1277955793229584,0.01846959880039331
2382,190.9036036585508,25,1,0,0,1.3692855219648183,0.018451129201592916
2383,222.11000467216365,43,1,0,0,1.3517286418769077,0.018432678072391323
2384,126.42243715021297,11,1,0,0,1.379638080510232,0.01841424539431893
2385,152.45515043018656,20,1,0,0,1.493800330287041,0.018395831148924614
2386,183.65906465981132,26,1,0,0,1.3020243323355967,0.01837743531777569
2387,151.91839237806087,17,1,0,0,1.4482769055033708,0.018359057882457914
2388,184.40725799858214,23,1,0,0,1.1898830961921585,0.018340698824575456
2389,226.2165967663684,30,1,0,0,1.221321713120532,0.01832235812575088
2390,178.74950442744543,27,1,0,0,1.258385159522903,0.01830403576762513
2391,202.05492393146295,25,1,0,0,1.2926617510162146,0.018285731731857505
2392,163.06537334004238,26,1,0,0,1.164732101064304,0.018267446000125646
2393,180.89768862493867,23,1,0,0,1.4477724155889202,0.01824917855412552
2394,177.0203826354105,27,1,0,0,1.3046996921577125,0.018230929375571397
2395,215.0509417400844,39,1,0,0,1.341298964167638,0.018212698446195826
2396,153.91833889553885,21,1,0,0,1.1699949018757265,0.01819448574774963
2397,206.12855216171428,40,1,0,0,1.464601482195025,0.01817629126200188
2398,170.13398623252667,28,1,0,0,1.2413849194952546,0.018158114970739877
2399,138.64771803958,13,1,0,0,1.4594625546251814,0.01813995685576914
2400,103.30223695498694,4,1,0,0,1.2119088769213178,0.01812181689891337
2401,176.6001976494438,23,1,0,0,1.4183835118200403,0.018103695082014454
2402,177.69865884701386,17,1,0,0,1.475809831843169,0.01808559138693244
2403,163.851755393534,48,1,0,0,1.465748114298908,0.01806750579554551
2404,8.682781531547567,200,0,0,1,2.5838204486895493,0.01804943828974996
2405,159.52147623835558,24,1,0,0,1.2470717059032868,0.018031388851460214
2406,213.09370401043282,24,1,0,0,1.1069589840682434,0.01801335746260875
2407,212.25098937815056,39,1,0,0,1.4942697977670265,0.01799534410514614
2408,164.62295080340337,23,1,0,0,1.2713290924489329,0.017977348761040995
2409,180.00493665810825,24,1,0,0,1.394348950503408,0.01795937141227996
2410,173.26294677507002,28,1,0,0,1.4621623949891562,0.017941412040867674
2411,211.6786021737957,35,1,0,0,1.321056168239431,0.017923470628826807
2412,135.4043451036585,27,1,0,0,1.411959213764566,0.017905547158197983
2413,114.39826765716376,7,1,0,0,1.199355226315269,0.017887641611039784
2414,168.14137121827326,24,1,0,0,1.2957714614885432,0.017869753969428744
2415,194.89613768302664,28,1,0,0,1.4519356811675022,0.017851884215459315
2416,163.71021267982786,20,1,0,0,1.3425464055249103,0.017834032331243855
2417,147.26679130436844,20,1,0,0,1.2246776993915998,0.017816198298912612
2418,164.96051025174694,21,1,0,0,1.3330289656076593,0.0177983821006137
2419,133.8551432077216,28,1,0,0,1.4725118968971114,0.017780583718513085
2420,217.78754751965903,38,1,0,0,1.304675232701276,0.017762803134794572
2421,218.2842881044932,40,1,0,0,1.4712520333586905,0.01774504033165978
2422,155.55642766228277,15,1,0,0,1.2972237214891646,0.01772729529132812
2423,162.12546075313153,19,1,0,0,1.378363711391463,0.01770956799603679
2424,134.08756061714195,8,1,0,0,1.262807490830659,0.017691858428040753
2425,209.1311309313188,31,1,0,0,1.483563118235521,0.017674166569612713
2426,-50.0,1,0,1,0,9.469647472756222,0.017656492403043098
2427,179.70306999540682,29,1,0,0,1.4678743325684085,0.017638835910640055
2428,191.897538163476,21,1,0,0,1.412945049053059,0.01762119707472942
2429,199.844743167427,25,1,0,0,1.2739197515825338,0.01760357587765469
2430,206.79406046752078,31,1,0,0,1.3132610797768265,0.017585972301777032
2431,173.4794264647133,24,1,0,0,1.325681111235341,0.017568386329475254
2432,-50.0,1,0,1,0,3.880206392849757,0.01755081794314578
2433,122.82047372941348,15,1,0,0,1.3720369499743559,0.017533267125202635
2434,209.6934196343207,40,1,0,0,1.4105454513353857,0.01751573385807743
2435,184.19666196346108,22,1,0,0,1.3833642726128772,0.017498218124219353
2436,203.07785150541434,25,1,0,0,1.1489079020108102,0.01748071990609513
2437,165.91663705739856,17,1,0,0,1.4917559263631823,0.01746323918618904
2438,165.28779415118558,26,1,0,0,1.4202106550070348,0.01744577594700285
2439,121.29494091530721,11,1,0,0,1.3501048222361296,0.01742833017105585
2440,100.0,1,1,0,0,0.844950528332995,0.017410901840884792
2441,151.21313099675297,15,1,0,0,1.3620760330842392,0.017393490939043906
2442,191.09442379519368,32,1,0,0,1.2579639645988558,0.017376097448104862
2443,198.73281006081268,26,1,0,0,1.2452728755335347,0.017358721350656758
2444,161.65139248088545,26,1,0,0,1.4946078847086095,0.017341362629306103
2445,183.10623196888332,26,1,0,0,1.3565836385485335,0.017324021266676797
2446,175.54070797348282,19,1,0,0,1.4593163523031836,0.01730669724541012
2447,160.03509285974752,18,1,0,0,1.2403539509097956,0.017289390548164706
2448,146.27194771675153,21,1,0,0,1.295726824310152,0.017272101157616543
2449,153.35132380111367,19,1,0,0,1.2493225173015907,0.017254829056458927
2450,138.8237587238141,19,1,0,0,1.378392702693077,0.017237574227402467
2451,177.62449815648318,24,1,0,0,1.4062258992528303,0.017220336653175065
2452,193.8258579394971,35,1,0,0,1.259372654521798,0.017203116316521893
2453,168.09502409483048,24,1,0,0,1.4321488094994532,0.01718591320020537
2454,140.55703502264421,15,1,0,0,1.1823182654908093,0.01716872728700516
2455,166.28822601275573,20,1,0,0,1.265300015127645,0.017151558559718158
2456,166.75673554553367,22,1,0,0,1.184210345510428,0.01713440700115844
2457,153.74070335267186,18,1,0,0,1.2046727935741375,0.017117272594157282
2458,151.735578446599,36,1,0,0,1.248659994504541,0.017100155321563126
2459,195.66969968909382,35,1,0,0,1.1361374769320707,0.01708305516624156
2460,108.20043675241907,10,1,0,0,1.4424110482485077,0.01706597211107532
2461,146.5910988497252,24,1,0,0,1.018697486411317,0.017048906138964242
2462,162.93416796935537,23,1,0,0,1.1624467162403236,0.01703185723282528
2463,197.91844463482965,27,1,0,0,1.1833464239121634,0.017014825375592454
2464,192.33658632544882,26,1,0,0,1.4398361253359626,0.01699781055021686
2465,-50.0,1,0,1,0,4.014593931468336,0.016980812739666645
2466,-50.0,1,0,1,0,2.957946205973147,0.01696383192692698
2467,166.0756579516419,17,1,0,0,1.415595856212451,0.01694686809500005
2468,201.36383877376392,26,1,0,0,1.3408921538283185,0.01692992122690505
2469,212.3728830630211,34,1,0,0,1.265706262288517,0.016912991305678148
2470,151.35353066817189,18,1,0,0,1.3286801259087344,0.016896078314372467
2471,166.1116851023608,98,1,0,0,1.4033697027694454,0.016879182236058096
2472,215.70900832111465,36,1,0,0,1.3885085414783536,0.016862303053822036
2473,173.869070838838,19,1,0,0,1.1990219631415115,0.016845440750768215
2474,120.6890491675587,17,1,0,0,1.2355181506090525,0.016828595310017447
2475,181.97575633721993,23,1,0,0,1.3037881555609134,0.01681176671470743
2476,178.67785204486916,45,1,0,0,1.3092426542278377,0.016794954947992723
2477,183.20105992347175,21,1,0,0,1.4210439635193512,0.016778159993044727
2478,202.24798877476962,34,1,0,0,1.2374701548861808,0.016761381833051685
2479,137.56087953963993,18,1,0,0,1.3559289302074669,0.016744620451218634
2480,179.65435954146255,26,1,0,0,1.271869263106592,0.016727875830767413
2481,164.8512670826455,25,1,0,0,1.3072261804476348,0.01671114795493665
2482,201.67756312255113,23,1,0,0,1.2459300247065301,0.01669443680698171
2483,148.66736408491732,15,1,0,0,1.4307020238728712,0.01667774237017473
2484,179.70854157061697,20,1,0,0,1.4388355785865998,0.016661064627804555
2485,136.3372616919587,11,1,0,0,1.2762350927287527,0.01664440356317675
2486,191.4116558067405,26,1,0,0,1.2964239529900559,0.016627759159613575
2487,-50.0,1,0,1,0,6.0893527600797395,0.01661113140045396
2488,165.70957666968042,20,1,0,0,1.2233976761637155,0.016594520269053503
2489,162.98382809533422,17,1,0,0,1.277379694803179,0.01657792574878445
2490,130.66619466480142,13,1,0,0,1.4067341467136825,0.016561347823035668
2491,149.35974915071415,77,1,0,0,1.4558615729995281,0.016544786475212632
2492,189.74024738754622,32,1,0,0,1.3415866892261383,0.01652824168873742
2493,165.24057417497144,23,1,0,0,1.3859175159965564,0.016511713447048684
2494,167.89384600258825,21,1,0,0,1.3464103011053896,0.016495201733601635
2495,159.19730449716104,19,1,0,0,1.2442168971253442,0.01647870653186803
2496,162.80920754890715,18,1,0,0,1.325919607946185,0.016462227825336163
2497,156.6414654562759,21,1,0,0,1.3129151439853386,0.016445765597510827
2498,185.43391205852907,24,1,0,0,1.349895975114348,0.016429319831913314
2499,192.16159189993706,26,1,0,0,1.2769449943685574,0.0164128905120814
2500,161.63831310089648,25,1,0,0,1.2670882563828232,0.01639647762156932
2501,183.81027645948694,19,1,0,0,1.4415437923767775,0.01638008114394775
2502,201.76108782832216,40,1,0,0,1.388706644972136,0.016363701062803805
2503,179.4552798202206,23,1,0,0,1.22571943100059,0.016347337361740998
2504,179.861016389099,22,1,0,0,1.1524627762039181,0.01633099002437926
2505,168.45900463455126,29,1,0,0,1.4175183684240389,0.01631465903435488
2506,208.20306296230663,36,1,0,0,1.327797618783332,0.016298344375320527
2507,137.69534990326832,18,1,0,0,1.1743110297346324,0.016282046030945206
2508,159.2118653805136,20,1,0,0,1.1737688081903017,0.01626576398491426
2509,179.32674381469337,26,1,0,0,1.3938421868850952,0.016249498220929345
2510,191.25506071189537,30,1,0,0,1.2927227611713363,0.016233248722708416
2511,135.19017716154696,16,1,0,0,1.4883084227501786,0.01621701547398571
2512,155.44004339247027,23,1,0,0,1.4285856965209371,0.01620079845851172
2513,162.48445716012608,17,1,0,0,1.415234314964801,0.016184597660053212
2514,188.6312935780369,27,1,0,0,1.2134609612223441,0.016168413062393156
2515,156.00493177674878,22,1,0,0,1.4975804063108027,0.016152244649330762
2516,181.71822132138655,22,1,0,0,1.452955396459354,0.016136092404681432
2517,159.45773930973596,20,1,0,0,1.3677084110519024,0.01611995631227675
2518,152.6370298634959,16,1,0,0,1.2235636936348993,0.016103836355964473
2519,154.69639219139464,18,1,0,0,1.2989772287094947,0.01608773251960851
2520,173.5353025505382,26,1,0,0,1.3491823570532924,0.0160716447870889
2521,189.98874982431943,24,1,0,0,1.2253653387578702,0.016055573142301813
2522,153.22761022214118,15,1,0,0,1.4868787710582838,0.01603951756915951
2523,192.41461118593372,25,1,0,0,1.3603168511625032,0.01602347805159035
2524,151.845998815469,17,1,0,0,1.2134615721958226,0.01600745457353876
2525,163.15862281622512,26,1,0,0,1.4187877308815633,0.015991447118965222
2526,147.75748541077985,16,1,0,0,1.2973733089057629,0.015975455671846255
2527,202.00819432249278,24,1,0,0,1.4849954906370932,0.01595948021617441
2528,166.66921867233694,21,1,0,0,1.2072986547441773,0.015943520735958238
2529,145.64846218166159,19,1,0,0,1.407246848436352,0.01592757721522228
2530,185.78113258550644,33,1,0,0,1.253161902313887,0.015911649638007057
2531,156.20000747683355,17,1,0,0,1.4373293689390731,0.015895737988369046
2532,218.31538778253173,31,1,0,0,1.245739390214965,0.01587984225038068
2533,167.57490454681422,27,1,0,0,1.4625293513879574,0.0158639624081303
2534,224.788232414039,41,1,0,0,1.2014935763454928,0.01584809844572217
2535,165.85084317420336,23,1,0,0,1.4240084482156161,0.015832250347276446
2536,155.9047965042048,18,1,0,0,1.3991619013381134,0.01581641809692917
2537,218.71555735155061,31,1,0,0,1.2429776850079974,0.01580060167883224
2538,185.6461082079905,23,1,0,0,1.4899454561235812,0.015784801077153406
2539,178.273246723441,20,1,0,0,1.4315423869486272,0.015769016276076252
2540,202.1163485368408,30,1,0,0,1.1598815921314851,0.015753247259800176
2541,164.75189803834007,22,1,0,0,1.3619361383182795,0.01573749401254038
2542,162.47567746565724,19,1,0,0,1.3848138842630058,0.01572175651852784
2543,156.32030650288758,18,1,0,0,1.481227823151285,0.01570603476200931
2544,173.42401002150967,23,1,0,0,1.4300712523149728,0.0156903287272473
2545,245.971632299093,48,1,0,0,1.2642550293795447,0.01567463839852005
2546,140.67280783553474,17,1,0,0,1.2342383450869396,0.015658963760121533
2547,136.5536809889045,10,1,0,0,1.2608478150314815,0.015643304796361415
2548,138.60041469927583,16,1,0,0,1.27381384134874,0.01562766149156505
2549,148.8049579318543,20,1,0,0,1.1893613848741846,0.015612033830073486
2550,172.2904699926848,19,1,0,0,1.4529389083694106,0.015596421796243412
2551,167.34221311228487,18,1,0,0,1.283318670390444,0.015580825374447169
2552,172.8859291851697,31,1,0,0,1.4697362401360357,0.015565244549072722
2553,168.42323431567758,20,1,0,0,1.4479868400602902,0.015549679304523648
2554,175.12523397071925,22,1,0,0,1.2371575906728254,0.015534129625219124
2555,157.54954409343668,16,1,0,0,1.3470030997355862,0.015518595495593904
2556,160.97369599576433,23,1,0,0,1.4059157611667046,0.015503076900098313
2557,194.32136460682824,33,1,0,0,1.3308041601182141,0.015487573823198215
2558,176.78225781962547,26,1,0,0,1.2609325153458022,0.015472086249375015
2559,158.6550633538867,17,1,0,0,1.4718143131771357,0.01545661416312564
2560,134.96906232281043,13,1,0,0,1.3628289882167544,0.015441157548962515
2561,167.6808096533303,23,1,0,0,1.3179171407124455,0.015425716391413553
2562,154.8762787270712,21,1,0,0,1.332572507737203,0.015410290675022137
2563,143.17767768171086,21,1,0,0,1.2687085588409146,0.015394880384347116
2564,164.9982990710754,22,1,0,0,1.1864089828082487,0.01537948550396277
2565,187.9167798198839,26,1,0,0,1.225511270856848,0.015364106018458806
2566,163.3219130621868,26,1,0,0,1.444684257300142,0.015348741912440348
2567,177.620728539448,25,1,0,0,1.4930126102283914,0.015333393170527907
2568,190.5291325083158,24,1,0,0,1.3654778143614092,0.01531805977735738
2569,173.75756406576136,20,1,0,0,1.3053548102136965,0.015302741717580021
2570,141.23490362565374,13,1,0,0,1.3675312503842534,0.015287438975862442
2571,100.0,1,1,0,0,1.4651048228706458,0.015272151536886582
2572,213.79510409127653,30,1,0,0,1.265207727255964,0.015256879385349692
2573,171.29927452209347,22,1,0,0,1.3283635363081852,0.015241622505964343
2574,186.90940341353306,21,1,0,0,1.3419475861252854,0.01522638088345838
2575,134.79932961106897,98,1,0,0,1.3927623829852043,0.01521115450257492
2576,145.46771433397774,17,1,0,0,1.400281759935979,0.015195943348072345
2577,208.82985871552842,30,1,0,0,1.390778234670271,0.015180747404724275
2578,155.12341601931,21,1,0,0,1.1116792855898032,0.01516556665731955
2579,138.22217386763867,13,1,0,0,1.2974801929993887,0.015150401090662229
2580,166.48608329169525,28,1,0,0,1.3405936817101345,0.015135250689571568
2581,171.48668101571135,19,1,0,0,1.4620266063486629,0.015120115438881997
2582,-50.0,1,0,1,0,1.794570872106781,0.015104995323443114
2583,188.5085866654394,24,1,0,0,1.349262379358743,0.015089890328119672
2584,180.3537713829632,39,1,0,0,1.2961740364434007,0.01507480043779155
2585,152.41025588196868,19,1,0,0,1.4046278142509458,0.015059725637353758
2586,166.72042760287758,22,1,0,0,1.397153193690064,0.015044665911716404
2587,131.20507611734487,18,1,0,0,1.3206172640775953,0.015029621245804689
2588,138.19330075235396,14,1,0,0,1.3633955499294752,0.015014591624558885
2589,181.8574942456081,31,1,0,0,1.3448271232278635,0.014999577032934325
2590,267.9443208142581,51,1,0,0,1.3898835027130585,0.014984577455901392
2591,189.7284344053399,27,1,0,0,1.1393607460729036,0.01496959287844549
2592,227.29912769789416,44,1,0,0,1.3471093947344686,0.014954623285567042
2593,176.13087000396303,22,1,0,0,1.0660923244959277,0.014939668662281478
2594,131.38894633084303,23,1,0,0,1.436734100920321,0.014924728993619194
2595,228.59380012847006,45,1,0,0,1.4627625207915445,0.014909804264625577
2596,154.82705128925798,29,1,0,0,1.3841558816269544,0.01489489446036095
2597,172.62311520155288,23,1,0,0,1.3368835972864412,0.01487999956590059
2598,196.5931822213249,31,1,0,0,1.116903343895305,0.01486511956633469
2599,113.42124000376153,11,1,0,0,1.4220469555403157,0.014850254446768355
2600,186.68474061530856,24,1,0,0,1.3249776565494544,0.014835404192321586
2601,172.34701264622356,18,1,0,0,1.4929952007746965,0.014820568788129262
2602,141.1959461983157,11,1,0,0,1.3515417514726553,0.014805748219341134
2603,160.85086614271867,18,1,0,0,1.4303868166802338,0.014790942471121794
2604,143.65629391128732,15,1,0,0,1.3818040594203898,0.014776151528650673
2605,153.94496777131417,25,1,0,0,1.348598797685931,0.014761375377122021
2606,225.77272869799725,37,1,0,0,1.3540992273601598,0.0147466140017449
2607,162.69041049680692,17,1,0,0,1.2614059881481392,0.014731867387743153
2608,157.24507276764155,26,1,0,0,1.3033838506314535,0.01471713552035541
2609,166.22463055307242,25,1,0,0,1.3790488351290824,0.014702418384835056
2610,204.70745468261907,35,1,0,0,1.3331955548895147,0.014687715966450222
2611,173.38767047947243,25,1,0,0,1.4689853482057806,0.01467302825048377
2612,159.44023732622162,21,1,0,0,1.3857253638545681,0.014658355222233285
2613,161.7269418928519,18,1,0,0,1.229463165066558,0.014643696867011053
2614,182.2083569653278,26,1,0,0,1.4165686159254969,0.01462905317014404
2615,155.32828549264437,21,1,0,0,1.2471513191378665,0.014614424116973898
2616,165.92490455521494,23,1,0,0,1.298171217031237,0.014599809692856925
2617,168.36548962978617,26,1,0,0,1.4002426568042596,0.014585209883164066
2618,167.0816470551431,24,1,0,0,1.4668749673280983,0.014570624673280902
2619,154.82331568079476,18,1,0,0,1.420515915109566,0.014556054048607624
2620,-50.0,1,0,1,0,6.272983047930257,0.014541497994559014
2621,145.51431794448544,18,1,0,0,1.4968215674662992,0.014526956496564457
2622,145.96552665260842,20,1,0,0,1.169101184706649,0.014512429540067893
2623,131.08179212621945,13,1,0,0,1.4182303874095734,0.014497917110527822
2624,147.8110511804379,13,1,0,0,1.2408328081768245,0.014483419193417297
2625,157.19214697369003,17,1,0,0,1.3381105777808826,0.01446893577422388
2626,109.08803721169602,13,1,0,0,1.2900869454487325,0.014454466838449654
2627,190.09875561560847,26,1,0,0,1.317732149881634,0.014440012371611206
2628,165.16028041917014,23,1,0,0,1.4804005041257668,0.014425572359239594
2629,170.5994217192545,19,1,0,0,1.3867667669090222,0.014411146786880352
2630,153.57855015610923,20,1,0,0,1.303240001136549,0.014396735640093472
2631,125.88506045601717,10,1,0,0,1.0680628104424403,0.01438233890445338
2632,172.0444143432722,24,1,0,0,1.34113234235754,0.014367956565548927
2633,129.34232505333776,11,1,0,0,1.3957890371607853,0.014353588608983378
2634,140.4388748860423,17,1,0,0,1.3555778451508185,0.014339235020374395
2635,152.88497018507184,20,1,0,0,1.042474127023435,0.01432489578535402
2636,206.279151471435,36,1,0,0,1.258538434499188,0.014310570889568667
2637,192.91153706211054,48,1,0,0,1.403855448467698,0.014296260318679097
2638,149.87411265267855,17,1,0,0,1.4301136887993737,0.014281964058360417
2639,224.09903864998742,42,1,0,0,1.255233085408831,0.014267682094302056
2640,127.18286699590222,14,1,0,0,1.4475937128718357,0.014253414412207755
2641,235.83955657038342,45,1,0,0,1.4877185365828935,0.014239160997795548
2642,176.72367261575525,21,1,0,0,1.3997894653804763,0.014224921836797752
2643,243.96988370744927,38,1,0,0,1.2608178649660502,0.014210696914960956
2644,252.11718548090067,42,1,0,0,1.2877303759992937,0.014196486218045992
2645,183.4970852155876,24,1,0,0,1.4437365637108082,0.014182289731827946
2646,150.63188682707508,16,1,0,0,1.2695224064136246,0.014168107442096121
2647,160.34216356286697,25,1,0,0,1.219862661294508,0.014153939334654024
2648,14.275552741731634,200,0,0,1,1.7760493109678537,0.01413978539531937
2649,173.76084265019577,21,1,0,0,1.431707470432022,0.014125645609924051
2650,197.66088068191368,25,1,0,0,1.2040811890962457,0.014111519964314126
2651,196.10029417636127,29,1,0,0,1.3152129665790375,0.014097408444349813
2652,199.55538130404176,35,1,0,0,1.4343800435766725,0.01408331103590546
2653,164.14796746943733,21,1,0,0,1.3136187054889823,0.014069227724869557
2654,245.7445477745313,41,1,0,0,1.3757611508109788,0.014055158497144688
2655,173.97598519850328,24,1,0,0,1.3199814653893898,0.014041103338647543
2656,164.36069764043742,19,1,0,0,1.464059418581941,0.014027062235308894
2657,168.5655954968357,19,1,0,0,1.468278879144457,0.014013035173073585
2658,219.03337199438172,39,1,0,0,1.3580198774918788,0.01399902213790051
2659,188.39276264653142,26,1,0,0,1.45453277903059,0.01398502311576261
2660,-50.0,1,0,1,0,5.406137233915821,0.013971038092646848
2661,159.50509131729092,22,1,0,0,1.1460532630931566,0.013957067054554202
2662,131.26162949611827,8,1,0,0,1.1250719268557199,0.013943109987499647
2663,-50.0,1,0,1,0,7.260707142775728,0.013929166877512148
2664,159.08243368879428,20,1,0,0,1.4020777330795107,0.013915237710634638
2665,131.62982452681533,14,1,0,0,1.4267672933189688,0.013901322472924003
2666,173.56004501488496,22,1,0,0,1.3080734394213824,0.013887421150451077
2667,145.92077501135253,19,1,0,0,1.4254870458796902,0.013873533729300627
2668,147.81125075412905,25,1,0,0,1.3187266051154334,0.013859660195571326
2669,209.94786972657897,39,1,0,0,1.2307132380160772,0.013845800535375756
2670,162.4294691624947,22,1,0,0,1.3770369416351256,0.01383195473484038
2671,214.40670138383865,26,1,0,0,1.2435948103866334,0.013818122780105538
2672,173.53267409708968,24,1,0,0,1.229203024918816,0.013804304657325434
2673,128.23399660054852,25,1,0,0,1.352127364008721,0.013790500352668107
2674,125.02496053667426,26,1,0,0,1.4530940177980423,0.013776709852315439
2675,41.01846543114924,200,0,0,1,1.6756782103134775,0.013762933142463124
2676,168.72621446586885,22,1,0,0,1.4768022732682673,0.013749170209320661
2677,-50.0,1,0,1,0,3.5845576541884636,0.01373542103911134
2678,121.30779729493783,7,1,0,0,1.3180600285539916,0.013721685618072228
2679,218.57163070359218,37,1,0,0,1.2248422542237267,0.013707963932454157
2680,177.777975643108,27,1,0,0,1.4022494972060011,0.013694255968521703
2681,178.95879831570176,22,1,0,0,1.4318385037952703,0.01368056171255318
2682,128.54987090882,11,1,0,0,1.491564464211891,0.013666881150840627
2683,180.34130345167966,42,1,0,0,1.2630316800040282,0.013653214269689788
2684,192.14304665977357,34,1,0,0,1.3619443076185982,0.013639561055420097
2685,238.9479530778472,48,1,0,0,1.442904278263212,0.013625921494364677
2686,238.24656384969015,36,1,0,0,1.3485143733419382,0.013612295572870312
2687,184.87638099254565,26,1,0,0,1.3724532885759468,0.013598683277297442
2688,173.36494073735514,25,1,0,0,1.326256552252944,0.013585084594020145
2689,142.1156727892535,11,1,0,0,1.3151117125166554,0.013571499509426125
2690,229.99492278342763,37,1,0,0,1.439620833696422,0.013557928009916698
2691,185.05157012929803,22,1,0,0,1.2041347851549846,0.013544370081906782
2692,195.61274393047617,24,1,0,0,1.2852252607668309,0.013530825711824873
2693,124.40171959300164,11,1,0,0,1.3100443849673995,0.01351729488611305
2694,166.502006979229,23,1,0,0,1.309291564293104,0.013503777591226937
2695,265.20015119985,54,1,0,0,1.4563233700434384,0.01349027381363571
2696,159.99978091004095,21,1,0,0,1.4495504300866207,0.013476783539822075
2697,168.37176084689904,23,1,0,0,1.1819939699443125,0.013463306756282252
2698,234.19744593964072,40,1,0,0,1.44319151510422,0.01344984344952597
2699,125.42901506385222,10,1,0,0,1.2909820173910638,0.013436393606076444
2700,178.03849174008735,23,1,0,0,1.200595783542584,0.013422957212470367
2701,137.58323158018823,16,1,0,0,1.2812893679484567,0.013409534255257897
2702,198.8435938982101,25,1,0,0,1.377219781950856,0.01339612472100264
2703,188.71743271082954,21,1,0,0,1.240804859990021,0.013382728596281635
2704,166.7130721661921,24,1,0,0,1.2804184161473806,0.013369345867685354
2705,198.53669648113714,27,1,0,0,1.4574981648670486,0.013355976521817671
2706,174.03559535810118,23,1,0,0,1.3002000667002143,0.01334262054529585
2707,175.5596294959983,20,1,0,0,1.454195882018557,0.013329277924750554
2708,181.45502011616523,22,1,0,0,1.0677244566562325,0.013315948646825804
2709,129.5972902696154,15,1,0,0,1.130759923757055,0.01330263269817898
2710,149.31283405946238,14,1,0,0,1.1787848876629825,0.013289330065480802
2711,123.15372856827464,16,1,0,0,1.3476585608265634,0.013276040735415318
2712,157.33857101402924,18,1,0,0,1.4244290024266737,0.013262764694679905
2713,178.67765407282104,24,1,0,0,1.4215949083587958,0.013249501929985225
2714,150.6756594633378,14,1,0,0,1.2146505137370565,0.013236252428055241
2715,231.040273912221,43,1,0,0,1.3918572087564725,0.013223016175627184
2716,162.2686552928746,19,1,0,0,1.339989238489402,0.013209793159451555
2717,164.31106697869998,20,1,0,0,1.300809045761094,0.013196583366292106
2718,156.4481835649887,18,1,0,0,1.3462052415688217,0.013183386782925813
2719,250.14459080896498,49,1,0,0,1.4616297976216517,0.013170203396142888
2720,154.4613480533607,20,1,0,0,1.1664041344281264,0.013157033192746746
2721,174.14264341330224,21,1,0,0,1.1884829879017047,0.013143876159553997
2722,145.3363496692127,14,1,0,0,1.3331011234861039,0.013130732283394442
2723,147.00044028031596,19,1,0,0,1.2954541973003237,0.01311760155111105
2724,165.8322122447714,29,1,0,0,1.2827803388120425,0.013104483949559938
2725,166.4565638142622,23,1,0,0,1.2760722417376176,0.013091379465610379
2726,169.51077773075252,24,1,0,0,1.328223977751146,0.013078288086144769
2727,173.75270133122248,29,1,0,0,1.4024417991480997,0.013065209798058622
2728,177.72579952787208,21,1,0,0,1.226163750641769,0.013052144588260565
2729,175.40654397904473,21,1,0,0,1.225001435713949,0.013039092443672304
2730,210.39345801184064,31,1,0,0,1.3600304249482444,0.013026053351228632
2731,190.00413454652988,24,1,0,0,1.2952843364408986,0.013013027297877403
2732,189.6579247815159,26,1,0,0,1.2153629953189682,0.013000014270579525
2733,179.95921000624693,22,1,0,0,1.4660398505556433,0.012987014256308946
2734,179.9310894254143,25,1,0,0,1.4674241873846963,0.012974027242052636
2735,166.5305786886799,22,1,0,0,1.3718989099358594,0.012961053214810584
2736,138.26509034625286,17,1,0,0,1.306422035235979,0.012948092161595773
2737,169.55882654439895,25,1,0,0,1.2872706487314642,0.012935144069434176
2738,156.68837955317233,23,1,0,0,1.3591252648088545,0.012922208925364742
2739,146.3772539073346,19,1,0,0,1.16653252805934,0.012909286716439379
2740,229.2297037458787,36,1,0,0,1.4354221378914704,0.012896377429722938
2741,169.54330967404394,22,1,0,0,1.31765451545548,0.012883481052293217
2742,-50.0,1,0,1,0,3.226023329260975,0.012870597571240922
2743,124.17857664320944,13,1,0,0,1.4733340458790372,0.012857726973669681
2744,158.94588129823208,23,1,0,0,1.4992152747133585,0.012844869246696013
2745,173.84257934545883,22,1,0,0,1.4825142600176509,0.012832024377449317
2746,137.08763598460132,15,1,0,0,1.397777541198126,0.012819192353071869
2747,192.1079298369591,23,1,0,0,1.4004399072145293,0.012806373160718795
2748,201.47140944407346,30,1,0,0,1.2358812897695066,0.012793566787558075
2749,244.08738691674975,50,1,0,0,1.4418169473812104,0.012780773220770517
2750,123.60652942364709,17,1,0,0,1.2422915875792646,0.012767992447549748
2751,195.36307367780157,33,1,0,0,1.4362724137660141,0.0127552244551022
2752,130.73420122380415,12,1,0,0,1.0791848545264262,0.012742469230647098
2753,137.78675120261508,16,1,0,0,1.4370921043863125,0.01272972676141645
2754,178.1044214672615,22,1,0,0,1.38704225689604,0.012716997034655031
2755,201.9959621464359,36,1,0,0,1.4498717025339651,0.012704280037620377
2756,265.0190202265542,83,1,0,0,1.480266175017632,0.012691575757582757
2757,176.69100750814312,21,1,0,0,1.2974935726614332,0.012678884181825174
2758,137.1278651300944,10,1,0,0,1.451307323986812,0.012666205297643349
2759,171.8306429253501,22,1,0,0,1.3419559287422003,0.012653539092345706
2760,147.1002776736127,19,1,0,0,1.4231524552206594,0.012640885553253359
2761,157.42236300177308,18,1,0,0,1.3116232491635038,0.012628244667700107
2762,205.8377639128102,29,1,0,0,1.2655662086609716,0.012615616423032406
2763,189.00021365686786,77,1,0,0,1.4789277530095235,0.012603000806609374
2764,211.7707135432839,31,1,0,0,1.281151016473959,0.012590397805802764
2765,156.90953407743575,22,1,0,0,1.3870935646323987,0.01257780740799696
2766,153.37910346332285,21,1,0,0,1.4650553102240083,0.012565229600588965
2767,122.02622648015858,10,1,0,0,1.2160743772141596,0.012552664370988377
2768,192.62388665018716,29,1,0,0,1.3151313323804086,0.01254011170661739
2769,237.0579141791058,41,1,0,0,1.3370673018473944,0.01252757159491077
2770,238.82854456724058,46,1,0,0,1.2993276517006949,0.01251504402331586
2771,185.82417819126852,24,1,0,0,1.3096728144509726,0.012502528979292543
2772,215.1299636852628,42,1,0,0,1.428797909800042,0.012490026450313252
2773,189.19609851722487,32,1,0,0,1.3763422840752522,0.012477536423862937
2774,158.40583565358824,31,1,0,0,1.3772692535833868,0.012465058887439075
2775,154.62617197821518,27,1,0,0,1.2554454899604353,0.012452593828551635
2776,184.85200201036983,54,1,0,0,1.4952553688024783,0.012440141234723083
2777,159.72023438926865,20,1,0,0,1.4703086592924803,0.012427701093488362
2778,130.05564199197582,14,1,0,0,1.204130445949564,0.012415273392394873
2779,174.83598665228448,19,1,0,0,1.2367727094474668,0.012402858119002477
2780,160.12447896792074,21,1,0,0,1.2736158368546373,0.012390455260883476
2781,204.92266727766156,24,1,0,0,1.4227985068612559,0.01237806480562259
2782,145.93944685349223,15,1,0,0,1.4597041038279503,0.01236568674081697
2783,140.5561427196426,14,1,0,0,1.400598633319838,0.012353321054076152
2784,193.51759891428543,27,1,0,0,1.2878943107763354,0.012340967733022075
2785,159.95606804010131,15,1,0,0,1.0694951491378015,0.012328626765289055
2786,157.2911790032336,20,1,0,0,1.3279318891220497,0.012316298138523765
2787,162.19393625088875,18,1,0,0,1.2597039382301671,0.01230398184038524
2788,148.17860972904288,15,1,0,0,1.0866687305883924,0.012291677858544856
2789,162.7038796125782,21,1,0,0,1.2347312187866022,0.012279386180686311
2790,204.09614738263733,32,1,0,0,1.2914913223334348,0.012267106794505624
2791,159.70508394641888,27,1,0,0,1.3849629580121507,0.012254839687711119
2792,192.80918109053428,32,1,0,0,1.3356993912687778,0.012242584848023408
2793,238.49243049314208,43,1,0,0,1.4354451687648189,0.012230342263175384
2794,157.69099761129894,16,1,0,0,1.4193693665344143,0.01221811192091221
2795,164.05245153280055,31,1,0,0,1.4669265982580968,0.012205893808991296
2796,185.22944394500354,24,1,0,0,1.196952169511172,0.012193687915182307
2797,178.89927630887126,25,1,0,0,1.4391555426681029,0.012181494227267123
2798,255.38296058599508,49,1,0,0,1.457821861561628,0.012169312733039856
2799,167.06897753691726,22,1,0,0,1.405589120816432,0.012157143420306816
2800,143.1811688037086,13,1,0,0,1.1537674823284678,0.01214498627688651
2801,144.5260030946013,19,1,0,0,1.4141444254628712,0.012132841290609623
2802,194.66085634477957,29,1,0,0,1.3389738448614439,0.012120708449319013
2803,189.94564588213007,33,1,0,0,1.3515103963779282,0.012108587740869694
2804,206.5270114287032,40,1,0,0,1.4967869951547135,0.012096479153128824
2805,201.14117471528,108,1,0,0,1.4864315695644172,0.012084382673975696
2806,134.117930412293,16,1,0,0,1.4205803146820515,0.012072298291301721
2807,174.1346551016611,24,1,0,0,1.3551265458508719,0.012060225993010418
2808,142.36854509896872,17,1,0,0,1.3384925943677493,0.012048165767017407
2809,182.26682407951682,28,1,0,0,1.488955309203353,0.01203611760125039
2810,174.8271174943263,29,1,0,0,1.4505104928026664,0.01202408148364914
2811,176.29945559696824,22,1,0,0,1.2698926163865027,0.01201205740216549
2812,131.24062119767498,15,1,0,0,1.3238967570451685,0.012000045344763325
2813,215.13394315333343,37,1,0,0,1.405904765024103,0.011988045299418562
2814,175.0527435781898,22,1,0,0,1.4833996080857954,0.011976057254119142
2815,151.90595847230566,16,1,0,0,1.474846460541007,0.011964081196865024
2816,172.61203285296088,21,1,0,0,1.4946208889742776,0.011952117115668159
2817,201.23874088140496,34,1,0,0,1.3125530604152778,0.01194016499855249
2818,228.7275281873174,41,1,0,0,1.3664526350596762,0.011928224833553939
2819,158.58470117801258,24,1,0,0,1.4334105339585959,0.011916296608720385
2820,193.90469940908042,32,1,0,0,1.482303201310337,0.011904380312111664
2821,180.08852408646703,21,1,0,0,1.411873463370484,0.011892475931799554
2822,170.10352461724506,22,1,0,0,1.3536609383718607,0.011880583455867753
2823,185.91540085025315,27,1,0,0,1.3643505550294999,0.011868702872411886
2824,145.24767225775992,14,1,0,0,1.243594564271589,0.011856834169539473
2825,248.9627827158535,47,1,0,0,1.3747382585508305,0.011844977335369933
2826,223.18941689105606,39,1,0,0,1.281861230439641,0.011833132358034563
2827,175.30616010554292,23,1,0,0,1.3467661141959517,0.01182129922567653
2828,158.8123185603922,30,1,0,0,1.470897069316293,0.011809477926450852
2829,139.53918256312738,13,1,0,0,1.4043502832383585,0.011797668448524402
2830,173.70438954209567,19,1,0,0,1.454579135505896,0.011785870780075878
2831,136.93824095092367,20,1,0,0,1.2378280990715234,0.011774084909295802
2832,153.9158325874564,17,1,0,0,1.3571051898239304,0.011762310824386507
2833,160.10351809830752,34,1,0,0,1.4719978395400064,0.01175054851356212
2834,169.67014446569866,18,1,0,0,1.3638630204262163,0.011738797965048557
2835,182.9656585980447,22,1,0,0,1.3151487368915715,0.011727059167083508
2836,147.0126382559592,20,1,0,0,1.1654593081953009,0.011715332107916426
2837,162.28517628014873,23,1,0,0,1.1720853301672007,0.011703616775808508
2838,160.8848248323468,22,1,0,0,1.4986333006550812,0.0116919131590327
2839,221.9449365867025,43,1,0,0,1.2936835402023088,0.011680221245873666
2840,177.98861114936182,24,1,0,0,1.4089938713548733,0.011668541024627794
2841,130.50955131204896,24,1,0,0,1.472987114894146,0.011656872483603165
2842,159.17550215728602,22,1,0,0,1.3723631956186304,0.011645215611119563
2843,166.69327383377612,21,1,0,0,1.1932492534079924,0.011633570395508443
2844,179.41700725433793,21,1,0,0,1.2064896558079656,0.011621936825112936
2845,194.7276884285033,56,1,0,0,1.4575364596990954,0.011610314888287822
2846,167.30213350225046,19,1,0,0,1.488268627442698,0.011598704573399534
2847,142.858871083113,22,1,0,0,1.389070711107002,0.011587105868826135
2848,153.27883404840168,27,1,0,0,1.4332325056642903,0.011575518762957308
2849,182.29658226835056,28,1,0,0,1.337611587178659,0.01156394324419435
2850,111.71059277916352,9,1,0,0,1.4600450400441476,0.011552379300950155
2851,142.95532221842873,13,1,0,0,1.3654143788972846,0.011540826921649205
2852,144.16440437431018,200,0,0,1,2.2509211192217964,0.011529286094727557
2853,172.7803145489437,46,1,0,0,1.4987496487543583,0.01151775680863283
2854,165.51990935642812,22,1,0,0,1.3607711802929683,0.011506239051824197
2855,138.6707347700889,12,1,0,0,1.243224962723525,0.011494732812772373
2856,137.13165929268774,16,1,0,0,1.394587316218094,0.011483238079959601
2857,199.96442894515144,35,1,0,0,1.4670930999949958,0.011471754841879641
2858,121.09147121695077,7,1,0,0,1.4543012749457926,0.01146028308703776
2859,186.57770539156016,23,1,0,0,1.4476395524831889,0.011448822803950723
2860,173.46129848592722,20,1,0,0,1.4003309609339896,0.011437373981146772
2861,195.33794426526083,23,1,0,0,1.199168393866813,0.011425936607165626
2862,158.6730050844331,18,1,0,0,1.2744215335836588,0.011414510670558459
2863,199.0947382056315,24,1,0,0,1.3756113617563708,0.011403096159887901
2864,183.8177713782449,26,1,0,0,1.4659706921447133,0.011391693063728014
2865,153.12817579300133,14,1,0,0,1.2392515660533505,0.011380301370664286
2866,177.2515883244965,22,1,0,0,1.1740824656754387,0.011368921069293622
2867,179.76756121371773,24,1,0,0,1.318991366342349,0.011357552148224329
2868,150.7717338608003,19,1,0,0,1.1134807346819762,0.011346194596076102
2869,203.36385508742845,25,1,0,0,1.440569860934876,0.011334848401480028
2870,164.2578636295731,22,1,0,0,1.3783722381376537,0.011323513553078547
2871,155.9712161402115,18,1,0,0,1.3187397665441276,0.011312190039525468
2872,160.021204884908,21,1,0,0,1.314350684220019,0.011300877849485942
2873,162.34581799188047,26,1,0,0,1.4159709194268526,0.011289576971636458
2874,40.8581339182294,200,0,0,1,2.747318913653634,0.01127828739466482
2875,251.16513676804536,47,1,0,0,1.2135588976288036,0.011267009107270156
2876,174.5172008430074,22,1,0,0,1.4182062365399195,0.011255742098162887
2877,206.27378134969246,36,1,0,0,1.2833982338309549,0.011244486356064723
2878,135.17256516715133,22,1,0,0,1.3380601416215356,0.011233241869708657
2879,217.77561059071556,36,1,0,0,1.2738902743979752,0.01122200862783895
2880,162.17918385791177,24,1,0,0,1.2094302378440227,0.01121078661921111
2881,176.08227124889038,23,1,0,0,1.4766996034684592,0.0111995758325919
2882,206.39652028432107,29,1,0,0,1.3240415628560152,0.011188376256759308
2883,183.05070996815073,25,1,0,0,1.1186076687907622,0.011177187880502547
2884,159.2137595823979,19,1,0,0,1.4442711121800111,0.011166010692622045
2885,183.0436084701639,23,1,0,0,1.486350514438028,0.011154844681929423
2886,134.67515242818325,11,1,0,0,1.2233990769173233,0.011143689837247494
2887,165.3754908312711,21,1,0,0,1.3138218356687295,0.011132546147410246
2888,137.83929776210553,14,1,0,0,1.2315240837374481,0.011121413601262837
2889,153.5975774035586,20,1,0,0,1.2538833677550731,0.011110292187661575
2890,147.04025224500182,15,1,0,0,1.3458159222256594,0.011099181895473912
2891,129.56635541006455,11,1,0,0,1.449212907557245,0.011088082713578438
2892,146.08530456028967,20,1,0,0,1.3350842274283683,0.01107699463086486
2893,254.29626844828493,49,1,0,0,1.3125561169163409,0.011065917636233994
2894,186.4300126998632,26,1,0,0,1.3274259351443993,0.01105485171859776
2895,126.22459704909836,15,1,0,0,1.458448783200608,0.011043796866879162
2896,152.40274215616108,12,1,0,0,1.4991884797699995,0.011032753070012283
2897,232.9748497423581,42,1,0,0,1.482658879396902,0.011021720316942272
2898,216.45830346254854,39,1,0,0,1.4182776866493862,0.01101069859662533
2899,148.87374289363424,17,1,0,0,1.1818307531286223,0.010999687898028703
2900,136.46956891183066,15,1,0,0,1.396974443958505,0.010988688210130675
2901,164.84198040048415,22,1,0,0,1.3236346455863057,0.010977699521920544
2902,173.75760505383414,23,1,0,0,1.3070650720988435,0.010966721822398624
2903,156.75608998075103,16,1,0,0,1.2487207642285305,0.010955755100576225
2904,155.55962281084564,23,1,0,0,1.243329513764766,0.010944799345475648
2905,-50.0,1,0,1,0,5.039695272150757,0.010933854546130174
2906,138.45228919788892,14,1,0,0,1.297008799453219,0.010922920691584043
2907,156.406937861605,20,1,0,0,1.329537749575026,0.010911997770892459
2908,141.95021275446456,19,1,0,0,1.4361326340129625,0.010901085773121566
2909,207.9782098525305,28,1,0,0,1.2033029913820403,0.010890184687348446
2910,165.41187220636004,21,1,0,0,1.4992375569209546,0.010879294502661098
2911,41.78593262054983,200,0,0,1,1.8410844945171687,0.010868415208158434
2912,170.7906878298893,19,1,0,0,1.0662300621338678,0.010857546792950278
2913,154.3614706136624,24,1,0,0,1.279292014684287,0.010846689246157327
2914,238.81490389241026,46,1,0,0,1.3587950110872482,0.010835842556911168
2915,146.90069550528298,23,1,0,0,1.3788597652381245,0.010825006714354258
2916,158.27967596960974,15,1,0,0,1.3612420768624938,0.010814181707639904
2917,139.5133175216444,11,1,0,0,1.4596601984459274,0.010803367525932264
2918,213.53645342217203,36,1,0,0,1.3606053622747385,0.010792564158406332
2919,168.29641466200823,21,1,0,0,1.462922032469822,0.010781771594247924
2920,139.12291596873632,12,1,0,0,1.4207314054092044,0.010770989822653678
2921,134.57001431532754,19,1,0,0,1.3889015734470336,0.010760218832831023
2922,144.47935576209218,15,1,0,0,1.4653394717408352,0.010749458613998192
2923,208.19618934110764,24,1,0,0,1.3898907033069643,0.010738709155384194
2924,156.117941670955,23,1,0,0,1.4682684017398657,0.01072797044622881
2925,200.18035526579968,24,1,0,0,1.4399768408298699,0.010717242475782582
2926,276.1910226169544,57,1,0,0,1.4826157014439445,0.010706525233306799
2927,-23.155229327809913,200,0,0,1,2.526546910573883,0.010695818708073491
2928,169.00428700283237,21,1,0,0,1.2472486460827124,0.01068512288936542
2929,253.33352154141124,47,1,0,0,1.4654526608028573,0.010674437766476053
2930,234.8513839392114,44,1,0,0,1.4403428351667433,0.010663763328709577
2931,194.67775929188878,23,1,0,0,1.3891219742403562,0.010653099565380866
2932,153.2352837323949,29,1,0,0,1.4587067061113694,0.010642446465815487
2933,143.17649750818867,21,1,0,0,1.4805315130474237,0.010631804019349671
2934,99.50435470208487,5,1,0,0,1.427937668849492,0.010621172215330321
2935,174.64112758964515,21,1,0,0,1.369280998324142,0.010610551043114992
2936,6.833923858636214,200,0,0,1,1.563654709302255,0.010599940492071877
2937,193.62442894570006,26,1,0,0,1.334914574928468,0.010589340551579805
2938,162.51244150430296,18,1,0,0,1.4605331796107683,0.010578751211028225
2939,-30.936415410116034,8,0,1,0,4.185739216877579,0.010568172459817197
2940,167.19440138193625,18,1,0,0,1.4471048492874443,0.01055760428735738
2941,180.33652092452405,24,1,0,0,1.1913021385726223,0.010547046683070022
2942,176.77566998483098,21,1,0,0,1.2363416335697026,0.010536499636386951
2943,245.83503395850772,39,1,0,0,1.4963420999434072,0.010525963136750565
2944,159.28049189215574,16,1,0,0,1.3581653336583628,0.010515437173613813
2945,187.32055817490465,25,1,0,0,1.3547606292430836,0.010504921736440201
2946,168.33268161668343,26,1,0,0,1.4817044664412113,0.01049441681470376
2947,157.12895846449166,21,1,0,0,1.2832398135679999,0.010483922397889056
2948,177.92060421279166,23,1,0,0,1.3338419463309719,0.010473438475491167
2949,185.32135465965519,21,1,0,0,1.4265832032795838,0.010462965037015676
2950,207.4926952022057,32,1,0,0,1.3079516436459417,0.010452502071978662
2951,174.29179086601837,19,1,0,0,1.272245549246842,0.010442049569906681
2952,174.4304608983374,25,1,0,0,1.177846649046275,0.010431607520336776
2953,251.27676264443866,53,1,0,0,1.2103660063239683,0.010421175912816438
2954,206.13292081177508,30,1,0,0,1.3159793234111148,0.010410754736903623
2955,148.06518619083005,18,1,0,0,1.4689644521137715,0.010400343982166717
2956,175.07226288239008,19,1,0,0,1.2830248418338983,0.010389943638184553
2957,158.1839397846342,20,1,0,0,1.4060372708780509,0.010379553694546366
2958,167.45169008754593,20,1,0,0,1.2431102363321722,0.01036917414085182
2959,164.32800212498864,16,1,0,0,1.4474524187933238,0.010358804966710967
2960,184.8201486477305,22,1,0,0,1.3766968544402156,0.010348446161744258
2961,207.0364214422479,35,1,0,0,1.2808808491795072,0.010338097715582514
2962,169.90689990318228,27,1,0,0,1.3801919766711106,0.01032775961786693
2963,168.38429155643678,23,1,0,0,1.4079699339699265,0.010317431858249064
2964,172.62704282736615,19,1,0,0,1.309890021647375,0.010307114426390816
2965,155.19104244915604,21,1,0,0,1.1550155688247876,0.010296807311964425
2966,172.05604662526383,18,1,0,0,1.3327371028137398,0.01028651050465246
2967,164.9027942771228,15,1,0,0,1.2250661075466305,0.010276223994147807
2968,174.91181227463701,20,1,0,0,1.394504609165352,0.01026594777015366
2969,175.08460262072046,21,1,0,0,1.3395844373212935,0.010255681822383506
2970,160.39900179114758,21,1,0,0,1.1872764757841132,0.010245426140561122
2971,181.56064863472923,24,1,0,0,1.1971078514374962,0.010235180714420561
2972,169.4409860666279,17,1,0,0,1.396590237446684,0.010224945533706141
2973,111.55119277318212,6,1,0,0,1.2864368798558632,0.010214720588172434
2974,156.60484755986104,16,1,0,0,1.1895969248071114,0.010204505867584262
2975,103.41802176698846,7,1,0,0,1.433668141688031,0.010194301361716679
2976,157.7735900238158,17,1,0,0,1.3931459465045242,0.010184107060354962
2977,179.10773897770568,21,1,0,0,1.3481620412610484,0.010173922953294605
2978,145.36618671790117,16,1,0,0,1.323713349530775,0.010163749030341312
2979,133.29413392226525,22,1,0,0,1.3379860526116365,0.010153585281310969
2980,139.84015269325073,20,1,0,0,1.1728631929213207,0.010143431696029659
2981,239.45826945903784,42,1,0,0,1.275742983492791,0.010133288264333629
2982,171.14321018243734,20,1,0,0,1.4798352680361995,0.010123154976069297
2983,173.2535036951773,21,1,0,0,1.3095799778646737,0.010113031821093226
2984,-50.0,1,0,1,0,5.0106062141196235,0.010102918789272133
2985,163.26981103946449,15,1,0,0,1.2690410038655957,0.010092815870482861
2986,180.81199798072612,19,1,0,0,1.2595327546615926,0.010082723054612379
2987,180.67130846103268,21,1,0,0,1.4511508941642157,0.010072640331557766
2988,242.52015328015943,48,1,0,0,1.42053093044289,0.010062567691226208
2989,166.717481770297,25,1,0,0,1.3854243036153118,0.010052505123534982
2990,156.1177568247224,27,1,0,0,1.3127784537424292,0.010042452618411447
2991,259.9878051188301,53,1,0,0,1.3511056360461866,0.010032410165793036
2992,191.7333253096097,37,1,0,0,1.4701351716186963,0.010022377755627242
2993,141.49883790210686,12,1,0,0,1.486568081795141,0.010012355377871615
2994,156.04775028259087,32,1,0,0,1.4816020865311912,0.010002343022493743
2995,154.8669550245015,21,1,0,0,1.2957361223525172,0.01
2996,145.04703393432328,17,1,0,0,1.2109101617991969,0.01
2997,181.96633437249557,24,1,0,0,1.4858208670354274,0.01
2998,171.41948249980788,22,1,0,0,1.4427521206716216,0.01
2999,176.70231569708892,26,1,0,0,1.3604408313764622,0.01
3000,152.1140507206042,17,1,0,0,1.4391877429092383,0.01
3001,168.0706796957184,22,1,0,0,1.4172207576380123,0.01
3002,166.05034878534536,24,1,0,0,1.4389269932017164,0.01
3003,173.45921473484157,26,1,0,0,1.2383321289755638,0.01
3004,185.6394659711767,30,1,0,0,1.3669363472000347,0.01
3005,139.02947947381767,19,1,0,0,1.316195235423298,0.01
3006,161.8434947306444,21,1,0,0,1.2044373928369048,0.01
3007,164.89401542744645,26,1,0,0,1.2596263633191707,0.01
3008,209.38877834759583,33,1,0,0,1.4886012980268801,0.01
3009,138.03026854864635,19,1,0,0,1.3822461808354252,0.01
3010,158.37845879445894,16,1,0,0,1.4366529704506146,0.01
3011,113.05944984856104,13,1,0,0,1.4014419602163837,0.01
3012,181.4291494023839,23,1,0,0,1.2020406587053927,0.01
3013,170.95933558266165,53,1,0,0,1.4966317953528547,0.01
3014,180.98336940780928,24,1,0,0,1.481093488952374,0.01
3015,155.11208250197882,19,1,0,0,1.4815134840000983,0.01
3016,199.65980978572117,26,1,0,0,1.296236503520542,0.01
3017,212.68362810186056,26,1,0,0,1.126397964234638,0.01
3018,228.62921800014215,40,1,0,0,1.2298982833127894,0.01
3019,122.86715118673678,6,1,0,0,1.285077592817735,0.01
3020,168.76169897560908,21,1,0,0,1.3467737622080482,0.01
3021,211.92711414404428,36,1,0,0,1.3348122697074827,0.01
3022,169.2074675133968,27,1,0,0,1.1621207064031813,0.01
3023,184.25377451200194,27,1,0,0,1.4465592159545335,0.01
3024,170.99166734801614,26,1,0,0,1.4710810873664344,0.01
3025,147.72380310536707,12,1,0,0,1.1806659329855445,0.01
3026,112.29956440465237,11,1,0,0,1.2697460805549627,0.01
3027,140.63539095393654,15,1,0,0,1.3578774622249095,0.01
3028,183.26255710661596,28,1,0,0,1.4334674178261484,0.01
3029,180.6137871771977,24,1,0,0,1.4474334288094899,0.01
3030,70.94099342831251,200,0,0,1,1.9819140315719312,0.01
3031,191.91918679641523,23,1,0,0,1.2870722859513808,0.01
3032,205.9216183589756,37,1,0,0,1.2670576389488886,0.01
3033,157.3329992542547,15,1,0,0,1.0705781171639193,0.01
3034,147.59257147075556,18,1,0,0,1.3556933762573813,0.01
3035,103.15277272295643,2,1,0,0,1.281979541661513,0.01
3036,168.5589917759651,22,1,0,0,1.4348434265022298,0.01
3037,175.78842918273605,24,1,0,0,1.2901840301231187,0.01
3038,214.99203354502583,34,1,0,0,1.4075764287488302,0.01
3039,177.5114501856828,23,1,0,0,1.1938501924881513,0.01
3040,132.15271080124222,11,1,0,0,1.377852889376031,0.01
3041,141.4697912366841,20,1,0,0,1.1313594402254137,0.01
3042,157.63232330250256,19,1,0,0,1.408553794778835,0.01
3043,165.2336071248152,21,1,0,0,1.3338826913128972,0.01
3044,191.13474188601913,23,1,0,0,1.369334058516498,0.01
3045,164.57010603598826,20,1,0,0,1.3571895641630343,0.01
3046,179.6336387900502,28,1,0,0,1.4826605491598552,0.01
3047,139.50844435653667,15,1,0,0,1.253954976310477,0.01
3048,131.67274420939634,17,1,0,0,1.342880072721681,0.01
3049,168.02881687031555,21,1,0,0,1.243767929050887,0.01
3050,175.60877417165668,22,1,0,0,1.1969385850010497,0.01
3051,183.17722941776913,23,1,0,0,1.1323283248703566,0.01
3052,177.98722713479287,25,1,0,0,1.2089496906763242,0.01
3053,196.78867661300984,29,1,0,0,1.4426628267160977,0.01
3054,158.41931830075563,19,1,0,0,1.3405185628831302,0.01
3055,251.70400233054613,43,1,0,0,1.4993628410909543,0.01
3056,110.54156863877205,5,1,0,0,1.4958481720234398,0.01
3057,139.90468898200194,22,1,0,0,1.1655065366024284,0.01
3058,62.39171532668619,112,1,0,0,1.3976573921181354,0.01
3059,197.4784621594339,26,1,0,0,1.4941122793036392,0.01
3060,142.59634454843018,17,1,0,0,1.2475823956189815,0.01
3061,139.06633751397843,16,1,0,0,1.458895871449774,0.01
3062,231.80957261503966,39,1,0,0,1.4952062854092742,0.01
3063,160.46192734039477,19,1,0,0,1.4302637700221887,0.01
3064,172.8673893046998,30,1,0,0,1.361234435741137,0.01
3065,180.7862935484493,21,1,0,0,1.4674893860833906,0.01
3066,157.14165506623988,21,1,0,0,1.3005049353847276,0.01
3067,154.8102851970596,19,1,0,0,1.3085961539460103,0.01
3068,172.85548007329368,24,1,0,0,1.4425176045889725,0.01
3069,136.10854417176213,16,1,0,0,1.4412939026764273,0.01
3070,150.4214736407959,14,1,0,0,1.3384515623056243,0.01
3071,185.3886890625923,26,1,0,0,1.3240707401381184,0.01
3072,195.6644511128201,25,1,0,0,1.1951064793909514,0.01
3073,134.82206976722495,15,1,0,0,1.247082926485042,0.01
3074,163.8607868781993,19,1,0,0,1.4587739043710861,0.01
3075,236.04546011604313,36,1,0,0,1.3490354058761822,0.01
3076,203.15941360229476,22,1,0,0,1.1259986177131358,0.01
3077,186.21205253025107,27,1,0,0,1.2807777223412193,0.01
3078,122.98599763258487,11,1,0,0,1.3827030533766642,0.01
3079,-50.0,1,0,1,0,6.153008677045087,0.01
3080,25.23394891314448,200,0,0,1,1.8325158264106092,0.01
3081,236.28822315501574,40,1,0,0,1.4951030331331963,0.01
3082,165.18739266649,22,1,0,0,1.3803123825638748,0.01
3083,187.86260450028257,21,1,0,0,1.29283925013992,0.01
3084,164.19780466989414,21,1,0,0,1.313899582467364,0.01
3085,205.47033751691447,29,1,0,0,1.4456703941117248,0.01
3086,193.13516314189786,31,1,0,0,1.1871766920262052,0.01
3087,106.87282715166698,3,1,0,0,1.2830278854510786,0.01
3088,174.66810964982923,23,1,0,0,1.3883340000897677,0.01
3089,34.32356244318212,200,0,0,1,2.034088143043161,0.01
3090,124.17912092016805,12,1,0,0,1.430149220568188,0.01
3091,190.49589540463404,22,1,0,0,1.2545795260204105,0.01
3092,175.57024533345404,25,1,0,0,1.417301156141348,0.01
3093,196.11173388662243,24,1,0,0,1.1252082052003933,0.01
3094,154.72569519285722,21,1,0,0,1.4285507635157748,0.01
3095,180.65570950864225,20,1,0,0,1.124604848258037,0.01
3096,195.4801955821647,26,1,0,0,1.3016750008739042,0.01
3097,177.7292549341264,31,1,0,0,1.4627544476458403,0.01
3098,141.9475818851301,22,1,0,0,1.403061665500779,0.01
3099,193.2555395380098,25,1,0,0,1.3645885754041094,0.01
3100,143.4147662715816,13,1,0,0,1.3491728576175885,0.01
3101,165.60320540223802,18,1,0,0,1.264125614205652,0.01
3102,175.42865356488446,26,1,0,0,1.4438686364527407,0.01
3103,186.11802132919274,25,1,0,0,1.4816703515058969,0.01
3104,150.77296365135876,15,1,0,0,1.3655365978308458,0.01
3105,119.96948050470277,16,1,0,0,1.4110167606895445,0.01
3106,138.738679439573,14,1,0,0,1.2882129594173348,0.01
3107,128.65460585158297,9,1,0,0,1.2051828955910873,0.01
3108,171.52473541013012,28,1,0,0,1.4077954593412534,0.01
3109,144.62451496124018,15,1,0,0,1.3437282952351897,0.01
3110,174.23569954804026,23,1,0,0,1.4084119404911832,0.01
3111,-50.0,1,0,1,0,2.3382129095442155,0.01
3112,170.382861089579,20,1,0,0,1.4399388026029747,0.01
3113,150.06985132789396,19,1,0,0,1.341821119808006,0.01
3114,163.29142210774364,22,1,0,0,1.4777455899416234,0.01
3115,122.37267561993697,7,1,0,0,1.1689196779440127,0.01
3116,157.2534812163198,14,1,0,0,1.3591504333176483,0.01
3117,174.48402264169042,22,1,0,0,1.3502281843990054,0.01
3118,197.3740496682909,27,1,0,0,1.1379266339839815,0.01
3119,205.1433519034222,26,1,0,0,1.2384542019870877,0.01
3120,149.2849886471759,15,1,0,0,1.2943720543276327,0.01
3121,138.62959744537227,11,1,0,0,1.4487051452345048,0.01
3122,175.20197504059513,32,1,0,0,1.4132739187050136,0.01
3123,211.65629086688136,26,1,0,0,1.2406044444557944,0.01
3124,246.52687194653328,50,1,0,0,1.366695400159966,0.01
3125,161.88353271371943,14,1,0,0,1.4253602143524495,0.01
3126,155.4497954172259,16,1,0,0,1.4191065209399967,0.01
3127,113.8031910932646,5,1,0,0,1.440035837192272,0.01
3128,164.14893526776504,20,1,0,0,1.236611048239799,0.01
3129,170.64525727220888,26,1,0,0,1.4904237200606745,0.01
3130,150.1740480468959,17,1,0,0,1.173850157130854,0.01
3131,191.3464260482338,95,1,0,0,1.312614421583934,0.01
3132,131.0082687319329,164,1,0,0,1.4622135438752732,0.01
3133,165.2560932485661,23,1,0,0,1.3492269995927302,0.01
3134,176.0615950646059,22,1,0,0,1.4384089869589738,0.01
3135,137.63390458863728,12,1,0,0,1.2875329551672894,0.01
3136,184.75889813636974,19,1,0,0,1.3316041936351293,0.01
3137,-50.0,1,0,1,0,4.930876514347129,0.01
3138,189.6006796515818,28,1,0,0,1.2839371469683853,0.01
3139,126.2256754975345,10,1,0,0,1.2652457804387658,0.01
3140,120.45672705892754,9,1,0,0,1.4906902527937513,0.01
3141,167.10030791391762,21,1,0,0,1.293295071874789,0.01
3142,110.33384855515288,4,1,0,0,1.423170258354666,0.01
3143,129.51969557548296,11,1,0,0,1.1496539017743965,0.01
3144,182.66213108374097,29,1,0,0,1.471641623059038,0.01
3145,167.00966792811977,21,1,0,0,1.3431014235311955,0.01
3146,161.99242737300773,20,1,0,0,1.3105003918352613,0.01
3147,144.19448453648374,18,1,0,0,1.251156011998332,0.01
3148,235.57821020162575,47,1,0,0,1.4584854014099242,0.01
3149,154.5263712513594,19,1,0,0,1.4327992164325798,0.01
3150,185.96961443173566,22,1,0,0,1.4564400824921724,0.01
3151,185.86988147668706,22,1,0,0,1.3835741719247605,0.01
3152,173.07422039920402,24,1,0,0,1.2325690491809411,0.01
3153,168.93292078509614,19,1,0,0,1.3181209945074435,0.01
3154,160.98535091753163,24,1,0,0,1.3352535358902673,0.01
3155,165.00888924074627,19,1,0,0,1.4203971526589136,0.01
3156,184.7339222092714,29,1,0,0,1.240681966759921,0.01
3157,164.202448112983,18,1,0,0,1.3657078559703906,0.01
3158,250.40423318224606,48,1,0,0,1.42339228647606,0.01
3159,-50.0,1,0,1,0,5.667341906487912,0.01
3160,192.11263027392323,26,1,0,0,1.29825013682347,0.01
3161,157.50007281019276,21,1,0,0,1.0839100813739337,0.01
3162,193.8309234564972,24,1,0,0,1.2652196189674891,0.01
3163,148.4621544962033,17,1,0,0,1.279242188568178,0.01
3164,-50.0,1,0,1,0,4.876389180938724,0.01
3165,159.9502901778441,25,1,0,0,1.3571791242342852,0.01
3166,187.16037763158675,32,1,0,0,1.0436449597925344,0.01
3167,127.23232176118272,19,1,0,0,1.3432677781704143,0.01
3168,164.25294372012354,20,1,0,0,1.4274531568494306,0.01
3169,175.64409704664956,22,1,0,0,1.1976468743805329,0.01
3170,155.59749389365777,21,1,0,0,1.4828175413983757,0.01
3171,158.04066332522495,24,1,0,0,1.255127583922292,0.01
3172,185.94100280213178,20,1,0,0,1.42226107129524,0.01
3173,150.7147455151354,18,1,0,0,1.4915722744403588,0.01
3174,144.14546552958404,16,1,0,0,1.4080867565990278,0.01
3175,128.44024077147236,9,1,0,0,1.3678929720346256,0.01
3176,168.39292589720168,24,1,0,0,1.4921674520247974,0.01
3177,179.57504441633975,26,1,0,0,1.3409642632881102,0.01
3178,184.8138567048482,23,1,0,0,1.4472270068347735,0.01
3179,113.84120978984006,5,1,0,0,1.4260664462423909,0.01
3180,148.6708098217359,13,1,0,0,1.2477847374624467,0.01
3181,137.14452847009522,13,1,0,0,1.3070326727464212,0.01
3182,-50.0,1,0,1,0,3.2399874394539916,0.01
3183,160.2327575947702,18,1,0,0,1.3689030450480673,0.01
3184,167.48701840403584,20,1,0,0,1.477767069532103,0.01
3185,197.50698125111694,29,1,0,0,1.1001777913881847,0.01
3186,164.04291599189773,18,1,0,0,1.401659069688285,0.01
3187,160.24373922304477,20,1,0,0,1.3865295384690344,0.01
3188,169.94811554007066,26,1,0,0,1.3060630723798305,0.01
3189,176.36545249088417,18,1,0,0,1.196200594501635,0.01
3190,123.85421747198909,10,1,0,0,1.4866062558292943,0.01
3191,114.47956287980227,9,1,0,0,1.4839587009913444,0.01
3192,180.1621200718841,37,1,0,0,1.2673079320308285,0.01
3193,219.83590246767778,31,1,0,0,1.3617921285092414,0.01
3194,132.4747150283965,12,1,0,0,1.2445089282417496,0.01
3195,105.69866249137525,16,1,0,0,1.4929543300875594,0.01
3196,203.52016522143504,25,1,0,0,1.129524554072988,0.01
3197,163.94512104717566,25,1,0,0,1.4758610981139733,0.01
3198,174.17862756306954,21,1,0,0,1.466375902288949,0.01
3199,234.63698857653335,41,1,0,0,1.36789054622543,0.01
3200,-50.0,1,0,1,0,3.3800357875223144,0.01
3201,145.27204199631552,17,1,0,0,1.2087394286768676,0.01
3202,174.91870579356592,21,1,0,0,1.465469502956685,0.01
3203,142.83258894711753,20,1,0,0,1.3277958800291776,0.01
3204,148.57037996103492,18,1,0,0,1.4694222417794747,0.01
3205,116.1891171216024,9,1,0,0,1.432409607291421,0.01
3206,150.90447603816042,14,1,0,0,1.3718058808638016,0.01
3207,173.74691992587833,20,1,0,0,1.4355660185105008,0.01
3208,164.38811371252643,20,1,0,0,1.4454585364100232,0.01
3209,106.59377709646664,38,1,0,0,1.4955979334994913,0.01
3210,163.3898298426974,23,1,0,0,1.4330062612094914,0.01
3211,154.40463938993912,19,1,0,0,1.2646887467129813,0.01
3212,127.98447796957812,9,1,0,0,1.2995845630198766,0.01
3213,196.11124204026868,22,1,0,0,1.3437225658982623,0.01
3214,173.48199733372869,25,1,0,0,1.4556604359844345,0.01
3215,142.80343668212987,23,1,0,0,1.3744560417918548,0.01
3216,178.45697208686826,26,1,0,0,1.1849412937699195,0.01
3217,128.19953157704754,8,1,0,0,1.474579799974497,0.01
3218,131.68089679183205,16,1,0,0,1.1744808863461127,0.01
3219,170.37960659331378,18,1,0,0,1.1763368553204043,0.01
3220,179.78624228866784,28,1,0,0,1.362050749218935,0.01
3221,209.37809444596513,35,1,0,0,1.366967531668629,0.01
3222,195.1207146316743,28,1,0,0,1.4507851517149193,0.01
3223,183.69251370585883,22,1,0,0,1.399707757627042,0.01
3224,200.17108738354494,23,1,0,0,1.2379390229860825,0.01
3225,191.8031383051341,25,1,0,0,1.3388669377710152,0.01
3226,192.15572908262106,21,1,0,0,1.1670523516310993,0.01
3227,157.5483896117625,20,1,0,0,1.192873291004396,0.01
3228,148.63009701267194,19,1,0,0,1.3604206634077618,0.01
3229,236.37497482794686,43,1,0,0,1.304328790419977,0.01
3230,121.71584649797312,9,1,0,0,1.0259868978912745,0.01
3231,174.06723303051365,23,1,0,0,1.4768714942226202,0.01
3232,179.23109795332743,20,1,0,0,1.480832754683668,0.01
3233,158.25417987754733,22,1,0,0,1.459512632382831,0.01
3234,212.95061429611422,32,1,0,0,1.2561339536407374,0.01
3235,114.58241094489281,11,1,0,0,1.209800203141705,0.01
3236,185.6773129401588,21,1,0,0,1.191714823666413,0.01
3237,174.93847495987592,20,1,0,0,1.1255836186688122,0.01
3238,163.86572434460533,19,1,0,0,1.1185796627255107,0.01
3239,176.63842541430753,23,1,0,0,1.1385353413481871,0.01
3240,168.1009697004952,20,1,0,0,1.3300540026054664,0.01
3241,154.30046927850174,19,1,0,0,1.434584872522609,0.01
3242,193.08821967565234,23,1,0,0,1.1903183881947212,0.01
3243,175.82903048118368,26,1,0,0,1.4513728818315783,0.01
3244,138.21605540237468,21,1,0,0,1.343764381414614,0.01
3245,162.61829244774245,22,1,0,0,1.3419888387809604,0.01
3246,140.93353872849895,18,1,0,0,1.4574780366516455,0.01
3247,133.2847216293178,9,1,0,0,1.2900800546547115,0.01
3248,202.80217956316142,28,1,0,0,1.3298776175997469,0.01
3249,173.28311322177888,21,1,0,0,1.4019871957685468,0.01
3250,183.88669176179556,20,1,0,0,1.4047123906396008,0.01
3251,219.55234001637996,41,1,0,0,1.3531332122457735,0.01
3252,163.72516932734698,21,1,0,0,1.3193230053514127,0.01
3253,223.64630094807825,44,1,0,0,1.4536693833634797,0.01
3254,181.69709285192255,28,1,0,0,1.4112785278099838,0.01
3255,156.5872184185984,20,1,0,0,1.426898829859902,0.01
3256,179.77498822067963,31,1,0,0,1.3543123567031061,0.01
3257,175.20264530863602,25,1,0,0,1.3036514893583786,0.01
3258,175.56238774455963,24,1,0,0,1.4935682981780094,0.01
3259,23.787156283754012,200,0,0,1,2.3195991502826936,0.01
3260,189.365399917951,22,1,0,0,1.2217973835213807,0.01
3261,241.6276824603905,41,1,0,0,1.3569402756625653,0.01
3262,178.8485702090843,23,1,0,0,1.4567150628839611,0.01
3263,187.24226872832548,25,1,0,0,1.472789725572506,0.01
3264,174.94042064999402,20,1,0,0,1.4728935069363307,0.01
3265,186.36783197056053,25,1,0,0,1.470423163011885,0.01
3266,175.42673938933268,21,1,0,0,1.383266148853329,0.01
3267,174.55653686216678,26,1,0,0,1.393017689533723,0.01
3268,164.53179449511288,27,1,0,0,1.3049459260905858,0.01
3269,243.52008024365313,50,1,0,0,1.3883903433286569,0.01
3270,184.44471084984514,25,1,0,0,1.1596215608699283,0.01
3271,196.50321837404283,29,1,0,0,1.4062320895850333,0.01
3272,230.41039656799498,35,1,0,0,1.4572622346154307,0.01
3273,-50.0,1,0,1,0,3.027205230553829,0.01
3274,157.76355910591633,21,1,0,0,1.4596988592473918,0.01
3275,39.44711276263116,200,0,0,1,1.8704208090189505,0.01
3276,179.15891751423806,24,1,0,0,1.2068519298875782,0.01
3277,-17.838929329989558,200,0,0,1,2.4607067249155694,0.01
3278,207.6540710843345,27,1,0,0,1.0931692624282068,0.01
3279,172.28408739095522,19,1,0,0,1.4255146198089785,0.01
3280,180.91407967070108,24,1,0,0,1.1857398715029772,0.01
3281,158.68368331677067,21,1,0,0,1.3711988224526632,0.01
3282,154.90038062729548,23,1,0,0,1.3869011491569414,0.01
3283,142.15610276389003,16,1,0,0,1.4982101116751887,0.01
3284,164.29050550859935,22,1,0,0,1.419249709885783,0.01
3285,167.18596052463465,20,1,0,0,1.3445643566566696,0.01
3286,210.82645274937408,37,1,0,0,1.2460036066811233,0.01
3287,-50.0,1,0,1,0,5.167947865975027,0.01
3288,165.55489752804104,21,1,0,0,1.2405153339103028,0.01
3289,228.04278357338168,32,1,0,0,1.3985542909403672,0.01
3290,222.28091918435717,38,1,0,0,1.2473309773489496,0.01
3291,180.22661912268123,20,1,0,0,1.485939280629063,0.01
3292,189.56071491122214,23,1,0,0,1.4837966091917258,0.01
3293,168.60750672622635,23,1,0,0,1.4125325927125614,0.01
3294,211.76336583986387,30,1,0,0,1.4905303833072585,0.01
3295,161.20524009597204,21,1,0,0,1.3975991974460344,0.01
3296,250.66747374859457,48,1,0,0,1.2754500829917437,0.01
3297,163.67877084885686,22,1,0,0,1.360226487522681,0.01
3298,148.9054100583676,21,1,0,0,1.1555174869690934,0.01
3299,165.87757610970817,22,1,0,0,1.4667988825235978,0.01
3300,182.61345712765012,28,1,0,0,1.4746296803264036,0.01
3301,186.31249366945605,22,1,0,0,1.4932688388700224,0.01
3302,156.54854265058142,16,1,0,0,1.3607310204642076,0.01
3303,170.61845538711037,24,1,0,0,1.3511728860567667,0.01
3304,141.32558127430283,14,1,0,0,1.489415055912176,0.01
3305,173.98396920311455,21,1,0,0,1.4282711185067591,0.01
3306,195.91881872066404,21,1,0,0,1.1934401840957947,0.01
3307,176.65052850293552,29,1,0,0,1.4753334103719171,0.01
3308,165.5075601780822,22,1,0,0,1.4972325455126738,0.01
3309,179.73809935816644,23,1,0,0,1.2282147684490115,0.01
3310,163.02784991152882,17,1,0,0,1.1918731158052418,0.01
3311,155.57078350955268,20,1,0,0,1.3591859151882086,0.01
3312,144.3703940055083,15,1,0,0,1.2600039807729253,0.01
3313,118.77064175846053,10,1,0,0,1.2781747311108203,0.01
3314,181.74600896716356,26,1,0,0,1.2312671362029177,0.01
3315,180.31636057017764,21,1,0,0,1.3829890609093038,0.01
3316,168.860217459488,25,1,0,0,1.185606922528762,0.01
3317,166.6514364540726,18,1,0,0,1.3362679012946908,0.01
3318,160.0645600825974,20,1,0,0,1.2773578512950818,0.01
3319,155.84321994352274,18,1,0,0,1.352427278690053,0.01
3320,187.43020816323474,25,1,0,0,1.309618593626709,0.01
3321,161.061418400039,18,1,0,0,1.3044734630563746,0.01
3322,229.60627642482427,35,1,0,0,1.4967187499038588,0.01
3323,202.4238293736034,24,1,0,0,1.4441093017673226,0.01
3324,146.91938990295634,21,1,0,0,1.2566030476386916,0.01
3325,219.87101135121023,37,1,0,0,1.4782540565530036,0.01
3326,241.63193434349031,42,1,0,0,1.4336672090184568,0.01
3327,158.0230197785343,21,1,0,0,1.1997983038077724,0.01
3328,172.13943897694162,24,1,0,0,1.3500939274732067,0.01
3329,164.4230569365024,18,1,0,0,1.353943686350816,0.01
3330,179.50927210897265,21,1,0,0,1.2242174738812734,0.01
3331,205.65486138344494,24,1,0,0,1.4247501683847261,0.01
3332,209.5162389107794,36,1,0,0,1.2436497091680214,0.01
3333,213.89830542411028,27,1,0,0,1.360888157717879,0.01
3334,127.37749894658151,15,1,0,0,1.383243809459386,0.01
3335,140.2497364831623,15,1,0,0,1.31554691647818,0.01
3336,151.1214520619134,24,1,0,0,1.4092357551012074,0.01
3337,159.90934842268723,18,1,0,0,1.4119992595830677,0.01
3338,178.0151591807144,25,1,0,0,1.4614197160181404,0.01
3339,143.28456886223165,15,1,0,0,1.2336334377093954,0.01
3340,150.95782712497868,22,1,0,0,1.4550863702823977,0.01
3341,170.04006180501233,20,1,0,0,1.4389636428714556,0.01
3342,185.98086477284994,23,1,0,0,1.2675249492490175,0.01
3343,166.19628856234223,22,1,0,0,1.4804317863665575,0.01
3344,132.1855394894935,17,1,0,0,1.4597901306298797,0.01
3345,210.79110450088683,29,1,0,0,1.2119095463155931,0.01
3346,115.81183178654467,5,1,0,0,1.4814926664284769,0.01
3347,156.2869535346417,20,1,0,0,1.4323683685843729,0.01
3348,217.497084223588,34,1,0,0,1.4870367722441589,0.01
3349,154.7953836444263,20,1,0,0,1.4575351631217524,0.01
3350,142.4856741434496,16,1,0,0,1.3856753665917196,0.01
3351,156.88722890178224,21,1,0,0,1.1752011331566659,0.01
3352,191.3949407289254,25,1,0,0,1.4052561240881012,0.01
3353,148.9295037355662,15,1,0,0,1.2640314652678974,0.01
3354,-50.0,1,0,1,0,6.354691851136679,0.01
3355,166.04235999342126,24,1,0,0,1.3991183283721722,0.01
3356,176.3659461640744,24,1,0,0,1.2438856446128677,0.01
3357,174.40002488919998,24,1,0,0,1.3716205499259977,0.01
3358,203.5230190012984,26,1,0,0,1.200111727260588,0.01
3359,163.6569321611717,23,1,0,0,1.370176619881905,0.01
3360,156.49719015892128,20,1,0,0,1.1991160138303436,0.01
3361,123.7246464360313,12,1,0,0,1.4633596671599427,0.01
3362,144.4983220883038,13,1,0,0,1.3881711126244012,0.01
3363,165.0535239912494,30,1,0,0,1.4209347971925317,0.01
3364,245.95412927382637,49,1,0,0,1.2581338046583888,0.01
3365,241.601671658733,41,1,0,0,1.219732937418819,0.01
3366,244.06131384708613,42,1,0,0,1.4670994328818427,0.01
3367,184.83007920603526,27,1,0,0,1.3991488417300797,0.01
3368,156.42263877947676,18,1,0,0,1.2050146260554297,0.01
3369,188.73579122461666,24,1,0,0,1.382283005030008,0.01
3370,194.38363313641378,29,1,0,0,1.3325477893140811,0.01
3371,206.0349186017342,35,1,0,0,1.2249700765650902,0.01
3372,145.56108175757987,11,1,0,0,1.1976835992581096,0.01
3373,203.65929596594623,25,1,0,0,1.171460726347583,0.01
3374,192.64005591294458,29,1,0,0,1.3587984139385696,0.01
3375,223.6047676508591,39,1,0,0,1.2371879713577085,0.01
3376,143.15765022727027,12,1,0,0,1.4990476769896837,0.01
3377,154.87564088624143,14,1,0,0,1.4776093403649206,0.01
3378,152.6791380064379,17,1,0,0,1.3987756145000427,0.01
3379,217.9563410101708,37,1,0,0,1.1925796642463842,0.01
3380,229.77754205632223,38,1,0,0,1.2762085525214502,0.01
3381,203.8541216477439,24,1,0,0,1.4149679999456433,0.01
3382,188.2045581448807,22,1,0,0,1.4704381149479793,0.01
3383,173.65480004016655,20,1,0,0,1.360652359860066,0.01
3384,8.006324476243954,16,0,1,0,3.6961079963410137,0.01
3385,128.92606321607778,21,1,0,0,1.2787574601721632,0.01
3386,175.507920276758,20,1,0,0,1.3230833691808017,0.01
3387,221.57824830064433,38,1,0,0,1.3951981654610701,0.01
3388,190.86876126968957,30,1,0,0,1.4264965690900984,0.01
3389,197.73705588288897,26,1,0,0,1.262113252045577,0.01
3390,194.78609668679232,27,1,0,0,1.315582650266266,0.01
3391,149.60680638933232,14,1,0,0,1.488001106946983,0.01
3392,187.34905460015347,28,1,0,0,1.2470958640495424,0.01
3393,197.13915132287582,29,1,0,0,1.3660289154218717,0.01
3394,159.958434090943,21,1,0,0,1.1110041976413445,0.01
3395,163.10233608616096,15,1,0,0,1.4500208820553755,0.01
3396,141.9152762476101,13,1,0,0,1.4183364163488474,0.01
3397,187.01509183090855,30,1,0,0,1.270480303833756,0.01
3398,206.35852152562336,32,1,0,0,1.45561898667839,0.01
3399,151.76851704086727,18,1,0,0,1.4585412533016153,0.01
3400,117.9476685430095,10,1,0,0,1.4380643699761666,0.01
3401,159.01441781006605,22,1,0,0,1.4550691965063745,0.01
3402,190.1858407467645,24,1,0,0,1.4076316908592954,0.01
3403,124.11803220355662,55,1,0,0,1.3477364848484437,0.01
3404,176.48275781585562,25,1,0,0,1.2230980244340703,0.01
3405,184.39541876216984,26,1,0,0,1.1828943728406247,0.01
3406,184.27097132091558,26,1,0,0,1.1556262291013182,0.01
3407,185.67818106488727,25,1,0,0,1.3235737221718413,0.01
3408,145.19692146451908,70,1,0,0,1.4342362937590585,0.01
3409,168.00018886474726,23,1,0,0,1.3370664436820445,0.01
3410,211.70756244722008,41,1,0,0,1.4622696686862449,0.01
3411,199.82704491596309,27,1,0,0,1.4345526022744057,0.01
3412,139.15261049288114,20,1,0,0,1.4497865827417333,0.01
3413,164.0076318810928,23,1,0,0,1.3367172101512472,0.01
3414,187.55632686335915,20,1,0,0,1.407221326214681,0.01
3415,164.35924739238845,21,1,0,0,1.3263435147971319,0.01
3416,128.2570982496818,16,1,0,0,1.4278904012027622,0.01
3417,143.86917313775257,16,1,0,0,1.360442098390185,0.01
3418,172.2487616496208,19,1,0,0,1.3785498098589215,0.01
3419,247.78819112491433,47,1,0,0,1.3310016426911995,0.01
3420,100.0,1,1,0,0,1.3954582145209415,0.01
3421,117.28588600909318,6,1,0,0,1.2981353786642444,0.01
3422,186.84372143513252,25,1,0,0,1.2520176293176277,0.01
3423,178.0246333348939,22,1,0,0,1.2371577315654707,0.01
3424,173.0155670097679,23,1,0,0,1.2733794921985728,0.01
3425,168.59699191599412,18,1,0,0,1.372936234314054,0.01
3426,189.9668943410175,32,1,0,0,1.3023270512509129,0.01
3427,169.51258174966915,24,1,0,0,1.4246244237281167,0.01
3428,121.1751568175069,11,1,0,0,1.3756780120418766,0.01
3429,178.3699982047468,20,1,0,0,1.0436181849485384,0.01
3430,140.28439088931697,19,1,0,0,1.4804360931716785,0.01
3431,172.11224775110844,23,1,0,0,1.2192223496359762,0.01
3432,192.10574631140173,23,1,0,0,1.2645180915968801,0.01
3433,167.75224495329746,20,1,0,0,1.2506762289778175,0.01
3434,122.55337176245266,12,1,0,0,1.448071704296658,0.01
3435,162.42988961152156,21,1,0,0,1.4101463739663977,0.01
3436,131.5915042304575,15,1,0,0,1.4187029224064336,0.01
3437,146.773355824017,14,1,0,0,1.2377304364604096,0.01
3438,122.13854521018143,19,1,0,0,1.3595932105097068,0.01
3439,179.3311858302958,24,1,0,0,1.2929620702458404,0.01
3440,178.40022584697545,23,1,0,0,1.398393794465995,0.01
3441,165.33385714416656,16,1,0,0,1.2994078496475419,0.01
3442,213.78576139904402,33,1,0,0,1.2410659181780814,0.01
3443,167.08541967466647,22,1,0,0,1.2322780638668982,0.01
3444,157.51792808331456,22,1,0,0,1.3987544876571558,0.01
3445,197.53780645472716,26,1,0,0,1.4880126808496692,0.01
3446,145.8780538096499,13,1,0,0,1.4313593565892468,0.01
3447,275.8931798662419,58,1,0,0,1.3548697278636765,0.01
3448,195.60858737802488,23,1,0,0,1.3535779409456472,0.01
3449,160.03314685515156,20,1,0,0,1.277122360526658,0.01
3450,181.50501588988357,20,1,0,0,1.4371304734023207,0.01
3451,197.1923979138801,27,1,0,0,1.1796704339086042,0.01
3452,229.79404101003342,42,1,0,0,1.348606136054747,0.01
3453,157.0918124021461,19,1,0,0,1.3664262331181,0.01
3454,144.02242639994446,13,1,0,0,1.3848692857274623,0.01
3455,192.3031126001447,28,1,0,0,1.3470672288211236,0.01
3456,232.67848122652154,44,1,0,0,1.3211466945971986,0.01
3457,159.397567403694,23,1,0,0,1.3237832495447597,0.01
3458,183.12275446323866,26,1,0,0,1.3747039181457252,0.01
3459,172.6429590232283,21,1,0,0,1.479663238965055,0.01
3460,193.87528592533135,24,1,0,0,1.2993284136795038,0.01
3461,224.1832514980666,38,1,0,0,1.337795447719247,0.01
3462,177.0025935262462,23,1,0,0,1.3117925182377215,0.01
3463,200.9597705565742,27,1,0,0,1.3707955290985503,0.01
3464,188.5648580085373,22,1,0,0,1.3754260607805169,0.01
3465,154.10722359638714,16,1,0,0,1.1791512939450821,0.01
3466,-33.295183623896406,6,0,1,0,8.570502795883527,0.01
3467,169.41749724977495,24,1,0,0,1.3919708217350568,0.01
3468,116.22348285224571,7,1,0,0,1.4287591812098874,0.01
3469,141.29409752765756,14,1,0,0,1.4806382641940663,0.01
3470,153.57041784439775,19,1,0,0,1.1799488473853745,0.01
3471,214.88339993872773,29,1,0,0,1.4464305924861374,0.01
3472,158.93632082092776,16,1,0,0,1.2840343318568115,0.01
3473,144.33270768719328,18,1,0,0,1.4345680103642493,0.01
3474,172.07393220386444,24,1,0,0,1.3487160318360938,0.01
3475,119.79684435696093,8,1,0,0,1.404685336102224,0.01
3476,184.20244802061535,29,1,0,0,1.3378798172290178,0.01
3477,230.81439025745436,45,1,0,0,1.3056724833033397,0.01
3478,188.1220038273365,23,1,0,0,1.2788879303533223,0.01
3479,164.34865083290438,22,1,0,0,1.284418195646801,0.01
3480,196.3883045853633,23,1,0,0,1.2984281079180988,0.01
3481,265.0721079402002,51,1,0,0,1.3056360352692142,0.01
3482,-50.0,1,0,1,0,5.481073166378601,0.01
3483,-50.0,1,0,1,0,6.189953805476779,0.01
3484,160.12309792658994,21,1,0,0,1.4662099229830527,0.01
3485,167.42221782592736,19,1,0,0,1.2860173958538101,0.01
3486,191.70808464719224,28,1,0,0,1.4988374648008778,0.01
3487,188.4395788594581,23,1,0,0,1.4824268608379834,0.01
3488,173.94613492823478,20,1,0,0,1.1990649986392825,0.01
3489,218.79435169365482,41,1,0,0,1.4242263135041937,0.01
3490,186.26111240681402,24,1,0,0,1.1960492769911955,0.01
3491,121.87139330586082,7,1,0,0,1.4653632900262166,0.01
3492,170.43693837061485,21,1,0,0,1.3380680343379465,0.01
3493,183.89817717380834,24,1,0,0,1.2714097058223808,0.01
3494,159.1062082401697,19,1,0,0,1.4236829333059051,0.01
3495,152.9175432452427,17,1,0,0,1.3057812262198611,0.01
3496,180.98840277964086,21,1,0,0,1.4003120279753403,0.01
3497,159.87138427792448,20,1,0,0,1.177092547440086,0.01
3498,171.51192095293467,25,1,0,0,1.3987852705790347,0.01
3499,182.8407511569759,19,1,0,0,1.179053735921443,0.01
3500,138.51509407477366,20,1,0,0,1.278431079181762,0.01
3501,160.42726171857157,21,1,0,0,1.3428284699410666,0.01
3502,263.94800985701295,54,1,0,0,1.290212409324545,0.01
3503,157.11473499300342,19,1,0,0,1.4786807440868164,0.01
3504,169.80271684164745,23,1,0,0,1.1509730517918777,0.01
3505,169.06799426103095,19,1,0,0,1.2304067295297025,0.01
3506,166.9179576436084,19,1,0,0,1.3378206022311372,0.01
3507,277.4526396676501,58,1,0,0,1.290484629953044,0.01
3508,203.41101233607674,35,1,0,0,1.4908595134995664,0.01
3509,249.88934818053687,47,1,0,0,1.3184570024322428,0.01
3510,160.6022237089419,19,1,0,0,1.3714634226587044,0.01
3511,182.9505637512185,19,1,0,0,1.253474648012593,0.01
3512,170.6597917460358,19,1,0,0,1.1790431587291876,0.01
3513,142.39837903378628,13,1,0,0,1.4914786275805496,0.01
3514,171.7453887856257,20,1,0,0,1.144254003524043,0.01
3515,129.6534339418133,11,1,0,0,1.4831375664898774,0.01
3516,171.17323322189225,21,1,0,0,1.0581139745597814,0.01
3517,217.08564090954525,27,1,0,0,1.496918723987962,0.01
3518,182.29643419470494,30,1,0,0,1.4222781717715405,0.01
3519,121.54191298548353,16,1,0,0,1.4878292960595305,0.01
3520,192.25237540504747,28,1,0,0,1.4949792689727763,0.01
3521,178.54144470043298,18,1,0,0,1.2729898793363572,0.01
3522,139.95844643650508,14,1,0,0,1.2991514894678267,0.01
3523,198.01930495936875,34,1,0,0,1.2264150148317143,0.01
3524,175.76690116134438,20,1,0,0,1.1077580860332197,0.01
3525,166.05499688555676,22,1,0,0,1.488019160697658,0.01
3526,166.59361691899167,23,1,0,0,1.1596182666757955,0.01
3527,208.65020528426672,31,1,0,0,1.3558497475441829,0.01
3528,188.91017653201715,26,1,0,0,1.4366438463386082,0.01
3529,180.16930529074529,25,1,0,0,1.3644457258800111,0.01
3530,147.18311554971558,19,1,0,0,1.4235851575242071,0.01
3531,186.09349807848946,21,1,0,0,1.4545074078562557,0.01
3532,163.81899660577875,20,1,0,0,1.2852196836510557,0.01
3533,171.5826161160306,22,1,0,0,1.2388669504410472,0.01
3534,186.73225681929094,26,1,0,0,1.3902977943840114,0.01
3535,189.09426564976565,22,1,0,0,1.3413665853260495,0.01
3536,180.44630464322938,22,1,0,0,1.1729834673375845,0.01
3537,160.37514302429616,17,1,0,0,1.4310344970438709,0.01
3538,151.84991116793574,15,1,0,0,1.4591611589842595,0.01
3539,194.8473167452056,34,1,0,0,1.2237194799348432,0.01
3540,156.32550074170155,17,1,0,0,1.32212479616866,0.01
3541,247.57803622023437,50,1,0,0,1.329288326194431,0.01
3542,149.28704902614794,18,1,0,0,1.3164025394037615,0.01
3543,154.62222089143262,17,1,0,0,1.3854892506666918,0.01
3544,173.185757940247,18,1,0,0,1.4930021299011955,0.01
3545,155.70324058636487,17,1,0,0,1.2962747075328793,0.01
3546,154.46414773028386,15,1,0,0,1.228754500293014,0.01
3547,176.1578381223105,26,1,0,0,1.186478200258533,0.01
3548,190.25499513141722,31,1,0,0,1.4064799849971,0.01
3549,93.08416246349539,160,1,0,0,1.4862525587282789,0.01
3550,184.1184717827333,26,1,0,0,1.2654569277272223,0.01
3551,139.1712478522853,13,1,0,0,1.1616608014026646,0.01
3552,171.8441261152831,23,1,0,0,1.340043465479412,0.01
3553,169.2911133625629,18,1,0,0,1.2241921045585933,0.01
3554,168.89644772733146,25,1,0,0,1.423585882136739,0.01
3555,171.94953806002724,24,1,0,0,1.304772436515992,0.01
3556,155.672633572277,18,1,0,0,1.4532874518111671,0.01
3557,135.56327421100158,11,1,0,0,1.4783942076428807,0.01
3558,168.87817161440358,19,1,0,0,1.3153636839037988,0.01
3559,248.92132320471924,47,1,0,0,1.4059443069195743,0.01
3560,226.99578187942228,41,1,0,0,1.379948000978263,0.01
3561,180.27083491029208,31,1,0,0,1.4617982982998305,0.01
3562,120.05194953544262,11,1,0,0,1.4109633088748337,0.01
3563,130.90519862885634,10,1,0,0,1.4882294223212371,0.01
3564,100.0,1,1,0,0,1.4872908118165677,0.01
3565,151.04267957740078,23,1,0,0,1.3318839629812622,0.01
3566,140.23572713022466,12,1,0,0,1.2214914211529353,0.01
3567,110.16503689580743,6,1,0,0,1.3739407370319456,0.01
3568,136.95453509309533,14,1,0,0,1.471925671824863,0.01
3569,115.71821007127987,6,1,0,0,1.249762599991291,0.01
3570,190.09596082747908,23,1,0,0,1.4147870306314396,0.01
3571,178.52006269433974,25,1,0,0,1.1234096948228374,0.01
3572,198.66445806029668,28,1,0,0,1.372501439978093,0.01
3573,204.34199924485353,26,1,0,0,1.0988869047087557,0.01
3574,-50.0,1,0,1,0,7.329018095757587,0.01
3575,155.61544061253474,17,1,0,0,1.3638351384446354,0.01
3576,180.08715481841153,21,1,0,0,1.2973754929222885,0.01
3577,179.31097568514573,28,1,0,0,1.3509299867045406,0.01
3578,124.23207717194155,10,1,0,0,1.4295293990505666,0.01
3579,163.39561290922833,19,1,0,0,1.2970289122762646,0.01
3580,170.17561978539106,26,1,0,0,1.3093455681483916,0.01
3581,143.37492413748734,17,1,0,0,1.4040124943335108,0.01
3582,156.03299100774845,14,1,0,0,1.3052985446369403,0.01
3583,154.9540080431469,20,1,0,0,1.4567664402595428,0.01
3584,174.46655340465784,19,1,0,0,1.153297551014641,0.01
3585,141.57604210686034,16,1,0,0,1.2652131345904727,0.01
3586,-50.0,1,0,1,0,4.488677140965784,0.01
3587,186.94546740103908,24,1,0,0,1.2323102189038466,0.01
3588,163.42638307559656,21,1,0,0,1.3740796347528106,0.01
3589,147.8667032511357,16,1,0,0,1.465534590620664,0.01
3590,147.16485367552673,14,1,0,0,1.2617794775107523,0.01
3591,170.37532339222298,19,1,0,0,1.35630778058511,0.01
3592,139.1956993744624,11,1,0,0,1.257146613025368,0.01
3593,139.12990894262805,20,1,0,0,1.4316459199849827,0.01
3594,152.8737343334751,22,1,0,0,1.2549027022447734,0.01
3595,198.51237647813255,33,1,0,0,1.454852940922051,0.01
3596,179.28614734927797,28,1,0,0,1.3089900305873179,0.01
3597,180.50597218627908,24,1,0,0,1.4415440074466346,0.01
3598,174.3407891075817,24,1,0,0,1.1699978710043941,0.01
3599,213.8969640219552,31,1,0,0,1.471455591975816,0.01
3600,193.67095956981348,27,1,0,0,1.3663466135477178,0.01
3601,138.80334946604057,15,1,0,0,1.2881108184683745,0.01
3602,153.36700951549676,26,1,0,0,1.3938149156586903,0.01
3603,155.42848615275017,18,1,0,0,1.1629571751262193,0.01
3604,214.6711689842527,34,1,0,0,1.46255565094116,0.01
3605,154.87065815915713,17,1,0,0,1.3546393264197447,0.01
3606,171.73889528917186,19,1,0,0,1.3058435152473393,0.01
3607,153.8632145750981,16,1,0,0,1.3179067643999904,0.01
3608,110.25431701024979,6,1,0,0,1.2438828260213577,0.01
3609,185.80331797499736,24,1,0,0,1.3316017178039696,0.01
3610,128.54484509245145,10,1,0,0,1.2906473742959876,0.01
3611,100.0,1,1,0,0,0.9161583429562286,0.01
3612,125.27810474007603,20,1,0,0,1.2309974159554329,0.01
3613,141.60517696527077,14,1,0,0,1.2878181679400147,0.01
3614,125.64914262993197,10,1,0,0,1.136315002068592,0.01
3615,135.92037721418706,11,1,0,0,1.405101751362076,0.01
3616,120.06982167185859,38,1,0,0,1.45600048532733,0.01
3617,282.2795081947896,58,1,0,0,1.4436025391678855,0.01
3618,148.27184151888764,27,1,0,0,1.325811801805017,0.01
3619,140.1072170339787,11,1,0,0,1.2263459541152153,0.01
3620,209.73681708298338,28,1,0,0,1.450892255384119,0.01
3621,233.1630275921238,45,1,0,0,1.3292609770020112,0.01
3622,181.03624088587208,29,1,0,0,1.1654483896770544,0.01
3623,263.66704364306827,45,1,0,0,1.486257975941589,0.01
3624,190.78074221209607,27,1,0,0,1.298962626992389,0.01
3625,183.02243057998317,20,1,0,0,1.4690347488912165,0.01
3626,185.80808812480774,27,1,0,0,1.3714056410327093,0.01
3627,143.32139605242827,12,1,0,0,1.130150352059421,0.01
3628,146.84240847561793,22,1,0,0,1.4967811882103528,0.01
3629,156.10815680490737,18,1,0,0,1.4290929710944662,0.01
3630,153.45438034460994,14,1,0,0,1.461099167687335,0.01
3631,203.27458868237972,29,1,0,0,1.3044299325941746,0.01
3632,210.8670983734986,30,1,0,0,1.2263121892653819,0.01
3633,151.12674124051227,15,1,0,0,1.3360033301595804,0.01
3634,173.7574934265577,21,1,0,0,1.380402862555688,0.01
3635,183.9214126747085,26,1,0,0,1.4625284959699942,0.01
3636,165.75603688084274,23,1,0,0,1.3501230336818228,0.01
3637,169.19544873054954,15,1,0,0,1.3510303738310607,0.01
3638,167.76939707644956,17,1,0,0,1.2229035560259887,0.01
3639,157.5126233054013,26,1,0,0,1.3666761694799978,0.01
3640,160.6185550148144,18,1,0,0,1.319353518303798,0.01
3641,179.41176235412155,23,1,0,0,1.3709039468493203,0.01
3642,148.10368072555883,14,1,0,0,1.4386767299719754,0.01
3643,164.33065039207153,21,1,0,0,1.4115946376953945,0.01
3644,185.6373883387987,30,1,0,0,1.1865472785595537,0.01
3645,219.99337118439172,36,1,0,0,1.4899746148219801,0.01
3646,153.6591782055276,13,1,0,0,1.3368094538462993,0.01
3647,100.0,1,1,0,0,1.3145332382160397,0.01
3648,191.2175451519767,22,1,0,0,1.2304709049949998,0.01
3649,177.0211124968979,28,1,0,0,1.313952538999041,0.01
3650,164.27723398968794,22,1,0,0,1.3619084309226372,0.01
3651,181.11969259211128,28,1,0,0,1.0266357513920568,0.01
3652,141.94917570425696,15,1,0,0,1.3194196849735642,0.01
3653,121.08349761296647,14,1,0,0,1.371132304005113,0.01
3654,104.78384669371859,120,1,0,0,1.27376795816487,0.01
3655,161.26242649957842,22,1,0,0,1.188649369767269,0.01
3656,185.08856176471127,21,1,0,0,1.3144657044206876,0.01
3657,181.42861825380118,24,1,0,0,1.4391778643509459,0.01
3658,178.40397759923178,24,1,0,0,1.461667453140732,0.01
3659,172.96880327265694,21,1,0,0,1.4108085558311447,0.01
3660,172.46007723801648,22,1,0,0,1.4323321496480654,0.01
3661,181.25280036754697,27,1,0,0,1.4466161752545594,0.01
3662,151.0989340663078,17,1,0,0,1.4310081925162916,0.01
3663,116.38515734752,18,1,0,0,1.4000866017759241,0.01
3664,199.12030225655985,29,1,0,0,1.4050446459260977,0.01
3665,143.24199138934168,15,1,0,0,1.4366607361112964,0.01
3666,141.5130689670198,14,1,0,0,1.1169376222862553,0.01
3667,159.8242081086182,17,1,0,0,1.3603273057711622,0.01
3668,209.71689602903774,30,1,0,0,1.3032058210087125,0.01
3669,151.05303063734982,21,1,0,0,1.297448450828347,0.01
3670,190.80152660785822,24,1,0,0,1.2176230223453175,0.01
3671,174.9774335019921,22,1,0,0,1.2475837490939976,0.01
3672,153.86859297902072,15,1,0,0,1.3961800066824148,0.01
3673,239.58874387478127,49,1,0,0,1.2181432371025023,0.01
3674,162.44480382083785,19,1,0,0,1.4623073749456992,0.01
3675,138.54856647892575,11,1,0,0,1.2846019038810035,0.01
3676,112.16943371143374,15,1,0,0,1.4782383512181634,0.01
3677,154.15438504318772,16,1,0,0,1.2398189826576465,0.01
3678,214.81633687341628,25,1,0,0,1.287151326024603,0.01
3679,223.77754769913568,41,1,0,0,1.3656021167650747,0.01
3680,284.5163057267289,58,1,0,0,1.4994981258635958,0.01
3681,135.35941120706036,12,1,0,0,1.363866442299867,0.01
3682,172.00408668729443,27,1,0,0,1.2115735605351885,0.01
3683,181.81205277711945,29,1,0,0,1.4918274401532876,0.01
3684,198.91217618674534,25,1,0,0,1.2615129532482252,0.01
3685,193.283530884286,24,1,0,0,1.476443168031861,0.01
3686,184.26239400944775,26,1,0,0,1.4837346602856876,0.01
3687,108.31519859340042,5,1,0,0,1.3634898254815564,0.01
3688,177.68582161178045,26,1,0,0,1.1881312620927325,0.01
3689,197.4157161152081,26,1,0,0,1.4599308864083085,0.01
3690,223.14316942389405,38,1,0,0,1.459452898742095,0.01
3691,174.97692890658954,21,1,0,0,1.2554083742513114,0.01
3692,172.040292900961,25,1,0,0,1.456719321602376,0.01
3693,179.87480732702494,23,1,0,0,1.2046109410439243,0.01
3694,140.78941147000407,16,1,0,0,1.4583982725346027,0.01
3695,168.21291208298277,15,1,0,0,1.3591198386392713,0.01
3696,181.48215440880892,24,1,0,0,1.458795688943021,0.01
3697,157.93646655573593,15,1,0,0,1.4884257347276493,0.01
3698,-50.0,1,0,1,0,4.91633555790632,0.01
3699,172.99944623387586,18,1,0,0,1.283835150269122,0.01
3700,120.61841754238961,34,1,0,0,1.234821679332691,0.01
3701,135.64403769772136,10,1,0,0,1.131990515234077,0.01
3702,165.51349039964873,18,1,0,0,1.2929454980658126,0.01
3703,201.2603190768637,21,1,0,0,1.283583972017024,0.01
3704,161.10133492438302,25,1,0,0,1.2185426954070573,0.01
3705,143.20245242268112,17,1,0,0,1.4083213897701754,0.01
3706,166.67160696370513,26,1,0,0,1.4869217975407276,0.01
3707,163.37619577574367,23,1,0,0,1.4559297946847565,0.01
3708,247.06907356886816,50,1,0,0,1.3129714873421876,0.01
3709,154.84800701353993,13,1,0,0,1.4756947035748962,0.01
3710,141.49560416367854,25,1,0,0,1.466704116817732,0.01
3711,177.82133346763885,23,1,0,0,1.3873649941268305,0.01
3712,173.83526395283354,20,1,0,0,1.2019590552435804,0.01
3713,139.5074690719407,16,1,0,0,1.3220711028691354,0.01
3714,162.58818717519648,23,1,0,0,1.181671503230705,0.01
3715,273.4414977467426,54,1,0,0,1.4080438129309154,0.01
3716,195.38040025505637,26,1,0,0,1.4406530049936062,0.01
3717,227.63970027816583,44,1,0,0,1.2560074037304467,0.01
3718,184.1773779313212,19,1,0,0,1.2608655436027818,0.01
3719,188.4599731590837,24,1,0,0,1.4741154172176276,0.01
3720,177.40700539715544,25,1,0,0,1.4193746828306861,0.01
3721,217.0901601864422,32,1,0,0,1.334263299058782,0.01
3722,170.24198252778183,18,1,0,0,1.2125259640332664,0.01
3723,175.88053581832895,23,1,0,0,1.3552767147962523,0.01
3724,169.71195727495729,23,1,0,0,1.4307339575907307,0.01
3725,137.50516029456494,19,1,0,0,1.315973023545909,0.01
3726,168.562418647947,18,1,0,0,1.3395206198487506,0.01
3727,198.86609095073348,32,1,0,0,1.4033086545511217,0.01
3728,152.26328000556296,13,1,0,0,1.44015068626636,0.01
3729,185.13309873741525,24,1,0,0,1.359228790486354,0.01
3730,201.6684805561482,32,1,0,0,1.4066399436369486,0.01
3731,184.23292181091892,27,1,0,0,1.2905058924262063,0.01
3732,200.47816523303229,36,1,0,0,1.2627776686798535,0.01
3733,174.7067711943601,22,1,0,0,1.3183572384102469,0.01
3734,155.25872969579643,19,1,0,0,1.3433863876809728,0.01
3735,190.92642743670933,22,1,0,0,1.1913763878191088,0.01
3736,183.2335284627586,32,1,0,0,1.2689198022830617,0.01
3737,245.14393042325696,45,1,0,0,1.4396740348253307,0.01
3738,140.10102459368193,11,1,0,0,1.4913979482748616,0.01
3739,161.31942615621676,21,1,0,0,1.4912338158787446,0.01
3740,196.90382536660644,26,1,0,0,1.3777537241657591,0.01
3741,189.1853857367834,25,1,0,0,1.4132860833373722,0.01
3742,160.71040664165525,15,1,0,0,1.2150872615997086,0.01
3743,207.6273541207466,30,1,0,0,1.1242343026930315,0.01
3744,164.16742009004037,18,1,0,0,1.351924388059676,0.01
3745,228.64054858023457,40,1,0,0,1.4846853230992487,0.01
3746,187.70959497869782,26,1,0,0,1.340934530089498,0.01
3747,173.35010942007392,23,1,0,0,1.132082811051284,0.01
3748,258.74064331980594,56,1,0,0,1.3091016362204233,0.01
3749,143.26847986716535,13,1,0,0,1.0891710630677727,0.01
3750,147.53638537824617,14,1,0,0,1.2796758010433804,0.01
3751,146.9539681721168,11,1,0,0,1.2632666756891133,0.01
3752,167.40782470981995,25,1,0,0,1.4874984081338483,0.01
3753,145.56574524511802,22,1,0,0,1.311132478671185,0.01
3754,221.38504195060068,41,1,0,0,1.2632332628829241,0.01
3755,147.83040006149741,22,1,0,0,1.1887394265986502,0.01
3756,164.54489318933338,17,1,0,0,1.440116752594688,0.01
3757,168.48249633492009,24,1,0,0,1.402287752981014,0.01
3758,171.84339587549772,16,1,0,0,1.3149559026666156,0.01
3759,159.07862362934833,14,1,0,0,1.466473163316719,0.01
3760,174.6607620899352,20,1,0,0,1.3783679213710698,0.01
3761,145.2228577330543,19,1,0,0,1.4544650811859463,0.01
3762,181.4895251052949,22,1,0,0,1.2319166767551155,0.01
3763,152.71633361716377,14,1,0,0,1.4794781592511927,0.01
3764,188.25173043681548,27,1,0,0,1.3076523093063737,0.01
3765,159.52754125338328,20,1,0,0,1.289901955981243,0.01
3766,215.11679935596624,28,1,0,0,1.3861805875362894,0.01
3767,161.04283595819894,14,1,0,0,1.2247013362702133,0.01
3768,157.08589394968016,15,1,0,0,1.2651147975567532,0.01
3769,152.65296891707519,14,1,0,0,1.4738144111886229,0.01
3770,151.17726400324386,18,1,0,0,1.4177838513774041,0.01
3771,157.91020608165314,20,1,0,0,1.349116090274084,0.01
3772,169.94261660078965,18,1,0,0,1.2404397494031185,0.01
3773,146.24669768638668,15,1,0,0,1.279743268116063,0.01
3774,160.39525211088895,22,1,0,0,1.3029716581355006,0.01
3775,213.04330470937066,36,1,0,0,1.4575462108241886,0.01
3776,278.1471431068727,58,1,0,0,1.476079461119951,0.01
3777,-50.0,1,0,1,0,4.292528032158624,0.01
3778,185.13460443244065,22,1,0,0,1.318855081449258,0.01
3779,173.56439913524062,23,1,0,0,1.3677201548644535,0.01
3780,197.12275594530718,25,1,0,0,1.1960278280693828,0.01
3781,186.01663477158252,30,1,0,0,1.2923728509720567,0.01
3782,127.19866223998079,11,1,0,0,1.2932263306827043,0.01
3783,279.3021166639851,56,1,0,0,1.3438600406001096,0.01
3784,145.4237771326527,15,1,0,0,1.2889504883763225,0.01
3785,171.04787943634932,27,1,0,0,1.4914546394049824,0.01
3786,158.78103949615985,20,1,0,0,1.2472618336357022,0.01
3787,153.84012250720465,20,1,0,0,1.439126973420115,0.01
3788,150.56898379228986,19,1,0,0,1.2149799331409321,0.01
3789,225.45199668696148,41,1,0,0,1.445162759620187,0.01
3790,153.79952806068212,19,1,0,0,1.1030454792596958,0.01
3791,179.84598900621341,20,1,0,0,1.4556332455831096,0.01
3792,191.86303147032262,27,1,0,0,1.2849111983373849,0.01
3793,-24.335821280466302,7,0,1,0,9.484615240005034,0.01
3794,125.89233461665859,9,1,0,0,1.4881525977077594,0.01
3795,197.06589558465282,32,1,0,0,1.290261542401532,0.01
3796,145.94047367467607,35,1,0,0,1.4752443358834166,0.01
3797,146.0404844257325,13,1,0,0,1.1500844276935587,0.01
3798,145.45026984596873,15,1,0,0,1.116295334240613,0.01
3799,149.97078337425404,20,1,0,0,1.0627546682977271,0.01
3800,184.68189444129194,20,1,0,0,1.1159051379935636,0.01
3801,122.85538730892841,12,1,0,0,1.4909462931053379,0.01
3802,162.52392434054786,16,1,0,0,1.112915274928287,0.01
3803,113.54280734928443,5,1,0,0,1.398886796547402,0.01
3804,216.34466991254362,30,1,0,0,1.418577786368395,0.01
3805,195.4838863767544,26,1,0,0,1.3450044355383524,0.01
3806,186.1122171675297,26,1,0,0,1.2651376249481288,0.01
3807,201.3447086579389,32,1,0,0,1.3539493798875473,0.01
3808,143.94968558606644,15,1,0,0,1.236645270301471,0.01
3809,164.84758208599422,25,1,0,0,1.1799108621842747,0.01
3810,189.2046922321562,24,1,0,0,1.3830747864073614,0.01
3811,230.51928740928736,43,1,0,0,1.3272035450803887,0.01
3812,136.00264850809324,14,1,0,0,1.2139165494713178,0.01
3813,166.47455074788647,19,1,0,0,1.3111821233261447,0.01
3814,141.31305823624734,16,1,0,0,1.3404073671434857,0.01
3815,222.17820774013452,31,1,0,0,1.2547055122955124,0.01
3816,179.4452612108817,22,1,0,0,1.1985513764419582,0.01
3817,183.38759879790535,25,1,0,0,1.2849236848841812,0.01
3818,190.48196575110225,32,1,0,0,1.3305539729213585,0.01
3819,270.1250632391718,55,1,0,0,1.3803456836428663,0.01
3820,184.69141264457278,22,1,0,0,1.4799445114304814,0.01
3821,178.50982418641894,27,1,0,0,1.2158114040223562,0.01
3822,223.9217657917734,33,1,0,0,1.4881070848094065,0.01
3823,179.12886778397717,23,1,0,0,1.3957162043544666,0.01
3824,163.44822226312948,17,1,0,0,1.3594700367658183,0.01
3825,150.9882248374239,19,1,0,0,1.3330961287995895,0.01
3826,157.77575340392602,19,1,0,0,1.4136177113615518,0.01
3827,167.92253384554303,25,1,0,0,1.1830184963477683,0.01
3828,157.10154727045145,20,1,0,0,1.3468718906840924,0.01
3829,138.67677183359658,17,1,0,0,1.4225694259812822,0.01
3830,160.59373266931266,16,1,0,0,1.345986320032189,0.01
3831,146.12612560651013,17,1,0,0,1.437700873014789,0.01
3832,227.56515320602554,45,1,0,0,1.295729234432928,0.01
3833,-50.0,1,0,1,0,3.8786799433759778,0.01
3834,189.1920618492153,25,1,0,0,1.355072631519164,0.01
3835,174.39741202471436,24,1,0,0,1.4632190648689802,0.01
3836,201.1609392590456,27,1,0,0,1.4006678694356154,0.01
3837,171.16434084881686,20,1,0,0,1.0547107713671198,0.01
3838,121.64053793039322,8,1,0,0,1.3818315086987925,0.01
3839,123.06182499184828,7,1,0,0,1.3559471767452018,0.01
3840,205.85141029007113,30,1,0,0,1.1551227174451637,0.01
3841,158.17852832558953,14,1,0,0,1.3221463078307947,0.01
3842,187.393461760461,24,1,0,0,1.4621510622204343,0.01
3843,184.7612334056471,24,1,0,0,1.4206567924447218,0.01
3844,231.29324412488222,46,1,0,0,1.3208012995047467,0.01
3845,173.14726621907107,21,1,0,0,1.3163113119324874,0.01
3846,163.56171048930065,22,1,0,0,1.4217167453126365,0.01
3847,131.71241798308557,11,1,0,0,1.2476703822371504,0.01
3848,179.94789383780093,21,1,0,0,1.3984770220555338,0.01
3849,179.0702970380957,26,1,0,0,1.2427972890353067,0.01
3850,186.87581170494894,27,1,0,0,1.4024377816428635,0.01
3851,148.61020476995373,18,1,0,0,1.4488980551429276,0.01
3852,132.47737324599956,39,1,0,0,1.4531140571685377,0.01
3853,108.81774884572422,4,1,0,0,1.3463847401387594,0.01
3854,155.3328232128168,23,1,0,0,1.4788296274397406,0.01
3855,185.63951476060168,23,1,0,0,1.4507071151679864,0.01
3856,150.5173427822877,13,1,0,0,1.2507736023372862,0.01
3857,181.27368769678114,24,1,0,0,1.295012453826931,0.01
3858,154.32760980349212,26,1,0,0,1.206050839846845,0.01
3859,252.25898154363574,48,1,0,0,1.2700478867625526,0.01
3860,189.74687722657222,27,1,0,0,1.228558805924631,0.01
3861,100.30518726425805,23,1,0,0,1.4886794605015952,0.01
3862,128.27596311573834,15,1,0,0,1.3067008048259536,0.01
3863,163.09575347050867,17,1,0,0,1.495403209096001,0.01
3864,230.9646132883151,42,1,0,0,1.304170418932883,0.01
3865,164.5517964422813,24,1,0,0,1.2112938638873592,0.01
3866,123.24001647972094,7,1,0,0,1.4170058197868958,0.01
3867,154.89209954708343,18,1,0,0,1.2773914886031417,0.01
3868,178.45936592144872,21,1,0,0,1.0704486583593378,0.01
3869,143.3793553203283,15,1,0,0,1.3061454633899283,0.01
3870,270.5760631613702,52,1,0,0,1.4699644448905806,0.01
3871,143.96033609892146,15,1,0,0,1.2646421235349528,0.01
3872,164.93689623086428,18,1,0,0,1.3647246212882407,0.01
3873,175.96091088431027,24,1,0,0,1.163028183099576,0.01
3874,164.16867748905594,22,1,0,0,1.4358219184833627,0.01
3875,138.74618169955528,12,1,0,0,1.2079907158743821,0.01
3876,145.40899498695325,21,1,0,0,1.2810664502426032,0.01
3877,150.4831817247466,11,1,0,0,1.3276761954578071,0.01
3878,190.90597777947062,36,1,0,0,1.1503925063518294,0.01
3879,230.46690734733377,32,1,0,0,1.126755183124291,0.01
3880,177.08785049836746,20,1,0,0,1.434190664340925,0.01
3881,173.28608780247785,24,1,0,0,1.4124086906180684,0.01
3882,185.53126141241245,28,1,0,0,1.316050302002179,0.01
3883,256.91034909984916,47,1,0,0,1.3163470877288919,0.01
3884,235.90996126029597,46,1,0,0,1.250034071076806,0.01
3885,119.48220373172393,5,1,0,0,1.2727026161703154,0.01
3886,198.59875421181346,24,1,0,0,1.4578037106366306,0.01
3887,184.30930395336694,24,1,0,0,1.4950010562291312,0.01
3888,166.43948601344613,21,1,0,0,1.4481618687318214,0.01
3889,173.4054246428875,24,1,0,0,1.3839090925344293,0.01
3890,173.32902116356544,17,1,0,0,1.4273055963781585,0.01
3891,138.41221317760474,18,1,0,0,1.2992308778610593,0.01
3892,233.28759198865436,41,1,0,0,1.2161730459744993,0.01
3893,119.34866831862108,8,1,0,0,1.3448710428297235,0.01
3894,138.80542550649324,14,1,0,0,1.4534398935936303,0.01
3895,248.25848662266748,52,1,0,0,1.3472425143516795,0.01
3896,152.2720424252028,18,1,0,0,1.216481806355853,0.01
3897,194.56906426516701,22,1,0,0,1.1654884048023162,0.01
3898,179.93473945047504,19,1,0,0,1.1695490489482714,0.01
3899,204.92024777676437,37,1,0,0,1.2470529372780363,0.01
3900,135.9450004498947,13,1,0,0,1.4895827379082889,0.01
3901,210.0306399173934,34,1,0,0,1.2579842958647143,0.01
3902,172.305274261151,22,1,0,0,1.164937920855368,0.01
3903,164.5050485860626,21,1,0,0,1.2444056815548006,0.01
3904,172.6624276924747,21,1,0,0,1.2953983520651706,0.01
3905,159.70731765255456,22,1,0,0,1.276838640416668,0.01
3906,214.45913173891404,33,1,0,0,1.2476620633092308,0.01
3907,146.46166883840857,15,1,0,0,1.1651231725546094,0.01
3908,163.75569529230197,17,1,0,0,1.4164253057755538,0.01
3909,156.50074030431017,22,1,0,0,1.4259354724535382,0.01
3910,137.16732411165924,10,1,0,0,1.4717595820578218,0.01
3911,173.16093080877118,20,1,0,0,1.4470205669190108,0.01
3912,151.82772136493665,20,1,0,0,1.1222392994476276,0.01
3913,152.99267919096408,17,1,0,0,1.4278778856043806,0.01
3914,124.59704604096048,16,1,0,0,1.3051802817627731,0.01
3915,203.0409248575255,24,1,0,0,1.3583971774169508,0.01
3916,195.00871782731974,29,1,0,0,1.2664145818839572,0.01
3917,225.82400911218224,37,1,0,0,1.3806801755891644,0.01
3918,177.33530703335987,23,1,0,0,1.3056378794313555,0.01
3919,168.7182742689066,21,1,0,0,1.2721542156491328,0.01
3920,158.93817942584306,18,1,0,0,1.1591584016386738,0.01
3921,145.21594142306571,14,1,0,0,1.296835127417579,0.01
3922,213.59166501174985,34,1,0,0,1.470122492619251,0.01
3923,188.59413092924456,22,1,0,0,1.3578611527542168,0.01
3924,175.2963156717925,20,1,0,0,1.420767721247043,0.01
3925,140.88737363290647,19,1,0,0,1.1597369724377846,0.01
3926,163.93000169691757,17,1,0,0,1.492136311952404,0.01
3927,148.57318393705037,17,1,0,0,1.4625830783407885,0.01
3928,139.92333925388232,40,1,0,0,1.338941151119539,0.01
3929,168.05598095683519,23,1,0,0,1.1194872231769903,0.01
3930,127.63799610511104,16,1,0,0,1.3082716699898993,0.01
3931,193.9209454261739,29,1,0,0,1.4507793801164004,0.01
3932,213.42337401084603,37,1,0,0,1.290305617566681,0.01
3933,136.0036719361998,14,1,0,0,1.4313431880115608,0.01
3934,134.27254859685868,14,1,0,0,1.2912101817669737,0.01
3935,183.3375451624246,29,1,0,0,1.45481001140723,0.01
3936,199.9005407336382,26,1,0,0,1.3967545319644146,0.01
3937,228.71200555595993,40,1,0,0,1.4377469149545428,0.01
3938,172.03178817253126,19,1,0,0,1.476311395901436,0.01
3939,193.50713868033665,20,1,0,0,1.3942586705664568,0.01
3940,208.91579985368958,37,1,0,0,1.2458139271249182,0.01
3941,147.99805379232754,18,1,0,0,1.3595435667499134,0.01
3942,154.5765746002929,20,1,0,0,1.3844784526840583,0.01
3943,159.79931389588654,16,1,0,0,1.327460938774906,0.01
3944,183.86431196124187,23,1,0,0,1.3984413705952232,0.01
3945,193.51238919821685,27,1,0,0,1.2544016421548496,0.01
3946,160.87792149352575,22,1,0,0,1.220718118445514,0.01
3947,149.87823565732975,13,1,0,0,1.1920548938831506,0.01
3948,248.62763874792356,40,1,0,0,1.275689220207319,0.01
3949,154.19848129363632,15,1,0,0,1.2256760133788454,0.01
3950,-50.0,1,0,1,0,7.240458086308582,0.01
3951,196.77251345177734,24,1,0,0,1.3493302751446823,0.01
3952,160.1959862897129,16,1,0,0,1.1995237222974775,0.01
3953,162.5383101609788,22,1,0,0,1.1328556290997156,0.01
3954,166.74374804762002,22,1,0,0,1.1768424573151528,0.01
3955,184.4584450085058,20,1,0,0,1.3698923564433758,0.01
3956,217.3952691029894,27,1,0,0,1.320966168086574,0.01
3957,142.88842951275427,20,1,0,0,1.4647792947461453,0.01
3958,132.3262238788007,16,1,0,0,1.4035985052377091,0.01
3959,142.3812916187307,12,1,0,0,1.3160663470316236,0.01
3960,183.5649002591348,24,1,0,0,1.413253230383212,0.01
3961,193.97063522719384,25,1,0,0,1.2719518562627143,0.01
3962,176.1729736978479,20,1,0,0,1.1176292406511261,0.01
3963,141.18401820780286,13,1,0,0,1.3291133056099804,0.01
3964,156.58354370634197,20,1,0,0,1.3435722869520015,0.01
3965,116.65399829134155,7,1,0,0,1.2743624560437425,0.01
3966,176.2541582680551,19,1,0,0,1.4073445263708961,0.01
3967,234.75331502234795,43,1,0,0,1.4034371746491774,0.01
3968,-32.68230457084633,8,0,1,0,4.916972608887868,0.01
3969,131.42978415449443,9,1,0,0,1.1195883206073096,0.01
3970,158.48649472446664,20,1,0,0,1.3386081302690218,0.01
3971,160.85680382131113,19,1,0,0,1.34664127959255,0.01
3972,141.59585459967263,11,1,0,0,1.3143778211935473,0.01
3973,195.652927553988,30,1,0,0,1.3964465503503694,0.01
3974,182.9665828387133,20,1,0,0,1.1929792808976392,0.01
3975,181.20238206912148,27,1,0,0,1.3168816952724687,0.01
3976,182.40932224017928,25,1,0,0,1.3744767842707097,0.01
3977,142.0785825882422,70,1,0,0,1.4485700034323519,0.01
3978,174.15097643233528,19,1,0,0,1.1532830796548534,0.01
3979,167.83901023602692,19,1,0,0,1.3948650091109036,0.01
3980,183.58874579081893,25,1,0,0,1.316932067680912,0.01
3981,172.78353972339417,23,1,0,0,1.209580210577084,0.01
3982,177.623309346399,19,1,0,0,1.4617799208974456,0.01
3983,173.73439079230468,21,1,0,0,1.3349405556908314,0.01
3984,239.83218893290302,43,1,0,0,1.4551780840160908,0.01
3985,235.2111837480667,34,1,0,0,1.4451796053988644,0.01
3986,193.96745852355951,24,1,0,0,1.3652741259770802,0.01
3987,193.83642778243058,22,1,0,0,1.2400429243942244,0.01
3988,265.1511172949814,47,1,0,0,1.3928958373292497,0.01
3989,159.25444378698666,21,1,0,0,1.303591380472081,0.01
3990,175.5940798247683,22,1,0,0,1.2792496841766516,0.01
3991,137.84630068600396,15,1,0,0,1.4585198230460579,0.01
3992,165.7438948756897,18,1,0,0,1.2127139110139955,0.01
3993,145.50636203991354,12,1,0,0,1.1439072530462502,0.01
3994,168.59418575426406,18,1,0,0,1.4862994956800533,0.01
3995,141.2524913464715,15,1,0,0,1.255355915919689,0.01
3996,188.33015526971838,30,1,0,0,1.2575347139121222,0.01
3997,147.21629689475117,18,1,0,0,1.42876993423941,0.01
3998,156.69875777099884,15,1,0,0,1.3693995373573127,0.01
3999,138.62929585109464,13,1,0,0,1.3809475083807536,0.01
4000,169.2317642934393,24,1,0,0,1.4885022749708086,0.01
4001,180.61778148622705,22,1,0,0,1.4526877810379895,0.01
4002,188.41109752773457,27,1,0,0,1.3860250170247412,0.01
4003,194.4389956357449,26,1,0,0,1.4458977765660577,0.01
4004,148.04302064128677,16,1,0,0,1.279060829483724,0.01
4005,248.3699665726059,51,1,0,0,1.354484682381396,0.01
4006,156.9424148440959,18,1,0,0,1.4195710428676545,0.01
4007,171.49966777701763,24,1,0,0,1.3590701670238572,0.01
4008,180.8085393112956,23,1,0,0,1.278744759575421,0.01
4009,167.62766472454416,18,1,0,0,1.251295655570536,0.01
4010,140.8325026547893,16,1,0,0,1.432226438934842,0.01
4011,169.85566579856396,21,1,0,0,1.3407092484182017,0.01
4012,167.41868142667442,23,1,0,0,1.3504736092533105,0.01
4013,142.65497572330747,12,1,0,0,1.4331384791037192,0.01
4014,170.60127756216002,22,1,0,0,1.4461671467300914,0.01
4015,158.20222682069817,20,1,0,0,1.285355716093416,0.01
4016,171.114680204335,18,1,0,0,1.4797835928607346,0.01
4017,165.4304472003089,22,1,0,0,1.4868688422484893,0.01
4018,157.82404587064548,15,1,0,0,1.116524521595874,0.01
4019,197.42990113088393,23,1,0,0,1.2580746804501504,0.01
4020,155.4297678040857,20,1,0,0,1.2746530546442352,0.01
4021,196.17469768966416,26,1,0,0,1.3174262851373186,0.01
4022,128.4347775908871,11,1,0,0,1.2861457797119653,0.01
4023,-24.82987307820031,8,0,1,0,4.5694353803364685,0.01
4024,169.3370950223063,19,1,0,0,1.4746302775107987,0.01
4025,192.47784328491966,24,1,0,0,1.4744286822353172,0.01
4026,165.73450924141775,16,1,0,0,1.3042647878678542,0.01
4027,183.49745502984376,21,1,0,0,1.3373732103874965,0.01
4028,173.64055435740448,19,1,0,0,1.278301848693654,0.01
4029,242.36127707272612,50,1,0,0,1.2953455393034512,0.01
4030,239.27359122916923,49,1,0,0,1.336550507788596,0.01
4031,111.03011524842691,200,0,0,1,1.9497876222122845,0.01
4032,191.8207939720557,25,1,0,0,1.3567048694220551,0.01
4033,181.51572284824687,21,1,0,0,1.3003886582041226,0.01
4034,180.68370301133825,22,1,0,0,1.3223108777638166,0.01
4035,207.38943003128736,35,1,0,0,1.3758037574740491,0.01
4036,128.44448424705098,11,1,0,0,1.1698785047925577,0.01
4037,143.40112047094112,15,1,0,0,1.4762888000245413,0.01
4038,131.132073422345,12,1,0,0,1.3089382427467162,0.01
4039,140.10047106386244,13,1,0,0,1.179014509072052,0.01
4040,127.716981491045,17,1,0,0,1.3884823530816441,0.01
4041,195.85704074750566,21,1,0,0,1.4559799334779007,0.01
4042,147.45331115156156,18,1,0,0,1.4975124886113893,0.01
4043,189.44274671303523,22,1,0,0,1.2491174440031447,0.01
4044,260.33658905503387,48,1,0,0,1.3585045278830095,0.01
4045,146.7923730726173,22,1,0,0,1.0699369288500828,0.01
4046,195.23865707425796,27,1,0,0,1.3990031242513217,0.01
4047,164.9563614022157,20,1,0,0,1.3212528824545153,0.01
4048,172.7626641745984,19,1,0,0,1.3979874767050444,0.01
4049,179.54498967229128,19,1,0,0,1.2388269395214495,0.01
4050,158.2715425233535,27,1,0,0,1.4877443215204453,0.01
4051,169.9884969891187,23,1,0,0,1.2902597361855623,0.01
4052,158.77670593590435,18,1,0,0,1.408214289904717,0.01
4053,166.74087630015651,26,1,0,0,1.2911906896532779,0.01
4054,180.3395277980173,25,1,0,0,1.308694040913418,0.01
4055,163.6042018448262,24,1,0,0,1.154127991093025,0.01
4056,151.71575720215404,17,1,0,0,1.3873581380604072,0.01
4057,204.5233828202665,34,1,0,0,1.3830080267941518,0.01
4058,159.8870761273981,18,1,0,0,1.399313640304628,0.01
4059,173.02778904804256,18,1,0,0,1.1972448398699844,0.01
4060,161.63892865291749,15,1,0,0,1.38475736247377,0.01
4061,148.61853175561646,20,1,0,0,1.3505299712730667,0.01
4062,256.7580000114757,50,1,0,0,1.2162796183016529,0.01
4063,162.63630550044604,21,1,0,0,1.3880281102663696,0.01
4064,156.01888683399085,22,1,0,0,1.4486348838313798,0.01
4065,133.5678645622369,14,1,0,0,1.4288357352145704,0.01
4066,155.47188767560618,16,1,0,0,1.2805260285121713,0.01
4067,160.66958212301685,23,1,0,0,1.3683727261345735,0.01
4068,180.26144841264875,26,1,0,0,1.2879246978000527,0.01
4069,173.85344852957704,19,1,0,0,1.1580852089726092,0.01
4070,124.10863115740668,12,1,0,0,1.497160495525387,0.01
4071,207.50761276680467,29,1,0,0,1.360196518848034,0.01
4072,196.95914105808714,24,1,0,0,1.3733692817833933,0.01
4073,185.1700164146963,21,1,0,0,1.0917845272963116,0.01
4074,169.52698789069294,17,1,0,0,1.3182502266659302,0.01
4075,191.10854595412405,26,1,0,0,1.3897478632613844,0.01
4076,186.8548752721937,20,1,0,0,1.0817682570255922,0.01
4077,169.2667990477117,26,1,0,0,1.3143144625251943,0.01
4078,187.1856213376348,21,1,0,0,1.366277747076066,0.01
4079,189.03933430905528,32,1,0,0,1.3050046202626717,0.01
4080,-33.72808279516506,12,0,1,0,4.237941340987455,0.01
4081,204.9395561818065,25,1,0,0,1.1926626055749951,0.01
4082,141.12240207999332,15,1,0,0,1.2634587310184469,0.01
4083,164.12457481134953,21,1,0,0,1.4135444696026789,0.01
4084,200.93847932267204,25,1,0,0,1.4013088658305908,0.01
4085,161.75333953363898,22,1,0,0,1.380954289014252,0.01
4086,226.82738609977488,42,1,0,0,1.4395396629087072,0.01
4087,182.7419293747559,19,1,0,0,1.2385701599762486,0.01
4088,217.9139285244378,42,1,0,0,1.4913239895926604,0.01
4089,246.66366403945435,40,1,0,0,1.3194438895452458,0.01
4090,134.56764154391072,12,1,0,0,1.4316739368235942,0.01
4091,180.30678063867816,22,1,0,0,1.4831815967646202,0.01
4092,142.07117942889792,23,1,0,0,1.3110131340703306,0.01
4093,164.32589695805356,16,1,0,0,1.4578460438822316,0.01
4094,188.44197765926634,30,1,0,0,1.450846250906358,0.01
4095,176.2912545345668,25,1,0,0,1.3967241450382288,0.01
4096,189.70747325494636,22,1,0,0,1.4180806077717005,0.01
4097,181.0754847840941,22,1,0,0,1.4771183854328638,0.01
4098,199.89377226373767,30,1,0,0,1.418852196276079,0.01
4099,155.64065109910263,19,1,0,0,1.3560115986404466,0.01
4100,114.12126833662084,6,1,0,0,1.4436695891085791,0.01
4101,195.39958177135077,27,1,0,0,1.0456062992426447,0.01
4102,142.88835650524567,11,1,0,0,1.1134308342808243,0.01
4103,172.43494218762402,19,1,0,0,1.0229220983194345,0.01
4104,175.68911978333207,22,1,0,0,1.49963347494469,0.01
4105,186.44751318656597,22,1,0,0,1.163334496135329,0.01
4106,195.76988786178734,33,1,0,0,1.3688179819740678,0.01
4107,279.8943467757298,60,1,0,0,1.229448336995538,0.01
4108,179.85781213756172,24,1,0,0,1.4993717946208496,0.01
4109,143.2072104498857,14,1,0,0,1.2059632534570135,0.01
4110,207.886790867816,35,1,0,0,1.2850510348566453,0.01
4111,226.52750833806977,36,1,0,0,1.330385626954784,0.01
4112,164.7896046408983,23,1,0,0,1.3260823299346,0.01
4113,182.1462513576218,21,1,0,0,1.4591498457376217,0.01
4114,166.45581814254822,25,1,0,0,1.3945632986728962,0.01
4115,154.89811908306234,17,1,0,0,1.3541847750488587,0.01
4116,166.6918147826279,23,1,0,0,1.4240304194714115,0.01
4117,178.1369559871498,21,1,0,0,1.3972487915955945,0.01
4118,155.4604759612999,19,1,0,0,1.4206821981283495,0.01
4119,164.06278589957196,21,1,0,0,1.2588326741862617,0.01
4120,135.13866799659786,14,1,0,0,1.469147470301947,0.01
4121,125.43986839562068,15,1,0,0,1.2423957430398942,0.01
4122,203.4067083149963,32,1,0,0,1.407183861064538,0.01
4123,187.19041903136957,27,1,0,0,1.2399200727452964,0.01
4124,152.84755547806458,21,1,0,0,1.484550090413651,0.01
4125,150.8549880055353,16,1,0,0,1.2037910183126197,0.01
4126,174.1933153573715,17,1,0,0,1.271004696530306,0.01
4127,212.4052064473795,27,1,0,0,1.1981341688539087,0.01
4128,189.35024796619842,24,1,0,0,1.3980939622342556,0.01
4129,170.40440845272255,19,1,0,0,1.329101615739421,0.01
4130,119.12594522778221,12,1,0,0,1.3669830447289832,0.01
4131,151.61249956574534,17,1,0,0,1.2894030006362724,0.01
4132,167.8577705043213,20,1,0,0,1.3264530894885869,0.01
4133,142.33061881728455,16,1,0,0,1.1273081482965241,0.01
4134,124.77914486606505,13,1,0,0,1.3329837416708665,0.01
4135,194.79674340627122,26,1,0,0,1.2992900079292975,0.01
4136,120.47093380412541,7,1,0,0,1.325712607086097,0.01
4137,157.3110113708247,47,1,0,0,1.4673346518477628,0.01
4138,171.07003493527918,20,1,0,0,1.2695542507844215,0.01
4139,163.98832649500625,25,1,0,0,1.346420559710418,0.01
4140,164.11902333758206,30,1,0,0,1.4744694299615555,0.01
4141,227.86342715970824,43,1,0,0,1.1983954841226812,0.01
4142,160.12184221799177,23,1,0,0,1.4967206505576442,0.01
4143,-37.455118056876316,5,0,1,0,10.25657214291372,0.01
4144,160.93497512277378,19,1,0,0,1.4623856475216173,0.01
4145,184.79937462217106,21,1,0,0,1.2313054344119618,0.01
4146,145.66942828328524,19,1,0,0,1.1573190079375177,0.01
4147,167.43426226366262,21,1,0,0,1.342576037734856,0.01
4148,160.42945187217197,19,1,0,0,1.4177913922536503,0.01
4149,145.29650273272534,17,1,0,0,1.276101096502078,0.01
4150,168.2738946263255,24,1,0,0,1.2043411317733959,0.01
4151,214.6366855879926,33,1,0,0,1.2138022495727745,0.01
4152,163.2470869924904,18,1,0,0,1.2301809722774224,0.01
4153,186.34961755388719,25,1,0,0,1.4533439697467023,0.01
4154,213.87745129293864,29,1,0,0,1.4185841294595045,0.01
4155,151.2511895883991,19,1,0,0,1.2790727481028727,0.01
4156,180.83769522784922,24,1,0,0,1.483886022079969,0.01
4157,147.44665502419457,17,1,0,0,1.4157960938472332,0.01
4158,151.24264276921244,18,1,0,0,1.0859818379474842,0.01
4159,147.56396984499517,18,1,0,0,1.3101597573929369,0.01
4160,161.86206610237855,24,1,0,0,1.4495526208673328,0.01
4161,173.38543717768803,20,1,0,0,1.3909698605822511,0.01
4162,158.2596316269874,19,1,0,0,1.1997374555537073,0.01
4163,146.1007294195025,15,1,0,0,1.2419777270076564,0.01
4164,283.5815414562544,57,1,0,0,1.3491050735639143,0.01
4165,212.05427926830157,39,1,0,0,1.421394450920887,0.01
4166,131.60055240848465,10,1,0,0,1.147899382105593,0.01
4167,154.29676961312632,18,1,0,0,1.1007958642597877,0.01
4168,118.22013431265992,7,1,0,0,1.3379879389491904,0.01
4169,211.05876635918634,25,1,0,0,1.497156974181861,0.01
4170,126.36395144460468,8,1,0,0,1.1493383418670287,0.01
4171,117.17997655050198,5,1,0,0,1.2843031061855221,0.01
4172,160.1214307077368,23,1,0,0,1.2209418632249385,0.01
4173,226.46712945010273,38,1,0,0,1.4339919702501016,0.01
4174,189.85312796699895,31,1,0,0,1.2322867732757856,0.01
4175,164.97244200769782,19,1,0,0,1.3025937266569831,0.01
4176,199.24870162617833,26,1,0,0,1.2370255353576514,0.01
4177,179.277852043465,19,1,0,0,1.4002211586206785,0.01
4178,196.4069103614048,23,1,0,0,1.477690444830716,0.01
4179,155.8328829230275,15,1,0,0,1.1610831936127874,0.01
4180,137.26814640421162,17,1,0,0,1.4886436379188988,0.01
4181,144.3518598079331,17,1,0,0,1.114434296535334,0.01
4182,116.39486342573356,9,1,0,0,1.3006298786244144,0.01
4183,243.22588195007827,45,1,0,0,1.330531332506096,0.01
4184,157.30708524965283,21,1,0,0,1.232793714546802,0.01
4185,184.16154351606207,21,1,0,0,1.4790521107723011,0.01
4186,207.06741460856162,37,1,0,0,1.316755027954244,0.01
4187,147.49161202092031,15,1,0,0,1.390097025604294,0.01
4188,149.93902971029394,14,1,0,0,1.3576325998567105,0.01
4189,195.2842600893738,26,1,0,0,1.280996729992617,0.01
4190,190.83258083077658,22,1,0,0,1.14803753790959,0.01
4191,142.20185614381123,15,1,0,0,1.1848022391883721,0.01
4192,151.41237145277708,19,1,0,0,1.3914134291486386,0.01
4193,178.908683386764,26,1,0,0,1.2745648825044797,0.01
4194,161.91866101539688,18,1,0,0,1.3371343768182904,0.01
4195,168.2594993858666,22,1,0,0,1.3233324966797413,0.01
4196,222.77685034458267,35,1,0,0,1.455263484785824,0.01
4197,151.00457539764778,13,1,0,0,1.4946706030559165,0.01
4198,167.251827013046,21,1,0,0,1.4362135154142617,0.01
4199,167.70196245516433,21,1,0,0,1.0143150314125737,0.01
4200,159.4368238088691,21,1,0,0,1.4669121798355031,0.01
4201,131.14050268605993,10,1,0,0,1.257854193611194,0.01
4202,166.82954592183688,23,1,0,0,1.308016886481672,0.01
4203,136.14581557251216,19,1,0,0,1.3681654495348001,0.01
4204,137.99777576530823,20,1,0,0,1.4759359120859903,0.01
4205,158.1466491265522,20,1,0,0,1.4929167902721026,0.01
4206,164.373590995298,21,1,0,0,1.4055960276742157,0.01
4207,210.4339499952755,26,1,0,0,1.4812870705457144,0.01
4208,168.4127939979666,20,1,0,0,1.3729870163672717,0.01
4209,203.40032964801287,34,1,0,0,1.2562426543362164,0.01
4210,204.65081627985612,28,1,0,0,1.466147180220012,0.01
4211,165.72195862863197,21,1,0,0,1.2658622712395045,0.01
4212,118.60584902734531,7,1,0,0,1.2945491282830388,0.01
4213,177.07592205490872,22,1,0,0,1.2872831306337373,0.01
4214,166.5506689923675,24,1,0,0,1.3737669139647448,0.01
4215,186.66624109718495,26,1,0,0,1.3109650286137615,0.01
4216,127.59233341146086,14,1,0,0,1.4944839866834079,0.01
4217,167.1007316830926,22,1,0,0,1.3837755472426503,0.01
4218,143.83534580705722,14,1,0,0,1.1856005393609623,0.01
4219,191.22349562070184,25,1,0,0,1.4555997104523781,0.01
4220,141.98129960506253,14,1,0,0,1.445858856630724,0.01
4221,185.32685390459108,25,1,0,0,1.293894274600685,0.01
4222,145.98738458612223,18,1,0,0,1.3638300382982074,0.01
4223,174.33164453991986,18,1,0,0,1.3649462287700391,0.01
4224,162.6531864305485,22,1,0,0,1.290906713880954,0.01
4225,164.4800710494564,16,1,0,0,1.2887545612645244,0.01
4226,168.1799047926948,17,1,0,0,1.2399004786999046,0.01
4227,150.79071445013705,22,1,0,0,1.2967192249753194,0.01
4228,206.34262569592215,25,1,0,0,1.276364323073994,0.01
4229,136.1906359841877,10,1,0,0,1.4708741786668105,0.01
4230,159.563202992334,24,1,0,0,1.3276616221956659,0.01
4231,176.095460748331,23,1,0,0,1.3463626018701222,0.01
4232,181.91171425563994,26,1,0,0,1.4479118736092969,0.01
4233,221.49150895128292,29,1,0,0,1.4682940044837653,0.01
4234,154.34330567266184,17,1,0,0,1.1912057859201328,0.01
4235,161.62473343276957,17,1,0,0,1.4195060340873105,0.01
4236,238.52816273918748,43,1,0,0,1.4574948257181177,0.01
4237,155.52765329074765,21,1,0,0,1.467753397921506,0.01
4238,204.6598739569934,35,1,0,0,1.2507406596888506,0.01
4239,192.85912627743295,28,1,0,0,1.234070096970294,0.01
4240,154.87337928752137,19,1,0,0,1.2657097018548435,0.01
4241,163.48418568150396,24,1,0,0,1.4136282101943773,0.01
4242,120.97832542621394,8,1,0,0,1.378194347646324,0.01
4243,160.50950542069845,16,1,0,0,1.4179533063776095,0.01
4244,127.85760509846428,9,1,0,0,1.2678288348042597,0.01
4245,184.37974262114582,23,1,0,0,1.408555340918583,0.01
4246,214.11861692543027,29,1,0,0,1.48292272725514,0.01
4247,135.27171762861397,10,1,0,0,1.378565203568834,0.01
4248,211.92163994921296,37,1,0,0,1.4481894434142206,0.01
4249,200.02772213937837,29,1,0,0,1.2639770803166452,0.01
4250,188.87109502002508,30,1,0,0,1.429111763189931,0.01
4251,-23.62467207453043,200,0,0,1,4.950216772989509,0.01
4252,155.6710126004761,18,1,0,0,1.380741645962772,0.01
4253,196.60019195567145,24,1,0,0,1.0913632909046749,0.01
4254,140.70183307254317,36,1,0,0,1.490650421103362,0.01
4255,174.75324288566435,21,1,0,0,1.1648517653680348,0.01
4256,117.0879225668736,7,1,0,0,1.3620198268851706,0.01
4257,186.4950132491271,22,1,0,0,1.3163137878497975,0.01
4258,100.0,1,1,0,0,0.7060017472399562,0.01
4259,182.07983950838448,32,1,0,0,1.4731550230687547,0.01
4260,174.54577976309966,20,1,0,0,1.1345148373638698,0.01
4261,201.49856015816334,27,1,0,0,1.127939941201021,0.01
4262,152.22147105832508,19,1,0,0,1.3421791421147098,0.01
4263,174.10620186607295,19,1,0,0,1.2652436886417016,0.01
4264,218.96893012629863,42,1,0,0,1.4931702058336032,0.01
4265,234.5959918503079,42,1,0,0,1.4518874757273108,0.01
4266,177.09686964633602,20,1,0,0,1.4091102547976917,0.01
4267,267.7583590284538,57,1,0,0,1.2338967621618444,0.01
4268,120.8811306953373,11,1,0,0,1.2216020081901398,0.01
4269,170.92818202130553,18,1,0,0,1.2963053785365228,0.01
4270,150.7158926833883,17,1,0,0,1.44614009785695,0.01
4271,162.00445123674987,19,1,0,0,1.1880590644053277,0.01
4272,244.01981277032084,50,1,0,0,1.3239914744804826,0.01
4273,235.81600106176114,48,1,0,0,1.3584969133346694,0.01
4274,120.65125767877325,17,1,0,0,1.304721674676861,0.01
4275,175.76949963564556,20,1,0,0,1.3710236405510448,0.01
4276,-50.0,1,0,1,0,5.433530255575596,0.01
4277,214.12245615965946,39,1,0,0,1.4180343317082407,0.01
4278,128.4479996276846,7,1,0,0,1.4657032233367708,0.01
4279,154.87358243695098,20,1,0,0,1.3854503798596762,0.01
4280,253.47254828303375,45,1,0,0,1.431267169839947,0.01
4281,151.51218121818488,27,1,0,0,1.4290230428039787,0.01
4282,244.59810549458854,48,1,0,0,1.1838187958945634,0.01
4283,160.21135936525855,23,1,0,0,1.3954356358707303,0.01
4284,189.78755881225612,23,1,0,0,1.1815936538371912,0.01
4285,154.02405278300785,20,1,0,0,1.498866290509606,0.01
4286,142.88014035920702,20,1,0,0,1.459693089379139,0.01
4287,154.2706250274518,22,1,0,0,1.4972035128276422,0.01
4288,185.9712389512614,22,1,0,0,1.3186249239181733,0.01
4289,182.5782276843448,23,1,0,0,1.196998714164434,0.01
4290,189.51034678820773,29,1,0,0,1.307618710411189,0.01
4291,203.72903856808455,27,1,0,0,1.1839571077921949,0.01
4292,173.1097740214685,19,1,0,0,1.2919198743347262,0.01
4293,208.135395885774,36,1,0,0,1.3331510952890842,0.01
4294,163.42492798009906,19,1,0,0,1.368833692305988,0.01
4295,118.46974511533224,16,1,0,0,1.0761553532151744,0.01
4296,172.1507624556943,23,1,0,0,1.1565611593718503,0.01
4297,127.98084153675146,13,1,0,0,1.4033971334703077,0.01
4298,159.69282674369438,20,1,0,0,1.386822398507951,0.01
4299,238.30942700502598,45,1,0,0,1.2751435918683343,0.01
4300,146.17304061136463,15,1,0,0,1.335195924847644,0.01
4301,173.83266787729383,24,1,0,0,1.477102159635602,0.01
4302,193.76358837367133,25,1,0,0,1.426765711785698,0.01
4303,123.49492879445711,7,1,0,0,1.303060997576295,0.01
4304,189.88043902839968,21,1,0,0,1.3722616879732585,0.01
4305,179.88508093521912,23,1,0,0,1.3033609573166802,0.01
4306,143.92913913269837,14,1,0,0,1.4363271773804864,0.01
4307,172.52467174663605,19,1,0,0,1.474461013607037,0.01
4308,133.02589443897318,17,1,0,0,1.3921876773068456,0.01
4309,145.3618993594,17,1,0,0,1.2921426349609157,0.01
4310,145.82341595132146,19,1,0,0,1.493513396707178,0.01
4311,185.48424094284618,25,1,0,0,1.4588628513352724,0.01
4312,160.7127933905112,24,1,0,0,1.082170984174957,0.01
4313,159.15755068264778,18,1,0,0,1.1866912472224576,0.01
4314,171.37960537507217,25,1,0,0,1.4428307292328542,0.01
4315,157.4787693849672,17,1,0,0,1.443076920330073,0.01
4316,172.19754231903394,22,1,0,0,1.476714469161732,0.01
4317,157.9246052017826,22,1,0,0,1.4239838266331992,0.01
4318,180.1286172633914,24,1,0,0,1.2276517036518728,0.01
4319,171.97381868177334,26,1,0,0,1.0854149106093716,0.01
4320,185.56530633135992,20,1,0,0,1.4158910995559009,0.01
4321,169.60388429217707,19,1,0,0,1.2654479779418368,0.01
4322,157.93967809762776,20,1,0,0,1.3379266617203933,0.01
4323,153.25032681355185,15,1,0,0,1.4492619160688252,0.01
4324,154.65288196876935,14,1,0,0,1.180019898017082,0.01
4325,182.00514889112281,26,1,0,0,1.3316039656156688,0.01
4326,200.91946441393932,24,1,0,0,1.3881751717701745,0.01
4327,106.57429788046454,3,1,0,0,1.2486305186296989,0.01
4328,166.3830618301997,25,1,0,0,1.3605336375561925,0.01
4329,217.74556514036504,37,1,0,0,1.3248700128069253,0.01
4330,138.49609741373396,14,1,0,0,1.4512671527742813,0.01
4331,185.61813353184175,21,1,0,0,1.3232029268321934,0.01
4332,154.6127299280116,19,1,0,0,1.4084970778136532,0.01
4333,177.93852519243092,23,1,0,0,1.3064237125220721,0.01
4334,180.1246947023185,26,1,0,0,1.4809122447772636,0.01
4335,103.80278176403117,3,1,0,0,1.4304105651397536,0.01
4336,204.41871743178075,24,1,0,0,1.4553288965540705,0.01
4337,159.47862717129124,18,1,0,0,1.4828079519824566,0.01
4338,134.18077671012162,13,1,0,0,1.2889237245145548,0.01
4339,128.65266386001866,10,1,0,0,1.448085744956885,0.01
4340,145.8636799718863,12,1,0,0,1.1814309831438239,0.01
4341,212.4497467147785,35,1,0,0,1.484959142591118,0.01
4342,207.54385898801854,33,1,0,0,1.4008148429421188,0.01
4343,185.18716459611062,25,1,0,0,1.2790485044984228,0.01
4344,160.10828671871795,17,1,0,0,1.4609593384142707,0.01
4345,202.04133717709828,24,1,0,0,1.1636818405667808,0.01
4346,144.20814094602724,16,1,0,0,1.2709228945691875,0.01
4347,132.4646206318327,13,1,0,0,1.2918393044319112,0.01
4348,222.7560270060203,38,1,0,0,1.4569651047639218,0.01
4349,196.9934595960676,35,1,0,0,1.3128074613768068,0.01
4350,202.6544493349592,29,1,0,0,1.3454315115468427,0.01
4351,147.8342653069976,17,1,0,0,1.3890362211792098,0.01
4352,167.03071167593325,18,1,0,0,1.2546330804736665,0.01
4353,133.3580534644219,14,1,0,0,1.2162636572918395,0.01
4354,185.5952545154076,22,1,0,0,1.2205572985924802,0.01
4355,183.7887511265074,23,1,0,0,1.3711609455196392,0.01
4356,170.09031083848672,18,1,0,0,1.2697214521839009,0.01
4357,168.50087128411946,18,1,0,0,1.3306936549921085,0.01
4358,123.21573572259058,9,1,0,0,1.3850907077865737,0.01
4359,187.0894941178779,22,1,0,0,1.4234680609531205,0.01
4360,100.0,1,1,0,0,1.3547641672364503,0.01
4361,-50.0,1,0,1,0,6.304342806876641,0.01
4362,130.9117749000803,10,1,0,0,1.492668335927649,0.01
4363,168.08335783997083,19,1,0,0,1.3451731658766501,0.01
4364,225.51660595927933,37,1,0,0,1.2813420513431448,0.01
4365,140.3348605542337,11,1,0,0,1.0559462509455508,0.01
4366,163.6242833468014,17,1,0,0,1.1296586754285798,0.01
4367,207.94210656854455,23,1,0,0,1.1158749385755093,0.01
4368,261.04820943876484,50,1,0,0,1.4080032996149807,0.01
4369,192.83263342377967,22,1,0,0,1.3646299974780933,0.01
4370,163.55066701332117,16,1,0,0,1.2025914019572397,0.01
4371,244.8812969250633,47,1,0,0,1.3133077059937777,0.01
4372,177.16125607552829,22,1,0,0,1.398859076180905,0.01
4373,153.37671435488693,14,1,0,0,1.326953300598929,0.01
4374,139.0002421399156,21,1,0,0,1.1488806398525733,0.01
4375,147.95439357233062,19,1,0,0,1.137430600688148,0.01
4376,166.286943139035,20,1,0,0,1.4878591940768309,0.01
4377,147.97233071520014,18,1,0,0,1.3522365952466808,0.01
4378,181.40794667890646,20,1,0,0,1.2725667838583257,0.01
4379,196.80528864745003,26,1,0,0,1.302834522887098,0.01
4380,138.16091886431664,14,1,0,0,1.0957875979105034,0.01
4381,173.06511217697994,23,1,0,0,1.15910373017824,0.01
4382,145.87159510369938,16,1,0,0,1.2301454746822902,0.01
4383,209.578932938371,24,1,0,0,1.4535851966628874,0.01
4384,135.43426628812563,10,1,0,0,1.4990084351061181,0.01
4385,193.50026061937055,28,1,0,0,1.1987535699005494,0.01
4386,172.40123866039892,26,1,0,0,1.3538423386548288,0.01
4387,168.63978854084954,20,1,0,0,1.2723915012562759,0.01
4388,144.8651666845903,18,1,0,0,1.4453444735358627,0.01
4389,151.27401806277302,20,1,0,0,1.497785612564732,0.01
4390,266.0768591724682,49,1,0,0,1.247719222145015,0.01
4391,154.99298123679148,24,1,0,0,1.4445133675144528,0.01
4392,139.27498786101023,10,1,0,0,1.0686041199555438,0.01
4393,191.83367387416678,26,1,0,0,1.1825039697091342,0.01
4394,101.49934666799295,9,1,0,0,1.1473194779273739,0.01
4395,185.89104221877545,22,1,0,0,1.2275558448253923,0.01
4396,182.83293309758352,23,1,0,0,1.2467821114822124,0.01
4397,178.80542562321457,21,1,0,0,1.3721375603804333,0.01
4398,140.7367371131246,18,1,0,0,1.2705720358805896,0.01
4399,200.52444892321193,33,1,0,0,1.491313846457354,0.01
4400,136.57249516794803,17,1,0,0,1.4899681521724668,0.01
4401,145.15189469910203,19,1,0,0,1.2803207940348764,0.01
4402,184.24824266105267,23,1,0,0,1.4716887378935959,0.01
4403,215.398783007975,32,1,0,0,1.2680154893623452,0.01
4404,154.05673726184912,17,1,0,0,1.352619381663697,0.01
4405,148.76025570813144,15,1,0,0,1.2410901747932779,0.01
4406,180.6125307698225,23,1,0,0,1.4842202087480596,0.01
4407,189.69256205716323,31,1,0,0,1.243190430653398,0.01
4408,174.2823500136305,23,1,0,0,1.327095103723665,0.01
4409,155.8337694430915,21,1,0,0,1.1918476234632707,0.01
4410,141.10242076529644,17,1,0,0,1.21937809252052,0.01
4411,198.0553464948769,32,1,0,0,1.3490872515765804,0.01
4412,226.9252920765383,42,1,0,0,1.4193726021576742,0.01
4413,185.17210076529534,23,1,0,0,1.4960563255574377,0.01
4414,155.08635927581992,16,1,0,0,1.230748965824085,0.01
4415,203.8929526522946,24,1,0,0,1.473723665600531,0.01
4416,-25.01716481139618,8,0,1,0,7.475974628504361,0.01
4417,114.56904487861827,7,1,0,0,1.3431307311058742,0.01
4418,170.5296976125698,21,1,0,0,1.391211867578005,0.01
4419,164.2552461197181,18,1,0,0,1.1123745558169347,0.01
4420,176.66640518013097,22,1,0,0,1.4501716148750454,0.01
4421,172.59430306038115,21,1,0,0,1.4861651380264727,0.01
4422,139.23252848169625,15,1,0,0,1.334086237090311,0.01
4423,198.43209229055714,33,1,0,0,1.3378389330690088,0.01
4424,169.32279674462887,22,1,0,0,1.4756126546344068,0.01
4425,152.67768105894595,17,1,0,0,1.2854363561171744,0.01
4426,178.67755285989762,30,1,0,0,1.3470145543193897,0.01
4427,209.88984175549407,29,1,0,0,1.1697820302629776,0.01
4428,137.47234210334798,12,1,0,0,1.1185150948601246,0.01
4429,107.13104681236238,5,1,0,0,1.4128270106336789,0.01
4430,183.83568094530338,24,1,0,0,1.371171115938278,0.01
4431,162.38056814361812,21,1,0,0,1.2497993101790739,0.01
4432,175.96317062729105,22,1,0,0,1.4704229299951688,0.01
4433,218.7879210523571,40,1,0,0,1.2457788797181588,0.01
4434,136.63897003111853,16,1,0,0,1.2104586396971222,0.01
4435,102.59477409285736,6,1,0,0,1.3234684444519398,0.01
4436,158.64518520379994,16,1,0,0,1.257044214472605,0.01
4437,113.6943603711061,6,1,0,0,1.2402734786086904,0.01
4438,160.34796720614847,14,1,0,0,1.485815855517521,0.01
4439,169.72683407407732,21,1,0,0,1.4964764667385606,0.01
4440,163.27900471286995,23,1,0,0,1.1538990058777678,0.01
4441,197.32203118899608,22,1,0,0,1.1459457585555521,0.01
4442,171.300045096867,25,1,0,0,1.4377832976485625,0.01
4443,136.0539086889603,9,1,0,0,1.448841260784967,0.01
4444,153.78058255369396,19,1,0,0,1.4517223457018666,0.01
4445,161.8390745542337,19,1,0,0,1.277953048681623,0.01
4446,174.41855962939752,23,1,0,0,1.222662776859467,0.01
4447,179.2813049629256,20,1,0,0,1.1512032365680698,0.01
4448,160.0459786439474,18,1,0,0,1.4658323724964362,0.01
4449,157.2045735978094,20,1,0,0,1.332029511924466,0.01
4450,158.60764279731768,18,1,0,0,1.3478497808599768,0.01
4451,198.0411087644939,28,1,0,0,1.4775371163398745,0.01
4452,151.4949145095792,19,1,0,0,1.3157584584646311,0.01
4453,172.59231922191077,19,1,0,0,1.3808183127989284,0.01
4454,152.39054719487763,17,1,0,0,1.4730506613735364,0.01
4455,156.26431972045103,15,1,0,0,1.329163094816806,0.01
4456,132.80001654599357,10,1,0,0,1.4578113573818423,0.01
4457,161.2663656095844,19,1,0,0,1.4272368685475747,0.01
4458,173.3711276424782,21,1,0,0,1.248294379607736,0.01
4459,90.87719127057268,44,1,0,0,1.4722935970796005,0.01
4460,192.5894499022184,23,1,0,0,1.1956572052269536,0.01
4461,165.96364527258635,21,1,0,0,1.2394816152720713,0.01
4462,212.69656674167263,38,1,0,0,1.1895337409937787,0.01
4463,210.72641047060108,30,1,0,0,1.4358171985967283,0.01
4464,171.02856570362275,23,1,0,0,1.3281930529995247,0.01
4465,196.47064412541687,29,1,0,0,1.4929267721234016,0.01
4466,148.88504445883095,25,1,0,0,1.420519032232527,0.01
4467,152.0172858643923,17,1,0,0,1.093952403664571,0.01
4468,138.75875380158288,10,1,0,0,1.1201157283098608,0.01
4469,147.080425663681,12,1,0,0,1.470177319680039,0.01
4470,165.34045538250916,19,1,0,0,1.3669556495885353,0.01
4471,123.37231547982816,12,1,0,0,1.3735704018051071,0.01
4472,137.75974864627332,14,1,0,0,1.2154296567739864,0.01
4473,156.00223761512441,13,1,0,0,1.1005882906931248,0.01
4474,141.7503600435207,12,1,0,0,1.47314242193264,0.01
4475,135.86874053544267,17,1,0,0,1.4936609310458167,0.01
4476,189.92255639397638,22,1,0,0,1.3158357463009476,0.01
4477,139.30145362327394,14,1,0,0,1.236420036145806,0.01
4478,139.9686103997375,15,1,0,0,1.2706770394765412,0.01
4479,211.86047819597405,26,1,0,0,1.4649682789705136,0.01
4480,175.39265262089583,23,1,0,0,1.3300037307403785,0.01
4481,171.344070791923,25,1,0,0,1.4210431586968766,0.01
4482,208.38935951781593,26,1,0,0,1.2014470610433785,0.01
4483,147.27116171405498,17,1,0,0,1.4749161706850922,0.01
4484,140.33385939875808,17,1,0,0,1.2684854000873782,0.01
4485,-50.0,1,0,1,0,7.24369770328815,0.01
4486,202.55680675919044,26,1,0,0,1.3890997297621503,0.01
4487,194.64070950688017,26,1,0,0,1.2529155169483532,0.01
4488,166.72262918523705,17,1,0,0,1.4881807378252339,0.01
4489,157.7501697271532,22,1,0,0,1.3710963956325541,0.01
4490,125.02116732013116,7,1,0,0,1.4337999125908765,0.01
4491,-50.0,1,0,1,0,3.200579563063693,0.01
4492,156.5007032504446,21,1,0,0,1.1752948495358662,0.01
4493,171.2203077827982,17,1,0,0,1.240504780442004,0.01
4494,192.414069130757,24,1,0,0,1.3018720620865782,0.01
4495,196.99537215079022,29,1,0,0,1.1620223203013798,0.01
4496,157.52149101997696,24,1,0,0,1.4562962705880154,0.01
4497,136.9002145967052,11,1,0,0,1.3823086688075135,0.01
4498,185.6207827151742,25,1,0,0,1.3030080174799745,0.01
4499,159.66450087078292,22,1,0,0,1.182006820547016,0.01
4500,165.6324940989253,26,1,0,0,1.4175998782490014,0.01
4501,195.10854551251055,25,1,0,0,1.3801634695724236,0.01
4502,217.7508938279386,36,1,0,0,1.459576030531173,0.01
4503,153.05427970968617,20,1,0,0,1.1909118795326223,0.01
4504,146.94647444373544,19,1,0,0,1.189987556897647,0.01
4505,118.17314969462201,11,1,0,0,1.4762940355888758,0.01
4506,135.18308845882163,20,1,0,0,1.3994024455082452,0.01
4507,190.6616243865734,22,1,0,0,1.3785436985083288,0.01
4508,143.44146045208964,17,1,0,0,1.4878428356055131,0.01
4509,190.6361033471108,21,1,0,0,1.2230070979023842,0.01
4510,201.7864828680493,28,1,0,0,1.396314811598676,0.01
4511,191.07805485385057,23,1,0,0,1.2991980364792524,0.01
4512,196.68938703921916,24,1,0,0,1.1926896251285068,0.01
4513,160.6103796822652,17,1,0,0,1.4888864928543804,0.01
4514,151.0835862460553,17,1,0,0,1.1597591597757702,0.01
4515,170.0687093133775,21,1,0,0,1.4188162929346717,0.01
4516,147.209321391225,21,1,0,0,1.4441045825408403,0.01
4517,149.17344621410592,12,1,0,0,1.2254773508631107,0.01
4518,179.91341919388418,24,1,0,0,1.3277254569235184,0.01
4519,144.3871445236466,12,1,0,0,1.0939914423909,0.01
4520,141.76026356312693,13,1,0,0,1.4151215155378751,0.01
4521,181.5004182124403,23,1,0,0,1.281730364547105,0.01
4522,184.83499394319134,21,1,0,0,1.100911327570392,0.01
4523,158.24612131324994,15,1,0,0,1.4412385869528102,0.01
4524,186.97948724472525,24,1,0,0,1.333938642948019,0.01
4525,178.49065428063466,25,1,0,0,1.2390017772203854,0.01
4526,246.75797868398467,47,1,0,0,1.4510976712843382,0.01
4527,152.4914234149574,20,1,0,0,1.4540918638573208,0.01
4528,153.42661036025467,18,1,0,0,1.2454531447959074,0.01
4529,160.52586024729337,16,1,0,0,1.342974369909043,0.01
4530,187.57659550516559,24,1,0,0,1.4888031375306343,0.01
4531,-50.0,1,0,1,0,7.922197992982207,0.01
4532,190.45993371656897,26,1,0,0,1.40144569411208,0.01
4533,169.3478955279133,21,1,0,0,1.2129684973456178,0.01
4534,-50.0,1,0,1,0,6.513588865362494,0.01
4535,176.00206903872328,23,1,0,0,1.2897986590618837,0.01
4536,160.59304635633632,23,1,0,0,1.2766268213172107,0.01
4537,133.47291111007942,9,1,0,0,1.3306334972008909,0.01
4538,172.02424753493932,24,1,0,0,1.3084399186132112,0.01
4539,166.06054542432753,20,1,0,0,1.4672035829215961,0.01
4540,187.19084804233512,29,1,0,0,1.419204609564748,0.01
4541,206.46732910536443,31,1,0,0,1.4798781338659284,0.01
4542,143.29455599508879,16,1,0,0,1.349788019418901,0.01
4543,205.60521999122938,30,1,0,0,1.244810032314167,0.01
4544,174.23675794340156,21,1,0,0,1.2473734066126592,0.01
4545,-50.0,1,0,1,0,4.799618001853548,0.01
4546,179.58250758555772,23,1,0,0,1.3061033256616517,0.01
4547,227.9846321813653,35,1,0,0,1.2034190770852162,0.01
4548,152.3612632931671,18,1,0,0,1.2995227793062198,0.01
4549,100.0,1,1,0,0,0.7009304979856532,0.01
4550,131.64224886595755,9,1,0,0,1.1486405445149959,0.01
4551,159.933095662195,19,1,0,0,1.228162033736588,0.01
4552,206.78568298451717,28,1,0,0,1.407828958006105,0.01
4553,231.6765988223424,39,1,0,0,1.4908684978343927,0.01
4554,147.0063894841438,18,1,0,0,1.31300035454316,0.01
4555,169.12182421141765,23,1,0,0,1.3815116662858993,0.01
4556,197.83760044777767,25,1,0,0,1.3440166676829133,0.01
4557,154.01366320918822,18,1,0,0,1.491359522842982,0.01
4558,152.78578106074565,19,1,0,0,1.2078947071222135,0.01
4559,195.9888028155318,23,1,0,0,1.434893943993636,0.01
4560,130.92958995507652,12,1,0,0,1.3753100948323413,0.01
4561,170.95217584274764,25,1,0,0,1.3700039910374646,0.01
4562,180.79015881076367,22,1,0,0,1.3387258538536508,0.01
4563,169.79038497442758,20,1,0,0,1.373825224382942,0.01
4564,151.23228480891362,14,1,0,0,1.479501925583944,0.01
4565,223.85941263505168,38,1,0,0,1.3286908891164682,0.01
4566,149.36245350807908,18,1,0,0,1.4437679787001163,0.01
4567,184.68442937936678,20,1,0,0,1.2963682812759745,0.01
4568,177.88639105018768,22,1,0,0,1.2395615622566667,0.01
4569,198.25068565868935,32,1,0,0,1.4909711460952724,0.01
4570,170.32485583148556,16,1,0,0,1.1724766975038494,0.01
4571,270.94984645453553,56,1,0,0,1.315226660110396,0.01
4572,132.64488931027705,19,1,0,0,1.1222980011693173,0.01
4573,228.951631194081,32,1,0,0,1.4026981629103206,0.01
4574,185.83398881399484,23,1,0,0,1.4517314666979118,0.01
4575,197.69391268954735,25,1,0,0,1.2751339988122812,0.01
4576,160.56049017662076,19,1,0,0,1.4407730000500936,0.01
4577,159.7489825561619,21,1,0,0,1.4399791170622316,0.01
4578,155.49065925860268,15,1,0,0,1.482047858248394,0.01
4579,146.6836849806496,18,1,0,0,1.3589362604852004,0.01
4580,156.5866848951893,18,1,0,0,1.2041748598270694,0.01
4581,162.15198067302742,17,1,0,0,1.3543545402599089,0.01
4582,139.76577204413596,13,1,0,0,1.2431026411156314,0.01
4583,169.58042654549462,21,1,0,0,1.1234355066626125,0.01
4584,-50.0,1,0,1,0,6.67709068044533,0.01
4585,124.85640892399738,8,1,0,0,1.3347329571810491,0.01
4586,144.04735057992622,16,1,0,0,1.305594440870867,0.01
4587,148.1995669135563,19,1,0,0,1.133375106706816,0.01
4588,184.47035228147985,23,1,0,0,1.4982164734780576,0.01
4589,171.73396533944774,19,1,0,0,1.155390457189083,0.01
4590,185.02556283081776,23,1,0,0,1.1768992984615643,0.01
4591,154.96390046289645,18,1,0,0,1.3125951650521097,0.01
4592,124.98286230781089,10,1,0,0,1.425044935987495,0.01
4593,166.95645337797419,20,1,0,0,1.290135763188799,0.01
4594,151.4241188135511,16,1,0,0,1.2731822642445405,0.01
4595,164.8566666197629,23,1,0,0,1.3621493666933877,0.01
4596,162.07302730730558,21,1,0,0,1.2539877077904953,0.01
4597,153.5146061691741,21,1,0,0,1.4704248885805116,0.01
4598,143.67504207823717,17,1,0,0,1.4120193010401862,0.01
4599,155.03364180219768,18,1,0,0,1.345953158207858,0.01
4600,201.78367241184253,26,1,0,0,1.3303457213611065,0.01
4601,-50.0,1,0,1,0,4.273323170776116,0.01
4602,221.50966243453007,40,1,0,0,1.4424023647269477,0.01
4603,164.15974899939917,24,1,0,0,1.1724289970078567,0.01
4604,165.3495170892976,19,1,0,0,1.2334921614345162,0.01
4605,220.63405434795538,39,1,0,0,1.3851556013482527,0.01
4606,212.74546402737224,35,1,0,0,1.293448077251497,0.01
4607,141.86206260166335,16,1,0,0,1.386648591436113,0.01
4608,176.49224656374804,20,1,0,0,1.3531643975569663,0.01
4609,118.19738316209215,10,1,0,0,1.3014425065230473,0.01
4610,187.48488683721877,22,1,0,0,1.2157304251567786,0.01
4611,164.49533149236785,19,1,0,0,1.4031358467282375,0.01
4612,172.64605498212114,24,1,0,0,1.3702411379523607,0.01
4613,179.44303901200564,22,1,0,0,1.3488665703126113,0.01
4614,180.2382174329326,21,1,0,0,1.3152370293644622,0.01
4615,182.1768587047054,25,1,0,0,1.3714738091019472,0.01
4616,228.94203688228652,40,1,0,0,1.4833309433588533,0.01
4617,174.74543084422695,20,1,0,0,1.3354678515747944,0.01
4618,175.30975442303105,21,1,0,0,1.4850252794028191,0.01
4619,178.08443605249016,22,1,0,0,1.3964330464569397,0.01
4620,176.47635034334215,21,1,0,0,1.4981445187906044,0.01
4621,101.41844014974093,2,1,0,0,1.386564384961026,0.01
4622,209.63038681294887,35,1,0,0,1.235780131270159,0.01
4623,129.22917700736045,11,1,0,0,1.4649449467068296,0.01
4624,234.01762139722592,45,1,0,0,1.4052473746484928,0.01
4625,199.56086103650514,34,1,0,0,1.4151786544134586,0.01
4626,188.3937440038581,23,1,0,0,1.3169229350453284,0.01
4627,208.99439652355306,32,1,0,0,1.2322279432610954,0.01
4628,145.3068121220415,20,1,0,0,1.3656161046419886,0.01
4629,138.4572479613497,20,1,0,0,1.4877072916526861,0.01
4630,163.3900824591296,19,1,0,0,1.4723653792863516,0.01
4631,195.29699168684013,27,1,0,0,1.2818924892739372,0.01
4632,111.86260994601649,4,1,0,0,1.3907026136071685,0.01
4633,147.73485799735982,15,1,0,0,1.1241293659258906,0.01
4634,196.65517351108053,28,1,0,0,1.1835025003447577,0.01
4635,125.20633003680842,11,1,0,0,1.4741960610709808,0.01
4636,197.29961188872335,26,1,0,0,1.2789107701676612,0.01
4637,165.11333572162204,21,1,0,0,1.3425858330440217,0.01
4638,208.45547423970214,29,1,0,0,1.3858644725293459,0.01
4639,168.78740655995935,18,1,0,0,1.1847898340520997,0.01
4640,115.0160641796863,5,1,0,0,1.3552590643773177,0.01
4641,144.60490295311382,12,1,0,0,1.2689100017803332,0.01
4642,125.72494801763634,10,1,0,0,1.23606598713199,0.01
4643,193.2304476935061,24,1,0,0,1.207865406270608,0.01
4644,172.10063981961306,21,1,0,0,1.3315914388759036,0.01
4645,171.72099496917264,20,1,0,0,1.3543462073749077,0.01
4646,243.00142641238256,44,1,0,0,1.4171505828696433,0.01
4647,202.22410940773125,23,1,0,0,1.3547518990853826,0.01
4648,140.3682386131985,20,1,0,0,1.2643891027929697,0.01
4649,128.3418858104713,10,1,0,0,1.4447534551400758,0.01
4650,156.0622190669769,17,1,0,0,1.4422699092860507,0.01
4651,142.05738981478783,15,1,0,0,1.3741451187215614,0.01
4652,194.51922924140814,30,1,0,0,1.453780255147986,0.01
4653,151.7624951900304,19,1,0,0,1.2721371224050764,0.01
4654,182.99810204415343,23,1,0,0,1.3932897607770733,0.01
4655,160.64725522376358,20,1,0,0,1.4596764001458087,0.01
4656,190.64623407177208,23,1,0,0,1.3126227034859492,0.01
4657,214.32017452687785,33,1,0,0,1.2848074520819428,0.01
4658,222.01745284241903,38,1,0,0,1.4484798976729183,0.01
4659,119.31259716688268,6,1,0,0,1.451793796151885,0.01
4660,178.06625447871426,20,1,0,0,1.2437327302435102,0.01
4661,192.38729400706382,26,1,0,0,1.4098572340739686,0.01
4662,145.137137340323,16,1,0,0,1.2390896292608424,0.01
4663,141.70082567752843,11,1,0,0,1.4790132069983983,0.01
4664,194.62603339378452,24,1,0,0,1.2461503576121054,0.01
4665,165.70320919029547,18,1,0,0,1.425591741231945,0.01
4666,197.61366749349014,24,1,0,0,1.2136117898171375,0.01
4667,148.8997595187329,13,1,0,0,1.2027974005601594,0.01
4668,192.99594798367832,24,1,0,0,1.2239522906375384,0.01
4669,131.41713684527042,9,1,0,0,1.288802327620427,0.01
4670,165.67356606080864,19,1,0,0,1.120425095561453,0.01
4671,208.28819709652456,33,1,0,0,1.4660440739213703,0.01
4672,131.54328701666356,11,1,0,0,1.2966444854494572,0.01
4673,185.44363177489925,24,1,0,0,1.389459103498772,0.01
4674,155.00282472581034,21,1,0,0,1.2555464519952737,0.01
4675,245.1044899741888,48,1,0,0,1.4097276630727413,0.01
4676,5.161779000625856,200,0,0,1,2.4377739189408345,0.01
4677,133.98022573310894,11,1,0,0,1.4450699565681553,0.01
4678,160.65239327583157,22,1,0,0,1.4594553845972502,0.01
4679,166.06020830043897,16,1,0,0,1.3346783172009964,0.01
4680,222.60196373441926,41,1,0,0,1.349829523581721,0.01
4681,163.22766120950487,21,1,0,0,1.4021856540897362,0.01
4682,213.68776066770823,38,1,0,0,1.3662359987600807,0.01
4683,204.2494336114027,27,1,0,0,1.4618530447239104,0.01
4684,173.8810636229971,20,1,0,0,1.4095207023486647,0.01
4685,154.21608235926394,14,1,0,0,1.3727641658459218,0.01
4686,248.79310741262108,42,1,0,0,1.2201064583505943,0.01
4687,227.92907397506326,45,1,0,0,1.303081287370333,0.01
4688,187.34821714332594,21,1,0,0,1.4265658281373474,0.01
4689,126.40791180688994,9,1,0,0,1.3585231560956414,0.01
4690,180.81482249030034,23,1,0,0,1.1989690074030603,0.01
4691,159.10285139747072,18,1,0,0,1.2745568018372087,0.01
4692,112.20666535013902,7,1,0,0,1.222340085555982,0.01
4693,133.8846782201767,14,1,0,0,1.293854322507543,0.01
4694,157.6306268503239,23,1,0,0,1.4170555096205355,0.01
4695,146.63673711626583,15,1,0,0,1.4873900962253235,0.01
4696,165.3842712644474,20,1,0,0,1.3549251701023104,0.01
4697,147.379292379672,13,1,0,0,1.0485468422898114,0.01
4698,166.37470917351385,20,1,0,0,1.2962326764758907,0.01
4699,178.99975570686195,22,1,0,0,1.42709930293317,0.01
4700,150.4786069528375,17,1,0,0,1.2699172034810695,0.01
4701,173.8838453362364,26,1,0,0,1.282372351744964,0.01
4702,158.10658791718384,18,1,0,0,1.4235156382355025,0.01
4703,174.4201650629172,19,1,0,0,1.1844902448117585,0.01
4704,202.32831367405487,28,1,0,0,1.253485858340573,0.01
4705,169.43488611856657,20,1,0,0,1.2902633321957961,0.01
4706,163.5363209312453,22,1,0,0,1.139456261303403,0.01
4707,161.50535477289898,21,1,0,0,1.34940268982471,0.01
4708,148.24672189461393,23,1,0,0,1.2718764346288844,0.01
4709,174.50113736169283,19,1,0,0,1.4941651454634959,0.01
4710,180.0619440068231,29,1,0,0,1.2837750780482982,0.01
4711,164.3431369989779,24,1,0,0,1.4306890583038236,0.01
4712,170.50794053354835,19,1,0,0,1.293657433760373,0.01
4713,137.94780474385837,11,1,0,0,1.4153501074613082,0.01
4714,154.78236220661339,19,1,0,0,1.4066204756122451,0.01
4715,185.28187777355924,31,1,0,0,1.0290460734406293,0.01
4716,209.57377394192915,29,1,0,0,1.38277228996176,0.01
4717,183.9928509055889,18,1,0,0,1.1271015794507264,0.01
4718,144.9276309196412,17,1,0,0,1.465272910687625,0.01
4719,166.94098768909365,19,1,0,0,1.3395637435346444,0.01
4720,190.23751092716162,31,1,0,0,1.434916102207361,0.01
4721,165.41040330432992,18,1,0,0,1.4804979019130475,0.01
4722,170.2429682595419,19,1,0,0,1.1652656000319483,0.01
4723,151.9407384439255,15,1,0,0,1.3407632344095213,0.01
4724,167.95382706933046,21,1,0,0,1.4648147409234469,0.01
4725,216.63970638220258,34,1,0,0,1.2515649481051359,0.01
4726,185.08941001926598,22,1,0,0,1.4537322249475888,0.01
4727,186.65393847653684,24,1,0,0,1.3335465625542793,0.01
4728,139.07800448323852,18,1,0,0,1.2676330819566524,0.01
4729,121.48143304250331,10,1,0,0,1.4441059567657273,0.01
4730,199.6587424201108,27,1,0,0,1.2507461822733534,0.01
4731,228.42422031980675,38,1,0,0,1.2534663082738144,0.01
4732,146.8578463791185,13,1,0,0,1.2014338702956122,0.01
4733,198.93331818077763,25,1,0,0,1.4617531642063948,0.01
4734,158.65762223538405,15,1,0,0,1.1334624509096465,0.01
4735,125.8058757452809,8,1,0,0,1.221073702922843,0.01
4736,187.54490003845046,22,1,0,0,1.2822177173810936,0.01
4737,150.55050843400977,16,1,0,0,1.3528824919177929,0.01
4738,179.17328058432423,22,1,0,0,1.4885140141990214,0.01
4739,168.02195623367254,20,1,0,0,1.4855771226200254,0.01
4740,144.40078589400008,17,1,0,0,1.1839583231042141,0.01
4741,143.73855911872892,13,1,0,0,1.3582214252052214,0.01
4742,170.801918935377,20,1,0,0,1.1962424075101197,0.01
4743,128.5639135461435,11,1,0,0,1.451287226786577,0.01
4744,192.5681848068859,25,1,0,0,1.3431707845876801,0.01
4745,177.2155180676498,22,1,0,0,1.2172756223603611,0.01
4746,172.11008197006896,24,1,0,0,1.223041107582017,0.01
4747,163.771468275403,21,1,0,0,1.4344299652616512,0.01
4748,149.31014028224257,16,1,0,0,1.4904494183862471,0.01
4749,188.43130983812256,25,1,0,0,1.3401652414417458,0.01
4750,197.89708085334712,26,1,0,0,1.4939203183305543,0.01
4751,174.27086162224612,21,1,0,0,1.359689699004651,0.01
4752,138.8736025493669,9,1,0,0,1.125938040069136,0.01
4753,163.25011832289212,23,1,0,0,1.2168255716748535,0.01
4754,179.48447606179252,22,1,0,0,1.2918900939339515,0.01
4755,172.3887324806684,21,1,0,0,1.2018803727559477,0.01
4756,-50.0,1,0,1,0,5.730832845922844,0.01
4757,146.60399295591353,15,1,0,0,1.2489096696058628,0.01
4758,173.39749707457054,16,1,0,0,1.3313696379600117,0.01
4759,229.8008369714619,32,1,0,0,1.2861146937824637,0.01
4760,204.39481602031674,34,1,0,0,1.272041434425901,0.01
4761,147.55861910250496,14,1,0,0,1.2914874799690848,0.01
4762,176.34021316779138,26,1,0,0,1.4568229801715393,0.01
4763,206.9803049026001,26,1,0,0,1.3343220146578438,0.01
4764,154.32493106467257,15,1,0,0,1.2774375750338245,0.01
4765,157.58326445207325,19,1,0,0,1.4857417626840668,0.01
4766,183.55899479588408,24,1,0,0,1.366255128113464,0.01
4767,152.9027957648513,16,1,0,0,1.3855247768558778,0.01
4768,164.83585540667298,21,1,0,0,1.3131850705427777,0.01
4769,-50.0,1,0,1,0,6.54857867212357,0.01
4770,179.6916266039982,26,1,0,0,1.2994265960391835,0.01
4771,258.6036003228324,50,1,0,0,1.2632082136643472,0.01
4772,197.34491562442528,25,1,0,0,1.3128483218583156,0.01
4773,259.15330479391355,51,1,0,0,1.4302356087453376,0.01
4774,183.64817378670318,22,1,0,0,1.4018842648530052,0.01
4775,155.42852766924653,20,1,0,0,1.246927410013972,0.01
4776,204.60054568552636,25,1,0,0,1.465042903432652,0.01
4777,155.88578914773925,15,1,0,0,1.407660737887568,0.01
4778,166.80029510059313,18,1,0,0,1.339291394828869,0.01
4779,148.5222374986874,14,1,0,0,1.4810592249652508,0.01
4780,230.90451366451228,38,1,0,0,1.3028618192281234,0.01
4781,150.34577960521685,19,1,0,0,1.2704898685247503,0.01
4782,157.67487677054302,17,1,0,0,1.269900941558891,0.01
4783,173.8330667330882,19,1,0,0,1.1793122117485482,0.01
4784,198.86540248744953,28,1,0,0,1.484080500818532,0.01
4785,153.70046764626062,20,1,0,0,1.2592428416456611,0.01
4786,193.23364259839042,31,1,0,0,1.4805907706796317,0.01
4787,174.281620945874,25,1,0,0,1.2237891200202076,0.01
4788,169.58410502357225,23,1,0,0,1.2246421095229376,0.01
4789,179.5796832286798,22,1,0,0,1.2673349152225233,0.01
4790,175.46072366786427,23,1,0,0,1.4331695069593506,0.01
4791,154.86254905005268,20,1,0,0,1.3962703711467963,0.01
4792,153.63514743125043,13,1,0,0,1.3324324272350982,0.01
4793,154.7420829383678,17,1,0,0,1.2732631947892745,0.01
4794,141.61818051135003,16,1,0,0,1.402225969775744,0.01
4795,-50.0,1,0,1,0,3.5582849860859094,0.01
4796,149.94284169080595,15,1,0,0,1.3228924053567328,0.01
4797,202.18754768166423,29,1,0,0,1.1419383400504706,0.01
4798,151.89626817755072,17,1,0,0,1.1963285110024446,0.01
4799,117.35323142496316,8,1,0,0,1.4511847734216328,0.01
4800,153.55693719827883,14,1,0,0,1.3969271290765475,0.01
4801,132.40201916349577,13,1,0,0,1.2815935853480949,0.01
4802,166.6219900666912,22,1,0,0,1.3039725052888598,0.01
4803,127.19892145589435,11,1,0,0,1.454644575472794,0.01
4804,168.48362839102631,21,1,0,0,1.4461015001322974,0.01
4805,97.37301944068055,154,1,0,0,1.4647444209616307,0.01
4806,180.3673556962121,24,1,0,0,1.4189481351954318,0.01
4807,189.51184897421086,28,1,0,0,1.4296182566041171,0.01
4808,167.7075934101564,19,1,0,0,1.203159378306013,0.01
4809,238.38609457126933,48,1,0,0,1.338592160831297,0.01
4810,171.203164745511,18,1,0,0,1.1873233381706754,0.01
4811,137.22175529568145,25,1,0,0,1.335890579603421,0.01
4812,148.59112238492307,18,1,0,0,1.3113503810722558,0.01
4813,168.41823331523804,23,1,0,0,1.146431863747188,0.01
4814,179.56221212493404,22,1,0,0,1.4848468335487515,0.01
4815,207.1109710963908,23,1,0,0,1.4488349325235224,0.01
4816,162.72328708648192,15,1,0,0,1.2688296406983706,0.01
4817,136.94854304415495,9,1,0,0,1.3298693546746996,0.01
4818,168.21383898250184,15,1,0,0,1.1684515016505994,0.01
4819,148.34885009589237,21,1,0,0,1.0985227891551568,0.01
4820,154.1248364741786,22,1,0,0,1.4034308131625994,0.01
4821,117.88252540854121,7,1,0,0,1.498668300588088,0.01
4822,140.39496861007717,14,1,0,0,1.442179075969165,0.01
4823,167.25297155209216,23,1,0,0,1.156351867938339,0.01
4824,149.0233092963072,13,1,0,0,1.2487354427534376,0.01
4825,187.99894321286197,28,1,0,0,1.3843183670900516,0.01
4826,131.8797002795812,19,1,0,0,1.1348805713203565,0.01
4827,160.7027009344003,20,1,0,0,1.1451763177804666,0.01
4828,187.76647065391086,26,1,0,0,1.142811292888942,0.01
4829,168.71129040473778,22,1,0,0,1.332977669174972,0.01
4830,179.59855671516917,32,1,0,0,1.4939821376239804,0.01
4831,124.3220479966717,10,1,0,0,1.4444060758904094,0.01
4832,167.93708981505227,18,1,0,0,1.2666194132275044,0.01
4833,132.6488506047709,14,1,0,0,1.442394552456945,0.01
4834,125.83872723298168,15,1,0,0,1.3488028842663864,0.01
4835,180.5369834153661,27,1,0,0,1.3157353224196877,0.01
4836,159.88059655647317,19,1,0,0,1.1994473303109934,0.01
4837,162.82335848623538,18,1,0,0,1.4602436546854007,0.01
4838,165.0101035640535,22,1,0,0,1.3128101196961701,0.01
4839,156.03986888319315,20,1,0,0,1.4233078313493421,0.01
4840,226.45295447802238,37,1,0,0,1.4934558559172795,0.01
4841,158.4994386696456,19,1,0,0,1.3370543667628982,0.01
4842,167.44764969552912,19,1,0,0,1.2276733463355298,0.01
4843,180.12998302755307,17,1,0,0,1.3222146713306877,0.01
4844,-51.43914542373364,3,0,1,0,3.4778981534489746,0.01
4845,173.5401477667506,19,1,0,0,1.1756081054134968,0.01
4846,185.766665233123,24,1,0,0,1.3571129907478259,0.01
4847,122.53515004691076,43,1,0,0,1.4752008051436865,0.01
4848,171.18781213326577,24,1,0,0,1.404473905521632,0.01
4849,157.85952657566315,21,1,0,0,1.1303367233409147,0.01
4850,199.3493639465096,25,1,0,0,1.4123483124238367,0.01
4851,129.33603060331234,10,1,0,0,1.355830846085197,0.01
4852,189.2090072544383,21,1,0,0,1.264881104708218,0.01
4853,100.0,1,1,0,0,0.7686700867621847,0.01
4854,169.91136468871065,21,1,0,0,1.3599201642330376,0.01
4855,158.45497609823178,20,1,0,0,1.3502365134285417,0.01
4856,157.814430345203,23,1,0,0,1.2331926514127851,0.01
4857,-50.0,1,0,1,0,3.610125024043067,0.01
4858,162.6611001144028,21,1,0,0,1.4687321814021506,0.01
4859,189.12169340439573,27,1,0,0,1.3927206267028271,0.01
4860,232.4372124641856,46,1,0,0,1.2681767636935797,0.01
4861,112.48995696662226,10,1,0,0,1.475423612517743,0.01
4862,182.86976942754433,23,1,0,0,1.162613704162718,0.01
4863,154.40045656892104,16,1,0,0,1.3591783253865741,0.01
4864,250.02558668395247,50,1,0,0,1.3375582922867932,0.01
4865,208.63715186754877,37,1,0,0,1.3767434783444112,0.01
4866,151.13931472998274,18,1,0,0,1.352101660317634,0.01
4867,199.660706723021,26,1,0,0,1.3894914321193848,0.01
4868,211.2402259237411,33,1,0,0,1.4972769978981657,0.01
4869,182.2866089917379,27,1,0,0,1.4111696343929716,0.01
4870,183.02365531217475,19,1,0,0,1.4417169124570026,0.01
4871,138.06320373921915,12,1,0,0,1.2829759707719774,0.01
4872,177.76240822422488,22,1,0,0,1.166669105599393,0.01
4873,167.52333003573565,20,1,0,0,1.4361128274198174,0.01
4874,173.31175846895658,25,1,0,0,1.2272263016627667,0.01
4875,163.95688574636665,16,1,0,0,1.3706155810559166,0.01
4876,179.08588393043433,20,1,0,0,1.284878713495539,0.01
4877,172.60505773065833,28,1,0,0,1.29214355280887,0.01
4878,182.46767713749824,23,1,0,0,1.0684222303941702,0.01
4879,172.5974104047134,22,1,0,0,1.231549014086303,0.01
4880,152.46653879587055,13,1,0,0,1.3997513145838252,0.01
4881,-50.0,1,0,1,0,9.38829023786866,0.01
4882,166.00744105264576,25,1,0,0,1.476502127466232,0.01
4883,169.89330465028263,22,1,0,0,1.4188686078595336,0.01
4884,140.091055991264,14,1,0,0,1.145092279159137,0.01
4885,166.2653943444749,20,1,0,0,1.378733135761622,0.01
4886,267.7090820768967,49,1,0,0,1.4910748522723416,0.01
4887,233.09693334212307,45,1,0,0,1.3559307716838709,0.01
4888,188.83980054907641,21,1,0,0,1.2211517709956952,0.01
4889,178.92316013219835,22,1,0,0,1.3383205621125422,0.01
4890,164.47405444484642,20,1,0,0,1.4943285927001198,0.01
4891,240.33629813420134,43,1,0,0,1.4007045909058922,0.01
4892,165.62548243461043,17,1,0,0,1.4134000404301306,0.01
4893,144.56426567156336,17,1,0,0,1.271260180891995,0.01
4894,166.71498701087273,19,1,0,0,1.240859793960559,0.01
4895,134.30157149684132,13,1,0,0,1.4650972860303237,0.01
4896,177.21705260062663,20,1,0,0,1.4814564804132218,0.01
4897,148.38207838962504,15,1,0,0,1.2541879656958628,0.01
4898,166.28078668328618,22,1,0,0,1.3236410289402707,0.01
4899,169.25133773551772,28,1,0,0,1.3363995299679419,0.01
4900,146.52304853278483,14,1,0,0,1.4574601954711888,0.01
4901,154.87195760945582,19,1,0,0,1.4980543079580824,0.01
4902,120.31283998605531,29,1,0,0,1.239491530031321,0.01
4903,179.55426682805364,26,1,0,0,1.3654876048422286,0.01
4904,175.0192129955472,24,1,0,0,1.3246061050660398,0.01
4905,187.41659649487946,24,1,0,0,1.4063071826430804,0.01
4906,185.02736591492015,23,1,0,0,1.31142462826965,0.01
4907,138.70463585212215,14,1,0,0,1.3132052204837528,0.01
4908,143.25378792899107,17,1,0,0,1.4701925713239758,0.01
4909,201.02991775162258,23,1,0,0,1.2228382357615597,0.01
4910,170.45717441984152,17,1,0,0,1.4105076061618613,0.01
4911,170.80584122465518,22,1,0,0,1.2309774356543781,0.01
4912,232.2006602848279,42,1,0,0,1.426392654542058,0.01
4913,144.75791219035446,16,1,0,0,1.4542251230287926,0.01
4914,202.1172699458358,24,1,0,0,1.0864042011458332,0.01
4915,170.21839999912942,21,1,0,0,1.4319445497836438,0.01
4916,206.29547869483827,30,1,0,0,1.4328532216717194,0.01
4917,189.61180613190533,25,1,0,0,1.4440189209568448,0.01
4918,181.3070133830507,28,1,0,0,1.3452395059348137,0.01
4919,174.78741175194602,27,1,0,0,1.2802573815038267,0.01
4920,172.6346893231083,18,1,0,0,1.1835181697413795,0.01
4921,132.2412932247061,15,1,0,0,1.1270705099410416,0.01
4922,144.4787119471603,17,1,0,0,1.2590194088913536,0.01
4923,131.83679630421082,8,1,0,0,1.3084655376318857,0.01
4924,187.11512301860827,22,1,0,0,1.145363314321929,0.01
4925,140.9036568915658,18,1,0,0,1.3789787951317356,0.01
4926,169.97322936762345,19,1,0,0,1.40332214755797,0.01
4927,228.78374349236367,40,1,0,0,1.2472438933637235,0.01
4928,170.05523586956355,27,1,0,0,1.2994357176567592,0.01
4929,162.58984035086803,18,1,0,0,1.481052159165788,0.01
4930,161.8464805111145,22,1,0,0,1.4968258653956896,0.01
4931,188.22180640827645,21,1,0,0,1.4171342961135667,0.01
4932,115.8196985529713,9,1,0,0,1.428555606505298,0.01
4933,189.65493836786285,21,1,0,0,1.2868448296817925,0.01
4934,154.77352323870096,23,1,0,0,1.4179402505354917,0.01
4935,176.39386855084996,22,1,0,0,1.3137392492746245,0.01
4936,154.35274519569683,17,1,0,0,1.4883547140328113,0.01
4937,179.702544960446,23,1,0,0,1.446996660663357,0.01
4938,156.54077625855695,16,1,0,0,1.40016499693232,0.01
4939,189.1954590319117,25,1,0,0,1.3806797261404806,0.01
4940,245.71203983080417,40,1,0,0,1.232389159582499,0.01
4941,177.3243362438941,19,1,0,0,1.42598843963836,0.01
4942,180.65444460239226,22,1,0,0,1.2138891751917829,0.01
4943,175.58494652499064,21,1,0,0,1.2224427615842965,0.01
4944,170.4266450880146,20,1,0,0,1.2960717303581162,0.01
4945,163.7396604364586,24,1,0,0,1.3773929877130953,0.01
4946,129.92487461055947,11,1,0,0,1.3763066418291647,0.01
4947,120.10832678800033,10,1,0,0,1.129562248715847,0.01
4948,145.6131279904734,16,1,0,0,1.3132187255510583,0.01
4949,175.91260178098395,20,1,0,0,1.4449480610574854,0.01
4950,133.42856523462294,9,1,0,0,1.0458543741683466,0.01
4951,124.14991625628944,13,1,0,0,1.2196035301603716,0.01
4952,118.33621054130998,9,1,0,0,1.366596254183863,0.01
4953,198.54813817450122,23,1,0,0,1.2053560911235135,0.01
4954,151.63960035208623,16,1,0,0,1.4047734373020409,0.01
4955,179.93758999503524,22,1,0,0,1.138021992900182,0.01
4956,156.28637465913565,20,1,0,0,1.3991164455843836,0.01
4957,165.07585302918434,21,1,0,0,1.4868446090062257,0.01
4958,205.60322522431096,32,1,0,0,1.342537370012668,0.01
4959,159.8165350399492,17,1,0,0,1.3003816542095066,0.01
4960,176.845974663213,22,1,0,0,1.4286399321227157,0.01
4961,178.40364999640246,18,1,0,0,1.4263751079440483,0.01
4962,124.42516188308261,8,1,0,0,1.3702740310421437,0.01
4963,176.01941647896032,22,1,0,0,1.4605881979995285,0.01
4964,214.36037679666697,36,1,0,0,1.4178485016284224,0.01
4965,183.2699485812269,25,1,0,0,1.3588682197743467,0.01
4966,153.42831402358073,15,1,0,0,1.2739544194431835,0.01
4967,125.0114465608668,13,1,0,0,1.2757090703553442,0.01
4968,166.14145396463084,21,1,0,0,1.3428608981316026,0.01
4969,228.56911720946064,39,1,0,0,1.2034999526979555,0.01
4970,149.61391496881208,14,1,0,0,1.2150715935679213,0.01
4971,156.83586501129605,16,1,0,0,1.24004139881405,0.01
4972,166.10193097986985,22,1,0,0,1.4826343024399136,0.01
4973,161.88932817527515,19,1,0,0,1.4787233626783596,0.01
4974,156.95434707492555,19,1,0,0,1.4897661601093715,0.01
4975,126.03371591173837,44,1,0,0,1.2717193396763715,0.01
4976,215.0660234253686,29,1,0,0,1.1672000903263915,0.01
4977,147.79799015358424,15,1,0,0,1.4551823493526488,0.01
4978,132.5076940084938,11,1,0,0,1.2646578482534656,0.01
4979,-50.0,1,0,1,0,6.905029834445908,0.01
4980,215.8673841353928,33,1,0,0,1.2261085809204226,0.01
4981,157.1452243209208,22,1,0,0,1.2229706262701847,0.01
4982,190.95181230104794,24,1,0,0,1.4731451756555853,0.01
4983,105.07657780578444,2,1,0,0,1.3922095897623605,0.01
4984,182.99849351375673,23,1,0,0,1.4243927872908981,0.01
4985,173.27264778411146,17,1,0,0,1.2664714146123333,0.01
4986,152.41582533944012,13,1,0,0,1.2185648846757033,0.01
4987,183.43316209677755,22,1,0,0,1.3665157297720778,0.01
4988,174.66940407642392,21,1,0,0,1.3154389736917724,0.01
4989,149.941521193879,17,1,0,0,1.355365935674583,0.01
4990,100.0,1,1,0,0,0.6273488946806457,0.01
4991,-50.0,1,0,1,0,5.3387634929385674,0.01
4992,129.35294906273546,11,1,0,0,1.3686443542399116,0.01
4993,175.2678637790401,22,1,0,0,1.3681959366326248,0.01
4994,193.38603000597027,26,1,0,0,1.3315929906498687,0.01
4995,175.29459806339742,25,1,0,0,1.2632237337471104,0.01
4996,131.08761312023435,14,1,0,0,1.2781150807862838,0.01
4997,144.75543384012502,24,1,0,0,1.4536383562287687,0.01
4998,192.02355611532386,23,1,0,0,1.4463657498508122,0.01
4999,159.96532196776428,16,1,0,0,1.439775443712593,0.01
